time,q1,q2,q3,q4,q5,q6
1780319651.071975470,0.0,-1.5707963267948966,1.5707963267948966,-3.141592653589793,-1.5707963267948966,0.0
1780319651.072797298,0.0,-1.5707963267948966,1.5707963267948966,-3.141592653589793,-1.5707963267948966,0.0
1780319651.073461533,0.0,-1.5707963267948966,1.5707963267948966,-3.141592653589793,-1.5707963267948966,0.0
1780319651.074058533,0.0,-1.5707963267948966,1.5707963267948966,-3.141592653589793,-1.5707963267948966,0.0
1780319651.074779749,0.0,-1.5707963267948966,1.5707963267948966,-3.141592653589793,-1.5707963267948966,0.0
1780319651.075434923,0.0,-1.5707963267948966,1.5707963267948966,-3.141592653589793,-1.5707963267948966,0.0
1780319651.075988293,0.0,-1.5707963267948966,1.5707963267948966,-3.141592653589793,-1.5707963267948966,0.0
1780319651.076646328,0.0,-1.5707963267948966,1.5707963267948966,-3.141592653589793,-1.5707963267948966,0.0
1780319651.077197313,0.0,-1.5707963267948966,1.5707963267948966,-3.141592653589793,-1.5707963267948966,0.0
1780319651.077827692,0.0,-1.5707963267948966,1.5707963267948966,-3.141592653589793,-1.5707963267948966,0.0
1780319651.082360029,0.0,-1.5707963267948966,1.5707963267948966,-3.141592653589793,-1.5707963267948966,0.0
1780319651.092359066,0.0,-1.5707963267948966,1.5707963267948966,-3.141592653589793,-1.5707963267948966,0.0
1780319651.101410151,0.0,-1.5707963267948966,1.5707963267948966,-3.141592653589793,-1.5707963267948966,0.0
1780319651.111789227,0.0,-1.5707963267948966,1.5707963267948966,-3.141592653589793,-1.5707963267948966,0.0
1780319651.121855259,0.0,-1.5707963267948966,1.5707963267948966,-3.141592653589793,-1.5707963267948966,0.0
1780319651.132316351,0.0,-1.5707963267948966,1.5707963267948966,-3.141592653589793,-1.5707963267948966,0.0
1780319651.142105103,0.0,-1.5707963267948966,1.5707963267948966,-3.141592653589793,-1.5707963267948966,0.0
1780319651.152349234,0.0,-1.5707963267948966,1.5707963267948966,-3.141592653589793,-1.5707963267948966,0.0
1780319651.161973953,0.0,-1.5707963267948966,1.5707963267948966,-3.141592653589793,-1.5707963267948966,0.0
1780319651.171586275,0.0,-1.5707963267948966,1.5707963267948966,-3.141592653589793,-1.5707963267948966,0.0
1780319651.182302475,0.0,-1.5707963267948966,1.5707963267948966,-3.141592653589793,-1.5707963267948966,0.0
1780319651.192265272,0.0,-1.5707963267948966,1.5707963267948966,-3.141592653589793,-1.5707963267948966,0.0
1780319651.201835155,0.0,-1.5707963267948966,1.5707963267948966,-3.141592653589793,-1.5707963267948966,0.0
1780319651.212128401,0.0,-1.5707963267948966,1.5707963267948966,-3.141592653589793,-1.5707963267948966,0.0
1780319651.222079754,0.0,-1.5707963267948966,1.5707963267948966,-3.141592653589793,-1.5707963267948966,0.0
1780319651.232200384,0.0,-1.5707963267948966,1.5707963267948966,-3.141592653589793,-1.5707963267948966,0.0
1780319651.242066860,0.0,-1.5707963267948966,1.5707963267948966,-3.141592653589793,-1.5707963267948966,0.0
1780319651.252375364,0.0,-1.5707963267948966,1.5707963267948966,-3.141592653589793,-1.5707963267948966,0.0
1780319651.262602806,0.0,-1.5707963267948966,1.5707963267948966,-3.141592653589793,-1.5707963267948966,0.0
1780319651.271448851,0.0,-1.5707963267948966,1.5707963267948966,-3.141592653589793,-1.5707963267948966,0.0
1780319651.281792402,0.0,-1.5707963267948966,1.5707963267948966,-3.141592653589793,-1.5707963267948966,0.0
1780319651.292126417,0.0,-1.5707963267948966,1.5707963267948966,-3.141592653589793,-1.5707963267948966,0.0
1780319651.301680803,0.0,-1.5707963267948966,1.5707963267948966,-3.141592653589793,-1.5707963267948966,0.0
1780319651.311896324,0.0,-1.5707963267948966,1.5707963267948966,-3.141592653589793,-1.5707963267948966,0.0
1780319651.321870804,0.0,-1.5707963267948966,1.5707963267948966,-3.141592653589793,-1.5707963267948966,0.0
1780319651.331714153,0.0,-1.5707963267948966,1.5707963267948966,-3.141592653589793,-1.5707963267948966,0.0
1780319651.341494322,0.0,-1.5707963267948966,1.5707963267948966,-3.141592653589793,-1.5707963267948966,0.0
1780319651.351559877,0.0,-1.5707963267948966,1.5707963267948966,-3.141592653589793,-1.5707963267948966,0.0
1780319651.361410856,0.0,-1.5707963267948966,1.5707963267948966,-3.141592653589793,-1.5707963267948966,0.0
1780319651.372070551,0.0,-1.5707963267948966,1.5707963267948966,-3.141592653589793,-1.5707963267948966,0.0
1780319651.381951571,0.0,-1.5707963267948966,1.5707963267948966,-3.141592653589793,-1.5707963267948966,0.0
1780319651.391865253,0.0,-1.5707963267948966,1.5707963267948966,-3.141592653589793,-1.5707963267948966,0.0
1780319651.401909828,0.0,-1.5707963267948966,1.5707963267948966,-3.141592653589793,-1.5707963267948966,0.0
1780319651.412151337,0.0,-1.5707963267948966,1.5707963267948966,-3.141592653589793,-1.5707963267948966,0.0
1780319651.421582699,0.0,-1.5707963267948966,1.5707963267948966,-3.141592653589793,-1.5707963267948966,0.0
1780319651.431954622,0.0,-1.5707963267948966,1.5707963267948966,-3.141592653589793,-1.5707963267948966,0.0
1780319651.442814112,0.0,-1.5707963267948966,1.5707963267948966,-3.141592653589793,-1.5707963267948966,0.0
1780319651.452525377,0.0,-1.5707963267948966,1.5707963267948966,-3.141592653589793,-1.5707963267948966,0.0
1780319651.461736202,0.0,-1.5707963267948966,1.5707963267948966,-3.141592653589793,-1.5707963267948966,0.0
1780319651.472149134,0.0,-1.5707963267948966,1.5707963267948966,-3.141592653589793,-1.5707963267948966,0.0
1780319651.482124329,0.0,-1.5707963267948966,1.5707963267948966,-3.141592653589793,-1.5707963267948966,0.0
1780319651.492318630,0.0,-1.5707963267948966,1.5707963267948966,-3.141592653589793,-1.5707963267948966,0.0
1780319651.501771688,0.0,-1.5707963267948966,1.5707963267948966,-3.141592653589793,-1.5707963267948966,0.0
1780319651.512597084,0.0,-1.5707963267948966,1.5707963267948966,-3.141592653589793,-1.5707963267948966,0.0
1780319651.521775246,0.0,-1.5707963267948966,1.5707963267948966,-3.141592653589793,-1.5707963267948966,0.0
1780319651.532029867,0.0,-1.5707963267948966,1.5707963267948966,-3.141592653589793,-1.5707963267948966,0.0
1780319651.541666508,0.0,-1.5707963267948966,1.5707963267948966,-3.141592653589793,-1.5707963267948966,0.0
1780319651.551773071,0.0,-1.5707963267948966,1.5707963267948966,-3.141592653589793,-1.5707963267948966,0.0
1780319651.561803341,0.0,-1.5707963267948966,1.5707963267948966,-3.141592653589793,-1.5707963267948966,0.0
1780319651.571732998,0.0,-1.5707963267948966,1.5707963267948966,-3.141592653589793,-1.5707963267948966,0.0
1780319651.581692457,0.0,-1.5707963267948966,1.5707963267948966,-3.141592653589793,-1.5707963267948966,0.0
1780319651.591671467,0.0,-1.5707963267948966,1.5707963267948966,-3.141592653589793,-1.5707963267948966,0.0
1780319651.601520538,0.0,-1.5707963267948966,1.5707963267948966,-3.141592653589793,-1.5707963267948966,0.0
1780319651.611594439,0.0,-1.5707963267948966,1.5707963267948966,-3.141592653589793,-1.5707963267948966,0.0
1780319651.621736765,0.0,-1.5707963267948966,1.5707963267948966,-3.141592653589793,-1.5707963267948966,0.0
1780319651.631522417,0.0,-1.5707963267948966,1.5707963267948966,-3.141592653589793,-1.5707963267948966,0.0
1780319651.641895294,0.0,-1.5707963267948966,1.5707963267948966,-3.141592653589793,-1.5707963267948966,0.0
1780319651.651693106,0.0,-1.5707963267948966,1.5707963267948966,-3.141592653589793,-1.5707963267948966,0.0
1780319651.661495924,0.0,-1.5707963267948966,1.5707963267948966,-3.141592653589793,-1.5707963267948966,0.0
1780319651.671653032,0.0,-1.5707963267948966,1.5707963267948966,-3.141592653589793,-1.5707963267948966,0.0
1780319651.681599855,0.0,-1.5707963267948966,1.5707963267948966,-3.141592653589793,-1.5707963267948966,0.0
1780319651.692140341,0.0,-1.5707963267948966,1.5707963267948966,-3.141592653589793,-1.5707963267948966,0.0
1780319651.701805592,0.0,-1.5707963267948966,1.5707963267948966,-3.141592653589793,-1.5707963267948966,0.0
1780319651.713952065,0.0,-1.5707963267948966,1.5707963267948966,-3.141592653589793,-1.5707963267948966,0.0
1780319651.722906590,0.0,-1.5707963267948966,1.5707963267948966,-3.141592653589793,-1.5707963267948966,0.0
1780319651.733163834,0.0,-1.5707963267948966,1.5707963267948966,-3.141592653589793,-1.5707963267948966,0.0
1780319651.743485689,0.0,-1.5707963267948966,1.5707963267948966,-3.141592653589793,-1.5707963267948966,0.0
1780319651.753082991,0.0,-1.5707963267948966,1.5707963267948966,-3.141592653589793,-1.5707963267948966,0.0
1780319651.763106823,0.0,-1.5707963267948966,1.5707963267948966,-3.141592653589793,-1.5707963267948966,0.0
1780319651.774360657,0.0,-1.5707963267948966,1.5707963267948966,-3.141592653589793,-1.5707963267948966,0.0
1780319651.783002138,0.0,-1.5707963267948966,1.5707963267948966,-3.141592653589793,-1.5707963267948966,0.0
1780319651.793323278,0.0,-1.5707963267948966,1.5707963267948966,-3.141592653589793,-1.5707963267948966,0.0
1780319651.802995682,0.0,-1.5707963267948966,1.5707963267948966,-3.141592653589793,-1.5707963267948966,0.0
1780319651.812975407,0.0,-1.5707963267948966,1.5707963267948966,-3.141592653589793,-1.5707963267948966,0.0
1780319651.823676348,0.0,-1.5707963267948966,1.5707963267948966,-3.141592653589793,-1.5707963267948966,0.0
1780319651.832988024,0.0,-1.5707963267948966,1.5707963267948966,-3.141592653589793,-1.5707963267948966,0.0
1780319651.843345165,0.0,-1.5707963267948966,1.5707963267948966,-3.141592653589793,-1.5707963267948966,0.0
1780319651.852876186,0.0,-1.5707963267948966,1.5707963267948966,-3.141592653589793,-1.5707963267948966,0.0
1780319651.863119125,0.0,-1.5707963267948966,1.5707963267948966,-3.141592653589793,-1.5707963267948966,0.0
1780319651.873644829,0.0,-1.5707963267948966,1.5707963267948966,-3.141592653589793,-1.5707963267948966,0.0
1780319651.882878065,0.0,-1.5707963267948966,1.5707963267948966,-3.141592653589793,-1.5707963267948966,0.0
1780319651.893509626,0.0,-1.5707963267948966,1.5707963267948966,-3.141592653589793,-1.5707963267948966,0.0
1780319651.903721094,0.0,-1.5707963267948966,1.5707963267948966,-3.141592653589793,-1.5707963267948966,0.0
1780319651.913327694,0.0,-1.5707963267948966,1.5707963267948966,-3.141592653589793,-1.5707963267948966,0.0
1780319651.923926592,0.0,-1.5707963267948966,1.5707963267948966,-3.141592653589793,-1.5707963267948966,0.0
1780319651.933036327,0.0,-1.5707963267948966,1.5707963267948966,-3.141592653589793,-1.5707963267948966,0.0
1780319651.943126440,0.0,-1.5707963267948966,1.5707963267948966,-3.141592653589793,-1.5707963267948966,0.0
1780319651.953675032,0.0,-1.5707963267948966,1.5707963267948966,-3.141592653589793,-1.5707963267948966,0.0
1780319651.964263678,0.0,-1.5707963267948966,1.5707963267948966,-3.141592653589793,-1.5707963267948966,0.0
1780319651.974003792,0.0,-1.5707963267948966,1.5707963267948966,-3.141592653589793,-1.5707963267948966,0.0
1780319651.984933376,0.0,-1.5707963267948966,1.5707963267948966,-3.141592653589793,-1.5707963267948966,0.0
1780319651.994056463,0.0,-1.5707963267948966,1.5707963267948966,-3.141592653589793,-1.5707963267948966,0.0
1780319652.004324436,0.0,-1.5707963267948966,1.5707963267948966,-3.141592653589793,-1.5707963267948966,0.0
1780319652.014281034,0.0,-1.5707963267948966,1.5707963267948966,-3.141592653589793,-1.5707963267948966,0.0
1780319652.024130821,0.0,-1.5707963267948966,1.5707963267948966,-3.141592653589793,-1.5707963267948966,0.0
1780319652.035193682,0.0,-1.5707963267948966,1.5707963267948966,-3.141592653589793,-1.5707963267948966,0.0
1780319652.044258595,0.0,-1.5707963267948966,1.5707963267948966,-3.141592653589793,-1.5707963267948966,0.0
1780319652.054287910,0.0,-1.5707963267948966,1.5707963267948966,-3.141592653589793,-1.5707963267948966,0.0
1780319652.064447403,0.0,-1.5707963267948966,1.5707963267948966,-3.141592653589793,-1.5707963267948966,0.0
1780319652.074137926,0.0,-1.5707963267948966,1.5707963267948966,-3.141592653589793,-1.5707963267948966,0.0
1780319652.084620714,0.0,-1.5707963267948966,1.5707963267948966,-3.141592653589793,-1.5707963267948966,0.0
1780319652.095077276,0.0,-1.5707963267948966,1.5707963267948966,-3.141592653589793,-1.5707963267948966,0.0
1780319652.104062557,0.0,-1.5707963267948966,1.5707963267948966,-3.141592653589793,-1.5707963267948966,0.0
1780319652.114263296,0.0,-1.5707963267948966,1.5707963267948966,-3.141592653589793,-1.5707963267948966,0.0
1780319652.124364614,0.0,-1.5707963267948966,1.5707963267948966,-3.141592653589793,-1.5707963267948966,0.0
1780319652.134070158,0.0,-1.5707963267948966,1.5707963267948966,-3.141592653589793,-1.5707963267948966,0.0
1780319652.144309759,0.0,-1.5707963267948966,1.5707963267948966,-3.141592653589793,-1.5707963267948966,0.0
1780319652.155959368,0.0,-1.5707963267948966,1.5707963267948966,-3.141592653589793,-1.5707963267948966,0.0
1780319652.163942099,0.0,-1.5707963267948966,1.5707963267948966,-3.141592653589793,-1.5707963267948966,0.0
1780319652.173877478,0.0,-1.5707963267948966,1.5707963267948966,-3.141592653589793,-1.5707963267948966,0.0
1780319652.183912754,0.0,-1.5707963267948966,1.5707963267948966,-3.141592653589793,-1.5707963267948966,0.0
1780319652.194040775,0.0,-1.5707963267948966,1.5707963267948966,-3.141592653589793,-1.5707963267948966,0.0
1780319652.203817129,0.0,-1.5707963267948966,1.5707963267948966,-3.141592653589793,-1.5707963267948966,0.0
1780319652.215563536,0.0,-1.5707963267948966,1.5707963267948966,-3.141592653589793,-1.5707963267948966,0.0
1780319652.225460291,0.0,-1.5707963267948966,1.5707963267948966,-3.141592653589793,-1.5707963267948966,0.0
1780319652.235555410,0.0,-1.5707963267948966,1.5707963267948966,-3.141592653589793,-1.5707963267948966,0.0
1780319652.245989799,0.0,-1.5707963267948966,1.5707963267948966,-3.141592653589793,-1.5707963267948966,0.0
1780319652.255330324,0.0,-1.5707963267948966,1.5707963267948966,-3.141592653589793,-1.5707963267948966,0.0
1780319652.265850544,0.0,-1.5707963267948966,1.5707963267948966,-3.141592653589793,-1.5707963267948966,0.0
1780319652.275674820,0.0,-1.5707963267948966,1.5707963267948966,-3.141592653589793,-1.5707963267948966,0.0
1780319652.285510540,0.0,-1.5707963267948966,1.5707963267948966,-3.141592653589793,-1.5707963267948966,0.0
1780319652.295194387,0.0,-1.5707963267948966,1.5707963267948966,-3.141592653589793,-1.5707963267948966,0.0
1780319652.305012226,0.0,-1.5707963267948966,1.5707963267948966,-3.141592653589793,-1.5707963267948966,0.0
1780319652.316726208,0.0,-1.5707963267948966,1.5707963267948966,-3.141592653589793,-1.5707963267948966,0.0
1780319652.324884653,0.0,-1.5707963267948966,1.5707963267948966,-3.141592653589793,-1.5707963267948966,0.0
1780319652.335752010,0.0,-1.5707963267948966,1.5707963267948966,-3.141592653589793,-1.5707963267948966,0.0
1780319652.345988750,0.0,-1.5707963267948966,1.5707963267948966,-3.141592653589793,-1.5707963267948966,0.0
1780319652.355512381,0.0,-1.5707963267948966,1.5707963267948966,-3.141592653589793,-1.5707963267948966,0.0
1780319652.365433931,0.0,-1.5707963267948966,1.5707963267948966,-3.141592653589793,-1.5707963267948966,0.0
1780319652.375950098,0.0,-1.5707963267948966,1.5707963267948966,-3.141592653589793,-1.5707963267948966,0.0
1780319652.385034561,0.0,-1.5707963267948966,1.5707963267948966,-3.141592653589793,-1.5707963267948966,0.0
1780319652.396348715,0.0,-1.5707963267948966,1.5707963267948966,-3.141592653589793,-1.5707963267948966,0.0
1780319652.405286312,0.0,-1.5707963267948966,1.5707963267948966,-3.141592653589793,-1.5707963267948966,0.0
1780319652.415252686,0.0,-1.5707963267948966,1.5707963267948966,-3.141592653589793,-1.5707963267948966,0.0
1780319652.425017357,0.0,-1.5707963267948966,1.5707963267948966,-3.141592653589793,-1.5707963267948966,0.0
1780319652.435620546,0.0,-1.5707963267948966,1.5707963267948966,-3.141592653589793,-1.5707963267948966,0.0
1780319652.445250511,0.0,-1.5707963267948966,1.5707963267948966,-3.141592653589793,-1.5707963267948966,0.0
1780319652.455494404,0.0,-1.5707963267948966,1.5707963267948966,-3.141592653589793,-1.5707963267948966,0.0
1780319652.465115547,0.0,-1.5707963267948966,1.5707963267948966,-3.141592653589793,-1.5707963267948966,0.0
1780319652.475417376,0.0,-1.5707963267948966,1.5707963267948966,-3.141592653589793,-1.5707963267948966,0.0
1780319652.486782551,0.0,-1.5707963267948966,1.5707963267948966,-3.141592653589793,-1.5707963267948966,0.0
1780319652.495486021,0.0,-1.5707963267948966,1.5707963267948966,-3.141592653589793,-1.5707963267948966,0.0
1780319652.505568504,0.0,-1.5707963267948966,1.5707963267948966,-3.141592653589793,-1.5707963267948966,0.0
1780319652.515117645,0.0,-1.5707963267948966,1.5707963267948966,-3.141592653589793,-1.5707963267948966,0.0
1780319652.525287390,0.0,-1.5707963267948966,1.5707963267948966,-3.141592653589793,-1.5707963267948966,0.0
1780319652.535324097,0.0,-1.5707963267948966,1.5707963267948966,-3.141592653589793,-1.5707963267948966,0.0
1780319652.545174837,0.0,-1.5707963267948966,1.5707963267948966,-3.141592653589793,-1.5707963267948966,0.0
1780319652.555668592,0.0,-1.5707963267948966,1.5707963267948966,-3.141592653589793,-1.5707963267948966,0.0
1780319652.565244675,0.0,-1.5707963267948966,1.5707963267948966,-3.141592653589793,-1.5707963267948966,0.0
1780319652.576081038,0.0,-1.5707963267948966,1.5707963267948966,-3.141592653589793,-1.5707963267948966,0.0
1780319652.585111141,0.0,-1.5707963267948966,1.5707963267948966,-3.141592653589793,-1.5707963267948966,0.0
1780319652.595470428,0.0,-1.5707963267948966,1.5707963267948966,-3.141592653589793,-1.5707963267948966,0.0
1780319652.605503559,0.0,-1.5707963267948966,1.5707963267948966,-3.141592653589793,-1.5707963267948966,0.0
1780319652.615340948,0.0,-1.5707963267948966,1.5707963267948966,-3.141592653589793,-1.5707963267948966,0.0
1780319652.625876665,0.0,-1.5707963267948966,1.5707963267948966,-3.141592653589793,-1.5707963267948966,0.0
1780319652.635165453,0.0,-1.5707963267948966,1.5707963267948966,-3.141592653589793,-1.5707963267948966,0.0
1780319652.645101070,0.0,-1.5707963267948966,1.5707963267948966,-3.141592653589793,-1.5707963267948966,0.0
1780319652.655425310,0.0,-1.5707963267948966,1.5707963267948966,-3.141592653589793,-1.5707963267948966,0.0
1780319652.665447712,0.0,-1.5707963267948966,1.5707963267948966,-3.141592653589793,-1.5707963267948966,0.0
1780319652.676072359,0.0,-1.5707963267948966,1.5707963267948966,-3.141592653589793,-1.5707963267948966,0.0
1780319652.685242653,0.0,-1.5707963267948966,1.5707963267948966,-3.141592653589793,-1.5707963267948966,0.0
1780319652.695949078,0.0,-1.5707963267948966,1.5707963267948966,-3.141592653589793,-1.5707963267948966,0.0
1780319652.704952717,0.0,-1.5707963267948966,1.5707963267948966,-3.141592653589793,-1.5707963267948966,0.0
1780319652.715296030,0.0,-1.5707963267948966,1.5707963267948966,-3.141592653589793,-1.5707963267948966,0.0
1780319652.725457191,0.0,-1.5707963267948966,1.5707963267948966,-3.141592653589793,-1.5707963267948966,0.0
1780319652.735383034,0.0,-1.5707963267948966,1.5707963267948966,-3.141592653589793,-1.5707963267948966,0.0
1780319652.745406628,0.0,-1.5707963267948966,1.5707963267948966,-3.141592653589793,-1.5707963267948966,0.0
1780319652.755446196,0.0,-1.5707963267948966,1.5707963267948966,-3.141592653589793,-1.5707963267948966,0.0
1780319652.765791416,0.0,-1.5707963267948966,1.5707963267948966,-3.141592653589793,-1.5707963267948966,0.0
1780319652.776869535,0.0,-1.5707963267948966,1.5707963267948966,-3.141592653589793,-1.5707963267948966,0.0
1780319652.785048008,0.0,-1.5707963267948966,1.5707963267948966,-3.141592653589793,-1.5707963267948966,0.0
1780319652.795203209,0.0,-1.5707963267948966,1.5707963267948966,-3.141592653589793,-1.5707963267948966,0.0
1780319652.806081057,0.0,-1.5707963267948966,1.5707963267948966,-3.141592653589793,-1.5707963267948966,0.0
1780319652.815085649,0.0,-1.5707963267948966,1.5707963267948966,-3.141592653589793,-1.5707963267948966,0.0
1780319652.825530767,0.0,-1.5707963267948966,1.5707963267948966,-3.141592653589793,-1.5707963267948966,0.0
1780319652.835026979,0.0,-1.5707963267948966,1.5707963267948966,-3.141592653589793,-1.5707963267948966,0.0
1780319652.845615149,0.0,-1.5707963267948966,1.5707963267948966,-3.141592653589793,-1.5707963267948966,0.0
1780319652.855873108,0.0,-1.5707963267948966,1.5707963267948966,-3.141592653589793,-1.5707963267948966,0.0
1780319652.864839554,0.0,-1.5707963267948966,1.5707963267948966,-3.141592653589793,-1.5707963267948966,0.0
1780319652.875199318,0.0,-1.5707963267948966,1.5707963267948966,-3.141592653589793,-1.5707963267948966,0.0
1780319652.885426283,0.0,-1.5707963267948966,1.5707963267948966,-3.141592653589793,-1.5707963267948966,0.0
1780319652.895545483,0.0,-1.5707963267948966,1.5707963267948966,-3.141592653589793,-1.5707963267948966,0.0
1780319652.905815125,0.0,-1.5707963267948966,1.5707963267948966,-3.141592653589793,-1.5707963267948966,0.0
1780319652.915049553,0.0,-1.5707963267948966,1.5707963267948966,-3.141592653589793,-1.5707963267948966,0.0
1780319652.925345659,0.0,-1.5707963267948966,1.5707963267948966,-3.141592653589793,-1.5707963267948966,0.0
1780319652.935678720,0.0,-1.5707963267948966,1.5707963267948966,-3.141592653589793,-1.5707963267948966,0.0
1780319652.945320368,0.0,-1.5707963267948966,1.5707963267948966,-3.141592653589793,-1.5707963267948966,0.0
1780319652.956117868,0.0,-1.5707963267948966,1.5707963267948966,-3.141592653589793,-1.5707963267948966,0.0
1780319652.965174675,0.0,-1.5707963267948966,1.5707963267948966,-3.141592653589793,-1.5707963267948966,0.0
1780319652.975660086,0.0,-1.5707963267948966,1.5707963267948966,-3.141592653589793,-1.5707963267948966,0.0
1780319652.985588312,0.0,-1.5707963267948966,1.5707963267948966,-3.141592653589793,-1.5707963267948966,0.0
1780319652.995119810,0.0,-1.5707963267948966,1.5707963267948966,-3.141592653589793,-1.5707963267948966,0.0
1780319653.005875111,0.0,-1.5707963267948966,1.5707963267948966,-3.141592653589793,-1.5707963267948966,0.0
1780319653.015166998,0.0,-1.5707963267948966,1.5707963267948966,-3.141592653589793,-1.5707963267948966,0.0
1780319653.025247812,0.0,-1.5707963267948966,1.5707963267948966,-3.141592653589793,-1.5707963267948966,0.0
1780319653.035077572,0.0,-1.5707963267948966,1.5707963267948966,-3.141592653589793,-1.5707963267948966,0.0
1780319653.045094490,0.0,-1.5707963267948966,1.5707963267948966,-3.141592653589793,-1.5707963267948966,0.0
1780319653.055328369,0.0,-1.5707963267948966,1.5707963267948966,-3.141592653589793,-1.5707963267948966,0.0
1780319653.064885616,0.0,-1.5707963267948966,1.5707963267948966,-3.141592653589793,-1.5707963267948966,0.0
1780319653.075797796,0.0,-1.5707963267948966,1.5707963267948966,-3.141592653589793,-1.5707963267948966,0.0
1780319653.085499763,0.0,-1.5707963267948966,1.5707963267948966,-3.141592653589793,-1.5707963267948966,0.0
1780319653.095418692,0.0,-1.5707963267948966,1.5707963267948966,-3.141592653589793,-1.5707963267948966,0.0
1780319653.106072187,0.0,-1.5707963267948966,1.5707963267948966,-3.141592653589793,-1.5707963267948966,0.0
1780319653.115195036,0.0,-1.5707963267948966,1.5707963267948966,-3.141592653589793,-1.5707963267948966,0.0
1780319653.125064611,0.0,-1.5707963267948966,1.5707963267948966,-3.141592653589793,-1.5707963267948966,0.0
1780319653.134816170,0.0,-1.5707963267948966,1.5707963267948966,-3.141592653589793,-1.5707963267948966,0.0
1780319653.145336628,0.0,-1.5707963267948966,1.5707963267948966,-3.141592653589793,-1.5707963267948966,0.0
1780319653.155636072,0.0,-1.5707963267948966,1.5707963267948966,-3.141592653589793,-1.5707963267948966,0.0
1780319653.165218353,0.0,-1.5707963267948966,1.5707963267948966,-3.141592653589793,-1.5707963267948966,0.0
1780319653.175773859,0.0,-1.5707963267948966,1.5707963267948966,-3.141592653589793,-1.5707963267948966,0.0
1780319653.186349154,0.0,-1.5707963267948966,1.5707963267948966,-3.141592653589793,-1.5707963267948966,0.0
1780319653.197422504,0.0,-1.5707963267948966,1.5707963267948966,-3.141592653589793,-1.5707963267948966,0.0
1780319653.206253052,0.0,-1.5707963267948966,1.5707963267948966,-3.141592653589793,-1.5707963267948966,0.0
1780319653.216640949,0.0,-1.5707963267948966,1.5707963267948966,-3.141592653589793,-1.5707963267948966,0.0
1780319653.225891590,0.0,-1.5707963267948966,1.5707963267948966,-3.141592653589793,-1.5707963267948966,0.0
1780319653.236202240,0.0,-1.5707963267948966,1.5707963267948966,-3.141592653589793,-1.5707963267948966,0.0
1780319653.246825933,0.0,-1.5707963267948966,1.5707963267948966,-3.141592653589793,-1.5707963267948966,0.0
1780319653.256262541,0.0,-1.5707963267948966,1.5707963267948966,-3.141592653589793,-1.5707963267948966,0.0
1780319653.267185688,0.0,-1.5707963267948966,1.5707963267948966,-3.141592653589793,-1.5707963267948966,0.0
1780319653.276047468,0.0,-1.5707963267948966,1.5707963267948966,-3.141592653589793,-1.5707963267948966,0.0
1780319653.286044598,0.0,-1.5707963267948966,1.5707963267948966,-3.141592653589793,-1.5707963267948966,0.0
1780319653.296357393,0.0,-1.5707963267948966,1.5707963267948966,-3.141592653589793,-1.5707963267948966,0.0
1780319653.306536674,0.0,-1.5707963267948966,1.5707963267948966,-3.141592653589793,-1.5707963267948966,0.0
1780319653.316553354,0.0,-1.5707963267948966,1.5707963267948966,-3.141592653589793,-1.5707963267948966,0.0
1780319653.326505661,0.0,-1.5707963267948966,1.5707963267948966,-3.141592653589793,-1.5707963267948966,0.0
1780319653.336708546,0.0,-1.5707963267948966,1.5707963267948966,-3.141592653589793,-1.5707963267948966,0.0
1780319653.347349405,0.0,-1.5707963267948966,1.5707963267948966,-3.141592653589793,-1.5707963267948966,0.0
1780319653.356328249,0.0,-1.5707963267948966,1.5707963267948966,-3.141592653589793,-1.5707963267948966,0.0
1780319653.366982698,0.0,-1.5707963267948966,1.5707963267948966,-3.141592653589793,-1.5707963267948966,0.0
1780319653.375923157,0.0,-1.5707963267948966,1.5707963267948966,-3.141592653589793,-1.5707963267948966,0.0
1780319653.386168480,0.0,-1.5707963267948966,1.5707963267948966,-3.141592653589793,-1.5707963267948966,0.0
1780319653.396088839,0.0,-1.5707963267948966,1.5707963267948966,-3.141592653589793,-1.5707963267948966,0.0
1780319653.406046867,0.0,-1.5707963267948966,1.5707963267948966,-3.141592653589793,-1.5707963267948966,0.0
1780319653.415993452,0.0,-1.5707963267948966,1.5707963267948966,-3.141592653589793,-1.5707963267948966,0.0
1780319653.426267862,0.0,-1.5707963267948966,1.5707963267948966,-3.141592653589793,-1.5707963267948966,0.0
1780319653.435958147,0.0,-1.5707963267948966,1.5707963267948966,-3.141592653589793,-1.5707963267948966,0.0
1780319653.446168900,0.0,-1.5707963267948966,1.5707963267948966,-3.141592653589793,-1.5707963267948966,0.0
1780319653.456246376,0.0,-1.5707963267948966,1.5707963267948966,-3.141592653589793,-1.5707963267948966,0.0
1780319653.466075897,0.0,-1.5707963267948966,1.5707963267948966,-3.141592653589793,-1.5707963267948966,0.0
1780319653.476095915,0.0,-1.5707963267948966,1.5707963267948966,-3.141592653589793,-1.5707963267948966,0.0
1780319653.486071587,0.0,-1.5707963267948966,1.5707963267948966,-3.141592653589793,-1.5707963267948966,0.0
1780319653.496184587,0.0,-1.5707963267948966,1.5707963267948966,-3.141592653589793,-1.5707963267948966,0.0
1780319653.506416559,0.0,-1.5707963267948966,1.5707963267948966,-3.141592653589793,-1.5707963267948966,0.0
1780319653.516118050,0.0,-1.5707963267948966,1.5707963267948966,-3.141592653589793,-1.5707963267948966,0.0
1780319653.526188850,0.0,-1.5707963267948966,1.5707963267948966,-3.141592653589793,-1.5707963267948966,0.0
1780319653.536152124,0.0,-1.5707963267948966,1.5707963267948966,-3.141592653589793,-1.5707963267948966,0.0
1780319653.545986891,0.0,-1.5707963267948966,1.5707963267948966,-3.141592653589793,-1.5707963267948966,0.0
1780319653.556103945,0.0,-1.5707963267948966,1.5707963267948966,-3.141592653589793,-1.5707963267948966,0.0
1780319653.565999985,0.0,-1.5707963267948966,1.5707963267948966,-3.141592653589793,-1.5707963267948966,0.0
1780319653.575799704,0.0,-1.5707963267948966,1.5707963267948966,-3.141592653589793,-1.5707963267948966,0.0
1780319653.586287022,0.0,-1.5707963267948966,1.5707963267948966,-3.141592653589793,-1.5707963267948966,0.0
1780319653.596019506,0.0,-1.5707963267948966,1.5707963267948966,-3.141592653589793,-1.5707963267948966,0.0
1780319653.606071234,0.0,-1.5707963267948966,1.5707963267948966,-3.141592653589793,-1.5707963267948966,0.0
1780319653.616214037,0.0,-1.5707963267948966,1.5707963267948966,-3.141592653589793,-1.5707963267948966,0.0
1780319653.626720667,0.0,-1.5707963267948966,1.5707963267948966,-3.141592653589793,-1.5707963267948966,0.0
1780319653.636273861,0.0,-1.5707963267948966,1.5707963267948966,-3.141592653589793,-1.5707963267948966,0.0
1780319653.646923780,0.0,-1.5707963267948966,1.5707963267948966,-3.141592653589793,-1.5707963267948966,0.0
1780319653.656512022,0.0,-1.5707963267948966,1.5707963267948966,-3.141592653589793,-1.5707963267948966,0.0
1780319653.666996002,0.0,-1.5707963267948966,1.5707963267948966,-3.141592653589793,-1.5707963267948966,0.0
1780319653.676437616,0.0,-1.5707963267948966,1.5707963267948966,-3.141592653589793,-1.5707963267948966,0.0
1780319653.686417818,0.0,-1.5707963267948966,1.5707963267948966,-3.141592653589793,-1.5707963267948966,0.0
1780319653.696732759,0.0,-1.5707963267948966,1.5707963267948966,-3.141592653589793,-1.5707963267948966,0.0
1780319653.706200838,0.0,-1.5707963267948966,1.5707963267948966,-3.141592653589793,-1.5707963267948966,0.0
1780319653.716005802,0.0,-1.5707963267948966,1.5707963267948966,-3.141592653589793,-1.5707963267948966,0.0
1780319653.726038694,0.0,-1.5707963267948966,1.5707963267948966,-3.141592653589793,-1.5707963267948966,0.0
1780319653.736335039,0.0,-1.5707963267948966,1.5707963267948966,-3.141592653589793,-1.5707963267948966,0.0
1780319653.746305704,0.0,-1.5707963267948966,1.5707963267948966,-3.141592653589793,-1.5707963267948966,0.0
1780319653.756797791,0.0,-1.5707963267948966,1.5707963267948966,-3.141592653589793,-1.5707963267948966,0.0
1780319653.766869307,0.0,-1.5707963267948966,1.5707963267948966,-3.141592653589793,-1.5707963267948966,0.0
1780319653.776806593,0.0,-1.5707963267948966,1.5707963267948966,-3.141592653589793,-1.5707963267948966,0.0
1780319653.787011862,0.0,-1.5707963267948966,1.5707963267948966,-3.141592653589793,-1.5707963267948966,0.0
1780319653.796359301,0.0,-1.5707963267948966,1.5707963267948966,-3.141592653589793,-1.5707963267948966,0.0
1780319653.806893587,0.0,-1.5707963267948966,1.5707963267948966,-3.141592653589793,-1.5707963267948966,0.0
1780319653.816969395,0.0,-1.5707963267948966,1.5707963267948966,-3.141592653589793,-1.5707963267948966,0.0
1780319653.826719046,0.0,-1.5707963267948966,1.5707963267948966,-3.141592653589793,-1.5707963267948966,0.0
1780319653.836821079,0.0,-1.5707963267948966,1.5707963267948966,-3.141592653589793,-1.5707963267948966,0.0
1780319653.846441746,0.0,-1.5707963267948966,1.5707963267948966,-3.141592653589793,-1.5707963267948966,0.0
1780319653.856694698,0.0,-1.5707963267948966,1.5707963267948966,-3.141592653589793,-1.5707963267948966,0.0
1780319653.866810083,0.0,-1.5707963267948966,1.5707963267948966,-3.141592653589793,-1.5707963267948966,0.0
1780319653.876701117,0.0,-1.5707963267948966,1.5707963267948966,-3.141592653589793,-1.5707963267948966,0.0
1780319653.886545420,0.0,-1.5707963267948966,1.5707963267948966,-3.141592653589793,-1.5707963267948966,0.0
1780319653.897016764,0.0,-1.5707963267948966,1.5707963267948966,-3.141592653589793,-1.5707963267948966,0.0
1780319653.906571627,0.0,-1.5707963267948966,1.5707963267948966,-3.141592653589793,-1.5707963267948966,0.0
1780319653.916276932,0.0,-1.5707963267948966,1.5707963267948966,-3.141592653589793,-1.5707963267948966,0.0
1780319653.926172018,0.0,-1.5707963267948966,1.5707963267948966,-3.141592653589793,-1.5707963267948966,0.0
1780319653.936201334,0.0,-1.5707963267948966,1.5707963267948966,-3.141592653589793,-1.5707963267948966,0.0
1780319653.946552277,0.0,-1.5707963267948966,1.5707963267948966,-3.141592653589793,-1.5707963267948966,0.0
1780319653.956600666,0.0,-1.5707963267948966,1.5707963267948966,-3.141592653589793,-1.5707963267948966,0.0
1780319653.967473745,0.0,-1.5707963267948966,1.5707963267948966,-3.141592653589793,-1.5707963267948966,0.0
1780319653.976959229,0.0,-1.5707963267948966,1.5707963267948966,-3.141592653589793,-1.5707963267948966,0.0
1780319653.986399174,0.0,-1.5707963267948966,1.5707963267948966,-3.141592653589793,-1.5707963267948966,0.0
1780319653.996881008,0.0,-1.5707963267948966,1.5707963267948966,-3.141592653589793,-1.5707963267948966,0.0
1780319654.006496429,0.0,-1.5707963267948966,1.5707963267948966,-3.141592653589793,-1.5707963267948966,0.0
1780319654.016779423,0.0,-1.5707963267948966,1.5707963267948966,-3.141592653589793,-1.5707963267948966,0.0
1780319654.026770592,0.0,-1.5707963267948966,1.5707963267948966,-3.141592653589793,-1.5707963267948966,0.0
1780319654.036814213,0.0,-1.5707963267948966,1.5707963267948966,-3.141592653589793,-1.5707963267948966,0.0
1780319654.046232700,0.0,-1.5707963267948966,1.5707963267948966,-3.141592653589793,-1.5707963267948966,0.0
1780319654.055966854,0.0,-1.5707963267948966,1.5707963267948966,-3.141592653589793,-1.5707963267948966,0.0
1780319654.066101313,0.0,-1.5707963267948966,1.5707963267948966,-3.141592653589793,-1.5707963267948966,0.0
1780319654.076266289,0.0,-1.5707963267948966,1.5707963267948966,-3.141592653589793,-1.5707963267948966,0.0
1780319654.085978746,0.0,-1.5707963267948966,1.5707963267948966,-3.141592653589793,-1.5707963267948966,0.0
1780319654.096293688,0.0,-1.5707963267948966,1.5707963267948966,-3.141592653589793,-1.5707963267948966,0.0
1780319654.106542349,0.0,-1.5707963267948966,1.5707963267948966,-3.141592653589793,-1.5707963267948966,0.0
1780319654.115884304,0.0,-1.5707963267948966,1.5707963267948966,-3.141592653589793,-1.5707963267948966,0.0
1780319654.126177311,0.0,-1.5707963267948966,1.5707963267948966,-3.141592653589793,-1.5707963267948966,0.0
1780319654.136466742,0.0,-1.5707963267948966,1.5707963267948966,-3.141592653589793,-1.5707963267948966,0.0
1780319654.146337986,0.0,-1.5707963267948966,1.5707963267948966,-3.141592653589793,-1.5707963267948966,0.0
1780319654.157035589,0.0,-1.5707963267948966,1.5707963267948966,-3.141592653589793,-1.5707963267948966,0.0
1780319654.166787148,0.0,-1.5707963267948966,1.5707963267948966,-3.141592653589793,-1.5707963267948966,0.0
1780319654.177403927,0.0,-1.5707963267948966,1.5707963267948966,-3.141592653589793,-1.5707963267948966,0.0
1780319654.186958075,0.0,-1.5707963267948966,1.5707963267948966,-3.141592653589793,-1.5707963267948966,0.0
1780319654.197025537,0.0,-1.5707963267948966,1.5707963267948966,-3.141592653589793,-1.5707963267948966,0.0
1780319654.207275867,0.0,-1.5707963267948966,1.5707963267948966,-3.141592653589793,-1.5707963267948966,0.0
1780319654.217461824,0.0,-1.5707963267948966,1.5707963267948966,-3.141592653589793,-1.5707963267948966,0.0
1780319654.227178574,0.0,-1.5707963267948966,1.5707963267948966,-3.141592653589793,-1.5707963267948966,0.0
1780319654.236371517,0.0,-1.5707963267948966,1.5707963267948966,-3.141592653589793,-1.5707963267948966,0.0
1780319654.246250153,0.0,-1.5707963267948966,1.5707963267948966,-3.141592653589793,-1.5707963267948966,0.0
1780319654.255948305,0.0,-1.5707963267948966,1.5707963267948966,-3.141592653589793,-1.5707963267948966,0.0
1780319654.266420126,0.0,-1.5707963267948966,1.5707963267948966,-3.141592653589793,-1.5707963267948966,0.0
1780319654.276114225,0.0,-1.5707963267948966,1.5707963267948966,-3.141592653589793,-1.5707963267948966,0.0
1780319654.286125898,0.0,-1.5707963267948966,1.5707963267948966,-3.141592653589793,-1.5707963267948966,0.0
1780319654.296047688,0.0,-1.5707963267948966,1.5707963267948966,-3.141592653589793,-1.5707963267948966,0.0
1780319654.305886984,0.0,-1.5707963267948966,1.5707963267948966,-3.141592653589793,-1.5707963267948966,0.0
1780319654.316095352,0.0,-1.5707963267948966,1.5707963267948966,-3.141592653589793,-1.5707963267948966,0.0
1780319654.326441050,0.0,-1.5707963267948966,1.5707963267948966,-3.141592653589793,-1.5707963267948966,0.0
1780319654.336483955,0.0,-1.5707963267948966,1.5707963267948966,-3.141592653589793,-1.5707963267948966,0.0
1780319654.346785545,0.0,-1.5707963267948966,1.5707963267948966,-3.141592653589793,-1.5707963267948966,0.0
1780319654.356716156,0.0,-1.5707963267948966,1.5707963267948966,-3.141592653589793,-1.5707963267948966,0.0
1780319654.366561651,0.0,-1.5707963267948966,1.5707963267948966,-3.141592653589793,-1.5707963267948966,0.0
1780319654.376656294,0.0,-1.5707963267948966,1.5707963267948966,-3.141592653589793,-1.5707963267948966,0.0
1780319654.386529446,0.0,-1.5707963267948966,1.5707963267948966,-3.141592653589793,-1.5707963267948966,0.0
1780319654.396309137,0.0,-1.5707963267948966,1.5707963267948966,-3.141592653589793,-1.5707963267948966,0.0
1780319654.406252623,0.0,-1.5707963267948966,1.5707963267948966,-3.141592653589793,-1.5707963267948966,0.0
1780319654.416173220,0.0,-1.5707963267948966,1.5707963267948966,-3.141592653589793,-1.5707963267948966,0.0
1780319654.425912142,0.0,-1.5707963267948966,1.5707963267948966,-3.141592653589793,-1.5707963267948966,0.0
1780319654.436129808,0.0,-1.5707963267948966,1.5707963267948966,-3.141592653589793,-1.5707963267948966,0.0
1780319654.446004868,0.0,-1.5707963267948966,1.5707963267948966,-3.141592653589793,-1.5707963267948966,0.0
1780319654.455965519,0.0,-1.5707963267948966,1.5707963267948966,-3.141592653589793,-1.5707963267948966,0.0
1780319654.465796709,0.0,-1.5707963267948966,1.5707963267948966,-3.141592653589793,-1.5707963267948966,0.0
1780319654.475868225,0.0,-1.5707963267948966,1.5707963267948966,-3.141592653589793,-1.5707963267948966,0.0
1780319654.486137152,0.0,-1.5707963267948966,1.5707963267948966,-3.141592653589793,-1.5707963267948966,0.0
1780319654.496138096,0.0,-1.5707963267948966,1.5707963267948966,-3.141592653589793,-1.5707963267948966,0.0
1780319654.505867004,0.0,-1.5707963267948966,1.5707963267948966,-3.141592653589793,-1.5707963267948966,0.0
1780319654.516767263,0.0,-1.5707963267948966,1.5707963267948966,-3.141592653589793,-1.5707963267948966,0.0
1780319654.526631355,0.0,-1.5707963267948966,1.5707963267948966,-3.141592653589793,-1.5707963267948966,0.0
1780319654.536458254,0.0,-1.5707963267948966,1.5707963267948966,-3.141592653589793,-1.5707963267948966,0.0
1780319654.546715260,0.0,-1.5707963267948966,1.5707963267948966,-3.141592653589793,-1.5707963267948966,0.0
1780319654.556382895,0.0,-1.5707963267948966,1.5707963267948966,-3.141592653589793,-1.5707963267948966,0.0
1780319654.566835165,0.0,-1.5707963267948966,1.5707963267948966,-3.141592653589793,-1.5707963267948966,0.0
1780319654.576515436,0.0,-1.5707963267948966,1.5707963267948966,-3.141592653589793,-1.5707963267948966,0.0
1780319654.586658001,0.0,-1.5707963267948966,1.5707963267948966,-3.141592653589793,-1.5707963267948966,0.0
1780319654.596431494,0.0,-1.5707963267948966,1.5707963267948966,-3.141592653589793,-1.5707963267948966,0.0
1780319654.606696844,0.0,-1.5707963267948966,1.5707963267948966,-3.141592653589793,-1.5707963267948966,0.0
1780319654.616861820,0.0,-1.5707963267948966,1.5707963267948966,-3.141592653589793,-1.5707963267948966,0.0
1780319654.626404524,0.0,-1.5707963267948966,1.5707963267948966,-3.141592653589793,-1.5707963267948966,0.0
1780319654.636571407,0.0,-1.5707963267948966,1.5707963267948966,-3.141592653589793,-1.5707963267948966,0.0
1780319654.646470547,0.0,-1.5707963267948966,1.5707963267948966,-3.141592653589793,-1.5707963267948966,0.0
1780319654.657468557,0.0,-1.5707963267948966,1.5707963267948966,-3.141592653589793,-1.5707963267948966,0.0
1780319654.666863203,0.0,-1.5707963267948966,1.5707963267948966,-3.141592653589793,-1.5707963267948966,0.0
1780319654.677020073,0.0,-1.5707963267948966,1.5707963267948966,-3.141592653589793,-1.5707963267948966,0.0
1780319654.686422348,0.0,-1.5707963267948966,1.5707963267948966,-3.141592653589793,-1.5707963267948966,0.0
1780319654.696021557,0.0,-1.5707963267948966,1.5707963267948966,-3.141592653589793,-1.5707963267948966,0.0
1780319654.705894709,0.0,-1.5707963267948966,1.5707963267948966,-3.141592653589793,-1.5707963267948966,0.0
1780319654.716440439,0.0,-1.5707963267948966,1.5707963267948966,-3.141592653589793,-1.5707963267948966,0.0
1780319654.725964308,0.0,-1.5707963267948966,1.5707963267948966,-3.141592653589793,-1.5707963267948966,0.0
1780319654.736047506,0.0,-1.5707963267948966,1.5707963267948966,-3.141592653589793,-1.5707963267948966,0.0
1780319654.746402979,0.0,-1.5707963267948966,1.5707963267948966,-3.141592653589793,-1.5707963267948966,0.0
1780319654.756862164,0.0,-1.5707963267948966,1.5707963267948966,-3.141592653589793,-1.5707963267948966,0.0
1780319654.767132759,0.0,-1.5707963267948966,1.5707963267948966,-3.141592653589793,-1.5707963267948966,0.0
1780319654.776637793,0.0,-1.5707963267948966,1.5707963267948966,-3.141592653589793,-1.5707963267948966,0.0
1780319654.786422968,0.0,-1.5707963267948966,1.5707963267948966,-3.141592653589793,-1.5707963267948966,0.0
1780319654.796377659,0.0,-1.5707963267948966,1.5707963267948966,-3.141592653589793,-1.5707963267948966,0.0
1780319654.806082487,0.0,-1.5707963267948966,1.5707963267948966,-3.141592653589793,-1.5707963267948966,0.0
1780319654.816090107,0.0,-1.5707963267948966,1.5707963267948966,-3.141592653589793,-1.5707963267948966,0.0
1780319654.826080561,0.0,-1.5707963267948966,1.5707963267948966,-3.141592653589793,-1.5707963267948966,0.0
1780319654.835918427,0.0,-1.5707963267948966,1.5707963267948966,-3.141592653589793,-1.5707963267948966,0.0
1780319654.846017838,0.0,-1.5707963267948966,1.5707963267948966,-3.141592653589793,-1.5707963267948966,0.0
1780319654.856876373,0.0,-1.5707963267948966,1.5707963267948966,-3.141592653589793,-1.5707963267948966,0.0
1780319654.866612673,0.0,-1.5707963267948966,1.5707963267948966,-3.141592653589793,-1.5707963267948966,0.0
1780319654.876644611,0.0,-1.5707963267948966,1.5707963267948966,-3.141592653589793,-1.5707963267948966,0.0
1780319654.886304617,0.0,-1.5707963267948966,1.5707963267948966,-3.141592653589793,-1.5707963267948966,0.0
1780319654.896188498,0.0,-1.5707963267948966,1.5707963267948966,-3.141592653589793,-1.5707963267948966,0.0
1780319654.906914473,0.0,-1.5707963267948966,1.5707963267948966,-3.141592653589793,-1.5707963267948966,0.0
1780319654.916238785,0.0,-1.5707963267948966,1.5707963267948966,-3.141592653589793,-1.5707963267948966,0.0
1780319654.927484989,0.0,-1.5707963267948966,1.5707963267948966,-3.141592653589793,-1.5707963267948966,0.0
1780319654.937053919,0.0,-1.5707963267948966,1.5707963267948966,-3.141592653589793,-1.5707963267948966,0.0
1780319654.947085619,0.0,-1.5707963267948966,1.5707963267948966,-3.141592653589793,-1.5707963267948966,0.0
1780319654.957017183,0.0,-1.5707963267948966,1.5707963267948966,-3.141592653589793,-1.5707963267948966,0.0
1780319654.966201544,0.0,-1.5707963267948966,1.5707963267948966,-3.141592653589793,-1.5707963267948966,0.0
1780319654.976835728,0.0,-1.5707963267948966,1.5707963267948966,-3.141592653589793,-1.5707963267948966,0.0
1780319654.986756802,0.0,-1.5707963267948966,1.5707963267948966,-3.141592653589793,-1.5707963267948966,0.0
1780319654.996509075,0.0,-1.5707963267948966,1.5707963267948966,-3.141592653589793,-1.5707963267948966,0.0
1780319655.006750822,0.0,-1.5707963267948966,1.5707963267948966,-3.141592653589793,-1.5707963267948966,0.0
1780319655.016869307,0.0,-1.5707963267948966,1.5707963267948966,-3.141592653589793,-1.5707963267948966,0.0
1780319655.026342392,0.0,-1.5707963267948966,1.5707963267948966,-3.141592653589793,-1.5707963267948966,0.0
1780319655.036594629,0.0,-1.5707963267948966,1.5707963267948966,-3.141592653589793,-1.5707963267948966,0.0
1780319655.047188044,0.0,-1.5707963267948966,1.5707963267948966,-3.141592653589793,-1.5707963267948966,0.0
1780319655.056125641,0.0,-1.5707963267948966,1.5707963267948966,-3.141592653589793,-1.5707963267948966,0.0
1780319655.066505909,0.0,-1.5707963267948966,1.5707963267948966,-3.141592653589793,-1.5707963267948966,0.0
1780319655.076634884,0.0,-1.5707963267948966,1.5707963267948966,-3.141592653589793,-1.5707963267948966,0.0
1780319655.086815119,0.0,-1.5707963267948966,1.5707963267948966,-3.141592653589793,-1.5707963267948966,0.0
1780319655.096561670,0.0,-1.5707963267948966,1.5707963267948966,-3.141592653589793,-1.5707963267948966,0.0
1780319655.106199741,0.0,-1.5707963267948966,1.5707963267948966,-3.141592653589793,-1.5707963267948966,0.0
1780319655.116289616,0.0,-1.5707963267948966,1.5707963267948966,-3.141592653589793,-1.5707963267948966,0.0
1780319655.126511097,0.0,-1.5707963267948966,1.5707963267948966,-3.141592653589793,-1.5707963267948966,0.0
1780319655.137681961,0.0,-1.5707963267948966,1.5707963267948966,-3.141592653589793,-1.5707963267948966,0.0
1780319655.145999193,0.0,-1.5707963267948966,1.5707963267948966,-3.141592653589793,-1.5707963267948966,0.0
1780319655.156367779,0.0,-1.5707963267948966,1.5707963267948966,-3.141592653589793,-1.5707963267948966,0.0
1780319655.166448593,0.0,-1.5707963267948966,1.5707963267948966,-3.141592653589793,-1.5707963267948966,0.0
1780319655.176507473,0.0,-1.5707963267948966,1.5707963267948966,-3.141592653589793,-1.5707963267948966,0.0
1780319655.186894178,0.0,-1.5707963267948966,1.5707963267948966,-3.141592653589793,-1.5707963267948966,0.0
1780319655.196969032,0.0,-1.5707963267948966,1.5707963267948966,-3.141592653589793,-1.5707963267948966,0.0
1780319655.205848932,0.0,-1.5707963267948966,1.5707963267948966,-3.141592653589793,-1.5707963267948966,0.0
1780319655.215872526,0.0,-1.5707963267948966,1.5707963267948966,-3.141592653589793,-1.5707963267948966,0.0
1780319655.226068497,0.0,-1.5707963267948966,1.5707963267948966,-3.141592653589793,-1.5707963267948966,0.0
1780319655.236163616,0.0,-1.5707963267948966,1.5707963267948966,-3.141592653589793,-1.5707963267948966,0.0
1780319655.246213436,0.0,-1.5707963267948966,1.5707963267948966,-3.141592653589793,-1.5707963267948966,0.0
1780319655.256752968,0.0,-1.5707963267948966,1.5707963267948966,-3.141592653589793,-1.5707963267948966,0.0
1780319655.267134666,0.0,-1.5707963267948966,1.5707963267948966,-3.141592653589793,-1.5707963267948966,0.0
1780319655.276964664,0.0,-1.5707963267948966,1.5707963267948966,-3.141592653589793,-1.5707963267948966,0.0
1780319655.286519766,0.0,-1.5707963267948966,1.5707963267948966,-3.141592653589793,-1.5707963267948966,0.0
1780319655.296660662,0.0,-1.5707963267948966,1.5707963267948966,-3.141592653589793,-1.5707963267948966,0.0
1780319655.306324244,0.0,-1.5707963267948966,1.5707963267948966,-3.141592653589793,-1.5707963267948966,0.0
1780319655.316294193,0.0,-1.5707963267948966,1.5707963267948966,-3.141592653589793,-1.5707963267948966,0.0
1780319655.326070070,0.0,-1.5707963267948966,1.5707963267948966,-3.141592653589793,-1.5707963267948966,0.0
1780319655.336142778,0.0,-1.5707963267948966,1.5707963267948966,-3.141592653589793,-1.5707963267948966,0.0
1780319655.345975161,0.0,-1.5707963267948966,1.5707963267948966,-3.141592653589793,-1.5707963267948966,0.0
1780319655.356199026,0.0,-1.5707963267948966,1.5707963267948966,-3.141592653589793,-1.5707963267948966,0.0
1780319655.366181374,0.0,-1.5707963267948966,1.5707963267948966,-3.141592653589793,-1.5707963267948966,0.0
1780319655.375819206,0.0,-1.5707963267948966,1.5707963267948966,-3.141592653589793,-1.5707963267948966,0.0
1780319655.386941433,0.0,-1.5707963267948966,1.5707963267948966,-3.141592653589793,-1.5707963267948966,0.0
1780319655.396001577,0.0,-1.5707963267948966,1.5707963267948966,-3.141592653589793,-1.5707963267948966,0.0
1780319655.406029224,0.0,-1.5707963267948966,1.5707963267948966,-3.141592653589793,-1.5707963267948966,0.0
1780319655.416815758,0.0,-1.5707963267948966,1.5707963267948966,-3.141592653589793,-1.5707963267948966,0.0
1780319655.426047087,0.0,-1.5707963267948966,1.5707963267948966,-3.141592653589793,-1.5707963267948966,0.0
1780319655.436092377,0.0,-1.5707963267948966,1.5707963267948966,-3.141592653589793,-1.5707963267948966,0.0
1780319655.446408510,0.0,-1.5707963267948966,1.5707963267948966,-3.141592653589793,-1.5707963267948966,0.0
1780319655.456565380,0.0,-1.5707963267948966,1.5707963267948966,-3.141592653589793,-1.5707963267948966,0.0
1780319655.466433764,0.0,-1.5707963267948966,1.5707963267948966,-3.141592653589793,-1.5707963267948966,0.0
1780319655.477006912,0.0,-1.5707963267948966,1.5707963267948966,-3.141592653589793,-1.5707963267948966,0.0
1780319655.486612082,0.0,-1.5707963267948966,1.5707963267948966,-3.141592653589793,-1.5707963267948966,0.0
1780319655.496629715,0.0,-1.5707963267948966,1.5707963267948966,-3.141592653589793,-1.5707963267948966,0.0
1780319655.506338120,0.0,-1.5707963267948966,1.5707963267948966,-3.141592653589793,-1.5707963267948966,0.0
1780319655.516051769,0.0,-1.5707963267948966,1.5707963267948966,-3.141592653589793,-1.5707963267948966,0.0
1780319655.525998354,0.0,-1.5707963267948966,1.5707963267948966,-3.141592653589793,-1.5707963267948966,0.0
1780319655.535951614,0.0,-1.5707963267948966,1.5707963267948966,-3.141592653589793,-1.5707963267948966,0.0
1780319655.546094418,0.0,-1.5707963267948966,1.5707963267948966,-3.141592653589793,-1.5707963267948966,0.0
1780319655.556137085,0.0,-1.5707963267948966,1.5707963267948966,-3.141592653589793,-1.5707963267948966,0.0
1780319655.565871239,0.0,-1.5707963267948966,1.5707963267948966,-3.141592653589793,-1.5707963267948966,0.0
1780319655.576100111,0.0,-1.5707963267948966,1.5707963267948966,-3.141592653589793,-1.5707963267948966,0.0
1780319655.585855484,0.0,-1.5707963267948966,1.5707963267948966,-3.141592653589793,-1.5707963267948966,0.0
1780319655.596160889,0.0,-1.5707963267948966,1.5707963267948966,-3.141592653589793,-1.5707963267948966,0.0
1780319655.606619596,0.0,-1.5707963267948966,1.5707963267948966,-3.141592653589793,-1.5707963267948966,0.0
1780319655.616675138,0.0,-1.5707963267948966,1.5707963267948966,-3.141592653589793,-1.5707963267948966,0.0
1780319655.626325369,0.0,-1.5707963267948966,1.5707963267948966,-3.141592653589793,-1.5707963267948966,0.0
1780319655.636651278,0.0,-1.5707963267948966,1.5707963267948966,-3.141592653589793,-1.5707963267948966,0.0
1780319655.646649361,0.0,-1.5707963267948966,1.5707963267948966,-3.141592653589793,-1.5707963267948966,0.0
1780319655.656724930,0.0,-1.5707963267948966,1.5707963267948966,-3.141592653589793,-1.5707963267948966,0.0
1780319655.666565657,0.0,-1.5707963267948966,1.5707963267948966,-3.141592653589793,-1.5707963267948966,0.0
1780319655.676450253,0.0,-1.5707963267948966,1.5707963267948966,-3.141592653589793,-1.5707963267948966,0.0
1780319655.686946630,0.0,-1.5707963267948966,1.5707963267948966,-3.141592653589793,-1.5707963267948966,0.0
1780319655.696466208,0.0,-1.5707963267948966,1.5707963267948966,-3.141592653589793,-1.5707963267948966,0.0
1780319655.706933260,0.0,-1.5707963267948966,1.5707963267948966,-3.141592653589793,-1.5707963267948966,0.0
1780319655.716537237,0.0,-1.5707963267948966,1.5707963267948966,-3.141592653589793,-1.5707963267948966,0.0
1780319655.726378441,0.0,-1.5707963267948966,1.5707963267948966,-3.141592653589793,-1.5707963267948966,0.0
1780319655.736294985,0.0,-1.5707963267948966,1.5707963267948966,-3.141592653589793,-1.5707963267948966,0.0
1780319655.746175051,0.0,-1.5707963267948966,1.5707963267948966,-3.141592653589793,-1.5707963267948966,0.0
1780319655.756333113,0.0,-1.5707963267948966,1.5707963267948966,-3.141592653589793,-1.5707963267948966,0.0
1780319655.766479969,0.0,-1.5707963267948966,1.5707963267948966,-3.141592653589793,-1.5707963267948966,0.0
1780319655.776275635,0.0,-1.5707963267948966,1.5707963267948966,-3.141592653589793,-1.5707963267948966,0.0
1780319655.786206722,0.0,-1.5707963267948966,1.5707963267948966,-3.141592653589793,-1.5707963267948966,0.0
1780319655.796661615,0.0,-1.5707963267948966,1.5707963267948966,-3.141592653589793,-1.5707963267948966,0.0
1780319655.806450367,0.0,-1.5707963267948966,1.5707963267948966,-3.141592653589793,-1.5707963267948966,0.0
1780319655.816438437,0.0,-1.5707963267948966,1.5707963267948966,-3.141592653589793,-1.5707963267948966,0.0
1780319655.826180220,0.0,-1.5707963267948966,1.5707963267948966,-3.141592653589793,-1.5707963267948966,0.0
1780319655.836041689,0.0,-1.5707963267948966,1.5707963267948966,-3.141592653589793,-1.5707963267948966,0.0
1780319655.846171141,0.0,-1.5707963267948966,1.5707963267948966,-3.141592653589793,-1.5707963267948966,0.0
1780319655.855944633,0.0,-1.5707963267948966,1.5707963267948966,-3.141592653589793,-1.5707963267948966,0.0
1780319655.866130114,0.0,-1.5707963267948966,1.5707963267948966,-3.141592653589793,-1.5707963267948966,0.0
1780319655.875976086,0.0,-1.5707963267948966,1.5707963267948966,-3.141592653589793,-1.5707963267948966,0.0
1780319655.885794163,0.0,-1.5707963267948966,1.5707963267948966,-3.141592653589793,-1.5707963267948966,0.0
1780319655.896449566,0.0,-1.5707963267948966,1.5707963267948966,-3.141592653589793,-1.5707963267948966,0.0
1780319655.905896902,0.0,-1.5707963267948966,1.5707963267948966,-3.141592653589793,-1.5707963267948966,0.0
1780319655.916892290,0.0,-1.5707963267948966,1.5707963267948966,-3.141592653589793,-1.5707963267948966,0.0
1780319655.926452875,0.0,-1.5707963267948966,1.5707963267948966,-3.141592653589793,-1.5707963267948966,0.0
1780319655.936888933,0.0,-1.5707963267948966,1.5707963267948966,-3.141592653589793,-1.5707963267948966,0.0
1780319655.946694613,0.0,-1.5707963267948966,1.5707963267948966,-3.141592653589793,-1.5707963267948966,0.0
1780319655.956625700,0.0,-1.5707963267948966,1.5707963267948966,-3.141592653589793,-1.5707963267948966,0.0
1780319655.967133760,0.0,-1.5707963267948966,1.5707963267948966,-3.141592653589793,-1.5707963267948966,0.0
1780319655.976826906,0.0,-1.5707963267948966,1.5707963267948966,-3.141592653589793,-1.5707963267948966,0.0
1780319655.986502886,0.0,-1.5707963267948966,1.5707963267948966,-3.141592653589793,-1.5707963267948966,0.0
1780319655.996464491,0.0,-1.5707963267948966,1.5707963267948966,-3.141592653589793,-1.5707963267948966,0.0
1780319656.006773472,0.0,-1.5707963267948966,1.5707963267948966,-3.141592653589793,-1.5707963267948966,0.0
1780319656.016433954,0.0,-1.5707963267948966,1.5707963267948966,-3.141592653589793,-1.5707963267948966,0.0
1780319656.026205063,0.0,-1.5707963267948966,1.5707963267948966,-3.141592653589793,-1.5707963267948966,0.0
1780319656.036301613,0.0,-1.5707963267948966,1.5707963267948966,-3.141592653589793,-1.5707963267948966,0.0
1780319656.045973301,0.0,-1.5707963267948966,1.5707963267948966,-3.141592653589793,-1.5707963267948966,0.0
1780319656.056410313,0.0,-1.5707963267948966,1.5707963267948966,-3.141592653589793,-1.5707963267948966,0.0
1780319656.065945864,0.0,-1.5707963267948966,1.5707963267948966,-3.141592653589793,-1.5707963267948966,0.0
1780319656.076524496,0.0,-1.5707963267948966,1.5707963267948966,-3.141592653589793,-1.5707963267948966,0.0
1780319656.086394548,0.0,-1.5707963267948966,1.5707963267948966,-3.141592653589793,-1.5707963267948966,0.0
1780319656.096946478,0.0,-1.5707963267948966,1.5707963267948966,-3.141592653589793,-1.5707963267948966,0.0
1780319656.106056213,0.0,-1.5707963267948966,1.5707963267948966,-3.141592653589793,-1.5707963267948966,0.0
1780319656.116871119,0.0,-1.5707963267948966,1.5707963267948966,-3.141592653589793,-1.5707963267948966,0.0
1780319656.126202822,0.0,-1.5707963267948966,1.5707963267948966,-3.141592653589793,-1.5707963267948966,0.0
1780319656.136510134,0.0,-1.5707963267948966,1.5707963267948966,-3.141592653589793,-1.5707963267948966,0.0
1780319656.146815777,0.0,-1.5707963267948966,1.5707963267948966,-3.141592653589793,-1.5707963267948966,0.0
1780319656.156915426,0.0,-1.5707963267948966,1.5707963267948966,-3.141592653589793,-1.5707963267948966,0.0
1780319656.167046070,0.0,-1.5707963267948966,1.5707963267948966,-3.141592653589793,-1.5707963267948966,0.0
1780319656.176424742,0.0,-1.5707963267948966,1.5707963267948966,-3.141592653589793,-1.5707963267948966,0.0
1780319656.187098265,0.0,-1.5707963267948966,1.5707963267948966,-3.141592653589793,-1.5707963267948966,0.0
1780319656.196604967,0.0,-1.5707963267948966,1.5707963267948966,-3.141592653589793,-1.5707963267948966,0.0
1780319656.206417322,0.0,-1.5707963267948966,1.5707963267948966,-3.141592653589793,-1.5707963267948966,0.0
1780319656.216270924,0.0,-1.5707963267948966,1.5707963267948966,-3.141592653589793,-1.5707963267948966,0.0
1780319656.226538420,0.0,-1.5707963267948966,1.5707963267948966,-3.141592653589793,-1.5707963267948966,0.0
1780319656.236901760,0.0,-1.5707963267948966,1.5707963267948966,-3.141592653589793,-1.5707963267948966,0.0
1780319656.247433662,0.0,-1.5707963267948966,1.5707963267948966,-3.141592653589793,-1.5707963267948966,0.0
1780319656.257081032,0.0,-1.5707963267948966,1.5707963267948966,-3.141592653589793,-1.5707963267948966,0.0
1780319656.267197847,0.0,-1.5707963267948966,1.5707963267948966,-3.141592653589793,-1.5707963267948966,0.0
1780319656.276866674,0.0,-1.5707963267948966,1.5707963267948966,-3.141592653589793,-1.5707963267948966,0.0
1780319656.286427259,0.0,-1.5707963267948966,1.5707963267948966,-3.141592653589793,-1.5707963267948966,0.0
1780319656.296543598,0.0,-1.5707963267948966,1.5707963267948966,-3.141592653589793,-1.5707963267948966,0.0
1780319656.306554794,0.0,-1.5707963267948966,1.5707963267948966,-3.141592653589793,-1.5707963267948966,0.0
1780319656.316554308,0.0,-1.5707963267948966,1.5707963267948966,-3.141592653589793,-1.5707963267948966,0.0
1780319656.327144861,0.0,-1.5707963267948966,1.5707963267948966,-3.141592653589793,-1.5707963267948966,0.0
1780319656.336529016,0.0,-1.5707963267948966,1.5707963267948966,-3.141592653589793,-1.5707963267948966,0.0
1780319656.346100569,0.0,-1.5707963267948966,1.5707963267948966,-3.141592653589793,-1.5707963267948966,0.0
1780319656.356629848,0.0,-1.5707963267948966,1.5707963267948966,-3.141592653589793,-1.5707963267948966,0.0
1780319656.366534948,0.0,-1.5707963267948966,1.5707963267948966,-3.141592653589793,-1.5707963267948966,0.0
1780319656.377310514,0.0,-1.5707963267948966,1.5707963267948966,-3.141592653589793,-1.5707963267948966,0.0
1780319656.386079550,0.0,-1.5707963267948966,1.5707963267948966,-3.141592653589793,-1.5707963267948966,0.0
1780319656.396279335,0.0,-1.5707963267948966,1.5707963267948966,-3.141592653589793,-1.5707963267948966,0.0
1780319656.405855894,0.0,-1.5707963267948966,1.5707963267948966,-3.141592653589793,-1.5707963267948966,0.0
1780319656.415924549,0.0,-1.5707963267948966,1.5707963267948966,-3.141592653589793,-1.5707963267948966,0.0
1780319656.425891399,0.0,-1.5707963267948966,1.5707963267948966,-3.141592653589793,-1.5707963267948966,0.0
1780319656.436003685,0.0,-1.5707963267948966,1.5707963267948966,-3.141592653589793,-1.5707963267948966,0.0
1780319656.445953846,0.0,-1.5707963267948966,1.5707963267948966,-3.141592653589793,-1.5707963267948966,0.0
1780319656.456163883,0.0,-1.5707963267948966,1.5707963267948966,-3.141592653589793,-1.5707963267948966,0.0
1780319656.466534853,0.0,-1.5707963267948966,1.5707963267948966,-3.141592653589793,-1.5707963267948966,0.0
1780319656.476433516,0.0,-1.5707963267948966,1.5707963267948966,-3.141592653589793,-1.5707963267948966,0.0
1780319656.486593962,0.0,-1.5707963267948966,1.5707963267948966,-3.141592653589793,-1.5707963267948966,0.0
1780319656.496691465,0.0,-1.5707963267948966,1.5707963267948966,-3.141592653589793,-1.5707963267948966,0.0
1780319656.506544590,0.0,-1.5707963267948966,1.5707963267948966,-3.141592653589793,-1.5707963267948966,0.0
1780319656.516873360,0.0,-1.5707963267948966,1.5707963267948966,-3.141592653589793,-1.5707963267948966,0.0
1780319656.526647091,0.0,-1.5707963267948966,1.5707963267948966,-3.141592653589793,-1.5707963267948966,0.0
1780319656.536729097,0.0,-1.5707963267948966,1.5707963267948966,-3.141592653589793,-1.5707963267948966,0.0
1780319656.546332836,0.0,-1.5707963267948966,1.5707963267948966,-3.141592653589793,-1.5707963267948966,0.0
1780319656.556411505,0.0,-1.5707963267948966,1.5707963267948966,-3.141592653589793,-1.5707963267948966,0.0
1780319656.566077948,0.0,-1.5707963267948966,1.5707963267948966,-3.141592653589793,-1.5707963267948966,0.0
1780319656.576133013,0.0,-1.5707963267948966,1.5707963267948966,-3.141592653589793,-1.5707963267948966,0.0
1780319656.586023569,0.0,-1.5707963267948966,1.5707963267948966,-3.141592653589793,-1.5707963267948966,0.0
1780319656.596004486,0.0,-1.5707963267948966,1.5707963267948966,-3.141592653589793,-1.5707963267948966,0.0
1780319656.605886936,0.0,-1.5707963267948966,1.5707963267948966,-3.141592653589793,-1.5707963267948966,0.0
1780319656.615944624,0.0,-1.5707963267948966,1.5707963267948966,-3.141592653589793,-1.5707963267948966,0.0
1780319656.626111031,0.0,-1.5707963267948966,1.5707963267948966,-3.141592653589793,-1.5707963267948966,0.0
1780319656.635966539,0.0,-1.5707963267948966,1.5707963267948966,-3.141592653589793,-1.5707963267948966,0.0
1780319656.646037340,0.0,-1.5707963267948966,1.5707963267948966,-3.141592653589793,-1.5707963267948966,0.0
1780319656.656459808,0.0,-1.5707963267948966,1.5707963267948966,-3.141592653589793,-1.5707963267948966,0.0
1780319656.667055368,0.0,-1.5707963267948966,1.5707963267948966,-3.141592653589793,-1.5707963267948966,0.0
1780319656.676173687,0.0,-1.5707963267948966,1.5707963267948966,-3.141592653589793,-1.5707963267948966,0.0
1780319656.686544657,0.0,-1.5707963267948966,1.5707963267948966,-3.141592653589793,-1.5707963267948966,0.0
1780319656.696476221,0.0,-1.5707963267948966,1.5707963267948966,-3.141592653589793,-1.5707963267948966,0.0
1780319656.706508398,0.0,-1.5707963267948966,1.5707963267948966,-3.141592653589793,-1.5707963267948966,0.0
1780319656.716614962,0.0,-1.5707963267948966,1.5707963267948966,-3.141592653589793,-1.5707963267948966,0.0
1780319656.726831198,0.0,-1.5707963267948966,1.5707963267948966,-3.141592653589793,-1.5707963267948966,0.0
1780319656.736516237,0.0,-1.5707963267948966,1.5707963267948966,-3.141592653589793,-1.5707963267948966,0.0
1780319656.746930361,0.0,-1.5707963267948966,1.5707963267948966,-3.141592653589793,-1.5707963267948966,0.0
1780319656.757269144,0.0,-1.5707963267948966,1.5707963267948966,-3.141592653589793,-1.5707963267948966,0.0
1780319656.766595840,0.0,-1.5707963267948966,1.5707963267948966,-3.141592653589793,-1.5707963267948966,0.0
1780319656.776309013,0.0,-1.5707963267948966,1.5707963267948966,-3.141592653589793,-1.5707963267948966,0.0
1780319656.786700487,0.0,-1.5707963267948966,1.5707963267948966,-3.141592653589793,-1.5707963267948966,0.0
1780319656.796867847,0.0,-1.5707963267948966,1.5707963267948966,-3.141592653589793,-1.5707963267948966,0.0
1780319656.807208538,0.0,-1.5707963267948966,1.5707963267948966,-3.141592653589793,-1.5707963267948966,0.0
1780319656.816900730,0.0,-1.5707963267948966,1.5707963267948966,-3.141592653589793,-1.5707963267948966,0.0
1780319656.826976776,0.0,-1.5707963267948966,1.5707963267948966,-3.141592653589793,-1.5707963267948966,0.0
1780319656.836883068,0.0,-1.5707963267948966,1.5707963267948966,-3.141592653589793,-1.5707963267948966,0.0
1780319656.846469641,0.0,-1.5707963267948966,1.5707963267948966,-3.141592653589793,-1.5707963267948966,0.0
1780319656.856835604,0.0,-1.5707963267948966,1.5707963267948966,-3.141592653589793,-1.5707963267948966,0.0
1780319656.866224051,0.0,-1.5707963267948966,1.5707963267948966,-3.141592653589793,-1.5707963267948966,0.0
1780319656.876428843,0.0,-1.5707963267948966,1.5707963267948966,-3.141592653589793,-1.5707963267948966,0.0
1780319656.885968447,0.0,-1.5707963267948966,1.5707963267948966,-3.141592653589793,-1.5707963267948966,0.0
1780319656.896138191,0.0,-1.5707963267948966,1.5707963267948966,-3.141592653589793,-1.5707963267948966,0.0
1780319656.905907869,0.0,-1.5707963267948966,1.5707963267948966,-3.141592653589793,-1.5707963267948966,0.0
1780319656.916367054,0.0,-1.5707963267948966,1.5707963267948966,-3.141592653589793,-1.5707963267948966,0.0
1780319656.926109076,0.0,-1.5707963267948966,1.5707963267948966,-3.141592653589793,-1.5707963267948966,0.0
1780319656.935953856,0.0,-1.5707963267948966,1.5707963267948966,-3.141592653589793,-1.5707963267948966,0.0
1780319656.946559429,0.0,-1.5707963267948966,1.5707963267948966,-3.141592653589793,-1.5707963267948966,0.0
1780319656.957475901,0.0,-1.5707963267948966,1.5707963267948966,-3.141592653589793,-1.5707963267948966,0.0
1780319656.966156483,0.0,-1.5707963267948966,1.5707963267948966,-3.141592653589793,-1.5707963267948966,0.0
1780319656.976838827,0.0,-1.5707963267948966,1.5707963267948966,-3.141592653589793,-1.5707963267948966,0.0
1780319656.986830711,0.0,-1.5707963267948966,1.5707963267948966,-3.141592653589793,-1.5707963267948966,0.0
1780319656.996819973,0.0,-1.5707963267948966,1.5707963267948966,-3.141592653589793,-1.5707963267948966,0.0
1780319657.006633520,0.0,-1.5707963267948966,1.5707963267948966,-3.141592653589793,-1.5707963267948966,0.0
1780319657.016963005,0.0,-1.5707963267948966,1.5707963267948966,-3.141592653589793,-1.5707963267948966,0.0
1780319657.026430130,0.0,-1.5707963267948966,1.5707963267948966,-3.141592653589793,-1.5707963267948966,0.0
1780319657.036515951,0.0,-1.5707963267948966,1.5707963267948966,-3.141592653589793,-1.5707963267948966,0.0
1780319657.046079636,0.0,-1.5707963267948966,1.5707963267948966,-3.141592653589793,-1.5707963267948966,0.0
1780319657.056251049,0.0,-1.5707963267948966,1.5707963267948966,-3.141592653589793,-1.5707963267948966,0.0
1780319657.066177607,0.0,-1.5707963267948966,1.5707963267948966,-3.141592653589793,-1.5707963267948966,0.0
1780319657.075952291,0.0,-1.5707963267948966,1.5707963267948966,-3.141592653589793,-1.5707963267948966,0.0
1780319657.086284399,0.0,-1.5707963267948966,1.5707963267948966,-3.141592653589793,-1.5707963267948966,0.0
1780319657.095999718,0.0,-1.5707963267948966,1.5707963267948966,-3.141592653589793,-1.5707963267948966,0.0
1780319657.105992556,0.0,-1.5707963267948966,1.5707963267948966,-3.141592653589793,-1.5707963267948966,0.0
1780319657.116038799,0.0,-1.5707963267948966,1.5707963267948966,-3.141592653589793,-1.5707963267948966,0.0
1780319657.126252413,0.0,-1.5707963267948966,1.5707963267948966,-3.141592653589793,-1.5707963267948966,0.0
1780319657.137112617,0.0,-1.5707963267948966,1.5707963267948966,-3.141592653589793,-1.5707963267948966,0.0
1780319657.147890806,0.0,-1.5707963267948966,1.5707963267948966,-3.141592653589793,-1.5707963267948966,0.0
1780319657.158627510,0.0,-1.5707963267948966,1.5707963267948966,-3.141592653589793,-1.5707963267948966,0.0
1780319657.168154001,0.0,-1.5707963267948966,1.5707963267948966,-3.141592653589793,-1.5707963267948966,0.0
1780319657.177822351,0.0,-1.5707963267948966,1.5707963267948966,-3.141592653589793,-1.5707963267948966,0.0
1780319657.187452078,0.0,-1.5707963267948966,1.5707963267948966,-3.141592653589793,-1.5707963267948966,0.0
1780319657.197673321,0.0,-1.5707963267948966,1.5707963267948966,-3.141592653589793,-1.5707963267948966,0.0
1780319657.207400322,0.0,-1.5707963267948966,1.5707963267948966,-3.141592653589793,-1.5707963267948966,0.0
1780319657.217561007,0.0,-1.5707963267948966,1.5707963267948966,-3.141592653589793,-1.5707963267948966,0.0
1780319657.227537870,0.0,-1.5707963267948966,1.5707963267948966,-3.141592653589793,-1.5707963267948966,0.0
1780319657.237419844,0.0,-1.5707963267948966,1.5707963267948966,-3.141592653589793,-1.5707963267948966,0.0
1780319657.247531652,0.0,-1.5707963267948966,1.5707963267948966,-3.141592653589793,-1.5707963267948966,0.0
1780319657.257399559,0.0,-1.5707963267948966,1.5707963267948966,-3.141592653589793,-1.5707963267948966,0.0
1780319657.267633677,0.0,-1.5707963267948966,1.5707963267948966,-3.141592653589793,-1.5707963267948966,0.0
1780319657.277525187,0.0,-1.5707963267948966,1.5707963267948966,-3.141592653589793,-1.5707963267948966,0.0
1780319657.287905931,0.0,-1.5707963267948966,1.5707963267948966,-3.141592653589793,-1.5707963267948966,0.0
1780319657.297805071,0.0,-1.5707963267948966,1.5707963267948966,-3.141592653589793,-1.5707963267948966,0.0
1780319657.307517290,0.0,-1.5707963267948966,1.5707963267948966,-3.141592653589793,-1.5707963267948966,0.0
1780319657.317578316,0.0,-1.5707963267948966,1.5707963267948966,-3.141592653589793,-1.5707963267948966,0.0
1780319657.327381611,0.0,-1.5707963267948966,1.5707963267948966,-3.141592653589793,-1.5707963267948966,0.0
1780319657.337156296,0.0,-1.5707963267948966,1.5707963267948966,-3.141592653589793,-1.5707963267948966,0.0
1780319657.347060442,0.0,-1.5707963267948966,1.5707963267948966,-3.141592653589793,-1.5707963267948966,0.0
1780319657.357877016,0.0,-1.5707963267948966,1.5707963267948966,-3.141592653589793,-1.5707963267948966,0.0
1780319657.367841721,0.0,-1.5707963267948966,1.5707963267948966,-3.141592653589793,-1.5707963267948966,0.0
1780319657.377796888,0.0,-1.5707963267948966,1.5707963267948966,-3.141592653589793,-1.5707963267948966,0.0
1780319657.387806892,0.0,-1.5707963267948966,1.5707963267948966,-3.141592653589793,-1.5707963267948966,0.0
1780319657.397731066,0.0,-1.5707963267948966,1.5707963267948966,-3.141592653589793,-1.5707963267948966,0.0
1780319657.407792091,0.0,-1.5707963267948966,1.5707963267948966,-3.141592653589793,-1.5707963267948966,0.0
1780319657.417635441,0.0,-1.5707963267948966,1.5707963267948966,-3.141592653589793,-1.5707963267948966,0.0
1780319657.427437782,0.0,-1.5707963267948966,1.5707963267948966,-3.141592653589793,-1.5707963267948966,0.0
1780319657.437130213,0.0,-1.5707963267948966,1.5707963267948966,-3.141592653589793,-1.5707963267948966,0.0
1780319657.447067022,0.0,-1.5707963267948966,1.5707963267948966,-3.141592653589793,-1.5707963267948966,0.0
1780319657.457177401,0.0,-1.5707963267948966,1.5707963267948966,-3.141592653589793,-1.5707963267948966,0.0
1780319657.468030214,0.0,-1.5707963267948966,1.5707963267948966,-3.141592653589793,-1.5707963267948966,0.0
1780319657.477388382,0.0,-1.5707963267948966,1.5707963267948966,-3.141592653589793,-1.5707963267948966,0.0
1780319657.487757444,0.0,-1.5707963267948966,1.5707963267948966,-3.141592653589793,-1.5707963267948966,0.0
1780319657.498201370,0.0,-1.5707963267948966,1.5707963267948966,-3.141592653589793,-1.5707963267948966,0.0
1780319657.507310152,0.0,-1.5707963267948966,1.5707963267948966,-3.141592653589793,-1.5707963267948966,0.0
1780319657.518182278,0.0,-1.5707963267948966,1.5707963267948966,-3.141592653589793,-1.5707963267948966,0.0
1780319657.527724743,0.0,-1.5707963267948966,1.5707963267948966,-3.141592653589793,-1.5707963267948966,0.0
1780319657.537750244,0.0,-1.5707963267948966,1.5707963267948966,-3.141592653589793,-1.5707963267948966,0.0
1780319657.547618866,0.0,-1.5707963267948966,1.5707963267948966,-3.141592653589793,-1.5707963267948966,0.0
1780319657.557497501,0.0,-1.5707963267948966,1.5707963267948966,-3.141592653589793,-1.5707963267948966,0.0
1780319657.567399979,0.0,-1.5707963267948966,1.5707963267948966,-3.141592653589793,-1.5707963267948966,0.0
1780319657.577255487,0.0,-1.5707963267948966,1.5707963267948966,-3.141592653589793,-1.5707963267948966,0.0
1780319657.587141991,0.0,-1.5707963267948966,1.5707963267948966,-3.141592653589793,-1.5707963267948966,0.0
1780319657.597689867,0.0,-1.5707963267948966,1.5707963267948966,-3.141592653589793,-1.5707963267948966,0.0
1780319657.607161522,0.0,-1.5707963267948966,1.5707963267948966,-3.141592653589793,-1.5707963267948966,0.0
1780319657.617191553,0.0,-1.5707963267948966,1.5707963267948966,-3.141592653589793,-1.5707963267948966,0.0
1780319657.627794981,0.0,-1.5707963267948966,1.5707963267948966,-3.141592653589793,-1.5707963267948966,0.0
1780319657.637374640,0.0,-1.5707963267948966,1.5707963267948966,-3.141592653589793,-1.5707963267948966,0.0
1780319657.647886992,0.0,-1.5707963267948966,1.5707963267948966,-3.141592653589793,-1.5707963267948966,0.0
1780319657.657981157,0.0,-1.5707963267948966,1.5707963267948966,-3.141592653589793,-1.5707963267948966,0.0
1780319657.667265415,0.0,-1.5707963267948966,1.5707963267948966,-3.141592653589793,-1.5707963267948966,0.0
1780319657.677937746,0.0,-1.5707963267948966,1.5707963267948966,-3.141592653589793,-1.5707963267948966,0.0
1780319657.687780380,0.0,-1.5707963267948966,1.5707963267948966,-3.141592653589793,-1.5707963267948966,0.0
1780319657.698064566,0.0,-1.5707963267948966,1.5707963267948966,-3.141592653589793,-1.5707963267948966,0.0
1780319657.708158255,0.0,-1.5707963267948966,1.5707963267948966,-3.141592653589793,-1.5707963267948966,0.0
1780319657.717907429,0.0,-1.5707963267948966,1.5707963267948966,-3.141592653589793,-1.5707963267948966,0.0
1780319657.727718830,0.0,-1.5707963267948966,1.5707963267948966,-3.141592653589793,-1.5707963267948966,0.0
1780319657.737912178,0.0,-1.5707963267948966,1.5707963267948966,-3.141592653589793,-1.5707963267948966,0.0
1780319657.748343945,0.0,-1.5707963267948966,1.5707963267948966,-3.141592653589793,-1.5707963267948966,0.0
1780319657.758126259,0.0,-1.5707963267948966,1.5707963267948966,-3.141592653589793,-1.5707963267948966,0.0
1780319657.767452478,0.0,-1.5707963267948966,1.5707963267948966,-3.141592653589793,-1.5707963267948966,0.0
1780319657.777518034,0.0,-1.5707963267948966,1.5707963267948966,-3.141592653589793,-1.5707963267948966,0.0
1780319657.787730694,0.0,-1.5707963267948966,1.5707963267948966,-3.141592653589793,-1.5707963267948966,0.0
1780319657.797966242,0.0,-1.5707963267948966,1.5707963267948966,-3.141592653589793,-1.5707963267948966,0.0
1780319657.807682753,0.0,-1.5707963267948966,1.5707963267948966,-3.141592653589793,-1.5707963267948966,0.0
1780319657.817861557,0.0,-1.5707963267948966,1.5707963267948966,-3.141592653589793,-1.5707963267948966,0.0
1780319657.827733040,0.0,-1.5707963267948966,1.5707963267948966,-3.141592653589793,-1.5707963267948966,0.0
1780319657.838223457,0.0,-1.5707963267948966,1.5707963267948966,-3.141592653589793,-1.5707963267948966,0.0
1780319657.847378969,0.0,-1.5707963267948966,1.5707963267948966,-3.141592653589793,-1.5707963267948966,0.0
1780319657.857293606,0.0,-1.5707963267948966,1.5707963267948966,-3.141592653589793,-1.5707963267948966,0.0
1780319657.867059231,0.0,-1.5707963267948966,1.5707963267948966,-3.141592653589793,-1.5707963267948966,0.0
1780319657.877645254,0.0,-1.5707963267948966,1.5707963267948966,-3.141592653589793,-1.5707963267948966,0.0
1780319657.887181282,0.0,-1.5707963267948966,1.5707963267948966,-3.141592653589793,-1.5707963267948966,0.0
1780319657.897845507,0.0,-1.5707963267948966,1.5707963267948966,-3.141592653589793,-1.5707963267948966,0.0
1780319657.907695055,0.0,-1.5707963267948966,1.5707963267948966,-3.141592653589793,-1.5707963267948966,0.0
1780319657.917690039,0.0,-1.5707963267948966,1.5707963267948966,-3.141592653589793,-1.5707963267948966,0.0
1780319657.927952766,0.0,-1.5707963267948966,1.5707963267948966,-3.141592653589793,-1.5707963267948966,0.0
1780319657.937472343,0.0,-1.5707963267948966,1.5707963267948966,-3.141592653589793,-1.5707963267948966,0.0
1780319657.947675943,0.0,-1.5707963267948966,1.5707963267948966,-3.141592653589793,-1.5707963267948966,0.0
1780319657.957577944,0.0,-1.5707963267948966,1.5707963267948966,-3.141592653589793,-1.5707963267948966,0.0
1780319657.967209816,0.0,-1.5707963267948966,1.5707963267948966,-3.141592653589793,-1.5707963267948966,0.0
1780319657.977651596,0.0,-1.5707963267948966,1.5707963267948966,-3.141592653589793,-1.5707963267948966,0.0
1780319657.987223625,0.0,-1.5707963267948966,1.5707963267948966,-3.141592653589793,-1.5707963267948966,0.0
1780319657.997295141,0.0,-1.5707963267948966,1.5707963267948966,-3.141592653589793,-1.5707963267948966,0.0
1780319658.007097244,0.0,-1.5707963267948966,1.5707963267948966,-3.141592653589793,-1.5707963267948966,0.0
1780319658.017425537,0.0,-1.5707963267948966,1.5707963267948966,-3.141592653589793,-1.5707963267948966,0.0
1780319658.027156353,0.0,-1.5707963267948966,1.5707963267948966,-3.141592653589793,-1.5707963267948966,0.0
1780319658.037240505,0.0,-1.5707963267948966,1.5707963267948966,-3.141592653589793,-1.5707963267948966,0.0
1780319658.047030926,0.0,-1.5707963267948966,1.5707963267948966,-3.141592653589793,-1.5707963267948966,0.0
1780319658.057186365,0.0,-1.5707963267948966,1.5707963267948966,-3.141592653589793,-1.5707963267948966,0.0
1780319658.067797184,0.0,-1.5707963267948966,1.5707963267948966,-3.141592653589793,-1.5707963267948966,0.0
1780319658.077837706,0.0,-1.5707963267948966,1.5707963267948966,-3.141592653589793,-1.5707963267948966,0.0
1780319658.087813377,0.0,-1.5707963267948966,1.5707963267948966,-3.141592653589793,-1.5707963267948966,0.0
1780319658.098317623,0.0,-1.5707963267948966,1.5707963267948966,-3.141592653589793,-1.5707963267948966,0.0
1780319658.108113289,0.0,-1.5707963267948966,1.5707963267948966,-3.141592653589793,-1.5707963267948966,0.0
1780319658.117834568,0.0,-1.5707963267948966,1.5707963267948966,-3.141592653589793,-1.5707963267948966,0.0
1780319658.127644539,0.0,-1.5707963267948966,1.5707963267948966,-3.141592653589793,-1.5707963267948966,0.0
1780319658.137636185,0.0,-1.5707963267948966,1.5707963267948966,-3.141592653589793,-1.5707963267948966,0.0
1780319658.147535801,0.0,-1.5707963267948966,1.5707963267948966,-3.141592653589793,-1.5707963267948966,0.0
1780319658.157544613,0.0,-1.5707963267948966,1.5707963267948966,-3.141592653589793,-1.5707963267948966,0.0
1780319658.167394638,0.0,-1.5707963267948966,1.5707963267948966,-3.141592653589793,-1.5707963267948966,0.0
1780319658.177433252,0.0,-1.5707963267948966,1.5707963267948966,-3.141592653589793,-1.5707963267948966,0.0
1780319658.187262297,0.0,-1.5707963267948966,1.5707963267948966,-3.141592653589793,-1.5707963267948966,0.0
1780319658.197078228,0.0,-1.5707963267948966,1.5707963267948966,-3.141592653589793,-1.5707963267948966,0.0
1780319658.207183838,0.0,-1.5707963267948966,1.5707963267948966,-3.141592653589793,-1.5707963267948966,0.0
1780319658.217332125,0.0,-1.5707963267948966,1.5707963267948966,-3.141592653589793,-1.5707963267948966,0.0
1780319658.227443218,0.0,-1.5707963267948966,1.5707963267948966,-3.141592653589793,-1.5707963267948966,0.0
1780319658.237333775,0.0,-1.5707963267948966,1.5707963267948966,-3.141592653589793,-1.5707963267948966,0.0
1780319658.247583389,0.0,-1.5707963267948966,1.5707963267948966,-3.141592653589793,-1.5707963267948966,0.0
1780319658.257400036,0.0,-1.5707963267948966,1.5707963267948966,-3.141592653589793,-1.5707963267948966,0.0
1780319658.267576456,0.0,-1.5707963267948966,1.5707963267948966,-3.141592653589793,-1.5707963267948966,0.0
1780319658.278486490,0.0,-1.5707963267948966,1.5707963267948966,-3.141592653589793,-1.5707963267948966,0.0
1780319658.287714958,0.0,-1.5707963267948966,1.5707963267948966,-3.141592653589793,-1.5707963267948966,0.0
1780319658.297527075,0.0,-1.5707963267948966,1.5707963267948966,-3.141592653589793,-1.5707963267948966,0.0
1780319658.307711363,0.0,-1.5707963267948966,1.5707963267948966,-3.141592653589793,-1.5707963267948966,0.0
1780319658.317505836,0.0,-1.5707963267948966,1.5707963267948966,-3.141592653589793,-1.5707963267948966,0.0
1780319658.327403545,0.0,-1.5707963267948966,1.5707963267948966,-3.141592653589793,-1.5707963267948966,0.0
1780319658.337508917,0.0,-1.5707963267948966,1.5707963267948966,-3.141592653589793,-1.5707963267948966,0.0
1780319658.347651720,0.0,-1.5707963267948966,1.5707963267948966,-3.141592653589793,-1.5707963267948966,0.0
1780319658.357269049,0.0,-1.5707963267948966,1.5707963267948966,-3.141592653589793,-1.5707963267948966,0.0
1780319658.367160320,0.0,-1.5707963267948966,1.5707963267948966,-3.141592653589793,-1.5707963267948966,0.0
1780319658.377317905,0.0,-1.5707963267948966,1.5707963267948966,-3.141592653589793,-1.5707963267948966,0.0
1780319658.387152433,0.0,-1.5707963267948966,1.5707963267948966,-3.141592653589793,-1.5707963267948966,0.0
1780319658.397015333,0.0,-1.5707963267948966,1.5707963267948966,-3.141592653589793,-1.5707963267948966,0.0
1780319658.407034636,0.0,-1.5707963267948966,1.5707963267948966,-3.141592653589793,-1.5707963267948966,0.0
1780319658.417042494,0.0,-1.5707963267948966,1.5707963267948966,-3.141592653589793,-1.5707963267948966,0.0
1780319658.427248240,0.0,-1.5707963267948966,1.5707963267948966,-3.141592653589793,-1.5707963267948966,0.0
1780319658.437031031,0.0,-1.5707963267948966,1.5707963267948966,-3.141592653589793,-1.5707963267948966,0.0
1780319658.447145224,0.0,-1.5707963267948966,1.5707963267948966,-3.141592653589793,-1.5707963267948966,0.0
1780319658.457902193,0.0,-1.5707963267948966,1.5707963267948966,-3.141592653589793,-1.5707963267948966,0.0
1780319658.467086554,0.0,-1.5707963267948966,1.5707963267948966,-3.141592653589793,-1.5707963267948966,0.0
1780319658.477900982,0.0,-1.5707963267948966,1.5707963267948966,-3.141592653589793,-1.5707963267948966,0.0
1780319658.488058329,0.0,-1.5707963267948966,1.5707963267948966,-3.141592653589793,-1.5707963267948966,0.0
1780319658.497917414,0.0,-1.5707963267948966,1.5707963267948966,-3.141592653589793,-1.5707963267948966,0.0
1780319658.507831097,0.0,-1.5707963267948966,1.5707963267948966,-3.141592653589793,-1.5707963267948966,0.0
1780319658.517774105,0.0,-1.5707963267948966,1.5707963267948966,-3.141592653589793,-1.5707963267948966,0.0
1780319658.528608799,0.0,-1.5707963267948966,1.5707963267948966,-3.141592653589793,-1.5707963267948966,0.0
1780319658.537911415,0.0,-1.5707963267948966,1.5707963267948966,-3.141592653589793,-1.5707963267948966,0.0
1780319658.547966003,0.0,-1.5707963267948966,1.5707963267948966,-3.141592653589793,-1.5707963267948966,0.0
1780319658.557453394,0.0,-1.5707963267948966,1.5707963267948966,-3.141592653589793,-1.5707963267948966,0.0
1780319658.567945004,0.0,-1.5707963267948966,1.5707963267948966,-3.141592653589793,-1.5707963267948966,0.0
1780319658.577518463,0.0,-1.5707963267948966,1.5707963267948966,-3.141592653589793,-1.5707963267948966,0.0
1780319658.587348938,0.0,-1.5707963267948966,1.5707963267948966,-3.141592653589793,-1.5707963267948966,0.0
1780319658.597735882,0.0,-1.5707963267948966,1.5707963267948966,-3.141592653589793,-1.5707963267948966,0.0
1780319658.607176065,0.0,-1.5707963267948966,1.5707963267948966,-3.141592653589793,-1.5707963267948966,0.0
1780319658.617210627,0.0,-1.5707963267948966,1.5707963267948966,-3.141592653589793,-1.5707963267948966,0.0
1780319658.627326250,0.0,-1.5707963267948966,1.5707963267948966,-3.141592653589793,-1.5707963267948966,0.0
1780319658.637147665,0.0,-1.5707963267948966,1.5707963267948966,-3.141592653589793,-1.5707963267948966,0.0
1780319658.647051811,0.0,-1.5707963267948966,1.5707963267948966,-3.141592653589793,-1.5707963267948966,0.0
1780319658.657121897,0.0,-1.5707963267948966,1.5707963267948966,-3.141592653589793,-1.5707963267948966,0.0
1780319658.666934013,0.0,-1.5707963267948966,1.5707963267948966,-3.141592653589793,-1.5707963267948966,0.0
1780319658.677417278,0.0,-1.5707963267948966,1.5707963267948966,-3.141592653589793,-1.5707963267948966,0.0
1780319658.687295198,0.0,-1.5707963267948966,1.5707963267948966,-3.141592653589793,-1.5707963267948966,0.0
1780319658.697351456,0.0,-1.5707963267948966,1.5707963267948966,-3.141592653589793,-1.5707963267948966,0.0
1780319658.707800627,0.0,-1.5707963267948966,1.5707963267948966,-3.141592653589793,-1.5707963267948966,0.0
1780319658.717359781,0.0,-1.5707963267948966,1.5707963267948966,-3.141592653589793,-1.5707963267948966,0.0
1780319658.728211880,0.0,-1.5707963267948966,1.5707963267948966,-3.141592653589793,-1.5707963267948966,0.0
1780319658.736989260,0.0,-1.5707963267948966,1.5707963267948966,-3.141592653589793,-1.5707963267948966,0.0
1780319658.747109175,0.0,-1.5707963267948966,1.5707963267948966,-3.141592653589793,-1.5707963267948966,0.0
1780319658.757386446,0.0,-1.5707963267948966,1.5707963267948966,-3.141592653589793,-1.5707963267948966,0.0
1780319658.767257929,0.0,-1.5707963267948966,1.5707963267948966,-3.141592653589793,-1.5707963267948966,0.0
1780319658.777456522,0.0,-1.5707963267948966,1.5707963267948966,-3.141592653589793,-1.5707963267948966,0.0
1780319658.787199259,0.0,-1.5707963267948966,1.5707963267948966,-3.141592653589793,-1.5707963267948966,0.0
1780319658.797096491,0.0,-1.5707963267948966,1.5707963267948966,-3.141592653589793,-1.5707963267948966,0.0
1780319658.807357073,0.0,-1.5707963267948966,1.5707963267948966,-3.141592653589793,-1.5707963267948966,0.0
1780319658.817091227,0.0,-1.5707963267948966,1.5707963267948966,-3.141592653589793,-1.5707963267948966,0.0
1780319658.826994181,0.0,-1.5707963267948966,1.5707963267948966,-3.141592653589793,-1.5707963267948966,0.0
1780319658.837631702,0.0,-1.5707963267948966,1.5707963267948966,-3.141592653589793,-1.5707963267948966,0.0
1780319658.847452164,0.0,-1.5707963267948966,1.5707963267948966,-3.141592653589793,-1.5707963267948966,0.0
1780319658.857496500,0.0,-1.5707963267948966,1.5707963267948966,-3.141592653589793,-1.5707963267948966,0.0
1780319658.867874622,0.0,-1.5707963267948966,1.5707963267948966,-3.141592653589793,-1.5707963267948966,0.0
1780319658.877011061,0.0,-1.5707963267948966,1.5707963267948966,-3.141592653589793,-1.5707963267948966,0.0
1780319658.887366533,0.0,-1.5707963267948966,1.5707963267948966,-3.141592653589793,-1.5707963267948966,0.0
1780319658.897446871,0.0,-1.5707963267948966,1.5707963267948966,-3.141592653589793,-1.5707963267948966,0.0
1780319658.908309460,0.0,-1.5707963267948966,1.5707963267948966,-3.141592653589793,-1.5707963267948966,0.0
1780319658.917997599,0.0,-1.5707963267948966,1.5707963267948966,-3.141592653589793,-1.5707963267948966,0.0
1780319658.927612305,0.0,-1.5707963267948966,1.5707963267948966,-3.141592653589793,-1.5707963267948966,0.0
1780319658.938039064,0.0,-1.5707963267948966,1.5707963267948966,-3.141592653589793,-1.5707963267948966,0.0
1780319658.947846651,0.0,-1.5707963267948966,1.5707963267948966,-3.141592653589793,-1.5707963267948966,0.0
1780319658.957972288,0.0,-1.5707963267948966,1.5707963267948966,-3.141592653589793,-1.5707963267948966,0.0
1780319658.967462301,0.0,-1.5707963267948966,1.5707963267948966,-3.141592653589793,-1.5707963267948966,0.0
1780319658.977487326,0.0,-1.5707963267948966,1.5707963267948966,-3.141592653589793,-1.5707963267948966,0.0
1780319658.987314701,0.0,-1.5707963267948966,1.5707963267948966,-3.141592653589793,-1.5707963267948966,0.0
1780319658.997023344,0.0,-1.5707963267948966,1.5707963267948966,-3.141592653589793,-1.5707963267948966,0.0
1780319659.007260084,0.0,-1.5707963267948966,1.5707963267948966,-3.141592653589793,-1.5707963267948966,0.0
1780319659.017078400,0.0,-1.5707963267948966,1.5707963267948966,-3.141592653589793,-1.5707963267948966,0.0
1780319659.027236938,0.0,-1.5707963267948966,1.5707963267948966,-3.141592653589793,-1.5707963267948966,0.0
1780319659.037286758,0.0,-1.5707963267948966,1.5707963267948966,-3.141592653589793,-1.5707963267948966,0.0
1780319659.047646523,0.0,-1.5707963267948966,1.5707963267948966,-3.141592653589793,-1.5707963267948966,0.0
1780319659.057547569,0.0,-1.5707963267948966,1.5707963267948966,-3.141592653589793,-1.5707963267948966,0.0
1780319659.067852736,0.0,-1.5707963267948966,1.5707963267948966,-3.141592653589793,-1.5707963267948966,0.0
1780319659.077914476,0.0,-1.5707963267948966,1.5707963267948966,-3.141592653589793,-1.5707963267948966,0.0
1780319659.088131428,0.0,-1.5707963267948966,1.5707963267948966,-3.141592653589793,-1.5707963267948966,0.0
1780319659.097786903,0.0,-1.5707963267948966,1.5707963267948966,-3.141592653589793,-1.5707963267948966,0.0
1780319659.108575106,0.0,-1.5707963267948966,1.5707963267948966,-3.141592653589793,-1.5707963267948966,0.0
1780319659.117887974,0.0,-1.5707963267948966,1.5707963267948966,-3.141592653589793,-1.5707963267948966,0.0
1780319659.127638102,0.0,-1.5707963267948966,1.5707963267948966,-3.141592653589793,-1.5707963267948966,0.0
1780319659.138470411,0.0,-1.5707963267948966,1.5707963267948966,-3.141592653589793,-1.5707963267948966,0.0
1780319659.147466660,0.0,-1.5707963267948966,1.5707963267948966,-3.141592653589793,-1.5707963267948966,0.0
1780319659.157580137,0.0,-1.5707963267948966,1.5707963267948966,-3.141592653589793,-1.5707963267948966,0.0
1780319659.167443752,0.0,-1.5707963267948966,1.5707963267948966,-3.141592653589793,-1.5707963267948966,0.0
1780319659.177337170,0.0,-1.5707963267948966,1.5707963267948966,-3.141592653589793,-1.5707963267948966,0.0
1780319659.187113523,0.0,-1.5707963267948966,1.5707963267948966,-3.141592653589793,-1.5707963267948966,0.0
1780319659.197196722,0.0,-1.5707963267948966,1.5707963267948966,-3.141592653589793,-1.5707963267948966,0.0
1780319659.207090855,0.0,-1.5707963267948966,1.5707963267948966,-3.141592653589793,-1.5707963267948966,0.0
1780319659.217069387,0.0,-1.5707963267948966,1.5707963267948966,-3.141592653589793,-1.5707963267948966,0.0
1780319659.229284763,0.0,-1.5707963267948966,1.5707963267948966,-3.141592653589793,-1.5707963267948966,0.0
1780319659.237222910,0.0,-1.5707963267948966,1.5707963267948966,-3.141592653589793,-1.5707963267948966,0.0
1780319659.247373819,0.0,-1.5707963267948966,1.5707963267948966,-3.141592653589793,-1.5707963267948966,0.0
1780319659.257489920,0.0,-1.5707963267948966,1.5707963267948966,-3.141592653589793,-1.5707963267948966,0.0
1780319659.267522097,0.0,-1.5707963267948966,1.5707963267948966,-3.141592653589793,-1.5707963267948966,0.0
1780319659.277616978,0.0,-1.5707963267948966,1.5707963267948966,-3.141592653589793,-1.5707963267948966,0.0
1780319659.287400246,0.0,-1.5707963267948966,1.5707963267948966,-3.141592653589793,-1.5707963267948966,0.0
1780319659.297554970,0.0,-1.5707963267948966,1.5707963267948966,-3.141592653589793,-1.5707963267948966,0.0
1780319659.307545424,0.0,-1.5707963267948966,1.5707963267948966,-3.141592653589793,-1.5707963267948966,0.0
1780319659.317102432,0.0,-1.5707963267948966,1.5707963267948966,-3.141592653589793,-1.5707963267948966,0.0
1780319659.327267885,0.0,-1.5707963267948966,1.5707963267948966,-3.141592653589793,-1.5707963267948966,0.0
1780319659.337350607,0.0,-1.5707963267948966,1.5707963267948966,-3.141592653589793,-1.5707963267948966,0.0
1780319659.347070932,0.0,-1.5707963267948966,1.5707963267948966,-3.141592653589793,-1.5707963267948966,0.0
1780319659.357108355,0.0,-1.5707963267948966,1.5707963267948966,-3.141592653589793,-1.5707963267948966,0.0
1780319659.367095709,0.0,-1.5707963267948966,1.5707963267948966,-3.141592653589793,-1.5707963267948966,0.0
1780319659.377010584,0.0,-1.5707963267948966,1.5707963267948966,-3.141592653589793,-1.5707963267948966,0.0
1780319659.387186050,0.0,-1.5707963267948966,1.5707963267948966,-3.141592653589793,-1.5707963267948966,0.0
1780319659.397039413,0.0,-1.5707963267948966,1.5707963267948966,-3.141592653589793,-1.5707963267948966,0.0
1780319659.407455206,0.0,-1.5707963267948966,1.5707963267948966,-3.141592653589793,-1.5707963267948966,0.0
1780319659.418001890,0.0,-1.5707963267948966,1.5707963267948966,-3.141592653589793,-1.5707963267948966,0.0
1780319659.427433014,0.0,-1.5707963267948966,1.5707963267948966,-3.141592653589793,-1.5707963267948966,0.0
1780319659.437866688,0.0,-1.5707963267948966,1.5707963267948966,-3.141592653589793,-1.5707963267948966,0.0
1780319659.447607994,0.0,-1.5707963267948966,1.5707963267948966,-3.141592653589793,-1.5707963267948966,0.0
1780319659.458146095,0.0,-1.5707963267948966,1.5707963267948966,-3.141592653589793,-1.5707963267948966,0.0
1780319659.467776537,0.0,-1.5707963267948966,1.5707963267948966,-3.141592653589793,-1.5707963267948966,0.0
1780319659.477773905,0.0,-1.5707963267948966,1.5707963267948966,-3.141592653589793,-1.5707963267948966,0.0
1780319659.487683296,0.0,-1.5707963267948966,1.5707963267948966,-3.141592653589793,-1.5707963267948966,0.0
1780319659.498103142,0.0,-1.5707963267948966,1.5707963267948966,-3.141592653589793,-1.5707963267948966,0.0
1780319659.507851124,0.0,-1.5707963267948966,1.5707963267948966,-3.141592653589793,-1.5707963267948966,0.0
1780319659.517258644,0.0,-1.5707963267948966,1.5707963267948966,-3.141592653589793,-1.5707963267948966,0.0
1780319659.527398109,0.0,-1.5707963267948966,1.5707963267948966,-3.141592653589793,-1.5707963267948966,0.0
1780319659.537365198,0.0,-1.5707963267948966,1.5707963267948966,-3.141592653589793,-1.5707963267948966,0.0
1780319659.547353506,0.0,-1.5707963267948966,1.5707963267948966,-3.141592653589793,-1.5707963267948966,0.0
1780319659.557276964,0.0,-1.5707963267948966,1.5707963267948966,-3.141592653589793,-1.5707963267948966,0.0
1780319659.567122936,0.0,-1.5707963267948966,1.5707963267948966,-3.141592653589793,-1.5707963267948966,0.0
1780319659.577201843,0.0,-1.5707963267948966,1.5707963267948966,-3.141592653589793,-1.5707963267948966,0.0
1780319659.587069035,0.0,-1.5707963267948966,1.5707963267948966,-3.141592653589793,-1.5707963267948966,0.0
1780319659.597199440,0.0,-1.5707963267948966,1.5707963267948966,-3.141592653589793,-1.5707963267948966,0.0
1780319659.607231855,0.0,-1.5707963267948966,1.5707963267948966,-3.141592653589793,-1.5707963267948966,0.0
1780319659.616962433,0.0,-1.5707963267948966,1.5707963267948966,-3.141592653589793,-1.5707963267948966,0.0
1780319659.626998186,0.0,-1.5707963267948966,1.5707963267948966,-3.141592653589793,-1.5707963267948966,0.0
1780319659.637958050,0.0,-1.5707963267948966,1.5707963267948966,-3.141592653589793,-1.5707963267948966,0.0
1780319659.647528887,0.0,-1.5707963267948966,1.5707963267948966,-3.141592653589793,-1.5707963267948966,0.0
1780319659.657091618,0.0,-1.5707963267948966,1.5707963267948966,-3.141592653589793,-1.5707963267948966,0.0
1780319659.667782068,0.0,-1.5707963267948966,1.5707963267948966,-3.141592653589793,-1.5707963267948966,0.0
1780319659.677207470,0.0,-1.5707963267948966,1.5707963267948966,-3.141592653589793,-1.5707963267948966,0.0
1780319659.687690020,0.0,-1.5707963267948966,1.5707963267948966,-3.141592653589793,-1.5707963267948966,0.0
1780319659.697903633,0.0,-1.5707963267948966,1.5707963267948966,-3.141592653589793,-1.5707963267948966,0.0
1780319659.707823992,0.0,-1.5707963267948966,1.5707963267948966,-3.141592653589793,-1.5707963267948966,0.0
1780319659.717543125,0.0,-1.5707963267948966,1.5707963267948966,-3.141592653589793,-1.5707963267948966,0.0
1780319659.727688074,0.0,-1.5707963267948966,1.5707963267948966,-3.141592653589793,-1.5707963267948966,0.0
1780319659.737423658,0.0,-1.5707963267948966,1.5707963267948966,-3.141592653589793,-1.5707963267948966,0.0
1780319659.747256756,0.0,-1.5707963267948966,1.5707963267948966,-3.141592653589793,-1.5707963267948966,0.0
1780319659.757074118,0.0,-1.5707963267948966,1.5707963267948966,-3.141592653589793,-1.5707963267948966,0.0
1780319659.767222166,0.0,-1.5707963267948966,1.5707963267948966,-3.141592653589793,-1.5707963267948966,0.0
1780319659.777201891,0.0,-1.5707963267948966,1.5707963267948966,-3.141592653589793,-1.5707963267948966,0.0
1780319659.787106991,0.0,-1.5707963267948966,1.5707963267948966,-3.141592653589793,-1.5707963267948966,0.0
1780319659.797216654,0.0,-1.5707963267948966,1.5707963267948966,-3.141592653589793,-1.5707963267948966,0.0
1780319659.807239532,0.0,-1.5707963267948966,1.5707963267948966,-3.141592653589793,-1.5707963267948966,0.0
1780319659.817072868,0.0,-1.5707963267948966,1.5707963267948966,-3.141592653589793,-1.5707963267948966,0.0
1780319659.827800512,0.0,-1.5707963267948966,1.5707963267948966,-3.141592653589793,-1.5707963267948966,0.0
1780319659.837194204,0.0,-1.5707963267948966,1.5707963267948966,-3.141592653589793,-1.5707963267948966,0.0
1780319659.847309589,0.0,-1.5707963267948966,1.5707963267948966,-3.141592653589793,-1.5707963267948966,0.0
1780319659.857333660,0.0,-1.5707963267948966,1.5707963267948966,-3.141592653589793,-1.5707963267948966,0.0
1780319659.867416382,0.0,-1.5707963267948966,1.5707963267948966,-3.141592653589793,-1.5707963267948966,0.0
1780319659.877851248,0.0,-1.5707963267948966,1.5707963267948966,-3.141592653589793,-1.5707963267948966,0.0
1780319659.887530088,0.0,-1.5707963267948966,1.5707963267948966,-3.141592653589793,-1.5707963267948966,0.0
1780319659.898637772,0.0,-1.5707963267948966,1.5707963267948966,-3.141592653589793,-1.5707963267948966,0.0
1780319659.907599688,0.0,-1.5707963267948966,1.5707963267948966,-3.141592653589793,-1.5707963267948966,0.0
1780319659.917826653,0.0,-1.5707963267948966,1.5707963267948966,-3.141592653589793,-1.5707963267948966,0.0
1780319659.927280903,0.0,-1.5707963267948966,1.5707963267948966,-3.141592653589793,-1.5707963267948966,0.0
1780319659.937116861,0.0,-1.5707963267948966,1.5707963267948966,-3.141592653589793,-1.5707963267948966,0.0
1780319659.947350979,0.0,-1.5707963267948966,1.5707963267948966,-3.141592653589793,-1.5707963267948966,0.0
1780319659.956956625,0.0,-1.5707963267948966,1.5707963267948966,-3.141592653589793,-1.5707963267948966,0.0
1780319659.967253447,0.0,-1.5707963267948966,1.5707963267948966,-3.141592653589793,-1.5707963267948966,0.0
1780319659.976994753,0.0,-1.5707963267948966,1.5707963267948966,-3.141592653589793,-1.5707963267948966,0.0
1780319659.987277269,0.0,-1.5707963267948966,1.5707963267948966,-3.141592653589793,-1.5707963267948966,0.0
1780319659.997156858,0.0,-1.5707963267948966,1.5707963267948966,-3.141592653589793,-1.5707963267948966,0.0
1780319660.007510185,0.0,-1.5707963267948966,1.5707963267948966,-3.141592653589793,-1.5707963267948966,0.0
1780319660.017912388,0.0,-1.5707963267948966,1.5707963267948966,-3.141592653589793,-1.5707963267948966,0.0
1780319660.027586937,0.0,-1.5707963267948966,1.5707963267948966,-3.141592653589793,-1.5707963267948966,0.0
1780319660.038281679,0.0,-1.5707963267948966,1.5707963267948966,-3.141592653589793,-1.5707963267948966,0.0
1780319660.048045397,0.0,-1.5707963267948966,1.5707963267948966,-3.141592653589793,-1.5707963267948966,0.0
1780319660.057792664,0.0,-1.5707963267948966,1.5707963267948966,-3.141592653589793,-1.5707963267948966,0.0
1780319660.067896366,0.0,-1.5707963267948966,1.5707963267948966,-3.141592653589793,-1.5707963267948966,0.0
1780319660.078177452,0.0,-1.5707963267948966,1.5707963267948966,-3.141592653589793,-1.5707963267948966,0.0
1780319660.088205576,0.0,-1.5707963267948966,1.5707963267948966,-3.141592653589793,-1.5707963267948966,0.0
1780319660.097803354,0.0,-1.5707963267948966,1.5707963267948966,-3.141592653589793,-1.5707963267948966,0.0
1780319660.107496738,0.0,-1.5707963267948966,1.5707963267948966,-3.141592653589793,-1.5707963267948966,0.0
1780319660.117517471,0.0,-1.5707963267948966,1.5707963267948966,-3.141592653589793,-1.5707963267948966,0.0
1780319660.127522945,0.0,-1.5707963267948966,1.5707963267948966,-3.141592653589793,-1.5707963267948966,0.0
1780319660.138547659,0.0,-1.5707963267948966,1.5707963267948966,-3.141592653589793,-1.5707963267948966,0.0
1780319660.148435593,0.0,-1.5707963267948966,1.5707963267948966,-3.141592653589793,-1.5707963267948966,0.0
1780319660.158373833,0.0,-1.5707963267948966,1.5707963267948966,-3.141592653589793,-1.5707963267948966,0.0
1780319660.168911934,0.0,-1.5707963267948966,1.5707963267948966,-3.141592653589793,-1.5707963267948966,0.0
1780319660.178764343,0.0,-1.5707963267948966,1.5707963267948966,-3.141592653589793,-1.5707963267948966,0.0
1780319660.188154936,0.0,-1.5707963267948966,1.5707963267948966,-3.141592653589793,-1.5707963267948966,0.0
1780319660.198240995,0.0,-1.5707963267948966,1.5707963267948966,-3.141592653589793,-1.5707963267948966,0.0
1780319660.208083153,0.0,-1.5707963267948966,1.5707963267948966,-3.141592653589793,-1.5707963267948966,0.0
1780319660.218375444,0.0,-1.5707963267948966,1.5707963267948966,-3.141592653589793,-1.5707963267948966,0.0
1780319660.228261232,0.0,-1.5707963267948966,1.5707963267948966,-3.141592653589793,-1.5707963267948966,0.0
1780319660.238783836,0.0,-1.5707963267948966,1.5707963267948966,-3.141592653589793,-1.5707963267948966,0.0
1780319660.248337746,0.0,-1.5707963267948966,1.5707963267948966,-3.141592653589793,-1.5707963267948966,0.0
1780319660.258272409,0.0,-1.5707963267948966,1.5707963267948966,-3.141592653589793,-1.5707963267948966,0.0
1780319660.268513203,0.0,-1.5707963267948966,1.5707963267948966,-3.141592653589793,-1.5707963267948966,0.0
1780319660.278584242,0.0,-1.5707963267948966,1.5707963267948966,-3.141592653589793,-1.5707963267948966,0.0
1780319660.288392544,0.0,-1.5707963267948966,1.5707963267948966,-3.141592653589793,-1.5707963267948966,0.0
1780319660.298564434,0.0,-1.5707963267948966,1.5707963267948966,-3.141592653589793,-1.5707963267948966,0.0
1780319660.309373856,0.0,-1.5707963267948966,1.5707963267948966,-3.141592653589793,-1.5707963267948966,0.0
1780319660.318548679,0.0,-1.5707963267948966,1.5707963267948966,-3.141592653589793,-1.5707963267948966,0.0
1780319660.329437971,0.0,-1.5707963267948966,1.5707963267948966,-3.141592653589793,-1.5707963267948966,0.0
1780319660.339455128,0.0,-1.5707963267948966,1.5707963267948966,-3.141592653589793,-1.5707963267948966,0.0
1780319660.348334551,0.0,-1.5707963267948966,1.5707963267948966,-3.141592653589793,-1.5707963267948966,0.0
1780319660.358339071,0.0,-1.5707963267948966,1.5707963267948966,-3.141592653589793,-1.5707963267948966,0.0
1780319660.369763851,0.0,-1.5707963267948966,1.5707963267948966,-3.141592653589793,-1.5707963267948966,0.0
1780319660.378699303,0.0,-1.5707963267948966,1.5707963267948966,-3.141592653589793,-1.5707963267948966,0.0
1780319660.388466358,0.0,-1.5707963267948966,1.5707963267948966,-3.141592653589793,-1.5707963267948966,0.0
1780319660.400663137,0.0,-1.5707963267948966,1.5707963267948966,-3.141592653589793,-1.5707963267948966,0.0
1780319660.408745766,0.0,-1.5707963267948966,1.5707963267948966,-3.141592653589793,-1.5707963267948966,0.0
1780319660.418517113,0.0,-1.5707963267948966,1.5707963267948966,-3.141592653589793,-1.5707963267948966,0.0
1780319660.430096865,0.0,-1.5707963267948966,1.5707963267948966,-3.141592653589793,-1.5707963267948966,0.0
1780319660.438569307,0.0,-1.5707963267948966,1.5707963267948966,-3.141592653589793,-1.5707963267948966,0.0
1780319660.448408127,0.0,-1.5707963267948966,1.5707963267948966,-3.141592653589793,-1.5707963267948966,0.0
1780319660.458614349,0.0,-1.5707963267948966,1.5707963267948966,-3.141592653589793,-1.5707963267948966,0.0
1780319660.470064163,0.0,-1.5707963267948966,1.5707963267948966,-3.141592653589793,-1.5707963267948966,0.0
1780319660.478723526,0.0,-1.5707963267948966,1.5707963267948966,-3.141592653589793,-1.5707963267948966,0.0
1780319660.489348888,0.0,-1.5707963267948966,1.5707963267948966,-3.141592653589793,-1.5707963267948966,0.0
1780319660.498722076,0.0,-1.5707963267948966,1.5707963267948966,-3.141592653589793,-1.5707963267948966,0.0
1780319660.508260727,0.0,-1.5707963267948966,1.5707963267948966,-3.141592653589793,-1.5707963267948966,0.0
1780319660.519328356,0.0,-1.5707963267948966,1.5707963267948966,-3.141592653589793,-1.5707963267948966,0.0
1780319660.528073788,0.0,-1.5707963267948966,1.5707963267948966,-3.141592653589793,-1.5707963267948966,0.0
1780319660.539034367,0.0,-1.5707963267948966,1.5707963267948966,-3.141592653589793,-1.5707963267948966,0.0
1780319660.549910545,0.0,-1.5707963267948966,1.5707963267948966,-3.141592653589793,-1.5707963267948966,0.0
1780319660.558613300,0.0,-1.5707963267948966,1.5707963267948966,-3.141592653589793,-1.5707963267948966,0.0
1780319660.568719387,0.0,-1.5707963267948966,1.5707963267948966,-3.141592653589793,-1.5707963267948966,0.0
1780319660.579683065,0.0,-1.5707963267948966,1.5707963267948966,-3.141592653589793,-1.5707963267948966,0.0
1780319660.588177443,0.0,-1.5707963267948966,1.5707963267948966,-3.141592653589793,-1.5707963267948966,0.0
1780319660.598410845,0.0,-1.5707963267948966,1.5707963267948966,-3.141592653589793,-1.5707963267948966,0.0
1780319660.609085798,0.0,-1.5707963267948966,1.5707963267948966,-3.141592653589793,-1.5707963267948966,0.0
1780319660.618249893,0.0,-1.5707963267948966,1.5707963267948966,-3.141592653589793,-1.5707963267948966,0.0
1780319660.628556490,0.0,-1.5707963267948966,1.5707963267948966,-3.141592653589793,-1.5707963267948966,0.0
1780319660.638814688,0.0,-1.5707963267948966,1.5707963267948966,-3.141592653589793,-1.5707963267948966,0.0
1780319660.648164511,0.0,-1.5707963267948966,1.5707963267948966,-3.141592653589793,-1.5707963267948966,0.0
1780319660.658557653,0.0,-1.5707963267948966,1.5707963267948966,-3.141592653589793,-1.5707963267948966,0.0
1780319660.670060635,0.0,-1.5707963267948966,1.5707963267948966,-3.141592653589793,-1.5707963267948966,0.0
1780319660.678178310,0.0,-1.5707963267948966,1.5707963267948966,-3.141592653589793,-1.5707963267948966,0.0
1780319660.688221216,0.0,-1.5707963267948966,1.5707963267948966,-3.141592653589793,-1.5707963267948966,0.0
1780319660.698965311,0.0,-1.5707963267948966,1.5707963267948966,-3.141592653589793,-1.5707963267948966,0.0
1780319660.708898067,0.0,-1.5707963267948966,1.5707963267948966,-3.141592653589793,-1.5707963267948966,0.0
1780319660.723630667,0.0,-1.5707963267948966,1.5707963267948966,-3.141592653589793,-1.5707963267948966,0.0
1780319660.745193005,0.0,-1.5707963267948966,1.5707963267948966,-3.141592653589793,-1.5707963267948966,0.0
1780319660.752392769,0.0,-1.5707963267948966,1.5707963267948966,-3.141592653589793,-1.5707963267948966,0.0
1780319660.766768456,0.0,-1.5707963267948966,1.5707963267948966,-3.141592653589793,-1.5707963267948966,0.0
1780319660.777068615,0.0,-1.5707963267948966,1.5707963267948966,-3.141592653589793,-1.5707963267948966,0.0
1780319660.787039995,0.0,-1.5707963267948966,1.5707963267948966,-3.141592653589793,-1.5707963267948966,0.0
1780319660.799056530,0.0,-1.5707963267948966,1.5707963267948966,-3.141592653589793,-1.5707963267948966,0.0
1780319660.814078331,0.0,-1.5707963267948966,1.5707963267948966,-3.141592653589793,-1.5707963267948966,0.0
1780319660.825682640,0.0,-1.5707963267948966,1.5707963267948966,-3.141592653589793,-1.5707963267948966,0.0
1780319660.834258795,0.0,-1.5707963267948966,1.5707963267948966,-3.141592653589793,-1.5707963267948966,0.0
1780319660.844188452,0.0,-1.5707963267948966,1.5707963267948966,-3.141592653589793,-1.5707963267948966,0.0
1780319660.854455948,0.0,-1.5707963267948966,1.5707963267948966,-3.141592653589793,-1.5707963267948966,0.0
1780319660.865187883,0.0,-1.5707963267948966,1.5707963267948966,-3.141592653589793,-1.5707963267948966,0.0
1780319660.873957396,0.0,-1.5707963267948966,1.5707963267948966,-3.141592653589793,-1.5707963267948966,0.0
1780319660.884391308,0.0,-1.5707963267948966,1.5707963267948966,-3.141592653589793,-1.5707963267948966,0.0
1780319660.894798994,0.0,-1.5707963267948966,1.5707963267948966,-3.141592653589793,-1.5707963267948966,0.0
1780319660.904578209,0.0,-1.5707963267948966,1.5707963267948966,-3.141592653589793,-1.5707963267948966,0.0
1780319660.914647102,0.0,-1.5707963267948966,1.5707963267948966,-3.141592653589793,-1.5707963267948966,0.0
1780319660.924697161,0.0,-1.5707963267948966,1.5707963267948966,-3.141592653589793,-1.5707963267948966,0.0
1780319660.935441494,0.0,-1.5707963267948966,1.5707963267948966,-3.141592653589793,-1.5707963267948966,0.0
1780319660.944503307,0.0,-1.5707963267948966,1.5707963267948966,-3.141592653589793,-1.5707963267948966,0.0
1780319660.955419064,0.0,-1.5707963267948966,1.5707963267948966,-3.141592653589793,-1.5707963267948966,0.0
1780319660.964010715,0.0,-1.5707963267948966,1.5707963267948966,-3.141592653589793,-1.5707963267948966,0.0
1780319660.974277020,0.0,-1.5707963267948966,1.5707963267948966,-3.141592653589793,-1.5707963267948966,0.0
1780319660.984964609,0.0,-1.5707963267948966,1.5707963267948966,-3.141592653589793,-1.5707963267948966,0.0
1780319660.994877100,0.0,-1.5707963267948966,1.5707963267948966,-3.141592653589793,-1.5707963267948966,0.0
1780319661.004460812,0.0,-1.5707963267948966,1.5707963267948966,-3.141592653589793,-1.5707963267948966,0.0
1780319661.014852285,0.0,-1.5707963267948966,1.5707963267948966,-3.141592653589793,-1.5707963267948966,0.0
1780319661.024899721,0.0,-1.5707963267948966,1.5707963267948966,-3.141592653589793,-1.5707963267948966,0.0
1780319661.034402370,0.0,-1.5707963267948966,1.5707963267948966,-3.141592653589793,-1.5707963267948966,0.0
1780319661.044448137,0.0,-1.5707963267948966,1.5707963267948966,-3.141592653589793,-1.5707963267948966,0.0
1780319661.055078268,0.0,-1.5707963267948966,1.5707963267948966,-3.141592653589793,-1.5707963267948966,0.0
1780319661.064414501,0.0,-1.5707963267948966,1.5707963267948966,-3.141592653589793,-1.5707963267948966,0.0
1780319661.074440718,0.0,-1.5707963267948966,1.5707963267948966,-3.141592653589793,-1.5707963267948966,0.0
1780319661.085800886,0.0,-1.5707963267948966,1.5707963267948966,-3.141592653589793,-1.5707963267948966,0.0
1780319661.094373465,0.0,-1.5707963267948966,1.5707963267948966,-3.141592653589793,-1.5707963267948966,0.0
1780319661.104811430,0.0,-1.5707963267948966,1.5707963267948966,-3.141592653589793,-1.5707963267948966,0.0
1780319661.115919590,0.0,-1.5707963267948966,1.5707963267948966,-3.141592653589793,-1.5707963267948966,0.0
1780319661.124929667,0.0,-1.5707963267948966,1.5707963267948966,-3.141592653589793,-1.5707963267948966,0.0
1780319661.134405136,0.0,-1.5707963267948966,1.5707963267948966,-3.141592653589793,-1.5707963267948966,0.0
1780319661.144241810,0.0,-1.5707963267948966,1.5707963267948966,-3.141592653589793,-1.5707963267948966,0.0
1780319661.154681444,0.0,-1.5707963267948966,1.5707963267948966,-3.141592653589793,-1.5707963267948966,0.0
1780319661.164209604,0.0,-1.5707963267948966,1.5707963267948966,-3.141592653589793,-1.5707963267948966,0.0
1780319661.174681425,0.0,-1.5707963267948966,1.5707963267948966,-3.141592653589793,-1.5707963267948966,0.0
1780319661.185361624,0.0,-1.5707963267948966,1.5707963267948966,-3.141592653589793,-1.5707963267948966,0.0
1780319661.194046021,0.0,-1.5707963267948966,1.5707963267948966,-3.141592653589793,-1.5707963267948966,0.0
1780319661.204153061,0.0,-1.5707963267948966,1.5707963267948966,-3.141592653589793,-1.5707963267948966,0.0
1780319661.216045141,0.0,-1.5707963267948966,1.5707963267948966,-3.141592653589793,-1.5707963267948966,0.0
1780319661.224117756,0.0,-1.5707963267948966,1.5707963267948966,-3.141592653589793,-1.5707963267948966,0.0
1780319661.234447956,0.0,-1.5707963267948966,1.5707963267948966,-3.141592653589793,-1.5707963267948966,0.0
1780319661.245447636,0.0,-1.5707963267948966,1.5707963267948966,-3.141592653589793,-1.5707963267948966,0.0
1780319661.254083395,0.0,-1.5707963267948966,1.5707963267948966,-3.141592653589793,-1.5707963267948966,0.0
1780319661.265105724,0.0,-1.5707963267948966,1.5707963267948966,-3.141592653589793,-1.5707963267948966,0.0
1780319661.275844574,0.0,-1.5707963267948966,1.5707963267948966,-3.141592653589793,-1.5707963267948966,0.0
1780319661.285123587,0.0,-1.5707963267948966,1.5707963267948966,-3.141592653589793,-1.5707963267948966,0.0
1780319661.294341803,0.0,-1.5707963267948966,1.5707963267948966,-3.141592653589793,-1.5707963267948966,0.0
1780319661.304743528,0.0,-1.5707963267948966,1.5707963267948966,-3.141592653589793,-1.5707963267948966,0.0
1780319661.314188957,0.0,-1.5707963267948966,1.5707963267948966,-3.141592653589793,-1.5707963267948966,0.0
1780319661.325363398,0.0,-1.5707963267948966,1.5707963267948966,-3.141592653589793,-1.5707963267948966,0.0
1780319661.335035324,0.0,-1.5707963267948966,1.5707963267948966,-3.141592653589793,-1.5707963267948966,0.0
1780319661.344052553,0.0,-1.5707963267948966,1.5707963267948966,-3.141592653589793,-1.5707963267948966,0.0
1780319661.354158163,0.0,-1.5707963267948966,1.5707963267948966,-3.141592653589793,-1.5707963267948966,0.0
1780319661.364017963,0.0,-1.5707963267948966,1.5707963267948966,-3.141592653589793,-1.5707963267948966,0.0
1780319661.374414444,0.0,-1.5707963267948966,1.5707963267948966,-3.141592653589793,-1.5707963267948966,0.0
1780319661.384259462,0.0,-1.5707963267948966,1.5707963267948966,-3.141592653589793,-1.5707963267948966,0.0
1780319661.394358158,0.0,-1.5707963267948966,1.5707963267948966,-3.141592653589793,-1.5707963267948966,0.0
1780319661.404168129,0.0,-1.5707963267948966,1.5707963267948966,-3.141592653589793,-1.5707963267948966,0.0
1780319661.414060354,0.0,-1.5707963267948966,1.5707963267948966,-3.141592653589793,-1.5707963267948966,0.0
1780319661.423884392,0.0,-1.5707963267948966,1.5707963267948966,-3.141592653589793,-1.5707963267948966,0.0
1780319661.434330225,0.0,-1.5707963267948966,1.5707963267948966,-3.141592653589793,-1.5707963267948966,0.0
1780319661.444125891,0.0,-1.5707963267948966,1.5707963267948966,-3.141592653589793,-1.5707963267948966,0.0
1780319661.454632044,0.0,-1.5707963267948966,1.5707963267948966,-3.141592653589793,-1.5707963267948966,0.0
1780319661.465224266,0.0,-1.5707963267948966,1.5707963267948966,-3.141592653589793,-1.5707963267948966,0.0
1780319661.474497080,0.0,-1.5707963267948966,1.5707963267948966,-3.141592653589793,-1.5707963267948966,0.0
1780319661.484538078,0.0,-1.5707963267948966,1.5707963267948966,-3.141592653589793,-1.5707963267948966,0.0
1780319661.495123386,0.0,-1.5707963267948966,1.5707963267948966,-3.141592653589793,-1.5707963267948966,0.0
1780319661.504805565,0.0,-1.5707963267948966,1.5707963267948966,-3.141592653589793,-1.5707963267948966,0.0
1780319661.514287233,0.0,-1.5707963267948966,1.5707963267948966,-3.141592653589793,-1.5707963267948966,0.0
1780319661.525760412,0.0,-1.5707963267948966,1.5707963267948966,-3.141592653589793,-1.5707963267948966,0.0
1780319661.535788298,0.0,-1.5707963267948966,1.5707963267948966,-3.141592653589793,-1.5707963267948966,0.0
1780319661.546966076,0.0,-1.5707963267948966,1.5707963267948966,-3.141592653589793,-1.5707963267948966,0.0
1780319661.555530548,0.0,-1.5707963267948966,1.5707963267948966,-3.141592653589793,-1.5707963267948966,0.0
1780319661.565912247,0.0,-1.5707963267948966,1.5707963267948966,-3.141592653589793,-1.5707963267948966,0.0
1780319661.576198816,0.0,-1.5707963267948966,1.5707963267948966,-3.141592653589793,-1.5707963267948966,0.0
1780319661.586177588,0.0,-1.5707963267948966,1.5707963267948966,-3.141592653589793,-1.5707963267948966,0.0
1780319661.595935822,0.0,-1.5707963267948966,1.5707963267948966,-3.141592653589793,-1.5707963267948966,0.0
1780319661.606518030,0.0,-1.5707963267948966,1.5707963267948966,-3.141592653589793,-1.5707963267948966,0.0
1780319661.616008520,0.0,-1.5707963267948966,1.5707963267948966,-3.141592653589793,-1.5707963267948966,0.0
1780319661.625885248,0.0,-1.5707963267948966,1.5707963267948966,-3.141592653589793,-1.5707963267948966,0.0
1780319661.636725187,0.0,-1.5707963267948966,1.5707963267948966,-3.141592653589793,-1.5707963267948966,0.0
1780319661.646069765,0.0,-1.5707963267948966,1.5707963267948966,-3.141592653589793,-1.5707963267948966,0.0
1780319661.655701399,0.0,-1.5707963267948966,1.5707963267948966,-3.141592653589793,-1.5707963267948966,0.0
1780319661.666427612,0.0,-1.5707963267948966,1.5707963267948966,-3.141592653589793,-1.5707963267948966,0.0
1780319661.675985336,0.0,-1.5707963267948966,1.5707963267948966,-3.141592653589793,-1.5707963267948966,0.0
1780319661.685974121,0.0,-1.5707963267948966,1.5707963267948966,-3.141592653589793,-1.5707963267948966,0.0
1780319661.695960283,0.0,-1.5707963267948966,1.5707963267948966,-3.141592653589793,-1.5707963267948966,0.0
1780319661.706606627,0.0,-1.5707963267948966,1.5707963267948966,-3.141592653589793,-1.5707963267948966,0.0
1780319661.715880871,0.0,-1.5707963267948966,1.5707963267948966,-3.141592653589793,-1.5707963267948966,0.0
1780319661.726556301,0.0,-1.5707963267948966,1.5707963267948966,-3.141592653589793,-1.5707963267948966,0.0
1780319661.736281157,0.0,-1.5707963267948966,1.5707963267948966,-3.141592653589793,-1.5707963267948966,0.0
1780319661.745971680,0.0,-1.5707963267948966,1.5707963267948966,-3.141592653589793,-1.5707963267948966,0.0
1780319661.755772352,0.0,-1.5707963267948966,1.5707963267948966,-3.141592653589793,-1.5707963267948966,0.0
1780319661.765920401,0.0,-1.5707963267948966,1.5707963267948966,-3.141592653589793,-1.5707963267948966,0.0
1780319661.777130127,0.0,-1.5707963267948966,1.5707963267948966,-3.141592653589793,-1.5707963267948966,0.0
1780319661.787927389,0.0,-1.5707963267948966,1.5707963267948966,-3.141592653589793,-1.5707963267948966,0.0
1780319661.796760082,0.0,-1.5707963267948966,1.5707963267948966,-3.141592653589793,-1.5707963267948966,0.0
1780319661.806242228,0.0,-1.5707963267948966,1.5707963267948966,-3.141592653589793,-1.5707963267948966,0.0
1780319661.815929890,0.0,-1.5707963267948966,1.5707963267948966,-3.141592653589793,-1.5707963267948966,0.0
1780319661.825866699,0.0,-1.5707963267948966,1.5707963267948966,-3.141592653589793,-1.5707963267948966,0.0
1780319661.835806608,0.0,-1.5707963267948966,1.5707963267948966,-3.141592653589793,-1.5707963267948966,0.0
1780319661.845889330,0.0,-1.5707963267948966,1.5707963267948966,-3.141592653589793,-1.5707963267948966,0.0
1780319661.856045485,0.0,-1.5707963267948966,1.5707963267948966,-3.141592653589793,-1.5707963267948966,0.0
1780319661.865756750,0.0,-1.5707963267948966,1.5707963267948966,-3.141592653589793,-1.5707963267948966,0.0
1780319661.875647306,0.0,-1.5707963267948966,1.5707963267948966,-3.141592653589793,-1.5707963267948966,0.0
1780319661.885534286,0.0,-1.5707963267948966,1.5707963267948966,-3.141592653589793,-1.5707963267948966,0.0
1780319661.897766352,0.0,-1.5707963267948966,1.5707963267948966,-3.141592653589793,-1.5707963267948966,0.0
1780319661.911976337,0.0,-1.5707963267948966,1.5707963267948966,-3.141592653589793,-1.5707963267948966,0.0
1780319661.921581030,0.0,-1.5707963267948966,1.5707963267948966,-3.141592653589793,-1.5707963267948966,0.0
1780319661.932004690,0.0,-1.5707963267948966,1.5707963267948966,-3.141592653589793,-1.5707963267948966,0.0
1780319661.941299677,0.0,-1.5707963267948966,1.5707963267948966,-3.141592653589793,-1.5707963267948966,0.0
1780319661.950989485,0.0,-1.5707963267948966,1.5707963267948966,-3.141592653589793,-1.5707963267948966,0.0
1780319661.960815668,0.0,-1.5707963267948966,1.5707963267948966,-3.141592653589793,-1.5707963267948966,0.0
1780319661.970807076,0.0,-1.5707963267948966,1.5707963267948966,-3.141592653589793,-1.5707963267948966,0.0
1780319661.980605364,0.0,-1.5707963267948966,1.5707963267948966,-3.141592653589793,-1.5707963267948966,0.0
1780319661.991029978,0.0,-1.5707963267948966,1.5707963267948966,-3.141592653589793,-1.5707963267948966,0.0
1780319662.001550674,0.0,-1.5707963267948966,1.5707963267948966,-3.141592653589793,-1.5707963267948966,0.0
1780319662.011377335,0.0,-1.5707963267948966,1.5707963267948966,-3.141592653589793,-1.5707963267948966,0.0
1780319662.022402048,0.0,-1.5707963267948966,1.5707963267948966,-3.141592653589793,-1.5707963267948966,0.0
1780319662.031306267,0.0,-1.5707963267948966,1.5707963267948966,-3.141592653589793,-1.5707963267948966,0.0
1780319662.042699337,0.0,-1.5707963267948966,1.5707963267948966,-3.141592653589793,-1.5707963267948966,0.0
1780319662.051235676,0.0,-1.5707963267948966,1.5707963267948966,-3.141592653589793,-1.5707963267948966,0.0
1780319662.060778618,0.0,-1.5707963267948966,1.5707963267948966,-3.141592653589793,-1.5707963267948966,0.0
1780319662.071677208,0.0,-1.5707963267948966,1.5707963267948966,-3.141592653589793,-1.5707963267948966,0.0
1780319662.082588434,0.0,-1.5707963267948966,1.5707963267948966,-3.141592653589793,-1.5707963267948966,0.0
1780319662.092556953,0.0,-1.5707963267948966,1.5707963267948966,-3.141592653589793,-1.5707963267948966,0.0
1780319662.102743626,0.0,-1.5707963267948966,1.5707963267948966,-3.141592653589793,-1.5707963267948966,0.0
1780319662.112101555,0.0,-1.5707963267948966,1.5707963267948966,-3.141592653589793,-1.5707963267948966,0.0
1780319662.122036695,0.0,-1.5707963267948966,1.5707963267948966,-3.141592653589793,-1.5707963267948966,0.0
1780319662.132549763,0.0,-1.5707963267948966,1.5707963267948966,-3.141592653589793,-1.5707963267948966,0.0
1780319662.142200470,0.0,-1.5707963267948966,1.5707963267948966,-3.141592653589793,-1.5707963267948966,0.0
1780319662.153110743,0.0,-1.5707963267948966,1.5707963267948966,-3.141592653589793,-1.5707963267948966,0.0
1780319662.162954569,0.0,-1.5707963267948966,1.5707963267948966,-3.141592653589793,-1.5707963267948966,0.0
1780319662.173182249,0.0,-1.5707963267948966,1.5707963267948966,-3.141592653589793,-1.5707963267948966,0.0
1780319662.183328629,0.0,-1.5707963267948966,1.5707963267948966,-3.141592653589793,-1.5707963267948966,0.0
1780319662.193060875,0.0,-1.5707963267948966,1.5707963267948966,-3.141592653589793,-1.5707963267948966,0.0
1780319662.204231739,0.0,-1.5707963267948966,1.5707963267948966,-3.141592653589793,-1.5707963267948966,0.0
1780319662.213505030,0.0,-1.5707963267948966,1.5707963267948966,-3.141592653589793,-1.5707963267948966,0.0
1780319662.223483801,0.0,-1.5707963267948966,1.5707963267948966,-3.141592653589793,-1.5707963267948966,0.0
1780319662.234360218,0.0,-1.5707963267948966,1.5707963267948966,-3.141592653589793,-1.5707963267948966,0.0
1780319662.243255615,0.0,-1.5707963267948966,1.5707963267948966,-3.141592653589793,-1.5707963267948966,0.0
1780319662.253886938,0.0,-1.5707963267948966,1.5707963267948966,-3.141592653589793,-1.5707963267948966,0.0
1780319662.262820959,0.0,-1.5707963267948966,1.5707963267948966,-3.141592653589793,-1.5707963267948966,0.0
1780319662.272989035,0.0,-1.5707963267948966,1.5707963267948966,-3.141592653589793,-1.5707963267948966,0.0
1780319662.283849239,0.0,-1.5707963267948966,1.5707963267948966,-3.141592653589793,-1.5707963267948966,0.0
1780319662.294888258,0.0,-1.5707963267948966,1.5707963267948966,-3.141592653589793,-1.5707963267948966,0.0
1780319662.304173231,0.0,-1.5707963267948966,1.5707963267948966,-3.141592653589793,-1.5707963267948966,0.0
1780319662.314126015,0.0,-1.5707963267948966,1.5707963267948966,-3.141592653589793,-1.5707963267948966,0.0
1780319662.323097706,0.0,-1.5707963267948966,1.5707963267948966,-3.141592653589793,-1.5707963267948966,0.0
1780319662.333492517,0.0,-1.5707963267948966,1.5707963267948966,-3.141592653589793,-1.5707963267948966,0.0
1780319662.343385935,0.0,-1.5707963267948966,1.5707963267948966,-3.141592653589793,-1.5707963267948966,0.0
1780319662.353507519,0.0,-1.5707963267948966,1.5707963267948966,-3.141592653589793,-1.5707963267948966,0.0
1780319662.363364697,0.0,-1.5707963267948966,1.5707963267948966,-3.141592653589793,-1.5707963267948966,0.0
1780319662.372971535,0.0,-1.5707963267948966,1.5707963267948966,-3.141592653589793,-1.5707963267948966,0.0
1780319662.383641720,0.0,-1.5707963267948966,1.5707963267948966,-3.141592653589793,-1.5707963267948966,0.0
1780319662.393336058,0.0,-1.5707963267948966,1.5707963267948966,-3.141592653589793,-1.5707963267948966,0.0
1780319662.403551817,0.0,-1.5707963267948966,1.5707963267948966,-3.141592653589793,-1.5707963267948966,0.0
1780319662.412852049,0.0,-1.5707963267948966,1.5707963267948966,-3.141592653589793,-1.5707963267948966,0.0
1780319662.423034906,0.0,-1.5707963267948966,1.5707963267948966,-3.141592653589793,-1.5707963267948966,0.0
1780319662.433168173,0.0,-1.5707963267948966,1.5707963267948966,-3.141592653589793,-1.5707963267948966,0.0
1780319662.442955732,0.0,-1.5707963267948966,1.5707963267948966,-3.141592653589793,-1.5707963267948966,0.0
1780319662.453980923,0.0,-1.5707963267948966,1.5707963267948966,-3.141592653589793,-1.5707963267948966,0.0
1780319662.463386059,0.0,-1.5707963267948966,1.5707963267948966,-3.141592653589793,-1.5707963267948966,0.0
1780319662.473103762,0.0,-1.5707963267948966,1.5707963267948966,-3.141592653589793,-1.5707963267948966,0.0
1780319662.484057903,0.0,-1.5707963267948966,1.5707963267948966,-3.141592653589793,-1.5707963267948966,0.0
1780319662.493131399,0.0,-1.5707963267948966,1.5707963267948966,-3.141592653589793,-1.5707963267948966,0.0
1780319662.502979279,0.0,-1.5707963267948966,1.5707963267948966,-3.141592653589793,-1.5707963267948966,0.0
1780319662.513102531,0.0,-1.5707963267948966,1.5707963267948966,-3.141592653589793,-1.5707963267948966,0.0
1780319662.523521423,0.0,-1.5707963267948966,1.5707963267948966,-3.141592653589793,-1.5707963267948966,0.0
1780319662.534083605,0.0,-1.5707963267948966,1.5707963267948966,-3.141592653589793,-1.5707963267948966,0.0
1780319662.543271065,0.0,-1.5707963267948966,1.5707963267948966,-3.141592653589793,-1.5707963267948966,0.0
1780319662.553721189,0.0,-1.5707963267948966,1.5707963267948966,-3.141592653589793,-1.5707963267948966,0.0
1780319662.563011646,0.0,-1.5707963267948966,1.5707963267948966,-3.141592653589793,-1.5707963267948966,0.0
1780319662.572898626,0.0,-1.5707963267948966,1.5707963267948966,-3.141592653589793,-1.5707963267948966,0.0
1780319662.584041357,0.0,-1.5707963267948966,1.5707963267948966,-3.141592653589793,-1.5707963267948966,0.0
1780319662.593348980,0.0,-1.5707963267948966,1.5707963267948966,-3.141592653589793,-1.5707963267948966,0.0
1780319662.603802443,0.0,-1.5707963267948966,1.5707963267948966,-3.141592653589793,-1.5707963267948966,0.0
1780319662.612843275,0.0,-1.5707963267948966,1.5707963267948966,-3.141592653589793,-1.5707963267948966,0.0
1780319662.622977495,0.0,-1.5707963267948966,1.5707963267948966,-3.141592653589793,-1.5707963267948966,0.0
1780319662.633623838,0.0,-1.5707963267948966,1.5707963267948966,-3.141592653589793,-1.5707963267948966,0.0
1780319662.643021584,0.0,-1.5707963267948966,1.5707963267948966,-3.141592653589793,-1.5707963267948966,0.0
1780319662.653304577,0.0,-1.5707963267948966,1.5707963267948966,-3.141592653589793,-1.5707963267948966,0.0
1780319662.662853003,0.0,-1.5707963267948966,1.5707963267948966,-3.141592653589793,-1.5707963267948966,0.0
1780319662.673066139,0.0,-1.5707963267948966,1.5707963267948966,-3.141592653589793,-1.5707963267948966,0.0
1780319662.683569431,0.0,-1.5707963267948966,1.5707963267948966,-3.141592653589793,-1.5707963267948966,0.0
1780319662.693287611,0.0,-1.5707963267948966,1.5707963267948966,-3.141592653589793,-1.5707963267948966,0.0
1780319662.703192234,0.0,-1.5707963267948966,1.5707963267948966,-3.141592653589793,-1.5707963267948966,0.0
1780319662.713773727,0.0,-1.5707963267948966,1.5707963267948966,-3.141592653589793,-1.5707963267948966,0.0
1780319662.723373175,0.0,-1.5707963267948966,1.5707963267948966,-3.141592653589793,-1.5707963267948966,0.0
1780319662.734002113,0.0,-1.5707963267948966,1.5707963267948966,-3.141592653589793,-1.5707963267948966,0.0
1780319662.743198872,0.0,-1.5707963267948966,1.5707963267948966,-3.141592653589793,-1.5707963267948966,0.0
1780319662.753267765,0.0,-1.5707963267948966,1.5707963267948966,-3.141592653589793,-1.5707963267948966,0.0
1780319662.763682604,0.0,-1.5707963267948966,1.5707963267948966,-3.141592653589793,-1.5707963267948966,0.0
1780319662.773028135,0.0,-1.5707963267948966,1.5707963267948966,-3.141592653589793,-1.5707963267948966,0.0
1780319662.783063650,0.0,-1.5707963267948966,1.5707963267948966,-3.141592653589793,-1.5707963267948966,0.0
1780319662.793349981,0.0,-1.5707963267948966,1.5707963267948966,-3.141592653589793,-1.5707963267948966,0.0
1780319662.802781343,0.0,-1.5707963267948966,1.5707963267948966,-3.141592653589793,-1.5707963267948966,0.0
1780319662.813233852,0.0,-1.5707963267948966,1.5707963267948966,-3.141592653589793,-1.5707963267948966,0.0
1780319662.823563576,0.0,-1.5707963267948966,1.5707963267948966,-3.141592653589793,-1.5707963267948966,0.0
1780319662.832971096,0.0,-1.5707963267948966,1.5707963267948966,-3.141592653589793,-1.5707963267948966,0.0
1780319662.843189955,0.0,-1.5707963267948966,1.5707963267948966,-3.141592653589793,-1.5707963267948966,0.0
1780319662.853924751,0.0,-1.5707963267948966,1.5707963267948966,-3.141592653589793,-1.5707963267948966,0.0
1780319662.863527060,0.0,-1.5707963267948966,1.5707963267948966,-3.141592653589793,-1.5707963267948966,0.0
1780319662.874113560,0.0,-1.5707963267948966,1.5707963267948966,-3.141592653589793,-1.5707963267948966,0.0
1780319662.883661747,0.0,-1.5707963267948966,1.5707963267948966,-3.141592653589793,-1.5707963267948966,0.0
1780319662.893504620,0.0,-1.5707963267948966,1.5707963267948966,-3.141592653589793,-1.5707963267948966,0.0
1780319662.903146505,0.0,-1.5707963267948966,1.5707963267948966,-3.141592653589793,-1.5707963267948966,0.0
1780319662.913483620,0.0,-1.5707963267948966,1.5707963267948966,-3.141592653589793,-1.5707963267948966,0.0
1780319662.923958778,0.0,-1.5707963267948966,1.5707963267948966,-3.141592653589793,-1.5707963267948966,0.0
1780319662.933722019,0.0,-1.5707963267948966,1.5707963267948966,-3.141592653589793,-1.5707963267948966,0.0
1780319662.943124056,0.0,-1.5707963267948966,1.5707963267948966,-3.141592653589793,-1.5707963267948966,0.0
1780319662.953350782,0.0,-1.5707963267948966,1.5707963267948966,-3.141592653589793,-1.5707963267948966,0.0
1780319662.963304520,0.0,-1.5707963267948966,1.5707963267948966,-3.141592653589793,-1.5707963267948966,0.0
1780319662.973106623,0.0,-1.5707963267948966,1.5707963267948966,-3.141592653589793,-1.5707963267948966,0.0
1780319662.983056068,0.0,-1.5707963267948966,1.5707963267948966,-3.141592653589793,-1.5707963267948966,0.0
1780319662.992914438,0.0,-1.5707963267948966,1.5707963267948966,-3.141592653589793,-1.5707963267948966,0.0
1780319663.003142595,0.0,-1.5707963267948966,1.5707963267948966,-3.141592653589793,-1.5707963267948966,0.0
1780319663.012915134,0.0,-1.5707963267948966,1.5707963267948966,-3.141592653589793,-1.5707963267948966,0.0
1780319663.023716927,0.0,-1.5707963267948966,1.5707963267948966,-3.141592653589793,-1.5707963267948966,0.0
1780319663.033788204,0.0,-1.5707963267948966,1.5707963267948966,-3.141592653589793,-1.5707963267948966,0.0
1780319663.043456316,0.0,-1.5707963267948966,1.5707963267948966,-3.141592653589793,-1.5707963267948966,0.0
1780319663.053457260,0.0,-1.5707963267948966,1.5707963267948966,-3.141592653589793,-1.5707963267948966,0.0
1780319663.064415693,0.0,-1.5707963267948966,1.5707963267948966,-3.141592653589793,-1.5707963267948966,0.0
1780319663.073851824,0.0,-1.5707963267948966,1.5707963267948966,-3.141592653589793,-1.5707963267948966,0.0
1780319663.083748102,0.0,-1.5707963267948966,1.5707963267948966,-3.141592653589793,-1.5707963267948966,0.0
1780319663.093750715,0.0,-1.5707963267948966,1.5707963267948966,-3.141592653589793,-1.5707963267948966,0.0
1780319663.103016138,0.0,-1.5707963267948966,1.5707963267948966,-3.141592653589793,-1.5707963267948966,0.0
1780319663.113394976,0.0,-1.5707963267948966,1.5707963267948966,-3.141592653589793,-1.5707963267948966,0.0
1780319663.123163462,0.0,-1.5707963267948966,1.5707963267948966,-3.141592653589793,-1.5707963267948966,0.0
1780319663.133824348,0.0,-1.5707963267948966,1.5707963267948966,-3.141592653589793,-1.5707963267948966,0.0
1780319663.143496275,0.0,-1.5707963267948966,1.5707963267948966,-3.141592653589793,-1.5707963267948966,0.0
1780319663.153221369,0.0,-1.5707963267948966,1.5707963267948966,-3.141592653589793,-1.5707963267948966,0.0
1780319663.163909197,0.0,-1.5707963267948966,1.5707963267948966,-3.141592653589793,-1.5707963267948966,0.0
1780319663.173064709,0.0,-1.5707963267948966,1.5707963267948966,-3.141592653589793,-1.5707963267948966,0.0
1780319663.183259487,0.0,-1.5707963267948966,1.5707963267948966,-3.141592653589793,-1.5707963267948966,0.0
1780319663.193015814,0.0,-1.5707963267948966,1.5707963267948966,-3.141592653589793,-1.5707963267948966,0.0
1780319663.203032732,0.0,-1.5707963267948966,1.5707963267948966,-3.141592653589793,-1.5707963267948966,0.0
1780319663.212820768,0.0,-1.5707963267948966,1.5707963267948966,-3.141592653589793,-1.5707963267948966,0.0
1780319663.223519325,0.0,-1.5707963267948966,1.5707963267948966,-3.141592653589793,-1.5707963267948966,0.0
1780319663.233365059,0.0,-1.5707963267948966,1.5707963267948966,-3.141592653589793,-1.5707963267948966,0.0
1780319663.242754936,0.0,-1.5707963267948966,1.5707963267948966,-3.141592653589793,-1.5707963267948966,0.0
1780319663.253949642,0.0,-1.5707963267948966,1.5707963267948966,-3.141592653589793,-1.5707963267948966,0.0
1780319663.262856960,0.0,-1.5707963267948966,1.5707963267948966,-3.141592653589793,-1.5707963267948966,0.0
1780319663.273108006,0.0,-1.5707963267948966,1.5707963267948966,-3.141592653589793,-1.5707963267948966,0.0
1780319663.283276796,0.0,-1.5707963267948966,1.5707963267948966,-3.141592653589793,-1.5707963267948966,0.0
1780319663.293305635,0.0,-1.5707963267948966,1.5707963267948966,-3.141592653589793,-1.5707963267948966,0.0
1780319663.303210974,0.0,-1.5707963267948966,1.5707963267948966,-3.141592653589793,-1.5707963267948966,0.0
1780319663.313683271,0.0,-1.5707963267948966,1.5707963267948966,-3.141592653589793,-1.5707963267948966,0.0
1780319663.323322535,0.0,-1.5707963267948966,1.5707963267948966,-3.141592653589793,-1.5707963267948966,0.0
1780319663.334286690,0.0,-1.5707963267948966,1.5707963267948966,-3.141592653589793,-1.5707963267948966,0.0
1780319663.343766928,0.0,-1.5707963267948966,1.5707963267948966,-3.141592653589793,-1.5707963267948966,0.0
1780319663.353549004,0.0,-1.5707963267948966,1.5707963267948966,-3.141592653589793,-1.5707963267948966,0.0
1780319663.363636017,0.0,-1.5707963267948966,1.5707963267948966,-3.141592653589793,-1.5707963267948966,0.0
1780319663.372792959,0.0,-1.5707963267948966,1.5707963267948966,-3.141592653589793,-1.5707963267948966,0.0
1780319663.383670092,0.0,-1.5707963267948966,1.5707963267948966,-3.141592653589793,-1.5707963267948966,0.0
1780319663.393117189,0.0,-1.5707963267948966,1.5707963267948966,-3.141592653589793,-1.5707963267948966,0.0
1780319663.402889252,0.0,-1.5707963267948966,1.5707963267948966,-3.141592653589793,-1.5707963267948966,0.0
1780319663.413773537,0.0,-1.5707963267948966,1.5707963267948966,-3.141592653589793,-1.5707963267948966,0.0
1780319663.423269749,0.0,-1.5707963267948966,1.5707963267948966,-3.141592653589793,-1.5707963267948966,0.0
1780319663.433789730,0.0,-1.5707963267948966,1.5707963267948966,-3.141592653589793,-1.5707963267948966,0.0
1780319663.443139553,0.0,-1.5707963267948966,1.5707963267948966,-3.141592653589793,-1.5707963267948966,0.0
1780319663.453405380,0.0,-1.5707963267948966,1.5707963267948966,-3.141592653589793,-1.5707963267948966,0.0
1780319663.463786602,0.0,-1.5707963267948966,1.5707963267948966,-3.141592653589793,-1.5707963267948966,0.0
1780319663.473261595,0.0,-1.5707963267948966,1.5707963267948966,-3.141592653589793,-1.5707963267948966,0.0
1780319663.483049870,0.0,-1.5707963267948966,1.5707963267948966,-3.141592653589793,-1.5707963267948966,0.0
1780319663.493089199,0.0,-1.5707963267948966,1.5707963267948966,-3.141592653589793,-1.5707963267948966,0.0
1780319663.503093243,0.0,-1.5707963267948966,1.5707963267948966,-3.141592653589793,-1.5707963267948966,0.0
1780319663.512970209,0.0,-1.5707963267948966,1.5707963267948966,-3.141592653589793,-1.5707963267948966,0.0
1780319663.523170233,0.0,-1.5707963267948966,1.5707963267948966,-3.141592653589793,-1.5707963267948966,0.0
1780319663.532935381,0.0,-1.5707963267948966,1.5707963267948966,-3.141592653589793,-1.5707963267948966,0.0
1780319663.543534279,0.0,-1.5707963267948966,1.5707963267948966,-3.141592653589793,-1.5707963267948966,0.0
1780319663.553575754,0.0,-1.5707963267948966,1.5707963267948966,-3.141592653589793,-1.5707963267948966,0.0
1780319663.563504457,0.0,-1.5707963267948966,1.5707963267948966,-3.141592653589793,-1.5707963267948966,0.0
1780319663.573921204,0.0,-1.5707963267948966,1.5707963267948966,-3.141592653589793,-1.5707963267948966,0.0
1780319663.583403587,0.0,-1.5707963267948966,1.5707963267948966,-3.141592653589793,-1.5707963267948966,0.0
1780319663.594521523,0.0,-1.5707963267948966,1.5707963267948966,-3.141592653589793,-1.5707963267948966,0.0
1780319663.603694677,0.0,-1.5707963267948966,1.5707963267948966,-3.141592653589793,-1.5707963267948966,0.0
1780319663.613397121,0.0,-1.5707963267948966,1.5707963267948966,-3.141592653589793,-1.5707963267948966,0.0
1780319663.623894215,0.0,-1.5707963267948966,1.5707963267948966,-3.141592653589793,-1.5707963267948966,0.0
1780319663.633848190,0.0,-1.5707963267948966,1.5707963267948966,-3.141592653589793,-1.5707963267948966,0.0
1780319663.643447399,0.0,-1.5707963267948966,1.5707963267948966,-3.141592653589793,-1.5707963267948966,0.0
1780319663.653250933,0.0,-1.5707963267948966,1.5707963267948966,-3.141592653589793,-1.5707963267948966,0.0
1780319663.663062572,0.0,-1.5707963267948966,1.5707963267948966,-3.141592653589793,-1.5707963267948966,0.0
1780319663.673095226,0.0,-1.5707963267948966,1.5707963267948966,-3.141592653589793,-1.5707963267948966,0.0
1780319663.683154345,0.0,-1.5707963267948966,1.5707963267948966,-3.141592653589793,-1.5707963267948966,0.0
1780319663.692816019,0.0,-1.5707963267948966,1.5707963267948966,-3.141592653589793,-1.5707963267948966,0.0
1780319663.703551769,0.0,-1.5707963267948966,1.5707963267948966,-3.141592653589793,-1.5707963267948966,0.0
1780319663.712865353,0.0,-1.5707963267948966,1.5707963267948966,-3.141592653589793,-1.5707963267948966,0.0
1780319663.722799540,0.0,-1.5707963267948966,1.5707963267948966,-3.141592653589793,-1.5707963267948966,0.0
1780319663.733621597,0.0,-1.5707963267948966,1.5707963267948966,-3.141592653589793,-1.5707963267948966,0.0
1780319663.742890596,0.0,-1.5707963267948966,1.5707963267948966,-3.141592653589793,-1.5707963267948966,0.0
1780319663.753212452,0.0,-1.5707963267948966,1.5707963267948966,-3.141592653589793,-1.5707963267948966,0.0
1780319663.763414145,0.0,-1.5707963267948966,1.5707963267948966,-3.141592653589793,-1.5707963267948966,0.0
1780319663.773874521,0.0,-1.5707963267948966,1.5707963267948966,-3.141592653589793,-1.5707963267948966,0.0
1780319663.784074306,0.0,-1.5707963267948966,1.5707963267948966,-3.141592653589793,-1.5707963267948966,0.0
1780319663.793569326,0.0,-1.5707963267948966,1.5707963267948966,-3.141592653589793,-1.5707963267948966,0.0
1780319663.803474903,0.0,-1.5707963267948966,1.5707963267948966,-3.141592653589793,-1.5707963267948966,0.0
1780319663.813738108,0.0,-1.5707963267948966,1.5707963267948966,-3.141592653589793,-1.5707963267948966,0.0
1780319663.823192596,0.0,-1.5707963267948966,1.5707963267948966,-3.141592653589793,-1.5707963267948966,0.0
1780319663.833468437,0.0,-1.5707963267948966,1.5707963267948966,-3.141592653589793,-1.5707963267948966,0.0
1780319663.842973948,0.0,-1.5707963267948966,1.5707963267948966,-3.141592653589793,-1.5707963267948966,0.0
1780319663.853245974,0.0,-1.5707963267948966,1.5707963267948966,-3.141592653589793,-1.5707963267948966,0.0
1780319663.862847567,0.0,-1.5707963267948966,1.5707963267948966,-3.141592653589793,-1.5707963267948966,0.0
1780319663.872984886,0.0,-1.5707963267948966,1.5707963267948966,-3.141592653589793,-1.5707963267948966,0.0
1780319663.882780313,0.0,-1.5707963267948966,1.5707963267948966,-3.141592653589793,-1.5707963267948966,0.0
1780319663.893445492,0.0,-1.5707963267948966,1.5707963267948966,-3.141592653589793,-1.5707963267948966,0.0
1780319663.902810574,0.0,-1.5707963267948966,1.5707963267948966,-3.141592653589793,-1.5707963267948966,0.0
1780319663.913469315,0.0,-1.5707963267948966,1.5707963267948966,-3.141592653589793,-1.5707963267948966,0.0
1780319663.923560381,0.0,-1.5707963267948966,1.5707963267948966,-3.141592653589793,-1.5707963267948966,0.0
1780319663.933593273,0.0,-1.5707963267948966,1.5707963267948966,-3.141592653589793,-1.5707963267948966,0.0
1780319663.943448067,0.0,-1.5707963267948966,1.5707963267948966,-3.141592653589793,-1.5707963267948966,0.0
1780319663.953527212,0.0,-1.5707963267948966,1.5707963267948966,-3.141592653589793,-1.5707963267948966,0.0
1780319663.964011192,0.0,-1.5707963267948966,1.5707963267948966,-3.141592653589793,-1.5707963267948966,0.0
1780319663.974035263,0.0,-1.5707963267948966,1.5707963267948966,-3.141592653589793,-1.5707963267948966,0.0
1780319663.983600378,0.0,-1.5707963267948966,1.5707963267948966,-3.141592653589793,-1.5707963267948966,0.0
1780319663.993634462,0.0,-1.5707963267948966,1.5707963267948966,-3.141592653589793,-1.5707963267948966,0.0
1780319664.003322840,0.0,-1.5707963267948966,1.5707963267948966,-3.141592653589793,-1.5707963267948966,0.0
1780319664.013886213,0.0,-1.5707963267948966,1.5707963267948966,-3.141592653589793,-1.5707963267948966,0.0
1780319664.022949696,0.0,-1.5707963267948966,1.5707963267948966,-3.141592653589793,-1.5707963267948966,0.0
1780319664.032871008,0.0,-1.5707963267948966,1.5707963267948966,-3.141592653589793,-1.5707963267948966,0.0
1780319664.042830706,0.0,-1.5707963267948966,1.5707963267948966,-3.141592653589793,-1.5707963267948966,0.0
1780319664.053588152,0.0,-1.5707963267948966,1.5707963267948966,-3.141592653589793,-1.5707963267948966,0.0
1780319664.062801838,0.0,-1.5707963267948966,1.5707963267948966,-3.141592653589793,-1.5707963267948966,0.0
1780319664.073572159,0.0,-1.5707963267948966,1.5707963267948966,-3.141592653589793,-1.5707963267948966,0.0
1780319664.083344460,0.0,-1.5707963267948966,1.5707963267948966,-3.141592653589793,-1.5707963267948966,0.0
1780319664.093633652,0.0,-1.5707963267948966,1.5707963267948966,-3.141592653589793,-1.5707963267948966,0.0
1780319664.103289604,0.0,-1.5707963267948966,1.5707963267948966,-3.141592653589793,-1.5707963267948966,0.0
1780319664.113996506,0.0,-1.5707963267948966,1.5707963267948966,-3.141592653589793,-1.5707963267948966,0.0
1780319664.123610735,0.0,-1.5707963267948966,1.5707963267948966,-3.141592653589793,-1.5707963267948966,0.0
1780319664.133593798,0.0,-1.5707963267948966,1.5707963267948966,-3.141592653589793,-1.5707963267948966,0.0
1780319664.143652678,0.0,-1.5707963267948966,1.5707963267948966,-3.141592653589793,-1.5707963267948966,0.0
1780319664.153665304,0.0,-1.5707963267948966,1.5707963267948966,-3.141592653589793,-1.5707963267948966,0.0
1780319664.163428545,0.0,-1.5707963267948966,1.5707963267948966,-3.141592653589793,-1.5707963267948966,0.0
1780319664.173643589,0.0,-1.5707963267948966,1.5707963267948966,-3.141592653589793,-1.5707963267948966,0.0
1780319664.183513880,0.0,-1.5707963267948966,1.5707963267948966,-3.141592653589793,-1.5707963267948966,0.0
1780319664.193558216,0.0,-1.5707963267948966,1.5707963267948966,-3.141592653589793,-1.5707963267948966,0.0
1780319664.203619480,0.0,-1.5707963267948966,1.5707963267948966,-3.141592653589793,-1.5707963267948966,0.0
1780319664.213759184,0.0,-1.5707963267948966,1.5707963267948966,-3.141592653589793,-1.5707963267948966,0.0
1780319664.223433733,0.0,-1.5707963267948966,1.5707963267948966,-3.141592653589793,-1.5707963267948966,0.0
1780319664.233735085,0.0,-1.5707963267948966,1.5707963267948966,-3.141592653589793,-1.5707963267948966,0.0
1780319664.243432999,0.0,-1.5707963267948966,1.5707963267948966,-3.141592653589793,-1.5707963267948966,0.0
1780319664.253064871,0.0,-1.5707963267948966,1.5707963267948966,-3.141592653589793,-1.5707963267948966,0.0
1780319664.263552904,0.0,-1.5707963267948966,1.5707963267948966,-3.141592653589793,-1.5707963267948966,0.0
1780319664.272968054,0.0,-1.5707963267948966,1.5707963267948966,-3.141592653589793,-1.5707963267948966,0.0
1780319664.283151627,0.0,-1.5707963267948966,1.5707963267948966,-3.141592653589793,-1.5707963267948966,0.0
1780319664.292862415,0.0,-1.5707963267948966,1.5707963267948966,-3.141592653589793,-1.5707963267948966,0.0
1780319664.303141117,0.0,-1.5707963267948966,1.5707963267948966,-3.141592653589793,-1.5707963267948966,0.0
1780319664.313378572,0.0,-1.5707963267948966,1.5707963267948966,-3.141592653589793,-1.5707963267948966,0.0
1780319664.322866201,0.0,-1.5707963267948966,1.5707963267948966,-3.141592653589793,-1.5707963267948966,0.0
1780319664.332875013,0.0,-1.5707963267948966,1.5707963267948966,-3.141592653589793,-1.5707963267948966,0.0
1780319664.343522787,0.0,-1.5707963267948966,1.5707963267948966,-3.141592653589793,-1.5707963267948966,0.0
1780319664.353332043,0.0,-1.5707963267948966,1.5707963267948966,-3.141592653589793,-1.5707963267948966,0.0
1780319664.363251209,0.0,-1.5707963267948966,1.5707963267948966,-3.141592653589793,-1.5707963267948966,0.0
1780319664.373698473,0.0,-1.5707963267948966,1.5707963267948966,-3.141592653589793,-1.5707963267948966,0.0
1780319664.383466244,0.0,-1.5707963267948966,1.5707963267948966,-3.141592653589793,-1.5707963267948966,0.0
1780319664.393915176,0.0,-1.5707963267948966,1.5707963267948966,-3.141592653589793,-1.5707963267948966,0.0
1780319664.403339148,0.0,-1.5707963267948966,1.5707963267948966,-3.141592653589793,-1.5707963267948966,0.0
1780319664.413635969,0.0,-1.5707963267948966,1.5707963267948966,-3.141592653589793,-1.5707963267948966,0.0
1780319664.423375845,0.0,-1.5707963267948966,1.5707963267948966,-3.141592653589793,-1.5707963267948966,0.0
1780319664.433223248,0.0,-1.5707963267948966,1.5707963267948966,-3.141592653589793,-1.5707963267948966,0.0
1780319664.443168402,0.0,-1.5707963267948966,1.5707963267948966,-3.141592653589793,-1.5707963267948966,0.0
1780319664.453116894,0.0,-1.5707963267948966,1.5707963267948966,-3.141592653589793,-1.5707963267948966,0.0
1780319664.463200092,0.0,-1.5707963267948966,1.5707963267948966,-3.141592653589793,-1.5707963267948966,0.0
1780319664.472964287,0.0,-1.5707963267948966,1.5707963267948966,-3.141592653589793,-1.5707963267948966,0.0
1780319664.483132124,0.0,-1.5707963267948966,1.5707963267948966,-3.141592653589793,-1.5707963267948966,0.0
1780319664.492982864,0.0,-1.5707963267948966,1.5707963267948966,-3.141592653589793,-1.5707963267948966,0.0
1780319664.503144741,0.0,-1.5707963267948966,1.5707963267948966,-3.141592653589793,-1.5707963267948966,0.0
1780319664.513123989,0.0,-1.5707963267948966,1.5707963267948966,-3.141592653589793,-1.5707963267948966,0.0
1780319664.522866488,0.0,-1.5707963267948966,1.5707963267948966,-3.141592653589793,-1.5707963267948966,0.0
1780319664.533607721,0.0,-1.5707963267948966,1.5707963267948966,-3.141592653589793,-1.5707963267948966,0.0
1780319664.542773008,0.0,-1.5707963267948966,1.5707963267948966,-3.141592653589793,-1.5707963267948966,0.0
1780319664.553345680,0.0,-1.5707963267948966,1.5707963267948966,-3.141592653589793,-1.5707963267948966,0.0
1780319664.563733578,0.0,-1.5707963267948966,1.5707963267948966,-3.141592653589793,-1.5707963267948966,0.0
1780319664.573458195,0.0,-1.5707963267948966,1.5707963267948966,-3.141592653589793,-1.5707963267948966,0.0
1780319664.584210396,0.0,-1.5707963267948966,1.5707963267948966,-3.141592653589793,-1.5707963267948966,0.0
1780319664.593384266,0.0,-1.5707963267948966,1.5707963267948966,-3.141592653589793,-1.5707963267948966,0.0
1780319664.603644848,0.0,-1.5707963267948966,1.5707963267948966,-3.141592653589793,-1.5707963267948966,0.0
1780319664.613506079,0.0,-1.5707963267948966,1.5707963267948966,-3.141592653589793,-1.5707963267948966,0.0
1780319664.623421192,0.0,-1.5707963267948966,1.5707963267948966,-3.141592653589793,-1.5707963267948966,0.0
1780319664.633004665,0.0,-1.5707963267948966,1.5707963267948966,-3.141592653589793,-1.5707963267948966,0.0
1780319664.643064976,0.0,-1.5707963267948966,1.5707963267948966,-3.141592653589793,-1.5707963267948966,0.0
1780319664.653118610,0.0,-1.5707963267948966,1.5707963267948966,-3.141592653589793,-1.5707963267948966,0.0
1780319664.662872076,0.0,-1.5707963267948966,1.5707963267948966,-3.141592653589793,-1.5707963267948966,0.0
1780319664.673140287,0.0,-1.5707963267948966,1.5707963267948966,-3.141592653589793,-1.5707963267948966,0.0
1780319664.683027267,0.0,-1.5707963267948966,1.5707963267948966,-3.141592653589793,-1.5707963267948966,0.0
1780319664.693761349,0.0,-1.5707963267948966,1.5707963267948966,-3.141592653589793,-1.5707963267948966,0.0
1780319664.702852249,0.0,-1.5707963267948966,1.5707963267948966,-3.141592653589793,-1.5707963267948966,0.0
1780319664.713125706,0.0,-1.5707963267948966,1.5707963267948966,-3.141592653589793,-1.5707963267948966,0.0
1780319664.723567247,0.0,-1.5707963267948966,1.5707963267948966,-3.141592653589793,-1.5707963267948966,0.0
1780319664.733083963,0.0,-1.5707963267948966,1.5707963267948966,-3.141592653589793,-1.5707963267948966,0.0
1780319664.743276119,0.0,-1.5707963267948966,1.5707963267948966,-3.141592653589793,-1.5707963267948966,0.0
1780319664.753513813,0.0,-1.5707963267948966,1.5707963267948966,-3.141592653589793,-1.5707963267948966,0.0
1780319664.763746738,0.0,-1.5707963267948966,1.5707963267948966,-3.141592653589793,-1.5707963267948966,0.0
1780319664.773949862,0.0,-1.5707963267948966,1.5707963267948966,-3.141592653589793,-1.5707963267948966,0.0
1780319664.784287453,0.0,-1.5707963267948966,1.5707963267948966,-3.141592653589793,-1.5707963267948966,0.0
1780319664.793694258,0.0,-1.5707963267948966,1.5707963267948966,-3.141592653589793,-1.5707963267948966,0.0
1780319664.803927898,0.0,-1.5707963267948966,1.5707963267948966,-3.141592653589793,-1.5707963267948966,0.0
1780319664.813621044,0.0,-1.5707963267948966,1.5707963267948966,-3.141592653589793,-1.5707963267948966,0.0
1780319664.823568583,0.0,-1.5707963267948966,1.5707963267948966,-3.141592653589793,-1.5707963267948966,0.0
1780319664.833364487,0.0,-1.5707963267948966,1.5707963267948966,-3.141592653589793,-1.5707963267948966,0.0
1780319664.843167067,0.0,-1.5707963267948966,1.5707963267948966,-3.141592653589793,-1.5707963267948966,0.0
1780319664.853074312,0.0,-1.5707963267948966,1.5707963267948966,-3.141592653589793,-1.5707963267948966,0.0
1780319664.862977982,0.0,-1.5707963267948966,1.5707963267948966,-3.141592653589793,-1.5707963267948966,0.0
1780319664.873188496,0.0,-1.5707963267948966,1.5707963267948966,-3.141592653589793,-1.5707963267948966,0.0
1780319664.882802963,0.0,-1.5707963267948966,1.5707963267948966,-3.141592653589793,-1.5707963267948966,0.0
1780319664.893106222,0.0,-1.5707963267948966,1.5707963267948966,-3.141592653589793,-1.5707963267948966,0.0
1780319664.902925968,0.0,-1.5707963267948966,1.5707963267948966,-3.141592653589793,-1.5707963267948966,0.0
1780319664.913049936,0.0,-1.5707963267948966,1.5707963267948966,-3.141592653589793,-1.5707963267948966,0.0
1780319664.923588991,-3.666054320383694e-05,-1.5708132281029918,1.5708132292532027,-3.141592653589793,-1.5706642109968891,0.0
1780319664.933806419,-0.00047232393777818515,-1.5710137682014462,1.571013742506091,-3.141592631319225,-1.5690943250821183,0.0
1780319664.943553448,-0.0012752627424816865,-1.5713818016587062,1.5713816071574231,-3.1415924625311593,-1.5662016544709223,0.0
1780319664.953634262,-0.0023346940462607435,-1.5718642949155495,1.5718636446727943,-3.14159200681495,-1.5623862383581795,0.0
1780319664.963532686,-0.00357669037539754,-1.5724254404515658,1.5724239256165589,-3.14159114225086,-1.5579151490470622,0.0
1780319664.973321438,-0.004951462873831858,-1.5730409302340282,1.5730380533509418,-3.141589780229686,-1.5529682632677062,0.0
1780319664.983483553,-0.006424931655661936,-1.5736940321436075,1.5736892366629633,-3.1415878616551147,-1.5476686649426519,0.0
1780319664.993548870,-0.007973580478525477,-1.5743731379088128,1.574365830599532,-3.141585349845506,-1.54210123067178,0.0
1780319665.003042459,-0.009580861329321344,-1.5750700358624279,1.5750596030997117,-3.1415822244064002,-1.5363256236045597,0.0
1780319665.013552427,-0.011235103638782995,-1.5757788868508662,1.5757647057727002,-3.141578476103176,-1.5303838585464442,0.0
1780319665.023005009,-0.01292771729467912,-1.5764953650653277,1.5764768119475616,-3.141574104074055,-1.5243067947671411,0.0
1780319665.033210278,-0.014652140640903255,-1.577216152753735,1.5771926094852615,-3.141569113932113,-1.5181179388644823,0.0
1780319665.043068886,-0.016403510133736532,-1.577938758119691,1.5779096162829933,-3.141563515370705,-1.5118346489144487,0.0
1780319665.052901030,-0.018177933604732743,-1.578661180013449,1.5786258446763706,-3.1415573218751174,-1.505470755877818,0.0
1780319665.063290596,-0.019972285435572168,-1.579381802509225,1.5793396950496577,-3.1415505497553844,-1.4990373074778773,0.0
1780319665.073251009,-0.02178400248318013,-1.5800992953608661,1.5800498557448774,-3.1415432175997005,-1.4925433070410659,0.0
1780319665.083398104,-0.023610945387655846,-1.580812545848346,1.5807552344768525,-3.141535345842967,-1.485996216013067,0.0
1780319665.093356848,-0.025451299161495022,-1.5815206098015775,1.5814549090199912,-3.1415269564297432,-1.479402314353531,0.0
1780319665.103925705,-0.027303480085022258,-1.5822226680395355,1.5821480834793094,-3.1415180726461016,-1.4727670373592483,0.0
1780319665.114582062,-0.029166208819095374,-1.5829180473440179,1.5828341084164186,-3.141508718272187,-1.4660947163769293,0.0
1780319665.123176575,-0.031038256255273566,-1.5836061193954203,1.583512380630503,-3.1414989184265987,-1.4593894913401613,0.0
1780319665.133920670,-0.0329185130730929,-1.5842863245561194,1.58418236634698,-3.1414886989725694,-1.4526550632507247,0.0
1780319665.143643141,-0.034806132862598815,-1.584958219148131,1.5848436474118193,-3.141478085434365,-1.4458941830581207,0.0
1780319665.153974533,-0.03670027051978053,-1.5856213771299874,1.5854958241423036,-3.1414671041706366,-1.4391095898273178,0.0
1780319665.164044857,-0.038600161284970014,-1.5862754171542974,1.5861385417971288,-3.1414557817876654,-1.432303728661477,0.0
1780319665.173822641,-0.040505123237821294,-1.5869200011504185,1.5867714889769,-3.1414441449567656,-1.4254787426297542,0.0
1780319665.183552265,-0.042414529614688945,-1.587554822845238,1.587394386167255,-3.1414322204368,-1.4186365726672223,0.0
1780319665.193883181,-0.044327815551305605,-1.5881796083817123,1.5880069861944268,-3.1414200349111585,-1.4117789340415285,0.0
1780319665.203553438,-0.04624446771514812,-1.5887941112454236,1.588609069107619,-3.1414076149435664,-1.4049073540125114,0.0
1780319665.213430882,-0.048164019167828975,-1.589398109175459,1.589200439029362,-3.141394986917556,-1.3980231906706377,0.0
1780319665.223031759,-0.050086027128522836,-1.5899913960199186,1.5897809160781153,-3.141382177103569,-1.3911277130599142,0.0
1780319665.233299017,-0.052010053776857745,-1.5905737752922944,1.5903503299896562,-3.1413692117238865,-1.3842221704908901,0.0
1780319665.243276119,-0.0539358162338921,-1.5911451040983993,1.5909085629659079,-3.1413561158749412,-1.377307254376774,0.0
1780319665.253245354,-0.05586290802161464,-1.5917052083765606,1.5914554667434353,-3.141342915354748,-1.3703840982604554,0.0
1780319665.263055801,-0.05779102582688722,-1.5922539504981126,1.5919909286165639,-3.141329635086544,-1.3634534640390301,0.0
1780319665.273012161,-0.059719914281232356,-1.5927912109538926,1.5925148534495588,-3.1413162994437736,-1.3565159399982232,0.0
1780319665.283015013,-0.0616487919968387,-1.5933167322839736,1.593027011548945,-3.1413029361913747,-1.349574006941463,0.0
1780319665.293067455,-0.06357608857607389,-1.593830065916194,1.59352698729097,-3.1412895782773425,-1.3426329926727467,0.0
1780319665.303005695,-0.0655004752547832,-1.594330861472197,1.5940144611608067,-3.1412762565656127,-1.3356973680078195,0.0
1780319665.312965155,-0.0674208902162805,-1.5948188659046263,1.5944892085758928,-3.1412629995213095,-1.3287706544462505,0.0
1780319665.322824717,-0.06933647553868116,-1.5952938999997937,1.5949510767313815,-3.141249833553599,-1.3218556498945162,0.0
1780319665.333927870,-0.07124653054757957,-1.5957558410765946,1.595399967560312,-3.1412367832768484,-1.314954595638766,0.0
1780319665.342868567,-0.07315049171059052,-1.596204613554434,1.5958358284037863,-3.141223871613075,-1.3080692477265465,0.0
1780319665.352928162,-0.07504775642522965,-1.5966401448934597,1.5962586091163644,-3.1412111209566125,-1.3012015137414705,0.0
1780319665.363716602,-0.07693785500737338,-1.5970624047488196,1.5966683000269188,-3.141198551981522,-1.2943528308351073,0.0
1780319665.373798609,-0.07882043653294257,-1.5974713979072002,1.597064924980765,-3.1411861837466333,-1.2875242154063118,0.0
1780319665.383176804,-0.08069510247097789,-1.5978671260792598,1.5974485042297137,-3.1411740347930723,-1.2807168658133108,0.0
1780319665.393817902,-0.08256142125179089,-1.5982495923609727,1.5978190587610164,-3.141162123012073,-1.2739321108542185,0.0
1780319665.404273510,-0.08441905794926985,-1.598618827685078,1.5981766359054914,-3.141150464801951,-1.2671709387499943,0.0
1780319665.414193630,-0.08626775131789355,-1.5989748835471582,1.5985213022415785,-3.141139075245726,-1.2604340792824589,0.0
1780319665.424084187,-0.0881072134004457,-1.5993178113832522,1.5988531236092698,-3.1411279687472784,-1.2537223690487167,0.0
1780319665.434379816,-0.08993787369099149,-1.599647795289279,1.599172293463141,-3.1411171546657664,-1.2470340318097684,0.0
1780319665.443890333,-0.09176091040837608,-1.5999651352500974,1.5994791164276596,-3.141106637640893,-1.2403645463768873,0.0
1780319665.453613281,-0.09357701821402209,-1.6002700208989262,1.5997737894995434,-3.141096425035923,-1.2337111441717683,0.0
1780319665.463936090,-0.09538667498076325,-1.600562588729753,1.6000564575421343,-3.1410865252203863,-1.2270718406925747,0.0
1780319665.473507881,-0.09719066326662418,-1.600843008205647,1.6003272965497406,-3.1410769447245817,-1.2204435227734818,0.0
1780319665.483549356,-0.09899069561161067,-1.6011115634874598,1.600586592514697,-3.1410676853792916,-1.2138196362009177,0.0
1780319665.493643999,-0.10078910029748656,-1.6013685800840376,1.6008346704944014,-3.1410587467329227,-1.2071913160100065,0.0
1780319665.503665209,-0.10258735375919947,-1.6016142089785195,1.6010716863176444,-3.1410501336313494,-1.200552786816763,0.0
1780319665.513529301,-0.10438628935150085,-1.6018484793649623,1.601297677726572,-3.141041854622824,-1.193900612265673,0.0
1780319665.522937775,-0.10618626334368386,-1.602071338619215,1.6015126030937792,-3.1410339207033227,-1.1872330972947438,0.0
1780319665.532948494,-0.10798714200637871,-1.6022826658092777,1.6017163545497821,-3.141026344934749,-1.1805503501044328,0.0
1780319665.542912483,-0.10978881232163307,-1.6024823423760548,1.6019088261766974,-3.14101913995879,-1.1738523976536595,0.0
1780319665.552832127,-0.111591198291908,-1.602670253067977,1.6020899148898162,-3.141012317942535,-1.1671391241035867,0.0
1780319665.563076973,-0.11339424321488778,-1.6028462829967003,1.6022595175819874,-3.1410058906673637,-1.1604103356089164,0.0
1780319665.572882175,-0.11519790953036235,-1.603010316912763,1.6024175304100314,-3.1409998695396917,-1.153665760010882,0.0
1780319665.583032370,-0.11700217603568319,-1.6031622382552069,1.6025638478641737,-3.140994265610787,-1.1469050563341572,0.0
1780319665.593838215,-0.11880704559326993,-1.603301929070656,1.6026983626753246,-3.1409890895650387,-1.1401277849015639,0.0
1780319665.602926016,-0.12061254580773095,-1.603429269122099,1.6028209649418974,-3.1409843517378735,-1.1333334034809752,0.0
1780319665.613642931,-0.1224187109802477,-1.603544133815051,1.6029315401185165,-3.1409800621784143,-1.1265213339894986,0.0
1780319665.623538256,-0.1242256438992504,-1.603646397090686,1.6030299717861267,-3.1409762305265674,-1.119690727887141,0.0
1780319665.633907795,-0.12603339327577778,-1.6037359231954698,1.6031161337141366,-3.1409728663050402,-1.1128409275560385,0.0
1780319665.643760681,-0.12784171040044257,-1.6038125589624563,1.603189882419226,-3.1409699791980685,-1.1059723935442909,0.0
1780319665.653256416,-0.12964848164359744,-1.6038760949821622,1.603251019789994,-3.1409675805050856,-1.0990926943617207,0.0
1780319665.663472652,-0.13145177454163637,-1.6039263834304789,1.6032994064480217,-3.1409656786710842,-1.0922087774097164,0.0
1780319665.673436880,-0.1332507586190399,-1.6039633481813116,1.6033349714336715,-3.1409642788623713,-1.0853234359668296,0.0
1780319665.683166504,-0.13504496776805652,-1.6039869380258533,1.6033576671667866,-3.1409633847070046,-1.0784380914386729,0.0
1780319665.693037987,-0.13683412454817478,-1.6039971131289983,1.6033674564039055,-3.1409629987964287,-1.0715534529911972,0.0
1780319665.703106880,-0.13861702786863273,-1.6039938443827584,1.6033643116092242,-3.1409631227043904,-1.0646738064223165,0.0
1780319665.713367224,-0.1403919695356839,-1.6039771431616332,1.6033482435755544,-3.1409637558491355,-1.0578054516266073,0.0
1780319665.724373341,-0.14215810938835105,-1.6039470526861743,1.6033192931178777,-3.1409648958242378,-1.0509513896846423,0.0
1780319665.733092308,-0.14391508207351578,-1.6039036267116558,1.603277510578027,-3.1409665392156483,-1.0441128095946315,0.0
1780319665.744200230,-0.1456626009725781,-1.6038469259479928,1.6032229523896837,-3.140968681746339,-1.0372906108090492,0.0
1780319665.754114628,-0.1474005672249863,-1.6037770103778861,1.6031556736969834,-3.1409713185773755,-1.0304849717288604,0.0
1780319665.763458014,-0.14912881356775465,-1.6036939453667003,1.6030757342434765,-3.14097444408623,-1.0236963465841926,0.0
1780319665.791837215,-0.15084710067293017,-1.6035978046618666,1.602983201271175,-3.140978051766748,-1.016925484363954,0.0
1780319665.811048508,-0.15255527194989948,-1.6034886628679823,1.6028781422917109,-3.140982134525425,-1.010172820838509,0.0
1780319665.825310946,-0.1542532337442184,-1.603366593785739,1.6027606234986367,-3.140986684754698,-1.0034385523718727,0.0
1780319665.839811802,-0.1559405285166875,-1.6032317038335897,1.6026307419608974,-3.140991693103391,-0.9967243333781228,0.0
1780319665.864620924,-0.1576170518268114,-1.6030840808769895,1.6024885763783114,-3.1409971504058256,-0.9900304336157024,0.0
1780319665.871842384,-0.15928253633584166,-1.602923831821231,1.6023342232926985,-3.141003046297407,-0.9833577858025313,0.0
1780319665.881218910,-0.1609374826055836,-1.6027509883640763,1.6021677063127848,-3.1410093726906867,-0.9767042485797406,0.0
1780319665.891766310,-0.1625827678656142,-1.6025655210034522,1.6019889895489732,-3.1410161231962763,-0.9700661333528249,0.0
1780319665.901325703,-0.16421932903621794,-1.602367362663614,1.60179800032296,-3.141023292211448,-0.9634394611348185,0.0
1780319665.912131786,-0.16584860358183917,-1.6021563465972015,1.6015945692446099,-3.1410308770915303,-0.9568181606216433,0.0
1780319665.921012402,-0.16747191598330513,-1.601932271546536,1.6013784929183827,-3.141038875694043,-0.9501965344031937,0.0
1780319665.931387186,-0.16909021037822036,-1.6016949456977434,1.6011495762742172,-3.141047284755565,-0.9435703598550544,0.0
1780319665.942271709,-0.17069981251965505,-1.6014448790475866,1.6009083006768265,-3.141056075633445,-0.9369543685547157,0.0
1780319665.951118708,-0.1722977952477578,-1.6011825821118641,1.6006551479864422,-3.1410652195777002,-0.9303604345544496,0.0
1780319665.961535692,-0.17389244041707919,-1.6009066788437538,1.6003887784799005,-3.1410747528125893,-0.9237540950250285,0.0
1780319665.971078157,-0.17547852692466748,-1.6006180128388348,1.6001099942491124,-3.141084634296251,-0.9171566130832254,0.0
1780319665.981669188,-0.17705379261109933,-1.6003170347699687,1.599819218183872,-3.1410948363633002,-0.9105772164931523,0.0
1780319665.991135120,-0.17861817253628232,-1.600003827006642,1.5995165171159922,-3.1411053431339515,-0.9040160560404598,0.0
1780319666.001696110,-0.1801717956776585,-1.5996784322594486,1.5992019192212186,-3.1411161400700336,-0.8974724717546962,0.0
1780319666.011976719,-0.18171498975020306,-1.5993408436331693,1.5988754042406261,-3.141127213806257,-0.8909449550268338,0.0
1780319666.021303654,-0.18324802484597313,-1.5989910548598587,1.5985369520020871,-3.141138550435912,-0.8844322212203357,0.0
1780319666.032258749,-0.1847710964877045,-1.5986290668802088,1.5981865487929996,-3.141150135304031,-0.8779332864634526,0.0
1780319666.040972233,-0.18628452020794128,-1.598254842144371,1.59782414310915,-3.1411619544554146,-0.8714466380005019,0.0
1780319666.051082850,-0.18778842446639654,-1.5978683789904817,1.597449717647726,-3.141173992247211,-0.8649715468548562,0.0
1780319666.061306715,-0.18928294355047814,-1.597469668127781,1.5970632471933213,-3.1411862327541056,-0.8585072490268075,0.0
1780319666.071353912,-0.19076820032790032,-1.597058697065787,1.596664702895908,-3.1411986596160792,-0.8520530194736162,0.0
1780319666.081097364,-0.19224428154579787,-1.5966354577429236,1.5962540596650587,-3.1412112558033383,-0.8456082808041456,0.0
1780319666.092314959,-0.19371123867728723,-1.5961999479621616,1.5958312975734186,-3.1412240035853403,-0.8391726028061157,0.0
1780319666.101177692,-0.19516914610570968,-1.5957521549231242,1.5953963858719697,-3.1412368850130883,-0.8327454486687049,0.0
1780319666.111094475,-0.19661791817537022,-1.5952921129969146,1.5949493391198295,-3.141249880273695,-0.8263269846784018,0.0
1780319666.121788263,-0.19805752171107915,-1.5948198412320407,1.5944901565310605,-3.1412629695331127,-0.8199171491041639,0.0
1780319666.131094456,-0.19948800809119938,-1.5943353295970208,1.5940188085493388,-3.1412761332665107,-0.8135155025452709,0.0
1780319666.141505957,-0.20090926055009906,-1.5938386241053841,1.5935353196521658,-3.1412893499369936,-0.80712235775633,0.0
1780319666.150793076,-0.20232119839580331,-1.5933297612314483,1.5930397046168054,-3.1413025978478224,-0.8007378734110588,0.0
1780319666.161197662,-0.20372379982263844,-1.5928087574409924,1.592531958292067,-3.1413158553822824,-0.7943619461636837,0.0
1780319666.172812700,-0.20511700850310355,-1.592275642236503,1.5920120877766877,-3.141329100136507,-0.7879946316920625,0.0
1780319666.181105375,-0.20650080534300308,-1.5917304314549217,1.5914800863987162,-3.1413423096019084,-0.7816358183957508,0.0
1780319666.192064285,-0.20787507459088683,-1.5911731802442706,1.5909359854192464,-3.141355459891092,-0.775285843157584,0.0
1780319666.201483011,-0.20923979854299546,-1.5906039063720003,1.5903797792065661,-3.1413685276056813,-0.7689445967081472,0.0
1780319666.211195707,-0.2105948544332925,-1.590022672892851,1.589811505971216,-3.1413814879007544,-0.7626124628657216,0.0
1780319666.222157478,-0.21194017496784134,-1.5894295227329973,1.589231183899036,-3.141394316036599,-0.756289576119701,0.0
1780319666.231348753,-0.21327576534915593,-1.5888244676696939,1.5886388002965952,-3.141406987543006,-0.749975733762545,0.0
1780319666.241299391,-0.21460150890287366,-1.5882075755936746,1.5880343970136774,-3.141419476378327,-0.7436713129855832,0.0
1780319666.250896454,-0.21591734369871496,-1.5875788926333376,1.587417994264159,-3.1414317566286565,-0.7373764408241774,0.0
1780319666.261389494,-0.21722322789760629,-1.586938457076772,1.5867896042205683,-3.141443802178581,-0.7310911539711924,0.0
1780319666.271845818,-0.21851916741502553,-1.5862862840728287,1.5861492159630346,-3.1414555869598737,-0.7248152616549177,0.0
1780319666.281053543,-0.2198050948396162,-1.5856224258739848,1.5854968546189117,-3.141467083846974,-0.7185489303962731,0.0
1780319666.291468620,-0.22108089801393493,-1.5849469613636114,1.5848325712047986,-3.1414782649731072,-0.7122925547201655,0.0
1780319666.301139593,-0.22234658707678445,-1.58425990738664,1.5841563554326685,-3.1414891032061734,-0.7060459375239496,0.0
1780319666.311131239,-0.22360206964279783,-1.5835613372344186,1.5834682522292947,-3.141499570180881,-0.6998093913343633,0.0
1780319666.321331501,-0.22484730271845876,-1.5828513000566407,1.582768282489723,-3.141509637643199,-0.6935829930006339,0.0
1780319666.331675291,-0.22608225487859457,-1.582129839931845,1.5820564618107116,-3.141519277111331,-0.6873667669431613,0.0
1780319666.342052937,-0.2273069446360294,-1.5813969718928584,1.5813327767919807,-3.1415284601529185,-0.681160488299553,0.0
1780319666.351436138,-0.22852133245675255,-1.5806527453318724,1.5805972476092396,-3.141537157550848,-0.6749642272206966,0.0
1780319666.361801863,-0.22972532172452453,-1.5798972476325748,1.579849931759142,-3.1415453394180486,-0.6687783541177472,0.0
1780319666.371044397,-0.2309189264972069,-1.5791304995169257,1.5790908205754133,-3.1415529763670476,-0.6626026792863389,0.0
1780319666.382350922,-0.23210207009656525,-1.5783525808131964,1.578319963625876,-3.141560038136813,-0.6564374862593008,0.0
1780319666.391095400,-0.2332747753622817,-1.5775635079593542,1.577537347432432,-3.1415664948121513,-0.6502825467496427,0.0
1780319666.401038408,-0.23443696864595953,-1.5767633628668403,1.5767430231763628,-3.141572315662088,-0.6441381420075043,0.0
1780319666.410892487,-0.23558862182289175,-1.5759521994238375,1.5759370140583335,-3.1415774699996937,-0.638004322542427,0.0
1780319666.421134472,-0.23672972269890025,-1.5751300615625041,1.5751193331546882,-3.14158192696922,-0.6318810589196122,0.0
1780319666.431430101,-0.23786025559977375,-1.5742969964981546,1.5742899965631845,-3.1415856554531607,-0.6257683440723945,0.0
1780319666.441144943,-0.23898019805448545,-1.5734530576014123,1.5734490262878136,-3.1415886240848545,-0.6196662122984069,0.0
1780319666.451267958,-0.24008953244818088,-1.5725982959650482,1.5725964418590728,-3.1415908013023333,-0.6135746766402415,0.0
1780319666.461296320,-0.24118825101325747,-1.5717327560940486,1.5717322560239486,-3.1415921553474955,-0.6074937003168026,0.0
1780319666.471341610,-0.2422763341605103,-1.5708564927542898,1.570856491566919,-3.1415926542389983,-0.6014233160936904,0.0
1780319666.481204510,-0.24335376395832142,-1.5699695608704705,1.5699691712558592,-3.141592265820067,-0.5953635529862913,0.0
1780319666.491924047,-0.2444205240253705,-1.5690720155564835,1.569070317880059,-3.1415909577661365,-0.5893144367244085,0.0
1780319666.501356602,-0.24547663141606613,-1.5681638843440018,1.5681599264030643,-3.14158869750944,-0.5832758065403683,0.0
1780319666.511240959,-0.2465220319469239,-1.567245257073541,1.5672380540803141,-3.141585452464232,-0.5772479133740882,0.0
1780319666.521598577,-0.24755670536041308,-1.5663161973178363,1.5663047317634613,-3.1415811899097634,-0.5712308233234102,0.0
1780319666.531735182,-0.24858067942229223,-1.565376726194419,1.5653599474825222,-3.141575876759221,-0.5652243266153487,0.0
1780319666.541320562,-0.24959394488088282,-1.564426898234628,1.5644037226440912,-3.1415694798871305,-0.5592284308732234,0.0
1780319666.551817656,-0.2505964431113519,-1.5634668170780222,1.5634361280433144,-3.1415619664489207,-0.5532434448624457,0.0
1780319666.560902596,-0.2515882080675187,-1.5624965003414877,1.5624571477303493,-3.141553302878726,-0.5472691331641384,0.0
1780319666.571010113,-0.2525691971036981,-1.5615160409525766,1.56146684158444,-3.1415434561273163,-0.5413057244136512,0.0
1780319666.581800222,-0.2535394046111552,-1.560525498125548,1.5604652354392792,-3.1415323928146965,-0.5353532323897641,0.0
1780319666.591088295,-0.25449886976719505,-1.5595248853396635,1.5594523087244436,-3.1415200788914937,-0.529411397721824,0.0
1780319666.601538897,-0.255447551606772,-1.5585142998751689,1.5584281255619445,-3.141506481198782,-0.5234804595697149,0.0
1780319666.610983372,-0.25638548142906004,-1.557493764349461,1.5573926743844266,-3.141491565552553,-0.5175602130387853,0.0
1780319666.621260881,-0.2573126266514585,-1.5564633714035399,1.5563460145624044,-3.1414752986816112,-0.5116508594395244,0.0
1780319666.631364107,-0.25822898921725823,-1.5554231784102974,1.5552881696822434,-3.1414576467998696,-0.5057523898552629,0.0
1780319666.640933990,-0.2591345780557486,-1.5543732357607984,1.5542191561620402,-3.141438575934349,-0.4998647545296757,0.0
1780319666.651429653,-0.2600293998543277,-1.553313597118434,1.5531389936749338,-3.1414180520948096,-0.49398792167028027,0.0
1780319666.661182880,-0.26091349224027915,-1.552244279197966,1.5520476641014007,-3.1413960404474075,-0.48812165702889665,0.0
1780319666.671389580,-0.26178681152699035,-1.5511653979412978,1.5509452505373835,-3.1413725081451123,-0.4822662698116664,0.0
1780319666.681808949,-0.26264936898454216,-1.5500770054977488,1.549831771034896,-3.1413474210914165,-0.4764217133116251,0.0
1780319666.692045212,-0.2635012060654969,-1.5489791153585966,1.548707203975548,-3.1413207441769546,-0.47058773631791784,0.0
1780319666.701522350,-0.26434231681333653,-1.5478718014362256,1.5475715895059052,-3.1412924436352525,-0.46476441199839336,0.0
1780319666.711877584,-0.2651727031827029,-1.5467551295215207,1.5464249594994943,-3.141262485549223,-0.4589517664589593,0.0
1780319666.721556902,-0.26599236675949545,-1.5456291677962408,1.5452673483271278,-3.141230836107806,-0.45314983502877393,0.0
1780319666.731523275,-0.26680131106195226,-1.544493983755352,1.544098789709508,-3.1411974615367497,-0.4473586462065775,0.0
1780319666.741783381,-0.26759954299277666,-1.5433496419495247,1.542919314391792,-3.141162328030558,-0.44157821067440484,0.0
1780319666.751429081,-0.26838707183397315,-1.5421962050804403,1.5417289512625596,-3.141125401776137,-0.435808527638641,0.0
1780319666.762390614,-0.26916390136562107,-1.5410337456619327,1.54052773940604,-3.1410866493437917,-0.4300496428962086,0.0
1780319666.771945000,-0.2699300490667049,-1.5398623173631778,1.5393156985049639,-3.1410460367472246,-0.42430150670227373,0.0
1780319666.781410456,-0.2706855344603003,-1.538681971267379,1.5380928455762986,-3.141003529920322,-0.41856405692752485,0.0
1780319666.791423559,-0.2714303457587386,-1.5374928094148697,1.5368592505393956,-3.1409590967415117,-0.41283747629613643,0.0
1780319666.801974297,-0.27216450390642066,-1.5362948847713032,1.5356149325957869,-3.140912703447241,-0.40712170610300014,0.0
1780319666.811999798,-0.272888060996479,-1.5350881982682658,1.534359856821302,-3.1408643141821804,-0.40141644324871617,0.0
1780319666.821510077,-0.2736010286351389,-1.5338728164891986,1.5330940564600386,-3.14081389560631,-0.3957217001299673,0.0
1780319666.831397295,-0.2743033944484603,-1.532648850112297,1.531817610887159,-3.140761416416415,-0.39003769100025654,0.0
1780319666.841361523,-0.27499518078047736,-1.531416353048085,1.5305305405264436,-3.140706843126175,-0.38436436092290016,0.0
1780319666.851032734,-0.27567641316742986,-1.5301753738846946,1.5292328602913297,-3.14065014206088,-0.3787016312060354,0.0
1780319666.860977888,-0.27634711451267524,-1.5289259662540857,1.527924590414427,-3.1405912798211726,-0.3730494471275856,0.0
1780319666.871194363,-0.2770073035790075,-1.527668192328087,1.5266057601568546,-3.1405302234961914,-0.3674077925452002,0.0
1780319666.880868196,-0.27765700151658557,-1.5264021109267327,1.5252763953807196,-3.140466940128324,-0.3617766356277867,0.0
1780319666.890795231,-0.2782962345127933,-1.5251277717514853,1.5239365124631774,-3.140401396393088,-0.35615590419425835,0.0
1780319666.901362658,-0.2789250222366846,-1.5238452381449665,1.522586142215739,-3.140333559759333,-0.350545586537069,0.0
1780319666.911465168,-0.27954338413193014,-1.5225545754099716,1.5212253176650052,-3.140263397950754,-0.3449456785069094,0.0
1780319666.921235800,-0.2801513383906151,-1.5212558532170544,1.5198540766171615,-3.1401908791032622,-0.3393561935533187,0.0
1780319666.931002140,-0.28074891171289273,-1.5199491244813892,1.5184724393468974,-3.1401159705760837,-0.33377707222148256,0.0
1780319666.941339493,-0.2813361235670344,-1.518634458953879,1.5170804440705685,-3.1400386408348173,-0.32820832677048717,0.0
1780319666.951341867,-0.28191299885171617,-1.5173119158747648,1.5156781180615009,-3.139958857912573,-0.32264992391614467,0.0
1780319666.961668015,-0.28247958115581895,-1.5159815111193575,1.514265442665871,-3.1398765872806447,-0.3171016501204704,0.0
1780319666.971431494,-0.2830358756264353,-1.5146433509668675,1.5128424953237676,-3.139791800098863,-0.31156366995628915,0.0
1780319666.982771635,-0.2835819206168608,-1.5132974646616066,1.5114092718323464,-3.139704462920743,-0.30603582675018437,0.0
1780319666.991070271,-0.28411772986592077,-1.5119439424608077,1.5099658330851398,-3.1396145463805363,-0.300518215248581,0.0
1780319667.001324177,-0.2846434327413343,-1.5105825756846816,1.5085119208509086,-3.1395220009276943,-0.2950097212552141,0.0
1780319667.012066841,-0.2851591301953036,-1.509213205779794,1.507047329055945,-3.1394267790423758,-0.2895094627019228,0.0
1780319667.021474361,-0.28566491083293144,-1.507835687451899,1.5055718646420102,-3.139328832960897,-0.2840166345887871,0.0
1780319667.032207727,-0.2861608078283675,-1.5064500131249687,1.5040854812599793,-3.139228123909637,-0.2785309970268832,0.0
1780319667.041167974,-0.2866468771777768,-1.5050561044855453,1.5025880562491316,-3.139124607541931,-0.2730520386311266,0.0
1780319667.051811934,-0.28712313630190245,-1.5036539863522584,1.501079577269327,-3.1390182466984826,-0.26757966223458585,0.0
1780319667.061692953,-0.2875896283499406,-1.5022436040548737,1.4995599462093545,-3.1389089979389158,-0.2621134651005246,0.0
1780319667.071408749,-0.2880463751251394,-1.5008249607564768,1.4980291268387156,-3.1387968218693003,-0.25665327615173794,0.0
1780319667.081811666,-0.28849339537359686,-1.4993980666657052,1.4964870903457173,-3.138681679469485,-0.2511989545423887,0.0
1780319667.091048002,-0.28893070333098514,-1.4979629449817242,1.4949338218350499,-3.1385635326448895,-0.24575041111401674,0.0
1780319667.101802826,-0.28935830355831094,-1.4965196515240997,1.4933693417301657,-3.138442345999155,-0.24030768043303663,0.0
1780319667.110890627,-0.2897762261395487,-1.495068155501177,1.4917935765072454,-3.138318076800977,-0.23487047153564777,0.0
1780319667.120951891,-0.290184481767116,-1.4936084895228774,1.4902065212103315,-3.138190687483664,-0.229438735031672,0.0
1780319667.132722378,-0.2905830815880881,-1.4921406852312789,1.4886081698304408,-3.138060140396655,-0.22401241801792526,0.0
1780319667.140954733,-0.29097205647615,-1.4906646988942773,1.486998434089566,-3.1379263909941684,-0.21859119178376307,0.0
1780319667.151698112,-0.2913514075290973,-1.4891805962913605,1.4853773449144339,-3.1377894044230175,-0.21317513318808157,0.0
1780319667.161484241,-0.2917211571494551,-1.4876883610427551,1.4837448435129943,-3.1376491382714455,-0.20776401894706265,0.0
1780319667.172635078,-0.2920813039554675,-1.4861880719742517,1.4821009751695207,-3.137505558997366,-0.20235797217149099,0.0
1780319667.183722496,-0.2924318583684755,-1.4846797634516165,1.4804457366699608,-3.137358629021302,-0.19695695301276217,0.0
1780319667.192727566,-0.2927728449730962,-1.483163406960779,1.4787790556640215,-3.137208304507297,-0.19156069836518697,0.0
1780319667.202617645,-0.29310426277838886,-1.4816390861225104,1.4771009829427282,-3.137054552625027,-0.18616934580108158,0.0
1780319667.212960720,-0.29342612179762373,-1.4801068395994434,1.4754115200653646,-3.136897336271482,-0.18078287084945188,0.0
1780319667.222475052,-0.29373842936782424,-1.4785667213777032,1.4737106855984605,-3.1367366200272278,-0.17540130189578296,0.0
1780319667.232896328,-0.294041115555717,-1.477019192026221,1.4719989483747091,-3.1365724121566805,-0.17002607360227362,0.0
1780319667.242376804,-0.2943341016619829,-1.4754648258256022,1.4702769063706094,-3.1364047363556926,-0.16465897730585421,0.0
1780319667.252612352,-0.29461735594225935,-1.4739040179455287,1.468544962563375,-3.136233600431667,-0.15930114871097967,0.0
1780319667.263647556,-0.29489087586916973,-1.4723370494062706,1.4668033956347544,-3.136059002045988,-0.15395330827759057,0.0
1780319667.272491932,-0.29515468247227616,-1.4707640961248396,1.4650523690560886,-3.135880928753177,-0.1486158039686032,0.0
1780319667.282565832,-0.29540879374775564,-1.469185374038716,1.4632920921074475,-3.135699373895107,-0.14328911023936453,0.0
1780319667.292700291,-0.29565324204826915,-1.4676010320755521,1.4615227006217304,-3.1355143243773247,-0.13797346652548725,0.0
1780319667.302424669,-0.2958880661650998,-1.4660111909136218,1.4597442997856123,-3.135325764708163,-0.13266901285273747,0.0
1780319667.313070774,-0.2961133072768165,-1.4644159652341564,1.4579569888446904,-3.1351336794519433,-0.12737586628067188,0.0
1780319667.322279215,-0.2963290082454817,-1.462815467286915,1.4561608650609836,-3.1349380536208677,-0.12209413332261398,0.0
1780319667.332313776,-0.29653521346916545,-1.461209807159963,1.4543560240011073,-3.134738872693444,-0.11682391116934543,0.0
1780319667.342948675,-0.2967319686507537,-1.459599093871411,1.452542560753256,-3.134536122739733,-0.11156529154612471,0.0
1780319667.353056669,-0.29691932063190407,-1.4579834362729862,1.4507205709434865,-3.1343297905340353,-0.10631836383527649,0.0
1780319667.362473249,-0.2970973173640692,-1.4563629429998004,1.448890150683507,-3.1341198635529164,-0.10108321502631146,0.0
1780319667.372277260,-0.2972660078743168,-1.4547377224652243,1.447051396568816,-3.133906329978482,-0.09585992981125546,0.0
1780319667.382495880,-0.2974254420480609,-1.453107884796145,1.4452044078773307,-3.1336891789617356,-0.09064859686470861,0.0
1780319667.393649340,-0.29757568069198914,-1.45147342902961,1.443349158444841,-3.133468385301412,-0.08544895083766946,0.0
1780319667.402585268,-0.2977168288252834,-1.449833803911801,1.4414849958821288,-3.1332438478624036,-0.08025899447450424,0.0
1780319667.412457466,-0.29784895980178394,-1.4481886844376675,1.439611521495538,-3.133015492955347,-0.07507748108327128,0.0
1780319667.422818661,-0.2979721040241037,-1.4465382240118227,1.4377288802436177,-3.132783312133878,-0.06990468410688333,0.0
1780319667.432395458,-0.29808627445507696,-1.4448828753653746,1.435837560430054,-3.1325473409705658,-0.06474180285762898,0.0
1780319667.443419933,-0.2981915004002742,-1.443222969250681,1.4339379139783723,-3.1323076006367137,-0.059589635868472435,0.0
1780319667.452442646,-0.2982878251416681,-1.4415586922351595,1.432030129827943,-3.1320640935046633,-0.05444852228860597,0.0
1780319667.462838888,-0.29837528963972026,-1.4398903325507764,1.43011451510402,-3.131816838467095,-0.049319106990108,0.0
1780319667.472805262,-0.2984539445342449,-1.4382180693379958,1.428191253500097,-3.131565840077489,-0.04420169013006525,0.0
1780319667.482674599,-0.29852384432027534,-1.4365420443498262,1.4262604869250382,-3.1313110984917447,-0.03909645317711785,0.0
1780319667.493127346,-0.29858504517280515,-1.4348623954199873,1.4243223538051515,-3.1310526143024906,-0.034003562963153655,0.0
1780319667.502184629,-0.2986376047435133,-1.4331792586211591,1.4223769915489366,-3.130790388845572,-0.02892317858425475,0.0
1780319667.513024330,-0.29868158204355844,-1.4314927697790374,1.4204245382896914,-3.1305244244286046,-0.023855456180410073,0.0
1780319667.522831202,-0.2987170373996655,-1.4298030604902587,1.4184651282665317,-3.130254735426032,-0.018800549590287652,1.1734019757296146e-08
1780319667.532640696,-0.29874403239547753,-1.4281102752638573,1.4164989117151985,-3.129981307601039,-0.013758615677184949,1.1734019757296146e-08
1780319667.542618275,-0.29876262989164637,-1.4264145476167371,1.4145260271616598,-3.12970415820568,-0.008729810591787235,2.27449587577178e-08
1780319667.552201748,-0.29877289399497364,-1.4247160125297498,1.4125466158487734,-3.1294233097099737,-0.0037142970897203753,5.0475631488206835e-08
1780319667.562991619,-0.2987748900970928,-1.4230148976367394,1.410560928285624,-3.129138549620627,0.0012877540129642854,-1.3694275491360486e-07
1780319667.572551250,-0.2987686849254434,-1.4213111687001536,1.4085689102883496,-3.1288503711880957,0.006276163031964273,-2.6313428769242364e-08
1780319667.582539082,-0.2987543465980558,-1.4196051177862046,1.4065708898621438,-3.1285584143115512,0.011250741499940682,-1.3676191734646181e-08
1780319667.592631102,-0.2987319446906014,-1.4178968659477178,1.4045669964838243,-3.1282627864448664,0.016211289624843778,0.0
1780319667.602556229,-0.2987015494338179,-1.4161865356802679,1.4025573622582514,-3.1279634824842075,0.0211577221607422,0.0
1780319667.613099337,-0.2986632196315382,-1.4144737482518162,1.4005415298407395,-3.127660437492068,0.026091366064153364,0.0
1780319667.622461081,-0.29861700416585,-1.4127580719950537,1.3985189764963026,-3.1273535604007305,0.031013691695353268,0.0
1780319667.632552862,-0.29856295190870785,-1.4110393436953608,1.3964894933857002,-3.1270428055855524,0.03592537984603387,0.0
1780319667.643105507,-0.2985011131471218,-1.4093175434472824,1.3944530400265918,-3.12672815246965,0.04082669292813234,0.0
1780319667.652888775,-0.2984315414231986,-1.4075927613563586,1.3924097062027387,-3.1264096007308666,0.04571757738795025,0.0
1780319667.662795305,-0.2983543259492034,-1.4058658369959236,1.3903604724619953,-3.126087291341587,0.05059586680798728,0.0
1780319667.673152685,-0.29826958716841023,-1.4041379575183957,1.3883067393540602,-3.125761437699251,0.055458450379199456,0.0
1780319667.682725430,-0.29817744522054657,-1.4024099618296004,1.3862495017462781,-3.125432195765864,0.06030323707307684,0.0
1780319667.692420959,-0.29807799926516143,-1.4006821256199666,1.3841890888776527,-3.1250996190903995,0.06512973543654296,0.0
1780319667.703582525,-0.29797127699011394,-1.3989535593099909,1.3821244391755114,-3.1247635356799197,0.06994069663033418,0.0
1780319667.712961435,-0.2978573035777874,-1.3972235774526904,1.3800547285633027,-3.1244238069049888,0.07473826544014259,0.0
1780319667.723402023,-0.29773606792642493,-1.3954911659205704,1.3779787334397575,-3.1240802232921046,0.07952546147052178,0.0
1780319667.732420683,-0.29760748771099,-1.3937546057149426,1.3758943755578124,-3.1237324255929293,0.08430719838432413,0.0
1780319667.743477106,-0.2974715017506284,-1.3920127979521935,1.373800309335432,-3.1233801671089862,0.08908662226445634,0.0
1780319667.752981663,-0.29732806512660126,-1.3902650519637785,1.3716956724900875,-3.123023276226526,0.09386572146564019,0.0
1780319667.762678146,-0.29717714494338576,-1.3885109415293524,1.369579916453005,-3.122661630596468,0.0986457380674233,0.0
1780319667.772677660,-0.2970187085917093,-1.38675011852178,1.3674525836144393,-3.1222951207365006,0.10342768609598459,0.0
1780319667.784184456,-0.2968527216086603,-1.3849822734287374,1.3653132602578106,-3.121923642442285,0.10821246222744699,0.0
1780319667.792733669,-0.2966791940713076,-1.3832075921735694,1.3631621310982385,-3.1215471945078255,0.11299961769348348,0.0
1780319667.803164721,-0.29649828092625263,-1.3814276321025778,1.361001048647599,-3.121166072099468,0.11778502954640287,0.0
1780319667.812406778,-0.29631010268724634,-1.379643408816456,1.358831218417609,-3.1207804651276736,0.12256607910776493,0.0
1780319667.822408199,-0.2961147391990018,-1.3778554364057563,1.356653242606922,-3.120390461699809,0.12734151942196123,0.0
1780319667.832491159,-0.2959122509726493,-1.3760639976446605,1.3544674450424348,-3.1199961028679137,0.1321107344652586,0.0
1780319667.842979193,-0.29570268934196253,-1.3742692671238492,1.3522740194781626,-3.119597407794727,0.13687340257821876,0.0
1780319667.853571177,-0.2954861017086241,-1.3724713710557381,1.3500731017849978,-3.119194386138124,0.1416293337258913,0.0
1780319667.864000797,-0.2952625306289276,-1.3706703873626127,1.3478647695756396,-3.1187870375881666,0.14637846712918803,0.0
1780319667.872116566,-0.2950320242605011,-1.3688664332342508,1.3456491493470168,-3.11837537145106,0.15112063940194972,0.0
1780319667.882373810,-0.29479463595686717,-1.3670596568538969,1.3434264066927888,-3.117959405136253,0.15585560774901536,0.0
1780319667.892120600,-0.2945504147402822,-1.3652501638411119,1.3411966559051574,-3.1175391473158713,0.16058324301496396,0.0
1780319667.902592421,-0.29429941214585487,-1.363438071614163,1.3389600267002248,-3.117114610286756,0.16530338652603527,0.0
1780319667.912777901,-0.29404168482647286,-1.3616235261836973,1.3367166851195946,-3.1166858140786413,0.17001580694154098,0.0
1780319667.922595263,-0.2937772961095817,-1.3598067094846291,1.33446684291053,-3.1162527885022993,0.17472018232112174,0.0
1780319667.932617903,-0.29350631895817436,-1.3579878551014355,1.332210777415734,-3.1158155773138425,0.1794160608425602,0.0
1780319667.943145752,-0.2932288412627013,-1.3561672771267714,1.3299488679861395,-3.115374245768631,0.18410278840692706,0.0
1780319667.953051090,-0.29294497556401033,-1.3543454235737915,1.327681663327682,-3.114928894555175,0.1887793744980842,0.0
1780319667.964168549,-0.2926554580080918,-1.3525265865222398,1.3254145112844173,-3.114480579447748,0.19343501331899235,0.0
1780319667.972425222,-0.29235961611484207,-1.3507061354078642,1.323141645465219,-3.1140281646158914,0.19808176204074146,0.0
1780319667.982594013,-0.2920576184878545,-1.3488848353763574,1.3208640149328061,-3.113571833927267,0.2027178272052195,0.0
1780319667.993326902,-0.29175145937511004,-1.347074091784064,1.3185959134945882,-3.113114475833291,0.20731446027621311,0.0
1780319668.002743483,-0.291441464848182,-1.3452748802081365,1.3163386313916128,-3.1126564057272024,0.21186958806434678,0.0
1780319668.012936831,-0.29112713786710387,-1.343483476800726,1.3140875562302547,-3.112196734499742,0.21639300487222626,0.0
1780319668.023278236,-0.29080753700203044,-1.341693967017842,1.3118352861845364,-3.1117339746999066,0.22089990753792202,0.0
1780319668.032214165,-0.29048205044140296,-1.3399026461927157,1.3095771600613266,-3.111267169808896,0.22539978940609146,0.0
1780319668.042613029,-0.2901503184735468,-1.338107412649693,1.3073105125949915,-3.1107957562433763,0.22989803472550416,0.0
1780319668.052341700,-0.2898121412139414,-1.3363071468619587,1.3050339046857404,-3.110319414436188,0.23439752165248848,0.0
1780319668.062173367,-0.28946741948550514,-1.3345013245814936,1.3027466427842975,-3.109837975091212,0.23889961758476067,0.0
1780319668.072266579,-0.28911611706287665,-1.3326897766319643,1.3004484798637197,-3.1093513603623943,0.24340479486567773,0.0
1780319668.082168579,-0.2887582366473209,-1.3308725405102608,1.2981394302706957,-3.1088595471035565,0.24791300963074908,0.0
1780319668.092635393,-0.2883938046441692,-1.3290497693414842,1.2958196558502746,-3.108362544038196,0.2524239331797848,0.0
1780319668.102152586,-0.2880228615683933,-1.3272216765611002,1.2934893965542797,-3.107860377685836,0.2569370917995171,0.0
1780319668.112496853,-0.28764545603774216,-1.3253885027668666,1.291148928709441,-3.1073530837782424,0.2614519499845773,0.0
1780319668.122848272,-0.2872616410444442,-1.3235504962566456,1.2887985403982982,-3.1068407021025712,0.26596795885641167,0.0
1780319668.132065058,-0.2868714716676921,-1.321707901955893,1.2864385173564845,-3.1063232734712014,0.27048458334391984,0.0
1780319668.142334461,-0.2864750036921544,-1.3198609554392835,1.2840691352738547,-3.105800838001236,0.2750013165367328,0.0
1780319668.152300119,-0.2860722927922721,-1.3180098800043991,1.2816906559457255,-3.1052734341921324,0.2795176864035108,0.0
1780319668.162382126,-0.2856633940667228,-1.3161548855392873,1.2793033256973105,-3.1047410984825854,0.28403325806160273,0.0
1780319668.172285080,-0.28524836178705915,-1.3142961684143346,1.2769073751143183,-3.1042038650892243,0.2885476335380854,0.0
1780319668.182389021,-0.28482724927529546,-1.312433911932473,1.2745030194923905,-3.103661766005969,0.29306045019036625,0.0
1780319668.192367792,-0.2844001088574437,-1.3105682870596445,1.2720904596537934,-3.103114831090157,0.2975713784793495,0.0
1780319668.202382803,-0.28396699186037466,-1.308699453272503,1.2696698829241169,-3.1025630881916557,0.3020801194972866,0.0
1780319668.212121487,-0.2835279486322042,-1.3068275594310075,1.2672414641509826,-3.1020065632989198,0.3065864024759768,0.0
1780319668.222276211,-0.2830830285743975,-1.30495274462562,1.2648053666998318,-3.101445280687632,0.3110899823952851,0.0
1780319668.232359886,-0.2826322801787402,-1.3030751389741706,1.2623617433940522,-3.1008792630639657,0.3155906377496336,0.0
1780319668.242412090,-0.28217575106534554,-1.3011948643579991,1.2599107373852636,-3.1003085316987464,0.3200881684942861,0.0
1780319668.252342701,-0.28171348801971696,-1.2993120350951681,1.257452482950076,-3.099733106550996,0.32458239417310736,0.0
1780319668.262503862,-0.281245537027897,-1.2974267585529393,1.2549871062153293,-3.099153006380698,0.32907315221968925,0.0
1780319668.272438288,-0.2807719433094116,-1.2955391357037813,1.2525147258166216,-3.0985682488513433,0.3335602964182408,0.0
1780319668.282487631,-0.2802927513479956,-1.2936492616300548,1.2500354534960658,-3.097978850622996,0.33804369550951746,0.0
1780319668.292720795,-0.2798080049202687,-1.2917572259825256,1.247549394645385,-3.0973848274368807,0.34252323192687895,0.0
1780319668.302658081,-0.27931774712259205,-1.2898631133976712,1.2450566488002337,-3.096786194192416,0.34699880064857863,0.0
1780319668.312659025,-0.2788220203963441,-1.2879670038782667,1.2425573100910716,-3.096182965017482,0.3514703081536598,0.0
1780319668.322427034,-0.2783208665518364,-1.2860689731412167,1.2400514676553882,-3.0955751533328457,0.3559376714703151,0.0
1780319668.332803011,-0.27781432679107,-1.2841690929361977,1.2375392060154446,-3.0949627719112422,0.3604008173067855,0.0
1780319668.342463255,-0.27730244172948026,-1.282267431338104,1.2350206054252097,-3.0943458329318605,0.364859681256334,0.0
1780319668.353149891,-0.27678525141681654,-1.2803640530159832,1.2324957421895706,-3.0937243480306766,0.36931420706863693,0.0
1780319668.363821030,-0.27626279535723164,-1.2784590194807954,1.2299646889587004,-3.0930983283469784,0.3737643459812851,0.0
1780319668.373529196,-0.27573510873741025,-1.2765523756766992,1.2274274968382324,-3.0924677800427585,0.3782100878742496,0.0
1780319668.382638454,-0.27520223578857905,-1.2746441983671213,1.2248842597561749,-3.091832720281679,0.38265134839467163,0.0
1780319668.392106295,-0.27466421463331336,-1.272734541198444,1.2223350414044283,-3.091193159109884,0.38708809713078707,0.0
1780319668.402649879,-0.2741210816173192,-1.270823450893925,1.2197798966650242,-3.0905491046861955,0.39152031959700584,0.0
1780319668.412281275,-0.2735728731373186,-1.2689109739056894,1.217218880452379,-3.089900565472946,0.39594800169926603,0.0
1780319668.422205925,-0.2730196254578958,-1.2669971558002686,1.2146520468858664,-3.0892475500230008,0.4003711311448271,0.0
1780319668.432375431,-0.272461374603429,-1.2650820409307038,1.21207944883984,-3.088590066857691,0.4047896981772298,0.0
1780319668.442183495,-0.27189815629693825,-1.2631656722828755,1.209501137724102,-3.0879281244009755,0.40920369590351635,0.0
1780319668.452462912,-0.27133000592812273,-1.2612480914263493,1.2069171634033338,-3.087261730947972,0.41361312037878073,0.0
1780319668.462449551,-0.2707569585393763,-1.2593293385264666,1.204327574198577,-3.0865908946543987,0.41801797055027895,0.0
1780319668.472759485,-0.2701790488227864,-1.2574094523911352,1.2017324169358143,-3.085915623538335,0.4224182481234117,0.0
1780319668.482401133,-0.26959631112367965,-1.2554884705359743,1.1991317370199388,-3.0852359254890693,0.42681395738791866,0.0
1780319668.492614746,-0.2690087794479812,-1.2535664292579574,1.196525578521068,-3.0845518082797385,0.43120510502705905,0.0
1780319668.502598763,-0.26841648747164815,-1.2516433637115938,1.1939139842652318,-3.083863279581873,0.4355916999235634,0.0
1780319668.512287855,-0.2678194685511395,-1.2497193079842797,1.191296995924832,-3.08317034698048,0.4399737529699567,0.0
1780319668.522484779,-0.26721775573424633,-1.2477942951687941,1.1886746541061728,-3.082473017989075,0.44435127688775716,0.0
1780319668.532591105,-0.2666113817709155,-1.2458683574319647,1.1860469984326387,-3.081771300064229,0.44872428605750203,0.0
1780319668.542443991,-0.26600037912380703,-1.243941526079066,1.1834140676229032,-3.0810652006193293,0.4530927963606275,0.0
1780319668.552446365,-0.2653847799784783,-1.2420138316137548,1.180775899563819,-3.0803547270375695,0.4574568250331711,0.0
1780319668.562630653,-0.26476461625310765,-1.2400853037936868,1.1781325313780995,-3.0796398866840153,0.4618163905310516,0.0
1780319668.572683334,-0.2641399196077323,-1.2381559716819357,1.175483999486977,-3.0789206869168053,0.46617151240635407,0.0
1780319668.582508087,-0.2635107214529926,-1.2362258636944334,1.172830339667975,-3.07819713509754,0.4705222111939246,0.0
1780319668.593404055,-0.2628770529583839,-1.2342950076437553,1.1701715871082552,-3.077469238600797,0.47486850830760347,0.0
1780319668.604213715,-0.26223894361463707,-1.232363426418277,1.1675077704346803,-3.0767370031654817,0.4792104357414888,0.0
1780319668.613039255,-0.2615964265166957,-1.230431153975342,1.1648389337683396,-3.0760004389546762,0.4835480001243485,0.0
1780319668.622566938,-0.26094953325943404,-1.2284982197793948,1.162165115297667,-3.075259554692265,0.48788121775431786,0.0
1780319668.633615255,-0.2602982929540474,-1.2265646460320099,1.1594863433905127,-3.074514356544878,0.4922101207322515,0.0
1780319668.642559052,-0.2596427347791783,-1.2246304553999536,1.1568026472483963,-3.073764851047267,0.4965347395932151,0.0
1780319668.652070761,-0.25898288817327764,-1.2226956715583999,1.1541140576665638,-3.0730110453195145,0.5008551021078347,0.0
1780319668.662687063,-0.25831878264474106,-1.220760318604328,1.1514206062273622,-3.0722529468469806,0.5051712346108209,0.0
1780319668.672386408,-0.25765044765831835,-1.2188244207119947,1.14872232482386,-3.0714905633484597,0.5094831627800869,0.0
1780319668.682656050,-0.2569779125687077,-1.2168880019364492,1.1460192453858993,-3.0707239026987407,0.5137909120806494,0.0
1780319668.692289114,-0.25630120658312183,-1.2149510861068267,1.1433113997292959,-3.0699529728845008,0.5180945080059095,0.0
1780319668.702435970,-0.2556203587415151,-1.2130136967734977,1.140598819479131,-3.0691777819804456,0.5223939761977203,0.0
1780319668.712432146,-0.2549353979074205,-1.2110758571869553,1.1378815360369254,-3.0683983381375937,0.526689342495377,0.0
1780319668.722202539,-0.25424635276504404,-1.2091375902949304,1.1351595805731265,-3.0676146495786636,0.5309806329439886,0.0
1780319668.732454777,-0.25355325181993926,-1.2071989187495493,1.132432984033721,-3.0668267245975143,0.5352678737807173,0.0
1780319668.742291927,-0.252856123401628,-1.205259864919606,1.1297017771541336,-3.0660345715607713,0.5395510914099141,0.0
1780319668.752190351,-0.2521549956671807,-1.203320450905034,1.1269659904763716,-3.0652381989105053,0.5438303123736509,0.0
1780319668.762766361,-0.2514498966051839,-1.2013806985519278,1.1242256543671318,-3.064437615167327,0.5481055633213125,0.0
1780319668.772168398,-0.25074085403975044,-1.1994406294671869,1.121480799035562,-3.0636328289334624,0.5523768709803321,0.0
1780319668.782442808,-0.2500278956343909,-1.1975002650322786,1.1187314545499416,-3.0628238488957242,0.5566442621290582,0.0
1780319668.792375803,-0.2493110488956578,-1.1955596264159434,1.1159776508530401,-3.0620106838281522,0.5609077635722008,0.0
1780319668.802548409,-0.24859034117651113,-1.1936187345857787,1.1132194177760408,-3.0611933425943274,0.5651674021189967,0.0
1780319668.812487125,-0.24786579967941424,-1.1916776103187185,1.1104567850510214,-3.060371834149382,0.5694232045639055,0.0
1780319668.822432280,-0.24713745145915755,-1.1897362742104658,1.1076897823220724,-3.0595461675417113,0.5736751976697496,0.0
1780319668.832296610,-0.24640532342542265,-1.187794746684002,1.1049184391552263,-3.0587163519143736,0.5779234081530883,0.0
1780319668.842527390,-0.24566944234512889,-1.1858530479972575,1.1021427850472723,-3.057882396506216,0.5821678626714755,0.0
1780319668.852571726,-0.24492983484456055,-1.183911198249998,1.099362849433557,-3.057044310652816,0.586408587812543,0.0
1780319668.862430334,-0.24418652741131375,-1.181969217390078,1.0965786616949456,-3.0562021037871854,0.5906456100845775,0.0
1780319668.873473167,-0.24343954639608345,-1.1800271252190981,1.093790251164011,-3.0553557854402964,0.5948789559084318,0.0
1780319668.882612228,-0.2426889209624763,-1.1780849490073004,1.090997658080294,-3.054505368581843,0.5991086350452186,0.0
1780319668.892653942,-0.24193467470412777,-1.1761427017791792,1.0882009023776262,-3.0536508601202668,0.6033346879020522,0.0
1780319668.903831720,-0.2411768322590655,-1.1742003995585968,1.0854000084209705,-3.052792268397185,0.6075571479241588,0.0
1780319668.913871765,-0.24041542292501816,-1.172258070496806,1.0825950182291944,-3.0519296072805964,0.611776021813794,0.0
1780319668.923410177,-0.2396504729674147,-1.1703157351041478,1.0797859629913542,-3.0510628874487185,0.6159913325320701,0.0
1780319668.932926416,-0.23888200322582165,-1.1683734003875594,1.0769728544895756,-3.0501921136763803,0.6202031319393262,0.0
1780319668.942276955,-0.2381100378921026,-1.1664310821898312,1.0741557173819238,-3.0493172947793523,0.6244114522993163,0.0
1780319668.953095198,-0.23733460265269635,-1.164488800344917,1.0713345822524742,-3.048438441507746,0.6286163168502674,0.0
1780319668.962382555,-0.236555723115619,-1.1625465746727652,1.0685094798225496,-3.047555564762936,0.632817748505251,0.0
1780319668.972400427,-0.23577342475476826,-1.1606044248398595,1.0656804407468892,-3.046668675533177,0.6370157701585119,0.0
1780319668.982266665,-0.23498772929496603,-1.1586623614449252,1.0628474825988232,-3.045777780792966,0.6412104239361408,0.0
1780319668.992568970,-0.2341985947392402,-1.1567202389327367,1.0600103947563904,-3.0448828154749688,0.6454020884677459,0.0
1780319669.003276348,-0.23340596878869224,-1.1547778895505605,1.0571689328809752,-3.0439837029934123,0.649591188876102,0.0
1780319669.012946606,-0.23260989269439225,-1.1528353766574941,1.0543231900441163,-3.0430804730605994,0.6537776509327704,0.0
1780319669.022902966,-0.23181043067732254,-1.150892818702082,1.0514733407139694,-3.0421731816959268,0.6579612818099645,0.0
1780319669.033165693,-0.23100765593502004,-1.1489503542955557,1.0486195899779576,-3.041261895376588,0.6621418456151501,0.0
1780319669.043733597,-0.23020167465832664,-1.1470081995695196,1.0457622581960158,-3.040346718331167,0.6663189401878138,0.0
1780319669.052762747,-0.2293925521416167,-1.1450664696572845,1.0429015186082145,-3.0394277086663344,0.6704923811799697,0.0
1780319669.062200546,-0.22858032587132548,-1.1431252119932394,1.0400374454475187,-3.0385048931805994,0.6746621298062878,0.0
1780319669.072401047,-0.2277650167758427,-1.1411844344132378,1.0371700547820797,-3.0375782801061866,0.6788282320659541,0.0
1780319669.082166433,-0.22694663669317983,-1.1392441236154651,1.0342993314364046,-3.036647867569366,0.6829907788893048,0.0
1780319669.092691898,-0.22612519207016213,-1.137304254291763,1.031425242310508,-3.035713647778243,0.687149886440468,0.0
1780319669.102534294,-0.22530068677799342,-1.1353647959646773,1.0285477464065362,-3.034775610212376,0.6913056814121603,0.0
1780319669.112518072,-0.22447312372928607,-1.1334257168597048,1.025666800532547,-3.033833743454282,0.695458292722871,0.0
1780319669.123033047,-0.22364250582140688,-1.131486986117812,1.0227823625833146,-3.0328880362577344,0.6996078467950079,0.0
1780319669.133206606,-0.2228088361380136,-1.1295485742357672,1.019894392206462,-3.031938477773548,0.7037544666385748,0.0
1780319669.143732309,-0.2219721181779306,-1.1276104535602647,1.017002851554301,-3.0309850578073108,0.7078982708222598,0.0
1780319669.153046131,-0.22113235723646696,-1.1256726014258627,1.0141077099942963,-3.0300277683921344,0.7120393667984004,0.0
1780319669.162793159,-0.22028955795127292,-1.1237349944228292,1.0112089355792748,-3.0290666009900247,0.7161778631887908,0.0
1780319669.172171354,-0.21944372539622847,-1.1217976109039096,1.008306498797432,-3.0281015477367204,0.7203138644457957,0.0
1780319669.182321072,-0.21859486510631054,-1.1198604310021762,1.0054003726175869,-3.027132601467954,0.7244474708408967,0.0
1780319669.192274332,-0.21774298351461496,-1.1179234375839702,1.0024905339399746,-3.026159756217593,0.7285787764571485,0.0
1780319669.202271461,-0.21688827456565463,-1.1159870382182344,0.9995775988294099,-3.025183220480622,0.7327069698223206,0.0
1780319669.212496996,-0.21603134566273763,-1.1140525667428953,0.9966635829421323,-3.024203676074886,0.7368292672568574,0.0
1780319669.222254038,-0.21517270098735786,-1.1121211067616956,0.9937501351645247,-3.0232216882832517,0.7409434223581274,0.0
1780319669.232333660,-0.21431270933669389,-1.1101934243061748,0.9908384332245804,-3.0222376688023593,0.7450478679007235,0.0
1780319669.242258787,-0.21345165064822336,-1.108270077296524,0.9879293460738221,-3.0212519286637014,0.7491414812957523,0.0
1780319669.252322674,-0.21258974577207468,-1.1063514854261225,0.9850235376442282,-3.020264712106005,0.7532234348988195,0.0
1780319669.262264252,-0.21172717650799733,-1.10443797699494,0.9821215364883934,-3.019276219382013,0.7572930957477482,0.0
1780319669.272361040,-0.210864098073559,-1.1025298180468113,0.9792237791076032,-3.0182866209492696,0.7613499631851834,0.0
1780319669.282399654,-0.21000064689516407,-1.1006272306050144,0.9763306370516383,-3.0172960663343646,0.7653936298114049,0.0
1780319669.292602539,-0.20913694686255369,-1.0987304071571549,0.9734424385292503,-3.016304691258524,0.7694237505066519,0.0
1780319669.302656651,-0.20827311187232578,-1.0968395167314524,0.9705594773681023,-3.0153126205212386,0.7734400293865481,0.0
1780319669.312512398,-0.20740914062348192,-1.0949544761370111,0.9676816633012018,-3.0143198470465156,0.7774427053705109,0.0
1780319669.322824240,-0.20654405787779773,-1.0930730894238945,0.9648056734708398,-3.0133252439264626,0.7814365004230454,0.0
1780319669.332339764,-0.2056767771569925,-1.0911929486627976,0.9619278427414201,-3.012327553954792,0.7854265803755858,0.0
1780319669.342516422,-0.20480667223296933,-1.0893126699751097,0.9590460572779772,-3.011326047175203,0.7894159328398374,0.0
1780319669.352684259,-0.20393338018082297,-1.087431453565772,0.9561590891411846,-3.010320295443481,0.7934063035664461,0.0
1780319669.362721920,-0.203056685532502,-1.0855488260800357,0.9532662059471245,-3.0093100397305137,0.7973987445264472,0.0
1780319669.373342752,-0.20217645512396665,-1.0836644962058761,0.9503669517987717,-3.0082951154513458,0.8013939209852942,0.0
1780319669.383300781,-0.2012926027155224,-1.0817782764385449,0.947461028487931,-3.007275411902573,0.8053922778459317,0.0
1780319669.393256187,-0.20040506874144626,-1.0798900384490082,0.9445482276337911,-3.006250849032448,0.8093941345216052,0.0
1780319669.403609753,-0.19951380962177812,-1.0779996895335717,0.9416283948714413,-3.005221365179791,0.8133997350017592,0.0
1780319669.412674665,-0.19861880154352818,-1.0761071800493482,0.9387014417127032,-3.004186921499484,0.8174092322043259,0.0
1780319669.422342062,-0.1977200018452656,-1.0742124214778146,0.9357672190064568,-3.003147457358618,0.8214228616299254,0.0
1780319669.433501482,-0.19681765349700253,-1.0723159259817585,0.9328265088868066,-3.0021032427292997,0.8254395868540824,0.0
1780319669.442512512,-0.19591234937429292,-1.0704189318850688,0.9298812257378934,-3.001054953671911,0.8294568346558617,0.0
1780319669.452416897,-0.1950044152388717,-1.068522105764405,0.9269324044326717,-3.000002958482572,0.8334732438524382,0.0
1780319669.462895393,-0.19409400249555375,-1.0666257439394622,0.9239805084495173,-2.9989474243198355,0.8374882377886823,0.0
1780319669.472296715,-0.19318118197308998,-1.0647299724578296,0.9210257380616922,-2.9978884254092515,0.841501600469316,0.0
1780319669.482780695,-0.1922659877704449,-1.0628348402716785,0.9180681741376476,-2.996825993667023,0.8455132791192858,0.0
1780319669.492215872,-0.19134843712184324,-1.060940361324631,0.9151078431766256,-2.9957601416486925,0.8495232950254288,0.0
1780319669.502306938,-0.19042854016189192,-1.0590465351359475,0.9121447491850787,-2.9946908738413858,0.8535316999468543,0.0
1780319669.512557507,-0.18950630373217514,-1.0571533548114989,0.9091788860904194,-2.993618191066588,0.857538559159784,0.0
1780319669.522391319,-0.1885817332375428,-1.0552608109293748,0.9062102437757212,-2.992542092629226,0.8615439432416784,0.0
1780319669.532492638,-0.187654833733494,-1.0533688937914594,0.9032388115929731,-2.9914625775793606,0.8655479233167714,0.0
1780319669.542541027,-0.18672561002237487,-1.0514775936221783,0.9002645786730062,-2.9903796448233613,0.8695505706472088,0.0
1780319669.552463293,-0.18579406677568766,-1.0495869008169558,0.8972875343161181,-2.989293293266055,0.8735519561191727,0.0
1780319669.562430143,-0.18486020856481034,-1.0476968060014862,0.8943076680872,-2.9882035218466063,0.8775521501293397,0.0
1780319669.572310448,-0.18392403984171857,-1.0458072999894608,0.8913249697511777,-2.987110329516221,0.881551222686344,0.0
1780319669.582358599,-0.1829855646838432,-1.0439183732670534,0.8883394284595028,-2.9860137149401207,0.8855492445138847,0.0
1780319669.592247725,-0.18204477686656517,-1.0420299960981687,0.8853510012430029,-2.9849136648848584,0.8895463291755531,0.0
1780319669.602337837,-0.1811015471593862,-1.0401418935042681,0.8823592560378325,-2.98381002226344,0.8935431094509798,0.0
1780319669.612382174,-0.18015577412981187,-1.0382538492293056,0.8793638517939175,-2.9827026622819917,0.8975400940575288,0.0
1780319669.622180223,-0.17920746512229968,-1.0363658659349433,0.8763647936891089,-2.981591587457028,0.9015373284912697,0.0
1780319669.632337332,-0.17825666908901727,-1.0344780290612654,0.8733622186411912,-2.9804768492664966,0.9055346831136476,0.0
1780319669.642188072,-0.17730344626366001,-1.0325904457505883,0.870356298806758,-2.9793585127248723,0.909531982398368,0.0
1780319669.652335405,-0.17634785595700198,-1.03070322049511,0.8673472029430409,-2.9782366420973267,0.9135290564676984,0.0
1780319669.662461042,-0.1753899530377705,-1.0288164482580031,0.8643350853921664,-2.977111296762911,0.9175257556507501,0.0
1780319669.672384739,-0.17442978646291518,-1.0269302117236654,0.8613200815877442,-2.9759825294708664,0.9215219563085447,0.0
1780319669.682987452,-0.1734673993148128,-1.0250445815389613,0.8583023083185206,-2.9748503863632054,0.9255175603306808,0.0
1780319669.692717075,-0.17250283818755818,-1.0231596347959204,0.8552818932430406,-2.973714918006416,0.9295124559727864,0.0
1780319669.703063250,-0.17153614208484846,-1.0212754333428018,0.8522589401340932,-2.9725761663250174,0.9335065638146531,0.0
1780319669.712694407,-0.1705673412287716,-1.0193920216747143,0.8492335253364501,-2.971434163168455,0.9374998412583219,0.0
1780319669.723840952,-0.1695963398946878,-1.017509200265673,0.84620533281408,-2.9702887920253986,0.9414927633189998,0.0
1780319669.733347893,-0.1686230470278991,-1.0156267809959916,0.843174063305233,-2.9691399417539386,0.9454857813702499,0.0
1780319669.743957281,-0.1676474352832571,-1.013744700750598,0.8401396177014445,-2.9679875763606067,0.949479082124156,0.0
1780319669.754773140,-0.1666695477662028,-1.0118630327806049,0.8371021166355985,-2.9668317432274436,0.9534725632209498,0.0
1780319669.764311075,-0.16568943381358103,-1.0099818618767245,0.8340616999569473,-2.965672497413088,0.9574660978807091,0.0
1780319669.774382591,-0.16470714954954868,-1.0081012852931455,0.8310185283403907,-2.964509902338286,0.9614595328964566,0.0
1780319669.786611319,-0.16372272494398832,-1.0062213497690093,0.8279726813095726,-2.963343990787382,0.9654528223792276,0.0
1780319669.793985605,-0.1627362492371507,-1.004342214688382,0.8249244215701386,-2.962174866082222,0.9694456811713613,0.0
1780319669.806764364,-0.16174771868619953,-1.0024638617403978,0.8218737242831874,-2.961002521693912,0.9734382016776982,0.0
1780319669.815247774,-0.16075717531001388,-1.0005863597847533,0.8188207062720624,-2.959827005586486,0.9774302912176192,0.0
1780319669.825347424,-0.159764658868351,-0.9987097730963725,0.8157654774064081,-2.958648363354483,0.9814218669099306,0.0
1780319669.835443974,-0.1587704585935752,-0.9968346356278364,0.8127089140934137,-2.957466937454136,0.9854118463383064,0.0
1780319669.845499992,-0.15777487694289327,-0.9949615013205202,0.8096519295561769,-2.95628308716672,0.9893991030063569,0.0
1780319669.855980396,-0.15677797462197507,-0.9930904659160387,0.806594692199207,-2.9550968851541803,0.993383484619273,0.0
1780319669.866007090,-0.15577967776709922,-0.9912213729770842,0.8035369583411537,-2.9539082441715707,0.9973653759875386,0.0
1780319669.876017809,-0.15477994842863652,-0.9893541349771962,0.8004785959705498,-2.952717119733491,1.0013450156900603,0.0
1780319669.885088205,-0.15377869030134406,-0.987488557032532,0.7974192961949306,-2.951523397830208,1.0053228717362455,0.0
1780319669.895554304,-0.1527757618368044,-0.9856243625335361,0.7943586142994475,-2.950326910355283,1.0092995874434532,0.0
1780319669.905522346,-0.1517710527742242,-0.9837613358610842,0.7912962036843714,-2.949127526327337,1.013275677265764,0.0
1780319669.916393280,-0.1507644627758875,-0.9818992821824004,0.788231750260279,-2.9479251264884416,1.0172516124416018,0.0
1780319669.926548004,-0.1497558403026007,-0.9800379145357905,0.7851647864932468,-2.946719530264642,1.0212280622465546,0.0
1780319669.936862946,-0.1487449895670494,-0.9781768677124676,0.7820947134196695,-2.9455105038991816,1.0252058649036326,0.0
1780319669.946564198,-0.14773222380693607,-0.9763167141803004,0.7790224787754233,-2.9442984226639086,1.0291838549670014,0.0
1780319669.956654072,-0.14671891613264165,-0.9744599611922915,0.7759522359039577,-2.9430849326512183,1.0331567238696475,0.0
1780319669.967547178,-0.14570613279292655,-0.9726085325489828,0.7728871911867912,-2.941871316437057,1.0371204008659283,0.0
1780319669.977663279,-0.14469461327307975,-0.9707637392738349,0.7698295496393411,-2.940658468007022,1.0410721187125345,0.0
1780319669.986758709,-0.14368507547891785,-0.968926841498889,0.7667814417997002,-2.93944725775824,1.0450092123161105,0.0
1780319669.997022629,-0.14267889410972412,-0.9671002792104391,0.7637469689660843,-2.9382393469939196,1.0489264784316885,0.0
1780319670.007470131,-0.14167292482197347,-0.9652782952920171,0.7607166094920477,-2.937030971096736,1.052836295981244,0.0
1780319670.018585205,-0.14065903331962293,-0.9634461792799085,0.7576658803448019,-2.9358123573296195,1.0567703049182282,0.0
1780319670.026742458,-0.1396399156810677,-0.9616088588873701,0.7546029419547814,-2.934586739090207,1.0607180169529966,0.0
1780319670.036759377,-0.1386183683142912,-0.9597713978414157,0.7515362199658587,-2.933357478369695,1.0646686267839587,0.0
1780319670.046972513,-0.13759531403722125,-0.9579354557656572,0.7484684879768819,-2.9321256886799736,1.0686186283696757,0.0
1780319670.056524038,-0.13657109733058181,-0.956101642958834,0.7454007758252919,-2.930891789557843,1.0725667659071618,0.0
1780319670.066839218,-0.13554585945625952,-0.9542702019841922,0.7423335017848556,-2.9296559567121965,1.076512572910164,0.0
1780319670.076974869,-0.13451963020793123,-0.9524411752059105,0.7392667500870574,-2.9284182320090295,1.080456013554163,0.0
1780319670.087687969,-0.133492383053337,-0.9506145050149719,0.7362004373312345,-2.9271785896556377,1.0843972678845353,0.0
1780319670.096604347,-0.132464067482581,-0.9487900922957655,0.733134409836712,-2.9259369750861204,1.088336606346934,0.0
1780319670.106761694,-0.1314346273070317,-0.9469678292575736,0.7300684985157538,-2.9246933270028115,1.0922743192004676,0.0
1780319670.116890192,-0.1304040104119064,-0.9451476167447854,0.727002547966251,-2.9234475891587497,1.0962106791969723,0.0
1780319670.126727581,-0.12937217340445706,-0.9433293723289742,0.7239364302099,-2.9221997160037163,1.1001459240440816,0.0
1780319670.137585163,-0.12833908329409205,-0.9415130330795485,0.7208700495340618,-2.9209496747554597,1.1040802503096936,0.0
1780319670.147201061,-0.12730474846739348,-0.9396986096279862,0.717803434106776,-2.9196974829507183,1.108013696042923,0.0
1780319670.157729149,-0.12626911674735375,-0.9378860071297641,0.7147364335694105,-2.918443085074722,1.1119465287673895,0.0
1780319670.167380333,-0.1252321775307017,-0.93607520461984,0.711669022020475,-2.9171864761914232,1.1158788568409592,0.0
1780319670.176549911,-0.12419393911988141,-0.9342662147426228,0.7086012303909284,-2.9159276745874765,1.1198107163699023,0.0
1780319670.186607122,-0.1231544133818705,-0.932459056744027,0.7055331008857659,-2.9146667032221094,1.1237421296917978,0.0
1780319670.196882963,-0.12211361535536192,-0.9306537557257775,0.7024646857785362,-2.913403589267321,1.127673106954723,0.0
1780319670.206863880,-0.12107156272158104,-0.9288503416738791,0.6993960458127458,-2.9121383634808105,1.1316036481946523,0.0
1780319670.217908382,-0.12002827524727966,-0.9270488484520509,0.6963272485323032,-2.910871059543023,1.1355337454985195,0.0
1780319670.227690458,-0.11898380711797252,-0.925249369410321,0.6932584632041988,-2.909601753371423,1.1394632614864135,0.0
1780319670.236822367,-0.11793817223825886,-0.9234519284621854,0.6901897411538241,-2.9083304723778256,1.1433922106265706,0.0
1780319670.246555328,-0.11689134541587443,-0.9216564828990972,0.6871210199182426,-2.9070571968078616,1.1473207538353103,0.0
1780319670.256812572,-0.11584334993330803,-0.9198630738396396,0.6840523801855275,-2.9057819662316136,1.151248869550731,0.0
1780319670.267098665,-0.11479421954693958,-0.9180717604907223,0.6809839339189838,-2.9045048334057553,1.1551764970295273,0.0
1780319670.276728392,-0.11374398409994324,-0.9162825954713156,0.677915782188127,-2.9032258467810927,1.1591035903392335,0.0
1780319670.286898613,-0.11269267074789546,-0.9144956269760272,0.6748480188218905,-2.901945051992216,1.1630301136869041,0.0
1780319670.297722578,-0.1116403047293062,-0.9127109001393165,0.6717807327119327,-2.9006624927965774,1.166956038480245,0.0
1780319670.308137894,-0.11058694469040198,-0.9109285167846863,0.6687141106389006,-2.899378254151829,1.1708812117226868,0.0
1780319670.317940950,-0.10953260424788347,-0.909148502521,0.6656482087671081,-2.898092366613336,1.174805648493319,0.0
1780319670.327172041,-0.10847728929776679,-0.9073708703834562,0.662583061720419,-2.8968048517700136,1.178729392362931,0.0
1780319670.336757421,-0.10742097588134047,-0.9055955838307606,0.6595186185558694,-2.895515695220168,1.182652597406104,0.0
1780319670.347438335,-0.10636368827773879,-0.9038226881196971,0.6564549694426216,-2.894224941876724,1.1865752380456909,0.0
1780319670.357171535,-0.10530545528365387,-0.9020522363323131,0.653392218393772,-2.8929326426708246,1.1904972719633828,0.0
1780319670.367513418,-0.104246308196978,-0.9002842859356068,0.650330477377679,-2.8916388521042675,1.1944186476422995,0.0
1780319670.376958370,-0.10318627405567504,-0.8985188874953707,0.6472698467812786,-2.8903436199982417,1.1983393294004654,0.0
1780319670.387156487,-0.10212537288852896,-0.8967560802021728,0.6442104075753416,-2.889046988133127,1.2022593074573098,0.0
1780319670.396545649,-0.10106362339432007,-0.8949959014172206,0.6411522378014706,-2.887748997189491,1.2061785768482804,0.0
1780319670.406654119,-0.10000103936431337,-0.8932383807957596,0.6380954023278435,-2.886449682380307,1.2100971505867655,0.0
1780319670.416529417,-0.09893763412610923,-0.8914835477135936,0.6350399657143276,-2.885149078889921,1.21401504321394,0.0
1780319670.426928043,-0.09787343239256519,-0.8897314507704479,0.6319860262224352,-2.8838472363803764,1.2179322271992201,0.0
1780319670.436648846,-0.0968084564774454,-0.8879821349666601,0.6289336761486901,-2.8825442021478542,1.221848683801669,0.0
1780319670.446410894,-0.09574271920760324,-0.8862356301559071,0.6258829816093958,-2.881240012455093,1.225764429056982,0.0
1780319670.456794024,-0.09467623414273874,-0.8844919679249772,0.6228340119309288,-2.879934705041808,1.229679476122545,0.0
1780319670.466651440,-0.09360901524322429,-0.8827511810484561,0.6197868387103449,-2.878628318730573,1.2335938365098302,0.0
1780319670.476595163,-0.09254107666078681,-0.88101330315091,0.6167415352336484,-2.877320893182935,1.2375075208598738,0.0
1780319670.486673117,-0.09147243260958238,-0.8792783685045151,0.613698176127988,-2.876012468753968,1.2414205394202913,0.0
1780319670.496808290,-0.09040309728835805,-0.8775464119125633,0.6106568371624747,-2.87470308640958,1.2453329023329573,0.0
1780319670.506927967,-0.08933308483494784,-0.875817468647214,0.6076175951430784,-2.8733927876836565,1.249244619802067,0.0
1780319670.516522646,-0.08826240930110796,-0.8740915744213185,0.6045805278667998,-2.8720816146604338,1.2531557021871351,0.0
1780319670.526726246,-0.08719108464004854,-0.872368765381565,0.6015457141131147,-2.870769609972774,1.2570661600492579,0.0
1780319670.536922216,-0.08611912470177607,-0.8706490781147149,0.5985132336584036,-2.869456816810355,1.2609760041687343,0.0
1780319670.546782732,-0.08504654323313954,-0.8689325496617633,0.5954831673044177,-2.868143278934019,1.2648852455455226,0.0
1780319670.556927681,-0.08397335388061933,-0.8672192175369036,0.592455596915417,-2.8668290406938657,1.2687938953897597,0.0
1780319670.567142725,-0.08289957019462957,-0.8655091197490288,0.5894306054599352,-2.8655141470496033,1.2727019651068694,0.0
1780319670.577177286,-0.08182520563453899,-0.8638022948247643,0.5864082770555132,-2.864198643592194,1.276609466280171,0.0
1780319670.587090015,-0.0807502735739618,-0.8620987818320796,0.5833886970146646,-2.8628825765662302,1.2805164106526163,0.0
1780319670.597677708,-0.07967477794074007,-0.8603986056177355,0.5803719256412403,-2.861565981428766,1.284422844114521,0.0
1780319670.607691050,-0.07859878736306136,-0.8587018937809718,0.5773582059766554,-2.860248973622413,1.2883285775393363,0.0
1780319670.617364883,-0.07752230266425286,-0.8570086672491461,0.574347592181029,-2.8589315863795886,1.2922336680467865,0.0
1780319670.627640009,-0.0764452746312907,-0.8553188694766982,0.5713400005567494,-2.8576137925480927,1.2961383538358289,0.0
1780319670.637088299,-0.07536771550491661,-0.8536325417166655,0.5683355212800059,-2.8562956410513594,1.300042649821523,0.0
1780319670.646598101,-0.0742896507098374,-0.851949746563335,0.5653342828594421,-2.854977197803784,1.3039465230509464,0.0
1780319670.656630993,-0.07321110088957816,-0.850270539768621,0.5623364019869356,-2.8536585237453527,1.3078499578385707,0.0
1780319670.666465282,-0.0721320836451369,-0.8485949730498925,0.5593419884948494,-2.8523396769910825,1.3117529494272906,0.0
1780319670.676659822,-0.07105261464222679,-0.8469230958802614,0.5563511485227618,-2.851020714207466,1.315655499955391,0.0
1780319670.686493874,-0.06997270831586189,-0.8452549566317966,0.5533639865443788,-2.849701691496156,1.3195576158928577,0.0
1780319670.696514606,-0.0688923783183304,-0.8435906033074394,0.5503806066692455,-2.8483826649637765,1.323459306413373,0.0
1780319670.706572771,-0.0678116378036675,-0.8419300840117812,0.5474011134835748,-2.8470636910919667,1.3273605823620231,0.0
1780319670.716709137,-0.06673049960802757,-0.8402734472561075,0.5444256125983258,-2.845744826980413,1.3312614556019984,0.0
1780319670.726596832,-0.06564897636379641,-0.8386207421584428,0.5414542110116737,-2.8444261305092704,1.3351619386023352,0.0
1780319670.736855268,-0.0645670805715799,-0.8369720185771499,0.5384870173539332,-2.843107660450523,1.339062044178774,0.0
1780319670.746730804,-0.06348482464542204,-0.8353273272027275,0.5355241420585578,-2.841789476547126,1.3429617853318463,0.0
1780319670.756897688,-0.062402220941070397,-0.8336867196232385,0.5325656974864769,-2.8404716395719536,1.34686117514648,0.0
1780319670.766929865,-0.061319281773476675,-0.8320502483733492,0.5296117980214708,-2.839154211374143,1.3507602267306265,0.0
1780319670.777012587,-0.06023601942754464,-0.830417966973326,0.5266625601478861,-2.8378372549177713,1.3546589531783446,0.0
1780319670.786635637,-0.0591524461645907,-0.8287899299618084,0.5237181025174041,-2.836520834315893,1.3585573675483924,0.0
1780319670.797168255,-0.058068574226166625,-0.8271661929250387,0.5207785460096919,-2.8352050148619377,1.3624554828523399,0.0
1780319670.807012796,-0.05698441583621605,-0.8255468125240579,0.5178440137896038,-2.8338898630597185,1.3663533120486901,0.0
1780319670.816619396,-0.05589998320223,-0.8239318465208942,0.5149146313627507,-2.8325754466528315,1.3702508680405974,0.0
1780319670.827579260,-0.054815288515792204,-0.822321353804413,0.5119905266306699,-2.8312618346539566,1.3741481636757649,0.0
1780319670.836918592,-0.05373038144667497,-0.8207154498302174,0.5090719307052056,-2.8299491427194465,1.3780450770911505,0.0
1780319670.847919941,-0.052645226380378496,-0.8191141249141856,0.5061588476883918,-2.8286373846352317,1.3819417926698934,0.0
1780319670.857837439,-0.05155986612174246,-0.8175174866527763,0.5032514952146021,-2.827326670439443,1.385838213011751,0.0
1780319670.868584633,-0.050474318309044364,-0.8159256064833738,0.5003500256713973,-2.8260170810822207,1.3897343310354422,0.0
1780319670.877827406,-0.0493885713344584,-0.8143385143367148,0.4974545161203475,-2.8247086636942313,1.3936302444979662,0.0
1780319670.887057066,-0.04830263719004613,-0.8127562762282698,0.4945651096950048,-2.8234014953937447,1.3975259663195099,0.0
1780319670.897645950,-0.04721647672929841,-0.8111788853722706,0.49168181678760736,-2.8220955933585112,1.401421692719774,0.0
1780319670.908091545,-0.04613015680817867,-0.8096064905200269,0.48880493238668477,-2.820791103826118,1.4053172395928732,0.0
1780319670.916826725,-0.04504369595214186,-0.8080391711651407,0.48593462554911615,-2.8194881163596452,1.4092125961541981,0.0
1780319670.927606821,-0.04395704917165144,-0.8064769169463277,0.4830709010242688,-2.8181866460695972,1.413107979206617,0.0
1780319670.937825441,-0.04287023576553395,-0.8049198120458305,0.48021393697043274,-2.81688678693222,1.4170033749310131,0.0
1780319670.947774172,-0.0417833340448901,-0.8033680261129641,0.4773640690892864,-2.815588705000039,1.4208985579724054,0.0
1780319670.957803726,-0.040696354438411575,-0.801821632588255,0.4745214572380114,-2.814292486689502,1.4247935462369248,0.0
1780319670.967332602,-0.03960929377132416,-0.8002806872486685,0.4716862291864613,-2.8129982039935055,1.4286884062696952,0.0
1780319670.977318525,-0.038522107131042205,-0.7987451889334771,0.46885840810239443,-2.8117058812403948,1.4325833540260118,0.0
1780319670.987000227,-0.037434814451424714,-0.7972152303813793,0.4660381902368118,-2.8104156219426635,1.4364783730222648,0.0
1780319670.996850491,-0.03634744702319459,-0.7956909217334021,0.46322580451527273,-2.8091275448848365,1.440373406032214,0.0
1780319671.006672859,-0.035260028334458404,-0.7941723635540354,0.4604214628358619,-2.8078417614004976,1.4442684237193164,0.0
1780319671.016530275,-0.0341725769960064,-0.7926596511294068,0.4576253679322584,-2.8065583789372033,1.4481634141468278,0.0
1780319671.026476145,-0.03308510858944125,-0.7911528771867493,0.45483771835859177,-2.805277503321848,1.452058376152853,0.0
1780319671.036718130,-0.03199763776937914,-0.789652134907179,0.45205871404532355,-2.803999241303545,1.4559533118191446,0.0
1780319671.046765327,-0.030910175431914766,-0.7881575141046149,0.44928854921401085,-2.802723697288208,1.4598482366127405,0.0
1780319671.056606054,-0.02982264303583193,-0.7866689843414978,0.4465271954159104,-2.8014508732648347,1.4637434862707281,0.0
1780319671.066865683,-0.028734971966020595,-0.7851865327023138,0.4437746564566938,-2.80018078595557,1.467639360953866,0.0
1780319671.076823473,-0.027647111945944047,-0.7837101750035806,0.44103098938552043,-2.7989134765931962,1.4715360951492686,0.0
1780319671.086509466,-0.02655902409199218,-0.7822399459876577,0.4382962864843353,-2.7976490027173275,1.4754338825716458,0.0
1780319671.096873999,-0.025470678382529144,-0.7807758956758324,0.43557066863028,-2.7963874351838527,1.479332885246662,0.0
1780319671.106797457,-0.024382051908911073,-0.779318086848261,0.432854280721505,-2.7951288561107908,1.4832332397891606,0.0
1780319671.116810799,-0.02329312748830592,-0.7778665930615993,0.4301472880802592,-2.7938733572637693,1.4871350623824027,0.0
1780319671.126526356,-0.02220389273259915,-0.7764214973157326,0.4274498740477368,-2.7926210389841213,1.4910384521211413,0.0
1780319671.136633635,-0.02111433918821959,-0.7749828908438996,0.4247622377956178,-2.791372009210314,1.4949434940989772,0.0
1780319671.146898985,-0.0200244615381564,-0.7735508720129163,0.42208459233099,-2.7901263825826437,1.4988502622720008,0.0
1780319671.156664371,-0.01893424667462895,-0.7721255320412519,0.41941713780947554,-2.7888842680382737,1.5027588586407405,0.0
1780319671.166733503,-0.017843709986626877,-0.7707070024089875,0.4167601503121456,-2.7876458101782466,1.5066692831544524,0.0
1780319671.176725864,-0.016752851829290982,-0.7692953977885049,0.41411387513098774,-2.786411139622166,1.5105815897620136,0.0
1780319671.186931372,-0.015661674160079464,-0.7678908379694409,0.4114785677816899,-2.785180392096108,1.5144958267847237,0.0
1780319671.196853638,-0.01457018086668338,-0.76649344828824,0.40885449484434766,-2.783953708843736,1.5184120357407036,0.0
1780319671.207514763,-0.01347837742447311,-0.7651033591904852,0.4062419331769767,-2.7827312362775083,1.5223302525728921,0.0
1780319671.216906071,-0.012386319593770345,-0.7637207677144673,0.4036412856463701,-2.781513180225919,1.526250332820607,0.0
1780319671.227185249,-0.011293953111509047,-0.7623457345084548,0.401052699353941,-2.7802996271421865,1.530172527057884,0.0
1780319671.237565279,-0.010201277287990251,-0.7609783920436115,0.39847645702143614,-2.7790907272768535,1.5340968937782484,0.0
1780319671.247211695,-0.009108360298053952,-0.7596189616806752,0.3959130097390389,-2.7778867103593576,1.538023244207116,0.0
1780319671.257439613,-0.00801515526241392,-0.7582675244358565,0.3933625448487585,-2.7766876827155786,1.541951802966455,0.0
1780319671.267140627,-0.006921716502178654,-0.7569242902773547,0.3908254936950239,-2.77549386572168,1.5458824312053943,0.0
1780319671.277307510,-0.005828003400777604,-0.7555893556119306,0.3883020739963953,-2.774305380689541,1.5498153314389373,0.0
1780319671.287360668,-0.004734024857586228,-0.7542628816921413,0.38579262661619024,-2.773122407229871,1.553750528411295,0.0
1780319671.296461582,-0.003639806230944842,-0.7529450530247228,0.3832975372666225,-2.771945146548165,1.5576879877765724,0.0
1780319671.307259560,-0.0025453676554283433,-0.7516360508943318,0.3808171864822966,-2.770773797894376,1.5616276940579576,0.0
1780319671.317271471,-0.0014507259736245004,-0.7503360559025447,0.3783519543973451,-2.769608560801072,1.565569643721583,0.0
1780319671.327610016,-0.0003558960542315859,-0.7490452496945101,0.3759022240028792,-2.7684496366142115,1.5695138404488105,0.0
1780319671.336888790,0.0007390577747348193,-0.747763875046501,0.3734684953079172,-2.7672972825665236,1.5734601097436598,0.0
1780319671.346910715,0.0018341870642519797,-0.7464920424120898,0.37105101791553124,-2.7661516378075874,1.5774086948185395,0.0
1780319671.356746197,0.002929489057354129,-0.7452299304998959,0.3686501717298315,-2.765012903532838,1.5813596434723078,0.0
1780319671.366469145,0.0040249419229012595,-0.7439777437764565,0.36626638650675686,-2.763881305031668,1.585312934854525,0.0
1780319671.377159357,0.0051205277641206415,-0.7427356856382978,0.3639000908912174,-2.7627570675524704,1.5892685624009122,0.0
1780319671.387596607,0.006216231186379373,-0.7415039602198048,0.36155171583669254,-2.7616404179143386,1.5932265286903935,0.0
1780319671.396751165,0.007312038392880416,-0.7402827735367641,0.35922169677173243,-2.7605315855300354,1.5971868421980047,0.0
1780319671.406922102,0.008407936693333173,-0.739072334123775,0.35691047480860416,-2.759430802977228,1.601149515533286,0.0
1780319671.417285442,0.009503914087439336,-0.7378728535597725,0.35461849774248166,-2.758338306472146,1.605114563945018,0.0
1780319671.426980734,0.010599959083116728,-0.7366845467124161,0.35234622051612025,-2.757254336089888,1.609082004671851,0.0
1780319671.436551332,0.01169606057728001,-0.7355076319007763,0.35009410552898423,-2.7561791359108403,1.6130518565179328,0.0
1780319671.447538614,0.012792207779721121,-0.7343423310004704,0.3478626228361615,-2.7551129541144705,1.6170241395837197,0.0
1780319671.456604004,0.013888390196399758,-0.733188869476626,0.345652250208455,-2.754056043006443,1.620998875211653,0.0
1780319671.466532230,0.014984597533973298,-0.7320474764916716,0.3434634733348617,-2.7530086591133176,1.6249760856460704,0.0
1780319671.476519108,0.016080819909628286,-0.730918384687766,0.3412967853999049,-2.751971062977451,1.6289557948008238,0.0
1780319671.486536503,0.017177047621945052,-0.7298018304215077,0.33915268752652455,-2.750943519365174,1.6329380274348921,0.0
1780319671.496448994,0.01827327138492274,-0.7286980535121046,0.33703168828404456,-2.749926297026605,1.6369228100092754,0.0
1780319671.506756306,0.019369482180106923,-0.7276072973762648,0.3349343039364724,-2.7489196688090214,1.6409101701579163,0.0
1780319671.516640425,0.02046567122151033,-0.7265298090343402,0.3328610584423751,-2.7479239116506338,1.6449001365675184,0.0
1780319671.526419640,0.021561830191742404,-0.7254658388437871,0.3308124829279703,-2.746939306320184,1.6488927398453042,0.0
1780319671.537501335,0.022657951203428395,-0.7244156405026771,0.3287891156769349,-2.745966137403272,1.6528880123890464,0.0
1780319671.546936512,0.02375402687026207,-0.7233794709383812,0.32679150189711975,-2.74500469318036,1.6568859886569882,0.0
1780319671.556936741,0.024850194258351888,-0.7223574569912214,0.3248199364386451,-2.7440551416610974,1.6608872308278664,0.0
1780319671.566520691,0.025947228866834093,-0.7213491542468589,0.3228736111283874,-2.743117119086447,1.6648946359673582,0.0
1780319671.577424765,0.027045818331624005,-0.7203542435334471,0.3209519570678674,-2.742190375729741,1.6689107889489965,0.0
1780319671.587105274,0.02814621652709981,-0.7193728328413158,0.319055229107753,-2.7412750584501615,1.6729366956694207,0.0
1780319671.596720219,0.029247830941982356,-0.7184057876795853,0.3171851473817367,-2.740372021871061,1.6769702656613346,0.0
1780319671.606823444,0.030350076425878614,-0.717453939553856,0.3153433695704388,-2.7394820921682372,1.6810094293620645,0.0
1780319671.616714239,0.03145215530650258,-0.7165182698935535,0.3135318467668125,-2.738606239007136,1.685051331114343,0.0
1780319671.626899004,0.03255322721301401,-0.7155997521248416,0.31175251813063787,-2.737745428121662,1.6890929491286488,0.0
1780319671.636607409,0.0336527417178738,-0.714699076278821,0.31000677672994237,-2.7369003625487154,1.6931323169323818,0.0
1780319671.646904469,0.034750314982917585,-0.7138167672650697,0.30829569728488465,-2.73607159209898,1.6971680738258774,0.0
1780319671.657069206,0.03584524664445965,-0.7129535734196999,0.30662078929354614,-2.735259877935695,1.7011976885491629,0.0
1780319671.666816950,0.036936725950711846,-0.7121102826327137,0.30498364098356484,-2.7344660203962547,1.7052182134604148,0.0
1780319671.676779747,0.03802461918602296,-0.7112871221839328,0.3033847532941343,-2.7336902931393845,1.7092291868190308,0.0
1780319671.686792850,0.03910891238866365,-0.7104842199407857,0.3018244334844538,-2.732932875556558,1.713230586506832,0.0
1780319671.697151184,0.040189500360608976,-0.70970176471016,0.3003031064561156,-2.7321940037422396,1.7172220523336168,0.0
1780319671.707134008,0.04126623683627195,-0.7089399632437088,0.2988212313417548,-2.7314739300772057,1.7212030700028411,0.0
1780319671.716899395,0.042338963827542875,-0.7081990162553531,0.29737925485045447,-2.7307729005564414,1.7251730789867012,0.0
1780319671.726602554,0.0434080806550563,-0.7074787383623677,0.29597687104525405,-2.730090794626065,1.7291335812400768,0.0
1780319671.737339735,0.044474716278176896,-0.7067784940895079,0.29461289498306753,-2.7294270628182566,1.7330887907169403,0.0
1780319671.746965885,0.04553957663123431,-0.7060979889205976,0.29328680274791497,-2.7287814757329847,1.7370413665502193,0.0
1780319671.757047892,0.04660306302360717,-0.7054371614154826,0.2919985225896364,-2.7281540230600188,1.7409928457949775,0.0
1780319671.766985655,0.04766541626219345,-0.7047960714125914,0.2907482178080026,-2.727544808260498,1.7449441742939404,0.0
1780319671.777551413,0.04872679012112191,-0.7041748436609732,0.28953617721921976,-2.72695399540139,1.7488959774705293,0.0
1780319671.788029194,0.04978723169152688,-0.7035736709584288,0.28836282149883297,-2.7263818123602097,1.7528484854701225,0.0
1780319671.797399998,0.05084684405391271,-0.7029927165072589,0.2872285127025213,-2.7258284579902305,1.7568021384064663,0.0
1780319671.806995392,0.05190552837924822,-0.7024322530671272,0.2861338259538088,-2.725294234653471,1.760756623688496,0.0
1780319671.817728281,0.05296273087270009,-0.701892770119497,0.28507975917460765,-2.724779650789052,1.764709925100322,0.0
1780319671.827661514,0.054017974692498916,-0.7013746730867245,0.2840671457263679,-2.7242851343364234,1.7686603055865124,0.0
1780319671.837640762,0.05507090078487131,-0.7008782705065659,0.2830966289508135,-2.7238110200997565,1.7726064617087331,0.0
1780319671.846537828,0.05612138317037241,-0.7004037334815774,0.2821685824662146,-2.723357510594979,1.7765479587378166,0.0
1780319671.856800556,0.05716932319386481,-0.6999512047806125,0.2812833231648226,-2.7229247799456355,1.780484462215147,0.0
1780319671.867017984,0.058215195163620725,-0.6995205819301686,0.2804406865887776,-2.7225127661679105,1.7844177917480517,0.0
1780319671.876675129,0.059259510718798314,-0.6991117793163397,0.27964053935567795,-2.722121421492994,1.78834991578664,0.0
1780319671.886518717,0.0603025226682774,-0.6987248394382526,0.2788829970562857,-2.7217508190120894,1.7922818356154941,0.0
1780319671.896605968,0.06134434983517845,-0.6983598642695563,0.27816829013142724,-2.7214010871918966,1.7962140512057905,0.0
1780319671.906720638,0.062385040922829704,-0.6980169810178714,0.2774966969079086,-2.721072377151035,1.8001467997502338,0.0
1780319671.916682243,0.06342460580102571,-0.6976963253089288,0.2768685106701199,-2.7207648465474907,1.8040801725387081,0.0
1780319671.926726818,0.06446303075504156,-0.6973980326199678,0.2762840228503006,-2.7204786513354526,1.8080141718736351,0.0
1780319671.936565876,0.06550028561695775,-0.6971222336578204,0.275743513929497,-2.7202139412881596,1.8119487375808248,0.0
1780319671.947110415,0.06653632639858142,-0.6968690516698199,0.2752472481188174,-2.7199708573681654,1.8158837566117612,0.0
1780319671.956988335,0.06757109506255032,-0.6966386006860077,0.27479546986393616,-2.719749529989565,1.8198190618179872,0.0
1780319671.966845751,0.0686045168039977,-0.6964309841978356,0.2743884012058997,-2.7195500777000015,1.8237544212189676,0.0
1780319671.976818085,0.06963649445196896,-0.6962462939615115,0.27402623938849086,-2.719372605984453,1.8276895161828794,0.0
1780319671.986965418,0.07066689847701402,-0.696084608700767,0.27370915427140474,-2.7192172059754007,1.8316239026292993,0.0
1780319671.997055769,0.07169554961183788,-0.6959459923924847,0.2734372849291053,-2.719083952765538,1.835556943633543,0.0
1780319672.007393837,0.0727221873161974,-0.6958304916607343,0.27321073450511035,-2.718972902867205,1.8394876872121024,0.0
1780319672.017245770,0.07374755440980874,-0.6957380407865701,0.27302938384673614,-2.7188840028374623,1.843419025519058,0.0
1780319672.027592659,0.07477224585403452,-0.69566863918104,0.27289323959655637,-2.718817259892195,1.847353298691565,0.0
1780319672.037641287,0.07579001232348115,-0.6956225627776611,0.2728028489302799,-2.718772945262841,1.8512665256378356,0.0
1780319672.047709465,0.07679884569306461,-0.6955994670176597,0.2727575397805507,-2.7187507315305735,1.8551509297908164,0.0
1780319672.058303118,0.07779964633920144,-0.6955988487056644,0.2727563266356256,-2.7187501370775027,1.8590099116965808,0.0
1780319672.067794561,0.07879449683039397,-0.6956203172416249,0.2727984434789795,-2.71877078594271,1.8628514583123597,0.0
1780319672.076662540,0.07978658457321863,-0.6956637183578662,0.2728835860479264,-2.7188125278842983,1.8666878770560333,0.0
1780319672.087268114,0.08077777149708631,-0.6957290690295954,0.27301178415735183,-2.718875375750176,1.8705264094121925,0.0
1780319672.096559048,0.08176902349285875,-0.6958164538453575,0.2731831984836942,-2.718959405635539,1.8743708615939003,0.0
1780319672.106822968,0.082760812597521,-0.6959259747758662,0.2733980219917406,-2.7190647085408424,1.8782231430935177,0.0
1780319672.116507530,0.0837533350430375,-0.6960577278079931,0.27365643407198464,-2.7191913678753163,1.8820841017075849,0.0
1780319672.126649380,0.08474662169422564,-0.6962117906213399,0.2739585763527723,-2.719339447592678,1.8859539462660673,0.0
1780319672.136750937,0.08574061219369411,-0.6963882180988659,0.27430454389238973,-2.7195089878726066,1.889832531334375,0.0
1780319672.146713972,0.08673519859901258,-0.6965870413127924,0.27469438319897904,-2.7197000041548924,1.8937195251309806,0.0
1780319672.156993151,0.08773025079083796,-0.6968082681301624,0.2751280934367341,-2.7199124877401175,1.8976145075544204,0.0
1780319672.166962147,0.08872563102411801,-0.6970518844926907,0.275605628962639,-2.720146407046559,1.9015170265141317,0.0
1780319672.177088022,0.08972120204370038,-0.6973178559075848,0.2761269022838515,-2.720401709076844,1.9054266294988302,0.0
1780319672.186934471,0.0907168314116249,-0.6976061289369246,0.27669178701830066,-2.720678320889174,1.9093428805368695,0.0
1780319672.197218895,0.09171239362731831,-0.69791663259881,0.2773001206875466,-2.7209761509891064,1.9132653686236143,0.0
1780319672.207058430,0.09270777098184824,-0.6982492796551947,0.2779517072921471,-2.72129509061707,1.9171937112381028,0.0
1780319672.217076540,0.09370285370361264,-0.6986039677877427,0.2786463196715847,-2.7216350149325184,1.9211275550983897,0.0
1780319672.227496147,0.09469753972315753,-0.6989805806743847,0.27938370167315857,-2.721995784106238,1.9250665754221061,0.0
1780319672.237657785,0.0956916804542669,-0.6993789668310324,0.28016352680533374,-2.7223772231318453,1.929010260849936,0.0
1780319672.247451305,0.09668520516798051,-0.6997989887854619,0.2809854945807302,-2.722779168995536,1.932958406435684,0.0
1780319672.256956816,0.09767811110630653,-0.7002405275052919,0.28184933918413946,-2.723201474915665,1.9369110769024256,0.0
1780319672.268095493,0.09867031858936492,-0.7007034209912018,0.28275470937273806,-2.723643951649331,1.940868030677594,0.0
1780319672.277020931,0.09966173845089643,-0.7011874899020416,0.2837012187346441,-2.7241063921265436,1.9448289867869721,0.0
1780319672.286597490,0.10065229402365894,-0.7016925483806622,0.28468846694576805,-2.7245885818810165,1.9487937125342054,0.0
1780319672.296574831,0.10164191760169383,-0.7022184039034585,0.28571603954623953,-2.725090298977048,1.9527620097060103,0.0
1780319672.306643724,0.10263054819415052,-0.7027648573946763,0.2867835082365323,-2.7256113141913834,1.9567337058271135,0.0
1780319672.317543030,0.1036181300664043,-0.7033317035074127,0.28789043150059174,-2.726151391355311,1.9607086484957206,0.0
1780319672.326484919,0.10460461176409885,-0.7039187310056372,0.28903635542677064,-2.7267102877935874,1.964686701609298,0.0
1780319672.337011337,0.10558994543617595,-0.7045257232038971,0.29022081464130506,-2.7272877548182453,1.9686677427604578,0.0
1780319672.346552610,0.10657408634544474,-0.7051524584366673,0.29144333329910616,-2.727883538250011,1.9726516613660823,0.0
1780319672.356810808,0.10755699249891282,-0.705798710538792,0.29270342609520184,-2.7284973789493074,1.976638357263741,0.0
1780319672.366694927,0.10853862435643746,-0.7064642493252702,0.29400059927360794,-2.729129013345373,1.9806277396127079,0.0
1780319672.376830339,0.10951895068817596,-0.7071488453816759,0.2953343600309871,-2.7297781780495667,1.9846197508478909,0.0
1780319672.386789799,0.11049793508562855,-0.7078522614556517,0.2967041998091454,-2.7304446017560333,1.9886143119069817,0.0
1780319672.396633387,0.11147553211175687,-0.7085742494217975,0.29810958847753316,-2.7311280024598608,1.9926113062454829,0.0
1780319672.407459974,0.11245171312485569,-0.7093145695936167,0.29955001200408654,-2.731828105815591,1.996610685347181,0.0
1780319672.417022943,0.11342644972231453,-0.7100729796966592,0.30102495103468974,-2.732544634743667,2.0006124013713933,0.0
1780319672.427009583,0.11439971414067496,-0.7108492355486487,0.30253388228193934,-2.7332773101390595,2.0046164087997487,0.0
1780319672.436632872,0.11537147945951509,-0.7116430916130998,0.30407627966417533,-2.7340258514566456,2.0086226652944164,0.0
1780319672.447519541,0.11634171968716878,-0.7124543014639046,0.3056516152680854,-2.7347899772092945,2.0126311320791266,0.0
1780319672.457195997,0.11731040977832152,-0.7132826181876908,0.30725936018728156,-2.7355694054040387,2.0166417740434803,0.0
1780319672.467192888,0.1182775256132862,-0.7141277947402678,0.3088989852687049,-2.736363853932055,2.020654559690233,0.0
1780319672.477418423,0.1192430439566381,-0.7149895842680047,0.3105699617880288,-2.7371730409226793,2.0246694609967886,0.0
1780319672.488206148,0.12020690266206246,-0.7158677038277714,0.3122716912104781,-2.737996650784087,2.0286862874205682,0.0
1780319672.497713804,0.12116907855793757,-0.716761904178588,0.3140036405727767,-2.7388343997941953,2.032705009748927,0.0
1780319672.508039951,0.12212957746554443,-0.7176719640518918,0.3157653312676774,-2.739686030614421,2.0367257200548816,0.0
1780319672.516695976,0.12308839433522967,-0.7185976541213828,0.31755626925046504,-2.740551278526362,2.0407484656293535,0.0
1780319672.526976109,0.12404556859774729,-0.7195387911126883,0.31937604972242317,-2.741429922005954,2.0447734815060117,0.0
1780319672.537532091,0.1250010677486062,-0.7204951243353506,0.32122413770341596,-2.7423216767631726,2.048800701403436,0.0
1780319672.547391891,0.12595485701707454,-0.7214664010630623,0.32309999468715656,-2.7432262570181094,2.0528300489109372,0.0
1780319672.556869507,0.12690689815951872,-0.7224523652687198,0.32500307625725955,-2.7441433743813284,2.0568614322430587,0.0
1780319672.566973209,0.12785716110222478,-0.7234527698653839,0.32693285575642456,-2.745072749282562,2.0608947935211557,0.0
1780319672.576560020,0.12880562683526842,-0.7244673806922188,0.3288888319584675,-2.746014114656465,2.0649301214916136,0.0
1780319672.586583614,0.12975227779385512,-0.725495967059393,0.33087051082076696,-2.7469672071502553,2.068967411007865,0.0
1780319672.596549273,0.130697097341671,-0.7265383014163014,0.33287740486286443,-2.747931766834081,2.0730066608907856,0.0
1780319672.606684208,0.13164006945682316,-0.7275941591838624,0.3349090328614749,-2.7489075370637295,2.077047872628208,0.0
1780319672.616780758,0.1325811785391353,-0.7286633186830471,0.3369649197302392,-2.7498942644318904,2.08109104957801,0.0
1780319672.626752853,0.1335204092902873,-0.7297455611187891,0.33904459650499374,-2.7508916987694474,2.0851361964739605,0.0
1780319672.636977434,0.13445774663775145,-0.7308406705938273,0.34114760038517833,-2.751899593173105,2.0891833191138565,0.0
1780319672.647047997,0.1353931756850919,-0.7319484341377525,0.3432734748029997,-2.7529177040454775,2.0932324241574585,0.0
1780319672.657356501,0.13632668167822937,-0.7330686417419523,0.3454217695023044,-2.7539457911390217,2.0972835189909307,0.0
1780319672.666866302,0.13725820073403083,-0.7342010261460779,0.34759192519275867,-2.75498356242343,2.1013363970876124,0.0
1780319672.677020311,0.13818778377330543,-0.7353454621786026,0.34978365558850427,-2.756030856785088,2.105391351248494,0.0
1780319672.686666489,0.1391154234065317,-0.7365017585364031,0.351996548139008,-2.7570874529761684,2.109448422015039,0.0
1780319672.697109699,0.14004109446481894,-0.7376697047534932,0.35423015428779536,-2.7581531129061894,2.1135075723365446,0.0
1780319672.707212925,0.14096477636004967,-0.7388490986001788,0.35648404197120565,-2.7592276067411743,2.11756878498187,0.0
1780319672.716839790,0.1418864512440723,-0.7400397440673343,0.35875779173971695,-2.7603107110407494,2.1216320546736758,0.0
1780319672.726865768,0.1428061029041916,-0.7412414501406195,0.361050994401018,-2.761402207626898,2.1256973833581587,0.0
1780319672.736756086,0.1437237161005651,-0.7424540300539864,0.36336324958529587,-2.7625018828958727,2.129764777361184,0.0
1780319672.747556686,0.14463927616864392,-0.743677300833796,0.36569416486909256,-2.7636095273978607,2.133834245678604,0.0
1780319672.757144451,0.14555272107404016,-0.7449110182398444,0.36804323194003447,-2.7647248770603503,2.1379055860176712,0.0
1780319672.767688036,0.1464641001657394,-0.7461550912016222,0.37041023489469255,-2.7658478070511787,2.141979092389898,0.0
1780319672.777928114,0.14737335886761693,-0.7474092912852015,0.3727946970105642,-2.766978069080989,2.146054595683456,0.0
1780319672.787571907,0.14828048857543763,-0.7486734552067213,0.3751962663298483,-2.768115474476274,2.1501321318369713,0.0
1780319672.797326565,0.14918553875422313,-0.7499475052086098,0.37761475386969046,-2.7692599120120893,2.154211999379756,0.0
1780319672.806471825,0.150088488257053,-0.7512312692468601,0.3800497920720996,-2.7704111861739973,2.15829418064665,0.0
1780319672.816905499,0.15098930475499173,-0.7525245617410956,0.3825009884990327,-2.771569090104343,2.1623786070485416,0.0
1780319672.826930523,0.15188796375222635,-0.7538272104816723,0.384967976887442,-2.7727334297497177,2.1664652449147184,0.0
1780319672.836803913,0.1527844507856606,-0.75513906039206,0.3874504241829204,-2.773904027132353,2.1705541060484346,0.0
1780319672.847122192,0.1536787476274344,-0.7564599537224961,0.38994799299074356,-2.7750807026070494,2.1746451851903648,0.0
1780319672.856639385,0.15457082809548517,-0.7577897234915438,0.3924603292239879,-2.7762632690684566,2.178738440508622,0.0
1780319672.866626740,0.155460680321877,-0.7591282265676389,0.39498712461320495,-2.7774515613786925,2.182833895682405,0.0
1780319672.876845121,0.15634829172855924,-0.7604753217043934,0.39752807512330623,-2.7786454167490584,2.1869315714365865,0.0
1780319672.886759520,0.15723364926796268,-0.7618308698276532,0.4000828814916105,-2.779844674991035,2.191031486614253,0.0
1780319672.896860123,0.158116739573662,-0.763194734201921,0.40265124953563125,-2.7810491786576272,2.1951336588502524,0.0
1780319672.907283783,0.15899754905350827,-0.7645667805182583,0.40523289031107607,-2.782258773113484,2.19923810498853,0.0
1780319672.916780233,0.15987606394784848,-0.7659468769339668,0.407827520177868,-2.783473306561221,2.20334484134366,0.0
1780319672.926853418,0.16075227036644368,-0.767334894082425,0.4104348608092204,-2.7846926300406856,2.207453883867157,0.0
1780319672.937336683,0.16162615431231964,-0.768730705064482,0.4130546391655083,-2.785916597411413,2.2115652482552908,0.0
1780319672.947511435,0.16249770169753597,-0.7701341854282626,0.41568658744599213,-2.7871450653245162,2.2156789500207035,0.0
1780319672.957337141,0.1633668545465059,-0.771545141741214,0.41833030929987564,-2.788377830861382,2.2197947967511427,0.0
1780319672.967170715,0.16423365707028825,-0.7729635486804796,0.4209857240564929,-2.7896148386750537,2.2239130798293822,0.0
1780319672.977469921,0.16509810110632994,-0.7743892997035537,0.42365259921499754,-2.7908559628067158,2.228033844479561,0.0
1780319672.987030983,0.16596016257958657,-0.7758222644489647,0.42633065833085726,-2.792101057173289,2.232157060347925,0.0
1780319672.996436596,0.1668198214247547,-0.7772623211719605,0.42901964175575036,-2.7933499838712184,2.2362827159962504,0.0
1780319673.006442070,0.16767705993748527,-0.7787093541722072,0.4317193017785247,-2.794602610889684,2.240410811266259,0.0
1780319673.016750813,0.16853186178772916,-0.7801632522230513,0.4344293996564861,-2.7958588107126547,2.244541352695351,0.0
1780319673.026625633,0.16938421143043847,-0.7816239076075711,0.4371497037909955,-2.797118459458402,2.2486743507693365,0.0
1780319673.036495924,0.1702340937545037,-0.7830912155218721,0.4398799885950502,-2.7983814363438264,2.252809818280141,0.0
1780319673.046884298,0.17108148001349344,-0.7845650495040903,0.4426199888155148,-2.7996476025776698,2.2569477015431763,0.0
1780319673.056599379,0.171926249515288,-0.7860451228222756,0.4453691423684759,-2.8009166828079786,2.261087494762909,0.0
1780319673.066634655,0.1727682875336065,-0.7875311559922888,0.4481269024151319,-2.802188409680132,2.265228714280331,0.0
1780319673.076917410,0.17360751748113756,-0.7890229345218316,0.4508928443318244,-2.803462573063774,2.2693710579830144,0.0
1780319673.086714983,0.1744440442992734,-0.7905205689301562,0.4536671466385819,-2.8047392409609118,2.27351512018919,0.0
1780319673.096894264,0.1752783040255661,-0.7920247769047952,0.4564511102637811,-2.8060189966098465,2.277663153187479,0.0
1780319673.106823683,0.17611046633599847,-0.7935358156960035,0.4592451802161342,-2.807302027768517,2.2818161110154915,0.0
1780319673.116825819,0.17694037222666115,-0.7950533507729585,0.4620487068907852,-2.8085880193628774,2.2859733127173074,0.0
1780319673.127439976,0.17776791188936847,-0.7965771330288183,0.4648612004282646,-2.809876730640328,2.2901343151391234,0.0
1780319673.137177467,0.17859298378370947,-0.7981069257365103,0.46768219537295147,-2.8111679328721855,2.294298710377441,0.0
1780319673.146834135,0.17941559043922317,-0.7996426845076252,0.47051158197208465,-2.8124615606944823,2.2984666127137876,0.0
1780319673.157432795,0.18023570849870207,-0.8011843188058565,0.47334916578268593,-2.8137575102003805,2.3026380064082055,0.0
1780319673.167341709,0.18105331400385416,-0.8027317382764476,0.47619475322502913,-2.8150556781649745,2.3068128725339725,0.0
1780319673.177050591,0.181868381488288,-0.8042848509442075,0.4790481482758979,-2.816355960540194,2.310991184250672,0.0
1780319673.187630415,0.18268089084252592,-0.8058435763008873,0.4819091764968615,-2.8176582633959213,2.3151729420434757,0.0
1780319673.197201967,0.18349082521076898,-0.8074078415469401,0.48477767805066296,-2.8189624996944453,2.319358163376234,0.0
1780319673.207899332,0.1842980782648287,-0.8089774008831387,0.4876531767286701,-2.820268439026086,2.323546400969653,0.0
1780319673.216432810,0.18510242934239418,-0.810551780830993,0.49053478141982876,-2.821575663758077,2.3277366035022853,0.0
1780319673.226776123,0.18590379017070413,-0.8121307604541999,0.4934220658017725,-2.822883968504813,2.331928396295118,0.0
1780319673.236430168,0.18670205889299019,-0.8137140894337573,0.4963145513743488,-2.8241931250849808,2.3361213268883345,0.0
1780319673.246489048,0.18749714201978418,-0.8153015310838851,0.4992117861934359,-2.8255029182402907,2.3403149793699813,0.0
1780319673.256877422,0.1882889643769352,-0.816892882890861,0.5021133821908511,-2.8268131624163324,2.344509027877126,0.0
1780319673.266579866,0.18907746332417275,-0.8184879659194584,0.5050189955939768,-2.828123692775762,2.348703207629776,0.0
1780319673.276953220,0.18986258396061606,-0.8200866157847493,0.5079283103022708,-2.8294343576029988,2.3528972905240875,0.0
1780319673.287219286,0.19064427813136886,-0.8216886810630601,0.5108410348761686,-2.8307450168821915,2.357091080543526,0.0
1780319673.296827793,0.19142251098344776,-0.8232940372507942,0.51375692776874,-2.832055553570089,2.361284449826064,0.0
1780319673.307097197,0.19219722761301195,-0.8249025181278977,0.5166756726048448,-2.83336581751153,2.3654771592327295,0.0
1780319673.316908121,0.19296849613315614,-0.826514214284404,0.5195974194681766,-2.8346758682007724,2.369669635276888,0.0
1780319673.327377558,0.19373659818176425,-0.8281296723539491,0.5225231432967148,-2.83598613394244,2.373863480233553,0.0
1780319673.337545395,0.19450172876551775,-0.8297492721552597,0.5254535134596171,-2.8372969042868443,2.37805984877134,0.0
1780319673.347637653,0.19526395216355397,-0.8313731266942934,0.5283887145520726,-2.8386082508229222,2.3822591945639155,0.0
1780319673.357831240,0.19602334992141035,-0.8330013916408294,0.5313290073185866,-2.8399202786255966,2.386462075378811,0.0
1780319673.367456675,0.1967799813566271,-0.8346341810691014,0.5342745763404558,-2.8412330582018748,2.390668935472448,0.0
1780319673.376901388,0.19753387772860265,-0.8362715532719402,0.5372255048461008,-2.8425466144872917,2.3948800704051063,0.0
1780319673.387293100,0.1982851008661488,-0.8379136374108924,0.5401820031184599,-2.8438610286034143,2.3990959534196805,0.0
1780319673.397219896,0.1990336389788918,-0.8395604057628923,0.5431439984097756,-2.8451762555252484,2.4033166508497366,0.0
1780319673.406959295,0.19977947072927527,-0.841211810868872,0.5461113826571519,-2.8464922346489407,2.407542176325401,0.0
1780319673.417294979,0.20052258220846264,-0.8428678227999757,0.5490840795229917,-2.847808919565737,2.411772586383162,0.0
1780319673.427043200,0.2012629638813208,-0.8445284228102068,0.5520620328618796,-2.84912627287619,2.416007963995188,0.0
1780319673.437316418,0.20200060790520613,-0.8461935975815207,0.5550451963158578,-2.850444261540376,2.420248403779008,0.0
1780319673.447669506,0.2027355076539734,-0.8478633382678895,0.5580335315557724,-2.8517628560751564,2.4244940095454246,0.0
1780319673.457739592,0.20346761183777495,-0.8495375353328116,0.56102682031644,-2.853081947751609,2.4287446274951843,0.0
1780319673.467820406,0.2041969313354448,-0.8512162219193877,0.564025099767701,-2.854401540596744,2.433000464689335,0.0
1780319673.477850914,0.20492348114918668,-0.852899443579477,0.5670284289030709,-2.8557216480521883,2.437261756940323,0.0
1780319673.487863302,0.2056473093114315,-0.854587326251611,0.5700370095313636,-2.8570423459884386,2.441528940453883,0.0
1780319673.497725487,0.20636836209439835,-0.8562797614304216,0.5730506252296732,-2.85836352648749,2.445801856265167,0.0
1780319673.506402731,0.20708665910411317,-0.8579768134128258,0.5760693675219619,-2.859685216776766,2.4500807804367897,0.0
1780319673.516719818,0.2078021851095866,-0.8596784668928024,0.5790931860120919,-2.8610073817659196,2.4543657860822345,0.0
1780319673.527381659,0.20851491806115185,-0.8613846915660126,0.5821220037346165,-2.8623299747938447,2.458656907112928,0.0
1780319673.536411285,0.20922484180913514,-0.8630954723493938,0.5851557708539709,-2.863652961108028,2.4629542143849052,0.0
1780319673.546586275,0.2099319424114081,-0.8648108008726823,0.5881944494603076,-2.8649763111688933,2.467257794181287,0.0
1780319673.556778431,0.21063611774200797,-0.8665304541900065,0.5912376221102502,-2.8662998304791993,2.4715671939439816,0.0
1780319673.567167044,0.2113371869477192,-0.8682540108610386,0.5942845222217246,-2.8676231738972287,2.4758814655754007,0.0
1780319673.576547146,0.212035040525828,-0.8699812169616532,0.5973346819348071,-2.8689461274871215,2.4802000827039348,0.0
1780319673.586439848,0.2127296110241017,-0.8717119185494528,0.6003878114973278,-2.8702685554390577,2.4845227696172865,0.0
1780319673.596461058,0.21342085072042338,-0.8734460088903218,0.6034437053934414,-2.871590358971261,2.4888493682454986,0.0
1780319673.606726408,0.21410872136226544,-0.8751834040567585,0.6065021989751517,-2.872911457363197,2.4931797767324664,0.0
1780319673.616658211,0.21479318885623688,-0.8769240301399632,0.6095631457765833,-2.874231778057759,2.4975139173209127,0.0
1780319673.626701117,0.2154742060360897,-0.8786677792976576,0.6126263402538611,-2.8755512233526925,2.501851626956072,0.0
1780319673.636569738,0.2161516071910683,-0.8804142356928049,0.615691037433078,-2.8768694641095274,2.5061919768990495,0.0
1780319673.646561384,0.21682517979229377,-0.8821628516300803,0.6187562643783135,-2.8781860750879615,2.510533713317601,0.0
1780319673.656723738,0.2174947360074826,-0.8839131305957544,0.6218211417751043,-2.8795006734876125,2.5148757123816545,0.0
1780319673.666836739,0.21816011098246157,-0.8856646245743445,0.62488487876723,-2.880812916468009,2.519216972780137,0.0
1780319673.676558733,0.21882116064640056,-0.8874169299699579,0.627946765383903,-2.8821224976545397,2.5235566048750693,0.0
1780319673.686931372,0.21947775825626703,-0.8891696799623885,0.6310061587908946,-2.883429141033201,2.527893811139012,0.0
1780319673.696472883,0.22012977488973884,-0.8909224932194748,0.6340623935684836,-2.8847325625166333,2.532227758859667,0.0
1780319673.706480980,0.22077710313670584,-0.8926750377805428,0.6371148930542285,-2.8860325174031662,2.5365577378989035,0.0
1780319673.716433287,0.221419640111171,-0.8944269863647429,0.6401630911627487,-2.887328766888341,2.540883049796836,0.0
1780319673.726520538,0.22205728577892136,-0.8961780119519389,0.6432064246616922,-2.8886210747599788,2.5452029967116503,0.0
1780319673.736797094,0.22269001248826892,-0.8979279808090102,0.6462446681116522,-2.8899093493115626,2.5495173570277334,0.0
1780319673.746656179,0.22331804167110625,-0.8996774534767598,0.6492788004693223,-2.8911940089587205,2.553827617588782,0.0
1780319673.756644726,0.22394152508161258,-0.9014268122611933,0.6523094878713966,-2.8924753375320735,2.5581348207101997,0.0
1780319673.766922235,0.22456076703336358,-0.9031768849433153,0.6553381641089681,-2.893753941040682,2.562441100157052,0.0
1780319673.776931763,0.22517610028785717,-0.9049286063516506,0.6583664417540895,-2.8950304972281975,2.5667488461890953,0.0
1780319673.786868334,0.22578766180826793,-0.9066823767224479,0.6613950037195139,-2.8963052887714054,2.571059128775765,0.0
1780319673.796764374,0.22639548971910362,-0.9084383229087765,0.6644240585684668,-2.89757839738063,2.575372343177083,0.0
1780319673.806981325,0.22699957680560945,-0.910196444406969,0.6674535945449954,-2.898849811803694,2.579688570367541,0.0
1780319673.817036152,0.22759989503903166,-0.9119566807220005,0.6704834966518012,-2.9001194775383636,2.584007743189173,0.0
1780319673.827898502,0.22819640713321387,-0.9137189433455681,0.6735136021640413,-2.901387320368105,2.588329725155959,0.0
1780319673.837970734,0.22878905637567026,-0.9154830842846398,0.6765436468663276,-2.902653224070268,2.5926542334921137,0.0
1780319673.847672939,0.2293778082839577,-0.9172490191870857,0.6795734767420032,-2.903917118980542,2.596981141070822,0.0
1780319673.857177734,0.22996263144921514,-0.9190166716598975,0.6826029520026987,-2.9051789417036042,2.6013103396981205,0.0
1780319673.867078304,0.2305436908989522,-0.920786564827548,0.6856329591921685,-2.9064390556604747,2.6056431879574804,0.0
1780319673.876915932,0.2311212717811213,-0.9225596096301789,0.6886650437457928,-2.907698095345958,2.6099819903398305,0.0
1780319673.886581898,0.23169556621525444,-0.9243364580626814,0.6917003021340767,-2.9089565052350594,2.6143284139418888,0.0
1780319673.896826029,0.23226671710516844,-0.9261176300473117,0.6947396006370326,-2.910214631684968,2.618683800213442,0.0
1780319673.907013178,0.2328348450720028,-0.9279035931644977,0.6977837123871289,-2.9114727802471663,2.623049360673675,0.0
1780319673.916976452,0.23340006290418813,-0.9296948065560713,0.7008333925483519,-2.9127312469432423,2.6274262846221954,0.0
1780319673.926483393,0.2339624842920578,-0.9314917486656196,0.7038894255247679,-2.9139903377330794,2.6318158071365763,0.0
1780319673.936520815,0.23452222985819016,-0.9332949376290625,0.7069526593722205,-2.915250382535944,2.636219258995709,0.0
1780319673.946624994,0.2350794203187052,-0.9351049107373726,0.7100239705616542,-2.91651172053146,2.6406380166243846,0.0
1780319673.956545830,0.23563363527879,-0.9369204449226665,0.7131012492410612,-2.9177734649379152,2.6450691595892852,0.0
1780319673.966616154,0.23618412339950612,-0.9387391785698647,0.7161804682577647,-2.9190339502169915,2.6495069931381336,0.0
1780319673.977199316,0.2367305580927226,-0.9405600911243459,0.7192598851218578,-2.9202924544316224,2.6539490991754726,0.0
1780319673.986491203,0.23727281544980738,-0.942382811829507,0.7223388621570682,-2.9215487106601503,2.6583946460901293,0.0
1780319673.996744633,0.23781084622997084,-0.9442072123514897,0.7254171733029197,-2.9228026211737888,2.6628433935516904,0.0
1780319674.006595612,0.23834463124209537,-0.9460332642293894,0.7284947616765259,-2.9240541575481,2.667295344353062,0.0
1780319674.016859531,0.2388741537563006,-0.9478609476929911,0.7315715852001924,-2.925303297472297,2.671750521938136,0.0
1780319674.026583195,0.2393993866176336,-0.9496902069565234,0.7346475413862521,-2.926549994240023,2.6762088614467427,0.0
1780319674.036916256,0.23991960212546726,-0.9515185119908018,0.7377183747691182,-2.927792522414302,2.68066426843397,0.0
1780319674.046422482,0.24043266249539919,-0.9533382161160278,0.7407712700840081,-2.9290257134066926,2.6850981840715122,0.0
1780319674.056642771,0.24094382099377176,-0.9551679695376505,0.7438375129749514,-2.9302622026036986,2.6895561212252113,0.0
1780319674.066688776,0.24145427355039462,-0.9570123972655358,0.7469247829985638,-2.931505044417085,2.6940494091038776,0.0
1780319674.077331305,0.24196091851283485,-0.9588605525008687,0.750014704102583,-2.932746809988147,2.6985514448799606,0.0
1780319674.086417437,0.24246269271586773,-0.9607086102459972,0.753100871190897,-2.9339849195811056,2.7030529806257393,0.0
1780319674.096739531,0.24295937461652106,-0.9625557425653755,0.7561819051890658,-2.935218821512672,2.707552068466847,0.0
1780319674.106887579,0.24345104431510434,-0.9644022280179687,0.7592582757759143,-2.9364487068918756,2.712049455607783,0.0
1780319674.116670609,0.2439378057403041,-0.9662484482123403,0.7623306218190546,-2.9376748329769358,2.7165461392978303,0.0
1780319674.126662731,0.244419763822725,-0.9680948051005327,0.7653996129890452,-2.9388974674857486,2.721043165515182,0.0
1780319674.136537552,0.2448970130044279,-0.9699416773128489,0.7684658771107281,-2.9401168596124334,2.7255415227802224,0.0
1780319674.146831989,0.24536963221319397,-0.9717893992100102,0.7715299656715995,-2.941333226483505,2.7300420912861623,0.0
1780319674.156648636,0.2458376835094156,-0.9736382532164676,0.7745923415584256,-2.942546748561138,2.7345456243496455,0.0
1780319674.166678429,0.24630121271163752,-0.9754884696109567,0.7776533792127998,-2.9437575700081715,2.739052747994432,0.0
1780319674.176620960,0.24676025099048937,-0.9773402302291121,0.7807133712499159,-2.944965801604234,2.7435639700364756,0.0
1780319674.187118530,0.24721481684313318,-0.9791936739608875,0.7837725379952244,-2.946171524784972,2.748079693518557,0.0
1780319674.196653366,0.2476649181187236,-0.9810489028132929,0.7868310378889942,-2.9473747959838468,2.7526002315050198,0.0
1780319674.206632614,0.24811055392139458,-0.9829059878552151,0.7898889776267686,-2.9485756508277663,2.7571258215771666,0.0
1780319674.217045069,0.24855171630975104,-0.9847649746925864,0.7929464214590717,-2.9497741079616118,2.761656639176284,0.0
1780319674.226920843,0.24898839176522602,-0.9866258883193586,0.796003399402947,-2.950970172408785,2.7661928094208212,0.0
1780319674.236918211,0.24942056243119115,-0.988488737303574,0.7990599143069824,-2.9521638384501863,2.770734417300958,0.0
1780319674.247475863,0.24984820713988665,-0.9903535173307372,0.8021159478150915,-2.953355092044552,2.7752815163059257,0.0
1780319674.257147312,0.25027130225097105,-0.9922202141581957,0.8051714653256227,-2.9545439128332496,2.7798341356164027,0.0
1780319674.267957687,0.2506898223273857,-0.994088806047948,0.8082264200638306,-2.955730275779893,2.784392286026644,0.0
1780319674.277543306,0.2511037284666131,-0.9959592102495529,0.8112806658185101,-2.9569141174235742,2.788955829343146,0.0
1780319674.287600517,0.25151299698123775,-0.9978314112219904,0.8143341665418847,-2.9580954172585314,2.7935247911713432,0.0
1780319674.298033714,0.2519176174292186,-0.999705455654107,0.8173869875831391,-2.959274193945958,2.798099348945535,0.0
1780319674.306704283,0.2523175494898775,-1.0015812528739128,0.8204389705319185,-2.9604503797466264,2.802679344742519,0.0
1780319674.316432714,0.25271277578154394,-1.003458818499082,0.8234901302783445,-2.9616239739345174,2.807264880000202,0.0
1780319674.327202559,0.25310326755443835,-1.0053381152082927,0.826540395680948,-2.9627949426891127,2.811855926821949,0.0
1780319674.336784840,0.25348899290099003,-1.0072190895092499,0.8295896696580468,-2.963963242421347,2.8164524176661865,0.0
1780319674.346681118,0.253869921697224,-1.0091016952141443,0.8326378673351883,-2.965128834444889,2.821054302677054,0.0
1780319674.356459141,0.2542460250550761,-1.0109858911614786,0.8356849122919758,-2.966291683501137,2.8256615441369575,0.0
1780319674.366585016,0.25461727497590536,-1.012871639778842,0.8387307341932122,-2.967451756827578,2.830274112968612,0.0
1780319674.376753569,0.2549836441287914,-1.0147589061726112,0.8417752672865262,-2.968609023565732,2.83489198652156,0.0
1780319674.386521339,0.25534510570590574,-1.0166476575459855,0.8448184494394122,-2.969763454380147,2.839515147159258,0.0
1780319674.396722078,0.25570163332531737,-1.018537862820283,0.8478602215100371,-2.970915021207914,2.8441435813419815,0.0
1780319674.406844378,0.25605320096292816,-1.0204294923812416,0.8509005269232923,-2.9720636970884144,2.8487772790147274,0.0
1780319674.416686773,0.25639978290230947,-1.0223225179016193,0.8539393113722462,-2.9732094560421687,2.8534162331813393,0.0
1780319674.427013636,0.25674135369562856,-1.0242169122100995,0.8569765225958386,-2.974352272979641,2.858060439591778,0.0
1780319674.436774731,0.2570778881315572,-1.02611264918826,0.8600121102030553,-2.9754921236284324,2.862709896497847,0.0
1780319674.446648121,0.2574093612077316,-1.0280097036845888,0.8630460255255501,-2.976628984471881,2.867364604450607,0.0
1780319674.456958055,0.25773574810634425,-1.029908051439138,0.8660782214882156,-2.9777628326950136,2.872024566123739,0.0
1780319674.467691183,0.2580570241720441,-1.0318076690151168,0.869108652491746,-2.978893646135452,2.8766897861537646,0.0
1780319674.477410555,0.2583731569633183,-1.0337084856573657,0.8721371977497953,-2.98002137476165,2.88136015283412,0.0
1780319674.486885786,0.2586841247053393,-1.0356104930082033,0.8751638362423351,-2.9811460059120485,2.886035707607701,0.0
1780319674.497653723,0.25898991448976005,-1.0375137393168794,0.878188636895191,-2.9822675602638777,2.8907166311947794,0.0
1780319674.507923841,0.25929049438220253,-1.039418156246632,0.8812114832807051,-2.983385989725125,2.895402817673014,0.0
1780319674.517416716,0.25958584134191065,-1.0413237299015776,0.8842323457395139,-2.9845012785332616,2.900094294926215,0.0
1780319674.526606560,0.25987593861265923,-1.043230488636457,0.8872512615472993,-2.985613435609508,2.9047911949561924,0.0
1780319674.536820173,0.26016076068938965,-1.0451384054607944,0.8902681802640685,-2.986722437503958,2.9094935135715763,0.0
1780319674.546569347,0.2604402809340516,-1.0470474451079834,0.8932830385768155,-2.987828256170303,2.9142012261290464,0.0
1780319674.556504250,0.26071447385244473,-1.0489575792068067,0.8962957842972156,-2.9889308677915314,2.9189143249212215,0.0
1780319674.566550732,0.2609833146531796,-1.0508687838100297,0.8993063724023517,-2.9900302512920707,2.9236328131228344,0.0
1780319674.576608658,0.2612467789696814,-1.0527810378104459,0.9023147625003968,-2.9911263873873506,2.9283567009108604,0.0
1780319674.586801291,0.2615048426852181,-1.0546943219264246,0.905320917209601,-2.992219257977342,2.9330860029805907,0.0
1780319674.596848011,0.26175748182294223,-1.0566086180527687,0.9083248011223537,-2.9933088457597,2.937820736957234,0.0
1780319674.606884718,0.26200467247689563,-1.0585239088454337,0.9113263801433455,-2.994395133983216,2.942560922381223,0.0
1780319674.616987467,0.2622463907687884,-1.0604401774558863,0.9143256210667874,-2.995478106290697,2.947306580060643,0.0
1780319674.626785278,0.2624826128209681,-1.062357407360972,0.9173224913060297,-2.9965577466187048,2.95205773165823,0.0
1780319674.636865616,0.26271331473953274,-1.0642755822536731,0.9203169587202533,-2.9976340391334753,2.956814399427784,0.0
1780319674.646917582,0.26293847260379843,-1.0661946859725555,0.9233089915027316,-2.998706968189766,2.961576606045683,0.0
1780319674.656709194,0.2631580624597375,-1.068114702455758,0.9262985581081512,-2.999776518304183,2.96634437450272,0.0
1780319674.667186975,0.2633720603158958,-1.0700356157105269,0.9292856272046545,-3.0008426741376595,2.9711177280339998,0.0
1780319674.676805258,0.2635804421408656,-1.0719574097925113,0.9322701676413881,-3.0019054204837032,2.9758966900729256,0.0
1780319674.686792374,0.2637831838617336,-1.073880068791195,0.9352521484258135,-3.002964742260343,2.980681284220243,0.0
1780319674.698055744,0.26398026136314934,-1.075803576819231,0.9382315387072528,-3.004020624504274,2.9854715342225475,0.0
1780319674.707038164,0.26417164671407267,-1.0777278794891076,0.9412082482243566,-3.005073031341164,2.990267367930674,0.0
1780319674.717714787,0.2643573207221872,-1.0796530100299364,0.9441823224027323,-3.0061219749687274,2.995068931612792,0.0
1780319674.727700472,0.2645372569841006,-1.0815789301288365,0.9471536960707295,-3.0071674285271444,2.9998761933685425,0.0
1780319674.737959385,0.2647114338266632,-1.083505652116707,0.9501223823268954,-3.008209392784949,3.0046892477923515,0.0
1780319674.747671843,0.2648798239090334,-1.0854331267836734,0.9530882995138593,-3.0092478352936443,3.0095080358966277,0.0
1780319674.756507158,0.26504240314470673,-1.0873613398287567,0.9560514199637202,-3.0102827426869965,3.0143325859235035,0.0
1780319674.767103434,0.26519915140654493,-1.0892903273598948,0.9590117934142578,-3.011314128595518,3.0191630525304127,0.0
1780319674.777025700,0.2653500432897965,-1.0912200654905764,0.9619693773991099,-3.0123419744383524,3.023999440511245,0.0
1780319674.786783457,0.26549505279752517,-1.0931505215219568,0.9649241161472376,-3.0133662571435202,3.0288417326165193,0.0
1780319674.796567678,0.2656341547990714,-1.0950816726865646,0.9678759693050663,-3.0143869591249457,3.0336899365352816,0.0
1780319674.806479931,0.2657673243988803,-1.0970134990363025,0.9708249009862565,-3.0154040644443953,3.0385440671257298,0.0
1780319674.816816807,0.26589453682378794,-1.098945978067431,0.973770871554866,-3.0164175661713974,3.0434041437127535,-1.0251088866652935e-08
1780319674.826751232,0.2660157673544796,-1.1008791009181573,0.9767138622946273,-3.0174274346885586,3.048270188370426,-1.0251088866652935e-08
1780319674.836444855,0.2661309912844142,-1.1028128469609415,0.9796538366669686,-3.018433663717411,3.053142224837164,-1.0251088866652935e-08
1780319674.846609116,0.26624018407612815,-1.104747203235747,0.9825907699175767,-3.0194362414768103,3.0580202861295795,-1.0251088866652935e-08
1780319674.856656551,0.26634332093755675,-1.106682153303585,0.9855246321088499,-3.0204351544832515,3.062904396671526,-1.0251088866652935e-08
1780319674.866549015,0.2664403767481429,-1.1086176745921037,0.9884553841393706,-3.021430386228054,3.0677945655518757,-1.0251088866652935e-08
1780319674.876636744,0.2665313268016073,-1.110553752610688,0.9913829992879646,-3.0224219245064052,3.0726908224210248,-1.0251088866652935e-08
1780319674.886910677,0.26661614630928543,-1.1124903722091517,0.9943074499399484,-3.023409756887578,3.077593195457387,-1.0251088866652935e-08
1780319674.896569967,0.26669481041853405,-1.114427517778676,0.9972287078971005,-3.0243938708274167,3.082501711877258,-1.0251088866652935e-08
1780319674.907051802,0.26676729422484047,-1.1163651733827624,1.0001467445798549,-3.0253742537442045,3.0874163982712517,-1.0251088866652935e-08
1780319674.916818380,0.2668335727798856,-1.1183033228395205,1.0030615311547306,-3.0263508930726837,3.0923372808231027,-2.2432069535227583e-08
1780319674.926533699,0.2668936210970799,-1.1202419497715805,1.0059730386121555,-3.027323776305574,3.097264385452436,-2.2432069535227583e-08
1780319674.936860323,0.26694741415551926,-1.122181037631833,1.008881237807464,-3.028292891033181,3.102197737907808,-2.2432069535227583e-08
1780319674.946634293,0.2669949269029569,-1.1241205697077454,1.0117860994695003,-3.029258224993103,3.1071373638273494,-3.293926198466579e-08
1780319674.956544399,0.26703613428007633,-1.1260605302157778,1.0146875958384574,-3.0302197667051485,3.1120832916283137,-3.293926198466579e-08
1780319674.966549158,0.26707101122100907,-1.1280009052580997,1.0175857020846328,-3.0311775061331994,3.117035555175653,-4.703678779804932e-08
1780319674.976694345,0.26709953245213514,-1.1299416697802123,1.0204803768498978,-3.032131428781776,3.1219941610064805,-5.945345726843243e-08
1780319674.986808062,0.26712167285915545,-1.1318828063793536,1.0233715903581326,-3.033081526543919,3.1269591379238015,-8.031776310701844e-08
1780319674.996547699,0.26713740728543467,-1.1338242934998917,1.02625930679085,-3.034027798221264,3.131930513470615,-1.2269419524812974e-07
1780319675.006489992,0.26714671054205796,-1.1357660865997365,1.029143456376553,-3.0349702872487136,3.136908314342302,-2.5524707059076945e-07
1780319675.016806602,0.26714955741473434,-1.1377083628675626,1.0320242983476864,-3.0359085976938363,3.1415926535897936,0.0
1780319675.026480436,0.2671459226679558,-1.1396509370676355,1.03490155402252,-3.0368430492997582,3.146883296731638,2.29857366840947e-07
1780319675.036733389,0.2671357810325532,-1.1415936666466404,1.0377750093298006,-3.0377738856705405,3.151880535781745,1.1920372967380874e-07
1780319675.046674967,0.2671191072223914,-1.1435367010088733,1.0406448822897858,-3.0387007625917826,3.156884308103056,8.086887184004162e-08
1780319675.056551695,0.2670958759974764,-1.1454799965081257,1.043511105134872,-3.0396237093767984,3.161894627946824,6.141832356233774e-08
1780319675.066794395,0.26706606207199746,-1.1474235320221986,1.0463736435994813,-3.040542724078415,3.1669115236501226,4.965588900678341e-08
1780319675.076685190,0.2670296401445136,-1.1493672888757294,1.0492324671784885,-3.0414577986730493,3.171935022380033,4.965588900678341e-08
1780319675.086498976,0.26698658490313076,-1.1513112488865112,1.0520875462348431,-3.04236892335511,3.17696515057083,3.612751747910653e-08
1780319675.096910477,0.266936871256252,-1.1532553856012715,1.0549388391502361,-3.043276083787555,3.182001912608381,3.612751747910653e-08
1780319675.106687307,0.2668804783891602,-1.1551995369162054,1.0577861059930649,-3.044179202591134,3.1870449605386653,3.612751747910653e-08
1780319675.116750956,0.2668173850708203,-1.1571436109307554,1.060629210768184,-3.04507823595998,3.1920941270625174,2.5981704758177913e-08
1780319675.126446962,0.26674756364910635,-1.1590877136033244,1.0634683069774973,-3.045973231630684,3.1971497588943696,2.5981704758177913e-08
1780319675.136875391,0.2666709791852002,-1.1610320863358874,1.0663037446042714,-3.0468642983116854,3.20221255745482,2.5981704758177913e-08
1780319675.146810770,0.266587600423552,-1.1629768067577988,1.0691356332949395,-3.0477514680992717,3.207282800612455,2.5981704758177913e-08
1780319675.156738520,0.26649739623937607,-1.1649219214707038,1.0719640369527037,-3.0486347583519136,3.2123606867828163,2.5981704758177913e-08
1780319675.166685581,0.2664003346585473,-1.1668674753372477,1.0747890165579568,-3.049514185228878,3.217446411053506,2.5981704758177913e-08
1780319675.176947832,0.26629638321940574,-1.1688135053087239,1.0776106212429966,-3.0503897609411745,3.2225401490217647,2.5981704758177913e-08
1780319675.186630487,0.2661855097573522,-1.170760029293536,1.0804288722694204,-3.0512614888664493,3.2276420274957744,2.5981704758177913e-08
1780319675.196772575,0.26606768147713755,-1.1727070663571588,1.0832437924098774,-3.052129372730504,3.2327521772344823,1.533981913822148e-08
1780319675.206782103,0.2659428654514112,-1.1746546287479118,1.0860553944322617,-3.0529934130675347,3.2378707120192227,1.533981913822148e-08
1780319675.216676712,0.2658110286587362,-1.1766027230209612,1.0888636827902016,-3.053853607787965,3.242997731512341,1.533981913822148e-08
1780319675.226983786,0.2656721380320727,-1.1785513507053107,1.091668654642172,-3.0547099525308132,3.2481333229306446,1.533981913822148e-08
1780319675.236607313,0.2655261604872864,-1.180500509057171,1.0944703009864207,-3.0555624410460145,3.2532775629591657,1.533981913822148e-08
1780319675.246914864,0.26537306292367113,-1.182450191970002,1.0972686080111798,-3.0564110656349097,3.2584305200931385,1.533981913822148e-08
1780319675.257094145,0.2652128122476114,-1.1844003903821303,1.1000635577139977,-3.057255817362187,3.263592255667619,1.533981913822148e-08
1780319675.267516851,0.2650453753958565,-1.1863510925943546,1.1028551283872636,-3.058096686224186,3.26876282465599,1.533981913822148e-08
1780319675.277466536,0.26487072107243215,-1.188302265760326,1.1056432682162813,-3.0589336532555462,3.273942226458986,1.533981913822148e-08
1780319675.287140608,0.26468881597214056,-1.1902538997062546,1.1084279579804757,-3.059766709414106,3.2791305210798884,1.533981913822148e-08
1780319675.297520399,0.2644996245880802,-1.1922060046229737,1.1112092075292377,-3.060595854361947,3.2843278234271476,1.533981913822148e-08
1780319675.307718754,0.2643031156677955,-1.1941585443509997,1.1139869607267068,-3.061421068123317,3.289534125710213,1.533981913822148e-08
1780319675.317126989,0.264099256456503,-1.196111494916127,1.1167611790307335,-3.0622423458104397,3.294749463007285,0.0
1780319675.327157974,0.263888011833994,-1.1980648648107293,1.1195318701106516,-3.063059666971328,3.299973927318654,0.0
1780319675.337122440,0.26366934907178474,-1.200018626776803,1.1222989909608787,-3.0638730258306484,3.3052075465398354,0.0
1780319675.346453667,0.2634432360761557,-1.2019727520107395,1.125062496614947,-3.064682406225558,3.3104503344829106,0.0
1780319675.356526375,0.26320964061690466,-1.2039272134804637,1.1278223448428857,-3.06548779295818,3.3157023101228007,0.0
1780319675.366567373,0.26296853022271194,-1.205881986489696,1.1305784969280395,-3.066289172008232,3.320963499160039,0.0
1780319675.376541615,0.2627198725147537,-1.2078370457433483,1.1333309135144503,-3.0670865293146767,3.326233926159435,0.0
1780319675.386599302,0.26246363540534134,-1.2097923639349863,1.1360795526296716,-3.0678798502116225,3.3315136107269807,0.0
1780319675.396804810,0.26219978636404584,-1.2117479173892614,1.138824377620284,-3.068669121721079,3.3368025827445487,0.0
1780319675.406811714,0.2619282927762926,-1.2137036830084824,1.1415653528377734,-3.069454331292068,3.342100874178327,0.0
1780319675.416806698,0.26164912265849716,-1.2156596332442815,1.1443024366018355,-3.0702354647927566,3.34740850544395,0.0
1780319675.426964998,0.26136224355479476,-1.2176157441021918,1.147035592423841,-3.0710125097289867,3.352725507088174,0.0
1780319675.437268019,0.2610676367090985,-1.2195719017977549,1.149764658843239,-3.0717854184243505,3.358051665506832,0.0
1780319675.446891546,0.26076547076023815,-1.221526804670888,1.1524878219252885,-3.0725536786035375,3.363383523318755,0.0
1780319675.457254171,0.2604561191201089,-1.223478002504355,1.155201682519381,-3.0733163413340816,3.3687144587421973,0.0
1780319675.467034340,0.26013971858126517,-1.225424719704689,1.1579051861063578,-3.074073127689944,3.3740423911040076,0.0
1780319675.476870060,0.2598162266375039,-1.2273673178807831,1.1605988603817479,-3.074824203757728,3.3793683453782726,0.0
1780319675.487134457,0.25948563676790437,-1.2293059163777524,1.1632828947831575,-3.0755696396299834,3.3846926873932524,0.0
1780319675.497808456,0.25914796577230903,-1.2312404913861439,1.165957279960246,-3.076309449765879,3.3900153909910746,0.0
1780319675.507347584,0.2588032485074967,-1.2331709209974155,1.1686218714273844,-3.0770436115881674,3.3953361588513915,0.0
1780319675.517268658,0.258451511743107,-1.2350971375541215,1.171276600403224,-3.0777721239734266,3.4006548411016904,0.0
1780319675.526979923,0.2580927772885736,-1.2370191053191668,1.1739214425316051,-3.0784949983025034,3.4059713748030567,0.0
1780319675.537758589,0.2577268658232488,-1.2389378349633402,1.1765578104079892,-3.079212636500524,3.4112885986682664,0.0
1780319675.548155785,0.257353544446122,-1.2408545256038703,1.1791873664800037,-3.079925501897644,3.4166098955548265,0.0
1780319675.556855917,0.25697266914296313,-1.2427698358163504,1.1818110232684738,-3.0806338484392364,3.421937168279825,0.0
1780319675.566980124,0.25658414583049616,-1.2446841268934925,1.1844292814899904,-3.081337815549373,3.427271504662779,0.0
1780319675.577438593,0.2561879095509544,-1.2465975911090865,1.187042408197011,-3.0820374780063977,3.432613528495637,0.0
1780319675.586529732,0.25578391008593626,-1.2485103352730533,1.1896505523904566,-3.082732878001273,3.4379636291995292,0.0
1780319675.596511126,0.2553721049408084,-1.250422420994239,1.1922538006877639,-3.0834240405425106,3.4433220725968554,0.0
1780319675.606481791,0.25495245567985747,-1.252333885368345,1.1948522058966473,-3.084110981342169,3.4486890579091463,0.0
1780319675.616987228,0.2545249264333189,-1.2542447497935783,1.197445799227601,-3.0847937102125136,3.454064741965548,0.0
1780319675.626690865,0.254089482927077,-1.2561550255727063,1.2000345980441856,-3.085472233214325,3.459449254617287,0.0
1780319675.636787891,0.2536460919147472,-1.258064717207648,1.2026186104232057,-3.0861465539224735,3.464842707803849,0.0
1780319675.646921396,0.25319472077179983,-1.2599738246732883,1.2051978382955468,-3.086816674292938,3.470245201831125,0.0
1780319675.656795979,0.2527353371486558,-1.2618823452155032,1.2077722799171995,-3.087482595335823,3.475656830371508,0.0
1780319675.666688204,0.25226790882882644,-1.2637902741366354,1.2103419309550314,-3.0881443174156282,3.4810776826427614,0.0
1780319675.676637888,0.25179240359805244,-1.2656976054588824,1.2129067853986855,-3.08880184049979,3.486507845264532,0.0
1780319675.686920643,0.2513087891483131,-1.2676043323856003,1.215466836192995,-3.089455164329757,3.4919474035597537,0.0
1780319675.697018385,0.2508170330293845,-1.2695104475343406,1.2180220755588922,-3.0901042885088907,3.497396442218704,0.0
1780319675.706961632,0.2503171024554798,-1.2714159436949526,1.220572496013571,-3.0907492127645178,3.502855047476768,0.0
1780319675.716611624,0.24980896430754473,-1.2733208137858476,1.2231180903104515,-3.0913899369316162,3.5083233070154844,0.0
1780319675.727678537,0.24929258507179564,-1.2752250510469771,1.2256588516952631,-3.092026461015939,3.5138013105443133,0.0
1780319675.737484932,0.2487679297537284,-1.277128652901112,1.2281947790426733,-3.0926587864691775,3.5192891609766233,0.0
1780319675.748288155,0.2482349649352853,-1.279031609770989,1.2307258619503334,-3.0932869124666027,3.5247869422412195,0.0
1780319675.757480621,0.24769365494138484,-1.280933918968615,1.233252099242438,-3.093910840520033,3.5302947593454364,0.0
1780319675.767287731,0.24714396471258293,-1.2828355742793658,1.2357734850984257,-3.094530571023776,3.535812708361832,0.0
1780319675.777378559,0.24658585902077723,-1.2847365688576273,1.23829001292015,-3.0951461042252015,3.5413408847718455,0.0
1780319675.787490129,0.24601938763822884,-1.286636611749512,1.2408013009635812,-3.095757349335932,3.546878556358767,0.0
1780319675.797687292,0.24544467069742504,-1.2885351972199741,1.2433066867258535,-3.0963641495881347,3.5524243566551292,0.0
1780319675.806757450,0.2448617388209332,-1.2904321372728562,1.2458059302361533,-3.0969664530060252,3.557977838447917,0.0
1780319675.817621708,0.2442705494696431,-1.2923274865623382,1.248299112034821,-3.097564285475146,3.5635392635123417,0.0
1780319675.827283144,0.2436710587154307,-1.2942212997386378,1.2507863122035552,-3.0981576724264235,3.569108896242287,0.0
1780319675.837069511,0.24306324148315173,-1.2961135688264829,1.2532675283192392,-3.098746619412326,3.5746868189076495,0.0
1780319675.847800255,0.24244707096908924,-1.2980042903450002,1.2557427639084249,-3.099331133439947,3.580273128104848,0.0
1780319675.857950211,0.24182251486405382,-1.299893476315476,1.2582120427767784,-3.099911226293351,3.585867967574098,0.0
1780319675.867380381,0.24118954709342033,-1.3017811183876073,1.2606753620705928,-3.1004869034692524,3.5914714221530546,0.0
1780319675.877133846,0.24054814180412443,-1.3036672067829835,1.263132717150879,-3.10105817010702,3.5970835735261137,0.0
1780319675.887269258,0.23989827607513647,-1.3055517225696294,1.265584091567082,-3.10162502868801,3.602704477127325,0.0
1780319675.897485256,0.23923991918214316,-1.3074346687638165,1.268029497512382,-3.102187488388825,3.6083342549359734,0.0
1780319675.906481743,0.2385730539998494,-1.309316008862889,1.2704688959588664,-3.1027455466818834,3.613972911842987,0.0
1780319675.916433334,0.2378976983988681,-1.3111956103208904,1.2729021239551328,-3.1032991731607495,3.6196201641939107,0.0
1780319675.926679373,0.23721383574708388,-1.3130734405075088,1.2753291486917615,-3.1038483676482707,3.625276027158742,0.0
1780319675.936842203,0.23652143549037885,-1.3149495047808806,1.2777499866131057,-3.104393141230711,3.6309406312059633,0.0
1780319675.946693420,0.23582047583003551,-1.3168237837577497,1.2801646222735412,-3.1049334978455305,3.636614033436525,0.0
1780319675.956509352,0.2351109430044156,-1.3186962367765505,1.2825730130454704,-3.1054694355264267,3.642296227193319,0.0
1780319675.966647387,0.23439283044315873,-1.3205668054462114,1.284975093893615,-3.1060009476288433,3.6479871520649874,0.0
1780319675.976615429,0.2336661382642259,-1.3224354160671075,1.2873707806598265,-3.1065280236937953,3.653686700587372,0.0
1780319675.986639977,0.23293087323773276,-1.3243019807071832,1.2897599715974257,-3.1070506499060793,3.659394720921204,0.0
1780319675.996740818,0.23218704935001344,-1.3261663967164843,1.2921425468977643,-3.10756880910627,3.6651110147686743,0.0
1780319676.006680489,0.2314346891471708,-1.3280285443745257,1.2945183658421027,-3.1080824802951703,3.6708353295015246,0.0
1780319676.016768217,0.2306738261535466,-1.329888282115789,1.2968872608997661,-3.108591637506415,3.6765673426807246,0.0
1780319676.027142286,0.22990450894858738,-1.33174543814531,1.2992490272978214,-3.1090962477604496,3.6823066351473153,0.0
1780319676.036956549,0.22912680792397488,-1.3335997963376096,1.3016034054414447,-3.109596267585775,3.6880526459284657,0.0
1780319676.047388554,0.22834082676461664,-1.335451072130322,1.3039500508351076,-3.1100916370462386,3.6938045952647864,0.0
1780319676.057511091,0.22754671424953,-1.3372988894578768,1.3062885056143818,-3.1105822743384755,3.6995614095981177,0.0
1780319676.067339897,0.22674473572854525,-1.3391426230200967,1.308618000356196,-3.111068035336808,3.705321224021892,0.0
1780319676.077426195,0.22593580551048142,-1.3409802110352187,1.3109359602205086,-3.111548406973317,3.711077646913854,0.0
1780319676.087399960,0.22512367192547367,-1.3428033634162873,1.3132319897746318,-3.112021283892891,3.716804623776935,0.0
1780319676.097144604,0.2243079921209683,-1.3446131990899435,1.315507581501334,-3.112487039539204,3.722505489340667,0.0
1780319676.107464790,0.2234889141868256,-1.3464097155822472,1.3177628118296787,-3.112945753419547,3.72818006854957,0.0
1780319676.117568254,0.22266568745644444,-1.3481948493242113,1.3200001846561877,-3.1133979928552633,3.733834332830386,0.0
1780319676.127846241,0.22183580167654005,-1.3499742026811488,1.3222267716815421,-3.1138452268246284,3.739485979359706,0.0
1780319676.137207270,0.22099754485384115,-1.351751447070252,1.324447189457381,-3.114288400468764,3.7451467444643654,0.0
1780319676.146931648,0.22014993712728326,-1.353528565071123,1.32666392041565,-3.114728013645752,3.7508230949845447,0.0
1780319676.156732798,0.21929242685985428,-1.3553065677588982,1.3288782223094324,-3.1151643130378392,3.7565184556923925,0.0
1780319676.166839600,0.21842473023887388,-1.3570858736681197,1.3310906086808232,-3.1155973936567336,3.762234385626862,0.0
1780319676.177303314,0.217546728455437,-1.3588665477766018,1.3333011511817598,-3.1160272621802236,3.7679713225942035,0.0
1780319676.186986685,0.21665840010455406,-1.3606484552652045,1.335509673509208,-3.1164538771276673,3.7737290645221155,0.0
1780319676.197931290,0.2157597793035756,-1.3624313549160982,1.3377158688775617,-3.1168771729341422,3.7795070631692,0.0
1780319676.208059311,0.21485092999476496,-1.3642149550862808,1.3399193701791015,-3.1172970741374577,3.785304601108671,0.0
1780319676.217631102,0.21393191599631423,-1.3659989743875585,1.3421198252754512,-3.1177135099893163,3.7911209871981844,0.0
1780319676.227796793,0.21300282313801377,-1.3677830990262017,1.3443168444085003,-3.118126404527728,3.796955417131326,0.0
1780319676.237532854,0.21206374044049892,-1.3695670202633679,1.3465100465445226,-3.118535685459542,3.802807094635328,0.0
1780319676.247375011,0.21111475167347615,-1.3713504501081015,1.3486990785719044,-3.1189412876655918,3.808675283170253,0.0
1780319676.257874489,0.21015595047512448,-1.3731330924296117,1.3508835797235963,-3.1193431465112917,3.8145592112290916,0.0
1780319676.267426729,0.20918738951561355,-1.3749147365666605,1.3530632960891442,-3.1197412187478393,3.8204583820953917,0.0
1780319676.277420044,0.20820914771579413,-1.3766951312849969,1.3552379259334157,-3.120135453876149,3.8263721587700377,0.0
1780319676.286407471,0.20722126822526055,-1.3784740981185326,1.3574072581991388,-3.1205258193051835,3.8323001399175642,0.0
1780319676.297140837,0.20622382194708389,-1.3802514150856258,1.3595710303265596,-3.1209122744583544,3.838241774219226,0.0
1780319676.306501389,0.20521686066068723,-1.3820269012665047,1.361729031399908,-3.121294789339948,3.8441966419819242,0.0
1780319676.316389322,0.2042004269217853,-1.3838003975927737,1.3638810784435178,-3.121673340043299,3.850164392475128,0.0
1780319676.326485872,0.2031745616160433,-1.3855717528219715,1.3660269992241945,-3.122047905578205,3.856144697581746,0.0
1780319676.336583614,0.2021393037277448,-1.3873408235942861,1.3681666322391381,-3.1224184678021367,3.8621372523157835,0.0
1780319676.346990585,0.2010946902883387,-1.3891074741759457,1.370299826325137,-3.1227850112860405,3.8681417742898145,0.0
1780319676.356414557,0.20004075642788277,-1.390871576039836,1.3724264400747375,-3.123147523149938,3.874158002621613,0.0
1780319676.366674185,0.1989775354822545,-1.3926330073729671,1.3745463411694614,-3.123505992888622,3.880185696573301,0.0
1780319676.377055407,0.1979050591276793,-1.3943916525629092,1.3766594056936878,-3.123860412199147,3.886224634095439,0.0
1780319676.386640549,0.19682335752572444,-1.3961474016925148,1.3787655174646187,-3.1242107748160706,3.8922746103743697,0.0
1780319676.396806955,0.19573245946908624,-1.3979001500584465,1.3808645673968116,-3.124557076357486,3.8983354364360614,0.0
1780319676.406659842,0.19463239252287257,-1.3996497977208326,1.3829564529096559,-3.1248993141828105,3.904406937832776,0.0
1780319676.416544199,0.1935231831587252,-1.4013962490866048,1.3850410773804245,-3.1252374872624964,3.910488953423046,0.0
1780319676.426738024,0.19240485688067854,-1.4031394125263956,1.3871183496423112,-3.1255715960592223,3.916581334246485,0.0
1780319676.436864853,0.19127743834255084,-1.4048792000235064,1.3891881835251547,-3.125901642419612,3.9226839424900226,0.0
1780319676.446651459,0.19014095145713894,-1.4066155268527325,1.3912504974358229,-3.1262276294758022,3.928796650539789,0.0
1780319676.457067966,0.1889954194977328,-1.408348311286602,1.393305213974927,-3.1265495615559526,3.9349193401119122,0.0
1780319676.466535568,0.18784086519256027,-1.410077474326651,1.3953522595866348,-3.1268674441027344,3.941051901455292,0.0
1780319676.476803780,0.18667731081279038,-1.4118029394573632,1.3973915642385,-3.1271812835992527,3.947194232619727,0.0
1780319676.486746073,0.1855047782546907,-1.413524632420697,1.399423061128475,-3.1274910875015314,3.9533462387832787,0.0
1780319676.496594191,0.18432328911649365,-1.4152424810092796,1.401446686416582,-3.1277968641769798,3.959507831633237,0.0
1780319676.506988287,0.1831328647704542,-1.4169564148765241,1.4034623789789271,-3.128098622848299,3.9656789287957968,0.0
1780319676.516627550,0.18193352643054905,-1.4186663653621512,1.4054700801820625,-3.1283963735423588,3.971859453309881,0.0
1780319676.526964664,0.1807252952161822,-1.420372265331789,1.4074697336758393,-3.128690127043358,3.9780493331412683,0.0
1780319676.536733150,0.17950819221224645,-1.4220740490293355,1.4094612852031556,-3.1289798948503154,3.984248500733449,0.0
1780319676.547031641,0.17828223852581526,-1.4237716519411343,1.4114446824251567,-3.1292656891380273,3.990456892592151,0.0
1780319676.556858540,0.1770474567769038,-1.4254650087094332,1.413419872474562,-3.1295475223970692,3.9966744416845246,0.0
1780319676.566948891,0.17580387285755883,-1.427154050802299,1.4153867992494715,-3.12982540705722,4.002901068755014,0.0
1780319676.577318907,0.174551498599539,-1.4288387298762917,1.4173454305801292,-3.130099359292284,4.009136768723206,0.0
1780319676.587937355,0.1732903570083687,-1.430518983363191,1.4192957181225172,-3.1303693933264776,4.015381484036091,0.0
1780319676.597343683,0.17202044191614552,-1.4321947881324517,1.4212376596246075,-3.1306355300380413,4.021635304261487,0.0
1780319676.607109785,0.17074181219726448,-1.4338660360624171,1.4231711547142065,-3.1308977771770103,4.027898001904967,0.0
1780319676.617310286,0.16945449686305147,-1.4355326603353422,1.4250961514545262,-3.1311561496239944,4.0341695020148585,0.0
1780319676.627135515,0.16815851399450732,-1.43719460935516,1.4270126158981629,-3.131410665027646,4.0404497866125215,0.0
1780319676.637718201,0.16685388387676703,-1.4388518294319788,1.4289205120222461,-3.131661341054969,4.046738830050334,0.0
1780319676.647898674,0.16554059724469294,-1.440504304645784,1.4308198475268066,-3.131908201325766,4.053036751105516,0.0
1780319676.657663822,0.16421868440366716,-1.4421519693206193,1.4327105731234921,-3.1321512622279393,4.059343480369485,0.0
1780319676.668296337,0.1628881880698192,-1.4437947437100425,1.4345926238476998,-3.1323905385434094,4.065658893643993,0.0
1780319676.676749945,0.16154913745567634,-1.4454325662113554,1.4364659560021067,-3.1326260481773054,4.0719829353891255,0.0
1780319676.686802864,0.1602015921441129,-1.4470653396221298,1.4383304856623302,-3.1328578044080144,4.078315411337427,0.0
1780319676.697458267,0.15884557468563,-1.4486930133352907,1.4401861826359144,-3.1330858276498463,4.084656306302741,0.0
1780319676.706543446,0.15748110481335642,-1.4503155406995205,1.4420330215329076,-3.133310139164238,4.091005620969543,0.0
1780319676.716489315,0.15610819820778932,-1.451932880280264,1.443870983158324,-3.133530761190569,4.0973633772269284,0.0
1780319676.726967096,0.15472687438677712,-1.4535449864451344,1.4457000437886816,-3.1337477156378624,4.103729581400831,0.0
1780319676.736461163,0.15333716069969328,-1.455151804951825,1.447520170213863,-3.13396102353829,4.110104206359633,0.0
1780319676.746582031,0.15193908599286965,-1.4567532805621894,1.4493313284166336,-3.1341707061127604,4.116487221159483,0.0
1780319676.756543159,0.15053268033366396,-1.4583493573985082,1.4511334839802392,-3.1343767848222286,4.122878592387619,0.0
1780319676.766622543,0.14911797483929945,-1.4599399791636705,1.4529266023387344,-3.13457928139787,4.129278284994381,0.0
1780319676.776947975,0.14769500157255988,-1.4615250892756455,1.4547106489284214,-3.1347782178580013,4.13568626280119,0.0
1780319676.786614418,0.14626379348016294,-1.463104630947945,1.456485589277157,-3.13497361651697,4.142102488803193,0.0
1780319676.796688557,0.14482438435834166,-1.464678547236275,1.4582513890547886,-3.1351654999889074,4.148526925342085,0.0
1780319676.806952953,0.14337680883571213,-1.46624678106408,1.4600080140994347,-3.1353538911884895,4.154959534197264,0.0
1780319676.816624403,0.1419211023670729,-1.4678092752351048,1.4617554304289098,-3.1355388133297786,4.161400276625893,0.0
1780319676.826885462,0.14045730123404654,-1.4693659724380694,1.4634936042431717,-3.135720289924015,4.167849113371462,0.0
1780319676.836863279,0.13898544254994283,-1.4709168152467278,1.4652225019215228,-3.1358983447767423,4.174306004653237,0.0
1780319676.846863031,0.13750556426714455,-1.4724617461173457,1.4669420900168746,-3.1360730019846046,4.180770910144581,0.0
1780319676.856792450,0.13601770518594325,-1.4740007073848842,1.4686523352485674,-3.136244285931974,4.187243788945118,0.0
1780319676.866921902,0.1345219049641072,-1.4755336412587123,1.4703532044946348,-3.1364122212875127,4.1937245995499755,0.0
1780319676.877257109,0.13301820412674947,-1.4770604898183226,1.4720446647840784,-3.136576833000735,4.20021329981806,0.0
1780319676.886782885,0.1315066440761966,-1.4785811950093724,1.4737266832894744,-3.1367381462985553,4.206709846940628,0.0
1780319676.897799969,0.12998726710168096,-1.4800956986402092,1.4753992273201142,-3.1368961866819136,4.2132141974108865,0.0
1780319676.907564163,0.12846007370036894,-1.4816039843444617,1.477062310552184,-3.1370509841931904,4.21972648867511,0.0
1780319676.917067528,0.1269251186324909,-1.483105982096701,1.4787158876281785,-3.137202563500542,4.22624662842116,0.0
1780319676.927056313,0.1253825096975597,-1.4846015718275654,1.4803598585829298,-3.137350944708306,4.232774304153278,0.0
1780319676.937958479,0.12383229334547052,-1.4860906951121713,1.481994191747494,-3.1374961545722013,4.239309468616909,0.0
1780319676.947525263,0.12227445889411626,-1.4875733483884481,1.483618915794242,-3.137638225326517,4.245852317125838,0.0
1780319676.957583427,0.12070905716676639,-1.4890494690740992,1.4852339947633153,-3.137777183593896,4.2524027875910475,0.0
1780319676.966660738,0.11913615186612447,-1.4905189834599328,1.4868393808374114,-3.1379130552662096,4.258960767608448,0.0
1780319676.976491451,0.11755584734466851,-1.4919817816404537,1.488434987105073,-3.138045863337656,4.2655259801816054,0.0
1780319676.987314463,0.11596818756758687,-1.4934378114315674,1.4900207900656064,-3.138175636491442,4.272098404118294,0.0
1780319676.996791124,0.1143732059862197,-1.4948870306432953,1.4915967772813337,-3.1383024044798637,4.278678064126681,0.0
1780319677.006569862,0.11277094392330334,-1.496329390138297,1.4931629289096422,-3.13842619659764,4.285264954578794,0.0
1780319677.017116547,0.11116144806713923,-1.4977648363633618,1.4947192204988398,-3.138547041946296,4.291859050290223,0.0
1780319677.026770830,0.10954476887017606,-1.4991933129540058,1.496265624755786,-3.1386649695971847,4.298460313382293,0.0
1780319677.036629915,0.1079209595260755,-1.500614761751689,1.4978021126629373,-3.1387800086913056,4.305068697648528,0.0
1780319677.046786070,0.1062900753168814,-1.5020291234487209,1.4993286541836535,-3.1388921884997223,4.311684151330731,0.0
1780319677.056897402,0.10465217319702869,-1.5034363379971873,1.5008452187069048,-3.139001538459318,4.318306618881271,0.0
1780319677.066850901,0.10300731152891629,-1.5048363448682949,1.5023517753270337,-3.1391080881932036,4.324936042079075,0.0
1780319677.076955318,0.10135554991548079,-1.5062290832168896,1.5038482930191412,-3.139211867521664,4.3315723607334995,0.0
1780319677.086794853,0.09969694909480475,-1.507614491986022,1.5053347407484603,-3.139312906466874,4.338215513125578,0.0
1780319677.097075224,0.09803157087437975,-1.5089925099735089,1.5068110875380305,-3.1394112352540597,4.344865436281903,0.0
1780319677.106640100,0.0963594780906536,-1.510363075874583,1.508277302510092,-3.139506884310222,4.351522066142077,0.0
1780319677.116975307,0.09468073458465343,-1.5117261283094896,1.5097333549109646,-3.139599884261442,4.358185337658628,0.0
1780319677.127390146,0.09299540640213211,-1.5130816048696598,1.511179213089477,-3.1396902658650854,4.364855180055224,0.0
1780319677.137672186,0.0913035869732024,-1.5144294222052714,1.5126148233053252,-3.1397780587313204,4.371531417672997,0.0
1780319677.147380352,0.08960529203993417,-1.5157695595437204,1.5140401986499936,-3.139863296724276,4.378214184309218,0.0
1780319677.156798601,0.08790059248333115,-1.517101952416538,1.5154553057743327,-3.1399460109627513,4.384903398381903,0.0
1780319677.167436600,0.08618960651780494,-1.5184265007168136,1.5168600737558489,-3.140026230631047,4.3915987964296015,0.0
1780319677.177686691,0.08447239963704578,-1.5197431467604732,1.51825447697303,-3.1401039877916923,4.398300325481537,0.0
1780319677.186722994,0.08274897175758844,-1.5210518830144872,1.5196385429468364,-3.1401793174986614,4.40500819016062,0.0
1780319677.196821690,0.08101939903117117,-1.522352643543016,1.5210122374030297,-3.1402522514134956,4.411722299525621,0.0
1780319677.206668139,0.07928371286901092,-1.5236453964364731,1.522375562108847,-3.1403228232130305,4.418442738747562,0.0
1780319677.216808081,0.07754192798907233,-1.5249301215832727,1.5237285312244921,-3.140391067169026,4.425169658682206,0.0
1780319677.226527929,0.07579406210038897,-1.5262067957537546,1.5250711555383294,-3.1404570172994952,4.431903199356343,0.0
1780319677.236992836,0.07404013691503564,-1.5274753919733737,1.526403441829545,-3.140520707358151,4.43864348627812,0.0
1780319677.246647358,0.07228017828457589,-1.528735879560288,1.527725392932124,-3.140582170860809,4.445390630147672,0.0
1780319677.257508993,0.07051421640758404,-1.52998822411561,1.5290370077484263,-3.140641441108699,4.452144726293106,0.0
1780319677.267084122,0.06874225206216433,-1.531232411256532,1.530338306078229,-3.1406985522844235,4.458905983595434,0.0
1780319677.277063370,0.06696436346015955,-1.532468371668779,1.5316292502451616,-3.140753536025818,4.46567431691668,0.0
1780319677.287796736,0.06518060898853428,-1.533696050383151,1.5329098176927412,-3.1408064247456347,4.472449719476286,0.0
1780319677.297408819,0.0633909673697799,-1.5349154466301638,1.5341800423658587,-3.1408572531582553,4.479232488520346,0.0
1780319677.307324886,0.061595492192376256,-1.5361265073883823,1.5354399036630022,-3.140906053683559,4.486022638290328,0.0
1780319677.317420244,0.059794296674804626,-1.537329140056718,1.5366893399516033,-3.1409528572900474,4.492819960555264,0.0
1780319677.327739954,0.057987397466281454,-1.5385233171547128,1.5379283573930191,-3.140997697619604,4.499624614551786,0.0
1780319677.337458611,0.056174834331758516,-1.5397089951391596,1.5391569454259357,-3.1410406076540665,4.5064366738547905,0.0
1780319677.347856045,0.05435671925554453,-1.540886083543156,1.5403750449561406,-3.1410816187660973,4.5132559433019885,0.0
1780319677.357107401,0.052533060791059905,-1.542054559328336,1.5415826667722043,-3.141120764782716,4.52008261852877,0.0
1780319677.367675781,0.05070396009897937,-1.5432143397574984,1.5427797599564903,-3.1411580775234,4.526916550452523,0.0
1780319677.376662970,0.048869478852084924,-1.5443653678954945,1.543966300357948,-3.1411935897722993,4.5337577407100005,0.0
1780319677.386559486,0.04702966422558719,-1.5455075958409372,1.5451422731625268,-3.1412273346167465,4.540606247307145,0.0
1780319677.396428347,0.045184570510350186,-1.5466409710219597,1.5463076587464326,-3.141259345004809,4.547462103894344,0.0
1780319677.406698465,0.043334255953440204,-1.547765438319173,1.5474624348799448,-3.14128965382616,4.554325331719866,0.0
1780319677.416606426,0.041478781987616786,-1.5488809406339197,1.548606577320634,-3.141318293937025,4.5611959426099675,0.0
1780319677.426527262,0.039618213110139466,-1.5499874190410292,1.5497400599764592,-3.1413452981705317,4.568073939514224,0.0
1780319677.436701775,0.037752615920729315,-1.5510848134276358,1.5508628555644102,-3.1413706993565373,4.574959320141115,0.0
1780319677.446484089,0.03588205783490461,-1.5521730632816748,1.5519749364169073,-3.1413945303395225,4.581852081749727,0.0
1780319677.456516981,0.034006609294988666,-1.5532521064290608,1.553076273189724,-3.1414168239493505,4.5887522130358676,0.0
1780319677.466797352,0.03212634039352813,-1.554321881016743,1.554166836886025,-3.1414376130422386,4.59565970660184,0.0
1780319677.476719141,0.03024132506635846,-1.5553823231315018,1.555246596424582,-3.141456930450174,4.602574543565642,0.0
1780319677.486909389,0.02835164384465294,-1.5564333653757494,1.5563155171978655,-3.1414748089632254,4.60949668357628,0.0
1780319677.496693373,0.026457354421644208,-1.5574749531424423,1.5573735776083986,-3.1414912815909535,4.616426172560965,0.0
1780319677.506689548,0.024558533178756337,-1.5585070214280972,1.558420745473418,-3.1415063811540813,4.623362990550483,0.0
1780319677.516480207,0.022655256530340617,-1.5595295053629696,1.5594569887452674,-3.1415201404746944,4.630307120149009,0.0
1780319677.526554108,0.020747601686747164,-1.5605423397843365,1.560482275071697,-3.141532592363273,4.637258543743732,0.0
1780319677.536796570,0.01883565191268266,-1.5615454564942324,1.5614965690190226,-3.141543769584086,4.6442172243845325,0.0
1780319677.546613693,0.016919484858329836,-1.5625387904365153,1.5624998383173843,-3.1415537049234366,4.651183148295827,0.0
1780319677.556577444,0.014999166081761883,-1.5635222827934747,1.563492056957694,-3.1415624311899357,4.658156348255482,0.0
1780319677.566658735,0.013074848160675057,-1.5644958307508148,1.5644731545527002,-3.1415699808100985,4.665136544030206,0.0
1780319677.576781988,0.011147471792923636,-1.5654589420140992,1.5654426689817844,-3.1415763839558846,4.6721206047490025,0.0
1780319677.586775780,0.00921827783297835,-1.5664109984887418,1.5664000135010572,-3.1415816719782064,4.679104328198343,0.0
1780319677.596755981,0.00728828624142519,-1.5673515177011748,1.567344739808481,-3.1415858790489417,4.6860843280111455,0.0
1780319677.607408285,0.005358349642081706,-1.568280120174375,1.568276504525922,-3.141589041267278,4.693057834827002,0.0
1780319677.616931915,0.0034293468393589155,-1.569196432776451,1.5691949717666787,-3.1415911958779397,4.700021993882286,0.0
1780319677.627536058,0.0015025011353120288,-1.5700999410671077,1.5700996652795425,-3.1415923810699007,4.706972716310514,0.0
1780319677.637174368,-0.0004217107108237528,-1.5709905012278806,1.5709904809311335,-3.141592636528681,4.71390861372235,0.0
1780319677.647481441,-0.0023437311193665877,-1.5718683955475443,1.5718677401891368,-3.1415920014334797,4.720831608557739,0.0
1780319677.657081127,-0.004263837034636175,-1.5727338190503035,1.5727316757598055,-3.1415905134666264,4.727743019678732,0.0
1780319677.668185711,-0.006181960888250515,-1.5735868055280617,1.5735823583216477,-3.1415882095148255,4.73464292121966,0.0
1780319677.677633762,-0.008098026039125017,-1.5744273841042755,1.5744198532417777,-3.1415851258220266,4.74153135229511,0.0
1780319677.687956095,-0.010011775380680099,-1.57525550587399,1.5752441476163508,-3.141581298389363,4.748407701445791,0.0
1780319677.696795225,-0.01192302299430903,-1.57607115594171,1.576055262001026,-3.1415767626682247,4.755271611773278,0.0
1780319677.706423044,-0.013831448405372981,-1.5768742653269694,1.5768531627650535,-3.141571554008291,4.762122241723282,0.0
1780319677.716992378,-0.015248539557356722,-1.5774632922704717,1.5774379008588768,-3.1415672645631223,4.767207281295793,0.0
1780319677.726628065,-0.015303152824873933,-1.57748586846182,1.5774603043552855,-3.1415670907472073,4.767403223805769,0.0
1780319677.736894369,-0.015303152824873933,-1.57748586846182,1.5774603043552855,-3.1415670907472073,4.767403223805769,0.0
1780319677.746828794,-0.015303152824873933,-1.57748586846182,1.5774603043552855,-3.1415670907472073,4.767403223805769,0.0
1780319677.756797552,-0.015303152824873933,-1.57748586846182,1.5774603043552855,-3.1415670907472073,4.767403223805769,0.0
1780319677.766911745,-0.015303152824873933,-1.57748586846182,1.5774603043552855,-3.1415670907472073,4.767403223805769,0.0
1780319677.777003050,-0.015303152824873933,-1.57748586846182,1.5774603043552855,-3.1415670907472073,4.767403223805769,0.0
1780319677.786937475,-0.015303152824873933,-1.57748586846182,1.5774603043552855,-3.1415670907472073,4.767403223805769,0.0
1780319677.797087431,-0.015303152824873933,-1.57748586846182,1.5774603043552855,-3.1415670907472073,4.767403223805769,0.0
1780319677.807084799,-0.015303152824873933,-1.57748586846182,1.5774603043552855,-3.1415670907472073,4.767403223805769,0.0
1780319677.817008257,-0.015303152824873933,-1.57748586846182,1.5774603043552855,-3.1415670907472073,4.767403223805769,0.0
1780319677.826949835,-0.015303152824873933,-1.57748586846182,1.5774603043552855,-3.1415670907472073,4.767403223805769,0.0
1780319677.837452888,-0.015303152824873933,-1.57748586846182,1.5774603043552855,-3.1415670907472073,4.767403223805769,0.0
1780319677.846947908,-0.015303152824873933,-1.57748586846182,1.5774603043552855,-3.1415670907472073,4.767403223805769,0.0
1780319677.858510733,-0.015303152824873933,-1.57748586846182,1.5774603043552855,-3.1415670907472073,4.767403223805769,0.0
1780319677.867900610,-0.015303152824873933,-1.57748586846182,1.5774603043552855,-3.1415670907472073,4.767403223805769,0.0
1780319677.878265619,-0.015303152824873933,-1.57748586846182,1.5774603043552855,-3.1415670907472073,4.767403223805769,0.0
1780319677.887609243,-0.015303152824873933,-1.57748586846182,1.5774603043552855,-3.1415670907472073,4.767403223805769,0.0
1780319677.896726608,-0.015303152824873933,-1.57748586846182,1.5774603043552855,-3.1415670907472073,4.767403223805769,0.0
1780319677.907306433,-0.015303152824873933,-1.57748586846182,1.5774603043552855,-3.1415670907472073,4.767403223805769,0.0
1780319677.917261362,-0.015303152824873933,-1.57748586846182,1.5774603043552855,-3.1415670907472073,4.767403223805769,0.0
1780319677.927022457,-0.015303152824873933,-1.57748586846182,1.5774603043552855,-3.1415670907472073,4.767403223805769,0.0
1780319677.936695337,-0.015303152824873933,-1.57748586846182,1.5774603043552855,-3.1415670907472073,4.767403223805769,0.0
1780319677.947131395,-0.015303152824873933,-1.57748586846182,1.5774603043552855,-3.1415670907472073,4.767403223805769,0.0
1780319677.956531763,-0.015303152824873933,-1.57748586846182,1.5774603043552855,-3.1415670907472073,4.767403223805769,0.0
1780319677.966505527,-0.015303152824873933,-1.57748586846182,1.5774603043552855,-3.1415670907472073,4.767403223805769,0.0
1780319677.976939440,-0.015303152824873933,-1.57748586846182,1.5774603043552855,-3.1415670907472073,4.767403223805769,0.0
1780319677.986590385,-0.015303152824873933,-1.57748586846182,1.5774603043552855,-3.1415670907472073,4.767403223805769,0.0
1780319677.996732712,-0.015303152824873933,-1.57748586846182,1.5774603043552855,-3.1415670907472073,4.767403223805769,0.0
1780319678.006555319,-0.015303152824873933,-1.57748586846182,1.5774603043552855,-3.1415670907472073,4.767403223805769,0.0
1780319678.016628265,-0.015303152824873933,-1.57748586846182,1.5774603043552855,-3.1415670907472073,4.767403223805769,0.0
1780319678.026640654,-0.015303152824873933,-1.57748586846182,1.5774603043552855,-3.1415670907472073,4.767403223805769,0.0
1780319678.036621094,-0.015303152824873933,-1.57748586846182,1.5774603043552855,-3.1415670907472073,4.767403223805769,0.0
1780319678.046660662,-0.015303152824873933,-1.57748586846182,1.5774603043552855,-3.1415670907472073,4.767403223805769,0.0
1780319678.056736469,-0.015303152824873933,-1.57748586846182,1.5774603043552855,-3.1415670907472073,4.767403223805769,0.0
1780319678.066495895,-0.015303152824873933,-1.57748586846182,1.5774603043552855,-3.1415670907472073,4.767403223805769,0.0
1780319678.076465607,-0.015303152824873933,-1.57748586846182,1.5774603043552855,-3.1415670907472073,4.767403223805769,0.0
1780319678.086524248,-0.015303152824873933,-1.57748586846182,1.5774603043552855,-3.1415670907472073,4.767403223805769,0.0
1780319678.096477509,-0.015303152824873933,-1.57748586846182,1.5774603043552855,-3.1415670907472073,4.767403223805769,0.0
1780319678.106706142,-0.015303152824873933,-1.57748586846182,1.5774603043552855,-3.1415670907472073,4.767403223805769,0.0
1780319678.116628885,-0.015303152824873933,-1.57748586846182,1.5774603043552855,-3.1415670907472073,4.767403223805769,0.0
1780319678.126543283,-0.015303152824873933,-1.57748586846182,1.5774603043552855,-3.1415670907472073,4.767403223805769,0.0
1780319678.136741400,-0.015303152824873933,-1.57748586846182,1.5774603043552855,-3.1415670907472073,4.767403223805769,0.0
1780319678.146524429,-0.015303152824873933,-1.57748586846182,1.5774603043552855,-3.1415670907472073,4.767403223805769,0.0
1780319678.156681061,-0.015303152824873933,-1.57748586846182,1.5774603043552855,-3.1415670907472073,4.767403223805769,0.0
1780319678.166568279,-0.015303152824873933,-1.57748586846182,1.5774603043552855,-3.1415670907472073,4.767403223805769,0.0
1780319678.176663160,-0.015303152824873933,-1.57748586846182,1.5774603043552855,-3.1415670907472073,4.767403223805769,0.0
1780319678.186751366,-0.015303152824873933,-1.57748586846182,1.5774603043552855,-3.1415670907472073,4.767403223805769,0.0
1780319678.196790934,-0.015303152824873933,-1.57748586846182,1.5774603043552855,-3.1415670907472073,4.767403223805769,0.0
1780319678.206668377,-0.015303152824873933,-1.57748586846182,1.5774603043552855,-3.1415670907472073,4.767403223805769,0.0
1780319678.216942072,-0.015303152824873933,-1.57748586846182,1.5774603043552855,-3.1415670907472073,4.767403223805769,0.0
1780319678.226920128,-0.015303152824873933,-1.57748586846182,1.5774603043552855,-3.1415670907472073,4.767403223805769,0.0
1780319678.236597776,-0.015303152824873933,-1.57748586846182,1.5774603043552855,-3.1415670907472073,4.767403223805769,0.0
1780319678.246951818,-0.015303152824873933,-1.57748586846182,1.5774603043552855,-3.1415670907472073,4.767403223805769,0.0
1780319678.256639242,-0.015303152824873933,-1.57748586846182,1.5774603043552855,-3.1415670907472073,4.767403223805769,0.0
1780319678.267338753,-0.015303152824873933,-1.57748586846182,1.5774603043552855,-3.1415670907472073,4.767403223805769,0.0
1780319678.276932240,-0.015303152824873933,-1.57748586846182,1.5774603043552855,-3.1415670907472073,4.767403223805769,0.0
1780319678.286879778,-0.015303152824873933,-1.57748586846182,1.5774603043552855,-3.1415670907472073,4.767403223805769,0.0
1780319678.297164679,-0.015303152824873933,-1.57748586846182,1.5774603043552855,-3.1415670907472073,4.767403223805769,0.0
1780319678.306578398,-0.015303152824873933,-1.57748586846182,1.5774603043552855,-3.1415670907472073,4.767403223805769,0.0
1780319678.316855669,-0.015303152824873933,-1.57748586846182,1.5774603043552855,-3.1415670907472073,4.767403223805769,0.0
1780319678.326740742,-0.015303152824873933,-1.57748586846182,1.5774603043552855,-3.1415670907472073,4.767403223805769,0.0
1780319678.337040186,-0.015303152824873933,-1.57748586846182,1.5774603043552855,-3.1415670907472073,4.767403223805769,0.0
1780319678.347749710,-0.015303152824873933,-1.57748586846182,1.5774603043552855,-3.1415670907472073,4.767403223805769,0.0
1780319678.357076406,-0.015303152824873933,-1.57748586846182,1.5774603043552855,-3.1415670907472073,4.767403223805769,0.0
1780319678.367404938,-0.015303152824873933,-1.57748586846182,1.5774603043552855,-3.1415670907472073,4.767403223805769,0.0
1780319678.377978563,-0.015303152824873933,-1.57748586846182,1.5774603043552855,-3.1415670907472073,4.767403223805769,0.0
1780319678.387279034,-0.015303152824873933,-1.57748586846182,1.5774603043552855,-3.1415670907472073,4.767403223805769,0.0
1780319678.397386551,-0.015303152824873933,-1.57748586846182,1.5774603043552855,-3.1415670907472073,4.767403223805769,0.0
1780319678.406923771,-0.015303152824873933,-1.57748586846182,1.5774603043552855,-3.1415670907472073,4.767403223805769,0.0
1780319678.416874647,-0.015303152824873933,-1.57748586846182,1.5774603043552855,-3.1415670907472073,4.767403223805769,0.0
1780319678.427656889,-0.015303152824873933,-1.57748586846182,1.5774603043552855,-3.1415670907472073,4.767403223805769,0.0
1780319678.436603546,-0.015303152824873933,-1.57748586846182,1.5774603043552855,-3.1415670907472073,4.767403223805769,0.0
1780319678.446513891,-0.015303152824873933,-1.57748586846182,1.5774603043552855,-3.1415670907472073,4.767403223805769,0.0
1780319678.456674099,-0.015303152824873933,-1.57748586846182,1.5774603043552855,-3.1415670907472073,4.767403223805769,0.0
1780319678.466683388,-0.015303152824873933,-1.57748586846182,1.5774603043552855,-3.1415670907472073,4.767403223805769,0.0
1780319678.476809263,-0.015303152824873933,-1.57748586846182,1.5774603043552855,-3.1415670907472073,4.767403223805769,0.0
1780319678.486674547,-0.015303152824873933,-1.57748586846182,1.5774603043552855,-3.1415670907472073,4.767403223805769,0.0
1780319678.496784449,-0.015303152824873933,-1.57748586846182,1.5774603043552855,-3.1415670907472073,4.767403223805769,0.0
1780319678.506479502,-0.015303152824873933,-1.57748586846182,1.5774603043552855,-3.1415670907472073,4.767403223805769,0.0
1780319678.516512632,-0.015303152824873933,-1.57748586846182,1.5774603043552855,-3.1415670907472073,4.767403223805769,0.0
1780319678.526620388,-0.015303152824873933,-1.57748586846182,1.5774603043552855,-3.1415670907472073,4.767403223805769,0.0
1780319678.536702871,-0.015303152824873933,-1.57748586846182,1.5774603043552855,-3.1415670907472073,4.767403223805769,0.0
1780319678.546788454,-0.015303152824873933,-1.57748586846182,1.5774603043552855,-3.1415670907472073,4.767403223805769,0.0
1780319678.556894302,-0.015303152824873933,-1.57748586846182,1.5774603043552855,-3.1415670907472073,4.767403223805769,0.0
1780319678.566693783,-0.015303152824873933,-1.57748586846182,1.5774603043552855,-3.1415670907472073,4.767403223805769,0.0
1780319678.576756954,-0.015303152824873933,-1.57748586846182,1.5774603043552855,-3.1415670907472073,4.767403223805769,0.0
1780319678.587044954,-0.015303152824873933,-1.57748586846182,1.5774603043552855,-3.1415670907472073,4.767403223805769,0.0
1780319678.597095490,-0.015303152824873933,-1.57748586846182,1.5774603043552855,-3.1415670907472073,4.767403223805769,0.0
1780319678.607260942,-0.015303152824873933,-1.57748586846182,1.5774603043552855,-3.1415670907472073,4.767403223805769,0.0
1780319678.617175341,-0.015303152824873933,-1.57748586846182,1.5774603043552855,-3.1415670907472073,4.767403223805769,0.0
1780319678.627211332,-0.015303152824873933,-1.57748586846182,1.5774603043552855,-3.1415670907472073,4.767403223805769,0.0
1780319678.637435913,-0.015303152824873933,-1.57748586846182,1.5774603043552855,-3.1415670907472073,4.767403223805769,0.0
1780319678.647211075,-0.015303152824873933,-1.57748586846182,1.5774603043552855,-3.1415670907472073,4.767403223805769,0.0
1780319678.657441616,-0.015303152824873933,-1.57748586846182,1.5774603043552855,-3.1415670907472073,4.767403223805769,0.0
1780319678.667595625,-0.015303152824873933,-1.57748586846182,1.5774603043552855,-3.1415670907472073,4.767403223805769,0.0
1780319678.677756071,-0.015303152824873933,-1.57748586846182,1.5774603043552855,-3.1415670907472073,4.767403223805769,0.0
1780319678.687407017,-0.015303152824873933,-1.57748586846182,1.5774603043552855,-3.1415670907472073,4.767403223805769,0.0
1780319678.697174549,-0.015303152824873933,-1.57748586846182,1.5774603043552855,-3.1415670907472073,4.767403223805769,0.0
1780319678.707500219,-0.015303152824873933,-1.57748586846182,1.5774603043552855,-3.1415670907472073,4.767403223805769,0.0
1780319678.716350317,-0.015303152824873933,-1.57748586846182,1.5774603043552855,-3.1415670907472073,4.767403223805769,0.0
1780319678.726502180,-0.015303152824873933,-1.57748586846182,1.5774603043552855,-3.1415670907472073,4.767403223805769,0.0
1780319678.736363411,-0.015303152824873933,-1.57748586846182,1.5774603043552855,-3.1415670907472073,4.767403223805769,0.0
1780319678.746491909,-0.015303152824873933,-1.57748586846182,1.5774603043552855,-3.1415670907472073,4.767403223805769,0.0
1780319678.756724834,-0.015303152824873933,-1.57748586846182,1.5774603043552855,-3.1415670907472073,4.767403223805769,0.0
1780319678.766704082,-0.015303152824873933,-1.57748586846182,1.5774603043552855,-3.1415670907472073,4.767403223805769,0.0
1780319678.776720047,-0.015303152824873933,-1.57748586846182,1.5774603043552855,-3.1415670907472073,4.767403223805769,0.0
1780319678.786704063,-0.015303152824873933,-1.57748586846182,1.5774603043552855,-3.1415670907472073,4.767403223805769,0.0
1780319678.796684504,-0.015303152824873933,-1.57748586846182,1.5774603043552855,-3.1415670907472073,4.767403223805769,0.0
1780319678.806599855,-0.015303152824873933,-1.57748586846182,1.5774603043552855,-3.1415670907472073,4.767403223805769,0.0
1780319678.816863298,-0.015303152824873933,-1.57748586846182,1.5774603043552855,-3.1415670907472073,4.767403223805769,0.0
1780319678.826854229,-0.015303152824873933,-1.57748586846182,1.5774603043552855,-3.1415670907472073,4.767403223805769,0.0
1780319678.836664677,-0.015303152824873933,-1.57748586846182,1.5774603043552855,-3.1415670907472073,4.767403223805769,0.0
1780319678.846748352,-0.015303152824873933,-1.57748586846182,1.5774603043552855,-3.1415670907472073,4.767403223805769,0.0
1780319678.856966019,-0.015303152824873933,-1.57748586846182,1.5774603043552855,-3.1415670907472073,4.767403223805769,0.0
1780319678.867054939,-0.015303152824873933,-1.57748586846182,1.5774603043552855,-3.1415670907472073,4.767403223805769,0.0
1780319678.877018213,-0.015303152824873933,-1.57748586846182,1.5774603043552855,-3.1415670907472073,4.767403223805769,0.0
1780319678.887379646,-0.015303152824873933,-1.57748586846182,1.5774603043552855,-3.1415670907472073,4.767403223805769,0.0
1780319678.897294760,-0.015303152824873933,-1.57748586846182,1.5774603043552855,-3.1415670907472073,4.767403223805769,0.0
1780319678.907817364,-0.015303152824873933,-1.57748586846182,1.5774603043552855,-3.1415670907472073,4.767403223805769,0.0
1780319678.917611122,-0.015303152824873933,-1.57748586846182,1.5774603043552855,-3.1415670907472073,4.767403223805769,0.0
1780319678.927633286,-0.015303152824873933,-1.57748586846182,1.5774603043552855,-3.1415670907472073,4.767403223805769,0.0
1780319678.937523842,-0.015303152824873933,-1.57748586846182,1.5774603043552855,-3.1415670907472073,4.767403223805769,0.0
1780319678.947600603,-0.015303152824873933,-1.57748586846182,1.5774603043552855,-3.1415670907472073,4.767403223805769,0.0
1780319678.957624197,-0.015303152824873933,-1.57748586846182,1.5774603043552855,-3.1415670907472073,4.767403223805769,0.0
1780319678.967529297,-0.015303152824873933,-1.57748586846182,1.5774603043552855,-3.1415670907472073,4.767403223805769,0.0
1780319678.977803469,-0.015303152824873933,-1.57748586846182,1.5774603043552855,-3.1415670907472073,4.767403223805769,0.0
1780319678.987399340,-0.015303152824873933,-1.57748586846182,1.5774603043552855,-3.1415670907472073,4.767403223805769,0.0
1780319678.997094154,-0.015303152824873933,-1.57748586846182,1.5774603043552855,-3.1415670907472073,4.767403223805769,0.0
1780319679.006878138,-0.015303152824873933,-1.57748586846182,1.5774603043552855,-3.1415670907472073,4.767403223805769,0.0
1780319679.016551733,-0.015303152824873933,-1.57748586846182,1.5774603043552855,-3.1415670907472073,4.767403223805769,0.0
1780319679.026664734,-0.015303152824873933,-1.57748586846182,1.5774603043552855,-3.1415670907472073,4.767403223805769,0.0
1780319679.036590338,-0.015303152824873933,-1.57748586846182,1.5774603043552855,-3.1415670907472073,4.767403223805769,0.0
1780319679.046698093,-0.015303152824873933,-1.57748586846182,1.5774603043552855,-3.1415670907472073,4.767403223805769,0.0
1780319679.056769371,-0.015303152824873933,-1.57748586846182,1.5774603043552855,-3.1415670907472073,4.767403223805769,0.0
1780319679.066743374,-0.015303152824873933,-1.57748586846182,1.5774603043552855,-3.1415670907472073,4.767403223805769,0.0
1780319679.076990366,-0.015303152824873933,-1.57748586846182,1.5774603043552855,-3.1415670907472073,4.767403223805769,0.0
1780319679.086744547,-0.015303152824873933,-1.57748586846182,1.5774603043552855,-3.1415670907472073,4.767403223805769,0.0
1780319679.096937418,-0.015303152824873933,-1.57748586846182,1.5774603043552855,-3.1415670907472073,4.767403223805769,0.0
1780319679.106560469,-0.015303152824873933,-1.57748586846182,1.5774603043552855,-3.1415670907472073,4.767403223805769,0.0
1780319679.116789818,-0.015303152824873933,-1.57748586846182,1.5774603043552855,-3.1415670907472073,4.767403223805769,0.0
1780319679.126480818,-0.015303152824873933,-1.57748586846182,1.5774603043552855,-3.1415670907472073,4.767403223805769,0.0
1780319679.136782885,-0.015303152824873933,-1.57748586846182,1.5774603043552855,-3.1415670907472073,4.767403223805769,0.0
1780319679.146792412,-0.015303152824873933,-1.57748586846182,1.5774603043552855,-3.1415670907472073,4.767403223805769,0.0
1780319679.156691313,-0.015303152824873933,-1.57748586846182,1.5774603043552855,-3.1415670907472073,4.767403223805769,0.0
1780319679.166719675,-0.015303152824873933,-1.57748586846182,1.5774603043552855,-3.1415670907472073,4.767403223805769,0.0
1780319679.176914692,-0.015303152824873933,-1.57748586846182,1.5774603043552855,-3.1415670907472073,4.767403223805769,0.0
1780319679.187064648,-0.015303152824873933,-1.57748586846182,1.5774603043552855,-3.1415670907472073,4.767403223805769,0.0
1780319679.196702719,-0.015303152824873933,-1.57748586846182,1.5774603043552855,-3.1415670907472073,4.767403223805769,0.0
1780319679.207615852,-0.015303152824873933,-1.57748586846182,1.5774603043552855,-3.1415670907472073,4.767403223805769,0.0
1780319679.217250586,-0.015303152824873933,-1.57748586846182,1.5774603043552855,-3.1415670907472073,4.767403223805769,0.0
1780319679.227447987,-0.015303152824873933,-1.57748586846182,1.5774603043552855,-3.1415670907472073,4.767403223805769,0.0
1780319679.236743212,-0.015303152824873933,-1.57748586846182,1.5774603043552855,-3.1415670907472073,4.767403223805769,0.0
1780319679.246879339,-0.015303152824873933,-1.57748586846182,1.5774603043552855,-3.1415670907472073,4.767403223805769,0.0
1780319679.257324934,-0.015303152824873933,-1.57748586846182,1.5774603043552855,-3.1415670907472073,4.767403223805769,0.0
1780319679.266728163,-0.015303152824873933,-1.57748586846182,1.5774603043552855,-3.1415670907472073,4.767403223805769,0.0
1780319679.276970387,-0.015303152824873933,-1.57748586846182,1.5774603043552855,-3.1415670907472073,4.767403223805769,0.0
1780319679.286714554,-0.015303152824873933,-1.57748586846182,1.5774603043552855,-3.1415670907472073,4.767403223805769,0.0
1780319679.296985388,-0.015303152824873933,-1.57748586846182,1.5774603043552855,-3.1415670907472073,4.767403223805769,0.0
1780319679.307076931,-0.015303152824873933,-1.57748586846182,1.5774603043552855,-3.1415670907472073,4.767403223805769,0.0
1780319679.317167044,-0.015303152824873933,-1.57748586846182,1.5774603043552855,-3.1415670907472073,4.767403223805769,0.0
1780319679.326976299,-0.015303152824873933,-1.57748586846182,1.5774603043552855,-3.1415670907472073,4.767403223805769,0.0
1780319679.337222099,-0.015303152824873933,-1.57748586846182,1.5774603043552855,-3.1415670907472073,4.767403223805769,0.0
1780319679.347152472,-0.015303152824873933,-1.57748586846182,1.5774603043552855,-3.1415670907472073,4.767403223805769,0.0
1780319679.357589006,-0.015303152824873933,-1.57748586846182,1.5774603043552855,-3.1415670907472073,4.767403223805769,0.0
1780319679.367838621,-0.015303152824873933,-1.57748586846182,1.5774603043552855,-3.1415670907472073,4.767403223805769,0.0
1780319679.377298594,-0.015303152824873933,-1.57748586846182,1.5774603043552855,-3.1415670907472073,4.767403223805769,0.0
1780319679.387572765,-0.015303152824873933,-1.57748586846182,1.5774603043552855,-3.1415670907472073,4.767403223805769,0.0
1780319679.397499561,-0.015303152824873933,-1.57748586846182,1.5774603043552855,-3.1415670907472073,4.767403223805769,0.0
1780319679.407408953,-0.015303152824873933,-1.57748586846182,1.5774603043552855,-3.1415670907472073,4.767403223805769,0.0
1780319679.418485403,-0.015303152824873933,-1.57748586846182,1.5774603043552855,-3.1415670907472073,4.767403223805769,0.0
1780319679.426398754,-0.015303152824873933,-1.57748586846182,1.5774603043552855,-3.1415670907472073,4.767403223805769,0.0
1780319679.436795235,-0.015303152824873933,-1.57748586846182,1.5774603043552855,-3.1415670907472073,4.767403223805769,0.0
1780319679.446391582,-0.015303152824873933,-1.57748586846182,1.5774603043552855,-3.1415670907472073,4.767403223805769,0.0
1780319679.456466198,-0.015303152824873933,-1.57748586846182,1.5774603043552855,-3.1415670907472073,4.767403223805769,0.0
1780319679.466657400,-0.015303152824873933,-1.57748586846182,1.5774603043552855,-3.1415670907472073,4.767403223805769,0.0
1780319679.476684809,-0.015303152824873933,-1.57748586846182,1.5774603043552855,-3.1415670907472073,4.767403223805769,0.0
1780319679.486577749,-0.015303152824873933,-1.57748586846182,1.5774603043552855,-3.1415670907472073,4.767403223805769,0.0
1780319679.497925758,-0.015303152824873933,-1.57748586846182,1.5774603043552855,-3.1415670907472073,4.767403223805769,0.0
1780319679.506977081,-0.015303152824873933,-1.57748586846182,1.5774603043552855,-3.1415670907472073,4.767403223805769,0.0
1780319679.516860723,-0.015303152824873933,-1.57748586846182,1.5774603043552855,-3.1415670907472073,4.767403223805769,0.0
1780319679.526861191,-0.015303152824873933,-1.57748586846182,1.5774603043552855,-3.1415670907472073,4.767403223805769,0.0
1780319679.536608696,-0.015303152824873933,-1.57748586846182,1.5774603043552855,-3.1415670907472073,4.767403223805769,0.0
1780319679.546948433,-0.015303152824873933,-1.57748586846182,1.5774603043552855,-3.1415670907472073,4.767403223805769,0.0
1780319679.557084799,-0.015303152824873933,-1.57748586846182,1.5774603043552855,-3.1415670907472073,4.767403223805769,0.0
1780319679.566783667,-0.015303152824873933,-1.57748586846182,1.5774603043552855,-3.1415670907472073,4.767403223805769,0.0
1780319679.577039003,-0.015303152824873933,-1.57748586846182,1.5774603043552855,-3.1415670907472073,4.767403223805769,0.0
1780319679.586854935,-0.015303152824873933,-1.57748586846182,1.5774603043552855,-3.1415670907472073,4.767403223805769,0.0
1780319679.597143173,-0.015303152824873933,-1.57748586846182,1.5774603043552855,-3.1415670907472073,4.767403223805769,0.0
1780319679.606824398,-0.015303152824873933,-1.57748586846182,1.5774603043552855,-3.1415670907472073,4.767403223805769,0.0
1780319679.617193222,-0.015303152824873933,-1.57748586846182,1.5774603043552855,-3.1415670907472073,4.767403223805769,0.0
1780319679.627153158,-0.015303152824873933,-1.57748586846182,1.5774603043552855,-3.1415670907472073,4.767403223805769,0.0
1780319679.637637854,-0.015303152824873933,-1.57748586846182,1.5774603043552855,-3.1415670907472073,4.767403223805769,0.0
1780319679.647743225,-0.015303152824873933,-1.57748586846182,1.5774603043552855,-3.1415670907472073,4.767403223805769,0.0
1780319679.657164574,-0.015303152824873933,-1.57748586846182,1.5774603043552855,-3.1415670907472073,4.767403223805769,0.0
1780319679.668192863,-0.015303152824873933,-1.57748586846182,1.5774603043552855,-3.1415670907472073,4.767403223805769,0.0
1780319679.676552773,-0.015303152824873933,-1.57748586846182,1.5774603043552855,-3.1415670907472073,4.767403223805769,0.0
1780319679.686642885,-0.015303152824873933,-1.57748586846182,1.5774603043552855,-3.1415670907472073,4.767403223805769,0.0
1780319679.696514368,-0.015303152824873933,-1.57748586846182,1.5774603043552855,-3.1415670907472073,4.767403223805769,0.0
1780319679.707389355,-0.015303152824873933,-1.57748586846182,1.5774603043552855,-3.1415670907472073,4.767403223805769,0.0
1780319679.716604233,-0.015303152824873933,-1.57748586846182,1.5774603043552855,-3.1415670907472073,4.767403223805769,0.0
1780319679.726392984,-0.015303152824873933,-1.57748586846182,1.5774603043552855,-3.1415670907472073,4.767403223805769,0.0
1780319679.736907721,-0.015303152824873933,-1.57748586846182,1.5774603043552855,-3.1415670907472073,4.767403223805769,0.0
1780319679.746513367,-0.015303152824873933,-1.57748586846182,1.5774603043552855,-3.1415670907472073,4.767403223805769,0.0
1780319679.756500244,-0.015303152824873933,-1.57748586846182,1.5774603043552855,-3.1415670907472073,4.767403223805769,0.0
1780319679.766602755,-0.015303152824873933,-1.57748586846182,1.5774603043552855,-3.1415670907472073,4.767403223805769,0.0
1780319679.776656389,-0.015303152824873933,-1.57748586846182,1.5774603043552855,-3.1415670907472073,4.767403223805769,0.0
1780319679.786648273,-0.015303152824873933,-1.57748586846182,1.5774603043552855,-3.1415670907472073,4.767403223805769,0.0
1780319679.796391010,-0.015303152824873933,-1.57748586846182,1.5774603043552855,-3.1415670907472073,4.767403223805769,0.0
1780319679.806771517,-0.015303152824873933,-1.57748586846182,1.5774603043552855,-3.1415670907472073,4.767403223805769,0.0
1780319679.816792250,-0.015303152824873933,-1.57748586846182,1.5774603043552855,-3.1415670907472073,4.767403223805769,0.0
1780319679.826896667,-0.015303152824873933,-1.57748586846182,1.5774603043552855,-3.1415670907472073,4.767403223805769,0.0
1780319679.836452961,-0.015303152824873933,-1.57748586846182,1.5774603043552855,-3.1415670907472073,4.767403223805769,0.0
1780319679.846754313,-0.015303152824873933,-1.57748586846182,1.5774603043552855,-3.1415670907472073,4.767403223805769,0.0
1780319679.856663704,-0.015303152824873933,-1.57748586846182,1.5774603043552855,-3.1415670907472073,4.767403223805769,0.0
1780319679.866847515,-0.015303152824873933,-1.57748586846182,1.5774603043552855,-3.1415670907472073,4.767403223805769,0.0
1780319679.876635313,-0.015303152824873933,-1.57748586846182,1.5774603043552855,-3.1415670907472073,4.767403223805769,0.0
1780319679.886633396,-0.015303152824873933,-1.57748586846182,1.5774603043552855,-3.1415670907472073,4.767403223805769,0.0
1780319679.896819592,-0.015303152824873933,-1.57748586846182,1.5774603043552855,-3.1415670907472073,4.767403223805769,0.0
1780319679.906826973,-0.015303152824873933,-1.57748586846182,1.5774603043552855,-3.1415670907472073,4.767403223805769,0.0
1780319679.916591167,-0.015303152824873933,-1.57748586846182,1.5774603043552855,-3.1415670907472073,4.767403223805769,0.0
1780319679.926744699,-0.015303152824873933,-1.57748586846182,1.5774603043552855,-3.1415670907472073,4.767403223805769,0.0
1780319679.936932325,-0.015303152824873933,-1.57748586846182,1.5774603043552855,-3.1415670907472073,4.767403223805769,0.0
1780319679.946730375,-0.015303152824873933,-1.57748586846182,1.5774603043552855,-3.1415670907472073,4.767403223805769,0.0
1780319679.956674814,-0.015303152824873933,-1.57748586846182,1.5774603043552855,-3.1415670907472073,4.767403223805769,0.0
1780319679.966838121,-0.015303152824873933,-1.57748586846182,1.5774603043552855,-3.1415670907472073,4.767403223805769,0.0
1780319679.978041410,-0.015303152824873933,-1.57748586846182,1.5774603043552855,-3.1415670907472073,4.767403223805769,0.0
1780319679.987157345,-0.015303152824873933,-1.57748586846182,1.5774603043552855,-3.1415670907472073,4.767403223805769,0.0
1780319679.996838570,-0.015303152824873933,-1.57748586846182,1.5774603043552855,-3.1415670907472073,4.767403223805769,0.0
1780319680.007052422,-0.015303152824873933,-1.57748586846182,1.5774603043552855,-3.1415670907472073,4.767403223805769,0.0
1780319680.016703367,-0.015303152824873933,-1.57748586846182,1.5774603043552855,-3.1415670907472073,4.767403223805769,0.0
1780319680.027791023,-0.015303152824873933,-1.57748586846182,1.5774603043552855,-3.1415670907472073,4.767403223805769,0.0
1780319680.037801266,-0.015303152824873933,-1.57748586846182,1.5774603043552855,-3.1415670907472073,4.767403223805769,0.0
1780319680.047403336,-0.015303152824873933,-1.57748586846182,1.5774603043552855,-3.1415670907472073,4.767403223805769,0.0
1780319680.057631254,-0.015303152824873933,-1.57748586846182,1.5774603043552855,-3.1415670907472073,4.767403223805769,0.0
1780319680.066408157,-0.015303152824873933,-1.57748586846182,1.5774603043552855,-3.1415670907472073,4.767403223805769,0.0
1780319680.076724052,-0.015303152824873933,-1.57748586846182,1.5774603043552855,-3.1415670907472073,4.767403223805769,0.0
1780319680.086463690,-0.015303152824873933,-1.57748586846182,1.5774603043552855,-3.1415670907472073,4.767403223805769,0.0
1780319680.096401453,-0.015303152824873933,-1.57748586846182,1.5774603043552855,-3.1415670907472073,4.767403223805769,0.0
1780319680.106409311,-0.015303152824873933,-1.57748586846182,1.5774603043552855,-3.1415670907472073,4.767403223805769,0.0
1780319680.116463184,-0.015303152824873933,-1.57748586846182,1.5774603043552855,-3.1415670907472073,4.767403223805769,0.0
1780319680.126881361,-0.015303152824873933,-1.57748586846182,1.5774603043552855,-3.1415670907472073,4.767403223805769,0.0
1780319680.136620760,-0.015303152824873933,-1.57748586846182,1.5774603043552855,-3.1415670907472073,4.767403223805769,0.0
1780319680.146484613,-0.015303152824873933,-1.57748586846182,1.5774603043552855,-3.1415670907472073,4.767403223805769,0.0
1780319680.156728983,-0.015303152824873933,-1.57748586846182,1.5774603043552855,-3.1415670907472073,4.767403223805769,0.0
1780319680.167308092,-0.015303152824873933,-1.57748586846182,1.5774603043552855,-3.1415670907472073,4.767403223805769,0.0
1780319680.176491022,-0.015303152824873933,-1.57748586846182,1.5774603043552855,-3.1415670907472073,4.767403223805769,0.0
1780319680.187039614,-0.015303152824873933,-1.57748586846182,1.5774603043552855,-3.1415670907472073,4.767403223805769,0.0
1780319680.197073460,-0.015303152824873933,-1.57748586846182,1.5774603043552855,-3.1415670907472073,4.767403223805769,0.0
1780319680.206831694,-0.015303152824873933,-1.57748586846182,1.5774603043552855,-3.1415670907472073,4.767403223805769,0.0
1780319680.217079401,-0.015303152824873933,-1.57748586846182,1.5774603043552855,-3.1415670907472073,4.767403223805769,0.0
1780319680.227393150,-0.015303152824873933,-1.57748586846182,1.5774603043552855,-3.1415670907472073,4.767403223805769,0.0
1780319680.237718344,-0.015303152824873933,-1.57748586846182,1.5774603043552855,-3.1415670907472073,4.767403223805769,0.0
1780319680.247845173,-0.015303152824873933,-1.57748586846182,1.5774603043552855,-3.1415670907472073,4.767403223805769,0.0
1780319680.257075310,-0.015303152824873933,-1.57748586846182,1.5774603043552855,-3.1415670907472073,4.767403223805769,0.0
1780319680.267162561,-0.015303152824873933,-1.57748586846182,1.5774603043552855,-3.1415670907472073,4.767403223805769,0.0
1780319680.277326584,-0.015303152824873933,-1.57748586846182,1.5774603043552855,-3.1415670907472073,4.767403223805769,0.0
1780319680.287105322,-0.015303152824873933,-1.57748586846182,1.5774603043552855,-3.1415670907472073,4.767403223805769,0.0
1780319680.296470404,-0.015303152824873933,-1.57748586846182,1.5774603043552855,-3.1415670907472073,4.767403223805769,0.0
1780319680.307122469,-0.015303152824873933,-1.57748586846182,1.5774603043552855,-3.1415670907472073,4.767403223805769,0.0
1780319680.316580057,-0.015303152824873933,-1.57748586846182,1.5774603043552855,-3.1415670907472073,4.767403223805769,0.0
1780319680.326899290,-0.015303152824873933,-1.57748586846182,1.5774603043552855,-3.1415670907472073,4.767403223805769,0.0
1780319680.336623907,-0.015303152824873933,-1.57748586846182,1.5774603043552855,-3.1415670907472073,4.767403223805769,0.0
1780319680.346660376,-0.015303152824873933,-1.57748586846182,1.5774603043552855,-3.1415670907472073,4.767403223805769,0.0
1780319680.356657743,-0.015303152824873933,-1.57748586846182,1.5774603043552855,-3.1415670907472073,4.767403223805769,0.0
1780319680.366928577,-0.015303152824873933,-1.57748586846182,1.5774603043552855,-3.1415670907472073,4.767403223805769,0.0
1780319680.377119064,-0.015303152824873933,-1.57748586846182,1.5774603043552855,-3.1415670907472073,4.767403223805769,0.0
1780319680.386629343,-0.015303152824873933,-1.57748586846182,1.5774603043552855,-3.1415670907472073,4.767403223805769,0.0
1780319680.397062540,-0.015303152824873933,-1.57748586846182,1.5774603043552855,-3.1415670907472073,4.767403223805769,0.0
1780319680.406980515,-0.015303152824873933,-1.57748586846182,1.5774603043552855,-3.1415670907472073,4.767403223805769,0.0
1780319680.416950226,-0.015303152824873933,-1.57748586846182,1.5774603043552855,-3.1415670907472073,4.767403223805769,0.0
1780319680.427005291,-0.015303152824873933,-1.57748586846182,1.5774603043552855,-3.1415670907472073,4.767403223805769,0.0
1780319680.437270880,-0.015303152824873933,-1.57748586846182,1.5774603043552855,-3.1415670907472073,4.767403223805769,0.0
1780319680.447156668,-0.015303152824873933,-1.57748586846182,1.5774603043552855,-3.1415670907472073,4.767403223805769,0.0
1780319680.457834959,-0.015303152824873933,-1.57748586846182,1.5774603043552855,-3.1415670907472073,4.767403223805769,0.0
1780319680.467424393,-0.015303152824873933,-1.57748586846182,1.5774603043552855,-3.1415670907472073,4.767403223805769,0.0
1780319680.477456331,-0.015303152824873933,-1.57748586846182,1.5774603043552855,-3.1415670907472073,4.767403223805769,0.0
1780319680.487471819,-0.015303152824873933,-1.57748586846182,1.5774603043552855,-3.1415670907472073,4.767403223805769,0.0
1780319680.497186422,-0.015303152824873933,-1.57748586846182,1.5774603043552855,-3.1415670907472073,4.767403223805769,0.0
1780319680.507487297,-0.015303152824873933,-1.57748586846182,1.5774603043552855,-3.1415670907472073,4.767403223805769,0.0
1780319680.517002106,-0.015303152824873933,-1.57748586846182,1.5774603043552855,-3.1415670907472073,4.767403223805769,0.0
1780319680.527001858,-0.015303152824873933,-1.57748586846182,1.5774603043552855,-3.1415670907472073,4.767403223805769,0.0
1780319680.537551880,-0.015303152824873933,-1.57748586846182,1.5774603043552855,-3.1415670907472073,4.767403223805769,0.0
1780319680.546927929,-0.015303152824873933,-1.57748586846182,1.5774603043552855,-3.1415670907472073,4.767403223805769,0.0
1780319680.556785822,-0.015303152824873933,-1.57748586846182,1.5774603043552855,-3.1415670907472073,4.767403223805769,0.0
1780319680.566496611,-0.015303152824873933,-1.57748586846182,1.5774603043552855,-3.1415670907472073,4.767403223805769,0.0
1780319680.576511860,-0.015303152824873933,-1.57748586846182,1.5774603043552855,-3.1415670907472073,4.767403223805769,0.0
1780319680.586509466,-0.015303152824873933,-1.57748586846182,1.5774603043552855,-3.1415670907472073,4.767403223805769,0.0
1780319680.596578836,-0.015303152824873933,-1.57748586846182,1.5774603043552855,-3.1415670907472073,4.767403223805769,0.0
1780319680.606557131,-0.015303152824873933,-1.57748586846182,1.5774603043552855,-3.1415670907472073,4.767403223805769,0.0
1780319680.616547346,-0.015303152824873933,-1.57748586846182,1.5774603043552855,-3.1415670907472073,4.767403223805769,0.0
1780319680.626681089,-0.015303152824873933,-1.57748586846182,1.5774603043552855,-3.1415670907472073,4.767403223805769,0.0
1780319680.636587381,-0.015303152824873933,-1.57748586846182,1.5774603043552855,-3.1415670907472073,4.767403223805769,0.0
1780319680.646784306,-0.015303152824873933,-1.57748586846182,1.5774603043552855,-3.1415670907472073,4.767403223805769,0.0
1780319680.656846046,-0.015303152824873933,-1.57748586846182,1.5774603043552855,-3.1415670907472073,4.767403223805769,0.0
1780319680.666702747,-0.015303152824873933,-1.57748586846182,1.5774603043552855,-3.1415670907472073,4.767403223805769,0.0
1780319680.676712513,-0.015303152824873933,-1.57748586846182,1.5774603043552855,-3.1415670907472073,4.767403223805769,0.0
1780319680.686733723,-0.015131467826181577,-1.5775798712668898,1.5773728437463688,-3.140914438118683,4.7667872418648845,-7.1107822732230375e-06
1780319680.696946621,-0.015144577544987214,-1.5774041214734833,1.5773968797743438,-3.14163157330984,4.766834278469275,7.337239672660425e-07
1780319680.706672668,-0.015463174768189702,-1.577537339971105,1.5775273892354598,-3.141624451594396,4.767977341208009,6.913029011687714e-07
1780319680.717073202,-0.016108239109346556,-1.57780437157101,1.5777907917297138,-3.1416168328628924,4.770291482001967,6.64896239043655e-07
1780319680.726997614,-0.01708864722983172,-1.5782068920276346,1.5781886108321452,-3.141608524140432,4.7738081113294735,6.506961279245531e-07
1780319680.736802101,-0.018218751417094836,-1.5786668640836785,1.5786433138820204,-3.141599992699838,4.777860919529723,6.395076160101154e-07
1780319680.747448683,-0.019338867319618203,-1.5791187701253335,1.5790899056869472,-3.1415917273419574,4.781877154652942,6.258503625112904e-07
1780319680.757934332,-0.02036009778664294,-1.5795273908969545,1.5794935202428593,-3.141584051380239,4.785538227814201,6.076764112598037e-07
1780319680.767681599,-0.021281230364714077,-1.5798931958442513,1.5798546724784788,-3.1415769836992733,4.788839998871463,5.854032683088413e-07
1780319680.777259827,-0.022115262239148947,-1.58022214762841,1.5801793051435962,-3.141570480124944,4.7918292164783365,5.602146863824385e-07
1780319680.788049936,-0.02287206837630862,-1.5805187783291847,1.5804719330201433,-3.1415645013591833,4.79454139119799,5.330706646408058e-07
1780319680.797471523,-0.023559624544606805,-1.580786729795081,1.580736181555035,-3.141559011098054,4.797005194224842,5.046943391230667e-07
1780319680.807281733,-0.024180513282345828,-1.5810274463139251,1.5809734975313847,-3.141553993812977,4.799229948122234,4.7558510768685e-07
1780319680.817441702,-0.0247319687007872,-1.581240254886163,1.58118323216267,-3.1415494574129967,4.801205797918353,4.460556029827036e-07
1780319680.828933954,-0.025212951472386003,-1.581425117808041,1.5813653628749598,-3.141545402299385,4.802929065659464,4.163614007161621e-07
1780319680.836521626,-0.02562491666304023,-1.5815829086891044,1.5815207650746155,-3.141541816948566,4.804405000943345,3.867543354865485e-07
1780319680.846500158,-0.026037603844258683,-1.581740409574616,1.5816758968316287,-3.141538366897473,4.805883474298162,3.5562831579073283e-07
1780319680.857362270,-0.02655922655867826,-1.581938597013563,1.5818712094042664,-3.1415345147907328,4.8077521499168085,3.26182122474659e-07
1780319680.866831064,-0.027170705588385857,-1.5821697639776833,1.5820990644092534,-3.1415303189699184,4.809942644440122,2.9852375503889323e-07
1780319680.877056122,-0.027852025293817917,-1.5824259099111426,1.58235153811261,-3.1415258473154104,4.812383231811042,2.722339422516175e-07
1780319680.886429548,-0.028576764048867886,-1.582696762702784,1.5826184731376987,-3.141521206481933,4.814979255259687,2.469711385591956e-07
1780319680.896528721,-0.02931536210303598,-1.582971098632517,1.5828887855149543,-3.141516528863277,4.817624835946662,2.2245677150096962e-07
1780319680.906666756,-0.03003001437492081,-1.583234923849795,1.5831486745809067,-3.1415120009935307,4.820184577720109,1.9843030764025353e-07
1780319680.916552544,-0.030699172999016255,-1.5834805193371047,1.5833905404364739,-3.1415077360160493,4.822581323860387,1.7480181021039367e-07
1780319680.926730871,-0.0313159842286721,-1.5837056753754242,1.5836122192359505,-3.1415037744344434,4.824790547092686,1.516189128691213e-07
1780319680.936911821,-0.03188447102108061,-1.5839121490391994,1.5838154556244144,-3.1415000989685904,4.826826671926573,1.2897117491692e-07
1780319680.946609735,-0.032409232741592575,-1.5841018539089324,1.5840021456183244,-3.1414966876605104,4.828706182255585,1.0692428408227931e-07
1780319680.956755638,-0.03289427061638506,-1.5842764399397442,1.5841739231327867,-3.1414935204972663,4.830443415951711,8.552487045065043e-08
1780319680.967198610,-0.03334308752180615,-1.5844373391865636,1.5843322055682414,-3.1414905792356125,4.832050923373453,6.479957848708042e-08
1780319680.976587057,-0.03375876750936868,-1.5845858020135006,1.5844782298852682,-3.141487847219254,4.833539752975778,4.4782249201483264e-08
1780319680.986743689,-0.034129951792928104,-1.5847179234445363,1.5846081583683818,-3.1414853886063696,4.834869221937245,2.5597791200538837e-08
1780319680.997245789,-0.03443614643273918,-1.5848265999223203,1.584715007616479,-3.1414833196190655,4.83596592537437,0.0
1780319681.006995678,-0.034716934275367706,-1.584926002617209,1.5848127279216961,-3.141481420869998,4.836971635913442,0.0
1780319681.017439604,-0.035003277782816866,-1.5850271140188923,1.584912125519907,-3.1414795076100583,4.837997253461683,-2.3683830896459312e-08
1780319681.026798964,-0.035312929131350757,-1.5851361583646213,1.5850193214195316,-3.1414774790685485,4.839106364689473,-3.679998084038516e-08
1780319681.037115335,-0.03566261671399751,-1.5852589315285552,1.585140012278752,-3.141475233631609,4.840358892345316,-4.780344209365239e-08
1780319681.046940804,-0.03605044890315945,-1.585394643707981,1.5852734152018484,-3.141472776918954,4.841748068138646,-4.780344209365239e-08
1780319681.057174206,-0.036470982412357245,-1.5855412646838971,1.5854175275908637,-3.1414701350659207,4.843254403287177,-6.30700460746425e-08
1780319681.067943811,-0.03691947611001467,-1.5856970246354134,1.585570603763678,-3.141467330868216,4.84486092466431,-6.30700460746425e-08
1780319681.076620340,-0.037391791805319485,-1.5858603798425897,1.5857311212292478,-3.141464384340382,4.84655281929942,-6.30700460746425e-08
1780319681.086631536,-0.03788425207585533,-1.586029963022476,1.5858977318318142,-3.141461313511467,4.848316924970716,-6.30700460746425e-08
1780319681.097241402,-0.038393612224624896,-1.586204572907283,1.5860692514530281,-3.1414581345376282,4.850141629601946,-6.30700460746425e-08
1780319681.107124090,-0.03891699512586566,-1.5863831506627726,1.5862446367640606,-3.1414548620257405,4.852016637725101,-6.30700460746425e-08
1780319681.117144108,-0.03939686382485874,-1.5865461356889865,1.5864046779202086,-3.1414518493095143,4.853735823911043,-6.30700460746425e-08
1780319681.127822399,-0.03979723588746076,-1.586681576887747,1.586537647790755,-3.1414493158195778,4.855170256433366,-6.30700460746425e-08
1780319681.137781143,-0.04014010992896111,-1.5867971741265565,1.5866511180564618,-3.141447132743068,4.856398728114208,-4.8487200032809596e-08
1780319681.147917509,-0.04044080360866342,-1.5868982517964518,1.5867503228249893,-3.1414452092530167,4.857476105132404,-4.8487200032809596e-08
1780319681.156835079,-0.04070485746584929,-1.586986782797255,1.586837203335757,-3.141443513173744,4.858422228255648,-3.143627402835136e-08
1780319681.166591167,-0.04093687729541706,-1.5870643958402777,1.5869133616556785,-3.141442017389906,4.859253591641407,-3.143627402835136e-08
1780319681.177566051,-0.041141560674636146,-1.5871327265156037,1.586980405590739,-3.141440693694239,4.8599870205247875,-1.2601976351334088e-08
1780319681.186592579,-0.04132831214696786,-1.5871949574522377,1.587041460176074,-3.14143948450559,4.860656208792214,0.0
1780319681.196516275,-0.041508517429638125,-1.5872549045669242,1.5871002707465531,-3.141438316587198,4.861301952648884,0.0
1780319681.206503868,-0.04168845028913459,-1.5873146587901061,1.5871588891177448,-3.141437155046921,4.861946732922087,1.8059358726828382e-08
1780319681.216694832,-0.04187235621922536,-1.5873756281514098,1.5872186965216115,-3.1414359688763356,4.862605763776497,2.8575435215920572e-08
1780319681.226901054,-0.04205746649024622,-1.5874368902866793,1.587278787642479,-3.14143477563468,4.863269124243365,3.875050249619996e-08
1780319681.236616611,-0.042236375737399356,-1.5874959990044841,1.5873367628259891,-3.141433621656471,4.8639102761874415,3.875050249619996e-08
1780319681.246959686,-0.042395766302637306,-1.5875485758986718,1.5873883277335425,-3.1414325905342775,4.864481490923205,5.7652880069717245e-08
1780319681.256949186,-0.04252401038751685,-1.5875908224922117,1.587429757947639,-3.1414317563014027,4.864941092571452,5.7652880069717245e-08
1780319681.266587257,-0.04261794618078696,-1.587621735942239,1.5874600715019465,-3.1414311401054538,4.865277744545054,7.253019372274843e-08
1780319681.276823521,-0.04268225966956862,-1.5876428864832697,1.5874808095679926,-3.141430712773102,4.865508236787776,7.253019372274843e-08
1780319681.286761284,-0.042721075729627245,-1.5876556471843406,1.5874933194234986,-3.1414304483764095,4.865647350020188,7.253019372274843e-08
1780319681.296772718,-0.042737894333470194,-1.5876611770926026,1.5874987381036785,-3.141430324780576,4.865707626574646,8.488612253048328e-08
1780319681.307492971,-0.04273570179904951,-1.5876604607646154,1.5874980312907232,-3.141430324780576,4.865699768696499,8.488612253048328e-08
1780319681.317761421,-0.04271705998980657,-1.5876543396300367,1.587492024155196,-3.1414304266779904,4.865632957942731,8.488612253048328e-08
1780319681.327540636,-0.04268417740113417,-1.5876435367661745,1.5874814257093792,-3.141430621657868,4.865515109747878,8.488612253048328e-08
1780319681.337094307,-0.04263896812781276,-1.587628677247939,1.587466848803509,-3.1414308956348385,4.865353084617264,8.488612253048328e-08
1780319681.347413778,-0.04258353618392263,-1.587610448046786,1.5874489670707765,-3.141431235441785,4.865154423765775,8.488612253048328e-08
1780319681.357348442,-0.04254502932526094,-1.5875977790618077,1.587436539477799,-3.141431471854444,4.86501642099885,8.488612253048328e-08
1780319681.367527962,-0.042533518648891544,-1.5875939922021782,1.5874328235305981,-3.141431538101595,4.86497516859788,7.384507666448904e-08
1780319681.376922369,-0.04254342931345079,-1.5875972556406168,1.5874360226752098,-3.1414314694404673,4.865010686812064,7.384507666448904e-08
1780319681.387582302,-0.042570335749870125,-1.5876061112855382,1.587444706738157,-3.141431293769916,4.865107115330757,6.19765179422734e-08
1780319681.397507429,-0.04261070795049893,-1.5876193938681782,1.5874577326711818,-3.1414310332906132,4.865251803662809,6.19765179422734e-08
1780319681.407132387,-0.04266053461909358,-1.587635779637985,1.5874738019884702,-3.141430713260516,4.865430376470251,4.887485708019622e-08
1780319681.416537285,-0.04271160817592623,-1.5876525673558284,1.5874902652987428,-3.1414303855186594,4.8656134191067,4.887485708019622e-08
1780319681.426900148,-0.04276203669976475,-1.5876691350580154,1.5875065126019638,-3.141430062020356,4.865794151136915,3.4820172103315373e-08
1780319681.436569691,-0.042811549916370595,-1.5876853943257476,1.5875224571913114,-3.1414297444601242,4.865971603871792,3.4820172103315373e-08
1780319681.446802616,-0.04285995311703772,-1.587701281694704,1.587538036839438,-3.1414294340592495,4.86614507942415,2.0043323971588566e-08
1780319681.456709862,-0.04290710812239773,-1.5877167523475864,1.587553207610356,-3.141429131685019,4.866314082491983,2.0043323971588566e-08
1780319681.466899633,-0.04295263126599824,-1.5877316813079645,1.5875678469636894,-3.1414288390288205,4.866477237931925,0.0
1780319681.476812601,-0.042993261371265135,-1.5877449995977333,1.5875809066429554,-3.1414285794507424,4.866622857459641,0.0
1780319681.486601591,-0.043025549185557566,-1.587755580307599,1.587591281617283,-3.1414283711848925,4.866738578497344,-1.0690664353774082e-08
1780319681.496987343,-0.04305285057613073,-1.5877645244027514,1.5876000516024464,-3.1414281950623204,4.866836428328851,-1.0690664353774082e-08
1780319681.506626129,-0.04307655708129676,-1.5877722889889014,1.587607664889695,-3.1414280418167437,4.866921394149697,-2.6005484876634455e-08
1780319681.516962767,-0.04309720631345293,-1.5877790508730953,1.5876142948868992,-3.141427908048914,4.866995402693244,-2.6005484876634455e-08
1780319681.526803732,-0.04311525101263758,-1.5877849588444892,1.5876200875183804,-3.1414277908936024,4.867060076536571,-4.091434124831039e-08
1780319681.536606312,-0.04313107440910535,-1.5877901387699254,1.5876251662242105,-3.141427687923229,4.867116789151768,-4.091434124831039e-08
1780319681.547335863,-0.04314500251022846,-1.5877946976633988,1.5876296359525006,-3.141427597070515,4.867166708936475,-5.517243550912099e-08
1780319681.556925297,-0.04315731464321626,-1.5877987271709548,1.5876335865779292,-3.1414275165619254,4.8672108369950795,-5.517243550912099e-08
1780319681.566927910,-0.04097527223228603,-1.5872371539044998,1.5869093407626995,-3.1408085317567687,4.859391168591865,-0.004409100799519727
1780319681.577563763,-0.03722269907965625,-1.5861642146416042,1.5856355912679934,-3.140030254151229,4.84594710252098,-0.010809868835043979
1780319681.587472916,-0.033332123486035314,-1.5849227824373493,1.5842763726390825,-3.139551007554436,4.832011653895613,-0.01621971451899107
1780319681.597097397,-0.02930683839101711,-1.5835220733103688,1.582826619101426,-3.1393198477534323,4.817594305342018,-0.02080280160599557
1780319681.607352257,-0.025153601850643525,-1.5819702071777488,1.5812824964667944,-3.1392947970192977,4.802716431389958,-0.024692651705422897
1780319681.617055893,-0.02088055373352038,-1.5802741164761924,1.5796408382376794,-3.139441003128227,4.787403836723243,-0.027997437502255806
1780319681.627407312,-0.01649518224536628,-1.5784336301804487,1.577899030814768,-3.139751427876082,4.771679486269277,-0.03081545062200064
1780319681.637163162,-0.01310602462013577,-1.5784298813337063,1.5763471594481828,-3.1341825002298345,4.759518556500067,-0.02854978635081551
1780319681.647520065,-0.0109436386958226,-1.5797952476136183,1.5751480376216827,-3.12503007211976,4.751754737304594,-0.022382263831509874
1780319681.657643318,-0.0088752508619665,-1.5812733642362016,1.5739169481927222,-3.115418953840853,4.74432445757914,-0.017163516748942342
1780319681.667155743,-0.006884387646668877,-1.5829498977386702,1.5726254203391064,-3.1049552788404204,4.737168666065336,-0.012704077648196588
1780319681.676323652,-0.004981555548702943,-1.5849061208846527,1.5712498206953798,-3.0932884764193687,4.7303253023949585,-0.008788450950345528
1780319681.686477900,-0.0031406838549150606,-1.5871412027399057,1.56975516086562,-3.0803231445985975,4.723700787090669,-0.005358993501298315
1780319681.696432352,-0.0013405211621266844,-1.5896781943576972,1.568096777132027,-3.0658533737077516,4.717218715354415,-0.0023761555082106867
1780319681.706528187,0.0005972122213171449,-1.5914755071341347,1.5664536250887726,-3.0540568250853157,4.710236509709688,0.00017148716431211915
1780319681.716515779,0.0023637915566925294,-1.59189389104281,1.5652690134235911,-3.0485585002277493,4.70386645589018,0.0005404101309854703
1780319681.726414442,0.0036999767224334956,-1.5923985946445791,1.5642932127156366,-3.043498634499758,4.699045304025858,0.0006275263950574197
1780319681.736413956,0.00465090390854872,-1.5929268721112093,1.5635293005845043,-3.0390972241085215,4.6956125590901046,0.0006279149856627008
1780319681.746531963,0.00528649336026743,-1.5934648123919253,1.562946841797417,-3.035293727266797,4.6933173582383,0.000632430213848806
1780319681.756439924,0.005662369079052043,-1.5940114420421203,1.5625167604341832,-3.031989450546993,4.691959715601518,0.0006239151647696631
1780319681.766467810,0.005821365917218824,-1.5945656434467983,1.562215828047401,-3.029106876611532,4.691385359000697,0.0005863722711084331
1780319681.776824236,0.005783282707290782,-1.5951381143908527,1.5620296845288115,-3.026559844908484,4.691522933666662,0.000552863479790584
1780319681.786781073,0.005573364983022744,-1.5957287106302278,1.5619433831971425,-3.0242968199806177,4.692281214124211,0.0005012865012053983
1780319681.796538115,0.005194064247433294,-1.5963409272277822,1.5619545756582474,-3.0222973291986426,4.693651172406839,0.0004467764396173414
1780319681.806356668,0.004624755993614116,-1.5969973242801352,1.5620678340321925,-3.0205012255215538,4.695706969110237,0.0004035649853112808
1780319681.817757845,0.0038258980265133413,-1.597721453040724,1.5622985452512943,-3.018882121018211,4.698590822063364,0.0003384483476479197
1780319681.826705456,0.0028599594606633083,-1.5984851332440533,1.5626160948148768,-3.0174288841061725,4.702076522147634,0.00025409403252480854
1780319681.836591959,0.0016923006949369768,-1.5993120044802929,1.5630315042647134,-3.0161000405915948,4.706288293088646,0.00015234947215684487
1780319681.846755028,0.0003315466148539059,-1.60019563517434,1.5635393154886963,-3.0148977931399306,4.711194081974405,3.1087892146311303e-05
1780319681.856717348,-0.0009736343221664612,-1.6010449422760935,1.5640173905068346,-3.0137090664767494,4.715897105686912,-0.000550848632766332
1780319681.867093563,-0.001957586851489168,-1.6017650591114538,1.564339370510156,-3.0124197891790834,4.7194411282088815,-0.001075232545960425
1780319681.876764536,-0.002682518719677063,-1.6023753572794108,1.5645399166632163,-3.0110835821590025,4.7220514044927855,-0.0013734601584145523
1780319681.886739492,-0.003196448262501761,-1.6028868254674045,1.5646467638491537,-3.009758000804367,4.72390151970845,-0.0014964120213996068
1780319681.896754503,-0.003564811087186648,-1.6033171990694033,1.5646947920782008,-3.0085022251676548,4.725227402656902,-0.0015031502839697453
1780319681.906844378,-0.0038075011512912482,-1.6036715116250884,1.5646951864046938,-3.0073371908468585,4.726100849344897,-0.001402437624137498
1780319681.916908026,-0.003932977343081845,-1.6039495656800105,1.5646539538906576,-3.0062835487902917,4.726552412878593,-0.0012654191945928872
1780319681.926998377,-0.003983768614345351,-1.604155031440584,1.564596657429584,-3.005415052494741,4.726735195042227,-0.0012043148255145297
1780319681.937622786,-0.003950261683887568,-1.6042992227401518,1.5645126552872464,-3.004658404390026,4.726614614253061,-0.0012056671239077943
1780319681.947250605,-0.0037947351880127655,-1.6044017639041899,1.5643696604712782,-3.0038403204801303,4.726054906150562,-0.001159828699083043
1780319681.957422018,-0.0035212465715321883,-1.6044603724099602,1.564170956861062,-3.002979314712268,4.725070605461589,-0.0010777453092529754
1780319681.967550993,-0.0031244025238326145,-1.6044728724562738,1.5639136510120777,-3.00207271511912,4.723642179194045,-0.0009575107242323355
1780319681.977589846,-0.00262565796956693,-1.604447219742939,1.5636072520903148,-3.0011262992643197,4.7218466889571005,-0.0008054427163433076
1780319681.987115383,-0.0020325631058888405,-1.6043859887103293,1.5632547915074735,-3.0001417033756543,4.719711127756641,-0.0006236067064504525
1780319681.997296333,-0.0013512753333557725,-1.6042911673649591,1.5628586250182106,-2.9991202028519863,4.717257451641432,-0.00041364413409095135
1780319682.007550716,-0.0005874002791168564,-1.6041644960502524,1.5624208315862806,-2.9980629444385163,4.714505609557837,-0.00017702888873039058
1780319682.016599894,0.0002222172647712295,-1.6040212109976055,1.5619577587846205,-2.996974885465087,4.711588123167119,2.968363921860667e-05
1780319682.026857376,0.0008600249854373576,-1.6039534338708252,1.5615699068656435,-2.9958925802593273,4.709289123251689,9.499448378154434e-05
1780319682.036498547,0.0012666342291638433,-1.6039886026506274,1.5612851869231876,-2.994820502923525,4.707823187747009,0.00013727770243121667
1780319682.046462774,0.0014681542743415488,-1.6041159581099054,1.5610924024423205,-2.9937565271989803,4.707096566639233,0.00015873527969211692
1780319682.056435823,0.0014865849399745557,-1.604326091293201,1.560981798927816,-2.992698840146166,4.707030108258527,0.00016122560823158042
1780319682.067084551,0.0013484772679754897,-1.6046075411929142,1.5609411028654283,-2.9916437751391163,4.7075280931945205,0.000147165380527328
1780319682.076675177,0.00107059830578482,-1.604952716075707,1.5609624367017778,-2.9905897323153714,4.708529979154885,0.0001180816274999925
1780319682.086440563,0.0006568682364920253,-1.6053591687774809,1.5610438291970177,-2.989538104524092,4.710021470429225,7.406812933418968e-05
1780319682.096725464,0.00011948329363153931,-1.605821047451787,1.5611792486271787,-2.988487716769247,4.711958378466618,1.608712271529349e-05
1780319682.107435226,-0.00044983948012244923,-1.6062984510254026,1.5613263276994178,-2.987426505771135,4.714009967062304,-0.00012726153873021673
1780319682.116440058,-0.000855238675571357,-1.6067077460352186,1.561395803318235,-2.9863277947291307,4.715470579597323,-0.00025771664860751997
1780319682.126418591,-0.0010984275822050193,-1.607050467892961,1.561388872225892,-2.985190680441737,4.716346659313899,-0.0003368714039329035
1780319682.136727095,-0.0011891940165060788,-1.6073313003809417,1.5613101931210756,-2.9840155507156916,4.716673622182483,-0.0003675193665708676
1780319682.146669865,-0.001140014540897738,-1.6075557013934851,1.5611655056138627,-2.98280384235766,4.716496467050294,-0.0003533140125711043
1780319682.156612396,-0.0009559571293280555,-1.6077259585341555,1.5609569328047797,-2.981555158905746,4.715833423923335,-0.00029563113377584216
1780319682.166627645,-0.0006595840689982424,-1.6078510480949486,1.5606947424374709,-2.9802745728483497,4.714765683291987,-0.00020128970026256354
1780319682.176742077,-0.0002604525577956096,-1.6079346828507592,1.5603830433625299,-2.9789636461405693,4.7133275490316855,-7.304909221339528e-05
1780319682.186842442,0.00017488844929691716,-1.608011028154671,1.5600488817088747,-2.9776019050936924,4.711758698978933,1.6036327915941776e-05
1780319682.196433306,0.0004341929541979983,-1.6081583174990772,1.5597961478557112,-2.9762828195974707,4.710824112386872,4.6938780822219995e-05
1780319682.206789494,0.0005166505299742941,-1.6083839420203496,1.5596221381834132,-2.9749736957569004,4.710526898822588,5.744045624573283e-05
1780319682.216669321,0.00044546014091029207,-1.6086779492164274,1.5595163415989612,-2.9736718360157033,4.7107835010220604,4.981177690909126e-05
1780319682.226522923,0.0002352257203672714,-1.6090337645857113,1.5594720477241188,-2.972376214459055,4.711541239392393,2.5407194573906553e-05
1780319682.236661434,-0.00010034746772191738,-1.6094450415558494,1.5594828344868295,-2.971085968590591,4.712750604194621,-2.2247633351568655e-05
1780319682.246618986,-0.0003799978766458878,-1.6098338986912246,1.5594656973740828,-2.969776088296054,4.71375831242451,-0.00011518165971047267
1780319682.256620407,-0.0005077976612257729,-1.610159668184198,1.5593769251918532,-2.9684323091327856,4.714218798109959,-0.00015828056817746017
1780319682.266915798,-0.0004986417271828358,-1.6104288365216108,1.5592234670946437,-2.9670568170884355,4.714185808361655,-0.00015606832132508686
1780319682.276670218,-0.0003807684091139407,-1.6106530021860195,1.559018430141498,-2.965655760375006,4.713761088858278,-0.0001175655384626495
1780319682.286496401,-0.00021083891620854445,-1.6108571725796015,1.5587870916029056,-2.964232584049214,4.7131487681074615,-6.13976842291919e-05
1780319682.296940088,-2.5804039350596497e-05,-1.6110572191506733,1.5585461777381948,-2.9627917798605203,4.71248197214074,-1.4050000025633835e-06
1780319682.306658268,7.475821272495686e-05,-1.611296967476946,1.5583405467238933,-2.9613414898318027,4.712119564014941,1.1134811639953584e-05
1780319682.316468239,2.6860997536459763e-05,-1.6116021755241903,1.5582004706242858,-2.959899567425658,4.712292178626871,4.135017238305756e-06
1780319682.326638937,-0.00011302784907929464,-1.6119490205879545,1.5580998153375742,-2.958455891738004,4.7127962997113695,-3.1235647230509755e-05
1780319682.336592913,-0.00015608594744698223,-1.6122543821385937,1.5579535210552722,-2.9569950711057182,4.7129514639139884,-4.602766092709487e-05
1780319682.346704960,-0.00010088609444558472,-1.6125187461211095,1.5577603430075946,-2.955511389019612,4.712752545215358,-2.7448657610840144e-05
1780319682.356392145,1.515458110046275e-05,-1.6127580501564776,1.55753736014897,-2.9540103112407134,4.712334366373517,2.3089948562097137e-06
1780319682.366648674,0.00010273146912309628,-1.6130112828014855,1.5573249164229777,-2.9525006148527675,4.712018750999974,1.3932036186783423e-05
1780319682.376754522,0.00015560308629014585,-1.6132747395215787,1.5571296944756063,-2.9510162091432464,4.711828203665918,2.2699286648258956e-05
1780319682.386613131,0.00012453525010003297,-1.6135828741039013,1.5569662334557144,-2.9494952958522953,4.711940171453973,1.63152405608042e-05
1780319682.396733522,6.178895813646612e-05,-1.6139053041978464,1.5568153312708033,-2.947971430806078,4.712166303637409,7.917281340494196e-06
1780319682.406502485,-1.500184016034467e-05,-1.6142360304976275,1.5566679223040836,-2.9464338617609367,4.71244304363845,-4.039962890445281e-06
1780319682.416513205,-2.8538150441015375e-05,-1.6145399267564198,1.556489876426246,-2.9448818843143583,4.712491825187694,-5.021122680304302e-06
1780319682.426751614,-1.9099027181113115e-05,-1.6148344005912918,1.5562995119595788,-2.943320468289092,4.712457808924196,-2.736499807198811e-06
1780319682.436530590,-2.9009246617306417e-05,-1.6151381424906415,1.5561158052653066,-2.941752714822696,4.71249352289849,-4.397639250086627e-06
1780319682.446522236,-2.9248587108732238e-05,-1.61543903815695,1.5559252626307227,-2.9401727099025936,4.712494385420628,-4.4678871642389595e-06
1780319682.456824064,-2.9464339660556504e-05,-1.61574154585702,1.555732052593914,-2.9385800395648234,4.712495162937776,-4.536170337132717e-06
1780319682.466661692,-2.965882840655354e-05,-1.6160455567717085,1.5555362091996776,-2.9369751849189525,4.712495863825539,-4.602693771893485e-06
1780319682.476559877,-2.8934560115878583e-05,-1.6163506701547004,1.555337295920376,-2.9353580052053148,4.712493253747356,-4.404804036184373e-06
1780319682.486567259,-2.9178623341508114e-05,-1.6166574731794086,1.5551362835802098,-2.9337298513604773,4.712494133289049,-4.492578421277926e-06
1780319682.496589184,-2.9398856249862604e-05,-1.6169654819197294,1.554932723608868,-2.9320908035260507,4.712494926952279,-4.576834386149642e-06
1780319682.506868362,-2.9597577600348757e-05,-1.6172746099052846,1.5547266418606467,-2.9304412401514486,4.712495643093284,-4.657903716065448e-06
1780319682.516604185,-2.9776649018486978e-05,-1.6175847747342198,1.5545180625531743,-2.9287815203637857,4.712496288420904,-4.7360008075258975e-06
1780319682.526486874,-2.993733215195249e-05,-1.6178958977334092,1.554307008309881,-2.927111985239841,4.712496867481809,-4.811164979301452e-06
1780319682.536775589,-3.00736189231543e-05,-1.6182082037524328,1.5540932889233563,-2.92543132530963,4.712497358624438,-4.88175258261947e-06
1780319682.546529055,-3.0193040799986193e-05,-1.6185221515423063,1.5538765561689907,-2.923736984646061,4.712497788990284,-4.949530742592856e-06
1780319682.556890726,-3.030001680492944e-05,-1.6188376289416793,1.5536568472329266,-2.9220294644873808,4.712498174504381,-5.015458317991772e-06
1780319682.566793680,-3.039587803410626e-05,-1.6191545026380263,1.553434213854026,-2.9203093783152583,4.7124985199636615,-5.079734146207215e-06
1780319682.576715469,-3.868153624964066e-05,-1.6194764231757643,1.5532122644874662,-2.918577073228989,4.712528379302953,-7.835298853287043e-06
1780319682.586513042,-3.381566749460774e-05,-1.6197918268111886,1.5529829404308013,-2.916842533945819,4.712510843999437,-6.5547495893270025e-06
1780319682.596918344,-3.568392813413368e-05,-1.62011015126817,1.552754664038443,-2.9151036425691896,4.712517576720289,-6.8797684429355854e-06
1780319682.606600046,-3.538955966586599e-05,-1.6199038444947247,1.552903541645991,-2.916233495666929,4.712516515893931,-6.760732642163703e-06
1780319682.617358685,-3.5610722170176246e-05,-1.6177123385616525,1.5544360608084413,-2.9281116575411024,4.712517312905304,-6.548515240289987e-06
1780319682.626759052,-3.5844900200032725e-05,-1.615705194584021,1.5557600445165864,-2.9387870381137478,4.71251815682113,-6.366538086055584e-06
1780319682.636920452,-3.6094880950798824e-05,-1.6138636323621993,1.5569110537638198,-2.9484195168757177,4.712519057685707,-6.212023540008715e-06
1780319682.646878242,-3.6362426687475136e-05,-1.6121707716025426,1.5579175848884472,-2.9571436183543223,4.712520021849759,-6.081495821597116e-06
1780319682.656697750,-3.665116224915721e-05,-1.610609242546409,1.5588039109935823,-2.9650846204804435,4.712521062376224,-5.973242970469528e-06
1780319682.667209864,-3.6965475884720433e-05,-1.609165038518955,1.559588885147267,-2.9723415977249656,4.71252219507916,-5.886401241994577e-06
1780319682.677041769,-3.7310748491670154e-05,-1.6078268464559056,1.5602873374509707,-2.978993480134745,4.712523439349857,-5.820850511817355e-06
1780319682.686538458,-3.76936998272015e-05,-1.6065855360548973,1.560911061885592,-2.9851034642753866,4.712524819404487,-5.777213875290954e-06
1780319682.697555304,-3.812285542537097e-05,-1.6054338182337569,1.561469501092775,-2.990722023235943,4.712526365966735,-5.756923831867766e-06
1780319682.707472801,-3.860932067834e-05,-1.6043657853840152,1.561970339574986,-2.995890105474865,4.71252811905738,-5.756923831867766e-06
1780319682.717067957,-3.9167750565560766e-05,-1.6033768821912382,1.5624197855352704,-3.000639966931551,4.712530131488916,-5.797181715117006e-06
1780319682.727892160,-3.981799693342225e-05,-1.6024636538844517,1.5628228933456878,-3.004996914510976,4.712532474801884,-5.8666175526411735e-06
1780319682.737683058,-4.0587663049151956e-05,-1.6016236148276413,1.563183775591299,-3.008980328633811,4.712535248470747,-5.97833148496818e-06
1780319682.747622728,-4.155022451968193e-05,-1.6008551891240916,1.563505768958118,-3.0126043235202093,4.712538717281242,-6.178848176219276e-06
1780319682.756981850,-4.2863267946557926e-05,-1.6001576580693122,1.5637915695393265,-3.0158783040350885,4.712543449131611,-6.570921398996177e-06
1780319682.767385244,-4.363802396856187e-05,-1.5995309673181026,1.5640426672006686,-3.0188056278359188,4.712546241139886,-6.29316453526485e-06
1780319682.778301954,-4.4997635490595655e-05,-1.598976443484224,1.5642610402049517,-3.0213869322398126,4.7125511408050365,-6.771771182023656e-06
1780319682.786862850,-4.631756539463794e-05,-1.5984955182007807,1.5644473292183745,-3.023618142110244,4.712555897466151,-7.24144429842255e-06
1780319682.796564102,-4.824087570742819e-05,-1.5980920351959824,1.5646018604746257,-3.0254862565156655,4.712562828538559,-7.827028747797726e-06
1780319682.806378126,-5.035949837584042e-05,-1.5977682210931476,1.5647247471099115,-3.026983089869289,4.712570463456201,-8.314072685422502e-06
1780319682.816789627,-5.5122933567908206e-05,-1.597527323128773,1.564817278952103,-3.02810126176923,4.71258762950864,-9.508034549909894e-06
1780319682.826637268,-7.009000650182173e-05,-1.5973750836742564,1.5648827474198006,-3.0288321095907267,4.712641566338979,-1.3910319411891692e-05
1780319682.836535692,-0.0001361822624525999,-1.5973342695902417,1.5649384852403034,-3.029158276225147,4.7128797392913135,-3.286606380825674e-05
1780319682.846613646,-0.00032075549124321867,-1.59741503514541,1.5650223879396385,-3.0291748432083083,4.713544843915615,-8.618402255056168e-05
1780319682.856811285,-0.0006774692659847759,-1.5975781924059849,1.5651815562952256,-3.0291730697097248,4.7148301214688555,-0.00018922748386174248
1780319682.866815090,-0.0011032365955312429,-1.5977726825767187,1.565370959802254,-3.029169760169242,4.716363982828087,-0.00031220144809740447
1780319682.876935959,-0.0015156182673097263,-1.597960617278769,1.56555387681209,-3.029166145020401,4.717849392389163,-0.00043129150844567476
1780319682.886716843,-0.001910684018810116,-1.5981402467139336,1.5657286254495564,-3.029162337076082,4.719272221139277,-0.0005453654893914361
1780319682.896741390,-0.0022890217560833648,-1.5983118901838242,1.565895528164729,-3.029158377400696,4.720634615284159,-0.0006545959165675796
1780319682.907113075,-0.002637486780687759,-1.5984696352028038,1.5660488726961237,-3.0291545382826395,4.721889276514382,-0.000755190825970864
1780319682.917443991,-0.0029168172303952744,-1.5985957925560514,1.566171550462894,-3.029151567135997,4.7228949057385226,-0.0008358206913579025
1780319682.926890373,-0.0031277390689954387,-1.5986908483370605,1.566264053061578,-3.0291495405068054,4.723654189780154,-0.0008967002031043947
1780319682.937167645,-0.0032767383534375583,-1.598757849628746,1.5663293460510552,-3.0291484117627343,4.724190529580878,-0.0009397050438906263
1780319682.947517157,-0.0033694338385679146,-1.5987994069940878,1.566369967686848,-3.0291481285349033,4.724524183682541,-0.0009664591338784945
1780319682.957275867,-0.0034862074517238995,-1.5988518329380472,1.5664210648656596,-3.0291472611511847,4.724944491149719,-0.0010001669574251082
1780319682.967181206,-0.0036727315042481834,-1.5989356833316997,1.5665025295166723,-3.029144975082181,4.725615819351059,-0.0010540043081119777
1780319682.976650238,-0.0039069968794311905,-1.599040944497899,1.5666046671427396,-3.0291416465949625,4.726458915981574,-0.0011216169931635989
1780319682.987249613,-0.004172519548435005,-1.5991601162455282,1.5667202171898935,-3.029137559361606,4.727414424506068,-0.0011982460837769437
1780319682.996858120,-0.004461778971077912,-1.5992897550158887,1.5668458455866152,-3.0291328385091476,4.728455256342611,-0.0012817200847603516
1780319683.006845474,-0.004769968332076324,-1.5994276504034062,1.5669794121546172,-3.0291275626771452,4.729564094486911,-0.0013706510366136015
1780319683.017571449,-0.0050882148213062806,-1.5995697890855816,1.5671170348178496,-3.0291218972876335,4.730709000994442,-0.0014624783185164247
1780319683.026888847,-0.005405711031640337,-1.5997113254525743,1.5672540296950426,-3.0291160597161118,4.731851091949213,-0.0015540838975232063
1780319683.036832809,-0.005714743704526626,-1.599848828619158,1.5673870834356138,-3.0291102184387175,4.732962627695182,-0.0016432430785169316
1780319683.047570229,-0.006010384994295848,-1.5999801309369097,1.5675141054931683,-3.0291044934394122,4.734025896303686,-0.0017285350605105165
1780319683.057082176,-0.006289792028510988,-1.6001040041681494,1.5676339140448472,-3.0290989656123815,4.735030689199695,-0.001809140625475436
1780319683.067410469,-0.0065515866723036,-1.6002198752985288,1.5677459606018436,-3.029093686213901,4.735972067008132,-0.0018846630606370596
1780319683.077800989,-0.006795457892891044,-1.6003276444974714,1.567850153630303,-3.0290886830095274,4.736848927360165,-0.0019550133710826145
1780319683.088026762,-0.007022011978442322,-1.6004276149847696,1.567946790469955,-3.029083961945225,4.737663464848893,-0.0020203670305569688
1780319683.098184824,-0.007232840114204997,-1.600520519987696,1.568036583114995,-3.0290795044399426,4.73842141292497,-0.00208118345182573
1780319683.107151031,-0.007429516947407677,-1.6006070795732121,1.5681202301910313,-3.0290752893886688,4.739128443106392,-0.00213791715227174
1780319683.117500067,-0.0076072074040531845,-1.6006851905924835,1.5681957046633805,-3.029071441860605,4.7397671844415274,-0.002189173757253471
1780319683.127069712,-0.007764912185181494,-1.600754441608749,1.5682626129213595,-3.029068000342031,4.740334055888839,-0.0022346650543143554
1780319683.136492968,-0.007920263914055425,-1.6008225956309419,1.5683284501052643,-3.029064563770428,4.740892443996237,-0.0022794764347766616
1780319683.146941662,-0.008085980174493912,-1.600895229791985,1.5683985990923812,-3.0290608341248935,4.741488058367653,-0.0023272753912317867
1780319683.156643152,-0.008255037989429503,-1.6009692544345668,1.5684700779790248,-3.0290569753431904,4.742095653875476,-0.002376036534606385
1780319683.166735411,-0.008419935804682588,-1.6010413832712258,1.5685397165005421,-3.02905316899788,4.742688270262232,-0.002423597100271735
1780319683.176559210,-0.008581865044377857,-1.6011121423109538,1.5686080230439448,-3.0290493899712256,4.743270191301559,-0.0024703007856032855
1780319683.186594963,-0.008741728068510923,-1.6011819292051541,1.5686753818967258,-3.0290456190008763,4.743844661198257,-0.002516407837491741
1780319683.196597099,-0.008900195773493103,-1.601251039052018,1.5687420782417787,-3.0290418417015297,4.7444140918338915,-0.0025621117327201404
1780319683.206782341,-0.009057740132409897,-1.6013196791304907,1.568808312403844,-3.0290380479420977,4.744980179893133,-0.0026075485278660437
1780319683.216759682,-0.009221160703799747,-1.6013908127533272,1.5688769380538004,-3.0290340537107467,4.745567356536874,-0.002654668685032391
1780319683.226904869,-0.009400467141976954,-1.6014687804903893,1.5689521431890503,-3.0290296141293065,4.746211581713502,-0.002706366469168664
1780319683.236832857,-0.009593289753771828,-1.6015525289550814,1.569032911367361,-3.029024783937884,4.746904333996881,-0.002761961084700282
1780319683.246593952,-0.009797523685398879,-1.6016411237430201,1.5691183401017572,-3.029019608856464,4.747638044661472,-0.0028208456348055577
1780319683.256598234,-0.01001144419114297,-1.6017337985898417,1.5692076892820825,-3.029014126167704,4.748406511746506,-0.002882522869856352
1780319683.266607761,-0.010233629994593763,-1.601829921670225,1.5693003486453596,-3.029008366496145,4.749204624560501,-0.0029465830824007
1780319683.276726961,-0.01046290308118003,-1.6019289690620937,1.5693958121568898,-3.0290023551807956,4.750028147228428,-0.0030126867406687907
1780319683.286523342,-0.01069828138796236,-1.602030503855704,1.5694936578377316,-3.0289961133374175,4.750873548590638,-0.00308055084169645
1780319683.296636105,-0.010938941621107645,-1.6021341597076253,1.5695935318818754,-3.02898965868234,4.751737868504655,-0.0031499381854462882
1780319683.306535482,-0.01118419003911697,-1.6022396278975828,1.5696951361545841,-3.028983006171559,4.75261861278172,-0.0032206489465274046
1780319683.316564322,-0.011433439523755418,-1.6023466471535865,1.5697982183631702,-3.028976168495415,4.753513670727326,-0.003292514059564766
1780319683.326776981,-0.01168619164868634,-1.6024549956783503,1.5699025643529019,-3.0289691564588193,4.7544212506488295,-0.0033653900461994013
1780319683.336609840,-0.011942022773088645,-1.6025644849475302,1.57000799211335,-3.02896197926881,4.7553398298329155,-0.0034391550032122353
1780319683.346657276,-0.012206850985692519,-1.6026776349335012,1.570116927014977,-3.028954465292399,4.756290654258809,-0.0035155160470337066
1780319683.356740236,-0.012497430473739968,-1.6028015652828866,1.5702362198905597,-3.0289461218627842,4.7573338659998035,-0.003599305763189342
1780319683.366980553,-0.01278235682913298,-1.6029228583766963,1.570352953998906,-3.028937843464069,4.7583567136288965,-0.003681467746424083
1780319683.376914024,-0.013042708261730596,-1.6030334937390887,1.5704594140394639,-3.028930196698671,4.759291281872184,-0.0037565449582324106
1780319683.386916876,-0.013268505820632548,-1.6031292936429447,1.5705515857939083,-3.028923502343201,4.760101769320437,-0.003821659013475198
1780319683.397940874,-0.013450728245500088,-1.6032065025625801,1.570625862505055,-3.0289180591505582,4.760755816328915,-0.003874207396337148
1780319683.407167435,-0.013590525270693377,-1.6032656727832597,1.5706827810356243,-3.028913859879574,4.761257568787177,-0.003914521407126337
1780319683.417247534,-0.013691530436054755,-1.603308389794071,1.5707238704727327,-3.028910814783388,4.761620081809022,-0.00394364861637353
1780319683.427004099,-0.013759124009860457,-1.60333695988259,1.5707513517092013,-3.0289087740020375,4.761862674321749,-0.003963140356860073
1780319683.437143564,-0.01379769017069954,-1.6033532541446611,1.5707670258532729,-3.028907611946558,4.762001086194812,-0.003974260840850619
1780319683.447038651,-0.013810808079336212,-1.6033587939770193,1.570772356867571,-3.028907223498854,4.76204816539628,-0.003978042218624189
1780319683.456729650,-0.013802391172271555,-1.6033552357242922,1.5707689377629015,-3.028907490033637,4.762017957756395,-0.003975613603849126
1780319683.467389107,-0.013833531024251222,-1.6033683903297131,1.5707815896166402,-3.02890654401717,4.762129716041985,-0.0039845994753289204
1780319683.477256298,-0.013928385761335704,-1.6034084457858828,1.5708201103052215,-3.0289036468786477,4.7624701369740645,-0.004011963993077572
1780319683.488083839,-0.01407579066905118,-1.603470643512316,1.5708799198892498,-3.0288991214394736,4.762999139542607,-0.00405448744129
1780319683.497322559,-0.014266916826139564,-1.6035512005664847,1.5709573757490134,-3.02889321456807,4.763685022745534,-0.004109624039188908
1780319683.507330656,-0.014494643813368846,-1.603647053075644,1.5710495265833788,-3.0288861198841457,4.7645022167939075,-0.004175320921317116
1780319683.516882658,-0.014748223281787709,-1.6037536190731467,1.5711519624388628,-3.028878147864652,4.765412135988143,-0.004248478635802577
1780319683.526500702,-0.015011091232671525,-1.6038639015536438,1.571257954483918,-3.0288698041965945,4.766355334586383,-0.004324319625598427
1780319683.536664486,-0.015267496153164473,-1.6039712891967532,1.5713611484567884,-3.028861587781115,4.767275294371113,-0.004398299929300187
1780319683.546639919,-0.015505264151345344,-1.6040707095115003,1.5714566723087087,-3.028853899987348,4.768128344002883,-0.00446690696328389
1780319683.556629658,-0.015717821970400614,-1.6041594566512138,1.571541929970833,-3.0288469714993282,4.768890912008317,-0.004528243457209591
1780319683.566635132,-0.015901956993428,-1.6042362361500233,1.5716156819383715,-3.0288409269189978,4.76955148530784,-0.004581381523557582
1780319683.576771259,-0.016057563111201212,-1.6043010470759365,1.5716779310483537,-3.0288357880681236,4.7701096945020875,-0.004626289605917933
1780319683.586715698,-0.016188072488703575,-1.6043553536677546,1.571730086639316,-3.028831456274259,4.770577860760039,-0.004663957271803021
1780319683.596609354,-0.016296936118464167,-1.604400617337169,1.571773554419802,-3.02882782775356,4.770968369990944,-0.004695379730859983
1780319683.606564760,-0.016385836502388784,-1.6044375564231501,1.5718090258564512,-3.0288248544465253,4.7712872622726,-0.004721042003322573
1780319683.616607904,-0.016443405658749022,-1.6044614654161382,1.5718319839487565,-3.0288229242246514,4.7714937642680555,-0.004737663080294219
1780319683.626530409,-0.016463204078219995,-1.6044696857168441,1.5718398772085753,-3.0288222597714842,4.771564781175953,-0.004743384206215673
1780319683.636613369,-0.01645453819764775,-1.6044660876571042,1.5718364224676373,-3.0288225512149407,4.77153369670469,-0.00474089088995111
1780319683.646744251,-0.016426711112528025,-1.6044545326857813,1.5718253273883926,-3.0288234856219183,4.771433880745249,-0.00473286786633853
1780319683.656807899,-0.016387687449855193,-1.6044383248738772,1.5718097642989495,-3.028824794314733,4.771293901701925,-0.0047216136478756
1780319683.666851282,-0.016344476845906897,-1.6044203732134665,1.5717925262922787,-3.028826241285545,4.771138902776993,-0.004709151120962929
1780319683.676713943,-0.01630344925475402,-1.6044033237263768,1.5717761541816222,-3.0288276131214085,4.770991733276279,-0.004697318499633063
1780319683.686939240,-0.016270375294749506,-1.604389576087767,1.5717629524524086,-3.0288287175971855,4.770873093304491,-0.0046877809731364906
1780319683.697113514,-0.01624691792859423,-1.6043798238840044,1.5717535873568027,-3.028829500199673,4.77078894867373,-0.004681018337657328
1780319683.707465172,-0.016231081111223844,-1.6043732389937038,1.5717472637898415,-3.0288300282421288,4.770732139733389,-0.004676454511576722
1780319683.717023849,-0.01622129196235278,-1.604369168343725,1.571743354672419,-3.0288303545516935,4.770697024563867,-0.004673635543396948
1780319683.727068901,-0.016216705115949637,-1.6043672608703199,1.5717415229122833,-3.028830507507423,4.770680570824013,-0.004672317424410544
1780319683.737195015,-0.01623129068515361,-1.6043733260019524,1.5717473475274142,-3.028830021882886,4.770732891506315,-0.004676531401547557
1780319683.747382164,-0.01628881890858125,-1.6043972424691049,1.5717703148753883,-3.028828103350649,4.770939252689468,-0.00469313661979065
1780319683.757580280,-0.016390421827837898,-1.6044394601123289,1.57181085515845,-3.0288247053168877,4.77130371003083,-0.004722459949707769
1780319683.767659426,-0.016532441754756988,-1.6044984240438929,1.5718674723598456,-3.02881993556307,4.7718131345755275,-0.004763446041454067
1780319683.777084589,-0.016711548893819206,-1.6045727067289288,1.5719387919372108,-3.0288138868892576,4.772455571503844,-0.004815129513720429
1780319683.786796570,-0.016922347846236363,-1.6046600203533998,1.5720226128433208,-3.0288067194396477,4.773211656226663,-0.004875959428712662
1780319683.796727419,-0.01717338356870357,-1.6047638407588343,1.5721222667064827,-3.028798116504653,4.77411202273355,-0.004948405898217878
1780319683.806646585,-0.017463391612039914,-1.604883563143166,1.572237166144624,-3.028788086958707,4.7751521173781395,-0.0050321064543963345
1780319683.816534758,-0.017789650028755766,-1.6050179741785637,1.5723661392360564,-3.0287766871912374,4.776322158400105,-0.005126278282419072
1780319683.826465130,-0.018155697477792998,-1.6051684291233892,1.572510477906368,-3.02876375038869,4.777634814553528,-0.005231946395913845
1780319683.836572170,-0.018566848048481077,-1.6053369835925873,1.572672143604976,-3.0287490346727,4.779109115989678,-0.00535064959432674
1780319683.846558571,-0.01902076593700741,-1.605522531539311,1.5728500633452345,-3.0287325613188827,4.780736657975127,-0.005481719115000949
1780319683.857969522,-0.019511216586227675,-1.6057223770353435,1.5730416401050398,-3.028714494772871,4.7824950593644475,-0.005623360704720248
1780319683.867604017,-0.020033093859504802,-1.605934302907161,1.5732447375585439,-3.0286949659605047,4.7843659906298175,-0.005774105887746295
1780319683.876534224,-0.020582212195046523,-1.6061564840287277,1.573457596775963,-3.028674079088738,4.786334428120133,-0.005932751969268679
1780319683.886515856,-0.0211550895501178,-1.6063873968186435,1.573678749278729,-3.028651918765231,4.788387875266896,-0.006098299374113658
1780319683.896601677,-0.021748849671256565,-1.6066257772396284,1.5739069765803857,-3.028628552672268,4.790516011583864,-0.006269923454268245
1780319683.906679392,-0.022361095621023175,-1.606870567349631,1.57414125877564,-3.028604035410487,4.792710238679328,-0.0064469379880520705
1780319683.916389465,-0.02298977939494673,-1.6071208609004035,1.5743807222701869,-3.028578412757056,4.7949632123860555,-0.0066287575290964185
1780319683.926904678,-0.023633145730909355,-1.6073758791640973,1.574624616488801,-3.0285517231898322,4.797268640906141,-0.006814881187885646
1780319683.936639309,-0.024289675219254292,-1.607634946758151,1.5748722906062556,-3.028523999557033,4.799621080516264,-0.007004876204256938
1780319683.946606636,-0.02495803845639788,-1.6078974721749848,1.5751231748061179,-3.028495270426683,4.802015770916828,-0.007198364705141458
1780319683.956708670,-0.025636937394187598,-1.6081628846461697,1.575376719863444,-3.028465566555566,4.804448066512968,-0.00739497777497089
1780319683.966885328,-0.026316895862872336,-1.6084274477552594,1.5756293550234042,-3.028435289735333,4.806884026432607,-0.00759197635934683
1780319683.976614952,-0.0269792271827205,-1.6086839369269752,1.5758741860843348,-3.0284052916103383,4.809256722793965,-0.007783947040008066
1780319683.986436605,-0.02762114899166157,-1.6089313782207597,1.57611029235011,-3.0283757414806782,4.811556209579875,-0.007970080067945418
1780319683.996511698,-0.028244615836826803,-1.6091706277640592,1.5763384995007657,-3.0283465922134667,4.813789507606866,-0.008150938731824375
1780319684.006494999,-0.028842511022670436,-1.6093990671194813,1.5765563190960548,-3.0283182225485192,4.815931142253283,-0.008324460235816566
1780319684.016731501,-0.02940377395420679,-1.6096126217674875,1.5767598786017087,-3.028291221610049,4.817941512831558,-0.008487421969726405
1780319684.026844978,-0.029928123524238792,-1.6098113539925833,1.576949250806017,-3.0282656734114006,4.8198196285053525,-0.008639727077383696
1780319684.036573410,-0.03041702125708934,-1.609995973417421,1.577125124130113,-3.028241571532432,4.8215707368721485,-0.008781789445263755
1780319684.046906710,-0.030863862491457006,-1.6101641405586031,1.5772852818947194,-3.028219305823648,4.8231711919155495,-0.008911678861302619
1780319684.057210207,-0.03126520783201858,-1.6103147208741433,1.5774286558263695,-3.0281991140831055,4.82460868284592,-0.009028383437985177
1780319684.066711187,-0.031620867832414135,-1.6104477931471415,1.5775553323056015,-3.028181068091706,4.825882536985785,-0.00913183618668878
1780319684.076634884,-0.03193426475516059,-1.6105647663378235,1.5776666622602322,-3.0281650475825783,4.827005015574131,-0.009223021930925945
1780319684.086511374,-0.03220936548194597,-1.6106672248663862,1.5777641614540665,-3.0281508928814036,4.827990328934365,-0.009303086016565487
1780319684.096648216,-0.03244967612529592,-1.610756557213712,1.5778491573303988,-3.028138457915101,4.828851036041614,-0.009373041609328503
1780319684.107089758,-0.032658314814864475,-1.610833988167406,1.5779228201038844,-3.028127608603387,4.829598305597321,-0.009433790516454543
1780319684.116767168,-0.03283806666654865,-1.6109006032997168,1.5779861863672981,-3.028118221695236,4.8302421131638695,-0.009486138891794837
1780319684.126748800,-0.03299142886904782,-1.610957368910828,1.5780401783137918,-3.028110183758339,4.83079140281774,-0.00953081011878254
1780319684.137992859,-0.033120647769723455,-1.6110051483358756,1.5780856194461172,-3.028103390307066,4.831254220088278,-0.009568455408354382
1780319684.147310257,-0.03322776709185682,-1.6110447218331885,1.5781232536492598,-3.02809774412315,4.831637884725301,-0.00959966767597642
1780319684.157570362,-0.03331459775878365,-1.6110767771009504,1.5781537362979599,-3.0280931575363534,4.831948882662196,-0.009624972614589389
1780319684.167720318,-0.03338280362073842,-1.611101942292139,1.5781776657554762,-3.028089548465442,4.832193173084333,-0.009644853550263122
1780319684.177788019,-0.0334338733777253,-1.6111207767230908,1.5781955746180942,-3.0280868423458416,4.832376087878629,-0.009659743170244539
1780319684.187455893,-0.033469165165178616,-1.6111337882018804,1.578207946258268,-3.0280849701359367,4.832502491328714,-0.009670036433574225
1780319684.197845697,-0.0334899027631419,-1.6111414323344606,1.5782152142169263,-3.02808386880985,4.832576766537037,-0.009676089402684163
1780319684.207639694,-0.03349746118933883,-1.6111442183533606,1.5782178628706818,-3.028083466440367,4.832603838321561,-0.009678302395816019
1780319684.217394590,-0.03349671716091773,-1.6111439444242608,1.578217602035473,-3.0280835046201737,4.832601173457545,-0.009678096097664124
1780319684.227982759,-0.033493634454013765,-1.611142808548406,1.578216521647274,-3.0280836669364932,4.832590132220055,-0.00967720797862004
1780319684.237165928,-0.03349537495178101,-1.6111434502766429,1.5782171314845852,-3.028083573412997,4.832596366107877,-0.009677724571843349
1780319684.247357368,-0.033523273695467815,-1.6111537316461435,1.5782269069753452,-3.028082091669503,4.832696290207685,-0.00968586162019136
1780319684.256571770,-0.033584126749017784,-1.6111761498215014,1.5782482219559153,-3.028078857979459,4.8329142459095005,-0.009703599421703402
1780319684.266623020,-0.03367411474464177,-1.6112092826104787,1.5782797231248942,-3.02807406904106,4.8332365537761515,-0.009729825943613157
1780319684.276408195,-0.033795669411954776,-1.6112540026414628,1.5783222387110243,-3.0280675868157116,4.833671923948313,-0.009765246120990945
1780319684.286632776,-0.03394645717067579,-1.6113094213878805,1.578374921746805,-3.0280595230619127,4.834211998994502,-0.00980918462449143
1780319684.297284126,-0.03412175899787595,-1.6113737717824188,1.5784360898618246,-3.028050115961294,4.834839877740727,-0.00986027455878169
1780319684.307178020,-0.0343182878945143,-1.611445814611102,1.578504562788005,-3.0280395284068486,4.835543788203662,-0.009917561050191814
1780319684.317077398,-0.03453331808895754,-1.6115245188669647,1.5785793583392156,-3.0280278940793712,4.8363139686753485,-0.00998025265515512
1780319684.326764107,-0.03476457196082272,-1.6116090204602358,1.578659653179697,-3.0280153236066285,4.837142262717444,-0.010047688379994035
1780319684.336897612,-0.03501013192783198,-1.6116985898860356,1.5787447520914974,-3.0280019092973367,4.838021803563315,-0.010119311995002711
1780319684.346638680,-0.03526837163552088,-1.6117926068688782,1.578834063865408,-3.02798772879397,4.838946767655333,-0.010194651984354763
1780319684.356775999,-0.03553790209197594,-1.6118905404398864,1.578927082351861,-3.027972847901336,4.839912181709453,-0.010273305856757453
1780319684.366926193,-0.035817529396997116,-1.6119919332477295,1.5790233715344302,-3.027957322783608,4.840913771306755,-0.010354927837544103
1780319684.376784563,-0.036106221496710944,-1.6120963891766182,1.5791225537463516,-3.027941201674457,4.841947841811109,-0.010439219192059923
1780319684.387150288,-0.03640308200345643,-1.6122035635596097,1.5792243003541493,-3.0279245262087464,4.843011184592632,-0.010525920608393413
1780319684.397341251,-0.036707329599275695,-1.6123131554460333,1.579328324394143,-3.0279073324564068,4.844101003250403,-0.010614806207446037
1780319684.407183409,-0.03701828192665424,-1.61242490151999,1.5794343747787405,-3.0278896517171114,4.845214855908051,-0.010705678860951195
1780319684.417546272,-0.03733534319617071,-1.6125385713841034,1.579542231800605,-3.0278715111157974,4.846350610823491,-0.01079836659335598
1780319684.428304195,-0.03765800657781071,-1.6126539681511698,1.579651707673996,-3.0278529333554998,4.847506454957376,-0.010892723306049845
1780319684.437549353,-0.03798582426785213,-1.6127709174755616,1.5797626361092194,-3.027833938331455,4.84868078675156,-0.01098862004874146
1780319684.447684050,-0.03831841393815694,-1.612889269651447,1.579874874287443,-3.0278145426730347,4.849872239234733,-0.011085946927131829
1780319684.457152367,-0.03865545355222455,-1.6130088975344945,1.5799883008722917,-3.0277947599485717,4.851079661459309,-0.011184611612351958
1780319684.467713118,-0.03899625604152668,-1.6131295459355854,1.5801026732363648,-3.0277746257846703,4.852300594759326,-0.011284414781258967
1780319684.477561474,-0.03932427799799498,-1.6132453706181726,1.580212452163618,-3.027755122774287,4.85347577233278,-0.011380510399907173
1780319684.486613035,-0.039616120988061,-1.6133481737374362,1.5803098722395812,-3.027737668642755,4.8545213611432985,-0.011466036339490948
1780319684.497057199,-0.03987192321494071,-1.6134380902625765,1.5803950673402676,-3.0277222907025356,4.855437847883791,-0.011541023687207996
1780319684.506906033,-0.04009656910795023,-1.6135169080588616,1.5804697361473388,-3.0277087238754454,4.8562427250779585,-0.011606900341815773
1780319684.516558886,-0.04029152633641786,-1.6135851980096652,1.5805344235114749,-3.027696903238559,4.856941245046543,-0.011664089818963497
1780319684.526615620,-0.04045973026724958,-1.6136440334744862,1.580590149420066,-3.0276866700260165,4.857543919845414,-0.011713442614275316
1780319684.536678791,-0.04060456534236501,-1.6136946330135382,1.5806380704226333,-3.027677832742959,4.858062871812567,-0.011755947427922742
1780319684.546733379,-0.04072884963100609,-1.6137380073432732,1.5806791455342444,-3.0276702303165934,4.858508195046513,-0.011792427953898788
1780319684.556633234,-0.04083496306366907,-1.613775006858769,1.5807141814334544,-3.0276637254002545,4.858888414602444,-0.011823580191833827
1780319684.567538023,-0.040923705515443665,-1.6138059259316258,1.58074345792801,-3.027658275380303,4.859206394570415,-0.01184963697414787
1780319684.576518774,-0.04099136293816841,-1.6138294843165575,1.5807657637144703,-3.0276541140246134,4.859448825058745,-0.011869506272962127
1780319684.586903572,-0.04103546297539307,-1.6138448333527844,1.5807802960790764,-3.0276513984355615,4.859606845483733,-0.011882460686507557
1780319684.596621752,-0.04105369583096952,-1.6138511778887992,1.5807863027614415,-3.0276502744371503,4.859672178145646,-0.011887820919873171
1780319684.607210636,-0.04104487773315668,-1.6138481098783943,1.5807833976928185,-3.027650816558054,4.85964058078668,-0.011885238881793825
1780319684.616734982,-0.041011904713118774,-1.6138366353402915,1.5807725332563416,-3.027652845744701,4.8595224308034535,-0.011875565061247428
1780319684.626736641,-0.04095808820858693,-1.6138179008004707,1.5807547945892142,-3.0276561556731645,4.8593295946363515,-0.011859772424815063
1780319684.636730909,-0.04088623118898482,-1.6137928736209197,1.580731097044439,-3.0276605704095996,4.859072117054153,-0.011838684924668996
1780319684.647555590,-0.040798719587963994,-1.6137623750090313,1.5807022175244412,-3.027665939273998,4.858758548608815,-0.011813004191841614
1780319684.657848120,-0.04069759226131353,-1.6137271051280457,1.5806688183071627,-3.027672132849709,4.858396196201103,-0.011783329978457324
1780319684.667689800,-0.040584605974782306,-1.6136876662012911,1.5806314689540848,-3.027679039184313,4.857991355877095,-0.011750179176184261
1780319684.677364111,-0.04046128089664336,-1.6136445786423526,1.5805906616024599,-3.027686561112228,4.857549475796571,-0.011713999135184672
1780319684.687542915,-0.04032893802403237,-1.613598294251597,1.5805468234715028,-3.0276946140215046,4.857075290317248,-0.011675178631213257
1780319684.697398186,-0.04018873080412089,-1.6135492073102364,1.5805003273724978,-3.0277031239439722,4.856572933290301,-0.011634057138989462
1780319684.707467794,-0.04004167638084333,-1.6134976655042124,1.5804515020551375,-3.027712025651884,4.856046050020673,-0.01159093400094946
1780319684.718210220,-0.03988866698097571,-1.613443973867282,1.580400635939766,-3.02772126194877,4.855497838071889,-0.011546071773522293
1780319684.728063822,-0.03973240427685809,-1.6133890747014688,1.5803486213299005,-3.027730667355461,4.854937977697352,-0.011500263337899774
1780319684.737249613,-0.03957965842452449,-1.61333534671709,1.5802977119377255,-3.0277398343995605,4.854390724938904,-0.011455493597209099
1780319684.746877432,-0.03943604803532974,-1.6132847740659555,1.5802497883430857,-3.0277484290877297,4.853876208936532,-0.01141340862910667
1780319684.757125139,-0.039306566757554506,-1.613239128791637,1.5802065306785171,-3.0277561581281875,4.85341231891446,-0.011375470397529952
1780319684.766432762,-0.03919577283554254,-1.613200034976714,1.5801694792411833,-3.0277627565128427,4.8530153836394865,-0.01134301261843973
1780319684.776707172,-0.03910506130232605,-1.6131680023642527,1.580139118346225,-3.027768148410683,4.852690399083906,-0.011316441933812094
1780319684.786626339,-0.03903525336244407,-1.613143336111862,1.5801157382684983,-3.027772291286944,4.852440305672592,-0.011295997100627453
1780319684.796706676,-0.038988326090599656,-1.6131267472008997,1.5801000137657775,-3.027775072922055,4.8522721851502775,-0.011282255800447949
1780319684.806482792,-0.038977565505827094,-1.6131229425755986,1.5800964071787638,-3.0277757098777975,4.852233634623895,-0.011279108670849247
1780319684.816817760,-0.039023484427202604,-1.613139176762468,1.5801117951162789,-3.0277729871292425,4.852398142508144,-0.011292563926090793
1780319684.826738834,-0.03912962912307094,-1.6131766809737709,1.5801473430603634,-3.027766685091045,4.852778415908441,-0.011323662596018913
1780319684.836568117,-0.039293541420397204,-1.6132345357486138,1.5802021760808085,-3.0277569289159576,4.853365653570765,-0.011371687511145367
1780319684.846650839,-0.039488104074815844,-1.6133031134574285,1.58026716586966,-3.027745310553786,4.8540627104966525,-0.01142869747641928
1780319684.856918335,-0.03971516545731468,-1.6133830154895126,1.5803428784668085,-3.0277316972178014,4.854876214665496,-0.011495246573614004
1780319684.866875648,-0.03997536545290181,-1.6134744059641708,1.5804294652353779,-3.0277160252767987,4.855808466021529,-0.011571529892237642
1780319684.876701832,-0.0402667994821293,-1.6135765475519932,1.5805262229662334,-3.0276983811051594,4.856852649519341,-0.011656997507425437
1780319684.886717558,-0.040593492411201915,-1.6136907712182333,1.580634407085941,-3.0276784879644905,4.858023196638947,-0.011752839981068242
1780319684.896913767,-0.04096210260773514,-1.6138193010804436,1.5807561171237234,-3.027655897301385,4.8593439790595045,-0.011861024187125757
1780319684.907162428,-0.04137236204410755,-1.6139619176210953,1.5808911367932739,-3.027630573280751,4.8608140551224635,-0.011981487822282588
1780319684.917025566,-0.041818702028095345,-1.6141165550578158,1.5810375017586418,-3.027602805753272,4.862413491426004,-0.012112612890866181
1780319684.926657438,-0.042296387159506565,-1.6142814499850457,1.5811935349317243,-3.0275728383707987,4.8641253404050095,-0.012253024942575408
1780319684.937091589,-0.04280152573391227,-1.6144551442767305,1.5813578491674003,-3.0275408676484714,4.865935677647017,-0.012401596202074039
1780319684.947009087,-0.0433308873081959,-1.61463642041031,1.581529285940321,-3.027507053703173,4.867832948260964,-0.012557392131633094
1780319684.956979752,-0.043881763592866996,-1.6148242518869331,1.581706868315288,-3.027471528331849,4.869807468482407,-0.012719630709633556
1780319684.967958927,-0.04445186152838154,-1.6150177649564519,1.581889764627947,-3.027434401151574,4.871851042584618,-0.012887651144688483
1780319684.977302313,-0.045039241248058914,-1.6152162158718077,1.5820772668631844,-3.0273957629378976,4.873956740649586,-0.013060895782723847
1780319684.987056971,-0.045642187162648895,-1.6154189458756028,1.5822687480170334,-3.0273556934985284,4.876118436540389,-0.01323887224548237
1780319684.996770144,-0.04625921837172431,-1.6156253836497871,1.582463664329741,-3.027314260543871,4.878330845284807,-0.013421156614718655
1780319685.007117510,-0.046889038859408316,-1.6158350274518707,1.5826615383290195,-3.0272715225311706,4.880589344598925,-0.01360737885418839
1780319685.016995668,-0.047530494538629675,-1.616047429849262,1.5828619443475314,-3.027227531176063,4.882889820917944,-0.013797210215805933
1780319685.027289629,-0.04818018320137618,-1.6162614118229888,1.5830637673600092,-3.027182497679318,4.885220096399294,-0.013989655011591218
1780319685.037281275,-0.04882182928298917,-1.616471612002429,1.583261951388704,-3.0271375495829265,4.887521806354022,-0.014179895501474249
1780319685.047534227,-0.04944393719770268,-1.6166743363494316,1.5834530188598113,-3.0270935216628243,4.889753706956651,-0.014364515346373175
1780319685.056993484,-0.05004894381631875,-1.6168704723242682,1.583637812770151,-3.027050279912652,4.891924526794711,-0.014544226045553721
1780319685.066764832,-0.05063642006663205,-1.6170599666663712,1.5838162887535578,-3.0270078896815766,4.894032712580092,-0.014718891303448167
1780319685.077728510,-0.051192925445237236,-1.6172385999588599,1.583984480438267,-3.026967368445866,4.8960300083608805,-0.014884504992824787
1780319685.087494850,-0.05171431454063047,-1.6174051916930408,1.5841412865753464,-3.0269290820152297,4.897901499879778,-0.01503980013370576
1780319685.096730709,-0.05220067763752212,-1.6175599207530675,1.5842868852713117,-3.026893086336941,4.8996474723665395,-0.015184779618794053
1780319685.107453823,-0.05264961298415649,-1.6177021674617675,1.5844207026687256,-3.0268596194256183,4.901259264380272,-0.015318703870024208
1780319685.117760181,-0.05305537255424664,-1.6178302585188007,1.5845411739898523,-3.026829171611458,4.902716196234742,-0.0154398333837662
1780319685.126741171,-0.053417492358191154,-1.6179441921360098,1.5846483066296821,-3.0268018382687334,4.904016558170801,-0.015548004776717583
1780319685.136894941,-0.05373829701260924,-1.618044826424578,1.5847429153806096,-3.026777497048816,4.905168658259877,-0.015643890232424518
1780319685.147284508,-0.054021654510975736,-1.6181334790530304,1.584826245488571,-3.02675589822805,4.9061863541616635,-0.015728627255258587
1780319685.156667709,-0.05427102012527385,-1.6182113146437995,1.5848993968216856,-3.026736813532363,4.90708202836124,-0.0158032340227523
1780319685.167119265,-0.054489458433244486,-1.6182793566223825,1.5849633353340637,-3.026720036527389,4.907866665967276,-0.01586861517209215
1780319685.177259207,-0.05467970011804191,-1.6183385089349747,1.5850189137357371,-3.0267053799367747,4.908550057618473,-0.01592557813423401
1780319685.186763525,-0.054844188427168206,-1.6183895736816307,1.5850668882662438,-3.0266926733953086,4.909140965455067,-0.015974846507242013
1780319685.196421385,-0.05498511728082622,-1.618433265486761,1.585107932358148,-3.0266817615678243,4.909647259262079,-0.016017071035047792
1780319685.207404613,-0.055104462612804994,-1.6184702232504806,1.585142647805618,-3.0266725025747814,4.910076028438054,-0.016052838643082268
1780319685.216559410,-0.05520400818927751,-1.6185010197816947,1.5851715739164298,-3.0266647666758155,4.910433674236976,-0.01608267988640666
1780319685.226559639,-0.05528536686682628,-1.6185261696978674,1.5851951950149403,-3.026658435173008,4.910725985716099,-0.016107075084858202
1780319685.236526251,-0.055349998003586975,-1.6185461358791935,1.585213946570767,-3.026653399506245,4.9109582019378575,-0.016126459348612343
1780319685.246571302,-0.05539922150576526,-1.6185613346778434,1.5852282201451102,-3.0266495605246617,4.911135062145168,-0.01614122663040085
1780319685.256631374,-0.05543422874573345,-1.618572139995309,1.5852383672635193,-3.02664682793249,4.911260844748084,-0.01615173286859317
1780319685.266518354,-0.05545615155790706,-1.618578905143421,1.5852447199811832,-3.0266451151457052,4.911339615032254,-0.016158316565537234
1780319685.276883125,-0.05546868309026731,-1.61858277184714,1.585248350659979,-3.026644134921074,4.911384641970334,-0.01616208447369516
1780319685.286798477,-0.0554774246442431,-1.61858546899622,1.585250882990369,-3.0266434504525663,4.911416051263809,-0.01616471572465361
1780319685.296695232,-0.055487657081624064,-1.6185886257804034,1.58525384698378,-3.0266426495966443,4.911452817550514,-0.016167793528544472
1780319685.307170868,-0.05551212019909357,-1.6185961710162147,1.5852609322048323,-3.026640737474458,4.911540716680991,-0.016175137602287393
1780319685.316745043,-0.05556774547705068,-1.6186133210070928,1.5852770369792784,-3.026636389647256,4.911740587704347,-0.016191825166940177
1780319685.327084064,-0.05565244411612458,-1.6186394181171035,1.5853015429310995,-3.02662976363514,4.9120449302135265,-0.016217232027513795
1780319685.337013960,-0.055768561806811334,-1.61867516371235,1.5853351074817317,-3.0266206672940714,4.9124621806951065,-0.016252064070827466
1780319685.347315788,-0.055917080163088606,-1.6187208289721617,1.585377983918958,-3.02660901253319,4.912995877798389,-0.016296613509974023
1780319685.356937647,-0.05609067512813848,-1.6187741277994414,1.5854280230981281,-3.026595357413625,4.913619715688727,-0.016348700292827978
1780319685.367158890,-0.05628597275509328,-1.6188339910205372,1.58548421926465,-3.026579953326408,4.914321582275115,-0.016407318397867243
1780319685.376640797,-0.05650018040614935,-1.6188995300665567,1.5855457363604537,-3.026563006815904,4.91509145388045,-0.016471635899923065
1780319685.387200117,-0.05673096728087845,-1.6189700005507381,1.5856118738450933,-3.026544689087437,4.915920965812964,-0.01654095906939812
1780319685.396961451,-0.0569763714165763,-1.6190447737550704,1.5856820399287237,-3.0265251433406117,4.9168030781420455,-0.016614704455244045
1780319685.406961203,-0.0572347289732793,-1.6191233148391984,1.5857557311086705,-3.026504490299214,4.9177318215966945,-0.016692377676960746
1780319685.417959929,-0.05750461887783409,-1.6192051657048623,1.5858325160729738,-3.02648283250757,4.918702098678291,-0.016773556836457537
1780319685.427809238,-0.05778482939778762,-1.6192899345180107,1.5859120258497974,-3.0264602568699144,4.919709563608493,-0.016857882525190604
1780319685.437437534,-0.05807430335651542,-1.6193772787912923,1.585993937918044,-3.0264368389199428,4.920750425475175,-0.01694504139829789
1780319685.447092533,-0.058372107961988995,-1.619466896009043,1.5860779673982113,-3.026412645147921,4.921821339835635,-0.01703475713792102
1780319685.457708120,-0.05867743971796813,-1.6195585248318123,1.5861638681643975,-3.0263877324867607,4.922919426468871,-0.017126791982519762
1780319685.467876911,-0.05898959928012637,-1.619651937230536,1.5862514254501352,-3.0263621502289095,4.924042179061071,-0.017220939206268326
1780319685.476550579,-0.0593079788353883,-1.6197469344284956,1.5863404520269875,-3.02633594094227,4.92518741991094,-0.017317019364573305
1780319685.487004757,-0.05963203742689949,-1.619843339288904,1.5864307810548288,-3.026309142396379,4.926353211258805,-0.017414872893417588
1780319685.497666597,-0.05996130815387524,-1.6199409982437745,1.5865222678755342,-3.026281786877052,4.92753788126188,-0.017514362323912458
1780319685.506680012,-0.060295404731052216,-1.620039782970962,1.5866147915672717,-3.026253900527741,4.928740047694664,-0.01761537431740745
1780319685.516440392,-0.06063398148128929,-1.620139578309293,1.5867082436097095,-3.0262255065804644,4.929958474089822,-0.017717807620428516
1780319685.526891470,-0.06097677475275454,-1.620240294266054,1.5868025391154543,-3.026196621796244,4.931192218861806,-0.01782158564116898
1780319685.536716938,-0.06131850909519887,-1.6203403762881132,1.586896222483428,-3.026167688691213,4.932422299009609,-0.017925112700871715
1780319685.546796322,-0.06163290756858686,-1.620432167797766,1.5869821290383275,-3.0261409486892332,4.933554113931488,-0.018020419920879327
1780319685.556556463,-0.061911700176702666,-1.6205133354933015,1.5870580797715983,-3.026117139520722,4.934557856025741,-0.01810498334182231
1780319685.566578627,-0.06215835314409546,-1.6205849671300783,1.5871250969820196,-3.0260959982312907,4.9354459691500745,-0.018179838771152923
1780319685.576776743,-0.06237545384750387,-1.6206478776413622,1.5871839464043342,-3.0260773287230216,4.936227740463883,-0.018245764565155476
1780319685.586672068,-0.06256291045499385,-1.6207020932687648,1.5872346561619648,-3.0260611633812173,4.936902814470341,-0.018302713132654524
1780319685.596598387,-0.06272455359775009,-1.6207487652573676,1.5872783055731117,-3.0260471904727213,4.937484965712981,-0.018351838025411737
1780319685.606744289,-0.06286358084150123,-1.620788849515379,1.5873157905231179,-3.026035147575947,4.937985694580789,-0.018394103690157593
1780319685.616830826,-0.06298268025910048,-1.6208231457430209,1.587347860277854,-3.0260248124247844,4.9384146707910315,-0.018430321732615162
1780319685.627045393,-0.06308404642368792,-1.6208523046059433,1.5873751243418481,-3.026016002614486,4.938779789820833,-0.018461155227265102
1780319685.636592150,-0.06316608242482769,-1.6208758822454197,1.5873971685789543,-3.0260088635475215,4.9390752921208865,-0.018486115024701988
1780319685.646873236,-0.06322569126074384,-1.6208930026072075,1.587413174698069,-3.0260036707004483,4.939290015130329,-0.018504255908736944
1780319685.657081604,-0.06326103039221032,-1.6209031479306315,1.5874226592770877,-3.026000589447628,4.939417316061903,-0.018515014735780433
1780319685.667008162,-0.06327032377313913,-1.6209058156091096,1.5874251528378203,-3.025999777687247,4.939450793568459,-0.018517849472734937
1780319685.676877022,-0.06325469440765463,-1.6209013299995396,1.5874209587454942,-3.026001138422696,4.939394492038991,-0.01851310131531747
1780319685.686772108,-0.06321749807943888,-1.6208906514843857,1.5874109747101295,-3.0260043779423187,4.939260501358659,-0.01850179190568113
1780319685.696646214,-0.06316165010978203,-1.6208746109910983,1.5873959772402126,-3.026009239627905,4.939059326223455,-0.01848480955073928
1780319685.707035542,-0.06308962675635676,-1.6208539118072602,1.5873766234203606,-3.0260155044415074,4.938799890477339,-0.01846290932687733
1780319685.716708899,-0.06300354305570988,-1.6208291528481373,1.5873534727164775,-3.0260229845366755,4.938489817062618,-0.018436736554507505
1780319685.726725817,-0.06290521522541148,-1.6208008471647775,1.5873270043127503,-3.0260315180750843,4.938135652512484,-0.018406845648985204
1780319685.737772942,-0.0627962109488962,-1.6207694367544647,1.5872976309793174,-3.0260409650051474,4.937743047903458,-0.018373715334728757
1780319685.747356892,-0.06267788607802238,-1.6207353033189804,1.587265709142877,-3.0260512039585747,4.937316890957859,-0.018337759761873684
1780319685.757272720,-0.06255143052851686,-1.620698781587456,1.5872315513508484,-3.0260621283138236,4.936861471299644,-0.01829934243713449
1780319685.767313957,-0.062417883847405875,-1.620660163839207,1.5871954305029714,-3.0260736448623105,4.936380536507719,-0.01825878094857991
1780319685.777640581,-0.062278159664402644,-1.6206197069462478,1.5871575864369232,-3.0260856716872873,4.9358773801874785,-0.01821635440056646
1780319685.787651777,-0.062133989008176016,-1.6205779060079122,1.587118481915015,-3.02609805716359,4.935358238685355,-0.018172589789561044
1780319685.797032595,-0.061991586956127165,-1.6205365614754896,1.5870798011296576,-3.026110266625581,4.934845492376118,-0.018129374377711116
1780319685.807335377,-0.06185653108030387,-1.6204972980526087,1.5870430643887563,-3.0261218240758434,4.934359221761372,-0.0180883998771435
1780319685.817490578,-0.061733593931665,-1.6204615139975296,1.587009580567625,-3.0261323256596437,4.933916605315453,-0.0180511120734419
1780319685.826834917,-0.06162714834907668,-1.6204304965578906,1.5869805549733698,-3.0261414039323546,4.933533379963791,-0.01801883433764484
1780319685.836404562,-0.061539607726288637,-1.620404964478932,1.586956661075716,-3.0261488596578774,4.9332182271387826,-0.01799229521567991
1780319685.846718788,-0.06147138275493269,-1.6203850513834634,1.5869380247177842,-3.026154663765051,4.9329726189090515,-0.017971616185092465
1780319685.856627941,-0.061424706048027744,-1.6203714203451014,1.5869252671045622,-3.026158631152019,4.932804587327018,-0.017957471620326793
1780319685.866475344,-0.061404404652083855,-1.6203654899789237,1.5869197164367277,-3.0261603552464003,4.932731505152388,-0.017951322858820618
1780319685.876538277,-0.06143320007013919,-1.6203739018684562,1.5869275889186378,-3.0261579068088684,4.932835164769614,-0.01796005642679166
1780319685.887087584,-0.061520915958444,-1.6203995113426277,1.5869515560455052,-3.0261504447393244,4.933150936639826,-0.017986652971186068
1780319685.896504402,-0.06166927166697178,-1.6204427766363398,1.586992044176828,-3.026137804205429,4.93368503057784,-0.018031642428695704
1780319685.906431437,-0.061860755649363774,-1.6204985292029441,1.5870442134633869,-3.0261214526888462,4.934374432024669,-0.018089721723278274
1780319685.916544437,-0.06208075015596748,-1.620562457716077,1.587104026255844,-3.026102613893008,4.9351665387404715,-0.018156474598873373
1780319685.926644802,-0.06233272178841265,-1.6206355142555537,1.587172369948963,-3.0260809664030197,4.9360738590625015,-0.018232967188505533
1780319685.936976910,-0.06261445663881116,-1.62071699257186,1.5872485802190872,-3.0260566729076808,4.937088452194194,-0.018318541757731843
1780319685.946714163,-0.06292729325942581,-1.6208072085036598,1.5873329484603225,-3.0260295874082157,4.938215173699078,-0.01841362106139055
1780319685.956847668,-0.06327828536744828,-1.6209081055844106,1.5874272871222082,-3.025999060246036,4.939479473679105,-0.018520369817950133
1780319685.966740370,-0.06367159994576888,-1.6210207638719591,1.5875325994594913,-3.0259646783871115,4.940896421484082,-0.018640082549508108
1780319685.976635695,-0.06410276501408241,-1.6211437718572448,1.5876475587515693,-3.0259267766145452,4.942449973780472,-0.018771428377753807
1780319685.986734629,-0.06456667444802555,-1.6212755466480466,1.587770678743983,-3.0258857494147096,4.94412179928947,-0.018912881561608863
1780319685.996968985,-0.06505914667097379,-1.6214147823257008,1.5879007328738763,-3.025841915532787,4.9458968931274265,-0.019063195521617615
1780319686.006807804,-0.06557672374528067,-1.621560391235037,1.5880366993169133,-3.0257955350403347,4.947762853507979,-0.019221341924303914
1780319686.016898394,-0.06611651136668506,-1.6217114569980469,1.588177716992847,-3.0257468228313353,4.949709305780592,-0.019386462210791322
1780319686.027098417,-0.06667607258256858,-1.6218672028975778,1.5883230559376322,-3.0256959574142797,4.951727520018822,-0.01955783548201051
1780319686.037121296,-0.06725334563436469,-1.6220269672227747,1.5884720941863357,-3.025643087616699,4.953810115496394,-0.019734853716553147
1780319686.047208071,-0.06784654419953018,-1.6221901740814086,1.5886242904472399,-3.02558834104738,4.955950701498409,-0.019916991514527638
1780319686.057452679,-0.06845411752684516,-1.622356321172755,1.588779172619904,-3.0255318272380576,4.958143734009896,-0.020103794119924245
1780319686.067935944,-0.0690747135544445,-1.622524968520322,1.5889363272168846,-3.02547364056915,4.960384383104712,-0.020294866329520822
1780319686.078425884,-0.06970714698422853,-1.6226957287273844,1.589095390215163,-3.0254138628058462,4.962668418145814,-0.02048986288979915
1780319686.086851835,-0.07035021161496058,-1.6228682157876397,1.5892559993361324,-3.025352580619395,4.964991530182424,-0.02068843072399229
1780319686.096894503,-0.07099379569292452,-1.6230396865896424,1.5894155993099284,-3.0252907431281444,4.967317220429951,-0.020887458943485093
1780319686.107341528,-0.07162069376164837,-1.6232055992440726,1.5895699655727031,-3.025230020847498,4.969583300396173,-0.02108161937935016
1780319686.116634130,-0.07222959809240947,-1.6233656977847843,1.5897188653831151,-3.0251705787670775,4.971784998179432,-0.021270486953408607
1780319686.127070427,-0.07282301979021266,-1.623520727241206,1.5898629966810676,-3.025112207732589,4.973931350356837,-0.021454821782059597
1780319686.137058258,-0.07339063402788248,-1.6236680921976987,1.5899999518589885,-3.0250559650479287,4.975984957225674,-0.02163139983036011
1780319686.146895885,-0.07392441587264642,-1.623805849642971,1.590127933706973,-3.0250027092428,4.977916701323821,-0.02179768360131984
1780319686.157272339,-0.07442251500389574,-1.6239336771854243,1.5902466515715088,-3.0249526935712088,4.9797197907079465,-0.021953052223961045
1780319686.167212963,-0.07488618744588749,-1.6240520437624113,1.5903565491250578,-3.0249058563962516,4.9813986796403364,-0.022097858388406166
1780319686.177265406,-0.07530956646513332,-1.6241595966411264,1.5904563783975936,-3.0248628542504963,4.982932031876116,-0.022230230715529764
1780319686.187618017,-0.07569035637872368,-1.624255899987328,1.5905457429033851,-3.024823985541163,4.984311435681375,-0.02234941088403186
1780319686.197084188,-0.07602976143416829,-1.6243413931535144,1.5906250576734444,-3.0247891872226598,4.985541162731366,-0.022455738130027214
1780319686.207022667,-0.07633132599178793,-1.6244170826499404,1.5906952626511615,-3.02475814654723,4.986633977370515,-0.02255029063208891
1780319686.217592478,-0.07659857756945598,-1.6244839459693674,1.5907572694863517,-3.024730541529929,4.9876025991803745,-0.022634148079777816
1780319686.227150679,-0.07683464320143507,-1.624542839617872,1.590811876482004,-3.024706082330361,4.988458310119773,-0.02270827028138367
1780319686.237183571,-0.07704230327996697,-1.6245945168776759,1.5908597853103488,-3.0246845075806186,4.989211146938959,-0.02277351290763896
1780319686.247857571,-0.07722404076210854,-1.624639643492304,1.590901615748419,-3.0246655807913765,4.989870077344176,-0.0228306420163662
1780319686.257181883,-0.07738208850196848,-1.624678812152898,1.5909379192596655,-3.0246490866321745,4.990443169814948,-0.022880348179136867
1780319686.268007755,-0.07751844089621507,-1.6247125475766593,1.5909691838230735,-3.0246348306878845,4.990937634369925,-0.022923249535708123
1780319686.277763128,-0.07763490610660373,-1.6247413212067618,1.590995847655317,-3.024622634790505,4.991360010742445,-0.022959907722772677
1780319686.287894011,-0.07773311451901499,-1.6247655547164408,1.5910183025358793,-3.0246123367628064,4.9917161980920515,-0.02299083013661285
1780319686.297747850,-0.07781453899786861,-1.6247856261690137,1.5910368995788515,-3.0246037888133825,4.992011527660749,-0.023016475977360784
1780319686.307472706,-0.07788051229028525,-1.6248018752498625,1.5910519541321801,-3.0245968561309855,4.992250825240912,-0.02303726145793039
1780319686.316725254,-0.07793223618370693,-1.6248146062878153,1.5910637486186945,-3.024591416265394,4.992438443852088,-0.023053562466104793
1780319686.327388763,-0.07797080301926318,-1.624824094172899,1.5910725380526616,-3.0245873571454056,4.992578341334241,-0.023065721158009644
1780319686.336766481,-0.07799909071168276,-1.624831050772551,1.5910789821787437,-3.024584377900841,4.992680954172842,-0.023074642746297336
1780319686.346624374,-0.07802231648269231,-1.6248367609412622,1.5910842714737157,-3.02458193054386,4.992765206268386,-0.023081969975883965
1780319686.356542587,-0.0780451988824753,-1.624842385182495,1.5910894811183027,-3.024579518779164,4.992848213869776,-0.02308918901431234
1780319686.366762638,-0.0780738927299085,-1.6248494355208685,1.5910960118819817,-3.0245764944822655,4.992952304463772,-0.02309823892501406
1780319686.376690626,-0.07812659351639173,-1.6248623779417564,1.591108000933999,-3.024570939812194,4.993143487747739,-0.02311485324795548
1780319686.386906147,-0.07820799806390522,-1.624882353721068,1.5911265049175378,-3.0245623545401226,4.993438811365834,-0.023140515078320156
1780319686.396775246,-0.07831789883627671,-1.6249092921722283,1.5911514573599623,-3.024550751837695,4.993837536963484,-0.023175164185067487
1780319686.407088518,-0.07846241799482012,-1.624944663551653,1.5911842190893233,-3.0245354738030046,4.9943618982405,-0.02322073288342974
1780319686.416773081,-0.07863365689779389,-1.6249864979217552,1.591222963320486,-3.024517337924331,4.994983263893677,-0.023274744989208784
1780319686.427454472,-0.07882707905556341,-1.6250336520523394,1.5912666290590451,-3.0244968074519054,4.9956851990071645,-0.023335784584687325
1780319686.437441111,-0.07903979283308793,-1.6250853870902269,1.5913145303412934,-3.024474173983352,4.996457235375001,-0.0234029493679202
1780319686.447668076,-0.07926938685921137,-1.6251410839729203,1.591366092283138,-3.02444967932977,4.997290645884978,-0.023475487872774536
1780319686.457537889,-0.07951384346910206,-1.625200222323505,1.5914208315363874,-3.024423524702898,4.998178130399772,-0.023552772150111423
1780319686.468106508,-0.07977143748818083,-1.6252623557123522,1.5914783333771918,-3.0243958814321164,4.999113448479688,-0.023634265838191837
1780319686.477609634,-0.0800407072438345,-1.6253271043775097,1.5915382449533069,-3.0243668939468042,5.000091314330723,-0.02371951507417336
1780319686.487270355,-0.0803204031591429,-1.6253941424831106,1.591600263473581,-3.0243366851401046,5.001107210392787,-0.023808132328164255
1780319686.497784853,-0.08060942825970319,-1.625463183519738,1.5916641226827821,-3.02430536264271,5.002157171493189,-0.02389977765003337
1780319686.507714510,-0.08090684874870302,-1.6255339825237591,1.5917295948971688,-3.0242730175393775,5.0032378234795205,-0.02399416211178451
1780319686.517416716,-0.08121183206423144,-1.6256063209818405,1.5917964770254394,-3.024239730948597,5.004346158407038,-0.02409102825020515
1780319686.526477575,-0.08152365652767113,-1.6256800088711998,1.5918645924410009,-3.0242055728585164,5.005479569774739,-0.024190153203125675
1780319686.536913872,-0.08184169331968327,-1.625754880095088,1.591933786745599,-3.024170603964242,5.0066357872316285,-0.024291343068703952
1780319686.546610117,-0.08216539116585686,-1.6258307886064784,1.5920039241717394,-3.024134877229921,5.007812821096691,-0.02439442811218484
1780319686.556778193,-0.0824942686479968,-1.625907606360637,1.5920748856771567,-3.0240984386273,5.009008934577493,-0.024499260389551303
1780319686.566653013,-0.0828279092514137,-1.625985221920109,1.592146567642727,-3.0240613275767636,5.010222625931457,-0.024605712240457045
1780319686.576585531,-0.08316595956259842,-1.626063539795183,1.5922188812498075,-3.024023577038468,5.011452622088159,-0.02471367578742356
1780319686.586830854,-0.08350813189756057,-1.626142480797209,1.5922917527920017,-3.0239852131013145,5.012697888407073,-0.024823063857609462
1780319686.596698761,-0.08385362164912546,-1.6262218481944277,1.5923650001541756,-3.0239463205880535,5.01395550773952,-0.024933623511629754
1780319686.606900454,-0.08418591611730974,-1.6262978627392357,1.5924351363740434,-3.0239087648349927,5.015165362248846,-0.025040066181554188
1780319686.616727591,-0.08448579636452269,-1.626366191472516,1.592498166952643,-3.023874747072432,5.016257426184627,-0.02513621506671182
1780319686.627532005,-0.08475376452687833,-1.6264270314618265,1.592554277987367,-3.023844248172298,5.017233460120414,-0.025222204915459123
1780319686.637159824,-0.08499409970418004,-1.6264814232943525,1.5926044323773028,-3.0238168112529618,5.018108992976695,-0.025299391341807365
1780319686.646409988,-0.08520299129212994,-1.626528564922082,1.5926478939937248,-3.023792900212485,5.018870092139758,-0.02536652917158211
1780319686.656694889,-0.08538332982923258,-1.6265691624181011,1.5926853169731792,-3.023772210429818,5.019527243735486,-0.025424524773381307
1780319686.666908026,-0.08553875903771058,-1.6266040777022353,1.5927174980465886,-3.023754343267651,5.0200936900901665,-0.025474535930447573
1780319686.676962137,-0.0856723265561552,-1.62663402680091,1.592745098836358,-3.0237389630468456,5.020580511231989,-0.025517532611819327
1780319686.687017679,-0.08578660042228492,-1.6266596092873806,1.5927686731673245,-3.0237257851697077,5.020997046690766,-0.02555433337849866
1780319686.697471619,-0.08588314469870184,-1.6266811935657932,1.5927885614958035,-3.02371463781714,5.021348981883401,-0.025585435658286748
1780319686.707485437,-0.08595890753806401,-1.6266981131663734,1.5928041505357333,-3.0237058806904633,5.021625178201066,-0.025609851101904724
1780319686.717303991,-0.08601189948218924,-1.6267099378712615,1.5928150446306322,-3.023699750272598,5.021818370834038,-0.025626933959788545
1780319686.727439404,-0.08604064063000205,-1.6267163480813558,1.5928209498798052,-3.023696422683237,5.021923155307048,-0.025636203714794803
1780319686.737987995,-0.0860444148797681,-1.6267171901249569,1.5928217250252894,-3.023695983618804,5.021936915619181,-0.02563742749698683
1780319686.747831583,-0.08602586178816285,-1.6267130534835061,1.5928179132184093,-3.0236981280878608,5.021869274350447,-0.025631455661154767
1780319686.757901430,-0.08598803044199954,-1.6267046149320565,1.5928101378207098,-3.02370250181611,5.021731350653473,-0.025619271919632425
1780319686.766981602,-0.08593349167828546,-1.6266924422238276,1.5927989216251868,-3.023708804758258,5.0215325221260585,-0.025601706656854795
1780319686.777020693,-0.08586444454784559,-1.626677018968274,1.5927847098364332,-3.023716779311863,5.021280811964481,-0.025579470852757247
1780319686.786416054,-0.08578277185124072,-1.6266587577613585,1.5927678822066618,-3.0237262042404587,5.0209830907841955,-0.02555317372606236
1780319686.796554089,-0.08569009433426267,-1.6266380127527427,1.5927487646392353,-3.023736888628404,5.02064527378453,-0.02552334003583301
1780319686.806762934,-0.08558781476990163,-1.6266150897808496,1.5927276385421867,-3.023748666922952,5.020272481196636,-0.025490424184212657
1780319686.816741467,-0.08547715329607275,-1.626590254438666,1.5927047482691097,-3.023761394932147,5.019869166956675,-0.025454821542044925
1780319686.826985121,-0.08535917638861079,-1.6265637386405185,1.5926803071748088,-3.0237749465217307,5.019439224244824,-0.025416877750704003
1780319686.837365866,-0.08523482084412137,-1.6265357460234187,1.5926545025945107,-3.0237892108647353,5.018986072877731,-0.02537689643383345
1780319686.846821308,-0.08510516622837994,-1.6265065133929113,1.5926275524910998,-3.0238040612368047,5.01851365201335,-0.02533522677035638
1780319686.857742548,-0.08497523690319486,-1.626477170537978,1.5926004982478885,-3.0238189206577997,5.018040271358924,-0.02529348479971727
1780319686.867738008,-0.0848507371814673,-1.6264490085710186,1.5925745303944234,-3.023833137991223,5.017586711314831,-0.025253502452753374
1780319686.877651453,-0.08473622382314172,-1.6264230664003412,1.592550607301135,-3.0238461966030075,5.017169565422324,-0.025216740606873955
1780319686.887012243,-0.08463581476238957,-1.6264002886364626,1.5925296006491108,-3.023857632270977,5.01680382438051,-0.025184517545798535
1780319686.897308826,-0.08455263864831686,-1.6263813983916968,1.5925121780063154,-3.0238670948219237,5.016500872974574,-0.02515783303624808
1780319686.907722235,-0.08448696979657555,-1.626366470349784,1.5924984089047722,-3.023874558807754,5.016261699857595,-0.025136770944270914
1780319686.916520596,-0.08444105790758982,-1.6263560263102637,1.5924887751608898,-3.023879773281325,5.016094489922302,-0.025122049548927272
1780319686.926772833,-0.08441739730520581,-1.6263506418233815,1.592483808072418,-3.0238824586285036,5.016008320588962,-0.025114466220196086
1780319686.936662197,-0.08443007075597109,-1.6263535267086278,1.5924864686161746,-3.0238810177681006,5.016054475746962,-0.025118536174803197
1780319686.946725130,-0.08449850257455616,-1.6263690944601779,1.5925008273656063,-3.0238732412998295,5.016303702740044,-0.025140491625662342
1780319686.957381248,-0.0846264506752945,-1.626398165495191,1.592527639252113,-3.023858686326505,5.016769716839093,-0.025181548975822032
1780319686.967088699,-0.08480782111679375,-1.6264392940383612,1.5925655678584363,-3.0238380184753537,5.017430374211873,-0.025239769557909852
1780319686.977588892,-0.08501909240157168,-1.6264870837729957,1.5926096339575222,-3.023813890993979,5.018200048582534,-0.025307621883926323
1780319686.987083197,-0.0852601779438551,-1.626541461502633,1.5926597664778062,-3.0237862858031384,5.019078471024942,-0.025385102308858265
1780319686.996888876,-0.08552975679688757,-1.626602068935627,1.5927156319687816,-3.023755326013946,5.0200608806930305,-0.025471806746844017
1780319687.006525993,-0.08582690645107949,-1.6266686336910023,1.5927769759863395,-3.0237210871554203,5.021143972424675,-0.02556746066837423
1780319687.016849756,-0.0861572410203113,-1.6267423351450905,1.5928448813263953,-3.0236828855554787,5.022348278115285,-0.025673898398178352
1780319687.027126789,-0.08652779164123814,-1.626824636770543,1.592920690889838,-3.0236398585567357,5.023699524439527,-0.02579342206134516
1780319687.037279129,-0.08693766134591563,-1.626915212255028,1.5930040975297504,-3.023592050466287,5.025194554038123,-0.02592578654754618
1780319687.046682119,-0.08738148607974416,-1.6270127469550175,1.5930938840016393,-3.023540025884657,5.026813918221055,-0.026069304944541294
1780319687.056556225,-0.0878547956944189,-1.6271161369549754,1.5931890278648375,-3.023484251063724,5.0285414190381506,-0.026222575085895983
1780319687.067237854,-0.0883539089320422,-1.6272244647882008,1.5932886790653473,-3.0234251056626436,5.030363727089922,-0.02638444597874745
1780319687.077106714,-0.08887576408524911,-1.6273369606694121,1.593392124161566,-3.0233629018804757,5.032269764929368,-0.026553963543345382
1780319687.086807251,-0.08941778929233557,-1.627452972563841,1.5934987586907927,-3.0232978990029187,5.034250234958723,-0.026730329124277752
1780319687.096920490,-0.08997780276263878,-1.627571943011425,1.593608065763511,-3.023230314523916,5.036297256374375,-0.026912867619730108
1780319687.106609821,-0.09055393559056579,-1.6276933910993696,1.5937195994068647,-3.0231603327054013,5.038404084370762,-0.027101002853454403
1780319687.116708040,-0.09114457158295686,-1.6278168983454577,1.5938329715174515,-3.023088111222752,5.040564891273167,-0.02729423839122358
1780319687.127497673,-0.09174829981940213,-1.627942097534004,1.593947841540506,-3.0230137863894866,5.042774593997274,-0.027492142423655608
1780319687.137273550,-0.09236387656392964,-1.6280686637472588,1.5940639081776373,-3.0229374773510256,5.045028715508714,-0.027694335626684108
1780319687.146661997,-0.0929902168390555,-1.6281963116612648,1.5941809068486543,-3.022859286678114,5.047323354757937,-0.027900488710885796
1780319687.156727552,-0.09362352986886613,-1.6283242186119224,1.5942980812545937,-3.022779661354801,5.049644685241455,-0.028109376891354287
1780319687.166718006,-0.0942471650837069,-1.6284490274467203,1.594412356658018,-3.0227006956328917,5.0519316829863605,-0.028315510109920616
1780319687.177199841,-0.09485241248034981,-1.628569069664012,1.5945222096933407,-3.0226235266142973,5.054152343770927,-0.028515985041241976
1780319687.187213659,-0.09543931475919276,-1.6286844494666628,1.5946277414512746,-3.022548194822117,5.056306738202266,-0.028710781840717736
1780319687.197541475,-0.09599300268839261,-1.6287923749644655,1.5947264045340448,-3.022476667084255,5.058340160973575,-0.028894923625103708
1780319687.206698656,-0.09651322669163065,-1.6288929584170333,1.5948183108076777,-3.0224090546564844,5.060251537662516,-0.02906826998580403
1780319687.216752768,-0.09700155485910944,-1.6289866513665778,1.5949038817842285,-3.022345228514294,5.062046481677548,-0.029231277674902856
1780319687.227605820,-0.09746055990347902,-1.6290740778802233,1.5949836956735346,-3.0222849199010833,5.063734317608045,-0.029384752153791105
1780319687.236829758,-0.09789338151500182,-1.6291559487005323,1.5950584067034426,-3.022227767993226,5.065326476942367,-0.02952970220090556
1780319687.247690678,-0.09830239792000839,-1.6292328089831631,1.5951285175595586,-3.022173505118829,5.066831610742149,-0.029666887436625267
1780319687.256911993,-0.09868970441385727,-1.6293051344670815,1.5951944668022973,-3.0221218937338445,5.068257344914896,-0.029796978335601132
1780319687.267062902,-0.09905715900234657,-1.629373343090589,1.5952566395153283,-3.0220727213465786,5.06961044534732,-0.029920570816464043
1780319687.277052641,-0.09940641528546212,-1.6294378035085284,1.5953153752098046,-3.022025797278317,5.070896936656864,-0.030038196410721696
1780319687.286851168,-0.09973887673483617,-1.6294988287356453,1.5953709621540488,-3.021980959816329,5.072121931722074,-0.030150306081654143
1780319687.297024012,-0.1000507918271687,-1.6295557848179438,1.5954228259769687,-3.0219387422192074,5.073271549374042,-0.03025561268509147
1780319687.307463884,-0.10033240505894625,-1.629606959968255,1.5954694118237094,-3.021900499769478,5.074309758668678,-0.030350794331284625
1780319687.316595316,-0.10057978016616875,-1.6296517192377271,1.5955101461750818,-3.021866807494021,5.075221959969547,-0.030434487387120512
1780319687.326560259,-0.10079457259672164,-1.6296904358135862,1.5955453728049789,-3.0218374772597154,5.076014176494117,-0.03050722097551084
1780319687.337046385,-0.10097906072621399,-1.6297235806842698,1.5955755236656584,-3.021812228678052,5.076694744608831,-0.030569741026683417
1780319687.346647263,-0.10113523735556917,-1.6297515602011847,1.5956009711413883,-3.0217908136776375,5.0772709617705445,-0.030622702262339985
1780319687.357191801,-0.10126485049410938,-1.6297747258588124,1.5956220370917384,-3.0217730121619937,5.077749234377199,-0.03066668101406833
1780319687.367311954,-0.10136672135127434,-1.6297928982830063,1.595638560153699,-3.021759001963475,5.078125177525136,-0.030701264050891908
1780319687.376534700,-0.1014460081501225,-1.6298070074509008,1.5956514038722778,-3.021748146776887,5.078417800857204,-0.03072818708306979
1780319687.386644602,-0.10153439398663888,-1.6298226252242447,1.5956657294248813,-3.0217364374377267,5.078744030920664,-0.030757940618423518
1780319687.396457911,-0.1016319205022338,-1.6298394604505626,1.595681632562887,-3.0217251905971607,5.079104029610443,-0.030789758678755774
1780319687.406938791,-0.10173874622598866,-1.6298583579883807,1.5956988592713082,-3.0217106262291917,5.079498391276399,-0.030826028643082815
1780319687.417810917,-0.10183457273907237,-1.6297549971127996,1.5957538066442198,-3.022244795679939,5.0798521807456725,-0.030823608371140843
1780319687.427321434,-0.10190167166461173,-1.629459592822129,1.5958647469089722,-3.023631561058481,5.080099927107912,-0.030603643866000674
1780319687.436656952,-0.10193592516183614,-1.6291589362072578,1.5959691203823578,-3.0250176668623774,5.080226405659095,-0.03038610727792257
1780319687.446748018,-0.10188514801010129,-1.62888205042458,1.5960465463865459,-3.0262375870656144,5.080038916138647,-0.030496846638880193
1780319687.456835270,-0.10178879305139255,-1.628518940426872,1.5961404963731831,-3.027814773508943,5.079683159219116,-0.030408450224377326
1780319687.466431379,-0.1016715808324431,-1.6281196833041678,1.5962398818116867,-3.029537678025092,5.079250436598975,-0.030239305462084864
1780319687.476989508,-0.10153014318601894,-1.6277135437809997,1.5963346542158168,-3.03127155200387,5.0787283407115345,-0.030062055215894112
1780319687.487546921,-0.10136596775843021,-1.627300808008287,1.5964250167422764,-3.033015921152002,5.078122396345872,-0.02987730530036714
1780319687.497623444,-0.10118036539856323,-1.6268817245660667,1.5965111416091724,-3.03477035212718,5.077437477899743,-0.029685597090841398
1780319687.506974220,-0.1009744943623554,-1.62645650942168,1.5965931746220643,-3.0365344487915316,5.076677898134554,-0.029487416197395255
1780319687.516905308,-0.10074938494490215,-1.626025352445625,1.5966712391346765,-3.0383078411702553,5.075847498643745,-0.029283201758403266
1780319687.526555300,-0.10050595233644621,-1.6255884191522734,1.5967454387818527,-3.0400901875368525,5.0749496969733325,-0.029073350795795427
1780319687.536396027,-0.10024500991406615,-1.6251458535952903,1.5968158598290567,-3.041881171193669,5.073987535440137,-0.028858223187735454
1780319687.547120094,-0.09996728019765388,-1.624697780778364,1.5968825730743728,-3.0436804975734995,5.072963721400299,-0.028638145755491173
1780319687.556614876,-0.09966852449728858,-1.6242433363420412,1.5969448737179868,-3.0454889263739515,5.071862680220366,-0.02841183323172647
1780319687.567249060,-0.09932788222460509,-1.6237783270906414,1.596999436314124,-3.047310652983666,5.070607624409765,-0.028172685688589105
1780319687.576939344,-0.098931539784612,-1.6232999048670216,1.5970439780363948,-3.049148263508717,5.069147821203846,-0.02791653002309591
1780319687.587193012,-0.09848186339486187,-1.62280842373813,1.597078710869947,-3.0510008603642613,5.067492190957227,-0.02764445616627942
1780319687.596719742,-0.09798183550972706,-1.6223043441740614,1.5971039290746272,-3.052867435690248,5.065651932686291,-0.027357737356001444
1780319687.607060909,-0.09743391638478283,-1.6217880060763257,1.597119833752411,-3.0547471196068123,5.063636327094673,-0.027057464790956942
1780319687.616824627,-0.09684011240057444,-1.6212596435335902,1.5971265442865061,-3.0566391629235126,5.061452987334432,-0.02674457231315497
1780319687.626562595,-0.09620211034961823,-1.6207190761356722,1.5971242032538375,-3.058544368564571,5.059108352635856,-0.02641904618565505
1780319687.637222290,-0.0955287454858933,-1.6201675658157146,1.5971141363280217,-3.0604623204986408,5.056635110362464,-0.02608279901912436
1780319687.647075891,-0.09484268358401948,-1.6196106056577344,1.5970997212589588,-3.06238447152655,5.0541166397239286,-0.025744966527684987
1780319687.657076597,-0.09417236181769084,-1.6190565083223865,1.5970851352862394,-3.064295161568509,5.051657303956185,-0.02541963434537653
1780319687.667183876,-0.09349237872206473,-1.6184961520631473,1.5970670019591218,-3.066215581933197,5.049163871637489,-0.025089990352815228
1780319687.676907539,-0.09282688529384853,-1.6179369748738566,1.597048886534962,-3.0681312835440133,5.0467248707039944,-0.024768731262259536
1780319687.686598063,-0.0921646114160879,-1.617376466035159,1.597028920202449,-3.0700450335604743,5.044298928478192,-0.024452072660927193
1780319687.696633101,-0.09146810969390184,-1.6168064011787715,1.5970005261862568,-3.0719639197739705,5.041748945193541,-0.024106955665454954
1780319687.707456112,-0.0907319308651866,-1.6162223391645778,1.5969632092139716,-3.0739017730178966,5.039055168545971,-0.02377284941749913
1780319687.716768980,-0.08996563717922879,-1.6156281350938704,1.5969180012786055,-3.075848256184743,5.0362527784477145,-0.023432234480906367
1780319687.726910830,-0.08917201940711816,-1.6150243102385904,1.5968651910775455,-3.0778023568838337,5.033352135816286,-0.02308614916691365
1780319687.737376690,-0.08835356678789363,-1.6144113282599513,1.596805028786057,-3.079763161715687,5.030362477667935,-0.022735516753202845
1780319687.747041941,-0.08751251624551681,-1.613789606045101,1.5967377338942663,-3.0817298419206343,5.027292098659057,-0.022381162750552797
1780319687.756595612,-0.08665089208470178,-1.6131595223756436,1.5966635014593935,-3.0837016416808347,5.02414849767572,-0.022023828936847956
1780319687.767431736,-0.08577052870087787,-1.61252142244091,1.5965825053563918,-3.0856778711481074,5.020938462298108,-0.021664182146277078
1780319687.777394295,-0.08487264839104114,-1.6118755059286318,1.5964948175974343,-3.0876580218926164,5.0176665324501775,-0.0213026976527928
1780319687.787091017,-0.0839577336209203,-1.6112217862668716,1.596400377210631,-3.089641797225879,5.014334541839484,-0.020939630767613515
1780319687.797136784,-0.08302618409084062,-1.6105602569437636,1.5962991086437461,-3.0916289276589857,5.0109440167015125,-0.020575207384329275
1780319687.806742907,-0.08207838367597198,-1.6098909086714484,1.5961909340630402,-3.093619152233864,5.007496419982357,-0.020209643365653562
1780319687.816798210,-0.0811147030591366,-1.6092137300669753,1.596075773857507,-3.095612217743932,5.0039931609519765,-0.019843145498819048
1780319687.826879025,-0.08013550189652996,-1.608528708234835,1.5959535470753616,-3.0976078780861322,5.000435603102856,-0.01947591228879908
1780319687.837270021,-0.07914113060645978,-1.6078358292695558,1.5958241718056703,-3.0996058937183864,4.996825070667194,-0.019108134621023787
1780319687.847027302,-0.07813193185338463,-1.6071350786931529,1.595687565515514,-3.1016060312017872,4.993162854019725,-0.018739996318879903
1780319687.856734037,-0.07710824178514919,-1.60642644183938,1.5955436453510425,-3.1036080628110163,4.989450214180065,-0.018371674616190603
1780319687.867466450,-0.0760704299401107,-1.6057099127614132,1.5953923371370908,-3.1056117666973115,4.985688527436229,-0.018003332762977386
1780319687.877010584,-0.075015888734983,-1.60498473758922,1.595232904915437,-3.1076172334263332,4.981868382256174,-0.01763426520555811
1780319687.886638403,-0.07393956849485939,-1.6042377854936216,1.5950658462420404,-3.109672816866292,4.977971546049749,-0.017235207131084174
1780319687.896948576,-0.07284815758233076,-1.6034230969495056,1.5948995176874137,-3.111971503117113,4.974022285497814,-0.016683073700099804
1780319687.906723738,-0.07177740716400383,-1.6025371051748651,1.5947431672668626,-3.1145597800558162,4.970149887581267,-0.015785869216572657
1780319687.917235613,-0.0708049948309295,-1.6016619547877795,1.594605468233673,-3.1171778808084305,4.9666348859023595,-0.014422349313989002
1780319687.927343369,-0.0698629254290184,-1.6006678207690124,1.5944861651664528,-3.1202879048164003,4.9632311140918315,-0.012924651007955035
1780319687.937241793,-0.0689722929980725,-1.5996458119361492,1.5943773446458878,-3.1235390811390844,4.960014552773258,-0.010995747914155807
1780319687.946561575,-0.06814309893227666,-1.5985552270533905,1.594286380566469,-3.127104784120662,4.957021040860137,-0.008794470020032641
1780319687.956745386,-0.06736752133532242,-1.5973838499548325,1.5942112174108025,-3.1310238309715137,4.954222081495715,-0.006369085611319214
1780319687.967192173,-0.06663973547547464,-1.596131629570844,1.5941484541382895,-3.1352870975917457,4.951596445714253,-0.003724386365451693
1780319687.976981163,-0.06595471072694892,-1.5947975196711717,1.5940947897929767,-3.1398896228076065,4.949125813929999,-0.0008624302889197466
1780319687.987082005,-0.06518535843918016,-1.594093544537838,1.593949909994738,-3.141894579407616,4.946351873841381,6.259594540089042e-05
1780319687.996852636,-0.0643815100360996,-1.5941370257316336,1.593723403104054,-3.1409051336396496,4.94345447191827,-0.00019904512832091825
1780319688.006855726,-0.06362458320624409,-1.5939925928679202,1.5935252040469825,-3.1406976100198607,4.940727028688626,-0.000335736307349066
1780319688.016910553,-0.06291380590178797,-1.5937902577591858,1.5933436218972232,-3.140759778621431,4.9381665945366375,-0.0003033253532631619
1780319688.027303457,-0.062253191048302625,-1.5934727027376479,1.5931856663910506,-3.141323540537323,4.935787469200176,6.3198790270416584e-06
1780319688.037935734,-0.06163201118303796,-1.593315222505412,1.5930223192741266,-3.1412911566452566,4.933550886819709,4.157447537252105e-06
1780319688.046496391,-0.06109197577942016,-1.5931689601907442,1.5928801126466337,-3.141296029760708,4.931606871003953,3.763202515355241e-06
1780319688.057080984,-0.06062238400192932,-1.5930410169644045,1.592755706858868,-3.141300307640612,4.92991673623922,3.4074442107517695e-06
1780319688.066806793,-0.06021458213422015,-1.5929293340058877,1.592647105767952,-3.141304060121812,4.9284492145176655,3.0866174951136424e-06
1780319688.076929808,-0.05986128226736653,-1.5928321436334425,1.5925525947852723,-3.1413073468149775,4.9271779883615725,2.7974745808657803e-06
1780319688.086648464,-0.059556306548777194,-1.5927479212021343,1.5924706944936469,-3.1413102188751267,4.9260807604848855,2.5370519012487246e-06
1780319688.096655130,-0.059294374948836825,-1.592675342765907,1.5924001197579314,-3.1413127204990547,4.925138483038186,2.302647708209122e-06
1780319688.107780695,-0.05907093700238786,-1.592613250438398,1.5923397462474775,-3.14131489013302,4.924334747147102,2.0918007141349564e-06
1780319688.116892099,-0.05888202943532406,-1.5925606217413737,1.5922885807767004,-3.141316761507824,4.923655267025883,1.9022700020175143e-06
1780319688.126950502,-0.058724198840032216,-1.5925165547425797,1.5922457469902833,-3.141318364226217,4.92308759909023,1.7320160107122676e-06
1780319688.137493610,-0.058594392319087696,-1.592480242663461,1.5922104607419647,-3.141319724570625,4.922620746574551,1.5791833068622413e-06
1780319688.147843122,-0.058489894251096075,-1.5924509600718668,1.592182016740075,-3.141320865989946,4.922244930574834,1.4420842832034882e-06
1780319688.156681776,-0.058408254858264286,-1.5924280458900153,1.5921597720647014,-3.141321809639806,4.921951331986414,1.31918440843398e-06
1780319688.167092800,-0.05834960394227018,-1.5924115531420053,1.5921437799155602,-3.1413225583374675,4.921740411203481,1.2089758945138974e-06
1780319688.177361488,-0.058328014203224754,-1.5924054327107973,1.5921378949088811,-3.141323018204923,4.921662771033548,1.10957193442501e-06
1780319688.187528133,-0.05832851844373543,-1.59240550270939,1.5921380394630789,-3.1413232958160333,4.92166458435741,1.0194233421792033e-06
1780319688.197772503,-0.05833353986564749,-1.5924068437798793,1.5921394163654021,-3.14132351515213,4.9216826421530495,9.368270577629492e-07
1780319688.206823826,-0.058343235868338006,-1.5924094991073154,1.5921420684212437,-3.141323677678456,4.921717510531726,8.609816971952961e-07
1780319688.216967583,-0.058357734079761414,-1.5924135033822253,1.5921460300847972,-3.1413237848432343,4.921769648620815,7.911945048148724e-07
1780319688.226863146,-0.05837703091294344,-1.5924188544098765,1.5921512997691185,-3.141323838778218,4.921839043757603,7.268430301075734e-07
1780319688.237602234,-0.058401026143972246,-1.5924255228050717,1.5921578493080641,-3.141323838778218,4.921925335828998,6.673685130111018e-07
1780319688.247690678,-0.058429550709990785,-1.5924334598026366,1.5921656315802393,-3.1413237976439685,4.922027917224797,6.122699038960894e-07
1780319688.257072210,-0.05846238559334793,-1.5924426025806753,1.5921745857067833,-3.141323708538346,4.922146000732914,5.610984757134911e-07
1780319688.266608238,-0.05849927693998502,-1.592452878532482,1.5921846412233749,-3.141323577928737,4.922278673891553,5.134529322848368e-07
1780319688.276627541,-0.058539951260526024,-1.5924642095585622,1.5921957222713339,-3.141323408980944,4.922424953639977,4.689749623263633e-07
1780319688.286835670,-0.05858412399212565,-1.5924765144978164,1.592207749973367,-3.1413232048161133,4.922583817094594,4.273452377849718e-07
1780319688.296819210,-0.05863150609168777,-1.5924897110032736,1.5922206442670799,-3.1413229684769055,4.922754225247208,3.8827975345574807e-07
1780319688.307543755,-0.05868180937063627,-1.5925037170601932,1.5922343253892426,-3.1413227029012383,4.9229351421396865,3.515265110394114e-07
1780319688.316578627,-0.0587347504534792,-1.5925184521137075,1.592248714978784,-3.1413224109044946,4.923125549091508,3.168624955203174e-07
1780319688.326546431,-0.058790051505202,-1.5925338372902047,1.5922637362955772,-3.141322095183092,4.923324447308251,2.8409093716049586e-07
1780319688.336594105,-0.05884744592710334,-1.5925497969974476,1.592279315783417,-3.14132175828306,4.9235308783616185,2.5303876158412117e-07
1780319688.346747875,-0.05890668353168138,-1.5925662603707558,1.5922953844823065,-3.141321402571028,4.92374394279907,2.2355437195486865e-07
1780319688.356834888,-0.05896752126717253,-1.5925831586947865,1.5923118755161798,-3.141321030304874,4.923962766780592,1.95505515647033e-07
1780319688.367443800,-0.05902972881171298,-1.5926004269620027,1.5923287256142586,-3.1413206436007126,4.924186522197971,1.687773943807713e-07
1780319688.378264904,-0.05909257000820212,-1.5926178599863192,1.5923457348095416,-3.1413202480118874,4.924412561382004,1.43273621560822e-07
1780319688.386423826,-0.05915127122628494,-1.5926341336688452,1.5923616121253008,-3.1413198769171906,4.924623713264921,1.189781705935149e-07
1780319688.396416903,-0.05920523202791994,-1.5926490838155605,1.5923761976383488,-3.14131953487166,4.924817817133264,9.583819200570324e-08
1780319688.406569004,-0.05925500148576379,-1.5926628648241792,1.592389642056,-3.141319218447681,4.924996847229419,7.378482796129121e-08
1780319688.416469336,-0.059301036949215735,-1.5926756051850717,1.592402070801461,-3.14131892481568,4.9251624480347775,5.2761167030992316e-08
1780319688.426780701,-0.05934372001011834,-1.5926874120275212,1.5924135884508992,-3.141318651637157,4.925315991656301,3.272122637837561e-08
1780319688.436841011,-0.05938314518205701,-1.5926983127556191,1.5924242218539872,-3.141318398606498,4.925457817592395,1.3684870919674471e-08
1780319688.446870804,-0.05941801381575473,-1.5927079490511202,1.5924336219561173,-3.1413181764955125,4.925583253617727,0.0
1780319688.457781315,-0.05944864886983847,-1.5927164123978157,1.5924418781272227,-3.141317981102757,4.925693460997462,-1.9790726391022417e-08
1780319688.467557192,-0.059475723110006484,-1.5927238888446134,1.592449171984568,-3.1413178109642415,4.925790859532119,-3.399144876681248e-08
1780319688.477595329,-0.05950165693012721,-1.5927310480883223,1.5924561564481967,-3.141317648433702,4.925884156263582,-4.643934481407541e-08
1780319688.487095833,-0.059526568730738916,-1.5927379230662275,1.5924628636732407,-3.141317492824094,4.925973777037922,-5.73534233438977e-08
1780319688.496474266,-0.05954757240029629,-1.5927437171926142,1.5924685172295594,-3.141317364756999,4.9260493387932165,-5.73534233438977e-08
1780319688.507240057,-0.05956494600858164,-1.5927485080109065,1.5924731927113926,-3.1413172622141396,4.926111841616766,-7.632983223260226e-08
1780319688.516541243,-0.059579005259498885,-1.5927523832723391,1.592476975643048,-3.141317182855893,4.926162421060386,-7.632983223260226e-08
1780319688.526899099,-0.05959002145628922,-1.5927554183288315,1.5924799394368787,-3.1413171245791602,4.926202053002109,-9.134150147360742e-08
1780319688.536633730,-0.05959821910841612,-1.5927576756557773,1.59248214477289,-3.1413170849579863,4.926231545022759,-9.134150147360742e-08
1780319688.546853542,-0.059605637675142376,-1.5927597210633753,1.5924841400661545,-3.1413170380606212,4.926258234260684,-9.134150147360742e-08
1780319688.557164907,-0.05961372480269311,-1.592761950737824,1.5924863149641089,-3.141316986412556,4.926287328805879,-9.134150147360742e-08
1780319688.566804886,-0.05962229235272609,-1.5927643127354765,1.592488618829164,-3.1413169313299827,4.926318151821465,-7.840008731108128e-08
1780319688.577337742,-0.05963119110086268,-1.5927667658622369,1.5924910115032924,-3.141316873857368,4.926350166463266,-7.840008731108128e-08
1780319688.587677717,-0.059640302956474045,-1.592769277524889,1.5924934612132642,-3.1413168148215083,4.926382947890376,-6.224467252735622e-08
1780319688.597546339,-0.05964953486303237,-1.5927718220459752,1.5924959429277983,-3.1413167548739542,4.926416161321788,-6.224467252735622e-08
1780319688.607586384,-0.05965897802184639,-1.5927744245617719,1.5924984811476934,-3.1413166933684575,4.926450134876008,-4.360668004466106e-08
1780319688.616889477,-0.05966932608354458,-1.5927772762842851,1.5925012622584889,-3.1413166254141385,4.92648736411204,-4.360668004466106e-08
1780319688.626457691,-0.059680458284129045,-1.5927803438396664,1.59250425372257,-3.141316551848446,4.926527414588282,-2.3272966664933392e-08
1780319688.636566639,-0.05969346862683711,-1.592783928613386,1.5925077493704451,-3.1413164651645538,4.926574222270585,-1.2685864803074764e-08
1780319688.646641254,-0.059709382574921754,-1.5927883127555873,1.592512024277548,-3.141316358755145,4.926631476611891,0.0
1780319688.656507969,-0.059727530168601106,-1.5927933123749014,1.5925168991600778,-3.1413162340903815,4.92669676741176,0.0
1780319688.667079449,-0.05974737351389958,-1.5927987765239902,1.5925222268524426,-3.141316101870147,4.926768159580265,1.981717376546952e-08
1780319688.676622152,-0.05976847991590972,-1.5928045878850048,1.5925278929755964,-3.141315958928246,4.926844096477378,3.0716485670437206e-08
1780319688.687004328,-0.059790500117802736,-1.5928106494035204,1.5925338029066107,-3.1413158095848193,4.926923321624654,4.1550420170399524e-08
1780319688.697094917,-0.059813151458746994,-1.5928168831035716,1.592539880623087,-3.141315655785619,4.927004818115211,5.225372724907592e-08
1780319688.707605362,-0.05983620485865426,-1.5928232258268809,1.5925460645489697,-3.1413154991035985,4.927087761792054,6.27531855439547e-08
1780319688.716891050,-0.059858816730687714,-1.5928294454344538,1.592552128406172,-3.141315345452525,4.927169117518538,7.292211858198002e-08
1780319688.726582527,-0.059880051324618044,-1.5928352847141953,1.5925578214472542,-3.14131520125901,4.927245518466806,7.292211858198002e-08
1780319688.736537933,-0.05989994991357328,-1.5928407553438406,1.5925631550057406,-3.141315066025007,4.9273171130318705,9.11459802457947e-08
1780319688.746448278,-0.05991868469135575,-1.5928459049292005,1.592568175469727,-3.1413149384650954,4.927384520672538,9.11459802457947e-08
1780319688.756782532,-0.05993641056287924,-1.5928507763141129,1.5925729245365832,-3.14131481723924,4.927448298662536,1.0441282245746676e-07
1780319688.766764164,-0.05995293816438707,-1.5928553178992315,1.5925773516326722,-3.1413147026286734,4.927507765597611,1.0441282245746676e-07
1780319688.777495384,-0.059967440647525905,-1.592859302302994,1.592581235566844,-3.1413146020333436,4.92755994635159,1.0441282245746676e-07
1780319688.787513256,-0.05998009264222581,-1.5928627778136129,1.592584623370514,-3.1413145140710452,4.92760546915086,1.0441282245746676e-07
1780319688.797405243,-0.05999115348614836,-1.5928658158744007,1.592587584694471,-3.1413144369565873,4.9276452670319575,9.193640051155094e-08
1780319688.806909084,-0.06000083747990814,-1.5928684754981859,1.5925901770707107,-3.1413143692163787,4.927680111007404,9.193640051155094e-08
1780319688.817358017,-0.06000932415966531,-1.5928708061060153,1.592592448680049,-3.141314309617337,4.927710647020803,8.130873774303203e-08
1780319688.826990128,-0.06001670226057598,-1.592872832153044,1.5925944233677585,-3.141314257561005,4.927737194315507,8.130873774303203e-08
1780319688.836585045,-0.06002275410478308,-1.592874493947395,1.5925960429586428,-3.141314214587852,4.927758969628163,6.911598360603182e-08
1780319688.846553087,-0.0600276247420819,-1.592875831381897,1.592597346344284,-3.1413141797045725,4.9277764948388345,6.911598360603182e-08
1780319688.856612206,-0.06003149629696303,-1.5928768945043315,1.5925983823135546,-3.141314151657904,4.92779042523653,5.5656676342355467e-08
1780319688.866534710,-0.060034521290710074,-1.5928777252167468,1.5925991917145497,-3.141314129399538,4.927801309601098,5.5656676342355467e-08
1780319688.877415180,-0.06003682812107769,-1.5928783587859208,1.5925998089271163,-3.1413141120481796,4.927809609917503,4.1198857750135774e-08
1780319688.886802197,-0.06003852550363131,-1.592878825066836,1.5926002630555773,-3.141314098858789,4.927815717354763,4.1198857750135774e-08
1780319688.897743940,-0.06003970564303618,-1.5928791493761798,1.592600578780275,-3.141314098858789,4.927819963675573,2.6010588984790685e-08
1780319688.907625437,-0.060040447332527336,-1.59287935334521,1.5926007771889714,-3.141314082535699,4.927822632387867,2.6010588984790685e-08
1780319688.917629719,-0.06004081800092731,-1.5928794554830805,1.5926008763259962,-3.141314082535699,4.927823966109745,1.0360602933088793e-08
1780319688.927547216,-0.06004087563883864,-1.5928794718898045,1.5926008918872447,-3.141314082535699,4.927824173499825,0.0
1780319688.936534166,-0.06004067021190629,-1.5928794153180021,1.59260083630561,-3.141314082535699,4.927823434342112,0.0
1780319688.946573257,-0.060040244888834415,-1.592879299396091,1.5926007228676287,-3.141314082535699,4.927821903964413,-1.3392498665609764e-08
1780319688.956627607,-0.06003963704417892,-1.5928791329650096,1.5926005601930904,-3.141314082535699,4.927819716846421,-1.3392498665609764e-08
1780319688.966890812,-0.06003887908482941,-1.592878925327919,1.5926003573522807,-3.141314082535699,4.9278169895934365,-2.9022904968201146e-08
1780319688.976809025,-0.0600379991484008,-1.5928786842055889,1.5926001218729477,-3.141314082535699,4.927813823449248,-2.9022904968201146e-08
1780319688.986647606,-0.06003702169505054,-1.5928784163095804,1.5925998602990081,-3.141314093367566,4.927810306425543,-4.4177951963320083e-08
1780319688.996963024,-0.060036050009249387,-1.5928781499886,1.5925996002657754,-3.141314093367566,4.92780681015549,-4.4177951963320083e-08
1780319689.007406235,-0.060035536288614466,-1.5928780093675652,1.592599462770112,-3.141314093367566,4.92780496171269,-5.86015493908576e-08
1780319689.017186403,-0.06003556423080525,-1.5928780093675652,1.592599462770112,-3.141314093367566,4.927805062252816,-5.86015493908576e-08
1780319689.026530504,-0.06003612646376055,-1.5928781721334264,1.592599620611332,-3.141314093367566,4.927807085250153,-7.206012853089305e-08
1780319689.036547661,-0.060037071522401675,-1.5928784319177005,1.5925998734453524,-3.141314093367566,4.927810485711795,-7.206012853089305e-08
1780319689.046409369,-0.06003828708616865,-1.5928787659416521,1.5926001986551916,-3.1413140755473,4.927814859492727,-8.425487596497305e-08
1780319689.056761980,-0.060039690267540635,-1.5928791514513971,1.5926005740602482,-3.141314064432888,4.927819908352195,-8.425487596497305e-08
1780319689.066668510,-0.060041342759523886,-1.5928796053638825,1.5926010161656794,-3.1413140516788935,4.92782585427212,-9.462073702337648e-08
1780319689.076619625,-0.06004345757265739,-1.5928801861616115,1.5926015819563517,-3.1413140357289846,4.927833463699364,-9.462073702337648e-08
1780319689.086665154,-0.060045902007343166,-1.592880857482191,1.5926022359138643,-3.141314017232027,4.927842259163066,-9.462073702337648e-08
1780319689.097440958,-0.06004855686890398,-1.592881586656957,1.5926029461370574,-3.1413139968047474,4.927851811784233,-9.462073702337648e-08
1780319689.107067585,-0.060051349161392764,-1.5928823524009141,1.5926036932124616,-3.1413139798759295,4.927861858913305,-9.462073702337648e-08
1780319689.117108583,-0.060054247951738304,-1.5928831473359022,1.592604468754067,-3.141313962255412,4.927872289249222,-7.958881020897479e-08
1780319689.127220154,-0.06005723117523676,-1.5928839654053162,1.5926052668563764,-3.1413139440899194,4.927883023400466,-7.958881020897479e-08
1780319689.136558294,-0.0600603806943969,-1.592884829069873,1.592606109414991,-3.141313924818999,4.927894355923797,-5.923232304638759e-08
1780319689.146499157,-0.060063727103477405,-1.5928857467185447,1.592607004608572,-3.1413139042364224,4.927906396904818,-4.847473000779701e-08
1780319689.156630278,-0.060067213362051675,-1.5928867026959255,1.5926079371738155,-3.141313882726748,4.927918941103864,-3.7407586361837275e-08
1780319689.167100191,-0.060070793891862095,-1.5928876844939737,1.5926088949153803,-3.1413138605950586,4.927931824523468,-2.6085660742580785e-08
1780319689.177731276,-0.06007443212616437,-1.5928886820791615,1.5926098680500067,-3.1413138380839234,4.927944915590593,-1.4563574346482255e-08
1780319689.187639713,-0.060078098761856324,-1.5928896871954716,1.5926108485270885,-3.141313816010382,4.927958108867609,0.0
1780319689.196909428,-0.06008176998857273,-1.592890694627676,1.5926118312600495,-3.1413137907409143,4.927971318680358,0.0
1780319689.206574678,-0.06008542633629155,-1.5928916963929298,1.592612808464532,-3.1413137700122453,4.927984474971712,2.0659469499814495e-08
1780319689.216496229,-0.06008905217793448,-1.5928926904176617,1.5926137781162457,-3.1413137475579958,4.927997521511932,3.243845992309209e-08
1780319689.226627588,-0.060092634914071574,-1.592893672585312,1.5926147361993985,-3.1413137253664574,4.928010412965136,4.414588228440345e-08
1780319689.236656189,-0.06009616437044496,-1.5928946401095718,1.5926156799947437,-3.1413137034958347,4.928023112721538,5.5726957976101084e-08
1780319689.246610403,-0.06009963234697846,-1.5928955907462754,1.5926166073112853,-3.1413136819898635,4.928035591274736,6.712606165516065e-08
1780319689.257143497,-0.06010303224339708,-1.5928965226907064,1.5926175163860459,-3.1413136608799364,4.928047824874652,7.828592592537112e-08
1780319689.266923666,-0.06010635911691775,-1.5928974345935352,1.592618405899369,-3.141313640183841,4.928059795735159,8.914619114877325e-08
1780319689.277220726,-0.060109608881766974,-1.592898325341598,1.592619274760779,-3.1413136199096505,4.928071489153792,9.964063559394628e-08
1780319689.287799358,-0.06011277670396886,-1.592899193617221,1.5926201216798408,-3.1413136000683513,4.9280828877358305,1.0968790175730142e-07
1780319689.297473669,-0.06011583544211074,-1.5929000319832962,1.5926209394032138,-3.141313580832758,4.928093893818882,1.0968790175730142e-07
1780319689.306934595,-0.06011877259075327,-1.5929008370718174,1.592621724585621,-3.141313562059237,4.928104462404056,1.2739208897877334e-07
1780319689.316398859,-0.060121543158929924,-1.5929015966089253,1.5926224651984684,-3.141313543820339,4.9281144316012275,1.2739208897877334e-07
1780319689.326766014,-0.06012413662097149,-1.5929023080821603,1.592623158397133,-3.1413135247290285,4.928123763534677,1.2739208897877334e-07
1780319689.336790800,-0.06012656504300651,-1.5929029743454697,1.5926238074552592,-3.1413135065155555,4.928132501619773,1.2739208897877334e-07
1780319689.346829176,-0.060128863520442444,-1.5929036049907417,1.5926244217602892,-3.141313489075995,4.92814077213748,1.2739208897877334e-07
1780319689.357012033,-0.06013101799211107,-1.5929041961842483,1.5926249975550781,-3.141313472432754,4.928148524490926,1.1083956608153128e-07
1780319689.367039680,-0.06013300075358252,-1.5929047403188097,1.5926255274394627,-3.141313456832279,4.928155658991082,1.1083956608153128e-07
1780319689.377300739,-0.06013480960621287,-1.592905236788285,1.592626010829692,-3.141313442315605,4.928162167725398,9.164241600420686e-08
1780319689.387347460,-0.06013645820185154,-1.5929056893351845,1.5926264513776094,-3.141313428802148,4.928168099815767,8.136056221483271e-08
1780319689.397875309,-0.06013796200417332,-1.5929061021989614,1.5926268532186554,-3.1413134161959113,4.928173510903729,7.068755439168453e-08
1780319689.406910181,-0.06013933454177689,-1.5929064790880094,1.5926272199706248,-3.141313404414343,4.9281784496680885,5.967357444623636e-08
1780319689.416520357,-0.06014058770446162,-1.5929068232609982,1.592627554812946,-3.141313393386271,4.928182958890953,4.836911734581124e-08
1780319689.426567316,-0.0601417321345874,-1.5929071376342598,1.5926278605913518,-3.141313383049178,4.928187076865932,3.6824969184128956e-08
1780319689.436769724,-0.0601427773690304,-1.5929074248207726,1.5926281398558793,-3.141313383049178,4.928190837908897,2.5092179794485516e-08
1780319689.446874142,-0.06014373197018674,-1.5929076871661323,1.592628394895926,-3.14131336423524,4.928194272829359,1.3222045199509906e-08
1780319689.456859827,-0.06014460365575047,-1.5929079268791684,1.5926286278675692,-3.14131336423524,4.9281974093974235,0.0
1780319689.467321873,-0.06014539940584118,-1.5929081455863843,1.5926288403592517,-3.1413133476091772,4.928200272729258,-1.0723867127637732e-08
1780319689.477416754,-0.06014612555213539,-1.592908345306368,1.5926290343415765,-3.1413133476091772,4.928202885607798,-2.2695757273538675e-08
1780319689.487652063,-0.06014678785195926,-1.59290852752018,1.5926292112611795,-3.1413133328896845,4.928205268749345,-3.4597044340500815e-08
1780319689.497485638,-0.060147391578560416,-1.5929086936711006,1.5926293725278438,-3.1413133328896845,4.928207441128381,-4.6374559303785645e-08
1780319689.506505013,-0.06014794148848157,-1.5929088450607,1.5926295194132032,-3.141313319858303,4.9282094198601705,-5.797410818075832e-08
1780319689.516591549,-0.06014844194379343,-1.5929089828823626,1.592629653083419,-3.141313319858303,4.928211220640574,-6.933980944978657e-08
1780319689.526503325,-0.06014889693921255,-1.592909108228719,1.5926297746064366,-3.141313308347812,4.928212857843633,-8.041294208283034e-08
1780319689.536751270,-0.0601493115728049,-1.5929092224946713,1.5926298853450032,-3.141313308347812,4.928214349813565,-9.11309356865786e-08
1780319689.546656609,-0.06014969907926204,-1.5929093293043772,1.5926299888361524,-3.1413132981408367,4.928215744172517,-1.0143172080034901e-07
1780319689.557035685,-0.06015006208636997,-1.592909429374851,1.592630085782492,-3.1413132981408367,4.9282170503759755,-1.0143172080034901e-07
1780319689.566857576,-0.06015041294127421,-1.592909526073826,1.5926301794850426,-3.1413132981408367,4.92821831285248,-1.203265318494573e-07
1780319689.577849627,-0.06015077632219601,-1.5929096261651399,1.5926302765382263,-3.141313284559955,4.928219620401343,-1.203265318494573e-07
1780319689.587113142,-0.06015114651423836,-1.5929097280937565,1.5926303754138118,-3.141313284559955,4.928220952458739,-1.3451550895382525e-07
1780319689.596518755,-0.06015151177070521,-1.592909828753629,1.592630472961995,-3.141313284559955,4.928222266756678,-1.3451550895382525e-07
1780319689.606631279,-0.06015186971009445,-1.5929099263577573,1.5926305686555748,-3.141313284559955,4.928223554725822,-1.3451550895382525e-07
1780319689.616499901,-0.06015221644800839,-1.5929100208626803,1.5926306613583698,-3.141313284559955,4.928224802388976,-1.1985039805040287e-07
1780319689.626753569,-0.06015255164155242,-1.5929101121769627,1.5926307509785518,-3.141313284559955,4.928226008512292,-1.1985039805040287e-07
1780319689.636623621,-0.06015287511063949,-1.592910200253817,1.5926308374677918,-3.141313284559955,4.92822717244775,-1.0093327329485646e-07
1780319689.646872997,-0.06015318680214321,-1.592910285081281,1.592630920811684,-3.141313284559955,4.928228294004173,-9.073480722321392e-08
1780319689.656940937,-0.06015348676093879,-1.5929103666742854,1.5926310010220053,-3.141313284559955,4.9282293733430205,-8.011139662755795e-08
1780319689.667208910,-0.06015377510730335,-1.5929104450684601,1.592631078130673,-3.141313284559955,4.928230410897072,-6.911465888492785e-08
1780319689.677838802,-0.060154052019242954,-1.5929105203152991,1.5926311521850258,-3.141313284559955,4.928231407306834,-5.7796534669307675e-08
1780319689.687727451,-0.060154317725473305,-1.5929105924802336,1.5926312232459465,-3.141313284559955,4.92823236339528,-4.620931370880044e-08
1780319689.697086573,-0.06015457248455114,-1.5929106616369246,1.5926312913822829,-3.141313284559955,4.928233280092761,-3.440566764822961e-08
1780319689.706547260,-0.06015481656162258,-1.5929107278608976,1.5926313566646373,-3.141313284559955,4.928234158353341,-2.243871222162852e-08
1780319689.717195034,-0.0601550502510495,-1.5929107912357594,1.592631419171408,-3.141313284559955,4.928234999236211,-1.0362100510974415e-08
1780319689.726481199,-0.06015527386381603,-1.5929108519825785,1.5926314791148786,-3.141313284559955,4.928235803860373,0.0
1780319689.736977339,-0.06015548771862189,-1.5929109097934306,1.592631536191561,-3.141313284559955,4.928236573372594,1.3901600067555708e-08
1780319689.746929884,-0.060155692138721406,-1.5929109651586923,1.592631590875891,-3.141313284559955,4.928237308936032,2.597641532383426e-08
1780319689.756863117,-0.0601558874495014,-1.5929110180383752,1.5926316431250271,-3.141313284559955,4.928238011721514,3.793495696690803e-08
1780319689.767507315,-0.06015607397676437,-1.5929110685258827,1.592631693025645,-3.141313284559955,4.928238682901368,4.9713968213941134e-08
1780319689.777205706,-0.06015625204557473,-1.592911116715209,1.5926317406641464,-3.141313284559955,4.928239323645267,6.12432253611326e-08
1780319689.787503242,-0.060156421979824515,-1.5929111627014931,1.5926317861264754,-3.141313284559955,4.928239935118662,7.243935915060751e-08
1780319689.797459841,-0.06015658384681899,-1.5929112065058462,1.592631829430376,-3.141313284559955,4.928240517563734,8.317514033321848e-08
1780319689.807598114,-0.06015673379466602,-1.5929112471056701,1.59263186954347,-3.141313284559955,4.928241057120234,8.317514033321848e-08
1780319689.817761183,-0.0601568650144344,-1.5929112827069742,1.5926319046395283,-3.141313284559955,4.928241529287616,1.0152488900030864e-07
1780319689.826770782,-0.060156978590287125,-1.5929113139034303,1.592631934979725,-3.141313284559955,4.928241937967009,1.0152488900030864e-07
1780319689.836575270,-0.060157078667180564,-1.5929113414154035,1.5926319617115812,-3.141313284559955,4.92824229807318,1.0152488900030864e-07
1780319689.846437931,-0.06015717060163528,-1.5929113667089254,1.5926319862665321,-3.141313284559955,4.928242628880467,1.0152488900030864e-07
1780319689.856771946,-0.06015725407180739,-1.5929113897305012,1.5926320085552512,-3.141313284559955,4.928242929230778,1.0152488900030864e-07
1780319689.866863728,-0.06015732834676868,-1.5929114102692132,1.5926320283834667,-3.141313284559955,4.928243196494013,9.007274859500768e-08
1780319689.876846552,-0.06015739025224143,-1.592911427448338,1.5926320449036913,-3.141313284559955,4.928243419248183,9.007274859500768e-08
1780319689.886565924,-0.06015744052287797,-1.5929114414658079,1.5926320583125546,-3.141313284559955,4.9282436001367795,7.892199550961015e-08
1780319689.897328854,-0.06015748097618445,-1.5929114528178498,1.5926320690958693,-3.141313284559955,4.928243745699726,7.892199550961015e-08
1780319689.907367945,-0.06015751313094775,-1.5929114528178498,1.5926320690958693,-3.141313284559955,4.928243861402064,6.630731720505044e-08
1780319689.917211533,-0.0601575382580517,-1.5929114691150525,1.5926320843436,-3.141313284559955,4.928243951816808,6.630731720505044e-08
1780319689.927970648,-0.06015755743107398,-1.5929114691150525,1.5926320843436,-3.141313284559955,4.928244020807007,5.249672472353843e-08
1780319689.937312603,-0.060157571562541534,-1.5929114691150525,1.5926320843436,-3.141313284559955,4.928244071656204,5.249672472353843e-08
1780319689.948112011,-0.060157571562541534,-1.5929114819838421,1.5926320957778861,-3.141313284559955,4.9282441071479415,3.775885099355855e-08
1780319689.956559420,-0.060157587685519154,-1.5929114819838421,1.5926320957778861,-3.1413132739306677,4.928244129671442,3.775885099355855e-08
1780319689.966573477,-0.060157587685519154,-1.5929114819838421,1.5926320957778861,-3.1413132739306677,4.928244141278879,2.2363017341875744e-08
1780319689.976629734,-0.060157587685519154,-1.5929114819838421,1.5926320957778861,-3.1413132739306677,4.928244141278879,2.2363017341875744e-08
1780319689.986546040,-0.060157587685519154,-1.5929114819838421,1.5926320957778861,-3.1413132739306677,4.928244141278879,0.0
1780319689.996284723,-0.060157587685519154,-1.5929114819838421,1.5926320957778861,-3.1413132739306677,4.928244126983849,0.0
1780319690.006585360,-0.060157587685519154,-1.5929114819838421,1.5926320957778861,-3.1413132739306677,4.928244110250111,0.0
1780319690.016551971,-0.06015757646556086,-1.5929114819838421,1.5926320957778861,-3.1413132739306677,4.928244089298716,-1.7237407945458472e-08
1780319690.026637793,-0.06015757646556086,-1.5929114819838421,1.5926320957778861,-3.1413132627915514,4.928244064985621,-1.7237407945458472e-08
1780319690.036952019,-0.06015756222438284,-1.5929114819838421,1.5926320957778861,-3.1413132627915514,4.928244038054749,-3.281761262741156e-08
1780319690.047090530,-0.06015756222438284,-1.5929114819838421,1.5926320957778861,-3.1413132627915514,4.9282440091480275,-3.281761262741156e-08
1780319690.057432175,-0.0601575458228405,-1.5929114819838421,1.5926320957778861,-3.1413132627915514,4.928243979037153,-4.784861040718624e-08
1780319690.067120075,-0.0601575458228405,-1.5929114819838421,1.5926320838366264,-3.1413132627915514,4.928243952641808,-4.784861040718624e-08
1780319690.077298403,-0.06015753258049816,-1.5929114819838421,1.5926320838366264,-3.1413132627915514,4.928243931387293,-6.20861264621908e-08
1780319690.087593317,-0.06015753258049816,-1.5929114819838421,1.5926320838366264,-3.1413132627915514,4.928243919236334,-6.20861264621908e-08
1780319690.097326756,-0.06015753258049816,-1.5929114819838421,1.5926320838366264,-3.141313252013455,4.928243919236334,-7.528542322887688e-08
1780319690.107890606,-0.06015753258049816,-1.5929114819838421,1.5926320838366264,-3.141313252013455,4.928243919236334,-7.528542322887688e-08
1780319690.117795944,-0.06015753258049816,-1.5929114819838421,1.5926320838366264,-3.141313252013455,4.928243919236334,-8.711796084526213e-08
1780319690.127782345,-0.06015753258049816,-1.5929114819838421,1.5926320838366264,-3.141313252013455,4.92824393373863,-8.711796084526213e-08
1780319690.137454033,-0.06015753258049816,-1.5929114819838421,1.5926320838366264,-3.141313252013455,4.928243951017385,-8.711796084526213e-08
1780319690.146490812,-0.06015754464422862,-1.5929114819838421,1.5926320838366264,-3.141313252013455,4.9282439747961595,-9.98637119664636e-08
1780319690.156516314,-0.06015754464422862,-1.5929114819838421,1.5926320838366264,-3.141313252013455,4.9282440016006985,-9.98637119664636e-08
1780319690.166551828,-0.06015756069363398,-1.5929114819838421,1.5926320838366264,-3.141313252013455,4.9282440325466625,-9.98637119664636e-08
1780319690.176574469,-0.06015756069363398,-1.5929114819838421,1.5926320838366264,-3.141313252013455,4.9282440677154575,-8.418358898865108e-08
1780319690.186769009,-0.06015758114782699,-1.5929114819838421,1.5926320950292712,-3.141313252013455,4.928244106146893,-8.418358898865108e-08
1780319690.196944475,-0.060157592616853606,-1.5929114819838421,1.5926320950292712,-3.141313252013455,4.928244147415841,-6.42197921507659e-08
1780319690.207191706,-0.060157604966963873,-1.5929114941476694,1.5926320950292712,-3.141313252013455,4.928244191855188,-5.3614849448990753e-08
1780319690.216624498,-0.060157617980068245,-1.5929114941476694,1.5926321050592813,-3.141313252013455,4.9282442386801835,-4.267566300342196e-08
1780319690.227368593,-0.06015763144183772,-1.5929114941476694,1.5926321050592813,-3.141313252013455,4.928244287119609,-3.145700855355926e-08
1780319690.236916065,-0.06015764517782074,-1.5929114941476694,1.5926321050592813,-3.141313252013455,4.928244336545737,-2.0013515289463157e-08
1780319690.247316122,-0.06015765904494774,-1.5929115056338352,1.5926321156132268,-3.1413132648659845,4.928244386443759,0.0
1780319690.256810665,-0.06015767292745444,-1.5929115056338352,1.5926321156132268,-3.1413132648659845,4.928244436397122,0.0
1780319690.267186880,-0.060157686730711646,-1.5929115056338352,1.5926321156132268,-3.1413132648659845,4.9282444860653225,1.5121725476378936e-08
1780319690.277549744,-0.06015770037525048,-1.5929115056338352,1.5926321274674766,-3.1413132648659845,4.928244535162408,2.6920831747918104e-08
1780319690.287890911,-0.06015771379614954,-1.592911518555944,1.5926321274674766,-3.1413132648659845,4.928244583454771,3.867321546510004e-08
1780319690.298089504,-0.060157726939690015,-1.592911518555944,1.5926321274674766,-3.1413132759172977,4.928244630749116,5.032435938405653e-08
1780319690.306448698,-0.06015773976256966,-1.592911518555944,1.5926321381812474,-3.1413132759172977,4.92824467688963,6.18191394065924e-08
1780319690.316644907,-0.06015775222669717,-1.592911518555944,1.5926321381812474,-3.1413132759172977,4.928244721739246,7.31012153884441e-08
1780319690.326723099,-0.06015776430131403,-1.5929115298620324,1.5926321381812474,-3.1413132759172977,4.928244765187289,8.411193712036336e-08
1780319690.336450338,-0.06015777596257088,-1.5929115298620324,1.5926321381812474,-3.1413132759172977,4.92824480714794,9.478831699732672e-08
1780319690.346735716,-0.06015778719131326,-1.5929115298620324,1.5926321510808805,-3.1413132873815557,4.928244847552277,1.0505897420367214e-07
1780319690.356622934,-0.060157797979032424,-1.5929115298620324,1.5926321510808805,-3.1413132873815557,4.928244886369681,1.0505897420367214e-07
1780319690.366617441,-0.06015780821464567,-1.5929115298620324,1.5926321510808805,-3.1413132873815557,4.928244923200445,1.236562818092647e-07
1780319690.376938105,-0.06015780821464567,-1.592911542079558,1.5926321510808805,-3.1413132873815557,4.928244957334169,1.236562818092647e-07
1780319690.386987925,-0.060157826175657014,-1.592911542079558,1.5926321616267507,-3.1413132873815557,4.928244987829477,1.3681207580931415e-07
1780319690.396865129,-0.060157826175657014,-1.592911542079558,1.5926321616267507,-3.1413132873815557,4.928245013271402,1.3681207580931415e-07
1780319690.406974077,-0.060157839505337485,-1.592911542079558,1.5926321616267507,-3.1413132873815557,4.92824503579361,1.2386557308526998e-07
1780319690.416852951,-0.060157839505337485,-1.592911542079558,1.5926321616267507,-3.1413132873815557,4.928245055925479,1.2386557308526998e-07
1780319690.427882195,-0.060157849874922675,-1.5929115525615218,1.5926321616267507,-3.1413132873815557,4.928245073106446,1.0615333372194736e-07
1780319690.437130213,-0.060157849874922675,-1.5929115525615218,1.5926321616267507,-3.1413132873815557,4.928245087686174,1.0615333372194736e-07
1780319690.446905136,-0.060157849874922675,-1.5929115525615218,1.5926321616267507,-3.1413132873815557,4.928245100006441,8.64041019915338e-08
1780319690.457271576,-0.06015786023041603,-1.5929115525615218,1.5926321616267507,-3.1413132873815557,4.928245110368575,7.588650523871603e-08
1780319690.466888666,-0.06015786023041603,-1.5929115525615218,1.5926321616267507,-3.1413132770515912,4.928245110368575,6.500654956417122e-08
1780319690.476899147,-0.06015786023041603,-1.5929115525615218,1.5926321616267507,-3.1413132770515912,4.928245126217573,5.381439214301709e-08
1780319690.486713886,-0.06015786023041603,-1.5929115525615218,1.5926321718595309,-3.1413132770515912,4.928245126217573,4.236051198188156e-08
1780319690.497003794,-0.06015786023041603,-1.5929115525615218,1.5926321718595309,-3.1413132770515912,4.928245136980528,3.069568064010666e-08
1780319690.506741285,-0.06015786023041603,-1.5929115525615218,1.5926321718595309,-3.1413132770515912,4.928245136980528,1.8870938543878913e-08
1780319690.516898632,-0.06015786023041603,-1.5929115636644902,1.5926321718595309,-3.141313263393845,4.928245136980528,0.0
1780319690.526861668,-0.060157870301194905,-1.5929115636644902,1.5926321718595309,-3.141313263393845,4.928245136980528,0.0
1780319690.537148952,-0.060157870301194905,-1.5929115636644902,1.5926321718595309,-3.141313263393845,4.928245148633411,-1.7048502165550872e-08
1780319690.547362089,-0.060157870301194905,-1.5929115636644902,1.5926321718595309,-3.141313263393845,4.928245148633411,-2.8997172663025594e-08
1780319690.556628942,-0.060157870301194905,-1.5929115636644902,1.5926321718595309,-3.141313263393845,4.928245148633411,-4.084611227028745e-08
1780319690.568020582,-0.060157870301194905,-1.5929115636644902,1.5926321718595309,-3.141313252193382,4.928245148633411,-5.2541741624168026e-08
1780319690.577158928,-0.060157870301194905,-1.5929115636644902,1.5926321718595309,-3.141313252193382,4.928245148633411,-6.4029141988442e-08
1780319690.588013172,-0.060157870301194905,-1.5929115636644902,1.5926321718595309,-3.141313252193382,4.928245148633411,-7.414134994832011e-08
1780319690.596873283,-0.060157870301194905,-1.5929115636644902,1.5926321718595309,-3.141313252193382,4.928245148633411,-7.414134994832011e-08
1780319690.606756687,-0.060157870301194905,-1.5929115636644902,1.5926321718595309,-3.141313252193382,4.928245148633411,-9.104372544754824e-08
1780319690.617462397,-0.060157870301194905,-1.5929115636644902,1.5926321718595309,-3.141313252193382,4.928245159427778,-9.104372544754824e-08
1780319690.626370192,-0.060157870301194905,-1.5929115636644902,1.5926321718595309,-3.141313252193382,4.928245159427778,-1.0653883286693144e-07
1780319690.636688232,-0.060157870301194905,-1.5929115636644902,1.5926321718595309,-3.141313252193382,4.928245159427778,-1.0653883286693144e-07
1780319690.646374464,-0.060157870301194905,-1.5929115636644902,1.5926321718595309,-3.1413133065111856,4.928245174670281,-7.645835697900338e-08
1780319690.656470299,-0.06015788342758732,-1.5929115262977502,1.5926321718595309,-3.1413134251334767,4.928245193838861,0.0
1780319690.666723013,-0.06015908669527814,-1.5928914904667781,1.5926344594823825,-3.1413938778338775,4.928249523552943,2.6395746016176975e-05
1780319690.676671028,-0.06015470562320502,-1.5928326069147731,1.5926388154599338,-3.141621758709042,4.928233759164509,2.744285259971795e-06
1780319690.686594725,-0.0601481708645748,-1.5924754219727193,1.5926705071622507,-3.1430242470231446,4.9282102452204875,0.0002992490723492279
1780319690.697185040,-0.060098990746500824,-1.5920449945431923,1.5926952703562718,-3.144666896632997,4.928033282651992,0.0004079296615799023
1780319690.707328558,-0.05995876714941595,-1.591585538353053,1.592694640721866,-3.146322791566096,4.927528738584691,0.0002476848701173159
1780319690.717009068,-0.05975552017122698,-1.5909999917446696,1.5926845940177465,-3.14840179393709,4.926797469670409,0.0003091780702870294
1780319690.727922916,-0.059487617914281365,-1.5903756965408151,1.592656497226531,-3.1505573806205316,4.925833650906071,0.0004016732127604079
1780319690.737817764,-0.05915810870327576,-1.589727938284419,1.5926097354015256,-3.1527320721931744,4.9246483083509816,0.0004936121175501931
1780319690.747432232,-0.058766775064395205,-1.5890556139587355,1.592544093585238,-3.154929073192677,4.923240729799057,0.0005867632188252429
1780319690.756829977,-0.05831793411372832,-1.5883651372683802,1.5924601286996996,-3.1571271437424233,4.921626521593071,0.0006921543919860654
1780319690.766675234,-0.05781996800487299,-1.5876509952309448,1.5923603632851966,-3.159355735791885,4.919835906571676,0.0007788634756931028
1780319690.777203321,-0.05727808002422918,-1.5869182272253708,1.5922457001585222,-3.161599942184088,4.9178876669619385,0.0008640867354471174
1780319690.786500454,-0.056694818301426864,-1.586167458856278,1.5921165720585875,-3.1638591566625234,4.91579103265839,0.0009475908211579194
1780319690.797419310,-0.05607248562413325,-1.5853992386648557,1.5919733427773957,-3.1661328086767924,4.913554347698758,0.0010291564652774486
1780319690.806575537,-0.05541315593779217,-1.5846140438504204,1.5918163125493487,-3.168420362134481,4.911185129045383,0.001108576782930756
1780319690.816690683,-0.0547206366782369,-1.5838129655663433,1.5916462659933301,-3.1707208626766272,4.9086971156726555,0.001185683273425658
1780319690.827139854,-0.054003558213289615,-1.5829990112194068,1.5914653584790612,-3.173031489575071,4.906121357954787,0.0012603818203332435
1780319690.837071896,-0.053259132950639554,-1.5821712652121214,1.5912725781209525,-3.1753518978665785,4.90344787946738,0.001332436895081206
1780319690.846587420,-0.05248974297104336,-1.5813303719087912,1.5910683673291948,-3.1776815003919054,4.900685270352826,0.001401728316037525
1780319690.856860876,-0.05169756209892373,-1.5804769212992138,1.5908531235110672,-3.1800197467999167,4.897841364608077,0.0014681488820476197
1780319690.867243052,-0.05088457858620288,-1.5796114557375969,1.5906272050414647,-3.1823661204242777,4.8949233220366235,0.0015316031544674593
1780319690.876737833,-0.05005238620209784,-1.5787343897710269,1.5903908689692736,-3.184720197879206,4.891936879181922,0.0015920011636673143
1780319690.886813879,-0.04920047843587394,-1.5778453772036052,1.5901437590024,-3.187082049918142,4.888880230759772,0.001649210328722581
1780319690.896382332,-0.04832749208092313,-1.57694375144691,1.5898852489601687,-3.1894519199804128,4.885748497010551,0.0017030695229573725
1780319690.906616926,-0.04743177047174019,-1.5760285683095852,1.5896145998405833,-3.191830669722971,4.882535745991858,0.001753707144925546
1780319690.916639805,-0.046508591975500835,-1.5750976324705137,1.5893300997480793,-3.1942201321377794,4.879225055563157,0.0018013035216182386
1780319690.926855803,-0.04555217170764614,-1.5741485247924736,1.5890296338786023,-3.19662146956031,4.875795698126938,0.0018454659818012713
1780319690.936996937,-0.04456044037370788,-1.5731794195746787,1.588712150315272,-3.199037741929674,4.872240273294954,0.0018874023063681676
1780319690.946936607,-0.0435352277566734,-1.5721891438576474,1.5883777595831527,-3.201474078324684,4.868565354103077,0.00193009012424572
1780319690.957439184,-0.04247845019976637,-1.5711766630741657,1.5880265833622105,-3.2039351871114254,4.864777812983139,0.0019763178438270274
1780319690.967025757,-0.041391870023336,-1.570141019018065,1.5876586824124974,-3.206425308533049,4.860883959335461,0.002028617837405412
1780319690.978192806,-0.040277120177997006,-1.5690813088027147,1.5872740648500092,-3.208948323375493,4.856889628217177,0.0020893278621242233
1780319690.987397671,-0.039135696692109256,-1.5679965934586937,1.5868726808169726,-3.2115080773715814,4.852800153644966,0.0021607685997093885
1780319690.997441292,-0.03796905576007781,-1.5668861099129767,1.586454460900985,-3.214107725892762,4.848620716804669,0.002244892065034601
1780319691.006690979,-0.03677855415176623,-1.5657490606075832,1.586019290725142,-3.2167504314132005,4.844356132890316,0.0023436598422453656
1780319691.016398191,-0.035565466449059,-1.5645846255789069,1.5855670153004033,-3.219439336725797,4.840010913266208,0.0024590304498694634
1780319691.026679516,-0.034331004463195036,-1.5633919874112765,1.585097445221303,-3.2221774957842735,4.835589335431765,0.0025929235712059385
1780319691.036813259,-0.033076323719040346,-1.5621703254282888,1.5846103574873984,-3.224967900748875,4.831095466662813,0.0027472361244415384
1780319691.047101021,-0.031802528692625565,-1.5609188107649938,1.5841054957420797,-3.227813503888524,4.826533183200313,0.002923855479813173
1780319691.056970358,-0.030512397033372274,-1.5596407604075395,1.583583457594833,-3.230704648999982,4.821912346369215,0.003142609676730188
1780319691.067502260,-0.029206190779464514,-1.5583260675753943,1.5830429994650834,-3.233676342833329,4.817233800600543,0.0033716180429398794
1780319691.077471018,-0.027884136772861723,-1.5569793035376085,1.5824839015182117,-3.2367110779939807,4.81249825755092,0.00362845286291073
1780319691.087003469,-0.0265465607215436,-1.555599812423468,1.5819055895608412,-3.2398101428240205,4.807706776289651,0.003913979177064001
1780319691.096994877,-0.0251944633150476,-1.5541868122124853,1.5813076856033708,-3.2429761460430386,4.802862827511679,0.00422996748829674
1780319691.107337952,-0.023852102170964784,-1.5527956993581506,1.580703722053188,-3.2460463871857366,4.798053210438044,0.0048238525093647735
1780319691.117352962,-0.02252519817791221,-1.551387444044952,1.5800918748833075,-3.2491663120815177,4.793298338181343,0.005544149867723158
1780319691.127710819,-0.021245170505483912,-1.5502384482560565,1.5795150657349892,-3.251417132251377,4.788710751116317,0.0062446503108157594
1780319691.136554718,-0.020002467322947304,-1.5498893112954413,1.5790365950216916,-3.2509126237021873,4.784256198400017,0.005781362645681357
1780319691.146436453,-0.018837562863447843,-1.5494351576603211,1.5785688063774064,-3.2508657791828,4.780079789720979,0.005429278945946536
1780319691.156487942,-0.017758333313086183,-1.5489929805319562,1.5781288835396368,-3.250883284866659,4.7762098520028955,0.005118214214474126
1780319691.166543722,-0.01674162999065487,-1.5485853501999562,1.5777118770097613,-3.2508565679831767,4.772563466890085,0.0048246483973897305
1780319691.176345348,-0.015776605918313535,-1.5481951334625776,1.5773124547854214,-3.2508318580807964,4.769101798455225,0.004546078393030677
1780319691.186872482,-0.01485647276382096,-1.5478200695749909,1.5769283310535542,-3.250808877308441,4.765800552999146,0.004280525322362242
1780319691.196782112,-0.013975598094932984,-1.5474582645096069,1.576557589904305,-3.2507874001327233,4.762639573096891,0.004026348333188499
1780319691.206932545,-0.013129276468249351,-1.5471081226957848,1.5761986167026714,-3.2507672418352564,4.7596020183957,0.003782177347041782
1780319691.216968536,-0.012313547025836868,-1.5467682910333531,1.5758500417032444,-3.2507482497367928,4.756673712856035,0.0035468595819916223
1780319691.227207184,-0.011525048738610266,-1.5464376134396591,1.5755106942126866,-3.250730296483285,4.7538426267084795,0.0033194171809469435
1780319691.236539841,-0.010760905819838129,-1.546115094221701,1.5751795656142684,-3.2507132748918597,4.751098466368772,0.0030990137123076064
1780319691.246759892,-0.010018637129145525,-1.5457998687124554,1.5748557797028044,-3.2506970939779993,4.74843235020008,0.0028849277089674475
1780319691.257119179,-0.009296084542409488,-1.5454911798091242,1.5745385689690328,-3.2506816758784627,4.745836552146079,0.002676531761388889
1780319691.266746521,-0.008591356251857363,-1.5451883592599245,1.5742272556771275,-3.250666953454852,4.743304298796517,0.0024732759767939956
1780319691.277221203,-0.007902781785031898,-1.5448908127435663,1.5739212367745437,-3.250652868415692,4.7408296083957495,0.002274674861693212
1780319691.287044287,-0.007228876205278567,-1.5445980079615564,1.5736199718486668,-3.2506393698347598,4.7384071627154745,0.0020802968843913433
1780319691.297306538,-0.006568311499667523,-1.5443094651143623,1.573322973495725,-3.2506264129733324,4.7360322046559915,0.0018897561342002432
1780319691.307183027,-0.0059198935935187436,-1.5440247492587087,1.5730297995940934,-3.250613958336535,4.733700455990123,0.001702705621400507
1780319691.317298889,-0.005282543773302173,-1.5437434641468428,1.5727400470783295,-3.250601970910883,4.731408050889517,0.0015188318624041665
1780319691.327274561,-0.004655283569011459,-1.5434652472324917,1.5724533468948247,-3.250590419542834,4.729151481836658,0.0013378504733791853
1780319691.336826563,-0.004037222357757386,-1.5431897655955042,1.572169359887868,-3.2505792764277084,4.72692755527963,0.0011595025571526976
1780319691.346925259,-0.003427547114466023,-1.5429167125905758,1.5718877734189252,-3.250568516685603,4.724733354974105,0.0009835517160894356
1780319691.356745481,-0.0028247346298684306,-1.5426454536634413,1.5716079359240478,-3.2505581044702048,4.722563406110206,0.0008095566100955382
1780319691.367166042,-0.0022055175199344745,-1.5423654884586595,1.5713190100990457,-3.2505476375776894,4.720333932294325,0.0006307977758387377
1780319691.377010822,-0.0015668387986380594,-1.5420753160662928,1.5710194370192174,-3.250537086192212,4.71803387450901,0.00044638680662159705
1780319691.387578487,-0.000947783761345633,-1.5417926907706097,1.570727547428957,-3.2505271046071584,4.715803979374262,0.00026760523607725147
1780319691.397394896,-0.00035271265726599665,-1.5415197438218469,1.5704455526752839,-3.250517737770368,4.713659995990818,9.571332228049023e-05
1780319691.406654596,0.0002208221535184851,-1.5412554947789605,1.570172449970277,-3.2505089204315203,4.711593151273695,-6.999405062124708e-05
1780319691.417757034,0.0007748964751443932,-1.5409991107219723,1.5699073873518663,-3.2505005976348267,4.7095960048017895,-0.00023011480589829603
1780319691.427507401,0.0013113285571375588,-1.5407498582784243,1.5696496144125764,-3.2504927220361495,4.70766203835848,-0.0003851726615353712
1780319691.436641216,0.001831619925410477,-1.5405071349584922,1.569398514969338,-3.250485254041285,4.705785870419064,-0.0005355999932481481
1780319691.446557045,0.0023370889274829665,-1.5402704103736502,1.5691535464938156,-3.2504781592025003,4.703962775718145,-0.00068177639451239
1780319691.456803322,0.002828899950880981,-1.5400392148620137,1.5689142284979674,-3.250471407364369,4.702188580580708,-0.0008240371021104309
1780319691.466979742,0.00330808252640602,-1.5398131324045012,1.5686801353307323,-3.250464972039506,4.700459594604147,-0.0009626784991043635
1780319691.476723671,0.0037755544508482064,-1.5395917912953578,1.5684508866263633,-3.250458829797468,4.698772527732882,-0.0010979647835140938
1780319691.486877918,0.004232139773000965,-1.5393748569127252,1.5682261399051922,-3.2504529597848464,4.69712442576355,-0.0012301331552793116
1780319691.496908665,0.004678580649969399,-1.5391620271519937,1.5680055859162128,-3.2504473433722483,4.695512627895742,-0.0013593972323695525
1780319691.507171869,0.005115561647085043,-1.5389530217143683,1.5677889375967382,-3.250441963683607,4.6939346792861505,-0.0014859540732823362
1780319691.517053843,0.005543704048483145,-1.538747585533871,1.5675759336653718,-3.250436805508355,4.692388351818574,-0.001609982496058926
1780319691.527260303,0.005962762169421376,-1.538545876878211,1.5673667412482672,-3.250431864651886,4.690874547850633,-0.001731410206852857
1780319691.537590265,0.006364432958088306,-1.5383519504849241,1.5671655702500096,-3.250427229379496,4.689423284944727,-0.001847829409178381
1780319691.547768116,0.006742191008332288,-1.5381690444378302,1.5669757869105425,-3.2504229600910906,4.688058177606618,-0.0019573452646239886
1780319691.556633949,0.007097227269306616,-1.5379966760634183,1.5667968980608253,-3.250419026924747,4.68677496354282,-0.0020602987427906783
1780319691.567024469,0.007431110254361606,-1.5378341670581213,1.566628206552476,-3.250415398028479,4.685568010815819,-0.002157140722691686
1780319691.576654911,0.007745275470965485,-1.5376808916650404,1.5664690688311806,-3.250412045163733,4.6844321631714,-0.0022482839889059747
1780319691.586708307,0.00804103314299942,-1.537536274714956,1.5663188930360907,-3.2504089432933263,4.683362712821802,-0.0023341054156631458
1780319691.597589970,0.008319577637539766,-1.53739978858228,1.5661771359555856,-3.2504060701990136,4.682355366980662,-0.0024149486495774752
1780319691.608007193,0.00858201195191799,-1.537270942511463,1.5660432920409588,-3.2504034059892186,4.681406159841099,-0.0024911311690969384
1780319691.616786957,0.00882932275614734,-1.5371492960050857,1.5659169074005024,-3.250400933150405,4.6805115433114,-0.002562936999031429
1780319691.627402544,0.00905834009451878,-1.5370364523023836,1.5657996515203065,-3.2503986761422636,4.679683005283797,-0.0026294434595479643
1780319691.637260914,0.00924563816226498,-1.5369440248208202,1.5657035984055947,-3.250396855274629,4.679005330160529,-0.00268384461381288
1780319691.647148848,0.009391357312169335,-1.5368720281353063,1.565628770439976,-3.250395455052006,4.6784780512937205,-0.002726176247892731
1780319691.656558752,0.009507863751164303,-1.5368144095887333,1.5655688816929145,-3.2503943463394567,4.67805645021559,-0.0027600263591045504
1780319691.666948557,0.009616266156478481,-1.5367607550101976,1.5655131094560562,-3.2503933227215214,4.677664153355024,-0.002791524484162977
1780319691.677950621,0.009743486075499463,-1.536697733274396,1.5654475952334728,-3.2503921287778876,4.677203731023507,-0.0028284911877936025
1780319691.687927246,0.009899397375447982,-1.5366204199260913,1.5653672166953454,-3.250390676702888,4.676639431846611,-0.002873796725864075
1780319691.696966648,0.010065867537277562,-1.5365377743841258,1.5652812860953913,-3.2503891422312785,4.6760368678929325,-0.0029221750543921843
1780319691.706599951,0.010235576818130587,-1.5364534181443075,1.5651935680004245,-3.2503875956691513,4.675422527741716,-0.0029715000624239707
1780319691.717053652,0.010407476154088435,-1.5363678675369394,1.5651045989753536,-3.2503860478456765,4.67480020623643,-0.003021466993322619
1780319691.727855921,0.01057940346618036,-1.5362821964603377,1.565015495654739,-3.250384518687839,4.674177729418105,-0.0030714464087111537
1780319691.737788439,0.01075610342388833,-1.536194039932286,1.5649237944091006,-3.250382953509212,4.673537916302557,-0.003122810181900526
1780319691.746971607,0.010942343155131429,-1.5361010024812485,1.5648270052340822,-3.2503813238930297,4.672863498294149,-0.0031769545094029183
1780319691.756802082,0.011136575217347122,-1.5360038395225475,1.5647259124266744,-3.2503796463033616,4.672160069735697,-0.003233430705906315
1780319691.767294884,0.01134007744436305,-1.5359018936286155,1.5646198303331003,-3.2503779127279984,4.671422993151961,-0.003292611704710957
1780319691.777924776,0.011562199304586906,-1.5357904499372381,1.5645038499899706,-3.250376048645588,4.670618388637149,-0.003357219049681781
1780319691.786641121,0.01180612474965792,-1.5356678621627733,1.564376253711294,-3.2503740353829595,4.6697346969101,-0.003428182390584844
1780319691.796494722,0.012068180498503445,-1.5355359238637893,1.5642389035977446,-3.2503719118834438,4.668785197460659,-0.003504436660080934
1780319691.806812763,0.012345169429646363,-1.535396197909403,1.5640934223590537,-3.2503697116904577,4.667781448983201,-0.0035850548265186077
1780319691.817020416,0.012634549922165172,-1.535249925422586,1.5639410984632567,-3.25036746163605,4.666732639217446,-0.0036693001340282194
1780319691.827026367,0.01293428685730591,-1.5350980993491152,1.5637829626002113,-3.2503651832929137,4.665646124091198,-0.003756582826786037
1780319691.837209463,0.013242741137089231,-1.5349415188198066,1.5636198441663551,-3.2503628940826967,4.664527827398171,-0.0038464280715686527
1780319691.847700357,0.013558584876032675,-1.5347808307861772,1.5634524145178865,-3.2503606081429197,4.663382547554078,-0.003938451339902116
1780319691.857091188,0.013880749791872704,-1.5346165550330388,1.5632812129262292,-3.2503583369086693,4.662214144105178,-0.0040323434476228215
1780319691.867268324,0.014208338274972254,-1.5344491284760444,1.5631066926532586,-3.2503560899147983,4.661025859720418,-0.004127844700387406
1780319691.876783133,0.014540623887637771,-1.5342789041098897,1.5629292197870237,-3.250353874925686,4.659820317975817,-0.00422474508953119
1780319691.886685848,0.014877019395334257,-1.5341061665685913,1.5627490893940392,-3.2503516982837475,4.658599638915598,-0.00432287502269979
1780319691.897098064,0.01521705292600073,-1.5339311436728371,1.562566537500479,-3.250349565178192,4.657365525200703,-0.004422098416257292
1780319691.907003164,0.015560358445495748,-1.5337540107175283,1.5623817455101727,-3.2503474798050735,4.656119296352715,-0.004522309960754534
1780319691.917194843,0.015904813370805515,-1.5335758542876095,1.5621958459681076,-3.2503454562295886,4.654868651042435,-0.004622891210177116
1780319691.927075386,0.01622438683759464,-1.5334101810169551,1.562022936307743,-3.250343640272918,4.653708125011443,-0.004716237497941478
1780319691.936937571,0.016491075471877448,-1.53327163987342,1.5618783173191968,-3.250342169796241,4.652739486073535,-0.004794158450324382
1780319691.947060108,0.016701986457371643,-1.5331618912294953,1.5617637366928818,-3.250341035350729,4.651973331106205,-0.004855796624897657
1780319691.956506014,0.01686063031273921,-1.5330792335658217,1.5616774295371685,-3.2503401978863593,4.651396979755988,-0.004902170680257889
1780319691.966663122,0.016981145787989593,-1.5330163798867016,1.5616117955585598,-3.250339573480277,4.650959112742646,-0.004937410151378607
1780319691.976785660,0.017111900118270906,-1.5329481261514681,1.5615405172089942,-3.250338906127296,4.650484010146968,-0.004975649372303437
1780319691.986536026,0.01725147912525049,-1.5328751971919718,1.561464349937104,-3.2503382043637847,4.649976802429504,-0.005016475272111798
1780319691.996535778,0.017395078643428263,-1.5328000934021988,1.561385904258197,-3.250337493949239,4.6494549413631105,-0.005058483652974566
1780319692.006951094,0.01752728799467307,-1.5327308802258397,1.56131360504446,-3.250336850360447,4.64897443469901,-0.005097166364033789
1780319692.016873837,0.017630288088103185,-1.532676914178384,1.5612572286624637,-3.2503363560661223,4.648600061228745,-0.0051273081326490555
1780319692.026893139,0.017693396496142544,-1.5326438298233978,1.5612226649044416,-3.2503360565170807,4.648370670401851,-0.005145780255818799
1780319692.036742926,0.017717946014955244,-1.5326309557584583,1.5612092149171601,-3.2503359410884434,4.64828143378413,-0.0051529703707347
1780319692.047898769,0.01770980164257474,-1.532635226708031,1.5612136772262108,-3.250335980390518,4.648311038428916,-0.00515059379719407
1780319692.059692621,0.01767392418210667,-1.532654038916851,1.5612333313371476,-3.2503361512947144,4.648441450638106,-0.005140102338694774
1780319692.068210602,0.01761440691523064,-1.5326852363512637,1.5612659238335647,-3.2503364359116524,4.648657785867587,-0.00512269455452774
1780319692.078598499,0.017534651537269852,-1.5327270218872222,1.561309575917622,-3.2503368202182807,4.6489476712576305,-0.005099366946235584
1780319692.088462353,0.017437494109305174,-1.5327778934034022,1.5613627168469815,-3.2503372931266012,4.649300789078132,-0.005070950628965676
1780319692.098468781,0.017325311890205475,-1.5328365890632938,1.5614240268924626,-3.2503378457739176,4.649708489177067,-0.005038142479659946
1780319692.108508587,0.0172001328458371,-1.5329020307050651,1.5614923782723014,-3.2503384708768657,4.6501633914056875,-0.0050015371112923646
1780319692.119008064,0.01706366905485579,-1.5329733067373148,1.5615668173217394,-3.2503391625084275,4.650659264435983,-0.004961636612415887
1780319692.127999544,0.01691738816624122,-1.5330496349190534,1.56164652563112,-3.250339915719999,4.6511907661638165,-0.004918871436014882
1780319692.137690067,0.016762580913579628,-1.5331303271499799,1.561730783278482,-3.2503407261907578,4.651753198409497,-0.004873620139619561
1780319692.148123026,0.016602194020981953,-1.5332138356352,1.5618179729963024,-3.250341580395017,4.65233584866298,-0.004826745122623599
1780319692.157737732,0.016440897716418545,-1.533297723129353,1.561905549604255,-3.2503424543809416,4.652921747933586,-0.004779611925427751
1780319692.168041229,0.016282559411400443,-1.533379980080042,1.5619914153724008,-3.250343326933308,4.653496849299271,-0.004733350621573429
1780319692.177872658,0.016130855042227443,-1.5334587050945778,1.5620735862830832,-3.2503441765102963,4.6540478062893005,-0.004689034631626399
1780319692.188124895,0.015989229519004722,-1.5335321242432496,1.5621502120622666,-3.2503449816606587,4.654562115788374,-0.0046476692817440934
1780319692.198167801,0.015861061076339,-1.5335985043050124,1.5622194854850893,-3.2503457203240966,4.655027520281738,-0.004610239937643534
1780319692.208045483,0.015749756039593832,-1.5336561021304735,1.5622795893846322,-3.2503463695300567,4.655431662834051,-0.004577739812870796
1780319692.218215704,0.0156559482993075,-1.533704610531153,1.5623302051398156,-3.2503469222491246,4.655772253747328,-0.004550352333996699
1780319692.228626966,0.015576602441980336,-1.533745615671764,1.5623729893503164,-3.250347393702789,4.656060323233421,-0.004527189738896098
1780319692.238827705,0.01550915869981151,-1.5337804519519995,1.5624093353738209,-3.250347797238133,4.65630517123585,-0.004507503620573949
1780319692.249525785,0.015451743788105876,-1.5338100951148164,1.562440261986694,-3.2503481427360343,4.656513603160113,-0.004490746323317474
1780319692.258494616,0.015409299096203366,-1.5338320015476326,1.5624631161362112,-3.250348399197941,4.656667684712388,-0.004478359836435075
1780319692.267889261,0.01540951091427667,-1.5338318924162335,1.5624630021252415,-3.250348399197941,4.656666915785435,-0.004478425874969716
1780319692.278322220,0.015452109104203693,-1.5338099071938034,1.562440065337583,-3.2503481382675545,4.656512276983605,-0.004490865187526616
1780319692.287725210,0.015530613589121112,-1.5337693738295943,1.5623977754503848,-3.2503476615049642,4.656227282344913,-0.00451378653718848
1780319692.297883987,0.015640502717397586,-1.5337125966535083,1.5623385359053135,-3.2503470060807658,4.65582833079749,-0.004545865364546486
1780319692.308084011,0.01579681780084341,-1.5336317562535893,1.5622541828908874,-3.2503460871590892,4.655260787261989,-0.0045915047206790405
1780319692.317835331,0.015994530532632334,-1.5335293793218137,1.562147345710448,-3.250344944977792,4.654542866043924,-0.004649242933293607
1780319692.328280926,0.016230571200487542,-1.5334069697576584,1.5620195858086667,-3.2503436109041512,4.653685664493848,-0.0047181903695738825
1780319692.337882280,0.016508365146722825,-1.5332626474072928,1.5618689311354375,-3.2503420820368776,4.652676683148523,-0.004799356252617848
1780319692.348322868,0.016832051025418737,-1.533094128293346,1.5616929849112964,-3.250340356744786,4.651500811920522,-0.004893961121809731
1780319692.359289408,0.017198574445660864,-1.5329028458462606,1.561493228899329,-3.2503384759620975,4.650169054440598,-0.005001125441250309
1780319692.369057655,0.017601803724915266,-1.5326918410891244,1.561272823645197,-3.2503364960039622,4.6487035953600575,-0.005119070028880124
1780319692.379252434,0.018036722692764018,-1.532463587988003,1.5610343387491135,-3.2503344649171417,4.647122573655767,-0.005246340987124398
1780319692.387656450,0.018499254379799934,-1.5322200845787934,1.560779847949689,-3.2503324235279836,4.645440722768743,-0.005381758212704035
1780319692.397936821,0.018986041319891456,-1.531962966241454,1.560511047294195,-3.250330406795981,4.6436701681274055,-0.005524351253693993
1780319692.408200264,0.019494303440804828,-1.5316935783113808,1.56022933083028,-3.250328444797568,4.641820942666362,-0.005673317865158012
1780319692.418744326,0.020021698928253562,-1.531413047452201,1.5599358650344732,-3.250326563646076,4.6399014917298445,-0.005827983406843096
1780319692.428868532,0.020566231036738936,-1.53112232920021,1.5596316383710307,-3.250324786152019,4.637919011117242,-0.005987773663438389
1780319692.438733339,0.021126137768966435,-1.5308222652231693,1.5593175210700858,-3.2503231324511024,4.635879847840063,-0.006152182587567445
1780319692.449143887,0.02169988388720112,-1.5305135863602644,1.5589942682066251,-3.2503216202331293,4.6337895285678785,-0.006320770037643975
1780319692.458986759,0.02228611665038649,-1.5301969350960558,1.5586625431220391,-3.250320265077997,4.631652920172516,-0.006493148866654863
1780319692.469786167,0.022883630441464575,-1.529872883537105,1.5583229361623292,-3.2503190807229476,4.62947435805264,-0.006668974599621791
1780319692.479926348,0.023491011540949902,-1.5295421262176365,1.5579761667721035,-3.250318079759639,4.627258941531837,-0.006847840855465748
1780319692.490064859,0.024096682790431423,-1.529210938048216,1.5576288093603505,-3.250317284610354,4.625048870022483,-0.007026343689611636
1780319692.499958038,0.024672389212678558,-1.5288948721568207,1.5572971853932642,-3.250316715933911,4.622947304050338,-0.00719614743032615
1780319692.510097265,0.02520651132775842,-1.5286005338939397,1.5569882469562815,-3.250316350678336,4.620996802169869,-0.007353803389694491
1780319692.520104408,0.02569537433058433,-1.5283302051512475,1.556704414184762,-3.2503161527594937,4.619210949994432,-0.007498202826400124
1780319692.530052185,0.026131884348308487,-1.5280880726894424,1.5564501094150929,-3.2503160867234033,4.617615835913112,-0.007627229392625168
1780319692.540171623,0.026539235932675043,-1.5278614718083627,1.5562120517707252,-3.250316120787515,4.616126835202259,-0.007747711666215906
1780319692.550099373,0.02693513539352277,-1.5276406468768382,1.5559800008889775,-3.2503162401298225,4.614679286722163,-0.007864873903645986
1780319692.560116053,0.02731229988872852,-1.5274297260942937,1.5557583012755867,-3.250316432790642,4.613299862191975,-0.007976554257370871
1780319692.570616484,0.02766154812018451,-1.5272339413662142,1.5555524619722045,-3.2503166798174927,4.612022206423855,-0.008080023802945924
1780319692.580664873,0.027980228273128294,-1.5270548933999564,1.5553641774664024,-3.250316962725993,4.610856098501552,-0.008174484336512577
1780319692.590702534,0.02826905726236073,-1.5268922875394502,1.5551931489422985,-3.250317266470989,4.609798989644073,-0.008260136174970789
1780319692.601288557,0.02852603927430586,-1.5267473473215043,1.5550406735894855,-3.2503175745531943,4.608858253948699,-0.008336376137888735
1780319692.609823704,0.02875056075687432,-1.5266205117430198,1.554907222839756,-3.2503178728897764,4.608036202538249,-0.008403011475115463
1780319692.619842529,0.028943385498670038,-1.526511430603211,1.554792436669783,-3.2503181508557875,4.607330096177549,-0.008460259325509867
1780319692.629815340,0.02910615898312896,-1.5264192404152404,1.5546954134537083,-3.2503184011952984,4.606733956956575,-0.00850860016572419
1780319692.639854431,0.029241253961856506,-1.526342650641535,1.5546148005703606,-3.2503186199439726,4.606239132852361,-0.008548732141687054
1780319692.650087833,0.029351345669098805,-1.5262801850896253,1.5545490485239162,-3.250318805651813,4.6058358539301505,-0.008581444879793843
1780319692.662066936,0.0294389166744502,-1.526230464970375,1.5544967091068123,-3.250318958244658,4.605515047564156,-0.008607472178277398
1780319692.671713829,0.029506804168579537,-1.5261919005569187,1.5544561110566002,-3.250319079625661,4.605266335180627,-0.008627654321883504
1780319692.682185173,0.029558001838756454,-1.5261628054386724,1.5544254805109534,-3.2503191730793572,4.605078759299735,-0.008642879021441452
1780319692.691691875,0.02959553911060442,-1.5261414670141615,1.554403015415382,-3.250319242787527,4.604941227288053,-0.008654045311425662
1780319692.701472044,0.029622500088801518,-1.5261261374159387,1.554386876145832,-3.2503192936234235,4.6048424431689545,-0.008662068977129067
1780319692.712594986,0.029641969711417415,-1.5261150654995141,1.5543752193320848,-3.250319330857713,4.60477110589533,-0.008667866388151424
1780319692.722043037,0.029657149842841735,-1.5261064318655118,1.5543661295553728,-3.2503193602276133,4.604715484728523,-0.008672388875584858
1780319692.732384443,0.029671446326803297,-1.5260983000040458,1.5543575679797106,-3.2503193880094123,4.604663100740125,-0.008676648527477404
1780319692.741601229,0.029688077016854164,-1.5260888395397583,1.5543476074289817,-3.2503194202292125,4.604602163247328,-0.00868160164348808
1780319692.752148867,0.029707040195305234,-1.5260780510171674,1.5543362484236172,-3.250319456921642,4.6045326782266836,-0.008687247686451016
1780319692.762427568,0.02973059573439296,-1.5260646480131745,1.554322136401844,-3.2503195024451124,4.604446364478954,-0.008694258292843315
1780319692.771302223,0.029775830102624523,-1.5260389042326086,1.5542950299171838,-3.2503195897875203,4.604280609504391,-0.008707712155099578
1780319692.781235456,0.029843425934098056,-1.5260004199137391,1.5542545067714175,-3.250319721584358,4.604032903688693,-0.008727813110270155
1780319692.791200161,0.02993035827860635,-1.525950901744804,1.5542023621936571,-3.2503198933646367,4.603714320613905,-0.008753662902791781
1780319692.801634312,0.030038532629554915,-1.525889243821684,1.5541374298081705,-3.250320112962873,4.603317862563707,-0.008785822919090691
1780319692.811537027,0.03014818161188093,-1.5258266998987366,1.5540715598888473,-3.250320343089366,4.602915967262895,-0.008818424121129098
1780319692.821618557,0.030256626242153084,-1.5257647982808535,1.5540063616310174,-3.2503205767895915,4.602518453778469,-0.008850672093322132
1780319692.831431866,0.030371943467431217,-1.52569892493828,1.5539369749007887,-3.2503208320110204,4.6020957126734,-0.00888496978737141
1780319692.841788769,0.03050557970036727,-1.5256225241917871,1.5538564925675304,-3.250321136564102,4.601605770087417,-0.008924724665321015
1780319692.851790190,0.03065869018433487,-1.5255349067905781,1.5537641854837474,-3.2503214971324708,4.601044369521009,-0.008970284112549187
1780319692.861604214,0.030828773150741284,-1.5254374728103102,1.553661525271927,-3.2503219122187046,4.600420660830385,-0.009020907538008771
1780319692.872663498,0.03101374561093606,-1.5253313847911087,1.5535497335142605,-3.250322381005514,4.59974225979682,-0.009075978758664505
1780319692.882144928,0.031211872231150295,-1.5252176085321256,1.5534298247403324,-3.2503229031751015,4.5990155089825455,-0.009134984820272862
1780319692.892961740,0.03142169581489207,-1.5250969528095455,1.553302648264288,-3.2503234787540825,4.598245732581368,-0.009197495314682946
1780319692.903162479,0.031641969953527305,-1.5249701078384703,1.5531689286973918,-3.2503241079660556,4.597437483310408,-0.009263142343733932
1780319692.912957668,0.03187163603492871,-1.5248376582334293,1.553029279581886,-3.250324791205225,4.596594626571944,-0.009331613699565366
1780319692.922412634,0.032109779866692056,-1.5247001077013902,1.5528842293926215,-3.2503255289527706,4.595720499411094,-0.009402639969230187
1780319692.931352377,0.03235560599790177,-1.5245578935939337,1.5527342368537695,-3.25032632173681,4.594818004570291,-0.009475986908495493
1780319692.941600323,0.03260842947100895,-1.5244113914016824,1.5525796956503706,-3.250327170144806,4.593889640572006,-0.009551453013904698
1780319692.951994658,0.0328676506634904,-1.524260929047923,1.5524209494767496,-3.2503280747791967,4.592937593895142,-0.009628862047059705
1780319692.961442471,0.033132750588854565,-1.5241067893686866,1.552258294627468,-3.250329036275538,4.591963756055515,-0.009708061662070833
1780319692.971250296,0.03340328924617908,-1.5239492108011632,1.5520919806953155,-3.250330055334002,4.5909697294720555,-0.009788922947817191
1780319692.981486559,0.033677660772995166,-1.523789114111171,1.5519229777661534,-3.2503311278026885,4.589961402611194,-0.00987096808862642
1780319692.991469145,0.033947426334409725,-1.523631424345635,1.5517564848358218,-3.250332220441348,4.5889697884660166,-0.009951673483567625
1780319693.001623392,0.03418694907256237,-1.5234911794216615,1.5516083848898348,-3.2503332221302808,4.588089163030998,-0.010023361847877332
1780319693.011889935,0.03437629456875846,-1.5233801587955016,1.551491128801725,-3.2503340345726306,4.587392898824237,-0.010080052236004278
1780319693.021724224,0.03452144884252606,-1.523294956452637,1.551401130525492,-3.2503346689295816,4.586859063518002,-0.010123523989377325
1780319693.031991720,0.0346202921090093,-1.5232368912884908,1.5513397919358074,-3.250335107531618,4.586495510933657,-0.010153137673132306
1780319693.042298555,0.034715313154072724,-1.5231810353989106,1.5512807839313043,-3.250335536502045,4.586145989411445,-0.010181614592178256
1780319693.051629066,0.03482120997285332,-1.5231187456896649,1.551214974437717,-3.250336019817392,4.585756431256164,-0.010213356464821466
1780319693.061364174,0.03492791994631994,-1.5230559341454413,1.5511486087758584,-3.2503365126403976,4.58536384799502,-0.010245348449020142
1780319693.071314573,0.035015425186957216,-1.5230043941829834,1.5510941489193255,-3.250336921370864,4.585041893101279,-0.010271588555764488
1780319693.081714630,0.03507303664272077,-1.522970445268867,1.5510582750226745,-3.250337193042517,4.584829912848375,-0.01028886882372948
1780319693.091510296,0.035098501623995304,-1.522955435165808,1.5510424135378615,-3.2503373143469183,4.584736211771872,-0.010296510969849848
1780319693.101827383,0.035093643340352365,-1.5229582986116084,1.5510454398000146,-3.2503372926202037,4.584754088487205,-0.010295060392023991
1780319693.111678362,0.035062816844946054,-1.5229764673429411,1.5510646396751908,-3.250337148569062,4.584867517123514,-0.010285823181637177
1780319693.121922016,0.035009707540912816,-1.5230077609600805,1.5510977081413841,-3.2503369006633704,4.585062930529682,-0.010269905562592996
1780319693.131586313,0.03493737557520116,-1.5230503638552975,1.5511427252527008,-3.250336564929885,4.5853290593404665,-0.010248226775421365
1780319693.142027378,0.03484837426505938,-1.5231027573589735,1.551198084653354,-3.2503361552497756,4.585656497740892,-0.010221554319420179
1780319693.152597666,0.03474485685130513,-1.5231636580398638,1.551262428513888,-3.250335683698016,4.586037311616075,-0.01019053579464746
1780319693.161514282,0.03462866068959869,-1.5232319688524,1.5513345959930118,-3.250335160837289,4.5864647293663445,-0.010155724041010394
1780319693.171265841,0.034501354400525264,-1.523306751794733,1.551413594394478,-3.250334595880066,4.586932968766004,-0.010117591214700461
1780319693.181321144,0.034364300589040164,-1.5233871912392232,1.5514985604501832,-3.2503339969443203,4.587437006413802,-0.010076547554764836
1780319693.191452503,0.03421866249807981,-1.5234725900800772,1.5515887562567618,-3.2503333710753974,4.587972553303589,-0.010032943369001401
1780319693.201293707,0.03406545027250241,-1.5235623425340936,1.551683540540401,-3.250332724454397,4.588535884643823,-0.009987082898002875
1780319693.211472750,0.03390558378951214,-1.523655897278542,1.5517823297216589,-3.2503320626712053,4.589123608796683,-0.00993924313369643
1780319693.221471071,0.033740458657774974,-1.5237524267412432,1.5518842487597415,-3.25033139300216,4.589730586863053,-0.009889843152774525
1780319693.231645346,0.033575091239422816,-1.5238489933251085,1.5519861955168555,-3.2503307365359895,4.590338375629626,-0.009840384521145218
1780319693.242025137,0.03341382600802523,-1.5239430637470033,1.5520854960066763,-3.2503301100577193,4.590931010478706,-0.009792166227986066
1780319693.251712322,0.03326031431367471,-1.5240325190005706,1.5521799146389594,-3.250329526295359,4.591495081528649,-0.009746278668833597
1780319693.261762381,0.03311791551430354,-1.5241154180142358,1.552267404477208,-3.25032899580376,4.592018257688763,-0.009703723932070751
1780319693.271957636,0.03298995556398965,-1.524189845255635,1.5523459461938605,-3.250328528169063,4.592488335163929,-0.009665493330543562
1780319693.282634020,0.03287938215133157,-1.5242541093756232,1.5524137574799146,-3.250328131007806,4.592894502861077,-0.009632464607486568
1780319693.292070866,0.032784988652811764,-1.5243089329948099,1.552471603167182,-3.250327797035525,4.593241209239032,-0.009604274422724046
1780319693.302205324,0.03270378786405814,-1.5243560671277638,1.5525213325338758,-3.250327513448519,4.593539438414778,-0.009580028311131805
1780319693.311426163,0.032633548790661715,-1.5243968181235292,1.552564325083396,-3.2503272708659514,4.593797392808464,-0.009559058407616838
1780319693.321251631,0.03257301020938508,-1.5244319260772983,1.5526013625195993,-3.2503270637433106,4.59401971059309,-0.009540986910336002
1780319693.331300735,0.03254271275118836,-1.5244494911939137,1.5526198923765782,-3.2503269606405594,4.594130968981189,-0.009531945437760925
1780319693.341399431,0.03255523504529578,-1.5244422319580622,1.552612234293977,-3.250327002476234,4.594084984906006,-0.009535687854835828
1780319693.351622343,0.032606508913227694,-1.5244125018005477,1.5525808701763293,-3.25032717536116,4.593896693521353,-0.009550999645553837
1780319693.361504793,0.03268544784521299,-1.5243667113865378,1.5525325606626652,-3.25032744290671,4.5936067938651615,-0.00957456905921994
1780319693.371761799,0.032806222251823725,-1.5242966053637268,1.5524585946357965,-3.250327865357309,4.593163220677761,-0.009610632053482782
1780319693.381675959,0.0329701701650047,-1.5242013494025173,1.5523580842066869,-3.2503284509306445,4.592561015171206,-0.009659600801600554
1780319693.391566753,0.03317283678651006,-1.5240834556183724,1.5522336717377883,-3.250329194147457,4.591816482746985,-0.009720154544685222
1780319693.402017593,0.0334140251368078,-1.5239429488878908,1.5520853736467235,-3.2503301065532364,4.590930278745478,-0.009792246362677837
1780319693.411578655,0.03369837186554836,-1.5237770142972318,1.551910206401124,-3.2503312211900024,4.589885279564246,-0.009877277604767976
1780319693.422071934,0.03402675775617947,-1.523584995219693,1.5517074610649073,-3.250332560864086,4.588678138522051,-0.009975530972289093
1780319693.432121515,0.034393548187805045,-1.523370031452811,1.5514804355697174,-3.2503341234858008,4.587329448283895,-0.010085341577696916
1780319693.442090511,0.03479339074387533,-1.5231351093477228,1.5512322669257421,-3.250335906423005,4.585858771911403,-0.010205127741421016
1780319693.452393055,0.035221937149461535,-1.5228826412728447,1.5509654873691305,-3.25033790922805,4.584281990259457,-0.010333606809139972
1780319693.462454796,0.03567562709778138,-1.5226145910644515,1.5506821567200726,-3.2503401328895993,4.5826120959302745,-0.010469730583902326
1780319693.471719027,0.036151498402558824,-1.5223325839741193,1.5503839783627458,-3.2503425792088043,4.580859890389661,-0.010612628644870448
1780319693.481262445,0.03664707947725243,-1.5220379682246392,1.5500723641040293,-3.2503452505467463,4.579034378264619,-0.010761576332903644
1780319693.491415977,0.037160265252758506,-1.5217318866858403,1.5497485097663328,-3.250348149445543,4.577143222861287,-0.010915957720548874
1780319693.501410723,0.03768922049649004,-1.5214153328854563,1.5494134542811566,-3.2503512783138664,4.575193101237839,-0.01107523673116706
1780319693.511813164,0.03823234763838257,-1.5210891689108603,1.5490680985008922,-3.250354639427421,4.573189821846782,-0.011238947614480743
1780319693.521618843,0.03878827979151889,-1.520754128151986,1.5487132079556232,-3.2503582350887523,4.5711383492186055,-0.011406693023913839
1780319693.532027006,0.03935576770674376,-1.5204108821214586,1.5483494834991824,-3.2503620670787283,4.569043220159872,-0.011578110068517056
1780319693.542557716,0.03993369499115085,-1.5200600305525303,1.547977550752182,-3.2503661368605803,4.566908487100652,-0.011752874987556616
1780319693.552410364,0.040518055362323,-1.5197039458495842,1.5475999164875605,-3.2503704231061086,4.564748891336161,-0.011929787580159612
1780319693.562340260,0.04108845831631158,-1.5193550758578134,1.5472297832036512,-3.250374772443738,4.562639800394202,-0.01210267336792814
1780319693.572031021,0.041621871110796294,-1.519027673953886,1.5468822911338729,-3.2503789871088555,4.560666510857122,-0.012264527701051797
1780319693.581802845,0.0421130203122404,-1.5187252231397377,1.546561164747204,-3.2503829931881674,4.558848732614482,-0.01241371423320814
1780319693.592085123,0.042554533164548713,-1.5184525267920534,1.5462715344833478,-3.25038669767809,4.557213971625329,-0.01254795911779194
1780319693.601544380,0.04295359350510575,-1.5182053880528708,1.5460089710140004,-3.2503901314368404,4.555735830444589,-0.01266940800306049
1780319693.611289501,0.04333871300783021,-1.517966285481604,1.5457548745728946,-3.2503935211613983,4.554308813714595,-0.012786712061163996
1780319693.621485949,0.04371081839336233,-1.5177347047753162,1.5455087052000904,-3.2503968662324825,4.552929537649895,-0.012900143423515864
1780319693.631906509,0.04405993443239353,-1.5175169321718727,1.5452771541402295,-3.2504000670909905,4.551635042862292,-0.01300664936850815
1780319693.641521454,0.044379117673781776,-1.5173174074736586,1.5450649548152329,-3.2504030464243208,4.550451167810127,-0.013104094477234263
1780319693.651755333,0.04466844202320863,-1.5171361977475195,1.5448721919020167,-3.2504057907012296,4.549377735840244,-0.01319248299431397
1780319693.661406517,0.04493040352886535,-1.516971838382533,1.5446973190980218,-3.2504083112370354,4.548405571681073,-0.0132725612682556
1780319693.672251225,0.04516429340567685,-1.5168248604866328,1.5445409117655795,-3.250410590453243,4.5475373808338695,-0.013344098448795805
1780319693.682276487,0.04536937798274776,-1.5166958043787568,1.5444035543668388,-3.250412611369189,4.546775955937237,-0.013406857021569074
1780319693.692430258,0.04554620387839314,-1.5165843960649745,1.544284963679175,-3.2504143707028863,4.5461193289526225,-0.013460992531166838
1780319693.701864481,0.045696164201663336,-1.516489816288968,1.544184274661787,-3.2504158750793453,4.5455623781733845,-0.01350692155549904
1780319693.712295055,0.0458212259591686,-1.5164108711556556,1.544100221927828,-3.250417138449568,4.54509783938773,-0.01354523848630329
1780319693.722681046,0.045923692529143745,-1.5163461424861033,1.5440312998652557,-3.250418179635571,4.544717188456129,-0.013576642730162014
1780319693.731258631,0.04600608473988799,-1.516294064311409,1.5439758442433238,-3.250419020950247,4.5444110842504495,-0.013601902059654059
1780319693.741483927,0.04607106617192591,-1.5162529717977016,1.543932084511884,-3.2504196872227027,4.544169647652979,-0.013621829445009226
1780319693.751531839,0.0461213859057954,-1.5162211392141094,1.5438981844441293,-3.2504202049944038,4.543982675818916,-0.013637265215177052
1780319693.761291742,0.04615984695808062,-1.5161968015508034,1.5438722653570585,-3.2504206019918946,4.543839760912196,-0.013649067106062951
1780319693.771372557,0.046189281790961045,-1.5161781714481881,1.5438524243137293,-3.250420906698979,4.543730382375225,-0.013658102511099557
1780319693.781366110,0.04621261892098838,-1.5161633981877092,1.5438366905865657,-3.2504211489018617,4.543643660432515,-0.013665268707597988
1780319693.791399479,0.04623293159573394,-1.516150537695398,1.5438229938098955,-3.250421360094178,4.5435681759326085,-0.013671507645619307
1780319693.801595211,0.046253178905603765,-1.5161377169644137,1.5438093391595196,-3.2504215707311754,4.543492932869027,-0.013677726469455642
1780319693.811418772,0.0462736046739618,-1.5161247816032253,1.5437955621881123,-3.2504217833064004,4.543417025132469,-0.013683999868442598
1780319693.821315527,0.046293723093741246,-1.5161120392807366,1.5437819905857035,-3.2504219927677465,4.543342258128302,-0.013690178781196494
1780319693.831826210,0.04632595925274452,-1.51609161890467,1.543760240560891,-3.2504223278010294,4.543222454395573,-0.013700073374929289
1780319693.841509581,0.04637956710618707,-1.516057651505811,1.5437240599724227,-3.2504228848654986,4.5430232158164126,-0.013716522273536924
1780319693.851905823,0.04645184729631047,-1.5160118348871663,1.5436752555971471,-3.2504236370795887,4.542754563456861,-0.013738699223074136
1780319693.861521006,0.04654310462057598,-1.5159539598457261,1.5436136022282314,-3.2504245882463376,4.542415349763322,-0.013766696414832857
1780319693.871606350,0.04664564078792299,-1.5158888913647939,1.5435442814560454,-3.250425663826049,4.542034175658675,-0.013798152796439034
1780319693.882430077,0.04675583296901942,-1.5158189174612309,1.5434697288889125,-3.2504268252641317,4.541624498463677,-0.013831966019901998
1780319693.892050028,0.04688552276366553,-1.515736499784671,1.5433819106584223,-3.250428199797141,4.541142276151291,-0.013871773932510933
1780319693.901847124,0.04703377131784525,-1.5156422052720533,1.5432814272039197,-3.2504297810887124,4.540590972877732,-0.013917293496365168
1780319693.912293434,0.04719812726290851,-1.5155375622740985,1.5431699033807669,-3.2504315467131484,4.539979676846532,-0.013967777292706707
1780319693.921430349,0.04737657071745072,-1.5154238269360603,1.5430486742328298,-3.250433478568624,4.539315873584896,-0.014022610058202822
1780319693.931265354,0.04756742209627696,-1.515302041240811,1.5429188468497155,-3.2504355618988665,4.538605785097978,-0.014081280672342267
1780319693.941264868,0.04776927063419345,-1.515173078390645,1.5427813487173414,-3.2504377845402175,4.537854635601686,-0.01414336021959084
1780319693.951522827,0.04798091818278505,-1.5150376784280777,1.5426369656615009,-3.2504401363375948,4.537066860418657,-0.014208484749651973
1780319693.961596251,0.04820134737507131,-1.5148964682889892,1.542486363193823,-3.2504426088289,4.536246224194908,-0.014276345533016155
1780319693.971575260,0.04842968191871977,-1.5147499869096883,1.54233011324928,-3.2504451948398625,4.535395968431775,-0.014346676890850674
1780319693.981797695,0.048665158118920804,-1.5145987032088506,1.5421687133330702,-3.2504478881963372,4.534518917273356,-0.014419247470313756
1780319693.991856813,0.04890710482398708,-1.514443028718408,1.5420025999661564,-3.2504506835261076,4.533617551977614,-0.0144938541058508
1780319694.002250195,0.049154953120164935,-1.514283311079713,1.541832141713693,-3.2504535764034364,4.532693974563209,-0.014570324854300765
1780319694.011884928,0.04940820346887964,-1.5141198549170989,1.5416576614258009,-3.25045656300228,4.531750029997573,-0.014648508906417668
1780319694.022529364,0.049666411727204984,-1.5139529306522874,1.541479445621665,-3.250459639956625,4.530787358118571,-0.014728272306445689
1780319694.032406092,0.04992922665365729,-1.5137827500103107,1.5412977183088616,-3.2504628048375395,4.529807253580897,-0.014809509584112313
1780319694.042605877,0.0501963342918863,-1.513609501707247,1.5411126790524958,-3.250466055521464,4.528810872968194,-0.014892126621196766
1780319694.051373482,0.050465229811217815,-1.5134348001812619,1.5409260507456373,-3.2504693626461236,4.5278075496943995,-0.014975350744440341
1780319694.061224461,0.050721325729575106,-1.5132681404015695,1.5407479786185196,-3.250472544592033,4.526851729223838,-0.015054663639002541
1780319694.071614504,0.050932730890275835,-1.5131303624148371,1.540600740448869,-3.250475194614851,4.526062518072083,-0.01512017202906435
1780319694.081322193,0.051095713538859666,-1.5130240181177275,1.5404870783238382,-3.250477251532616,4.525453959349308,-0.015170697888678752
1780319694.091540813,0.05121332573096127,-1.5129472102827926,1.540404976381319,-3.2504787429271724,4.525014745342943,-0.015207173250117556
1780319694.101373911,0.05130369387752287,-1.5128881550888718,1.5403418466524306,-3.2504798964645323,4.524677236018221,-0.01523521268631356
1780319694.111515284,0.051404622171808745,-1.5128221592577518,1.540271292500151,-3.250481189793746,4.524300249148605,-0.015266536627070337
1780319694.121404409,0.051513594782288674,-1.5127508565613637,1.5401950589427542,-3.250482591483557,4.523893171019323,-0.015300366037649837
1780319694.131391287,0.05162525335773327,-1.5126777459399205,1.5401168860077994,-3.2504840335507463,4.523476011551809,-0.015335039027271513
1780319694.141534328,0.05172274583741143,-1.5126138689959898,1.5400485808444413,-3.250485297729684,4.523111737504309,-0.015365321937599319
1780319694.151566505,0.05179039958900744,-1.5125695192977293,1.5400011538496339,-3.2504861781432197,4.522858932171741,-0.01538634275800188
1780319694.161523104,0.05182196508041437,-1.5125488202060078,1.539979017910778,-3.250486590511425,4.522740973658725,-0.015396155203029949
1780319694.171998978,0.05182476422355098,-1.512546957924898,1.5399770501343506,-3.250486718135342,4.522730513227237,-0.01539708266202311
1780319694.182627201,0.051839838075929734,-1.5125369684213688,1.5399664595302722,-3.2504872691713285,4.522674181536562,-0.0154019750002643
1780319694.192637205,0.05187153209834361,-1.5123855624831783,1.5399216027006704,-3.25093551713063,4.52255573661317,-0.015707324006311474
1780319694.202443123,0.051916571379792664,-1.511995435059089,1.539826951245457,-3.2521711991642412,4.5223874119006275,-0.01654016645266676
1780319694.211174250,0.05198130790841282,-1.5113878892245616,1.5396809650449375,-3.2541040628342817,4.522145459099152,-0.01784169919132328
1780319694.221602917,0.05206974239306961,-1.5105772761825014,1.5394816527855797,-3.2566716983493453,4.521814908796937,-0.019572468646027907
1780319694.231214285,0.05218339096624924,-1.509573035397839,1.5392271131546384,-3.2598330774488193,4.521390068521045,-0.021706585794941446
1780319694.241308928,0.052317904313950114,-1.5083676504192791,1.538915109013862,-3.263616739469432,4.520887166493428,-0.024117359181468956
1780319694.251426458,0.0524330576713099,-1.5069045619927453,1.5385531009839026,-3.268293589941173,4.52045658897063,-0.026166053775833475
1780319694.261470556,0.05250701271146618,-1.5052021405775537,1.5381507889869102,-3.273836596989524,4.5201800313874765,-0.02830936313826271
1780319694.271525860,0.05253489078776763,-1.5031718987729086,1.5376831651069989,-3.2805346204410473,4.520075774729847,-0.03051221055865838
1780319694.282140255,0.052502315877558825,-1.5008134533170487,1.5371459729154244,-3.28839537006173,4.520197596008096,-0.0322605447196187
1780319694.291823864,0.052379941914900696,-1.4981739815861959,1.5365533527030146,-3.2972992909712993,4.520655204056876,-0.033390083351265254
1780319694.301685095,0.0521508406443254,-1.495287063137134,1.5359095452335212,-3.307145018691406,4.521511753051497,-0.03371836465735534
1780319694.312665224,0.0518089372559245,-1.492161181981844,1.5352061969195372,-3.3178892372571713,4.522789658394595,-0.03303846520027065
1780319694.322281599,0.05137722715687021,-1.4887841313756223,1.5344125637440202,-3.3294922868961336,4.52440257876135,-0.031157105521652184
1780319694.332666636,0.050890107626140324,-1.4851236318087064,1.5334843712344548,-3.3419527680437735,4.526221651690482,-0.0278970514975434
1780319694.341431379,0.05004931901169041,-1.485341304703125,1.5339920610554398,-3.3429945260223715,4.52935931143035,-0.013619254940556935
1780319694.351257086,0.049193164172451675,-1.4835538662692116,1.5338230087660538,-3.3502633232550236,4.53255156519281,-0.007526116163583119
1780319694.361573935,0.04862886971499858,-1.4831025287009503,1.5339521476890432,-3.352788050070205,4.534654089908356,-0.00754557804663758
1780319694.371332407,0.048090311193528246,-1.483301331793304,1.5342928246323024,-3.353253858529019,4.536659623318233,-0.007490291686652384
1780319694.381593466,0.04756708035578883,-1.4841328796106668,1.534844511140976,-3.351737345108555,4.538607056708532,-0.007363998209304334
1780319694.391207218,0.04705132793303446,-1.4855808547721363,1.535599404873384,-3.348294454961936,4.540525678482303,-0.007169978192688831
1780319694.401372194,0.046536228941898905,-1.4876275709442242,1.5365429465468743,-3.342972215682707,4.54244090847236,-0.006911369959720304
1780319694.411449671,0.04601668955691984,-1.4902549443466153,1.5376542869730694,-3.335805129206845,4.544371683392598,-0.006591214451544758
1780319694.421556950,0.04544566047537768,-1.4922964696337804,1.5385806812368994,-3.3305303907220214,4.546492701341389,-0.008143540784924852
1780319694.431678534,0.04480868230344304,-1.4939769929114473,1.5394141658379346,-3.3264964998821878,4.548857320622221,-0.008881628282618514
1780319694.441558599,0.044124256215274604,-1.4953711045846676,1.540175646289622,-3.3234442934416055,4.551396496847724,-0.008995550638772443
1780319694.452516556,0.04340235414768556,-1.4965430383539857,1.5408837863308407,-3.321158076514111,4.554072949930039,-0.008632041120251621
1780319694.461607933,0.04264777604705983,-1.4975309132372168,1.5415501361064086,-3.3195116594024743,4.556868643202522,-0.007872821495602977
1780319694.472009420,0.04186669637678708,-1.4983659269736256,1.5421823168170523,-3.318395943130441,4.559760495825193,-0.006788482455896805
1780319694.481573582,0.04106225746265668,-1.4990693393568177,1.5427858773786751,-3.3177382130795623,4.562736702700144,-0.005426259493340524
1780319694.491940498,0.040341830447154337,-1.5003149488017957,1.5434930944719356,-3.315167232273791,4.5654002753937935,-0.005283089920674833
1780319694.502791882,0.03961935687177398,-1.501593799954482,1.5442031829549823,-3.312478514051011,4.5680697148131895,-0.005182977348352047
1780319694.511763096,0.03887454414008418,-1.5027861003126208,1.5448943304791167,-3.310097733204942,4.570819933017397,-0.004896643207654705
1780319694.521740198,0.03811905392386161,-1.5040396831665834,1.545600042387799,-3.307525308215255,4.573607772785024,-0.004726074750946552
1780319694.531250000,0.03734267440812267,-1.5053008605653808,1.546310886595732,-3.3049536328200153,4.576470825600639,-0.004555874530801418
1780319694.541405439,0.03654607671110477,-1.5065690705520671,1.5470261988541045,-3.3023826370345093,4.579406490942799,-0.004386273840132127
1780319694.551487684,0.03572985003378393,-1.507843814268699,1.5477453807426493,-3.299812221938722,4.582412476323768,-0.004217484174081854
1780319694.561663151,0.03489453621941996,-1.5091246282806994,1.548467874329614,-3.2972422798741103,4.58548666952116,-0.004049703163083507
1780319694.571772814,0.03404078146287004,-1.5104109854925056,1.5491930630292114,-3.294672725266758,4.588626580567716,-0.0038831338451679187
1780319694.581576586,0.033169264345811245,-1.5117023425507838,1.549920320682654,-3.2921034845307693,4.591829607781584,-0.0037179752176523806
1780319694.592365742,0.03228060912316022,-1.5129981960307335,1.5506490679494822,-3.2895344802152335,4.595093356830406,-0.0035544118642008016
1780319694.602375507,0.031375392606786345,-1.5142980789073563,1.5513787671832555,-3.2869656274219787,4.598415615034645,-0.0033926155346231113
1780319694.612611294,0.03045415404668006,-1.5156015542240207,1.552108915339494,-3.2843968340613996,4.601794314745168,-0.00323274691363018
1780319694.621758223,0.029517398540297224,-1.516908212243063,1.5528390410013981,-3.2818280023709896,4.605227520549288,-0.0030749566957517516
1780319694.631590605,0.02856559899896083,-1.5182176680699415,1.553568702282731,-3.279259031735803,4.608713421783371,-0.0029193863990402136
1780319694.641224623,0.027599201364374215,-1.5195295584730353,1.5542974830372354,-3.2766898181508965,4.612250313160605,-0.0027661694102283363
1780319694.651502848,0.02661862804637405,-1.5208435395201647,1.5550249902014046,-3.2741202545683707,4.615836581961638,-0.0026154317800646254
1780319694.661350250,0.025628731709370856,-1.522183918544549,1.5557531010723984,-3.271458621454494,4.619454435842,-0.002465922332991255
1780319694.671524048,0.024662060630045834,-1.52404600876236,1.5565505436696907,-3.2669616367363563,4.622985014861555,-0.0022886980002718715
1780319694.681756973,0.023708878905882136,-1.5265909521455923,1.557432964849292,-3.2600681704416363,4.626464054833104,-0.0020769425548303744
1780319694.691456556,0.022754948457574198,-1.5297791602809898,1.558373569865332,-3.2508856438203964,4.629943610357225,-0.0018365141740508406
1780319694.702001333,0.021789224052586986,-1.5335716155525807,1.559337738517721,-3.239499231413859,4.633463967914574,-0.0015732033978572701
1780319694.711891413,0.02080356790123905,-1.5379306048081727,1.5602841139991537,-3.225971123564152,4.637054725621854,-0.001292832626191398
1780319694.721588850,0.0197914981724443,-1.542818556580377,1.5611656384599866,-3.210347507123126,4.640739382301679,-0.0010013594073567944
1780319694.731666088,0.018738503659824435,-1.548204384744107,1.5619351717716181,-3.192654028546902,4.644570584123537,-0.0006839962148985634
1780319694.741731405,0.01765127401906308,-1.5540444041617754,1.5625295230265925,-3.1729084628128197,4.6485237810614874,-0.0003907767326598588
1780319694.751995564,0.016525364593557024,-1.5602981651280947,1.5628875279387895,-3.151125668622633,4.652614933833239,-0.00010576228450975833
1780319694.762268305,0.015386628826619342,-1.5638506514453656,1.5632464392203536,-3.1394858129191276,4.656749980185385,3.0224496613889362e-05
1780319694.772239208,0.014397998973163517,-1.5643467904412542,1.5637536958952365,-3.139516279328013,4.6603377924009095,2.7912968568549918e-05
1780319694.781269550,0.013572461854597817,-1.5647575086583263,1.5641747274271365,-3.139546034743056,4.663332223796977,2.5843570717739706e-05
1780319694.791491032,0.012848008415669021,-1.5651152690575145,1.5645423046037517,-3.1395753504360298,4.665958892265627,2.3953977849187933e-05
1780319694.801258802,0.01218594634822745,-1.5654401503204198,1.564876666336497,-3.139604328698755,4.6683584571706875,2.22356930993205e-05
1780319694.811347008,0.011574564637305551,-1.5657383853436286,1.565184116685872,-3.139633042601466,4.670573594276022,2.0663435499388005e-05
1780319694.821445704,0.01100518528701655,-1.5660145802319825,1.565469312997603,-3.1396615445498446,4.6726359176277885,1.921754897551126e-05
1780319694.831435204,0.010470739297419485,-1.5662724618858652,1.5657360213280034,-3.1396898744074435,4.674571163175594,1.788172202837669e-05
1780319694.841810226,0.009963652046686589,-1.5665159440220329,1.5659881897027763,-3.1397180666634057,4.676406858276346,1.6640314111505266e-05
1780319694.851755142,0.009479678439187067,-1.5667472469654244,1.566228059472938,-3.139746140905279,4.6781584464399915,1.5484058130030347e-05
1780319694.862085342,0.00901677164562309,-1.566967481570174,1.5664567554490656,-3.139774110892817,4.679833398327832,1.4405862256508041e-05
1780319694.871843100,0.00857229820493588,-1.5671780281746583,1.566675671605239,-3.1398019903523338,4.681441295945339,1.3398126790273175e-05
1780319694.882474422,0.008144101171994267,-1.5673800163540115,1.5668859485482574,-3.1398297903407957,4.682989986747019,1.2454341914211265e-05
1780319694.892449141,0.007730372221104842,-1.567574391673431,1.5670885409230015,-3.139857519912008,4.684486048881615,1.1568858071628534e-05
1780319694.901691914,0.007329736632526673,-1.5677618778356548,1.5672841797295993,-3.139885186302973,4.685934485968689,1.0736927426794994e-05
1780319694.911294222,0.006940945984997837,-1.5679431286455845,1.5674735250766083,-3.139912795745592,4.687339839848678,9.954269798736627e-06
1780319694.921596527,0.006563006033845298,-1.5681186677112118,1.5676571058205553,-3.1399403534006325,4.688705729294882,9.217192793843265e-06
1780319694.931663513,0.0061951362310728175,-1.5682889098552941,1.567835341207396,-3.1399678635994115,4.6900349973972215,8.522499694241354e-06
1780319694.941466808,0.005836616993676991,-1.5684542359257385,1.568008616011718,-3.1399953301797496,4.691330264198536,7.86727799238924e-06
1780319694.951588631,0.0054868563117393965,-1.5686149615147276,1.5681772492327721,-3.1400227564613257,4.692593686475844,7.248953684208489e-06
1780319694.961567402,0.005145347699473168,-1.5687713579397062,1.5683415152004365,-3.140050145374063,4.693827110112297,6.665218741675472e-06
1780319694.971856356,0.004811648371714661,-1.5689236632588255,1.5685016546665307,-3.1400774995343377,4.695032149256138,6.11398723560318e-06
1780319694.982651949,0.004485393660455639,-1.5690720758832422,1.5686578684448846,-3.14010482127318,4.696210134540973,5.593393568219943e-06
1780319694.992797613,0.004166252787193514,-1.5692167760609692,1.5688103389758785,-3.140132112718805,4.6973622730246465,5.1017283697113625e-06
1780319695.002508640,0.003853933989574232,-1.5693579237068933,1.568959228174974,-3.1401593758139006,4.698489629837351,4.63743193813185e-06
1780319695.011735916,0.003548178681290759,-1.5694956614270943,1.5691046804838968,-3.14018661234194,4.699593149410557,4.199076717523973e-06
1780319695.021638155,0.003248751341849321,-1.5696301195066251,1.5692468278842293,-3.1402138239539275,4.700673692086924,3.78534646520303e-06
1780319695.031460524,0.0029554389322936636,-1.5697614163474745,1.5693857903494788,-3.140241012180954,4.701732036323938,3.395027309599784e-06
1780319695.041485310,0.002668058960910269,-1.5698896548323784,1.5695216722182264,-3.140268178443487,4.7027688496835545,3.027007293333113e-06
1780319695.051495552,0.0023892313128524023,-1.5700136234503859,1.5696532622211674,-3.1402953229951724,4.703774690430452,2.6825368229005613e-06
1780319695.061241150,0.00212453341651897,-1.570130735752369,1.5697779737562014,-3.1403224456952277,4.704729453475866,2.365118627632059e-06
1780319695.071446657,0.0018727846575650187,-1.5702415787222375,1.5698963968428767,-3.1403495495872464,4.705637413922268,2.0724981936026874e-06
1780319695.081598997,0.0016327765361825453,-1.570346746864824,1.570009128596896,-3.1403766372889943,4.706502944678794,1.802541421639583e-06
1780319695.091431618,0.0014025196545051077,-1.570447193155852,1.5701171243240013,-3.140403711068492,4.707333231862966,1.55236981144963e-06
1780319695.101688385,0.0011797016785413117,-1.5705440138499593,1.570221482122055,-3.140430772668526,4.708136622658554,1.3187749001971029e-06
1780319695.111700773,0.0009639574133861739,-1.57063739422426,1.570322388463055,-3.140457823278606,4.708914441219252,1.100836730270247e-06
1780319695.121900558,0.0007549762278020733,-1.5707274927684498,1.5704200029128828,-3.1404848639705962,4.709667814247391,8.977460117957968e-07
1780319695.132400036,0.0005524674495054338,-1.570814457457753,1.5705144744233477,-3.1405118957169704,4.710397795855533,7.087497110328221e-07
1780319695.142696381,0.0003561576588706483,-1.5708984271319402,1.5706059427215227,-3.140538919401105,4.711105377388796,5.33145613313448e-07
1780319695.151739597,0.00016578849715243038,-1.5709795327738663,1.5706945394261926,-3.14056593521052,4.711791495383004,3.7027804326484857e-07
1780319695.161727667,-1.8883947831227488e-05,-1.5710578975163223,1.5707803884729872,-3.140592944122892,4.712457033830041,2.1953350577114273e-07
1780319695.171455860,-0.0001980898296602973,-1.571133637200946,1.5708636065123842,-3.1406199473080187,4.713102826703662,8.033877135299815e-08
1780319695.181468725,-0.00037204714722616217,-1.571206861380337,1.570944303717039,-3.140646945410288,4.713729663781178,-4.784227680687536e-08
1780319695.191327095,-0.0006247031693380478,-1.5711254674171613,1.5710796831214053,-3.141427825053666,4.714640010441011,1.4435755693010044e-07
1780319695.201426029,-0.0009920071588069845,-1.5712242483562386,1.5712547884861616,-3.1417029898662343,4.71596329305417,2.9767745650605887e-07
1780319695.211619616,-0.0011005659387208766,-1.5713008700980549,1.5713018560376442,-3.141596585391856,4.716354362321796,2.0788174689323996e-07
1780319695.221426964,-0.0010972398768993585,-1.5713027957503733,1.5713000004969333,-3.14158296162387,4.7163423808370055,1.8820711648094775e-07
1780319695.231679201,-0.0010948289692853663,-1.5712982900703647,1.5712992275963367,-3.141596407055217,4.716333696006441,1.8820711648094775e-07
1780319695.241756439,-0.0010922526068366523,-1.5712977648480617,1.57129798577677,-3.141593823790534,4.716324415148174,1.8820711648094775e-07
1780319695.251955271,-0.0010890599616324437,-1.571296752269454,1.5712964819332544,-3.141592051858062,4.716312914235685,1.733345311115454e-07
1780319695.261454344,-0.0010857360245379866,-1.571295034271932,1.5712949805500571,-3.1415928299405396,4.7163009403541505,1.733345311115454e-07
1780319695.272938490,-0.0010823598827798264,-1.571295019293192,1.5712932878438686,-3.1415867837247977,4.716288778399783,1.575055045709944e-07
1780319695.281689882,-0.0010798421922313395,-1.5712915248674335,1.5712923631623903,-3.141596039410017,4.716279708854442,1.575055045709944e-07
1780319695.292692661,-0.0010771407968519497,-1.5712899513029273,1.5712911600684627,-3.141597372202068,4.716269977534836,1.575055045709944e-07
1780319695.302174807,-0.0010750352008326303,-1.5712879673030322,1.5712902957093073,-3.1416014042758182,4.716262392474869,1.575055045709944e-07
1780319695.311643839,-0.001072329675548822,-1.5712837521472718,1.5712893464395152,-3.141613167845985,4.716252646260736,1.575055045709944e-07
1780319695.321880102,-0.0010691542441882973,-1.5712880694203326,1.571287334517925,-3.1415903648390535,4.716241207274128,1.3888333410660196e-07
1780319695.331352711,-0.0010691542441882973,-1.571288016877543,1.571287334517925,-3.1415905725556628,4.716241207274128,1.3888333410660196e-07
1780319695.341774225,-0.0010691542441882973,-1.5712879693999433,1.571287334517925,-3.1415907602416455,4.716241207274128,1.3888333410660196e-07
1780319695.351630688,-0.0010691542441882973,-1.57128792649781,1.5712873484311642,-3.1415909298348366,4.716241207274128,1.3888333410660196e-07
1780319695.361443281,-0.0010691542441882973,-1.5712878877340444,1.5712873484311642,-3.1415910830638523,4.716241207274128,1.2691002398357918e-07
1780319695.371798754,-0.0010691542441882973,-1.5712878527157121,1.5712873484311642,-3.141591221481751,4.716241207274128,1.2691002398357918e-07
1780319695.381691933,-0.0010691542441882973,-1.5712878210753605,1.5712873586817142,-3.1415913465432284,4.716241207274128,1.2691002398357918e-07
1780319695.391597271,-0.0010691542441882973,-1.5712877924879063,1.5712873586817142,-3.141591459533587,4.716241207274128,1.2691002398357918e-07
1780319695.402249098,-0.0010691542441882973,-1.5712877666565204,1.5712873586817142,-3.141591561627251,4.716241207274128,1.2691002398357918e-07
1780319695.412357330,-0.0010691542441882973,-1.5712877433143424,1.5712873586817142,-3.1415916538797166,4.716241207274128,1.2691002398357918e-07
1780319695.422019243,-0.0010691542441882973,-1.57128772221993,1.5712873586817142,-3.141591737246041,4.716241207274128,1.1615648340869921e-07
1780319695.432141781,-0.0010691542441882973,-1.5712877031566617,1.571287370129683,-3.1415918125827598,4.716241207274128,1.1615648340869921e-07
1780319695.441948175,-0.0010691542441882973,-1.5712876859280858,1.571287370129683,-3.141591880666814,4.716241207274128,1.1615648340869921e-07
1780319695.451602697,-0.0010691542441882973,-1.5712876703573313,1.571287370129683,-3.14159194219758,4.716241207274128,1.1615648340869921e-07
1780319695.461591005,-0.0010691542441882973,-1.5712876562836602,1.571287370129683,-3.1415919978107687,4.716241207274128,1.1615648340869921e-07
1780319695.471240282,-0.0010691542441882973,-1.5712876435625542,1.571287370129683,-3.1415920480778152,4.716241207274128,1.1615648340869921e-07
1780319695.481950521,-0.0010691542441882973,-1.571287632063492,1.571287370129683,-3.1415920935147894,4.716241207274128,1.1615648340869921e-07
1780319695.491565943,-0.0010691542441882973,-1.5712876216679863,1.571287370129683,-3.1415921345902067,4.716241207274128,1.1615648340869921e-07
1780319695.501814365,-0.0010691542441882973,-1.5712876216679863,1.571287370129683,-3.1415921717190938,4.716241207274128,1.1615648340869921e-07
1780319695.511530638,-0.0010691542441882973,-1.5712876037753674,1.571287370129683,-3.1415922052860537,4.716241207274128,1.1615648340869921e-07
1780319695.521534920,-0.0010691542441882973,-1.5712876037753674,1.5712873805008216,-3.1415922356311916,4.716241207274128,1.1615648340869921e-07
1780319695.531512737,-0.0010691542441882973,-1.5712875891506766,1.5712873805008216,-3.1415922630671917,4.716241207274128,1.1615648340869921e-07
1780319695.541498423,-0.0010691542441882973,-1.5712875891506766,1.5712873805008216,-3.1415922878734657,4.716241207274128,1.1615648340869921e-07
1780319695.551602364,-0.0010691542441882973,-1.5712875771944539,1.5712873805008216,-3.1415923103032632,4.716241207274128,1.1615648340869921e-07
1780319695.562362909,-0.0010691542441882973,-1.5712875771944539,1.5712873805008216,-3.1415923305844595,4.716241207274128,1.1615648340869921e-07
1780319695.571982622,-0.0010691542441882973,-1.5712875771944539,1.5712873805008216,-3.1415923489238935,4.716241207274128,1.1615648340869921e-07
1780319695.581842899,-0.0010691542441882973,-1.571287563220432,1.5712873805008216,-3.1415923655082416,4.716241207274128,1.0593172974821084e-07
1780319695.592389584,-0.0010691542441882973,-1.571287563220432,1.5712873805008216,-3.1415923805056014,4.716241207274128,1.0593172974821084e-07
1780319695.601995707,-0.0010691542441882973,-1.571287563220432,1.5712873805008216,-3.1415923940688377,4.716241207274128,1.0593172974821084e-07
1780319695.612411499,-0.0010691542441882973,-1.5712875528852566,1.5712873805008216,-3.141592406335261,4.716241207274128,1.0593172974821084e-07
1780319695.621202230,-0.0010691542441882973,-1.5712875528852566,1.5712873805008216,-3.141592417429316,4.716241207274128,1.0593172974821084e-07
1780319695.631334543,-0.0010691542441882973,-1.5712875528852566,1.5712873805008216,-3.141592427463256,4.716241207274128,1.0593172974821084e-07
1780319695.641502857,-0.0010691542441882973,-1.5712875528852566,1.5712873805008216,-3.141592427463256,4.716241207274128,1.0593172974821084e-07
1780319695.651468039,-0.0010691542441882973,-1.5712875528852566,1.5712873805008216,-3.141592444747822,4.716241207274128,1.0593172974821084e-07
1780319695.661551714,-0.0010691542441882973,-1.5712875412806904,1.5712873805008216,-3.141592444747822,4.716241207274128,1.0593172974821084e-07
1780319695.671527863,-0.0010691542441882973,-1.5712875412806904,1.5712873805008216,-3.1415924588900457,4.716241207274128,1.0593172974821084e-07
1780319695.681638956,-0.0010691542441882973,-1.5712875412806904,1.5712873805008216,-3.1415924588900457,4.716241207274128,1.0593172974821084e-07
1780319695.691599369,-0.0010691542441882973,-1.5712875412806904,1.5712873805008216,-3.141592470462732,4.716241207274128,1.0593172974821084e-07
1780319695.702106714,-0.0010691542441882973,-1.5712875412806904,1.5712873805008216,-3.141592470462732,4.716241207274128,1.0593172974821084e-07
1780319695.711513758,-0.0010691542441882973,-1.5712875412806904,1.5712873805008216,-3.141592470462732,4.716241207274128,1.0593172974821084e-07
1780319695.722161770,-0.0010691542441882973,-1.5712875412806904,1.5712873805008216,-3.141592484003961,4.716241207274128,1.0593172974821084e-07
1780319695.732519865,-0.0010691542441882973,-1.5712875412806904,1.5712873805008216,-3.141592484003961,4.716241207274128,1.0593172974821084e-07
1780319695.742058277,-0.0010691542441882973,-1.5712875412806904,1.5712873805008216,-3.141592484003961,4.716241207274128,1.0593172974821084e-07
1780319695.752742290,-0.0010691542441882973,-1.5712875306820377,1.5712873805008216,-3.141592494032487,4.716241207274128,1.0593172974821084e-07
1780319695.761802435,-0.0010691542441882973,-1.5712875306820377,1.5712873805008216,-3.141592494032487,4.716241207274128,1.0593172974821084e-07
1780319695.771635056,-0.0010691542441882973,-1.5712875306820377,1.5712873805008216,-3.141592494032487,4.716241207274128,1.0593172974821084e-07
1780319695.781402588,-0.0010691542441882973,-1.5712875306820377,1.5712873805008216,-3.141592494032487,4.716241207274128,1.0593172974821084e-07
1780319695.791173935,-0.0010691542441882973,-1.5712875306820377,1.5712873805008216,-3.141592494032487,4.716241207274128,1.0593172974821084e-07
1780319695.801534891,-0.0010691542441882973,-1.5712875306820377,1.5712873805008216,-3.1415925053114755,4.716241207274128,1.0593172974821084e-07
1780319695.811543465,-0.0010691542441882973,-1.5712875306820377,1.5712873805008216,-3.1415925053114755,4.716241207274128,1.0593172974821084e-07
1780319695.821542025,-0.0010691542441882973,-1.5712875306820377,1.5712873805008216,-3.1415925053114755,4.716241207274128,1.0593172974821084e-07
1780319695.831395626,-0.0010691542441882973,-1.5712875306820377,1.5712873805008216,-3.1415925053114755,4.716241207274128,1.0593172974821084e-07
1780319695.841503143,-0.0007906600442080247,-1.571159925508832,1.5711598486692226,-3.141592573327805,4.715237924047018,1.0593172974821084e-07
1780319695.851680279,0.00012838963044981,-1.5707370997479249,1.570737096666812,-3.141592647703987,4.711926280425493,1.0593172974821084e-07
1780319695.861441851,0.001396667507417293,-1.5701492286653025,1.5701489885121664,-3.141592410992839,4.707354333227225,1.0593172974821084e-07
1780319695.871804714,0.0028510200938349772,-1.5694688500593061,1.569467842490159,-3.141591643764003,4.70210877429965,1.0593172974821084e-07
1780319695.881696939,0.0044082353358572135,-1.5687329212148668,1.5687304880749031,-3.141590218252078,4.696488700318893,1.0593172974821084e-07
1780319695.891620874,0.006028375259135466,-1.5679590794160587,1.567954479786088,-3.1415880517147685,4.690637501515706,1.0593172974821084e-07
1780319695.901560545,0.007701862140256033,-1.5671509792527374,1.5671433868776232,-3.1415850588068897,4.684589131780056,1.0593172974821084e-07
1780319695.912043571,0.009413831499981207,-1.5663150387479376,1.5663035653696062,-3.1415811775313895,4.6783967259853725,1.0593172974821084e-07
1780319695.922102690,0.011154977373863506,-1.5654552169147582,1.5654389186957685,-3.141576352361201,4.672093421066356,1.0593172974821084e-07
1780319695.933525562,0.012916095688012996,-1.5645756144018304,1.56455350632981,-3.1415705422476057,4.665712070141492,1.0593172974821084e-07
1780319695.941632986,0.014694369283652087,-1.5636772864210897,1.5636483324050174,-3.1415636960356617,4.659262450124904,1.0593172974821084e-07
1780319695.951238394,0.016487082527262942,-1.562761293621894,1.562724409653477,-3.1415557658001787,4.652753989935448,1.0593172974821084e-07
1780319695.961658955,0.018291925492404326,-1.5618285428572252,1.5617825987679321,-3.141546705385865,4.646194666792631,1.0593172974821084e-07
1780319695.971577406,0.020106726781926154,-1.560879917188215,1.5608237392487105,-3.1415364712366403,4.639591974859326,1.0593172974821084e-07
1780319695.981607676,0.021929624242812862,-1.55991618219673,1.5598485545893561,-3.1415250212676136,4.632952303751901,1.0593172974821084e-07
1780319695.991413355,0.023758962385653115,-1.5589380328567444,1.5588576992831222,-3.141512315001696,4.626281309466888,1.0593172974821084e-07
1780319696.001579523,0.025593274073395955,-1.5579460980272994,1.5578517631104887,-3.141498313363427,4.619583979477888,1.0593172974821084e-07
1780319696.011676311,0.027431280357455234,-1.5569409354456472,1.556831265785352,-3.1414829783321925,4.612864631462031,1.0593172974821084e-07
1780319696.021430492,0.029271884299652884,-1.5559230299131688,1.5557966547935786,-3.1414662725950353,4.606126933600258,1.0593172974821084e-07
1780319696.031604290,0.031114149130524238,-1.5548928003803972,1.5547483122601502,-3.1414481593285797,4.599373982057929,1.0593172974821084e-07
1780319696.041528225,0.03295724814727752,-1.5538506237977456,1.5536865789391077,-3.141428602338446,4.5926084825119435,1.0593172974821084e-07
1780319696.052566528,0.03480043081300921,-1.5527968514437482,1.5526117706829068,-3.1414075662004532,4.585832873306178,1.0593172974821084e-07
1780319696.061444998,0.03664304782913841,-1.551731792200699,1.5515241612483113,-3.1413850157906853,4.579049232194179,1.0593172974821084e-07
1780319696.072113037,0.03848451376096618,-1.5506557315216156,1.5504240014852302,-3.1413609165075305,4.572259412466583,9.500301853764835e-08
1780319696.082079172,0.0403243230927921,-1.5495689200443588,1.5493115075686776,-3.1413352338894773,4.565464982680217,9.500301853764835e-08
1780319696.092475653,0.04216199936647058,-1.5484716017283446,1.5481868896704671,-3.141307934150142,4.558667413375184,9.500301853764835e-08
1780319696.102096796,0.04399716086855143,-1.5473639732025983,1.5470503102065474,-3.1412789830755274,4.551867833304387,9.500301853764835e-08
1780319696.111416578,0.045829416146696556,-1.5462462449057668,1.5459019464191017,-3.1412483474670445,4.5450674152025865,9.500301853764835e-08
1780319696.122278690,0.04765833025015964,-1.5451186624328308,1.5447420124632747,-3.1412159958862578,4.538267502263734,8.443472843740864e-08
1780319696.131515741,0.04948353727401633,-1.5439814375824756,1.5435706885933473,-3.1411818967900516,4.531469190586023,8.443472843740864e-08
1780319696.141729832,0.05130475449703109,-1.5428347372652222,1.5423881095227232,-3.1411460179826016,4.524673274601767,8.443472843740864e-08
1780319696.152031183,0.05312164305511158,-1.5416787699668815,1.5411944534902453,-3.1411083292179343,4.517880766013259,8.443472843740864e-08
1780319696.161518335,0.05493395299347359,-1.5405136939674353,1.5399898475991112,-3.1410687993212747,4.511092352355805,8.443472843740864e-08
1780319696.172321081,0.05674160464642153,-1.539339561345284,1.538774309493687,-3.141027393860022,4.504308088437452,7.258351899492863e-08
1780319696.182326794,0.058544552405366046,-1.5381564021950194,1.5375478340164301,-3.140984077582661,4.497527903020656,7.258351899492863e-08
1780319696.192254782,0.06034271803038238,-1.5369642679374529,1.536310438048001,-3.1409388159496894,4.490751849098082,7.258351899492863e-08
1780319696.201357365,0.06213603742211693,-1.5357632009537472,1.5350621290757112,-3.1408915740679006,4.483979928365882,7.258351899492863e-08
1780319696.212332487,0.06392442768536433,-1.5345532565211073,1.533802927980316,-3.1408423175413507,4.4772122154609715,6.239091911028561e-08
1780319696.221576214,0.0657077736376821,-1.533334512742143,1.532532879484567,-3.140791012990651,4.470448909980486,6.239091911028561e-08
1780319696.231461525,0.0674859627124258,-1.5321070474711451,1.531252028225525,-3.140737627199052,4.463690205092743,6.239091911028561e-08
1780319696.241356611,0.06925887516619156,-1.5308709451236622,1.5299604258808994,-3.140682127429131,4.45693632488126,6.239091911028561e-08
1780319696.251639605,0.07102640741313881,-1.529626280452863,1.5286581142370363,-3.140624480714485,4.450187435570793,5.168581497135318e-08
1780319696.261454344,0.07278844478914026,-1.5283731374905791,1.527345144987058,-3.140564654716667,4.443443749281533,5.168581497135318e-08
1780319696.271484613,0.07454486866229892,-1.527111604844178,1.526021574867455,-3.140502617565183,4.436705497326232,5.168581497135318e-08
1780319696.282063961,0.07629555176342051,-1.5258417792847698,1.5246874694718815,-3.1404383380828524,4.429972948496886,5.168581497135318e-08
1780319696.291577816,0.07804039610447244,-1.5245637381927768,1.5233428743099262,-3.140371784399108,4.423246263245022,4.054662058217043e-08
1780319696.301542282,0.07977927906364801,-1.523277578627626,1.5219878558641637,-3.140302925937339,4.4165257010379015,4.054662058217043e-08
1780319696.311947823,0.08151209048412156,-1.521983390417656,1.5206224733325906,-3.1402317320674222,4.409811477751383,4.054662058217043e-08
1780319696.321547985,0.08323870177875259,-1.5206812791702697,1.51924680291112,-3.1401581733779986,4.4031038853647955,4.054662058217043e-08
1780319696.332313299,0.08495901462990196,-1.5193713297343532,1.517860899236553,-3.1400822196573315,4.3964031030997,2.9031474498456135e-08
1780319696.342786789,0.08667294199465747,-1.5180536198143653,1.516464809674094,-3.1400038405662114,4.389709270274823,2.9031474498456135e-08
1780319696.351577759,0.0883803671782033,-1.5167282515173746,1.515058607766134,-3.1399230075401134,4.383022646309465,2.9031474498456135e-08
1780319696.361638308,0.09008119783446222,-1.5153953099811321,1.5136423494354347,-3.1398396913642674,4.376343400078994,2.9031474498456135e-08
1780319696.371680975,0.09177533728796039,-1.514054885312146,1.5122160962238655,-3.1397538634740454,4.369671721809989,1.718620126218793e-08
1780319696.381358862,0.09346268399462732,-1.5127070732285537,1.5107799160237294,-3.139665496043792,4.363007825567824,1.718620126218793e-08
1780319696.391303539,0.09514314914442967,-1.511351961033709,1.5093338681503286,-3.1395745610854937,4.356351879837074,1.718620126218793e-08
1780319696.401405811,0.09681663207982427,-1.5099896462754243,1.5078780232396058,-3.1394810345641524,4.349704104701576,0.0
1780319696.411370277,0.09848303763868071,-1.5086202273424307,1.5064124532644136,-3.1393848832561226,4.343064703461966,0.0
1780319696.421596050,0.10014228965452565,-1.5072437849009024,1.5049372116385995,-3.1392860837961725,4.336433808408411,0.0
1780319696.431462765,0.1017942798502034,-1.50586042931692,1.503452384023801,-3.13918461148001,4.329811684959795,0.0
1780319696.441864491,0.10343870953959611,-1.5044704350409654,1.5019582331326238,-3.1390804545708826,4.323199371300463,0.0
1780319696.452179909,0.1050747807294925,-1.503074513052299,1.500455493552461,-3.1389736366779264,4.316599938697039,0.0
1780319696.462038279,0.10670245626568553,-1.5016727393026699,1.4989442191341633,-3.1388641398100305,4.310013416978861,-1.0495855740089155e-08
1780319696.472026110,0.10832171782787503,-1.500265177745737,1.4974244511411359,-3.138751934376431,4.303439763187784,-1.0495855740089155e-08
1780319696.481290340,0.10993252440478019,-1.4988519089243262,1.495896249093033,-3.1386370021880805,4.296879029770158,-1.0495855740089155e-08
1780319696.491905212,0.11153486078104025,-1.4974329922044083,1.494359649975386,-3.1385193208641677,4.2903311676583265,-1.0495855740089155e-08
1780319696.501932144,0.11312868251396635,-1.4960085131598984,1.492814719503022,-3.13839887054518,4.283796250532308,-2.3227233469924613e-08
1780319696.512855053,0.11471390110889201,-1.4945785982460027,1.4912615682874377,-3.1382756353870427,4.277274537969959,-2.3227233469924613e-08
1780319696.522654295,0.11629049697941674,-1.493143313376418,1.4897002417641318,-3.1381495949112423,4.270766011523946,-2.3227233469924613e-08
1780319696.532865286,0.11785845202168677,-1.491702723322767,1.4881307844653617,-3.138020728878118,4.264270649713271,-2.3227233469924613e-08
1780319696.542373896,0.1194177439765689,-1.4902568969326815,1.4865532457125668,-3.1378890177611773,4.2577884514161894,-3.616739707723582e-08
1780319696.552550793,0.12096834840221504,-1.488805905482117,1.4849676778521752,-3.1377544426306225,4.251319427957522,-3.616739707723582e-08
1780319696.562584400,0.12251024003725997,-1.4873498215080865,1.4833741350014578,-3.13761698506644,4.244863597588953,-3.616739707723582e-08
1780319696.573017597,0.12404339299052913,-1.485888718696363,1.4817726729400702,-3.137476627162244,4.238420984793665,-3.616739707723582e-08
1780319696.582352638,0.1255677533294407,-1.484422698426453,1.4801633782854167,-3.1373333541561186,4.231991736207496,-4.92703566834507e-08
1780319696.592271328,0.12708285303973976,-1.4829522674103046,1.4785467842219155,-3.137187192522388,4.225577760199453,-4.92703566834507e-08
1780319696.602426767,0.12858811294594985,-1.4814780581338818,1.4769235658568318,-3.137038184881689,4.219181470565366,-4.92703566834507e-08
1780319696.612691402,0.13008319863886397,-1.4800004808071314,1.4752941571942477,-3.1368863550272676,4.212804275537094,-4.92703566834507e-08
1780319696.622667551,0.13156792579893106,-1.4785198075805663,1.4736588423700596,-3.136731714943746,4.206446965093643,-6.25080351923657e-08
1780319696.632490396,0.13304219538796092,-1.4770362314940986,1.472017819755627,-3.136574269961877,4.200109978313049,-6.25080351923657e-08
1780319696.642418146,0.13450595607084614,-1.4755499010647632,1.4703712396437851,-3.1364140218568437,4.1937935590766315,-6.25080351923657e-08
1780319696.652572870,0.13595918130941986,-1.4740609417692108,1.46871922773086,-3.13625097084773,4.187497851670035,-6.25080351923657e-08
1780319696.662516832,0.13740185603666755,-1.472569468806249,1.4670618991181508,-3.1360851168364468,4.18122295686244,-7.583979577674427e-08
1780319696.672583103,0.13883396896991218,-1.4710755946738034,1.46539936666692,-3.135916460185757,4.174968964637363,-7.583979577674427e-08
1780319696.682852030,0.14025550791869845,-1.4695794340027541,1.4637317463703639,-3.135745002257422,4.168735974552025,-7.583979577674427e-08
1780319696.693195581,0.14166645702223257,-1.4680811065960082,1.4620591607696605,-3.135570745789103,4.162524108082371,-8.587153033090544e-08
1780319696.702490330,0.14306679463249694,-1.4665807399322777,1.460381741802164,-3.1353936952388484,4.156333518416899,-8.587153033090544e-08
1780319696.713496208,0.144456492373484,-1.4650784705193756,1.4586996323859864,-3.1352138570163137,4.150164395269503,-8.587153033090544e-08
1780319696.723017931,0.14583554922926767,-1.463574406934903,1.4570129450212672,-3.13503123504344,4.144016813339881,-9.59079846651889e-08
1780319696.733418941,0.14720387296176307,-1.4620687596193962,1.455321907439364,-3.1348458466102027,4.137891261828678,-9.59079846651889e-08
1780319696.742859840,0.1485614284171689,-1.4605616800292616,1.453626682411667,-3.134657703030875,4.131787985086756,-9.59079846651889e-08
1780319696.752319098,0.14990873778535252,-1.4590526951554548,1.4519267297177285,-3.1344667370935273,4.125704713730142,-1.0592169275014385e-07
1780319696.762983561,0.1512466650897436,-1.457540924399197,1.4502210456715665,-3.134272825710794,4.119637589279265,-1.0592169275014385e-07
1780319696.772431374,0.15257577590217364,-1.4560257951280668,1.448508968791371,-3.1340758800329147,4.113584051397452,-1.0592169275014385e-07
1780319696.782583714,0.153896430381239,-1.4545069496417433,1.4467900770575262,-3.1338758357399774,4.107542439308788,-1.0592169275014385e-07
1780319696.792436600,0.15520886134485856,-1.452984164223098,1.4450640979280471,-3.1336726440063405,4.101511651816986,-1.191628182795057e-07
1780319696.802557945,0.15651322153959912,-1.4514572998281379,1.4433308534669766,-3.133466265939095,4.095490940891618,-1.191628182795057e-07
1780319696.812630415,0.15780961247864567,-1.4499262718497707,1.4415902266685081,-3.1332566691384307,4.089479785444169,-1.191628182795057e-07
1780319696.822357416,0.1590981022075577,-1.4483910314194866,1.4398421406180997,-3.1330438255570296,4.083477813427912,-1.191628182795057e-07
1780319696.832530975,0.160378736338063,-1.4468515537755113,1.4380865455259575,-3.1328277101654174,4.077484753417981,-1.3223123396244318e-07
1780319696.842506647,0.1616515450015369,-1.4453078309385816,1.4363234105643403,-3.132608300113405,4.071500404107617,-1.3223123396244318e-07
1780319696.852984667,0.16291654722562954,-1.443759867135201,1.4345527187746085,-3.1323855742138798,4.0655246151731355,-1.3223123396244318e-07
1780319696.862523794,0.16417375368441167,-1.442207675973492,1.432774463936449,-3.1321595126360977,4.059557275352286,-1.3223123396244318e-07
1780319696.873096466,0.16542316835004467,-1.4406512788280912,1.4309886487963506,-3.131930096749144,4.053598305446535,-1.4502195622156933e-07
1780319696.882772923,0.16666478932740114,-1.4390907041592387,1.4291952843539482,-3.1316973090890854,4.047647655057713,-1.4502195622156933e-07
1780319696.892815113,0.16789860897860642,-1.4375259876913056,1.4273943901315118,-3.1314611334497173,4.041705302668056,-1.4502195622156933e-07
1780319696.903843164,0.1691246132766231,-1.4359571735844732,1.425585995591492,-3.1312215551281555,4.035771259473988,-1.4502195622156933e-07
1780319696.912998676,0.1703427801204146,-1.4343843170093358,1.4237701431879093,-3.130978561401245,4.029845578410216,-1.573195902437874e-07
1780319696.924010515,0.17155307595963543,-1.4328074890654374,1.4219468941580804,-3.1307321423980574,4.023928371746625,-1.573195902437874e-07
1780319696.932441473,0.17275547001021474,-1.4312267587263063,1.4201163077423835,-3.1304822883736656,4.018019742576882,-1.573195902437874e-07
1780319696.942418814,0.1739498519039211,-1.429642302469853,1.41827856842135,-3.130229007313714,4.012120192412736,-1.573195902437874e-07
1780319696.952688694,0.1751374009637483,-1.4280525678230074,1.4164318519132684,-3.129972027383627,4.0062238151352005,-1.6857427809213732e-07
1780319696.962557316,0.17632231118367514,-1.4264518532226873,1.414569491688793,-3.129710383638073,4.000309494594293,-1.6857427809213732e-07
1780319696.972453594,0.17751416305412338,-1.4248268681681893,1.412675929407131,-3.1294418080517503,3.9943285580050416,-1.6857427809213732e-07
1780319696.982689381,0.1787114350262441,-1.4231791735013815,1.4107528549726387,-3.1291664293107924,3.988287427017677,-1.6857427809213732e-07
1780319696.992528439,0.17990811330356637,-1.4215166599866702,1.4088093741102528,-3.1288854630267413,3.982215503274907,-1.6857427809213732e-07
1780319697.002698183,0.18110096855883917,-1.4198435993130119,1.4068504096446788,-3.128599560126649,3.9761285946015663,-1.6857427809213732e-07
1780319697.012647629,0.18228845846631603,-1.4181620291470587,1.404878294159108,-3.1283090154995152,3.970034185308158,-1.6857427809213732e-07
1780319697.022451401,0.18346954846131025,-1.416473337493275,1.4028946117075956,-3.1280140252047257,3.963937304084163,-1.6857427809213732e-07
1780319697.033012867,0.18464353692111957,-1.4147784837522774,1.4009004520623471,-3.1277147196229036,3.9578413644224133,-1.6857427809213732e-07
1780319697.042650461,0.18580994813296303,-1.413078133842717,1.3988965660687478,-3.1274111836890897,3.9517486786428586,-1.6857427809213732e-07
1780319697.052978277,0.18696845922074368,-1.4113727533680294,1.3968834729458666,-3.127103471026506,3.945660810742078,-1.6857427809213732e-07
1780319697.063268661,0.18811885037378084,-1.4096626717257035,1.394861534252211,-3.1267916138030323,3.939578818093345,-1.6857427809213732e-07
1780319697.073371410,0.18926097104292094,-1.4079481261095825,1.3928310047460697,-3.126475629589302,3.9335034165768183,-1.6857427809213732e-07
1780319697.083645105,0.19039472666757062,-1.4062292769777658,1.390792049870883,-3.126155523376505,3.9274350414485264,-1.6857427809213732e-07
1780319697.093657970,0.1915205748290888,-1.4045054406459156,1.3887438324635795,-3.125831141695692,3.921371157912451,-1.6857427809213732e-07
1780319697.103258133,0.19263958333128584,-1.4027749567082566,1.3866843466199246,-3.12550213905499,3.9153058506746055,-1.5838604827678182e-07
1780319697.113115788,0.19375243194018565,-1.4010367063518423,1.3846122195270487,-3.1251682614580987,3.9092351771852636,-1.5838604827678182e-07
1780319697.122203350,0.19485945157707996,-1.3992900784121094,1.3825266761017163,-3.124829344990881,3.903157014182054,-1.5838604827678182e-07
1780319697.132392645,0.19596012803578144,-1.3975357907513226,1.3804285271027565,-3.124485482554112,3.8970738683954336,-1.5838604827678182e-07
1780319697.142399549,0.1970537925862137,-1.3957748410712423,1.3783189243073966,-3.1241368282253914,3.890989175960998,-1.4655425850662596e-07
1780319697.152600288,0.19813995654067484,-1.3940079739874287,1.376198723322672,-3.1237834930007606,3.884905454575571,-1.4655425850662596e-07
1780319697.162609577,0.1992182558814224,-1.3922357588922862,1.3740685747910049,-3.123425558130589,3.8788245864636286,-1.4655425850662596e-07
1780319697.172777653,0.20028841889088467,-1.3904586344680068,1.3719289763189333,-3.1230630825392978,3.8727479815510266,-1.3622952010905465e-07
1780319697.182738781,0.20135024463273066,-1.3886769378336767,1.36978030637672,-3.1226961075780895,3.8666766849201997,-1.3622952010905465e-07
1780319697.192652702,0.20240354102370406,-1.3868910045200344,1.367622944166524,-3.122324676917407,3.8606117221154346,-1.3622952010905465e-07
1780319697.202572107,0.20344769180037725,-1.3851019140983816,1.3654581725697326,-3.1219489938616345,3.8545566188903795,-1.2476665034455436e-07
1780319697.212606907,0.20448232853908432,-1.3833103596450957,1.363286814312476,-3.12156918806031,3.848513552489015,-1.2476665034455436e-07
1780319697.223210096,0.20550729028487558,-1.3815166974782906,1.3611092885281013,-3.1211853223294086,3.842483541495085,-1.2476665034455436e-07
1780319697.232959509,0.2065224896009169,-1.3797211668797935,1.3589258747838218,-3.1207974369549065,3.83646720026941,-1.121753196997588e-07
1780319697.243478537,0.207527881663905,-1.3779239391407838,1.3567367716947745,-3.1204055592611497,3.830464909245488,-1.121753196997588e-07
1780319697.253375530,0.20852344670503953,-1.376125145665772,1.3545421305578909,-3.1200097091407746,3.824476912218535,-1.121753196997588e-07
1780319697.263549089,0.20950919229385312,-1.3743248715422354,1.3523420470861647,-3.119609897219346,3.818503297295867,-9.8515466007143e-08
1780319697.273201704,0.2104851202392567,-1.372523214411034,1.350136633064923,-3.1192061376412368,3.812544193819652,-9.8515466007143e-08
1780319697.283462763,0.2114512245599799,-1.3707202889429784,1.3479260219729159,-3.1187984492141227,3.806599786464555,-9.8515466007143e-08
1780319697.293578148,0.21240753178190763,-1.3689161513063546,1.3457102763140507,-3.1183868382732434,3.800670066524183,-8.383440164294598e-08
1780319697.303755999,0.2133540495437587,-1.367110894473976,1.3434895043666195,-3.117971320123591,3.794755146726831,-8.383440164294598e-08
1780319697.312718153,0.2142908096112116,-1.3653045668600736,1.3412637602187056,-3.117551900438401,3.7888549940097134,-7.349319464111659e-08
1780319697.322519302,0.2152178245517914,-1.3634972547625033,1.33903314515269,-3.117128594201511,3.7829696998112547,-7.349319464111659e-08
1780319697.332544804,0.2161351187251762,-1.3616890230531906,1.3367977346479978,-3.1167014120196,3.7770992859238026,-6.27136991226962e-08
1780319697.342671633,0.21704272128655833,-1.35987992798617,1.3345575940372305,-3.11627036297036,3.7712437469437905,-6.27136991226962e-08
1780319697.352627754,0.21794066148987734,-1.358070026231636,1.3323127896330502,-3.1158354566952813,3.765403079786818,-5.149634851875362e-08
1780319697.362764120,0.2188289689406342,-1.3562593743855995,1.3300633881228434,-3.115396703284704,3.7595772820746536,-5.149634851875362e-08
1780319697.372678041,0.21970767374520528,-1.354448028659899,1.3278094561819813,-3.114954113201053,3.7537663511288937,-3.984004326440527e-08
1780319697.383188486,0.22057680655701517,-1.3526360447670145,1.3255510603262535,-3.1145076972464345,3.7479702836045057,-3.984004326440527e-08
1780319697.392789841,0.22143639841793283,-1.3508234782312627,1.3232882672956132,-3.1140574666352583,3.7421890764878416,-2.7741767993916255e-08
1780319697.403029919,0.22228648087714087,-1.3490103841265455,1.3210211437239943,-3.11360343292625,3.7364227262561336,-2.7741767993916255e-08
1780319697.412896633,0.2231270858582306,-1.3471968173420485,1.3187497564676915,-3.1131456080851323,3.730671229723445,-1.5197001879130312e-08
1780319697.422923803,0.22395824556683008,-1.3453828354214128,1.316474176167867,-3.112683997900556,3.724934584650427,0.0
1780319697.433367491,0.22477999238885482,-1.343568486240918,1.3141944617825108,-3.1122186335322466,3.7192127904523637,0.0
1780319697.443082571,0.22559235894129692,-1.3417538296526885,1.3119106877485642,-3.1117495169290645,3.713505847869194,0.0
1780319697.453952551,0.2263953779513178,-1.3399389248124685,1.3096229281162148,-3.1112766534847953,3.707813759840495,1.125715463119554e-08
1780319697.463570833,0.22718909067628956,-1.3381238037682524,1.3073312231687964,-3.1108000645539438,3.7021364710575178,1.125715463119554e-08
1780319697.473131180,0.22797351978046454,-1.3363085477816536,1.3050356757403698,-3.110319767948017,3.696474061923352,2.5182193446599262e-08
1780319697.482824326,0.2287486962680032,-1.3344932190054042,1.3027363651061241,-3.1098357807877393,3.690826557693013,2.5182193446599262e-08
1780319697.493780136,0.22951465422280592,-1.3326778732973734,1.3004333630578842,-3.109348119005328,3.6851939646989305,3.958398353573635e-08
1780319697.502356768,0.23027143499459635,-1.3308625497316147,1.2981267205015905,-3.1088567944308716,3.679576238183781,3.958398353573635e-08
1780319697.512705088,0.23101906230190916,-1.3290473303913624,1.29581654344448,-3.1083618309866003,3.673973467277416,5.447321218597341e-08
1780319697.522444487,0.23175756734899766,-1.3272322809160748,1.293502917584706,-3.1078632487293283,3.6683856904712018,5.447321218597341e-08
1780319697.532573462,0.23248698401230494,-1.3254174615140144,1.2911859222155937,-3.107361066742266,3.662812930049089,6.986004020866522e-08
1780319697.542499065,0.2332073454486583,-1.3236029352130503,1.288865640728948,-3.1068553053874055,3.65725521753615,6.986004020866522e-08
1780319697.552772284,0.23391868447063902,-1.3217887670698119,1.2865421596290874,-3.1063459861105254,3.6517125911716004,8.575627150440466e-08
1780319697.563576698,0.2346210335896376,-1.3199750241791453,1.284215568564611,-3.105833131463444,3.6461850958574207,8.575627150440466e-08
1780319697.573297024,0.23531442518787693,-1.3181617753423254,1.2818859599214323,-3.105316765028852,3.6406727820732154,1.0217364490565563e-07
1780319697.583767653,0.23599889159629572,-1.3163490909582087,1.2795534286988093,-3.1047969114051837,3.635175705483725,1.0217364490565563e-07
1780319697.592851639,0.23667446207964538,-1.314537051252568,1.277218083138614,-3.104273598606869,3.629693951747673,1.1912341950202e-07
1780319697.603461027,0.23734102819178082,-1.3127261150688447,1.274880521229446,-3.1037469657789583,3.6242287477982282,1.1912341950202e-07
1780319697.613714218,0.23799849022632869,-1.31091673883029,1.2725413415112685,-3.1032171550365817,3.618781302455246,1.3659744586421476e-07
1780319697.622592449,0.23864684586719553,-1.309109127261233,1.2702008200219004,-3.1026842376913684,3.613352058993434,1.3659744586421476e-07
1780319697.632379532,0.23928613937397092,-1.307303360924223,1.2678590732873862,-3.102148249704958,3.607941085992967,1.5460517823382658e-07
1780319697.642374516,0.23991643317129874,-1.305499469703884,1.265516152591473,-3.101609212474723,3.6025483011722423,1.5460517823382658e-07
1780319697.652456284,0.24053779277247567,-1.303697473419005,1.263172096336939,-3.1010671445830327,3.5971735941188294,1.7316100438900675e-07
1780319697.662475109,0.24115027904099595,-1.3018974040684537,1.2608269589485914,-3.1005220684544295,3.591816892718767,1.7316100438900675e-07
1780319697.672758102,0.2417539443890553,-1.300099318091097,1.258480827002552,-3.099974014225027,3.5864781990657706,1.9227489620985555e-07
1780319697.682456255,0.24234883108534422,-1.2983033031998534,1.2561338284052608,-3.0994230220876076,3.581157608842868,1.9227489620985555e-07
1780319697.693141460,0.2429349705437006,-1.2965094827225734,1.2537861383871667,-3.09886914394433,3.575855323102693,2.1195053847151363e-07
1780319697.703792810,0.2435123823122991,-1.294718021195182,1.2514379871891057,-3.098312445500386,3.5705716636044773,2.2199773053995958e-07
1780319697.713370800,0.2440810980546796,-1.2929290512126874,1.2490895643676496,-3.097752983712013,3.5653068564882124,2.3218878628087047e-07
1780319697.723601341,0.2446412588642366,-1.2911423585169333,1.2467406041500675,-3.0971907070548044,3.5600601095848523,2.4253125159356953e-07
1780319697.733000278,0.24519305755302245,-1.2893575453897022,1.2443905973129683,-3.096625504026983,3.5548301015923567,2.5302057555562576e-07
1780319697.742483139,0.2457366802688714,-1.2875742107191694,1.242039027001917,-3.0960572588903483,3.549615513499976,2.6365056850152985e-07
1780319697.752681494,0.24627229492855995,-1.2857919889209377,1.2396854201458092,-3.0954858641637757,3.544415141823662,2.744134617914198e-07
1780319697.762257576,0.24680004735157512,-1.2840105660462147,1.2373293691343232,-3.094911226193316,3.539227944081115,2.852989697243537e-07
1780319697.772377968,0.24732006052253996,-1.2822296864479847,1.2349705411671268,-3.0943332678361823,3.534053056325588,2.962931059045268e-07
1780319697.782303095,0.2478324348133012,-1.280449156600394,1.2326086839003765,-3.093751930289474,3.528889802254044,3.073762414481542e-07
1780319697.792732716,0.24833724778026578,-1.2786688506881552,1.230243633489589,-3.093167175546177,3.5237377073590563,3.1852006067873e-07
1780319697.802482367,0.24883475063738503,-1.276888007319319,1.2278743788999582,-3.0925787539566225,3.5185944676665644,3.2972140517336126e-07
1780319697.812479258,0.24932600425283025,-1.2751028524689803,1.2254958862294139,-3.091985405640921,3.513449123464521,3.4096715116585017e-07
1780319697.822524548,0.24981289685132135,-1.2733063010946797,1.2230986706177744,-3.0913847308230795,3.5082812878393996,3.5219098127060997e-07
1780319697.832616091,0.250293856047629,-1.2715038927682567,1.220690074101747,-3.090778532176144,3.503106942496829,3.631149935975714e-07
1780319697.842517853,0.2507662833327774,-1.269705458862422,1.2182832305010876,-3.090170113119835,3.497954226844037,3.631149935975714e-07
1780319697.852879047,0.25123131928111564,-1.2679068865742753,1.2158726485319207,-3.089558095848539,3.4928112249361956,3.7998789539370027e-07
1780319697.863467693,0.2516907497869625,-1.2661012355551673,1.2134490062418355,-3.0889400989486795,3.4876580522350995,3.7998789539370027e-07
1780319697.873001814,0.25214736609051447,-1.2642770557556728,1.210996859722721,-3.0883121272983662,3.4824621442052663,3.7998789539370027e-07
1780319697.883503914,0.25260084318166487,-1.26243488669148,1.2085168259907269,-3.087674257994017,3.477225240774395,3.937601979766932e-07
1780319697.893321753,0.2530505898300489,-1.2605764129060057,1.2060110704704587,-3.0870269718963455,3.4719523139452217,3.937601979766932e-07
1780319697.903693199,0.25349600005690764,-1.2587034996170496,1.20348201562213,-3.0863708262308,3.4666488075392365,3.937601979766932e-07
1780319697.914069414,0.25393649857309064,-1.2568180139267753,1.2009321011021439,-3.085706393537286,3.4613201275473866,4.0421817551169356e-07
1780319697.922215939,0.2543715693841566,-1.2549216999919706,1.1983636148371284,-3.085034217572945,3.45597129060525,4.0421817551169356e-07
1780319697.932327509,0.2548007429158985,-1.253016225620435,1.195778755223366,-3.0843548289166622,3.4506070588106184,4.0421817551169356e-07
1780319697.942266464,0.2552236187652477,-1.2511030711702809,1.1931794794414317,-3.0836687043812865,3.445231630408598,4.0421817551169356e-07
1780319697.952409983,0.25563985746830287,-1.2491835494392873,1.1905675287115474,-3.0829762723814067,3.439848701108086,4.1443918093703564e-07
1780319697.962720871,0.25604917285253814,-1.2472588249906122,1.1879444529882275,-3.0822779183016515,3.434461523141075,4.1443918093703564e-07
1780319697.972743273,0.25645132657878156,-1.2453299251292957,1.1853116244622286,-3.0815739870220886,3.429072940350694,4.1443918093703564e-07
1780319697.982619524,0.2568461224494899,-1.2433977533621245,1.1826702545749954,-3.080864786472678,3.4236854297887787,4.1443918093703564e-07
1780319697.993202209,0.25723340169594733,-1.2414630996259106,1.1800214067578874,-3.0801505901441746,3.418301133837857,4.1443918093703564e-07
1780319698.003144264,0.25761303742230235,-1.2395266562210168,1.1773660171176858,-3.079431641840125,3.4129219077787942,4.1443918093703564e-07
1780319698.012639523,0.2579849303856424,-1.2375890288556475,1.1747049085951162,-3.078708158791015,3.407549353253194,4.1443918093703564e-07
1780319698.024074793,0.2583490051365219,-1.235650747295753,1.1720388047144061,-3.0779803347539705,3.402184850233586,4.1443918093703564e-07
1780319698.033341646,0.25870521058557194,-1.2337122531840112,1.16936831198748,-3.077248334597297,3.3968295255946055,4.2449431952899167e-07
1780319698.043219328,0.2590535043901364,-1.2317739773546998,1.1666940257358152,-3.0765123228099154,3.3914844685686765,4.2449431952899167e-07
1780319698.053017139,0.25939386301597,-1.2298362801861122,1.16401644748569,-3.0757724405404603,3.386150567169513,4.2449431952899167e-07
1780319698.063305855,0.2597262770077192,-1.227899470692586,1.1613360106620316,-3.0750288122016474,3.3808285625226544,4.2449431952899167e-07
1780319698.073299408,0.2600507474291315,-1.2259638214362383,1.1586531007251581,-3.0742815506947303,3.3755190911300703,4.2449431952899167e-07
1780319698.082256317,0.2603672841502662,-1.224029574303489,1.1559680628056528,-3.0735307592678107,3.3702227016764255,4.2449431952899167e-07
1780319698.092393160,0.2606759045668483,-1.222096944478345,1.1532812069036857,-3.0727765327419143,3.3649398667179558,4.2449431952899167e-07
1780319698.102386713,0.26097663191159803,-1.2201661277386053,1.1505928177691418,-3.072018960095271,3.359671003295732,4.2449431952899167e-07
1780319698.112534523,0.2612694953959078,-1.2182372967373567,1.1479031495029088,-3.071258122781956,3.3544164633432825,4.2449431952899167e-07
1780319698.122427702,0.2615545296758347,-1.216310601359698,1.1452124258077587,-3.0704940946280455,3.3491765352565332,4.2449431952899167e-07
1780319698.132417917,0.261831771987423,-1.214386185588836,1.14252086335208,-3.0697269483279395,3.343951490219948,4.2449431952899167e-07
1780319698.142489672,0.26210126281046375,-1.2124641817216695,1.1398286635949146,-3.0689567530543274,3.338741566719512,4.2449431952899167e-07
1780319698.152642727,0.26236304525719556,-1.210544713095043,1.1371360164865107,-3.0681835754325943,3.3335469782156677,4.2449431952899167e-07
1780319698.162558317,0.26261716483069875,-1.208627894487698,1.1344431009355134,-3.0674074796061745,3.328367914460846,4.1386860701402783e-07
1780319698.172866821,0.26286366874637157,-1.2067138360602385,1.131750090263042,-3.066628528750942,3.3232045523361498,4.1386860701402783e-07
1780319698.183410168,0.2631026059240946,-1.204802642592643,1.1290571510752612,-3.065846784710293,3.3180570539254575,4.1386860701402783e-07
1780319698.193087816,0.26333402667121675,-1.2028944151807623,1.1263644455990827,-3.065062308634747,3.3129255712125696,4.1386860701402783e-07
1780319698.203365326,0.26355798249268036,-1.2009892521760186,1.1236721329688202,-3.0642751613291606,3.3078102487014567,4.0235433421266985e-07
1780319698.212548256,0.2637745258484262,-1.1990872507926618,1.1209803714699889,-3.063485403889534,3.3027112277986994,4.0235433421266985e-07
1780319698.223110437,0.2639837099864709,-1.1971885083516423,1.1182893202876203,-3.062693098207956,3.297628650183075,4.0235433421266985e-07
1780319698.234426260,0.26418558902921085,-1.195293121369735,1.1155991382093156,-3.0618983065869267,3.2925626553892204,3.9007475221614156e-07
1780319698.242362976,0.26438021796725397,-1.1934011853675255,1.1129099833395657,-3.061101091646294,3.2875133803300525,3.9007475221614156e-07
1780319698.252565861,0.26456765208614685,-1.191512800456998,1.1102220210443783,-3.060301518681152,3.282480974214086,3.7970692405286895e-07
1780319698.262399197,0.2647479474808495,-1.1896280666255512,1.107535417266315,-3.059499653693442,3.277465585934088,3.7970692405286895e-07
1780319698.272577047,0.2649211609554395,-1.187747084695193,1.1048503398886913,-3.0586955637981452,3.2724673666363024,3.6719868075212643e-07
1780319698.282499075,0.265087349844498,-1.1858699584203984,1.1021669617402579,-3.057889318131294,3.267486475287109,3.6719868075212643e-07
1780319698.292642832,0.265246572047093,-1.1839967945617556,1.099485460725345,-3.0570809879081744,3.262523078833988,3.520890081895288e-07
1780319698.302906990,0.2653988861496427,-1.1821277018533838,1.09680601836764,-3.0562706460014972,3.257577349441707,3.520890081895288e-07
1780319698.313192606,0.26554435137106924,-1.1802627920059194,1.0941288212654108,-3.05545836739622,3.2526494671286095,3.3375807170959146e-07
1780319698.322878361,0.2656830274298614,-1.1784021820601094,1.0914540645014743,-3.0546442302488184,3.2477396259445035,3.231305066083561e-07
1780319698.333559036,0.265814974822446,-1.1765459914975995,1.0887819475283866,-3.053828314665814,3.2428480262946415,3.1135495171521647e-07
1780319698.342874050,0.26594025469776694,-1.17469434455211,1.0861126775203727,-3.0530107037480114,3.237974881004064,2.982717892064765e-07
1780319698.352342129,0.26605892914819285,-1.1728473666030332,1.0834464642045245,-3.0521914820411307,3.233120405802035,2.8368255543450425e-07
1780319698.362712145,0.2661710608744581,-1.1710051898948723,1.0807835281380525,-3.0513707380918804,3.2282848343315154,2.6735401523870757e-07
1780319698.372664452,0.2662767133201457,-1.1691679528927645,1.0781240998355974,-3.0505485642393757,3.2234684163933363,2.489968475846473e-07
1780319698.382580757,0.26637596261918617,-1.1673355743512799,1.0754680921156008,-3.0497249548938092,3.218670826704467,2.2826503178973458e-07
1780319698.392804623,0.2664689195231277,-1.1655072331945595,1.0728143424970686,-3.0488995690820984,3.213889809292904,2.0472674884008293e-07
1780319698.402411699,0.2665556975222083,-1.1636817982427408,1.0701612309538082,-3.0480719185700296,3.2091223110779206,1.7776993022340994e-07
1780319698.412756681,0.2666364060022254,-1.1618578731881364,1.067506742417811,-3.047241385354361,3.2043646036707045,1.4663773968216616e-07
1780319698.422442913,0.2667111176499797,-1.1600345196168114,1.0648495186108333,-3.046407550556736,3.1996141697842884,1.1034455495919007e-07
1780319698.433142424,0.26677988065001057,-1.1582111308481897,1.0621886783179357,-3.0455701409856166,3.194869367629889,6.754790443659089e-08
1780319698.442890167,0.2668427287334294,-1.1563872933393373,1.0595236179815186,-3.0447289684965937,3.19012906564147,1.637783359320503e-08
1780319698.452874422,0.26689968676508147,-1.1545627057938948,1.0568538951530788,-3.0438838946186566,3.1853924297441587,-4.5846487495282424e-08
1780319698.462540627,0.2669507738358866,-1.1527371322136988,1.05417916075829,-3.0430348102565805,3.180658800362748,-1.231057016326531e-07
1780319698.473861456,0.26699600499131004,-1.1509103739069912,1.051499118640394,-3.0421816241203845,3.1759276198196478,-2.215745578126871e-07
1780319698.482959270,0.2670353911125576,-1.1490823065787783,1.0488135804480374,-3.041324282267806,3.1711985294205984,-3.5136601628238395e-07
1780319698.492802143,0.26706893641121987,-1.1472531022251236,1.0461227929889063,-3.0404628772849427,3.166471945237584,-5.302526879802372e-07
1780319698.502428532,0.2670966443811419,-1.1454231398103927,1.0434273094712303,-3.039597617809635,3.1617488326736263,-7.92628149781649e-07
1780319698.512216568,0.26711852446640216,-1.1435926783056747,1.0407275089640942,-3.0387287002957044,3.15702988742407,-1.214848520447731e-06
1780319698.522949457,0.26713459024361275,-1.1417618398196847,1.03802357029284,-3.0378563918522636,3.152315589825072,-2.0073064996850576e-06
1780319698.532455206,0.2671448579829263,-1.1399304234939684,1.0353151952968265,-3.036981463768721,3.147606274589057,-4.038593837130122e-06
1780319698.542576075,0.2671493457332498,-1.1380931280035824,1.032594526392778,-3.0361146999749806,3.142902176013455,-2.0648898858333098e-05
1780319698.552793741,0.2671480727281289,-1.1362746459454058,1.029898167807049,-3.0352073858576767,3.1382034575963997,8.788021210479399e-06
1780319698.562577724,0.26714105899381924,-1.1344424733185017,1.0271779401908796,-3.0343240949131958,3.133510233627273,4.0233221531054195e-06
1780319698.572844505,0.26712832509003404,-1.1326119658219511,1.0244566082933133,-3.033434533544686,3.1288225826923632,2.759650788858038e-06
1780319698.583031654,0.2671098919243461,-1.1307820202753405,1.0217325398449104,-3.032540995044598,3.124140555419981,2.174625667356314e-06
1780319698.593556643,0.26708578055386056,-1.1289524913703968,1.019005522638692,-3.031643843766357,3.1194641700662475,1.8369946051007503e-06
1780319698.603647709,0.26705601281198765,-1.1271233898303237,1.0162755763518727,-3.0307432184158523,3.114793530807666,1.6170062861228332e-06
1780319698.613709211,0.2670206100911221,-1.125294708407515,1.0135426938595298,-3.0298391716531725,3.110128615753487,1.4621228854594517e-06
1780319698.622688055,0.2669795936575301,-1.1234664465140325,1.0108068779404922,-3.0289317321681875,3.105469392014906,1.3470213824473313e-06
1780319698.632567883,0.2669329841414041,-1.121638587506597,1.008068107285014,-3.028020909004516,3.100815774066383,1.2579914840476775e-06
1780319698.642562151,0.26688080300691097,-1.119811155651833,1.0053264218585092,-3.027106725929955,3.0961677749807426,1.1869646270098378e-06
1780319698.653379679,0.2668230719714362,-1.1179841797256485,1.0025818685814205,-3.026189206147483,3.0915254162066272,1.12888244639526e-06
1780319698.662430048,0.2667598127246109,-1.1161576833803917,0.9998344868736647,-3.025268368758421,3.0868887044113156,1.0804112772260104e-06
1780319698.672607183,0.26669104694656864,-1.1143316876256701,0.9970843123432572,-3.0243442306481025,3.082257638538173,1.039264271337397e-06
1780319698.683207035,0.2666167963315934,-1.1125062123567542,0.9943313790666778,-3.0234168076192893,3.0776322141057033,1.0038199510461306e-06
1780319698.692328215,0.26653708261455955,-1.110681277327159,0.9915757210472091,-3.022486115104309,3.073012425916005,9.728958281045285e-07
1780319698.702440262,0.26645192760018177,-1.108856902814142,0.9888173732200319,-3.021552168644232,3.0683982698826,9.456088268874072e-07
1780319698.712455034,0.26636135319601395,-1.1070331101243003,0.986056372222811,-3.0206149842438292,3.0637897443936155,9.212853199801798e-07
1780319698.722298384,0.26626538145123946,-1.1052099220411096,0.9832927570840738,-3.0196745786719497,3.059186851490143,8.994015807516012e-07
1780319698.732465506,0.2661640346038443,-1.1033873632826898,0.9805265699323068,-3.0187309697531792,3.054589598044853,8.795434697852814e-07
1780319698.742668152,0.2660573318755669,-1.1015654066626892,0.97775777414395,-3.0177841483799583,3.0499978601374975,8.613816556166752e-07
1780319698.752418756,0.2659452740429502,-1.0997437402769163,0.9749858993643672,-3.01683395637399,3.045410797651271,8.446445827689431e-07
1780319698.762480259,0.26582785920658825,-1.097922070062908,0.9722105000147757,-3.0158802424449953,3.0408276181902667,8.291064564204387e-07
1780319698.772552729,0.26570508906620716,-1.096100206759436,0.9694312882057314,-3.014922908144392,3.036247795306395,8.145881688241494e-07
1780319698.782644510,0.265576965945572,-1.0942780027870187,0.966648038278734,-3.013961875561256,3.0316709088895877,8.009218639326649e-07
1780319698.792829752,0.2654434911593969,-1.0924553220604452,0.9638605410133478,-3.0129970717087176,3.027096568944189,7.879594908030956e-07
1780319698.803379297,0.26530466369860495,-1.0906320207515767,0.9610685742621125,-3.0120284184023043,3.0225243672118722,7.755666433322945e-07
1780319698.812838793,0.2651604807731618,-1.0888079553080976,0.9582719151772636,-3.0110558364779485,3.0179538972999165,7.636130864041988e-07
1780319698.823263407,0.265010925278375,-1.0869828319963029,0.9554701090965386,-3.0100791651223364,3.013384378069127,7.51982180215295e-07
1780319698.833328724,0.2648559728155184,-1.085156313302205,0.9526626317378883,-3.0090982177009895,3.008814921162817,7.405415975619695e-07
1780319698.843692541,0.2646955840032147,-1.0833279386006085,0.9498487666065364,-3.008112738499084,3.0042443331060613,7.291383030057528e-07
1780319698.852513790,0.2645296969400375,-1.0814970613481503,0.947027506955796,-3.0071223675091967,2.999670959563747,7.17579630549611e-07
1780319698.862306833,0.26435816929194744,-1.0796622669701614,0.9441966552828891,-3.006126322101442,2.995091234566121,7.0557516905564e-07
1780319698.872340918,0.26417937784386747,-1.0778071688542,0.9413308593475108,-3.0051156375093218,2.9904642733511078,6.923583103281096e-07
1780319698.882402420,0.26399044518432424,-1.0759048340308546,0.9383883137940842,-3.0040754423143645,2.9857230357205085,6.771168022898388e-07
1780319698.892510653,0.2637927343351024,-1.0739723038670856,0.9353951464822662,-3.003014823429344,2.98091015499985,6.594083861455261e-07
1780319698.902390957,0.2635883656925996,-1.0720318343587616,0.9323857129395817,-3.001945879581182,2.9760811057443535,6.400612433059623e-07
1780319698.912520885,0.26337825537097315,-1.0700922823524737,0.9293737286387829,-3.0008734673832405,2.9712578864517596,6.207694880250093e-07
1780319698.922420502,0.2631627865448515,-1.0681568381043753,0.926364164248678,-2.99979936713422,2.9664483568147695,6.01647450390277e-07
1780319698.932384014,0.262942184323145,-1.066227000532491,0.9233593812877032,-2.9987244413714227,2.9616561560161365,5.827615033329996e-07
1780319698.942600965,0.2627165774477288,-1.064303311484414,0.9203602602789104,-2.9976490287284907,2.9568825396969105,5.641564607952162e-07
1780319698.952477694,0.26248603625873457,-1.0623857853388703,0.917366862044296,-2.9965731756204352,2.9521274534338424,5.458632991479287e-07
1780319698.962562561,0.262250596113048,-1.0604741594859242,0.9143788141273272,-2.9954967721817014,2.9473901577472703,5.279034408073374e-07
1780319698.972691774,0.2620102717405395,-1.0585680384492733,0.9113955337209552,-2.994419631068945,2.94266958711053,5.102916607510884e-07
1780319698.983591080,0.26176506603671335,-1.0566669756739389,0.9084163546064333,-2.9933415326103963,2.9379645532367875,4.93037894594457e-07
1780319698.993412733,0.2615149808201387,-1.0547705592495413,0.9054406612623308,-2.992262273190664,2.9332739572813042,4.761486439529347e-07
1780319699.003380775,0.2612600075858039,-1.0528783398601345,0.9024677759644638,-2.991181624399494,2.9285966113686075,4.596268261891282e-07
1780319699.012814045,0.2610001304108921,-1.0509898550962697,0.899496996704536,-2.990099346638548,2.9239312987600603,4.4347278185001304e-07
1780319699.023570061,0.2607353417447389,-1.049104741630221,0.8965277738783223,-2.9890152536339634,2.919277050664033,4.27685579928742e-07
1780319699.034377098,0.2604656359498967,-1.0472226804851443,0.8935596249180474,-2.987929181798321,2.9146330103666473,4.122626490915593e-07
1780319699.042766809,0.2601910131241475,-1.0453434184015782,0.8905921685048654,-2.98684100307708,2.9099984854798304,3.9720040079587174e-07
1780319699.053448915,0.2599114602858451,-1.043466636317576,0.8876249171623,-2.985750549060812,2.9053726233071293,3.8249335854455233e-07
1780319699.063390732,0.25962697833023185,-1.0415921312091179,0.8846575646486965,-2.984657716538879,2.900754859026665,3.6813614279419603e-07
1780319699.073788643,0.2593375571095694,-1.0397196457036468,0.8816897168832739,-2.983562368809315,2.896144495424901,3.5412182918753846e-07
1780319699.084998608,0.2590431937837968,-1.0378489883212296,0.8787210823509827,-2.9824644058447194,2.891540998993937,3.404435395961575e-07
1780319699.095049143,0.258743893920212,-1.0359800344692642,0.8757514743378877,-2.981363765531782,2.886944001886322,3.270941375071187e-07
1780319699.105453253,0.25843965657444434,-1.034112629898745,0.872780657908018,-2.980260367191172,2.8823530641562565,3.1406574374397595e-07
1780319699.116989851,0.258130473958495,-1.0322465911091392,0.8698083502600623,-2.979154111530041,2.877767674879509,3.01350197134174e-07
1780319699.127211094,0.2578163482613969,-1.030381806697097,0.8668343821740427,-2.9780449407401646,2.873187501133044,2.889396214800579e-07
1780319699.137682915,0.2574972827045342,-1.028518179703962,0.863858606606793,-2.976932804744776,2.8686122460252172,2.7682606379308376e-07
1780319699.148527622,0.2571732856423691,-1.0266556498295039,0.860880934370222,-2.975817674664519,2.8640417030764,2.6500162245489276e-07
1780319699.158100843,0.2568443599058323,-1.0247941307322401,0.8579012340678902,-2.9746995054519143,2.859475602223885,2.534581374297753e-07
1780319699.167313576,0.25651050466185277,-1.0229335222618836,0.8549193514570724,-2.9735782430225184,2.854913639913078,2.421875512098563e-07
1780319699.179537773,0.2561717152508449,-1.0210737105735168,0.8519351094981604,-2.9724538241891403,2.85035547940738,2.311817608131732e-07
1780319699.189026356,0.25582800296169883,-1.0192146752743323,0.8489484804626991,-2.9713262416243973,2.845801013263963,2.2043348165807202e-07
1780319699.199995995,0.2554793661406567,-1.0173563297870878,0.8459593299157937,-2.9701954474772596,2.841249971982662,2.0993482591261684e-07
1780319699.209866047,0.25512581498909004,-1.0154986554014105,0.8429676320840211,-2.9690614346926028,2.8367022523952388,1.9967879758105693e-07
1780319699.220411062,0.2547673568136448,-1.0136416206523595,0.8399733404454197,-2.967924188219987,2.832157720071027,1.8965813140640918e-07
1780319699.229794264,0.25440399270440717,-1.011785165339239,0.8369763617900613,-2.9667836750568517,2.8276161702652147,1.8965813140640918e-07
1780319699.238843679,0.2540357176264969,-1.0099292029213398,0.8339765598146723,-2.965639845446911,2.823077333869624,1.7029489493666845e-07
1780319699.249347210,0.2536625374274112,-1.008073706261075,0.8309738937038339,-2.964492685719087,2.818541087073967,1.7029489493666845e-07
1780319699.261357784,0.2532844589460378,-1.0062186555107004,0.8279683342243587,-2.9633421864938776,2.8140073237604315,1.5179184935525594e-07
1780319699.271207809,0.2529014855119087,-1.0043640159885232,0.8249598278864834,-2.9621883289692383,2.8094759014110626,1.5179184935525594e-07
1780319699.281818151,0.2525136261127333,-1.0025097826753697,0.8219483691093721,-2.961031112589221,2.804946749810974,1.3409974159990953e-07
1780319699.291644096,0.2521208818424172,-1.0006559147886893,0.8189338940607466,-2.9598705143089195,2.8004197111827414,1.3409974159990953e-07
1780319699.301224232,0.2517232628620878,-0.9988024165764795,0.8159164119188752,-2.958706539064858,2.795894737503155,1.1717270402272879e-07
1780319699.311250448,0.2513207638459698,-0.9969492222114287,0.812895817583678,-2.957539147588466,2.79137160943328,1.1717270402272879e-07
1780319699.321687698,0.25091338832772636,-0.9950963100892487,0.809872077627259,-2.9563683280613433,2.7868502153770223,1.009678238891404e-07
1780319699.331204176,0.25050114764741416,-0.9932436954983572,0.8068452187406827,-2.955194091890709,2.7823305334483543,1.009678238891404e-07
1780319699.341169357,0.2500840408085354,-0.9913913395349949,0.8038151790095933,-2.954016416070151,2.777812409214716,8.544629779572593e-08
1780319699.351172686,0.24966213705087426,-0.98953951258523,0.8007824030222584,-2.952835474806441,2.7732964421382453,8.544629779572593e-08
1780319699.361267090,0.24923573608745087,-0.9876894679107417,0.7977489499852376,-2.9516520740475225,2.7687856271107796,7.05659742620375e-08
1780319699.371298075,0.24880512349401962,-0.9858423429560297,0.7947166985729991,-2.9504669550282188,2.764282674424712,7.05659742620375e-08
1780319699.381236553,0.24837046703389198,-0.9839987287994347,0.7916866377337843,-2.94928051562151,2.7597889610059836,5.629165154025842e-08
1780319699.391361475,0.24793187695736885,-0.9821589519684562,0.7886593253653756,-2.948092987201503,2.7553052184289686,5.629165154025842e-08
1780319699.401478529,0.2474894383041386,-0.9803232222130855,0.7856351293278749,-2.9469045278820376,2.7508318935550884,4.259502590781322e-08
1780319699.411420584,0.24704322016545777,-0.9784916766402647,0.7826142991423011,-2.9457152500808395,2.7463692563085185,4.259502590781322e-08
1780319699.421525240,0.24659329435217447,-0.9766644590069866,0.7795970962941172,-2.9445252715297734,2.7419175929889112,2.9447701875020627e-08
1780319699.431709766,0.2461397166532857,-0.9748416444845658,0.7765836698415769,-2.943334666119264,2.737477023025118,2.9447701875020627e-08
1780319699.441731453,0.24568254617971563,-0.9730233197488101,0.773574188387165,-2.9421435157788935,2.733047694152876,1.6823132544832754e-08
1780319699.451654673,0.24522183906566042,-0.9712095577418722,0.7705687983405806,-2.9409518939792867,2.7286297209497286,1.6823132544832754e-08
1780319699.461863995,0.24475766283616474,-0.9694004719700882,0.7675677139105969,-2.939759905719754,2.724223322279729,0.0
1780319699.472260475,0.2442900742203009,-0.9675961403713647,0.7645710909740348,-2.9385676149782247,2.719828608716172,0.0
1780319699.483419180,0.2438191252534576,-0.9657966099549355,0.7615790344531413,-2.937375089467037,2.7154456444284185,0.0
1780319699.491137505,0.2433448760944612,-0.9640019568528473,0.7585916980373358,-2.936182418200801,2.7110745670334313,-1.2607674015896464e-08
1780319699.501169920,0.2428673787754867,-0.9622122397856261,0.7556092068640267,-2.9349896496853436,2.7067154365168724,-1.2607674015896464e-08
1780319699.511361837,0.2423867049592796,-0.9604275774803614,0.7526317865840385,-2.933796897178963,2.7023684887730037,-2.358378647926429e-08
1780319699.521339417,0.24190292476809794,-0.9586480830336201,0.7496596542312809,-2.932604264621266,2.6980339387419945,-2.358378647926429e-08
1780319699.531545162,0.24141612582030825,-0.9568739302518727,0.7466931291528469,-2.9314118975553005,2.69371214971217,-3.4132833448552446e-08
1780319699.541641951,0.24092636197411155,-0.9551051666613075,0.7437323203836868,-2.930219857491442,2.6894031778511183,-3.4132833448552446e-08
1780319699.551262379,0.24043369226355127,-0.9533418579056283,0.7407773675821325,-2.9290282184463394,2.68510712393622,-4.427138122764518e-08
1780319699.561936855,0.23993816505480026,-0.9515840309954822,0.7378283459353017,-2.9278370285981747,2.6808239950978017,-4.427138122764518e-08
1780319699.571631670,0.23943987036547543,-0.9498318591680723,0.734885576441448,-2.9266464357101554,2.6765541552861287,-4.427138122764518e-08
1780319699.581538439,0.2389388847006193,-0.9480854641265779,0.7319492945686847,-2.925456553548974,2.672297843496973,-5.874282660300878e-08
1780319699.591792822,0.23843527686342747,-0.9463449382627331,0.7290196871983503,-2.9242674766057255,2.6680552279012226,-5.874282660300878e-08
1780319699.602729559,0.23792912025956436,-0.9446103878976277,0.7260969652511038,-2.923079309481579,2.66382651124707,-5.874282660300878e-08
1780319699.612031698,0.23742048346713696,-0.9428819008036093,0.7231813089944175,-2.9218921446729498,2.6596118517129614,-7.23704909333378e-08
1780319699.622605085,0.23690945345402148,-0.9411596249071659,0.7202730008407142,-2.9207061166677173,2.6554115548538575,-7.23704909333378e-08
1780319699.632346630,0.23639606579399453,-0.9394435335421836,0.7173720288466903,-2.919521240186654,2.6512255010918677,-7.23704909333378e-08
1780319699.642843008,0.2358802091323522,-0.9377331169947656,0.7144775628677978,-2.918337194797771,2.6470523926324603,-8.51835508797194e-08
1780319699.651125431,0.23536182008489304,-0.9360280401899672,0.7115890649708956,-2.9171537776447476,2.6428913572551176,-8.51835508797194e-08
1780319699.661179304,0.2348408812773819,-0.9343281293378052,0.7087062683689342,-2.915970895732344,2.638741916053838,-8.51835508797194e-08
1780319699.671486139,0.2343174290958594,-0.9326333905765569,0.7058292105457123,-2.9147885804080094,2.6346040293581816,-9.719065996449672e-08
1780319699.681457043,0.2337914544934494,-0.9309436855661044,0.7029576832741143,-2.9136067617875856,2.630477304876025,-9.719065996449672e-08
1780319699.691451311,0.23326257185227361,-0.9292576854166148,0.7000894508212748,-2.9124245330313814,2.626358441249331,-9.719065996449672e-08
1780319699.701284647,0.23273037345433023,-0.9275740329159259,0.6972222196754966,-2.911240957839015,2.6222440640722704,-1.0843880193789346e-07
1780319699.711428404,0.23219462932224633,-0.92589196858503,0.6943547061597178,-2.910055512012224,2.6181322559196945,-1.0843880193789346e-07
1780319699.721360445,0.23165539822982772,-0.9242116529733835,0.691487192048693,-2.9088683167766685,2.614023346564676,-1.0843880193789346e-07
1780319699.731700897,0.2311128762493777,-0.9225336658621419,0.6886206767750845,-2.907679791784237,2.60991869143674,-1.1895977536369173e-07
1780319699.741878748,0.2305671428674605,-0.9208582142709556,0.6857555260675798,-2.9064900957443687,2.6058187351512703,-1.1895977536369173e-07
1780319699.751978397,0.230018214855497,-0.9191853096643063,0.6828917721511717,-2.9052992494176433,2.60172344382453,-1.1895977536369173e-07
1780319699.762146950,0.22946609377090543,-0.9175149182416353,0.6800293696881237,-2.9041072412671207,2.597632672297662,-1.1895977536369173e-07
1780319699.771836758,0.22891076359065177,-0.9158469554949908,0.6771681860384207,-2.9029140231605366,2.5935461505493103,-1.3187985725693352e-07
1780319699.781247139,0.2283522138262155,-0.9141813567143071,0.6743081219432964,-2.9017195605492243,2.5894636562404894,-1.3187985725693352e-07
1780319699.791033030,0.22779041404184475,-0.912518001120346,0.6714489812268116,-2.9005237780359576,2.58538482868655,-1.3187985725693352e-07
1780319699.801565409,0.22722536409453764,-0.9108568610299788,0.6685907270976533,-2.899326666512559,2.581309534519725,-1.3187985725693352e-07
1780319699.811401367,0.22665708088235492,-0.909197960064386,0.6657334109495493,-2.8981282537510884,2.577237765571696,-1.4351690413860752e-07
1780319699.821175814,0.22608555237782668,-0.9075412385963455,0.6628769407020384,-2.8969285072976425,2.5731693086492213,-1.4351690413860752e-07
1780319699.831274033,0.22551074717818742,-0.9058865840406467,0.6600211323761469,-2.895727355757237,2.569103819423089,-1.4351690413860752e-07
1780319699.841341972,0.2249326843870001,-0.9042340317816988,0.6571660569452896,-2.894524834718084,2.565041316102548,-1.4351690413860752e-07
1780319699.851522923,0.22435136414053947,-0.9025835635659138,0.6543116927899282,-2.8933209408129503,2.560981684349835,-1.538353204821874e-07
1780319699.861585617,0.2237667803093375,-0.9009351450341327,0.651457990236382,-2.8921156587250803,2.556924769281229,-1.538353204821874e-07
1780319699.871327162,0.22317892484037571,-0.8992887384045423,0.6486048934059302,-2.8909089703552615,2.5528704065535215,-1.538353204821874e-07
1780319699.882495642,0.22258779240352444,-0.8976443154914371,0.6457523627802845,-2.8897008643679074,2.548818454379561,-1.538353204821874e-07
1780319699.891491175,0.22199334931001813,-0.896001771811834,0.6429002260647523,-2.8884912729463808,2.5447685817046097,-1.538353204821874e-07
1780319699.901896715,0.2213954941251257,-0.8943608213974441,0.6400479945980421,-2.887279993393731,2.540720007936418,-1.6474738995242433e-07
1780319699.912103653,0.22079412321615366,-0.892721180963715,0.6371951823693415,-2.8860668229786723,2.536671956177127,-1.6474738995242433e-07
1780319699.922666550,0.22018916256366516,-0.8910826557593543,0.6343414556385721,-2.8848516227039815,2.5326238652312267,-1.6474738995242433e-07
1780319699.932410955,0.21958053090336271,-0.8894450378800949,0.6314864563419579,-2.883634242398681,2.5285751387134234,-1.6474738995242433e-07
1780319699.941210985,0.21896816218768067,-0.8878081666036266,0.6286299073229424,-2.882414565613144,2.5245252941101914,-1.6474738995242433e-07
1780319699.951538086,0.21835199362484548,-0.8861718952619837,0.6257715548453163,-2.8811924852576376,2.520473881005028,-1.6474738995242433e-07
1780319699.961953878,0.2177320464814807,-0.8845363033383569,0.6229115397759227,-2.8799680626850614,2.5164210068361417,-1.6474738995242433e-07
1780319699.971198082,0.2171088580592726,-0.8829028178320719,0.6200523633161887,-2.878742372056696,2.5123701210333103,-1.7529603901778046e-07
1780319699.981132507,0.2164798469628071,-0.8812647347277371,0.6171822831990397,-2.8775103750209667,2.508304493850931,-1.7529603901778046e-07
1780319699.991412878,0.21583907009584657,-0.8796068548798344,0.6142746035377672,-2.8762605747345615,2.504186225473419,-1.7529603901778046e-07
1780319700.001902103,0.21518803683508758,-0.8779334720793255,0.611336759987181,-2.8749961129495953,2.5000257627333484,-1.7529603901778046e-07
1780319700.011637688,0.21452841042422532,-0.8762491670805606,0.6083767223414636,-2.873720378833378,2.495834295817898,-1.7529603901778046e-07
1780319700.021618605,0.21386158663878319,-0.8745577299649989,0.6054011010555892,-2.872436192865842,2.4916210789000233,-1.7529603901778046e-07
1780319700.031439781,0.21318856187554647,-0.8728618523917104,0.6024145983241327,-2.8711455656208296,2.4873926559355666,-1.7529603901778046e-07
1780319700.041841030,0.2125100385112182,-0.8711634249556885,0.5994205228166566,-2.86984991520664,2.4831535920220955,-1.7529603901778046e-07
1780319700.051820040,0.2118265191033979,-0.8694637960653608,0.5964212395815531,-2.868550258293306,2.4789071118929558,-1.7529603901778046e-07
1780319700.061821699,0.21113837210114506,-0.8677639509802288,0.5934184815962456,-2.8672473426255816,2.4746555419161576,-1.6340799824376973e-07
1780319700.071842670,0.21044587194591724,-0.8660646214604872,0.5904135404778899,-2.865941728084431,2.4704005806439384,-1.6340799824376973e-07
1780319700.081749201,0.2097492375658716,-0.8643663873824963,0.5874074441486733,-2.864633862737193,2.4661435506920064,-1.6340799824376973e-07
1780319700.092107534,0.2090486339271278,-0.8626696853057974,0.5844009706427916,-2.8633240880776687,2.461885418475017,-1.6340799824376973e-07
1780319700.101183176,0.20834420076880455,-0.8609748819603853,0.5813947772169417,-2.862012694650341,2.457626977148794,-1.5088694027554084e-07
1780319700.111466169,0.2076361220855636,-0.8592824419931189,0.5783896977133518,-2.8607000516687897,2.45336926803953,-1.5088694027554084e-07
1780319700.121609688,0.20692476079549227,-0.8575932434736124,0.5753873045148185,-2.859386853462591,2.44911437763373,-1.5088694027554084e-07
1780319700.131094217,0.20621038012747994,-0.855907909237116,0.5723887219906774,-2.858073601577274,2.4448637571142844,-1.4020449778939792e-07
1780319700.141139507,0.20549313137940417,-0.8542267863709441,0.5693945876094232,-2.856760586404354,2.440618166876017,-1.4020449778939792e-07
1780319700.151403666,0.20477318149014345,-0.8525502511242946,0.5664055933099876,-2.8554481236438596,2.4363784438140694,-1.4020449778939792e-07
1780319700.161398649,0.20405068747306943,-0.850878648962011,0.5634223787163691,-2.8541365074636906,2.4321453501457557,-1.288305648827759e-07
1780319700.171215534,0.20332582637000263,-0.8492123641334866,0.5604456551899201,-2.85282606498417,2.4279197496561062,-1.288305648827759e-07
1780319700.181143522,0.20259866580731312,-0.8475515236782618,0.55747567658912,-2.851516923030594,2.4237018563859087,-1.288305648827759e-07
1780319700.191177368,0.20186927014668443,-0.8458962457135089,0.5545126816166992,-2.8502092021939704,2.4194918619749535,-1.1699270974219189e-07
1780319700.201509953,0.20113749390112678,-0.8442461753803432,0.5515560618216245,-2.8489026488900078,2.415288752584328,-1.1699270974219189e-07
1780319700.211305141,0.2004032350973468,-0.8426010657622207,0.5486053998379024,-2.84759709267565,2.4110917826714986,-1.1699270974219189e-07
1780319700.221449137,0.19966637049117897,-0.8409606308275146,0.5456602062047006,-2.8462923301258516,2.4069001007154602,-1.0486146440058519e-07
1780319700.231388092,0.19892683280920087,-0.839324717112909,0.5427202277218194,-2.8449882615083544,2.4027131878353236,-1.0486146440058519e-07
1780319700.241658926,0.19818460005371685,-0.8376932762262213,0.5397853991437218,-2.843684869973643,2.3985307897018626,-1.0486146440058519e-07
1780319700.251971006,0.1974396671063805,-0.8360662997960215,0.5368557269198868,-2.8423821703462004,2.394352751399832,-9.256556765535606e-08
1780319700.262154579,0.1966920126684628,-0.834443746758013,0.5339311584227415,-2.84108015106611,2.3901788309551786,-9.256556765535606e-08
1780319700.272133112,0.19594166977692828,-0.83282569603423,0.5310118572604406,-2.8397788968225197,2.38600909226521,-9.256556765535606e-08
1780319700.282489300,0.19518867077140567,-0.8312122252571124,0.528097985204816,-2.838478491757623,2.381843594391948,-8.020028641197996e-08
1780319700.291167259,0.1944327907236596,-0.8296028663117596,0.5251887174752099,-2.8371785792050215,2.377680981921982,-8.020028641197996e-08
1780319700.301213026,0.1936734397643627,-0.8279963956459984,0.5222818583522646,-2.835878186998899,2.3735179274190017,-8.020028641197996e-08
1780319700.311370611,0.19291026828462665,-0.8263921267847323,0.5193761767443626,-2.834576770525939,2.3693524706759392,-6.782320749465498e-08
1780319700.321501732,0.19214301259640876,-0.8247895725889558,0.5164707982902641,-2.8332739425659783,2.3651831514452866,-6.782320749465498e-08
1780319700.331509829,0.1913719870043693,-0.8231894573014049,0.5135670445658658,-2.8319703004555135,2.3610116547935642,-6.782320749465498e-08
1780319700.341390848,0.19059780128834047,-0.8215930973511938,0.5106673183804127,-2.8306669305767485,2.3568412243522183,-5.548209358607892e-08
1780319700.351464033,0.18982083579858955,-0.8200013100790802,0.5077731238102158,-2.829364519667121,2.3526738197636132,-5.548209358607892e-08
1780319700.361661434,0.18904132967796095,-0.8184146082239883,0.5048854159458195,-2.8280635100802125,2.3485106146735983,-5.548209358607892e-08
1780319700.371606112,0.18825943196812833,-0.816833312443114,0.5020048032952629,-2.8267641896680082,2.344352284859008,-4.3229392510113485e-08
1780319700.381569862,0.18747524901017787,-0.8152576522732611,0.499131730283643,-2.825466773320391,2.3401992693478983,-4.3229392510113485e-08
1780319700.392092466,0.18668884606379477,-0.8136877722180067,0.49626648756925557,-2.8241714071931243,2.3360517839698747,-4.3229392510113485e-08
1780319700.401910305,0.18590027882813587,-0.812123796778554,0.4934093301602356,-2.82287822179435,2.3319099912350993,-3.1116035081879545e-08
1780319700.412208319,0.18510959359883206,-0.8105658314146549,0.49056047899465377,-2.821587332603341,2.327774002281689,-3.1116035081879545e-08
1780319700.421786785,0.18431680488425828,-0.8090139195043164,0.48772004195943347,-2.8202988041296453,2.3236437615641905,-3.1116035081879545e-08
1780319700.432430744,0.18352195288407525,-0.8074681558126091,0.48488822132675735,-2.819012743881438,2.31951934785631,-1.917823855279721e-08
1780319700.442268848,0.18272506007025613,-0.8059286012565998,0.48206515782177645,-2.8177292316674367,2.315400747629251,-1.917823855279721e-08
1780319700.451260805,0.18192614956167885,-0.8043953191997719,0.4792509969764258,-2.8164483496567456,2.311287951283291,-1.917823855279721e-08
1780319700.461320877,0.18112524577918765,-0.8028683802852683,0.47644589803037696,-2.815170181447228,2.30718095642357,0.0
1780319700.471124411,0.18032237181458277,-0.8013478410572841,0.4736499946611464,-2.8138948167763225,2.303079754307951,0.0
1780319700.481388330,0.1795175149405881,-0.7998337067315466,0.4708633263128591,-2.812622282227568,2.2989841547972825,0.0
1780319700.491222858,0.17871073894985945,-0.7983261225607272,0.4680861904404993,-2.811352730004171,2.2948943581865477,0.0
1780319700.501268625,0.17790203847309893,-0.7968251050564206,0.4653186478854624,-2.8100862044355592,2.290810213510028,0.0
1780319700.511167049,0.1770914743848142,-0.7953308007737458,0.46256099958549235,-2.8088228522894165,2.286731905119173,1.1603158211828129e-08
1780319700.521531343,0.17627903894320385,-0.7938432153048725,0.45981328685023454,-2.807562722115237,2.2826592716985514,1.1603158211828129e-08
1780319700.531242371,0.1754647958189024,-0.7923624997916381,0.45707582011694503,-2.806305968034157,2.2785925107034157,1.1603158211828129e-08
1780319700.541285515,0.1746487707646034,-0.7908887325850706,0.4543487759508804,-2.8050526882604445,2.2745316287622295,2.2695512269533077e-08
1780319700.551512241,0.17383097390568847,-0.7894219652883931,0.4516322817517397,-2.8038029585908872,2.2704765554612827,2.2695512269533077e-08
1780319700.561630487,0.1730114112967156,-0.7879622442558665,0.44892645540054643,-2.8025568505523797,2.2664272017114966,2.2695512269533077e-08
1780319700.571767569,0.17219015151393768,-0.7865097282224234,0.446231623546032,-2.8013145320592963,2.262383787352569,3.351671457383243e-08
1780319700.581600904,0.1713672091725782,-0.7850644805847145,0.44354793662815345,-2.800076090154768,2.2583462652639628,3.351671457383243e-08
1780319700.592324734,0.17054261884079747,-0.7836266012001474,0.4408756131574414,-2.798841643492375,2.2543146867721764,3.351671457383243e-08
1780319700.602793694,0.16971641379191138,-0.7821961885046846,0.4382148695076686,-2.797611310010002,2.250289096608697,4.405240531596293e-08
1780319700.611365318,0.16888862039161334,-0.7807733299927202,0.4355659021665334,-2.7963851987010386,2.246269505824612,4.405240531596293e-08
1780319700.621445417,0.16805927817167965,-0.7793581367875326,0.4329289520853279,-2.7951634393938143,2.242255989347851,4.405240531596293e-08
1780319700.632255554,0.1672284244614406,-0.7779507168948987,0.4303042549596452,-2.7939461597781667,2.2382486109205475,5.428865346952414e-08
1780319700.641419649,0.16639609485232443,-0.7765511761278292,0.4276920429238697,-2.7927334861754276,2.2342474255284386,5.428865346952414e-08
1780319700.651243687,0.16556232732065856,-0.7751596250782189,0.4250925575550756,-2.7915255495712072,2.2302524992789863,5.428865346952414e-08
1780319700.661284924,0.16472714373577757,-0.7737761484603514,0.42250599256340676,-2.7903224589610844,2.226263821061809,5.428865346952414e-08
1780319700.671195269,0.1638906326531162,-0.7724009417160236,0.4199327492999614,-2.789124420254778,2.222281697297786,6.744773545415765e-08
1780319700.681544542,0.1630528143282488,-0.7710340874653143,0.4173730187888509,-2.7879315418560617,2.218306107370476,6.744773545415765e-08
1780319700.691444874,0.16221379422047377,-0.7696758073302981,0.41482725302089624,-2.786744054133933,2.2143374337908885,6.744773545415765e-08
1780319700.701535225,0.16137364622530836,-0.7683262697472877,0.4122958053589189,-2.7855621420146073,2.210375906161991,6.744773545415765e-08
1780319700.712254047,0.16053240864194307,-0.7669855855379106,0.40977892179731823,-2.7843859406709397,2.2064215846938566,8.003546528067888e-08
1780319700.722110033,0.1596901079986921,-0.7656538476659236,0.407276815238975,-2.783215570042239,2.202474474324583,8.003546528067888e-08
1780319700.732352257,0.15884674096264484,-0.7643311037197806,0.40478961358901744,-2.7820511104450625,2.198534441186789,8.003546528067888e-08
1780319700.741168499,0.15800228596710597,-0.7630173758221765,0.4023173968889313,-2.7808926197982435,2.1946012687754877,8.003546528067888e-08
1780319700.751937151,0.15715671970311318,-0.761712687140526,0.39986024707067824,-2.7797401568663824,2.1906747356248206,9.204341454510265e-08
1780319700.761666775,0.1563100793861123,-0.7604171568952092,0.39741842710430275,-2.778593865399298,2.186754903202837,9.204341454510265e-08
1780319700.771280766,0.15546229990519378,-0.7591307504298772,0.39499191008092777,-2.7774537531440346,2.182841361068694,9.204341454510265e-08
1780319700.781163931,0.15461336887013544,-0.7578535180656125,0.392580829147766,-2.7763199029270202,2.1789339463488138,9.204341454510265e-08
1780319700.791273594,0.15376328892614133,-0.7565855357627305,0.3901853659829277,-2.775192420465904,2.175032567394371,1.0341272545718227e-07
1780319700.801450491,0.15291204924638824,-0.75532686219083,0.3878056697791634,-2.774071396283765,2.1711370724653,1.0341272545718227e-07
1780319700.811769724,0.15205967302257917,-0.754077608906984,0.3854419899454542,-2.772956968232556,2.16724746697047,1.0341272545718227e-07
1780319700.821486950,0.15120614391368692,-0.7528378317865512,0.38309447082433623,-2.7718492247792317,2.1633635770202253,1.0341272545718227e-07
1780319700.831610203,0.15035143351763192,-0.751607572976102,0.3807632308132499,-2.7707482421787,2.159485176405637,1.1408932102329461e-07
1780319700.842137098,0.1494954839713405,-0.7503868370161308,0.3784483169689133,-2.7696540629487107,2.1556119086630963,1.1408932102329461e-07
1780319700.851312637,0.14863820135530514,-0.7491755835531215,0.37614969090527095,-2.7685666890554947,2.151743259095476,1.1408932102329461e-07
1780319700.861462355,0.14777954635579493,-0.7479738560763725,0.3738674730557197,-2.767486197442585,2.147878964323967,1.1408932102329461e-07
1780319700.872398853,0.14691947081379597,-0.7467816907978921,0.3716017700172198,-2.7664126584940867,2.1440187244282525,1.1408932102329461e-07
1780319700.882358313,0.14605792497937564,-0.7455991271988776,0.3693526945609076,-2.765346145499364,2.1401622358225474,1.263288904422965e-07
1780319700.892189741,0.14519485869379656,-0.7444262097852334,0.3671203689925826,-2.7642867362578336,2.1363091965295853,1.263288904422965e-07
1780319700.901207685,0.14433023243075938,-0.7432630029452181,0.36490495348958313,-2.7632345265583034,2.1324593552127924,1.263288904422965e-07
1780319700.911629200,0.1434639930765238,-0.7421095581857724,0.3627065837619822,-2.762189600603603,2.1286124030538716,1.263288904422965e-07
1780319700.921214581,0.14259617937890368,-0.7409660533364715,0.3605256365488701,-2.761152157303197,2.1247684409405543,1.263288904422965e-07
1780319700.931360960,0.1417267421537376,-0.739832553031305,0.3583622731491843,-2.7601222933217087,2.120927180851515,1.3720479940725096e-07
1780319700.941321135,0.14085571814765618,-0.7387092378746427,0.35621687649279415,-2.7591002109846388,2.1170887160206076,1.3720479940725096e-07
1780319700.951254368,0.1399830976734302,-0.7375962304971457,0.35408971933302547,-2.758086060414503,2.1132529349942373,1.3720479940725096e-07
1780319700.961396933,0.13910887305063624,-0.7364936595892226,0.3519810863575806,-2.75707999760856,2.109419736332679,1.3720479940725096e-07
1780319700.971308947,0.13823306198634877,-0.7354016887453634,0.3498913294322868,-2.7560822108380507,2.1055891306066705,1.3720479940725096e-07
1780319700.981675386,0.13735567659238312,-0.7343204766637639,0.3478207915629865,-2.755092884410246,2.101761103996578,1.3720479940725096e-07
1780319700.991616726,0.13647675012196814,-0.7332502098871343,0.3457698696064769,-2.7541122286385358,2.0979357348166863,1.4797601732586714e-07
1780319701.002256155,0.13559636113966933,-0.7321911301080117,0.34373906679931515,-2.7531405050655997,2.0941132972141783,1.4797601732586714e-07
1780319701.012000084,0.1347150631871643,-0.7311440379927943,0.34172996008540835,-2.752178489991303,2.0902961176249977,1.4797601732586714e-07
1780319701.021672010,0.13383284480002633,-0.7301090451808943,0.3397428066078041,-2.751226328936366,2.0864840620254217,1.4797601732586714e-07
1780319701.032309771,0.13293717291487317,-0.7290718611643232,0.3377501857879684,-2.750270891909508,2.082623084504806,1.4797601732586714e-07
1780319701.042398691,0.1320281288456857,-0.7280332894147508,0.335753633272723,-2.749312911371465,2.0787138351755328,1.4797601732586714e-07
1780319701.052437067,0.13111037272381787,-0.7269992697921541,0.3337645721232147,-2.7483578710010637,2.074776578371029,1.4797601732586714e-07
1780319701.061357975,0.13018690839813973,-0.7259736345714636,0.33179039659971477,-2.7474093322491435,2.070824304100628,1.4797601732586714e-07
1780319701.071234465,0.12925900669327373,-0.7249581480151672,0.3298345349318248,-2.746468958818205,2.0668624871605275,1.4797601732586714e-07
1780319701.081552029,0.12832745224379027,-0.7239539773242694,0.3278992724173005,-2.7455378687890755,2.0628944812255017,1.4797601732586714e-07
1780319701.091416597,0.1273927676091613,-0.722961967168267,0.32598627737471925,-2.744616885796391,2.058922495424244,1.4797601732586714e-07
1780319701.101511240,0.12645529401348465,-0.7219827440071285,0.3240968004834192,-2.743706634046715,2.054947949892574,1.4797601732586714e-07
1780319701.111396551,0.12551526747864217,-0.721016808158037,0.3222318512273824,-2.742807622695271,2.0509718067808844,1.4797601732586714e-07
1780319701.121366501,0.124572871198521,-0.7200645946552982,0.3203923146990921,-2.7419203017897447,2.0469947964372532,1.4797601732586714e-07
1780319701.131889105,0.12362822028082876,-0.7191264623260967,0.31857893003774407,-2.741045051632284,2.0430173559876175,1.3654565993723242e-07
1780319701.141665220,0.122681717671284,-0.7182030434634319,0.31679296642900234,-2.740182509104063,2.0390411262767554,1.3654565993723242e-07
1780319701.151655197,0.1217341029366128,-0.7172952642686887,0.3150362640903253,-2.7393335882128644,2.035069142745553,1.3654565993723242e-07
1780319701.162640333,0.12078593275129168,-0.7164038301840323,0.3133102389317311,-2.7384989994194173,2.0311036499252038,1.3654565993723242e-07
1780319701.172101736,0.11983757868625244,-0.715529239075904,0.31161590678350704,-2.7376792606811224,2.027146101358855,1.2478845767299161e-07
1780319701.182265997,0.11888930379974916,-0.7146718656186017,0.30995404580472635,-2.7368747754770926,2.0231974871228093,1.2478845767299161e-07
1780319701.192378998,0.11794130039684592,-0.713832003626945,0.3083252778841956,-2.736085871876291,2.0192584957681374,1.2478845767299161e-07
1780319701.202427387,0.1169936592434575,-0.713009845602703,0.30673002846879344,-2.7353127828199195,2.0153293901810097,1.2478845767299161e-07
1780319701.212182522,0.1160459082245644,-0.7122051042540365,0.3051677910905573,-2.7345552891296268,2.011408105376313,1.1148710918633917e-07
1780319701.221354961,0.11509711985282767,-0.7114171530414826,0.3036373981065114,-2.7338128496983036,2.007490716106624,1.1148710918633917e-07
1780319701.231192827,0.11414661827066719,-0.7106456367846059,0.302138205982289,-2.73308517616868,2.003574365724351,1.1148710918633917e-07
1780319701.241525650,0.11319401665358297,-0.7098904782907081,0.3006701095249703,-2.732372240537492,1.9996574083621346,1.0087430702631576e-07
1780319701.251230478,0.11223913957094722,-0.7091517921973356,0.2992333755647321,-2.731674194994397,1.99573907803455,1.0087430702631576e-07
1780319701.261385918,0.11128188964082253,-0.7084297656221379,0.2978284115067435,-2.7309912598242367,1.9918189340673385,1.0087430702631576e-07
1780319701.271529913,0.11032220394336978,-0.7077246189802153,0.2964556893186708,-2.7303236865769738,1.9878966798008955,8.987758762562336e-08
1780319701.281579733,0.10936006035418888,-0.7070366069497149,0.29511574750933345,-2.7296717590810413,1.9839721869211098,8.987758762562336e-08
1780319701.291691542,0.10839547440656672,-0.7063660120822419,0.2938091787680427,-2.7290357874719504,1.9800454810116637,8.987758762562336e-08
1780319701.301821232,0.10742847259119448,-0.7057131229959701,0.292536587505281,-2.7284160875400785,1.9761166316652463,7.859281303930866e-08
1780319701.311506748,0.10645906881825407,-0.7050782177486443,0.2912985573861685,-2.7278129648909495,1.972185656706042,7.859281303930866e-08
1780319701.322628736,0.10548727343646669,-0.7044615703876786,0.29009566400663533,-2.727226721071408,1.968252559160521,7.859281303930866e-08
1780319701.331767082,0.10451310155865046,-0.7038634559854469,0.2889284846437106,-2.726657658284534,1.9643173609990179,6.709821382755754e-08
1780319701.342590094,0.10353657257310966,-0.7032841494952997,0.28779759596212745,-2.72610607824031,1.9603801009890318,6.709821382755754e-08
1780319701.351695538,0.10255767761254098,-0.702723906645569,0.2867035366321302,-2.725572263879257,1.9564407037467355,6.709821382755754e-08
1780319701.361274004,0.10157642491171903,-0.7021829910537445,0.2856468601771234,-2.725056505106079,1.9524991628245951,5.545814328721628e-08
1780319701.371279001,0.10059275369862242,-0.7016616273234568,0.28462804326661567,-2.724559053985506,1.9485551951372722,5.545814328721628e-08
1780319701.381205797,0.09960675492579218,-0.7011601179542062,0.2836477140982232,-2.7240802362145664,1.9446091260658098,5.545814328721628e-08
1780319701.391253471,0.09861837034568377,-0.7006786833236314,0.28270633963064457,-2.7236202983733344,1.9406606828653858,4.372621324122034e-08
1780319701.401280165,0.09762765478814406,-0.7002175965984954,0.28180448919103745,-2.723179536621254,1.9367100449976216,4.372621324122034e-08
1780319701.411187887,0.09663454485476275,-0.6997770709690725,0.28094261390630776,-2.722758188894099,1.9327569201752217,4.372621324122034e-08
1780319701.421082020,0.0956390322250793,-0.6993573433514513,0.28012121030532294,-2.7223565148038227,1.9288012365642242,3.1949536414349005e-08
1780319701.431180477,0.09464110752999666,-0.698958646160734,0.2793407650591094,-2.7219747686055777,1.9248429183896585,3.1949536414349005e-08
1780319701.441767693,0.09364075885713152,-0.698581206481931,0.27860175328359055,-2.721613198329577,1.920881880047069,3.1949536414349005e-08
1780319701.451530695,0.09263804450372182,-0.6982252709672405,0.27790468722946055,-2.7212720695736126,1.9169183135110097,2.0168858632559134e-08
1780319701.461260557,0.09163308416295335,-0.6978910947135226,0.2772500944707624,-2.72095165481337,1.912952651214605,2.0168858632559134e-08
1780319701.471451759,0.09062642600383475,-0.697579043505673,0.27663871818874813,-2.720652331444024,1.9089870089102488,2.0168858632559134e-08
1780319701.481604099,0.08961847265372236,-0.6972893830841018,0.2760711043110171,-2.720374382415712,1.9050229160640144,0.0
1780319701.491362095,0.08860945285016575,-0.6970223022422157,0.2755476465204105,-2.7201180057945393,1.9010612097689195,0.0
1780319701.501527071,0.0875995077969911,-0.6967779279716764,0.27506861575527547,-2.7198833496190127,1.8971023788399297,0.0
1780319701.511829853,0.0865887163995096,-0.6965563579020273,0.2746342236740816,-2.7196705279180104,1.8931466654255567,0.0
1780319701.521960974,0.08557712690232977,-0.6963576681955708,0.27424463806292776,-2.7194796323153754,1.8891941905667131,0.0
1780319701.531972170,0.08456476014211511,-0.6961819133409115,0.27389998237803775,-2.7193107351779164,1.8852449678687624,-1.0990243382025255e-08
1780319701.542764425,0.0835516321670593,-0.6960291469685984,0.2736003765276063,-2.719163897119462,1.881298992390394,-1.0990243382025255e-08
1780319701.551451206,0.08253774844335693,-0.6958994015523521,0.27334589703877377,-2.719039164424909,1.8773562182771613,-1.0990243382025255e-08
1780319701.561425209,0.0815231049239935,-0.6957927015402126,0.2731366027848622,-2.718936571519314,1.8734165632210869,-2.2492991469391654e-08
1780319701.571203947,0.08050768590841617,-0.6957090615497883,0.27297253143025907,-2.718856141449248,1.8694799004389766,-2.2492991469391654e-08
1780319701.581138849,0.07949148519695237,-0.69564848863227,0.2728537038600789,-2.7187978880484605,1.865546140822653,-2.2492991469391654e-08
1780319701.591145992,0.07847443259819209,-0.6956109792541447,0.2727801182520705,-2.7187618130279976,1.8616149487829288,-3.3851903502579717e-08
1780319701.601377487,0.07745662442291956,-0.6955965271733797,0.2727517655251146,-2.718747913547309,1.8576866330031048,-3.3851903502579717e-08
1780319701.611354828,0.0764387925460166,-0.6956050953330184,0.27276857420049017,-2.718756155181986,1.8537639481632062,-3.3851903502579717e-08
1780319701.621262550,0.07542155535860529,-0.6956365760482139,0.2728303323035884,-2.718786433643086,1.8498491968947248,-4.503319939175299e-08
1780319701.631353378,0.07440523178389213,-0.6956908164925641,0.27293673739590973,-2.7188385993192377,1.8459435191748557,-4.503319939175299e-08
1780319701.641884089,0.07339000831703024,-0.6957676383756812,0.2730874352263634,-2.718912476250279,1.84204754137486,-4.503319939175299e-08
1780319701.651239395,0.0723759854647581,-0.6958668481508035,0.2732820398116564,-2.7190078720001103,1.8381615578208854,-5.6006642878969615e-08
1780319701.661561251,0.07136326676254634,-0.695988235325979,0.2735201301849891,-2.719124576094183,1.834285873585381,-5.6006642878969615e-08
1780319701.672151804,0.07035194512819198,-0.6961315746524228,0.27380125475621575,-2.719262362191409,1.8304207523408822,-5.6006642878969615e-08
1780319701.682489634,0.06934208169421008,-0.6962966314338646,0.2741249417960547,-2.719420993258986,1.8265663359416517,-6.674637997861055e-08
1780319701.692756653,0.06833372425758477,-0.6964831618091356,0.274490700062325,-2.719600221916008,1.8227227155373062,-6.674637997861055e-08
1780319701.702914238,0.06732698893527234,-0.6966908969044177,0.2748979878055648,-2.719799775287002,1.8188902425677826,-6.674637997861055e-08
1780319701.712871075,0.06632201011938754,-0.6969195479893715,0.27534622297618044,-2.720019360052809,1.8150693369770508,-7.722094697015791e-08
1780319701.723125458,0.06531893023210245,-0.6971688078142426,0.27583478594600946,-2.7202586638351054,1.8112604479602061,-7.722094697015791e-08
1780319701.732727289,0.06431790589628483,-0.6974383487062088,0.2763630158833295,-2.7205173534750204,1.8074640772352184,-7.722094697015791e-08
1780319701.742254972,0.06331911247275612,-0.6977278204454764,0.27693020670610147,-2.72079507311032,1.803680795968983,-8.739041934546776e-08
1780319701.753063440,0.062322748076820256,-0.6980368478243326,0.27753560242514985,-2.7210914419594823,1.7999112596258,-8.739041934546776e-08
1780319701.762346268,0.06132903692255276,-0.69836502803581,0.2781783921659976,-2.721406051954924,1.7961562201891739,-8.739041934546776e-08
1780319701.772674084,0.06033823317530729,-0.6987119275820444,0.27885770426387746,-2.7217384649295777,1.79241654023652,-8.739041934546776e-08
1780319701.782625914,0.05935057218264794,-0.6990770988130404,0.27957263880250915,-2.722088228616903,1.7886930086686106,-1.0038772746412405e-07
1780319701.792406082,0.05836553817699919,-0.6994603747450112,0.280322844741325,-2.7224551589592205,1.7849835851317717,-1.0038772746412405e-07
1780319701.802941799,0.05738225624330284,-0.6998617776579659,0.2811083404917116,-2.722839252086352,1.7812848893903226,-1.0038772746412405e-07
1780319701.812648058,0.05640012833177188,-0.7002812743359037,0.2819290346938259,-2.723240449852863,1.77759459679598,-1.0038772746412405e-07
1780319701.822782516,0.05541874241323219,-0.7007187900632692,0.2827847537331438,-2.7236586533580063,1.773911091322038,-1.1263134513939121e-07
1780319701.833026648,0.054437809835855555,-0.7011742202151332,0.28367526452440517,-2.7240937341392595,1.7702332267286172,-1.1263134513939121e-07
1780319701.843214750,0.05345713038526512,-0.7016474356542934,0.28460028516488844,-2.724545539428262,1.766560193087687,-1.1263134513939121e-07
1780319701.852813959,0.05247657192808064,-0.7021382848482975,0.28555948916907886,-2.7250138942681095,1.7628914387690053,-1.1263134513939121e-07
1780319701.862674236,0.051494766206381604,-0.7026472753595101,0.2865538366963587,-2.725499251248957,1.7592217968436654,-1.2375353719562554e-07
1780319701.872357368,0.05050769406953437,-0.7031764532372495,0.28758728960714514,-2.726003526171509,1.7555362284855793,-1.2375353719562554e-07
1780319701.883356571,0.04951475076259748,-0.7037262215404283,0.28866059615282696,-2.7265270642002064,1.7518324846424418,-1.2375353719562554e-07
1780319701.892250061,0.04852518201392275,-0.7042913077308821,0.2897634274192751,-2.7270648089279748,1.7481450122436712,-1.2375353719562554e-07
1780319701.902349710,0.04754571379249417,-0.7048673050991381,0.2908871567076511,-2.7276125403395426,1.7444987466977262,-1.2375353719562554e-07
1780319701.912364006,0.04657309434468693,-0.7054554822838304,0.29203423525198563,-2.728171440986352,1.7408814391073273,-1.2375353719562554e-07
1780319701.922394991,0.045600815758785274,-0.7060593837940221,0.29321154610426536,-2.7287448496545097,1.7372687968526452,-1.2375353719562554e-07
1780319701.932252884,0.044620430070730244,-0.7066842338243191,0.2944292340711777,-2.729337686931226,1.7336294204003833,-1.2375353719562554e-07
1780319701.942265034,0.04363002712935837,-0.7073314729691802,0.29569005797455394,-2.729951271004503,1.7299562616894189,-1.2375353719562554e-07
1780319701.952308893,0.042629251171224736,-0.7080016033291683,0.2969949434053243,-2.7305860253677503,1.7262480540829068,-1.2375353719562554e-07
1780319701.962626696,0.04161842118634218,-0.7086946730083801,0.29834392908922436,-2.7312419406457527,1.7225060307527587,-1.2375353719562554e-07
1780319701.972495317,0.04059820614558163,-0.7094104524744926,0.29973651174948823,-2.7319187430974647,1.7187327125435519,-1.2375353719562554e-07
1780319701.982706070,0.039569397947619045,-0.7101485717653899,0.3011719140915693,-2.732616025393634,1.7149310635122663,-1.2375353719562554e-07
1780319701.992620945,0.03853282734896735,-0.710908573800717,0.3026491891113982,-2.7333332976135383,1.7111041787812538,-1.2375353719562554e-07
1780319702.002861023,0.03748930522821392,-0.7116899567784367,0.30416730295541444,-2.734070027708428,1.7072550675396543,-1.2375353719562554e-07
1780319702.012894392,0.036439588372279674,-0.7124922033331753,0.3057251918652809,-2.7348256692878747,1.7033865275738127,-1.2375353719562554e-07
1780319702.022488356,0.03538436277832835,-0.713314799152994,0.30732179850805763,-2.735599679333226,1.699501084942961,-1.2375353719562554e-07
1780319702.032855511,0.03432428683976796,-0.7141572050682354,0.30895601795774014,-2.7363914920902794,1.695601154181308,-1.2375353719562554e-07
1780319702.043862581,0.033259919088358236,-0.7150189195289247,0.31062681905439593,-2.7372005779510094,1.691688773503553,-1.2375353719562554e-07
1780319702.053125381,0.03219181224082601,-0.7158994091304383,0.3123331097358267,-2.7380263782596175,1.6877659518711792,-1.2375353719562554e-07
1780319702.063104153,0.03112035797120072,-0.7167982416614134,0.3140739949420887,-2.7388684301689135,1.6838340999269374,-1.2375353719562554e-07
1780319702.073641300,0.03004613148815327,-0.7177148024382616,0.31584822723051065,-2.739726100920571,1.6798952955713793,-1.2375353719562554e-07
1780319702.082327366,0.02896968791967658,-0.7186484604752037,0.31765452926899845,-2.740598744169901,1.675951535772691,-1.1195963978138934e-07
1780319702.092256546,0.0278914574389868,-0.7195986644326879,0.31949177951846325,-2.7414857897188534,1.672004353361916,-1.1195963978138934e-07
1780319702.102339745,0.026811778980004863,-0.7205649220886956,0.32135897224160187,-2.742386724053472,1.668054942354054,-1.1195963978138934e-07
1780319702.112327814,0.025730922706806103,-0.7215467869847974,0.32325519148106374,-2.7433010776760516,1.6641042415259097,-1.1195963978138934e-07
1780319702.122312546,0.02464910528821984,-0.7225438496659358,0.3251795939767234,-2.744228416782636,1.660152991289438,-1.1195963978138934e-07
1780319702.132192373,0.023566501138983176,-0.7235557312886849,0.3271313966984651,-2.7451683371875477,1.6562017755519625,-1.0086613499993291e-07
1780319702.142649174,0.022483250500221486,-0.7245820791935209,0.3291098681986857,-2.7461204601036475,1.6522510518350035,-1.0086613499993291e-07
1780319702.152739525,0.021399465635256076,-0.7256225635365476,0.3311143220283665,-2.747084428926679,1.6483011743691516,-1.0086613499993291e-07
1780319702.162666798,0.020315235819423405,-0.7266768745167864,0.333144111316542,-2.748059906587477,1.6443524126777558,-1.0086613499993291e-07
1780319702.172525644,0.01923063101670497,-0.7277447204369851,0.33519862496708513,-2.7490465736879304,1.6404049652869397,-1.0086613499993291e-07
1780319702.182486296,0.01814570528609849,-0.728825825685786,0.3372772837132565,-2.7500441265733735,1.6364589723815628,-8.875298984634128e-08
1780319702.192607403,0.01706049943325505,-0.7299199291729588,0.3393795370529073,-2.7510522758325653,1.632514525655346,-8.875298984634128e-08
1780319702.202886105,0.015975046957870775,-0.7310267791415237,0.3415048532367483,-2.752070741473914,1.6285716900796434,-8.875298984634128e-08
1780319702.212697506,0.014889492538346483,-0.7321460108699096,0.3436524846541554,-2.7530991406097987,1.6246309339872973,-8.875298984634128e-08
1780319702.222582817,0.013804083160261715,-0.7332771499384929,0.34582147487807113,-2.754136991233551,1.6206930956961558,-7.852207595249183e-08
1780319702.232823610,0.01271901861662128,-0.7344197652341027,0.3480109525302955,-2.755183853080634,1.616758840589999,-7.852207595249183e-08
1780319702.242367506,0.011634461417391329,-0.735573461345151,0.3502201164918142,-2.756239320444071,1.6128286976295576,-7.852207595249183e-08
1780319702.253174782,0.010550549333666615,-0.7367378673355764,0.3524482142384175,-2.7573030117361523,1.6089031052446041,-7.852207595249183e-08
1780319702.263209820,0.009467403892911452,-0.7379126290357672,0.3546945269830121,-2.758374562339785,1.6049824423960843,-6.792280249356963e-08
1780319702.273185730,0.00838513487960113,-0.7390974051287333,0.3569583621250773,-2.759453620971822,1.601067045073011,-6.792280249356963e-08
1780319702.283438206,0.007303844303263363,-0.7402918635018221,0.35923904623534797,-2.7605398463160062,1.5971572208005667,-6.792280249356963e-08
1780319702.293470383,0.0062236283088641375,-0.7414956796263183,0.3615359219353561,-2.7616329055229163,1.593253255660947,-6.792280249356963e-08
1780319702.302682638,0.005144638083081743,-0.7427084682050502,0.36384821760398645,-2.762732412268888,1.589355634346384,-5.7029986955114964e-08
1780319702.312167645,0.004066882659208293,-0.7439300051217961,0.3661754705346395,-2.7638381279639197,1.5854643279137408,-5.7029986955114964e-08
1780319702.322317839,0.0029904402358180704,-0.7451599916979044,0.36851707719005067,-2.764949747749592,1.5815795574752542,-5.7029986955114964e-08
1780319702.332363129,0.0019154092008990542,-0.7463981081399309,0.370872395391887,-2.766066949241272,1.5777016170119087,-5.7029986955114964e-08
1780319702.342353344,0.0008418811443731133,-0.7476440441292738,0.37324080262269255,-2.767189420240333,1.573830775959845,-4.590503532853063e-08
1780319702.352605581,-0.0002300561434225301,-0.7488974956616143,0.3756216899808014,-2.7683168558496227,1.5699672901062325,-4.590503532853063e-08
1780319702.362539530,-0.0013003669062792156,-0.7501582222741003,0.378014570733685,-2.7694490097996587,1.5661112279104539,-4.590503532853063e-08
1780319702.372561693,-0.0023694824014395266,-0.7514265432757572,0.3804200206460758,-2.7705861385462556,1.5622609767000646,-4.590503532853063e-08
1780319702.382816792,-0.003437902727169373,-0.7527028795534809,0.3828388059075373,-2.771728587392164,1.5584146789385214,-3.4586706831873926e-08
1780319702.392752647,-0.004505928262334535,-0.7539874315449762,0.38527127279790074,-2.772876502179631,1.5545711987315867,-3.4586706831873926e-08
1780319702.402626753,-0.005573743224889682,-0.7552802720506744,0.387717524833683,-2.7740299136248856,1.5507298197956865,-3.4586706831873926e-08
1780319702.412886143,-0.006641448070398681,-0.7565813808437545,0.3901774891132433,-2.775188769053568,1.5468901281218501,-3.4586706831873926e-08
1780319702.422730446,-0.007708767267311956,-0.7578902816688657,0.3926502315058261,-2.776352610592412,1.543053061800488,-2.3097146417683234e-08
1780319702.432598114,-0.008775223646277475,-0.7592062436600227,0.3951343401437076,-2.7775207572396603,1.5392202824149732,-2.3097146417683234e-08
1780319702.443282366,-0.009840473981743258,-0.7605286919820395,0.3976287016049574,-2.778692670408189,1.535392968592699,-2.3097146417683234e-08
1780319702.452766657,-0.010904269181638782,-0.761857163378167,0.400132416032192,-2.7798679134970046,1.5315719598676236,-2.3097146417683234e-08
1780319702.463577986,-0.011966420224059249,-0.7631912669776355,0.4026447225411521,-2.7810461164922984,1.5277578795848694,-1.1502900854054587e-08
1780319702.473007202,-0.013026721263122099,-0.7645305888885554,0.4051648192448117,-2.7822268918010873,1.5239514112966643,0.0
1780319702.483101606,-0.014085129536243635,-0.765874922307594,0.4076922958993265,-2.7834100350630218,1.5201526531405685,0.0
1780319702.493350029,-0.015141549266164844,-0.7672239942386794,0.41022661916760544,-2.7845952864317827,1.51636189391723,0.0
1780319702.502184629,-0.01619587739221373,-0.7685775241153232,0.4127672431260653,-2.7857823805501387,1.5125794488585935,0.0
1780319702.512839317,-0.017248026619729906,-0.7699352529674872,0.415313664012361,-2.786971072625663,1.508805576972952,0.0
1780319702.522674322,-0.018297918604115004,-0.7712969350768297,0.41786540443663395,-2.788161130986747,1.5050405055765605,0.0
1780319702.532343388,-0.019345481252202923,-0.7726623347225088,0.4204220071960509,-2.789352334151289,1.5012844400275431,0.0
1780319702.542284966,-0.020390646209302865,-0.7740312223617662,0.422983028061234,-2.790544468295046,1.497537572778622,1.17832404130054e-08
1780319702.552479506,-0.02143334710835454,-0.7754033749577047,0.4255480363464805,-2.7917373243116166,1.4938000896860237,1.17832404130054e-08
1780319702.562433720,-0.02247351761107108,-0.7767785698732634,0.42811660346418434,-2.79293069686661,1.4900721770561816,1.17832404130054e-08
1780319702.572658300,-0.023511090827759595,-0.7781565862245046,0.43068830545033693,-2.794124382879681,1.486354023745781,1.17832404130054e-08
1780319702.582517385,-0.02454599818265013,-0.7795372028093999,0.4332627190939808,-2.795318180341604,1.4826458252470314,2.337934821714488e-08
1780319702.592450380,-0.025578175660785796,-0.7809202064058232,0.4358394373965148,-2.7965118954755943,1.4789477613255824,2.337934821714488e-08
1780319702.602809191,-0.026607995231143988,-0.7823059736303977,0.43841915223658057,-2.7977058435432864,1.4752584505397364,2.337934821714488e-08
1780319702.612619162,-0.027636306499049468,-0.7836955395536975,0.44100377735747,-2.7989009032172123,1.471574801553841,2.337934821714488e-08
1780319702.622488737,-0.028663673307042892,-0.7850895725854992,0.44359453888523515,-2.800097632213476,1.4678947478484634,3.486267687762197e-08
1780319702.632668972,-0.029690439457260354,-0.786488455647028,0.4461921288288158,-2.8012963396195767,1.4642170117296596,3.486267687762197e-08
1780319702.642741919,-0.030716817721511802,-0.787892401748036,0.44879692163724944,-2.802497186874546,1.4605407851594217,3.486267687762197e-08
1780319702.653032303,-0.03174294136170097,-0.7893015210869017,0.4514090998550387,-2.8037002463242082,1.4568655450356565,3.486267687762197e-08
1780319702.663604498,-0.032768894309498364,-0.7907158604504456,0.4540287278684279,-2.804905535567679,1.453190944996655,4.6171465058775434e-08
1780319702.673118114,-0.033794729115182776,-0.7921354266856202,0.45665579582018684,-2.806113037900413,1.4495167510786475,4.6171465058775434e-08
1780319702.683586121,-0.034820477819089035,-0.7935602009284377,0.4592902462223343,-2.807322714698021,1.4458428027469006,4.6171465058775434e-08
1780319702.692258358,-0.03584615868111385,-0.7949901474119372,0.46193199042512384,-2.8085345130772987,1.4421689887754081,4.6171465058775434e-08
1780319702.702224493,-0.03687178044404593,-0.7964252190409793,0.4645809190380749,-2.809748370742431,1.4384952319673143,5.7272976353145034e-08
1780319702.712388515,-0.03789734510077647,-0.7978653610031596,0.46723690867824097,-2.810964219122374,1.4348214792384968,5.7272976353145034e-08
1780319702.722572327,-0.03892284973157789,-0.7993105131579519,0.469899826434161,-2.812181985445629,1.43114769503468,5.7272976353145034e-08
1780319702.732645988,-0.039948287745448674,-0.8007606116417154,0.47256953286419573,-2.8134015941336,1.4274738568848166,5.7272976353145034e-08
1780319702.742484093,-0.040973649728431205,-0.8022155899546313,0.4752458840271095,-2.814622967744211,1.4237999523634313,6.811092279538594e-08
1780319702.752573013,-0.041998924016972694,-0.803675379683157,0.4779287328327418,-2.815846027600122,1.4201259770387356,6.811092279538594e-08
1780319702.762782574,-0.04302409707654853,-0.8051399109626889,0.48061792990893454,-2.8170706941929873,1.4164519331190675,6.811092279538594e-08
1780319702.772583246,-0.04404915372753759,-0.8066091127336188,0.4833133240851715,-2.8182968874110044,1.4127778286472632,6.811092279538594e-08
1780319702.782553673,-0.04507407724563439,-0.8080829128245997,0.4860147625571347,-2.81952452662023,1.409103677145368,7.860707359237663e-08
1780319702.793035269,-0.046098848558814076,-0.809561236734595,0.48872208866852446,-2.8207535296644166,1.4054295004995587,7.860707359237663e-08
1780319702.802779913,-0.04712343032449695,-0.8110439844784443,0.4914350995849623,-2.821983793693791,1.401755386073001,7.860707359237663e-08
1780319702.812912941,-0.04814776432447765,-0.8125310263674113,0.494153538795028,-2.823215191884362,1.398081496114235,7.860707359237663e-08
1780319702.823169708,-0.04917178581678794,-0.8140222234594239,0.49687713369057845,-2.824447590569583,1.3944080163534542,8.865792713208069e-08
1780319702.833877325,-0.05019542402124699,-0.8155174281222273,0.49960559667450327,-2.8256808497830965,1.3907351543058222,8.865792713208069e-08
1780319702.843446970,-0.05121855709706402,-0.8170164178369612,0.5023385046032808,-2.826914768898054,1.3870633009159739,8.865792713208069e-08
1780319702.852191448,-0.052241155762411395,-0.8185191054423102,0.5050756821984774,-2.8281492597951035,1.3833925151949278,8.865792713208069e-08
1780319702.862422466,-0.05326311912056436,-0.8200252988369705,0.5078167638235954,-2.829384148935991,1.3797231134012458,8.865792713208069e-08
1780319702.872384548,-0.05428430935029205,-0.821534750777503,0.510561284855003,-2.830619218936921,1.3760555447818035,1.0034853369825156e-07
1780319702.882418633,-0.05530456021243246,-0.8230471707300699,0.5133087036619223,-2.8318542186964284,1.3723903612321298,1.0034853369825156e-07
1780319702.892380476,-0.056323660319328006,-0.8245621993844958,0.5160583557358386,-2.8330888430103918,1.3687282776307055,1.0034853369825156e-07
1780319702.902377129,-0.05734161885847744,-0.8260798044436157,0.518810171607123,-2.8343230546993277,1.3650692168631926,1.0034853369825156e-07
1780319702.912662983,-0.058358834810118054,-0.8276005385716818,0.5215651412280764,-2.8355572910399984,1.3614117001312978,1.0034853369825156e-07
1780319702.922493219,-0.05937616656092359,-0.8291256518867671,0.5243255126284732,-2.8367925499296036,1.3577525942269388,1.0034853369825156e-07
1780319702.932658434,-0.060403560096220055,-0.8306700892615373,0.5271182779258176,-2.8380408786250477,1.3540560591975177,1.1160460705835069e-07
1780319702.943294048,-0.06144841595224726,-0.832245118214753,0.5299636876484737,-2.8393112603068533,1.3502953668621944,1.1160460705835069e-07
1780319702.953521729,-0.06251738361101378,-0.8338609945733158,0.532880087867035,-2.8406117851941506,1.3464464495336006,1.1160460705835069e-07
1780319702.963289738,-0.06360561225971484,-0.8355106322368977,0.5358544952521738,-2.8419365560580343,1.3425266265133677,1.1160460705835069e-07
1780319702.972951174,-0.06470203037675226,-0.8371773948629375,0.5388567794790465,-2.8432720786867955,1.3385756581216741,1.1160460705835069e-07
1780319702.983014107,-0.0657998269798199,-0.8388509609615982,0.5418682863814774,-2.8446100203888736,1.3346180047082838,1.1160460705835069e-07
1780319702.993124485,-0.06689578653818451,-0.8405263974677348,0.5448801179142131,-2.845946416199211,1.3306651976604036,1.1160460705835069e-07
1780319703.003559589,-0.06798849797542594,-0.8422014879884703,0.5478882880025808,-2.847279496444775,1.326722276757053,1.1160460705835069e-07
1780319703.012426376,-0.0690774626099735,-0.8438753984047507,0.5508913051810137,-2.8486086037869747,1.3227909972758745,1.1160460705835069e-07
1780319703.022261620,-0.07016263160801905,-0.8455479823091947,0.5538889158776247,-2.849933631068469,1.3188714935759909,1.1160460705835069e-07
1780319703.032495975,-0.07124416722349913,-0.8472194208729018,0.5568814537278889,-2.851254730760078,1.3149631382087938,1.1160460705835069e-07
1780319703.042454958,-0.07232232012336315,-0.8488900367612731,0.5598695039571208,-2.852572165427505,1.3110649835848769,1.1160460705835069e-07
1780319703.052664518,-0.07339736713205536,-0.8505601989669005,0.5628537321530369,-2.8538862316710776,1.3071759862918573,1.1160460705835069e-07
1780319703.062536001,-0.07446958041466889,-0.8522302751447945,0.5658347988174696,-2.8551972223422797,1.3032951182696535,1.1160460705835069e-07
1780319703.072584391,-0.0755392126683816,-0.8539006082401821,0.568813317728464,-2.856505408278118,1.2994214203544825,1.1160460705835069e-07
1780319703.083259344,-0.07660649133685649,-0.8555715069199996,0.571789839130351,-2.857811031059722,1.2955540233078575,1.1160460705835069e-07
1780319703.092655420,-0.07767161666271338,-0.8572432419150191,0.5747648435385764,-2.859114300475127,1.2916921550149347,1.0039798721105848e-07
1780319703.102808475,-0.07873476207604746,-0.8589160460126495,0.5777387420695371,-2.860415394856318,1.2878351392501206,1.0039798721105848e-07
1780319703.113617420,-0.0797960753909388,-0.8605901153498889,0.5807118790774125,-2.861714462423147,1.2839823915240576,1.0039798721105848e-07
1780319703.123139143,-0.08085564256418198,-0.8622655514765185,0.583684429744606,-2.8630115768105098,1.280133550969657,1.0039798721105848e-07
1780319703.133895636,-0.08191362027945992,-0.8639425705233101,0.5866567714727239,-2.8643068992916545,1.2762879989142852,1.0039798721105848e-07
1780319703.142577171,-0.08297005587243689,-0.8656212180428522,0.5896289782061733,-2.865600458260013,1.2724455131586816,1.0039798721105848e-07
1780319703.152580738,-0.08402505867193266,-0.8673016401077174,0.5926013012394372,-2.8668923589394835,1.268605645403855,8.973166970422858e-08
1780319703.162898540,-0.08507867579789519,-0.8689838859230239,0.5955738197069222,-2.8681826312607064,1.2647681729565383,8.973166970422858e-08
1780319703.172234774,-0.08613093117045079,-0.8706679691128354,0.5985465495815852,-2.869471277573913,1.260932957240185,8.973166970422858e-08
1780319703.182217598,-0.08718184209824642,-0.872353893897956,0.6015194901333916,-2.8707582929294606,1.2570998835433993,8.973166970422858e-08
1780319703.192476034,-0.08823141810963708,-0.8740416530676827,0.6044926204428765,-2.8720436636196562,1.2532688653568964,8.973166970422858e-08
1780319703.202355862,-0.08927966066339632,-0.8757312273464155,0.6074658983901986,-2.873327366801198,1.2494398455213565,7.955445708103083e-08
1780319703.212618589,-0.09032656365166769,-0.8774225860371265,0.6104392618947407,-2.8746093710913465,1.2456127944894368,7.955445708103083e-08
1780319703.222546339,-0.09137211416170388,-0.8791156880975706,0.6134126309074956,-2.8758896374840903,1.2417877076387631,7.955445708103083e-08
1780319703.232360601,-0.0924162933048569,-0.8808104833444244,0.6163859096162275,-2.8771681203511794,1.2379646023316169,7.955445708103083e-08
1780319703.242574930,-0.09345907692300504,-0.8825069134776404,0.6193589883227859,-2.878444768295109,1.2341435154148794,7.955445708103083e-08
1780319703.252471924,-0.09450043628056726,-0.8842049130981442,0.6223317452977378,-2.8797195249860614,1.2303245007651038,6.851253238445209e-08
1780319703.262787580,-0.09554033891542169,-0.8859044110017766,0.6253040491069224,-2.8809923301945104,1.2265076262418113,6.851253238445209e-08
1780319703.273850441,-0.09657874915269282,-0.8876053309400094,0.6282757599928571,-2.8822631204119284,1.2226929718676836,6.851253238445209e-08
1780319703.283756256,-0.09761559244949858,-0.8893075329463311,0.6312466275705482,-2.883531785220091,1.2188807610450818,6.851253238445209e-08
1780319703.292425871,-0.0986508433860891,-0.891010957549712,0.6342165427101217,-2.8847982749606795,1.2150710372553084,6.851253238445209e-08
1780319703.302330732,-0.09968451334577377,-0.8927156063332404,0.6371855029650836,-2.8860625856045625,1.2112637086739486,5.679408794665574e-08
1780319703.312220335,-0.10071655215202746,-0.8944213798439273,0.640153330150078,-2.8873246384194973,1.2074589103537647,5.679408794665574e-08
1780319703.322441101,-0.1017469018958197,-0.8961281657077009,0.6431198243259237,-2.88858434584067,1.2036568065534161,5.679408794665574e-08
1780319703.332349062,-0.10277551085960734,-0.8978358616182494,0.6460848038106666,-2.889841628492698,1.1998575394419957,5.679408794665574e-08
1780319703.342528582,-0.10380233030931141,-0.8995443700965238,0.6490480960040909,-2.891096411254652,1.196061240882108,5.679408794665574e-08
1780319703.352682114,-0.10482731305835635,-0.9012535961372876,0.6520095332686853,-2.8923486214944996,1.19226803771644,4.453121262969426e-08
1780319703.362525225,-0.1058504128676212,-0.902963446222385,0.6549689512004407,-2.8935981883266253,1.1884780539855864,4.453121262969426e-08
1780319703.372868061,-0.10687158397150309,-0.9046738275321609,0.6579261872527381,-2.8948450420242904,1.1846914126903179,4.453121262969426e-08
1780319703.383151054,-0.10789078131484064,-0.9063846483408966,0.6608810814126796,-2.8960891143005547,1.1809082349240174,4.453121262969426e-08
1780319703.392640114,-0.10890796004976444,-0.9080958171711551,0.6638334747328752,-2.897330337685668,1.1771286417507372,3.439827254078282e-08
1780319703.403193235,-0.1099230756873153,-0.9098072430420281,0.666783209756729,-2.8985686457041804,1.173352753657866,3.439827254078282e-08
1780319703.412939548,-0.11093608442237368,-0.9115188360139452,0.6697301314513556,-2.8998039732629994,1.169580689359468,3.439827254078282e-08
1780319703.422687292,-0.11194694285822582,-0.913230506722905,0.6726740863972726,-2.9010362563068814,1.1658125668307413,3.439827254078282e-08
1780319703.433473587,-0.11295560799185722,-0.9149421663515831,0.6756149227333403,-2.9022654317922476,1.1620485033753367,2.402608698139129e-08
1780319703.443431139,-0.11396200274932511,-0.9166536679505048,0.6785523894936278,-2.9034913957027575,1.1582887444653007,2.402608698139129e-08
1780319703.453207493,-0.11496613397504074,-0.9183650071062779,0.6814864809968576,-2.9047141467710813,1.1545332229440755,2.402608698139129e-08
1780319703.462578773,-0.11596796229844486,-0.9200761009687755,0.6844170572987114,-2.905933627903108,1.1507820448094617,2.402608698139129e-08
1780319703.473279715,-0.11696743813643273,-0.9217868490802923,0.6873439489172758,-2.907149770074912,1.1470353551710992,1.3454449355915438e-08
1780319703.483469248,-0.11796451651281181,-0.9234971586240599,0.6902670001205441,-2.9083625103715396,1.143293282844055,1.3454449355915438e-08
1780319703.492354393,-0.11895915516482436,-0.9252069430467955,0.6931860665063247,-2.9095717875562586,1.139555947390103,0.0
1780319703.502624989,-0.11995131320640873,-0.9269161119680192,0.6961009977448656,-2.910777549561613,1.1358234641108123,0.0
1780319703.513350010,-0.12094095057455956,-0.9286245828560178,0.6990116574940719,-2.91197973810593,1.1320959461238143,0.0
1780319703.522340059,-0.12192802747667741,-0.9303322710791075,0.7019179064056492,-2.913178298472678,1.1283735064497267,0.0
1780319703.532275915,-0.12291250486593874,-0.9320390931177531,0.704819607601192,-2.914373177303082,1.124656256230059,0.0
1780319703.542541265,-0.12389434357332352,-0.9337449650575591,0.7077166241034647,-2.9155643215343816,1.1209443080132822,0.0
1780319703.552448273,-0.12487356515753767,-0.9354499086354,0.7106089986471387,-2.9167517521647057,1.1172375452878713,0.0
1780319703.562663317,-0.12585066682362012,-0.93715477958375,0.7134981863758236,-2.9179360638081326,1.1135340473334758,-1.086698642183137e-08
1780319703.572465420,-0.12682611216648176,-0.938860375680175,0.7163855381987023,-2.9191178179383948,1.1098320114010194,-1.086698642183137e-08
1780319703.582488060,-0.1278001228048442,-0.9405670837525699,0.7192717046898381,-2.9202972747367912,1.1061305455923223,-1.086698642183137e-08
1780319703.592469692,-0.12877280327263652,-0.9422750866456697,0.7221569892163914,-2.9214745547260836,1.1024291991478146,-1.086698642183137e-08
1780319703.602637768,-0.1297442018470143,-0.9439844700692666,0.7250415299783932,-2.9226497103968674,1.0987277333757033,-2.183752112472348e-08
1780319703.612699747,-0.13071433881301253,-0.9456952714475664,0.7279253831816663,-2.9238227605311407,1.095026015122729,-2.183752112472348e-08
1780319703.623209238,-0.1316832202656375,-0.9474075038126548,0.7308085636840004,-2.924993706955015,1.0913239647006212,-2.183752112472348e-08
1780319703.632864952,-0.13265084442587227,-0.9491211667343729,0.7336910635896384,-2.9261625422033086,1.0876215320597493,-2.183752112472348e-08
1780319703.643083096,-0.13361720536706923,-0.95083625279063,0.736572863236606,-2.9273292540365703,1.083918682700503,-3.2851022346847e-08
1780319703.652977228,-0.13458229465177585,-0.9525527504010167,0.7394539360134105,-2.928493827424169,1.0802153914931976,-3.2851022346847e-08
1780319703.663110495,-0.1355461022072717,-0.9542706453389105,0.7423342509306307,-2.929656245603764,1.0765116393749317,-3.2851022346847e-08
1780319703.673708439,-0.13650861689236038,-0.9559899217112156,0.7452137742850212,-2.9308164907656877,1.0728074112083255,-3.2851022346847e-08
1780319703.682679176,-0.13746982691223408,-0.9577105626787183,0.7480924708793042,-2.931974544552383,1.069102694208415,-4.3863879639616243e-08
1780319703.692392349,-0.13842972011253085,-0.9594325509689918,0.7509703048876758,-2.9331303884109725,1.0653974768228227,-4.3863879639616243e-08
1780319703.702420235,-0.13938828374955126,-0.9611558684532673,0.7538472391539448,-2.9342840033145716,1.0616917496288507,-4.3863879639616243e-08
1780319703.712535858,-0.14034546070088272,-0.9628804171519469,0.7567231035398585,-2.9354353171044214,1.0579856750278118,-4.3863879639616243e-08
1780319703.722862720,-0.14130115817983224,-0.9646060341145191,0.759597620422481,-2.9365842151084767,1.054279554772066,-5.4824342399228954e-08
1780319703.732620001,-0.14225535897738162,-0.9663326922234088,0.7624707392354146,-2.937730673878676,1.0505733986847512,-5.4824342399228954e-08
1780319703.742475271,-0.14320808663793194,-0.9680604384485028,0.7653425326625938,-2.938874719129797,1.0468670579477537,-5.4824342399228954e-08
1780319703.752768040,-0.14415937921947108,-0.9697893469105363,0.7682131180773432,-2.940016394115148,1.0431603261435702,-5.4824342399228954e-08
1780319703.763142109,-0.14510927754520342,-0.9715194977520305,0.7710826222712636,-2.9411557454845276,1.0394529846502925,-6.56588623471066e-08
1780319703.772675514,-0.1460578201582985,-0.9732509679798458,0.7739511662357961,-2.942292817223244,1.0357448222485335,-6.56588623471066e-08
1780319703.783598423,-0.1470050409750554,-0.9749838271293259,0.7768188580184148,-2.943427647844188,1.032035644347234,-6.56588623471066e-08
1780319703.793679237,-0.14795094236955553,-0.976718087776792,0.7796857110285851,-2.944560238181155,1.0283253787560576,-6.56588623471066e-08
1780319703.803287983,-0.14889555859900216,-0.9784538215793637,0.7825518360604978,-2.9456906273721564,1.024613827282791,-7.6330244347389e-08
1780319703.813630819,-0.14983894504456163,-0.9801911400924412,0.78541740913145,-2.9468188798800234,1.0209007070126832,-7.6330244347389e-08
1780319703.823414803,-0.1507810831857901,-0.9819300196313181,0.7882823827190134,-2.947944971867595,1.017186024531126,-7.6330244347389e-08
1780319703.833418369,-0.15172200781353062,-0.983670535339086,0.7911468720029808,-2.94906894337275,1.0134695755376568,-7.6330244347389e-08
1780319703.844458103,-0.15266172290368996,-0.9854127061531068,0.7940108992378409,-2.9501907977134296,1.009751276127391,-8.678697405173352e-08
1780319703.853999615,-0.15360019953423798,-0.9871564902970622,0.7968743868675954,-2.951310499110822,1.006031172114892,-8.678697405173352e-08
1780319703.864072084,-0.15453743184378688,-0.9889018889222694,0.799737327987458,-2.952428039509973,1.0023092177832997,-8.678697405173352e-08
1780319703.873335361,-0.15547344615730196,-0.9906489636435518,0.8025998146663351,-2.9535434493661707,0.9985852387023386,-8.678697405173352e-08
1780319703.883540154,-0.15640811493125995,-0.992397488770365,0.8054614685501399,-2.954656576013853,0.9948596728201567,-9.695425795541723e-08
1780319703.893633127,-0.15734113896553392,-0.9941469146337321,0.8083213835809089,-2.9557670630626474,0.9911336473465763,-9.695425795541723e-08
1780319703.903726101,-0.15827239314457575,-0.9958970143583361,0.8111791845191387,-2.956874762150715,0.9874076007569604,-9.695425795541723e-08
1780319703.913385153,-0.15920188484003273,-0.9976478091142384,0.8140349021294568,-2.9579796828746936,0.9836814432273868,-9.695425795541723e-08
1780319703.923222065,-0.16012967584850735,-0.9993994234211785,0.8168887352875729,-2.959081899592558,0.9799548653928788,-9.695425795541723e-08
1780319703.933379650,-0.16105605606069506,-1.00115241535761,0.8197415871139159,-2.9601817573470908,0.9762266365387374,-1.0911368519828102e-07
1780319703.943557262,-0.1619813803957193,-1.0029074719546802,0.8225945660978313,-2.9612796775986503,0.972495253566971,-1.0911368519828102e-07
1780319703.953526497,-0.16290592249449531,-1.0046651322549938,0.8254485354750959,-2.9623759845429003,0.9687595297959546,-1.0911368519828102e-07
1780319703.963373661,-0.163829906324108,-1.0064258459068878,0.8283042095576688,-2.963470942845788,0.9650184698268368,-1.0911368519828102e-07
1780319703.973830462,-0.16475352606559923,-1.0081900101745171,0.831162214468313,-2.964564781368504,0.961271190523543,-1.0911368519828102e-07
1780319703.983546495,-0.1656769530518627,-1.0099579826472374,0.834023109165123,-2.9656577014829715,0.9575168937542257,-1.2030204743496142e-07
1780319703.994282246,-0.16660033708483724,-1.0117300833295388,0.8368873891713225,-2.966749878710841,0.9537548617385948,-1.2030204743496142e-07
1780319704.003908634,-0.16752380325307836,-1.0135065880915217,0.8397554763421438,-2.967841459041264,0.9499844707480972,-1.2030204743496142e-07
1780319704.013993502,-0.16844722203354756,-1.0152872843074663,0.8426270031110651,-2.968932287526877,0.9462061336643174,-1.2030204743496142e-07
1780319704.023804426,-0.1693690905677947,-1.017069299768063,0.8454973220904645,-2.9700205889689277,0.9424259037401059,-1.2030204743496142e-07
1780319704.033876896,-0.17028755330146073,-1.0188490503452927,0.8483606626545693,-2.9711041768689066,0.9386513381092227,-1.2030204743496142e-07
1780319704.044349909,-0.17121191078669895,-1.0206446141614478,0.85124607116152,-2.9721940197178944,0.9348440598047011,-1.3067662241184053e-07
1780319704.054516554,-0.1721467294580714,-1.0224650187684254,0.8541679388688466,-2.973295481613272,0.9309849077689797,-1.3067662241184053e-07
1780319704.063625336,-0.17308884327066298,-1.0243042704412035,0.857116519840207,-2.974404810446556,0.9270865688593095,-1.3067662241184053e-07
1780319704.073321581,-0.1740356709471209,-1.0261574631989676,0.8600838538785869,-2.975518951483698,0.9231594132340741,-1.3067662241184053e-07
1780319704.083402634,-0.17498527824498566,-1.0280209131767428,0.8630639713138475,-2.976635618874378,0.9192112117523885,-1.3067662241184053e-07
1780319704.093550920,-0.1759363854046807,-1.0298921885679446,0.8660529295325067,-2.977753301801074,0.9152470762323457,-1.3067662241184053e-07
1780319704.103771210,-0.17688811751062694,-1.031769632496104,0.8690480402776731,-2.978870968873911,0.9112704728520328,-1.3067662241184053e-07
1780319704.113442659,-0.17783986010055752,-1.0336520870318449,0.8720474226971353,-2.9799878971614913,0.907283808290571,-1.3067662241184053e-07
1780319704.123557806,-0.17879117101703557,-1.0355387246352237,0.8750497304241597,-2.9811035678289715,0.9032887876904607,-1.3067662241184053e-07
1780319704.133627176,-0.17974172462036364,-1.0374289414055813,0.878053978791106,-2.9822176001022025,0.8992866413379837,-1.3067662241184053e-07
1780319704.143758774,-0.18069127332557944,-1.03932228324026,0.8810594254968404,-2.9833297057763692,0.8952782814183428,-1.3067662241184053e-07
1780319704.154183865,-0.18163962494790997,-1.0412184024689397,0.8840655004271163,-2.984439662401491,0.8912643940946225,-1.3067662241184053e-07
1780319704.164457083,-0.18258662411379945,-1.0431170219568617,0.8870717478036947,-2.9855472913286443,0.8872455156788506,-1.3067662241184053e-07
1780319704.174692392,-0.1835322861290951,-1.0450182055587334,0.8900782529119882,-2.98665261397937,0.8832214603337073,-1.1902306162880905e-07
1780319704.184858322,-0.18447695648835083,-1.0469226848770434,0.8930861544388519,-2.9877560374311716,0.8791906287170124,-1.1902306162880905e-07
1780319704.193411350,-0.18542090877460904,-1.0488310546045234,0.896096369324206,-2.9888578839275524,0.8751517111385004,-1.1902306162880905e-07
1780319704.203364611,-0.1863643056064639,-1.0507436913900765,0.899109466376283,-2.989958345624576,0.8711038590367203,-1.1902306162880905e-07
1780319704.213691235,-0.18730726199500047,-1.0526608798061137,0.9021258665083054,-2.991057558860139,0.8670464182048992,-1.1902306162880905e-07
1780319704.223762512,-0.18824984794715327,-1.0545828163970095,0.9051458500088843,-2.992155607375815,0.8629789201163666,-1.0763225599674797e-07
1780319704.233337879,-0.18919209508643853,-1.0565096220074794,0.9081695767546581,-2.993252530201378,0.8589010557617507,-1.0763225599674797e-07
1780319704.243414640,-0.19013388568863832,-1.0584411128038624,0.9111967283332355,-2.9943481927571876,0.8548131602384949,-1.0763225599674797e-07
1780319704.253628492,-0.1910746272419761,-1.0603761254156563,0.9142254555309066,-2.9954419091989464,0.8507176412560185,-1.0763225599674797e-07
1780319704.263494968,-0.19201355942806053,-1.0623131365904488,0.9172533563552551,-2.9965328007846703,0.8466176681769122,-9.687039614902915e-08
1780319704.273603201,-0.19295011307881094,-1.0642510015099163,0.9202786316137115,-2.997620213138279,0.8425156096924676,-9.687039614902915e-08
1780319704.284711838,-0.19388391304193675,-1.0661889652773144,0.9233000989713375,-2.998703718819849,0.8384130095673459,-9.687039614902915e-08
1780319704.293873549,-0.19481472070178008,-1.0681265488787712,0.9263170115272193,-2.9997830499407403,0.8343108279838272,-9.687039614902915e-08
1780319704.304023743,-0.19574234719814232,-1.0700633718457766,0.9293287794170823,-3.0008579971036733,0.8302098169237887,-8.493180825297486e-08
1780319704.313964605,-0.1966666568447586,-1.0719991608923003,0.9323349822100749,-3.0019284131624273,0.8261105018676295,-8.493180825297486e-08
1780319704.324267149,-0.1975875509763121,-1.0739337175466366,0.9353353176450817,-3.002994194326323,0.8220132502890088,-8.493180825297486e-08
1780319704.334701777,-0.1985049441449629,-1.0758668690488733,0.93832952486173,-3.0040552524937003,0.8179183756180572,-8.493180825297486e-08
1780319704.345134974,-0.19941877332988867,-1.077798488230469,0.9413174148666749,-3.0051115258386485,0.8138260951210257,-7.19852897290707e-08
1780319704.353409290,-0.20032900854715763,-1.079728516744133,0.9442989059288129,-3.0061629909762635,0.8097364806244945,-7.19852897290707e-08
1780319704.363526821,-0.20123556226936756,-1.0816567731649975,0.947273727019887,-3.007209558302336,0.8056498651370475,-7.19852897290707e-08
1780319704.373948574,-0.20213839864282068,-1.083583184445204,0.9502417754376689,-3.008251198161514,0.8015663524459634,-6.168832822339709e-08
1780319704.383265495,-0.20303748164888624,-1.0855076764845002,0.9532029474354016,-3.009287880906437,0.7974860489447763,-6.168832822339709e-08
1780319704.393313885,-0.20393276984293962,-1.0874301627898006,0.9561571208172098,-3.01031957083352,0.7934090876984756,-6.168832822339709e-08
1780319704.403439045,-0.20482423385572623,-1.089350582030118,0.9591042126573077,-3.011346246347189,0.789335548816116,-5.093153365720582e-08
1780319704.413427114,-0.2057118538006506,-1.0912688928220788,0.9620441710571829,-3.0123678969315906,0.7852654704619758,-5.093153365720582e-08
1780319704.423294544,-0.20659558908206233,-1.0931850084788781,0.9649768751390164,-3.013384488395009,0.781198987304385,-5.093153365720582e-08
1780319704.433631897,-0.2074754135208714,-1.0950988727960373,0.9679022512677536,-3.014396003306214,0.7771361697495084,-3.9747075852858416e-08
1780319704.443672895,-0.2083512952206945,-1.0970104165308792,0.9708202063515908,-3.0154024178153995,0.7730771162881865,-3.9747075852858416e-08
1780319704.453203678,-0.20922320530269456,-1.0989195763373276,0.973730656819573,-3.016403711697074,0.769021913319496,-3.9747075852858416e-08
1780319704.463256836,-0.21009111135982916,-1.1008262804517193,0.9766335067830012,-3.0173998608255577,0.7649706655598015,-2.8161558418560162e-08
1780319704.473757505,-0.21095499544065532,-1.1027304882512325,0.9795287082251835,-3.0183908578063945,0.760923411988384,-2.8161558418560162e-08
1780319704.483419657,-0.2118148205084962,-1.104632116464681,0.9824161487187716,-3.0193766734828427,0.7568802826583028,-2.8161558418560162e-08
1780319704.493272781,-0.21267054286125742,-1.1065310660518781,0.9852956925875891,-3.0203572712182636,0.7528414416806972,-1.619786527129463e-08
1780319704.503416777,-0.21352214855273033,-1.1084273031618261,0.9881673035833961,-3.02133264861476,0.7488069150181946,-1.619786527129463e-08
1780319704.513548136,-0.21436977154035475,-1.1103211222150442,0.9910314418399038,-3.0223029772829,0.7447760249585718,0.0
1780319704.523452759,-0.21521366372384332,-1.1122130953882614,0.9938889843286542,-3.02326854718251,0.740747519902546,0.0
1780319704.533278942,-0.21605397356237432,-1.1141035599069005,0.996740449251908,-3.024229548175623,0.7367206260669515,0.0
1780319704.543344736,-0.2168907745369637,-1.1159926921069614,0.9995861098959923,-3.025186077212541,0.7326949193918597,0.0
1780319704.553488493,-0.21772409765506673,-1.1178805746431415,1.002426097284821,-3.026138182661928,0.7286701749929575,0.0
1780319704.563522577,-0.21855395057069593,-1.119767234363561,1.0052604579833138,-3.027085894020065,0.7246462781501903,1.306139383908214e-08
1780319704.573399305,-0.2193803259551501,-1.1216526753073293,1.0080892041315581,-3.0280292031125495,0.7206231856468186,1.306139383908214e-08
1780319704.583836079,-0.22020320783638248,-1.1235368724791632,1.0109123043527313,-3.028968110102035,0.7166008961507542,1.306139383908214e-08
1780319704.593787909,-0.22102257302479345,-1.125419786898,1.013729706546592,-3.029902601868877,0.7125794440553621,2.6135439623126974e-08
1780319704.604102850,-0.221838395327417,-1.127301372325249,1.0165413480770245,-3.0308326620149715,0.7085588794104434,2.6135439623126974e-08
1780319704.613521576,-0.22265064616614438,-1.129181576560466,1.019347157776943,-3.0317582715731093,0.7045392651941742,2.6135439623126974e-08
1780319704.623580933,-0.22345929528285335,-1.131060342966772,1.0221470582796917,-3.032679409812923,0.7005206740881865,3.9508309775109806e-08
1780319704.634118557,-0.22426431053051132,-1.132937609893692,1.024940965204903,-3.0335960540039113,0.6965031897455659,3.9508309775109806e-08
1780319704.643961906,-0.2250656573935963,-1.1348133094513901,1.0277287853878194,-3.034508178870505,0.6924869094540697,3.9508309775109806e-08
1780319704.654425144,-0.22586330167639268,-1.1366873737130438,1.030510426141251,-3.035415759651675,0.688471930891727,5.31645782638275e-08
1780319704.664704323,-0.22665720930246813,-1.1385597342316682,1.0332857945398142,-3.0363187718683227,0.6844583531751467,5.31645782638275e-08
1780319704.674028158,-0.2274473436294251,-1.1404303156520896,1.0360547879749293,-3.0372171882663204,0.6804462905800566,5.31645782638275e-08
1780319704.683712959,-0.22823367009424889,-1.142299046629792,1.0388173103535696,-3.03811098409641,0.6764358491578896,6.708838373677448e-08
1780319704.693332434,-0.2290161480845514,-1.1441658404681432,1.0415732434917802,-3.0390001278705165,0.6724271683156067,6.708838373677448e-08
1780319704.703365088,-0.2297947364924422,-1.1460306081361313,1.044322466446103,-3.039884587675387,0.6684203929514015,6.708838373677448e-08
1780319704.713535547,-0.2305693919177525,-1.1478932538818754,1.047064849081992,-3.040764329127534,0.6644156829221445,8.126153864457869e-08
1780319704.723538876,-0.23134007445914406,-1.1497536890947515,1.0498002725075295,-3.0416393219447495,0.6604131832761345,8.126153864457869e-08
1780319704.733479261,-0.23210674116053198,-1.1516118165201021,1.0525286058388943,-3.042509532496962,0.6564130582164319,8.126153864457869e-08
1780319704.743614435,-0.23286934575156693,-1.153467529440091,1.0552497050846803,-3.04337492350964,0.6524154929467848,9.566673581421267e-08
1780319704.753545046,-0.2336278439641859,-1.1553207244839951,1.0579634319842477,-3.0442354600923975,0.6484206661376583,9.566673581421267e-08
1780319704.763820171,-0.23438239390572857,-1.157171794244885,1.0606703738693337,-3.0450913369894255,0.6444276869197889,9.566673581421267e-08
1780319704.773707390,-0.23513334260559127,-1.1590216042947592,1.0633718052065122,-3.0459429630953787,0.6404346407846719,1.1030037366974582e-07
1780319704.783993244,-0.23588092920656933,-1.1608707673966645,1.0660686251432558,-3.0467906247927554,0.6364401541823439,1.1030037366974582e-07
1780319704.793931007,-0.23662531724474078,-1.1627197186945253,1.0687614694497194,-3.047634522705965,0.632443233656944,1.1030037366974582e-07
1780319704.804203987,-0.23736662918127927,-1.1645687983846482,1.071450832437239,-3.0484748109483397,0.6284430881745378,1.2517189681209157e-07
1780319704.814189672,-0.23810485042240792,-1.1664180088358993,1.0741367153684611,-3.049311488411792,0.6244396557814609,1.2517189681209157e-07
1780319704.824402094,-0.23883970582484615,-1.168266696025567,1.0768181680598616,-3.0501442589333005,0.6204342967789412,1.3519201955729434e-07
1780319704.833239317,-0.23957102478453773,-1.1701144597055881,1.0794946128516474,-3.0509729450992253,0.6164278250233287,1.3519201955729434e-07
1780319704.843619585,-0.2402987229645639,-1.1719611123809939,1.0821657827925606,-3.051797467451424,0.612420594972435,1.452769080795791e-07
1780319704.853202581,-0.2410227807380032,-1.1738066288803903,1.0848316467320163,-3.0526178200090612,0.6084126094901826,1.452769080795791e-07
1780319704.863417625,-0.24174320133798055,-1.175651042565713,1.0874922580923294,-3.053434022830866,0.6044037441256987,1.554208777651369e-07
1780319704.873544216,-0.24246000122771783,-1.1774944218283343,1.0901477204532863,-3.0542461111035455,0.6003937977306888,1.554208777651369e-07
1780319704.883589983,-0.2431731970322044,-1.1793368370586226,1.0927981397216593,-3.0550541203417243,0.5963825640606104,1.6561626245621765e-07
1780319704.893929243,-0.24388280583904454,-1.1811783614914342,1.0954436253255448,-3.0558580867367895,0.5923698298840556,1.6561626245621765e-07
1780319704.903951645,-0.244588845919548,-1.18301907317443,1.0980842930082724,-3.0566580479824252,0.5883553706312442,1.758534276698882e-07
1780319704.914065123,-0.24529132587647506,-1.1848590266089811,1.1007202241816443,-3.057454030986805,0.5843390122478341,1.758534276698882e-07
1780319704.923546553,-0.2459902538143508,-1.1866982764045195,1.1033514999766292,-3.058246062269088,0.5803205796908164,1.8612078184024745e-07
1780319704.934617758,-0.24668563214608596,-1.1885368635336349,1.1059781816195864,-3.059034162080339,0.5762999269731901,1.8612078184024745e-07
1780319704.944020748,-0.2473774616318014,-1.1903748257767477,1.108600325458246,-3.0598183489849036,0.5722769144044945,1.9640362971208077e-07
1780319704.954304695,-0.24806574031217288,-1.1922121948047728,1.111217978840162,-3.060598638655947,0.5682514149966923,1.9640362971208077e-07
1780319704.964507818,-0.24875046327548755,-1.1940489954168907,1.113831179089746,-3.061375043614823,0.5642233161793513,2.066826991427332e-07
1780319704.973397970,-0.2494316228475828,-1.1958852458968448,1.1164399540824217,-3.062147573448627,0.5601925190713808,2.066826991427332e-07
1780319704.983756065,-0.25010920761534017,-1.1977209552095216,1.119044318334899,-3.0629162337037994,0.556158944697227,2.1693169516827292e-07
1780319704.993615627,-0.25078320389633646,-1.199556126787698,1.121644278458855,-3.0636810275528426,0.5521225257412697,2.1693169516827292e-07
1780319705.003814936,-0.25145359390790745,-1.2013907533758976,1.1242398259264887,-3.0644419537155474,0.5480832179556124,2.2711378290832172e-07
1780319705.013533115,-0.2521203554429414,-1.2032248158678502,1.1268309355355248,-3.065199006086271,0.5440410028345704,2.2711378290832172e-07
1780319705.023731470,-0.25278346145782216,-1.2050582818601843,1.1294175634881458,-3.0659521732583657,0.5399958909375739,2.3717511875155786e-07
1780319705.033479929,-0.2534428778877471,-1.2068910992159045,1.131999638461933,-3.0667014360306575,0.5359479362660153,2.3717511875155786e-07
1780319705.043640137,-0.2540985597424452,-1.2087231845994841,1.134577045688544,-3.0674467629495505,0.5318972618631057,2.3717511875155786e-07
1780319705.053373098,-0.2547504446933271,-1.2105544045686418,1.1371496007199358,-3.068188102980661,0.5278441020757235,2.5183674414946484e-07
1780319705.064689875,-0.25539844024278846,-1.2123845378620155,1.1397169970592194,-3.068925370847944,0.5237888868019277,2.5183674414946484e-07
1780319705.074810028,-0.2560436164071138,-1.2142166691728784,1.14228355787084,-3.0696598049718378,0.519724710057943,2.5183674414946484e-07
1780319705.084441185,-0.2566953977254949,-1.2160778758868709,1.144887120241166,-3.070402164894388,0.5155913205464293,2.652018321868083e-07
1780319705.093695641,-0.25735178072369624,-1.2179629441444098,1.1475202290950162,-3.071150208528693,0.5114000217409309,2.652018321868083e-07
1780319705.103307009,-0.25800910262606,-1.2198617427717968,1.150168616107758,-3.071899798930271,0.5071731148692457,2.652018321868083e-07
1780319705.114124537,-0.2586650704955922,-1.2217678998130754,1.1528233269935868,-3.0726483540175726,0.502924620661015,2.652018321868083e-07
1780319705.123354197,-0.25931864754061795,-1.2236785767933238,1.1554803699831648,-3.0733947207423955,0.49866073622906054,2.652018321868083e-07
1780319705.133470774,-0.2599692175147421,-1.225592108994026,1.1581374053947269,-3.0741382241725757,0.49438506400775006,2.652018321868083e-07
1780319705.143481970,-0.26061635690909846,-1.2275073643727055,1.160792845327533,-3.074878408478928,0.4901000310948037,2.652018321868083e-07
1780319705.153461218,-0.2612597807152781,-1.2294235976569698,1.1634456463236194,-3.075614975502285,0.48580720922998283,2.652018321868083e-07
1780319705.163631201,-0.2618992848368986,-1.2313402891224303,1.1660950826689176,-3.076347719276976,0.4815076713993572,2.652018321868083e-07
1780319705.173472166,-0.2625347329069214,-1.233257111728073,1.1687406987247557,-3.077076511227541,0.4772020625973074,2.652018321868083e-07
1780319705.183516026,-0.2631660191975307,-1.2351738242721373,1.171382159789262,-3.077801257873487,0.47289083755994016,2.652018321868083e-07
1780319705.193720579,-0.26379306148266846,-1.2370902522460607,1.1740192248778576,-3.078521892756806,0.46857430270446193,2.652018321868083e-07
1780319705.203705311,-0.26441579409799765,-1.2390062685760235,1.1766517195881447,-3.0792383685657447,0.4642526586297259,2.652018321868083e-07
1780319705.213577032,-0.26503412268724524,-1.2409216545266917,1.1792793449312327,-3.079950605062076,0.4599263138195692,2.5375850589136463e-07
1780319705.224387646,-0.26564791436955115,-1.2428360657169844,1.18190163177591,-3.080658477507621,0.45559596310817446,2.5375850589136463e-07
1780319705.234352589,-0.2662570668529751,-1.2447492454646722,1.1845182337235423,-3.0813618961983,0.4512621062040502,2.5375850589136463e-07
1780319705.245260715,-0.2668614986080655,-1.2466609965830644,1.1871288877069992,-3.082060795264073,0.44692511039110855,2.4249251570575284e-07
1780319705.253431082,-0.267461145494428,-1.2485711726429125,1.1897334014626784,-3.0827551288807062,0.4425852294847439,2.4249251570575284e-07
1780319705.263716698,-0.26805603631719155,-1.2504799230634216,1.1923319864110873,-3.083444959065141,0.4382420449206778,2.4249251570575284e-07
1780319705.273506165,-0.26864622895789214,-1.2523874967970485,1.1949249879203376,-3.084130382246437,0.4338949083634406,2.2896813943554706e-07
1780319705.283454657,-0.26923174127184435,-1.2542940202852897,1.1975125831358402,-3.0848114491335585,0.42954344704876224,2.2896813943554706e-07
1780319705.293263912,-0.269812552964245,-1.2561994991126557,1.200094784497922,-3.08548816658551,0.42518756205862623,2.1881949844347795e-07
1780319705.303450108,-0.270388623599195,-1.258103873193475,1.202671515616245,-3.0861605182999585,0.42082730398642737,2.1881949844347795e-07
1780319705.313703299,-0.27095990243420065,-1.2600070471190241,1.2052426529212878,-3.0868284761179923,0.4164628044781398,2.077991926450243e-07
1780319705.323655367,-0.27152633726316466,-1.261908918556471,1.2078080643099633,-3.0874920102705414,0.4120942116196526,2.077991926450243e-07
1780319705.333516359,-0.2720878752253455,-1.263809380690092,1.2103676125027298,-3.0881510902943896,0.407721684475953,1.9592087033900816e-07
1780319705.343768597,-0.27264446737868653,-1.2657083376715823,1.2129211758499743,-3.088805690388595,0.4033453575736564,1.9592087033900816e-07
1780319705.354351997,-0.2731960646671556,-1.2676056911079687,1.215468630089462,-3.0894557846836825,0.3989653719420768,1.831894807880814e-07
1780319705.364428997,-0.27374262487148293,-1.2695013641320028,1.2180098806147341,-3.090101355439589,0.39458181948633625,1.831894807880814e-07
1780319705.373911858,-0.27428410625045174,-1.2713952799483375,1.2205448335572449,-3.090742385582158,0.3901947923268264,1.6960139971720779e-07
1780319705.384090424,-0.27482046829744977,-1.2732873644939255,1.2230733993376175,-3.091378859593313,0.38580437664157063,1.6960139971720779e-07
1780319705.393918037,-0.2753516778853973,-1.2751775684949926,1.2255955220443344,-3.0920107708335705,0.3814106013147953,1.5514561649125006e-07
1780319705.404312134,-0.2758777035610924,-1.2770658479738621,1.228111153226368,-3.0926381148271656,0.377013482875604,1.5514561649125006e-07
1780319705.413313627,-0.2763985126581332,-1.2789521539742488,1.2306202381813238,-3.093260885825313,0.37261304938495515,1.398049585167441e-07
1780319705.423277378,-0.2769140808689494,-1.2808364674707304,1.2331227623330603,-3.0938790882741882,0.3682092588864991,1.398049585167441e-07
1780319705.434090137,-0.27742438025882166,-1.2827187563347717,1.2356186939020681,-3.0944927225191825,0.3638020996194255,1.2355522790870028e-07
1780319705.443283319,-0.2779293846741826,-1.2845989949537824,1.2381080099950466,-3.095101791275679,0.35939154423284225,1.2355522790870028e-07
1780319705.453322172,-0.27842907362594094,-1.2864771792103555,1.2405907163220893,-3.0957063043669755,0.35497751440301817,1.0636516453874751e-07
1780319705.463395119,-0.2789234251783723,-1.2883533004161567,1.243066812599117,-3.0963062701925668,0.3505599417800136,1.0636516453874751e-07
1780319705.474753380,-0.27941241766930247,-1.2902273517277587,1.2455363010428282,-3.096901697807165,0.3461387529239429,8.819753353650722e-08
1780319705.501464128,-0.27989602805084957,-1.2920993217993573,1.2479991780071824,-3.0974925949051704,0.3417138842649115,8.819753353650722e-08
1780319705.514746428,-0.2803742443420676,-1.293969243511162,1.250455497988977,-3.0980789830970865,0.3372851666698373,6.900770473059301e-08
1780319705.530467033,-0.2808470418814588,-1.2958371019829205,1.2529052526233542,-3.098660868891397,0.33285254289332145,6.900770473059301e-08
1780319705.539381504,-0.2813144047548848,-1.297702918083857,1.2553484804440453,-3.0992382699459102,0.32841586990402966,4.874272481575678e-08
1780319705.554543018,-0.28177631619387,-1.299566711424811,1.2577852181688909,-3.0998112033598706,0.3239750062733192,3.818878752366707e-08
1780319705.564621925,-0.2822327607020041,-1.301428509049659,1.26021551204943,-3.1003796883327923,0.3195297913971252,2.734292881835385e-08
1780319705.574531794,-0.2826837182481299,-1.3032883218093847,1.2626393870277062,-3.1009437389468038,0.3150801018608536,1.619571975994361e-08
1780319705.584471464,-0.2831291713837034,-1.3051461749964606,1.2650568867340617,-3.1015033690195386,0.3106257822550373,0.0
1780319705.594880819,-0.2835691043890858,-1.307002094760163,1.2674680557040356,-3.1020586171739106,0.30616665165701107,0.0
1780319705.604592800,-0.28400350130148055,-1.308856129145192,1.2698729666380595,-3.102609474380092,0.30170252220731714,-1.915277181296915e-08
1780319705.614824533,-0.2844323477519639,-1.3107083150780081,1.272271677456016,-3.1031559862728573,0.29723317927511483,-3.1608023753904035e-08
1780319705.624520063,-0.2848556140512821,-1.3125586375688867,1.2746641787013546,-3.1036981516586444,0.29275855956182545,-4.4419904199344273e-08
1780319705.634046793,-0.2852730226481919,-1.3144059762279694,1.2770490351389352,-3.104235655683001,0.28828127496970857,-5.759552212936114e-08
1780319705.644296646,-0.285684310955566,-1.316249222793834,1.2794248363276135,-3.104768196159808,0.28380393102549506,-7.114172895228421e-08
1780319705.653871298,-0.2860893553963164,-1.3180878477985285,1.2817909251136448,-3.105295645388008,0.279327746130736,-8.507464510643103e-08
1780319705.664124727,-0.28648807973251866,-1.3199215136698292,1.2841468949843367,-3.1058179344112005,0.27485348125956466,-9.941098078058985e-08
1780319705.673955441,-0.2868804364886506,-1.321750000127742,1.286492492469012,-3.106335030022035,0.2703816175425357,-1.1416811940279104e-07
1780319705.684006214,-0.2872663955460286,-1.3235731577528504,1.288827556512726,-3.1068469205674916,0.2659124670821806,-1.2936420290543538e-07
1780319705.694076061,-0.2876459370652027,-1.3253908786558801,1.2911519802721991,-3.107353607075167,0.2614462431959275,-1.4501825962298653e-07
1780319705.704433918,-0.2880190471138704,-1.3272030779474022,1.2934656870496974,-3.1078550977173256,0.2569831049871869,-1.6115031264973823e-07
1780319705.714190245,-0.2883857149082658,-1.3290096816421926,1.2957686146494598,-3.1083514042628995,0.25252318662806444,-1.777814686576562e-07
1780319705.724329948,-0.28874593109978264,-1.3308106187754785,1.2980607052376727,-3.108842539820974,0.24806661661714938,-1.9493414704641054e-07
1780319705.734200001,-0.28909968670881003,-1.332605816123019,1.3003418986038957,-3.1093285173823233,0.24361353084453707,-2.126319387230069e-07
1780319705.744457006,-0.28944697248046225,-1.3343951946243715,1.3026121276450242,-3.109809348879643,0.23916408160698197,-2.3090002265746534e-07
1780319705.754440069,-0.289787777436068,-1.336178661221055,1.3048713080879957,-3.110285043072272,0.2347184582002137,-2.4976509127583313e-07
1780319705.765223980,-0.2901220925891259,-1.3379561275758007,1.3071193622801782,-3.1107556106171064,0.2302768405655993,-2.6925525098420167e-07
1780319705.774894238,-0.29044990552602457,-1.3397274808565118,1.3093561822725468,-3.1112210563676443,0.22583947248026714,-2.8940071761240915e-07
1780319705.784947395,-0.29077120569938497,-1.3414926109172356,1.311581664298157,-3.1116813866713957,0.22140659403888777,-3.1023336877211705e-07
1780319705.793874264,-0.29108597427148997,-1.3432513531888155,1.313795636903097,-3.112136594610306,0.21697858560770325,-3.3178745617590266e-07
1780319705.804307461,-0.29139419574524794,-1.345003550480918,1.3159979390884653,-3.1125866763403836,0.2125558134534548,-3.54098767196831e-07
1780319705.813969374,-0.2916958523798865,-1.3467490208904547,1.3181883799860283,-3.113031622858705,0.20813871092569985,-3.7720565870813516e-07
1780319705.823965073,-0.29199082990796743,-1.3484869947330314,1.3203660341183214,-3.113471278329473,0.20372920982610807,-4.0114918586908743e-07
1780319705.834050894,-0.2922791537509468,-1.3502174899942663,1.3225309664917726,-3.113905689711127,0.19932725663853954,-4.2599118010855364e-07
1780319705.844096661,-0.2925610458967389,-1.3519417391062118,1.3246847576358225,-3.1143352050489645,0.1949296967101285,-4.517844907070412e-07
1780319705.854111910,-0.2928366602406651,-1.3536606424786717,1.3268285646869642,-3.1147600810173257,0.19053419299590407,-4.785824083697321e-07
1780319705.864179134,-0.2931060989888099,-1.3553748414553404,1.32896321542158,-3.115180503992238,0.1861390492650193,-5.064425003808992e-07
1780319705.874127626,-0.2933694295128735,-1.3570848029015679,1.3310893158691905,-3.115596613077129,0.18174300064786142,-5.354264462908986e-07
1780319705.884505033,-0.2936266948117776,-1.3587908714186652,1.333207316776621,-3.1160085143526888,0.17734508446434094,-5.656000041653897e-07
1780319705.894654751,-0.29387792017715597,-1.3604933021608758,1.3353175554373882,-3.1164162898898584,0.1729445592283522,-5.970325025472789e-07
1780319705.904700994,-0.2941231175366674,-1.362192281623157,1.3374202822623937,-3.1168200035335447,0.16854085359939322,-6.297959869172587e-07
1780319705.914968729,-0.2943622883095509,-1.3638879404962312,1.3395156773133206,-3.117219704582689,0.1641335351787099,-6.639636103145108e-07
1780319705.925533533,-0.294595425200856,-1.3655803604353824,1.3416038591823987,-3.1176154299043146,0.15972229470464042,-6.9960656823298e-07
1780319705.934651613,-0.29482251312609975,-1.3672695751580672,1.3436848868112177,-3.1180072046600387,0.15530694485667132,-7.367888805731582e-07
1780319705.944556952,-0.29504349541721986,-1.3689553032959,1.3457584315905422,-3.118394981563169,0.1508881232388814,-7.755557156485793e-07
1780319705.953999519,-0.29525776515989843,-1.370632870380394,1.3478187756707203,-3.1187777172241016,0.146478040406878,-8.159031059662425e-07
1780319705.964234114,-0.29546555033315425,-1.3723038945200141,1.3498679469196957,-3.1191558212966397,0.14207243467511718,-8.579316927992409e-07
1780319705.973936319,-0.29566791307363705,-1.3739771729431247,1.3519167444702445,-3.1195312957974126,0.13764798434934258,-9.01534794373049e-07
1780319705.984321594,-0.295865397401359,-1.3756580757840826,1.353971714768543,-3.1199053185621892,0.13319019237501414,-9.452445794977393e-07
1780319705.994175434,-0.2960565059091653,-1.377334469545823,1.3560180142960987,-3.120275182435783,0.12873101339219922,-9.862458716369815e-07
1780319706.004403114,-0.29624109468607784,-1.3790051172411886,1.3580541611348391,-3.1206406429337368,0.12427367291435787,-1.0241900714191843e-06
1780319706.014391184,-0.2964185607749137,-1.3806642537757012,1.3600731765801055,-3.1210004856739224,0.1198335739085966,-1.0601061548598523e-06
1780319706.024973392,-0.296589092746796,-1.382313096768777,1.362076602591359,-3.1213550318848964,0.11540753841363062,-1.0967552181995188e-06
1780319706.034610510,-0.2967535548367737,-1.3839599227791552,1.3640745290212397,-3.1217060940761514,0.11097331213426216,-1.1348852089199113e-06
1780319706.045209169,-0.2969123181052806,-1.3856090429371575,1.3660721845152928,-3.1220545892972194,0.1065190917923511,-1.1749557966567181e-06
1780319706.054368019,-0.2970654793771299,-1.3872624487438818,1.3680719623320203,-3.122400918827349,0.10203921924164076,-1.2174400039199895e-06
1780319706.064805746,-0.2972129825002643,-1.3889207327431228,1.370074552754163,-3.1227451798880512,0.09753177012561982,-1.2628513044177225e-06
1780319706.075204372,-0.2973546976021506,-1.3905837362662892,1.3720797364818456,-3.1230873112644257,0.09299684364628832,-1.3117698580700221e-06
1780319706.084007502,-0.29749046368027976,-1.392250909720702,1.3740868250545875,-3.123427173408802,0.08843560804609024,-1.3648725563086828e-06
1780319706.094006538,-0.29762011239581554,-1.3939215273770076,1.376094922511544,-3.1237645952775375,0.0838497280119967,-1.4229689559996928e-06
1780319706.104003191,-0.2977434793002365,-1.3955947931627186,1.3781030539437802,-3.1240993970469395,0.07924108166304561,-1.4870439795089396e-06
1780319706.114060163,-0.29786041059175616,-1.3972699156477475,1.3801102559669445,-3.1244314055371047,0.0746115572372579,-1.5583212524816759e-06
1780319706.123893499,-0.29797076592165705,-1.3989461485359573,1.3821156251055589,-3.1247604620300216,0.06996294145113108,-1.6383373546702273e-06
1780319706.134260178,-0.2980744197855918,-1.400622823977816,1.384118357143297,-3.1250864281872475,0.06529682554137807,-1.7290618012921755e-06
1780319706.144105434,-0.298171261686182,-1.4022993790434146,1.3861177779386902,-3.125409190193074,0.060614528447993504,-1.8330973610147794e-06
1780319706.154217482,-0.29826119351861724,-1.4039753420672634,1.3881133261917125,-3.1257286549259073,0.055917130964780536,-1.95392985435916e-06
1780319706.164257765,-0.2983441270421725,-1.4056503150550475,1.3901045316841154,-3.1260447453786284,0.051205521772770546,-2.0963413778218865e-06
1780319706.174186945,-0.298419981995103,-1.40732396204581,1.392091000780024,-3.126357397128865,0.04648042779670368,-2.26707841743945e-06
1780319706.184557915,-0.2984886844727397,-1.4089959978025979,1.3940724024463345,-3.126666554539575,0.041742444689417874,-2.4759810424157536e-06
1780319706.194527864,-0.2985501656405045,-1.4106661788757728,1.3960484572057243,-3.1269721666451114,0.03699206206030409,-2.7379863514198632e-06
1780319706.204088211,-0.29860436108857336,-1.4123343092063934,1.3980189433528185,-3.127274183951081,0.03222964946834242,-3.0769416854425913e-06
1780319706.214459896,-0.29865120927360245,-1.4140002172128616,1.3999836695022723,-3.127572546101914,0.027455527993837114,-3.5333982664198516e-06
1780319706.224174023,-0.2986906512813663,-1.4156637674043129,1.4019424880187483,-3.12786716594089,0.022669954089026275,-4.182367818295063e-06
1780319706.235124826,-0.2987226316839475,-1.4173249556092076,1.4038954065371412,-3.1281578992705805,0.0178728905904964,-5.179853912906651e-06
1780319706.245150089,-0.2987470982839193,-1.4189841242934937,1.405842839254359,-3.128444430718907,0.01306353011439755,-6.912958929738977e-06
1780319706.255159616,-0.2987639937995814,-1.4206419180245486,1.4077855515309006,-3.128725584305732,0.008241111847854657,-1.067845585467353e-05
1780319706.264706612,-0.29877325615276007,-1.422301564427995,1.4097273235627028,-3.1289932301355097,0.003404971045843843,-2.515880997044917e-05
1780319706.274388075,-0.29877481929007565,-1.4239248035520493,1.4116234869497484,-3.1293489475220544,-0.0014452908640354423,5.763374058814484e-05
1780319706.284776449,-0.29876861460640214,-1.4255914909374656,1.4135673050626274,-3.129581265979901,-0.006310135911200554,1.2820881066535142e-05
1780319706.294049978,-0.2987545706381072,-1.427242585859152,1.415489839800615,-3.1298468987759978,-0.011190032042411424,7.0132542462701295e-06
1780319706.304000378,-0.298732613149836,-1.4288907379516296,1.417405872354161,-3.1301124932502256,-0.01608542538300206,4.726644288013616e-06
1780319706.314026833,-0.2987026651507305,-1.4305368763565705,1.4193164960826046,-3.1303757558476013,-0.020996761579489487,3.5032787133653123e-06
1780319706.323890209,-0.2986646468849923,-1.432181268752828,1.4212220315106208,-3.130636137373962,-0.02592448601782049,2.741117703797564e-06
1780319706.334488392,-0.29861847579660505,-1.4338240448957595,1.4231226377260302,-3.1308934475088455,-0.03086904638983956,2.220508470416777e-06
1780319706.344305754,-0.29856407458423195,-1.4354650630149193,1.425018159468054,-3.131147573538146,-0.035830206401372244,1.8422261430187103e-06
1780319706.354254723,-0.29850140776767375,-1.4371031816683848,1.4269072906043156,-3.1313982994729908,-0.04080473600985268,1.554970728335486e-06
1780319706.363999367,-0.29843045760401044,-1.438737347722995,1.4287888350581521,-3.131645453064745,-0.04578964198401003,1.3294375989073624e-06
1780319706.374109745,-0.2983512099773904,-1.4403668383156267,1.4306619838717098,-3.1318889302457165,-0.050782903978588756,1.1476542846804946e-06
1780319706.384315252,-0.29826365284692624,-1.4419911433192567,1.4325261773336302,-3.1321286698062765,-0.05578312808328434,9.97995961507917e-07
1780319706.394732237,-0.29816777541722406,-1.4436098927127663,1.4343810198323976,-3.1323646383084958,-0.0607893329355953,8.72615510191794e-07
1780319706.405327320,-0.29806356756988883,-1.4452228125282218,1.4362262281889182,-3.1325968210552135,-0.06580082031520718,7.660273271443723e-07
1780319706.414940119,-0.29795101973881444,-1.446829693003032,1.438061594411121,-3.1328252158675167,-0.07081708105240914,6.742823451133065e-07
1780319706.424998522,-0.2978301226973503,-1.4484303703496462,1.4398869643205316,-3.1330498294396563,-0.07583774150869882,5.944660692429907e-07
1780319706.433949947,-0.29770086745305946,-1.450024713905374,1.4417022225032416,-3.13327067482274,-0.08086252577488029,5.243811485658636e-07
1780319706.444211960,-0.29756324522960576,-1.451612616751187,1.4435072813443792,-3.133487769632917,-0.085891227945182,4.6233987612775255e-07
1780319706.454656601,-0.2974172473178367,-1.4531939907903997,1.4453020752246142,-3.1337011350296513,-0.09092369791103838,4.0702463393538333e-07
1780319706.463932753,-0.29726286522474776,-1.4547687603685215,1.447086553119978,-3.1339107945994438,-0.09595982212597765,3.5739169209870146e-07
1780319706.473923683,-0.2971000906971497,-1.4563368590051713,1.4488606747899628,-3.1341167737449696,-0.1009995138723152,3.1260411954417663e-07
1780319706.484176636,-0.2969289155681203,-1.4578982286326587,1.4506244098309165,-3.1343190994505084,-0.10604271138168997,2.719824145790563e-07
1780319706.493920088,-0.2967493322999646,-1.4594528131217057,1.4523777303003738,-3.1345177993458506,-0.11108935733037661,2.349697497932261e-07
1780319706.504118919,-0.29656133473605273,-1.4610005519398914,1.4541206035598,-3.134712900862669,-0.11613937815450015,2.0110385360192604e-07
1780319706.513984680,-0.29636493708661504,-1.4625412358398826,1.4558528301817537,-3.134904413435457,-0.12119220907942996,1.6999791163865192e-07
1780319706.524070978,-0.2961601656697237,-1.4640746006995577,1.457574150501659,-3.135092341198701,-0.12624709146124236,1.4132924801636638e-07
1780319706.534166813,-0.29594704374282355,-1.465600446432946,1.4592843782536595,-3.1352766976976825,-0.13130346266827075,1.1482383552488229e-07
1780319706.544293880,-0.29572559227723083,-1.4671186194464365,1.4609833803779566,-3.135457503231942,-0.13636090253007627,9.024775479846913e-08
1780319706.554449797,-0.2954958315414684,-1.4686289937817465,1.4626710555500444,-3.1356347822332085,-0.14141907371342288,6.73996584823528e-08
1780319706.565094471,-0.29525777979908785,-1.4701314743002056,1.4643473374811793,-3.135808563377636,-0.1464777346270374,4.6106144122566054e-08
1780319706.574417114,-0.295011456003075,-1.4716259752106495,1.4660121707440106,-3.1359788768776666,-0.15153666907453722,2.6216288340165027e-08
1780319706.584716558,-0.2947568787608539,-1.4731124272323868,1.4676655186460321,-3.136145747683939,-0.15659570233250797,0.0
1780319706.595160723,-0.2944940665076814,-1.474590757775836,1.469307341088148,-3.13630924042173,-0.16165469135736998,0.0
1780319706.605843782,-0.2942230378374697,-1.4760609311006831,1.4709376390841984,-3.1364693400273813,-0.16671351387152988,-2.626575934527864e-08
1780319706.615152597,-0.2939438054035399,-1.4775229179438707,1.4725564208434287,-3.136626120587956,-0.1717721741632623,-4.1703127173775556e-08
1780319706.624660730,-0.293656398693118,-1.478976623613291,1.4741636222739123,-3.136779602891642,-0.17683039003049839,-5.625298449274396e-08
1780319706.634486437,-0.29336083661550383,-1.4804220135080923,1.4757592459811797,-3.136929824073628,-0.1818880945231145,-6.998560131421527e-08
1780319706.644214153,-0.2930571392657839,-1.481859051909849,1.477343293347326,-3.13707682117143,-0.186945213951061,-8.29636643828735e-08
1780319706.654481888,-0.29274532827976696,-1.483287700666203,1.478915763088638,-3.1372206309972688,-0.1920016630089103,-9.524318400622178e-08
1780319706.663946867,-0.2924254268638533,-1.4847079195465556,1.480476651662169,-3.137361290187975,-0.19705734570038835,-1.0687456786229177e-07
1780319706.674002886,-0.29209745969149115,-1.4861196671138117,1.4820259542344787,-3.1374988353016016,-0.20211215814795036,-1.1790299048186625e-07
1780319706.683991671,-0.2917614502225474,-1.4875229120577345,1.4835636770975862,-3.1376333039003614,-0.2071660292912041,-1.2836805840521492e-07
1780319706.693975210,-0.29141730163944857,-1.4889181075315694,1.4850903562471502,-3.1377647788049083,-0.21222064543942754,-1.2836805840521492e-07
1780319706.703818321,-0.291064801990057,-1.4903061023489936,1.4866069565893956,-3.137893376076085,-0.21727917823743947,-1.4770350453829906e-07
1780319706.714016199,-0.2907037984458478,-1.4916874267570082,1.4881140901525316,-3.1380191774615023,-0.2223437032020854,-1.4770350453829906e-07
1780319706.724094391,-0.2903341835232105,-1.4930623841239878,1.489612118469831,-3.138142241096025,-0.22741550605651462,-1.6512550971015116e-07
1780319706.734237432,-0.28995587322541905,-1.494431157936626,1.491101270710038,-3.138262612634831,-0.23249545710399033,-1.6512550971015116e-07
1780319706.744140863,-0.28956882508630066,-1.495793764061002,1.4925815928027162,-3.1383803221166047,-0.23758381972306353,-1.808599243702247e-07
1780319706.754151106,-0.2891729952294222,-1.4971502173385058,1.494053129347528,-3.138495399277389,-0.24268085944658857,-1.808599243702247e-07
1780319706.764143467,-0.2887683413916742,-1.498500521564237,1.4955159127742774,-3.1386078727317654,-0.2477868060503834,-1.950911263648436e-07
1780319706.774356127,-0.28835483258996764,-1.499844639694051,1.4969699312221656,-3.1387177676446876,-0.2529017387071537,-1.950911263648436e-07
1780319706.784195423,-0.2879324393451199,-1.5011825294391512,1.4984151672746264,-3.138825108871459,-0.25802571791245477,-2.0796932265199075e-07
1780319706.794307947,-0.2875011317832348,-1.5025141496805166,1.4998516049108441,-3.138929921494993,-0.26315880967931893,-2.0796932265199075e-07
1780319706.804777861,-0.28706088599245394,-1.503839441410788,1.5012792089787141,-3.13903222935648,-0.26830101152221086,-2.1961849405727207e-07
1780319706.814531803,-0.286611679074273,-1.5051583442600975,1.5026979430905254,-3.1391320564251557,-0.27345231493215216,-2.1961849405727207e-07
1780319706.824922323,-0.2861534890447377,-1.506470796979663,1.5041077701478558,-3.1392294268395986,-0.2786127070616695,-2.3014115235753252e-07
1780319706.835287094,-0.2856862947847967,-1.5077767377280766,1.5055086526504595,-3.1393243649302334,-0.28378217169291187,-2.3014115235753252e-07
1780319706.845190525,-0.2852100760313423,-1.5090761042130323,1.5069005528476977,-3.1394168952289085,-0.288960689666224,-2.3014115235753252e-07
1780319706.853917837,-0.28472481749740375,-1.5103688229475276,1.508283421252017,-3.1395070417262456,-0.29414819549268234,-2.4399177611655887e-07
1780319706.864107609,-0.2842304943665974,-1.5116548479027543,1.5096572379794388,-3.139594830559119,-0.2993447324448839,-2.4399177611655887e-07
1780319706.874686718,-0.2837270902030502,-1.5129341124404538,1.5110219612998659,-3.139680286628626,-0.30455026007738084,-2.4399177611655887e-07
1780319706.883955717,-0.2832146268576894,-1.5142064582753063,1.512377452154524,-3.1397634291532466,-0.3097643590774757,-2.5570738237945534e-07
1780319706.893922567,-0.2826932116514076,-1.5154715327652681,1.5137233656136184,-3.139844265838427,-0.31498579215755385,-2.5570738237945534e-07
1780319706.904219151,-0.28216294651048646,-1.5167290241771108,1.515059402049848,-3.139922808784067,-0.3202134558433265,-2.5570738237945534e-07
1780319706.914056301,-0.2816239222976096,-1.5179786710924335,1.5163853167904158,-3.139999074731157,-0.32544642469374274,-2.5570738237945534e-07
1780319706.924430132,-0.2810759657137165,-1.5192208250785866,1.5177015155472977,-3.1400731178276855,-0.3306863400825115,-2.6827564614251287e-07
1780319706.934350252,-0.28051866896257494,-1.52045631912954,1.519008910952764,-3.140145017715532,-0.3359369447744296,-2.6827564614251287e-07
1780319706.944300413,-0.2799517756469978,-1.5216855863470187,1.520307988461018,-3.1402148267501753,-0.34120037475836185,-2.6827564614251287e-07
1780319706.954366922,-0.2793751094516663,-1.5229088500264663,1.5215990096820533,-3.1402825832518366,-0.3464779219162448,-2.6827564614251287e-07
1780319706.964410782,-0.2787885440995721,-1.524126206287261,1.5228821009035212,-3.1403483173976956,-0.35177036253623317,-2.6827564614251287e-07
1780319706.974529505,-0.2781918364277969,-1.5253379720418678,1.5241576200209486,-3.140412070184316,-0.3570794679900562,-2.7889018028304235e-07
1780319706.985463142,-0.27758436254258356,-1.5265451795243656,1.5254266745474643,-3.1404739169093316,-0.3624102366756343,-2.7889018028304235e-07
1780319706.994941473,-0.2769654025573969,-1.527748950801179,1.5266904604803446,-3.1405339315407517,-0.3677682287982309,-2.7889018028304235e-07
1780319707.004787683,-0.2763339758551391,-1.5289507940136629,1.5279505721356714,-3.140592200321027,-0.3731609259621713,-2.7889018028304235e-07
1780319707.015487194,-0.2756855807268517,-1.5301585651088967,1.5292152380394517,-3.1406490960698075,-0.37862489651519926,-2.7889018028304235e-07
1780319707.025109291,-0.2750115806435778,-1.5313868814489435,1.5304997091544157,-3.140705252873171,-0.38422893629330623,-2.7889018028304235e-07
1780319707.035176516,-0.2743141494315493,-1.532629976223233,1.5317978807950294,-3.140760333039051,-0.3899500671462377,-2.7889018028304235e-07
1780319707.043885946,-0.2736047766058487,-1.5338664342658523,1.5330873717078204,-3.140813370737746,-0.3956915666917542,-2.7889018028304235e-07
1780319707.053944826,-0.27288853222955023,-1.5350874798340524,1.534359076083605,-3.1408640346940597,-0.4014127035988784,-2.687948308377486e-07
1780319707.063946009,-0.2721664937172772,-1.5362916765641534,1.5356115652989828,-3.1409123324071277,-0.4071061158453464,-2.687948308377486e-07
1780319707.074189901,-0.2714389954859273,-1.5374789190517735,1.5368447993671552,-3.140958329271694,-0.41277055080172786,-2.687948308377486e-07
1780319707.084210396,-0.27070600986545834,-1.5386496938301502,1.5380593515761831,-3.1410021120243683,-0.418407573962873,-2.5364466615940273e-07
1780319707.094201565,-0.2699673443075188,-1.5398047128234484,1.5392560250430414,-3.1410437718427815,-0.4240199102659137,-2.5364466615940273e-07
1780319707.104151487,-0.26922273116680007,-1.5409447530987705,1.540435685623441,-3.1410833975029138,-0.42961070781577604,-2.428840017998368e-07
1780319707.114286661,-0.2684718561769186,-1.5420706064676901,1.5415992095648516,-3.14112107342852,-0.435183306103351,-2.428840017998368e-07
1780319707.124325275,-0.26771435136319965,-1.5431830865805374,1.542747490860197,-3.1411568799536567,-0.4407412796888961,-2.317911471649836e-07
1780319707.134373665,-0.26694974969467555,-1.5442830894277009,1.5438815035681122,-3.141190895138774,-0.4462887550564991,-2.317911471649836e-07
1780319707.145442247,-0.266177659319208,-1.5453713398723927,1.5450020405915414,-3.141223187015931,-0.45182913967072214,-2.2048846393118993e-07
1780319707.154914618,-0.2653977463718302,-1.5464484299159462,1.5461097541829785,-3.141253815829331,-0.45736528442445046,-2.2048846393118993e-07
1780319707.164472103,-0.2646097939949934,-1.5475147508670624,1.54720508721282,-3.14128283313487,-0.4628991025662259,-2.0907601872011128e-07
1780319707.174663782,-0.2638135313247556,-1.548570736140591,1.5482885234165693,-3.1413102892467797,-0.4684328021367943,-2.0907601872011128e-07
1780319707.184766769,-0.2630087910103711,-1.5496166531768072,1.5493603740750996,-3.1413362280013906,-0.47396779392385113,-1.9763550440643485e-07
1780319707.195391655,-0.26219540736034475,-1.5506527469797593,1.5504209258880786,-3.1413606910899365,-0.47950542257156403,-1.9763550440643485e-07
1780319707.204028368,-0.2613732292786688,-1.5516792254510552,1.5514704261492498,-3.141383717900873,-0.4850468836981019,-1.8623148712038073e-07
1780319707.213887691,-0.26054212650466635,-1.5526962546397955,1.5525090781405613,-3.1414053456637987,-0.4905931902969751,-1.8623148712038073e-07
1780319707.224158525,-0.2597019861115424,-1.553703966269735,1.553537049069641,-3.1414256098597853,-0.4961452050503601,-1.7491435588823379e-07
1780319707.235370159,-0.2588527097550344,-1.5547024636817284,1.5545544763348773,-3.1414445445439907,-0.5017036657946505,-1.7491435588823379e-07
1780319707.245534658,-0.2579941924646718,-1.5556918482819508,1.5555614946042209,-3.1414621829762437,-0.5072693285541972,-1.6372313282886353e-07
1780319707.255358219,-0.2571263663253216,-1.5566721704041235,1.5565581859059232,-3.1414785568491506,-0.5128426877241941,-1.6372313282886353e-07
1780319707.265536308,-0.25624917946123293,-1.5576434569109434,1.5575446079385966,-3.141493696997366,-0.5184241214459906,-1.5268779929300536e-07
1780319707.275494576,-0.25536258352189734,-1.5586057266548021,1.558520809881277,-3.1415076337464845,-0.5240139755862518,-1.5268779929300536e-07
1780319707.285632610,-0.25446652861157126,-1.559558996382206,1.559486838419862,-3.141520397034705,-0.5296125968499252,-1.4183100471854004e-07
1780319707.295417786,-0.2535609631460103,-1.5605032808821235,1.560442737910536,-3.141532016428688,-0.5352203337457606,-1.4183100471854004e-07
1780319707.306477070,-0.2526458473253044,-1.5614385793383532,1.5613885365981734,-3.141542520988897,-0.5408374542895107,-1.311691830707673e-07
1780319707.316464663,-0.25172117117955395,-1.562364858773618,1.5623242299850537,-3.1415519391948123,-0.5464640402590133,-1.311691830707673e-07
1780319707.326062679,-0.2507869012701427,-1.563282108903846,1.5632498363242138,-3.141560299582962,-0.5521003153891417,-1.2071410715464026e-07
1780319707.335981607,-0.24984301089803562,-1.564190311074908,1.5641653652007335,-3.14156763039259,-0.5577464594985315,-1.2071410715464026e-07
1780319707.345462084,-0.24888948155058888,-1.5650894376257192,1.565070816932393,-3.1415739596025722,-0.5634026018477201,-1.1047383008389033e-07
1780319707.355311632,-0.24792630371736823,-1.5659794519527779,1.5659661826783973,-3.1415793149758042,-0.5690688185006172,-1.1047383008389033e-07
1780319707.365363836,-0.24695346751093972,-1.5668603177602174,1.5668514537729832,-3.141583724142377,-0.5747451890361237,-1.0045351395149282e-07
1780319707.375155449,-0.24597096270106622,-1.5677319989802658,1.567726621640322,-3.1415872145946944,-0.5804317962440386,-1.0045351395149282e-07
1780319707.385528326,-0.2449788060457232,-1.568594436213873,1.5685916541707554,-3.14158981362251,-0.5861285697235417,-1.0045351395149282e-07
1780319707.395319223,-0.24397694334141562,-1.5694476316416255,1.569446580872345,-3.1415915485533277,-0.5918358477134662,-8.584141486522867e-08
1780319707.405482531,-0.24296537957007303,-1.5702915353664366,1.570291378845015,-3.1415924463848612,-0.5975536284942944,-8.584141486522867e-08
1780319707.415258169,-0.24194412488223627,-1.5711260942242387,1.5711260218211165,-3.141592534013997,-0.6032818853039634,-8.584141486522867e-08
1780319707.425385952,-0.24091318634695913,-1.5719512586947335,1.5719504870771506,-3.1415918382380577,-0.6090206130409097,-7.173318206099566e-08
1780319707.435739756,-0.23987256077623442,-1.5727669881494455,1.572764760647235,-3.141590385720089,-0.6147698669527637,-7.173318206099566e-08
1780319707.445611715,-0.23882226887308722,-1.5735732240308318,1.5735688105410743,-3.1415882030281614,-0.6205295738450518,-7.173318206099566e-08
1780319707.455415249,-0.23776230411246413,-1.5743699297410103,1.5743626265467812,-3.141585316548608,-0.6262998140480178,-5.812629932933078e-08
1780319707.465830326,-0.23669267226265944,-1.5751570596541438,1.5751461892926677,-3.141581752536262,-0.6320806030584674,-5.812629932933078e-08
1780319707.476028204,-0.23561338211224303,-1.5759345666562856,1.5759194777788017,-3.1415775371057864,-0.6378719434563642,-5.812629932933078e-08
1780319707.486188650,-0.23452445151783952,-1.5767023981117703,1.576682465372119,-3.141572696260532,-0.6436737932593779,-4.501459827110921e-08
1780319707.495696545,-0.23342588991451318,-1.5774605084306508,1.577435132296741,-3.141567255814981,-0.6494861596887009,-4.501459827110921e-08
1780319707.505818129,-0.23231768304295208,-1.5782088685847047,1.5781774750335444,-3.1415612412789815,-0.6553091774513353,-4.501459827110921e-08
1780319707.516183138,-0.23119984527723325,-1.5789474301510573,1.5789094706235238,-3.1415546781169295,-0.6611428322758064,-3.238981971520616e-08
1780319707.525542498,-0.23007239997068307,-1.579676139924116,1.5796310912090925,-3.141547591677767,-0.666987067482192,-3.238981971520616e-08
1780319707.535306454,-0.2289353540942125,-1.5803949563489743,1.5803423203012135,-3.1415400070278205,-0.6728419155428149,-3.238981971520616e-08
1780319707.546110153,-0.2277887581854685,-1.5811038116683207,1.5810431153191105,-3.141531949344563,-0.6787071894944079,-2.0242850951035507e-08
1780319707.555325747,-0.2266325715276558,-1.5818026954419357,1.5817334901590792,-3.1415234429647816,-0.6845831730094121,-2.0242850951035507e-08
1780319707.565437555,-0.22546679921132817,-1.582491568214068,1.5824134297824415,-3.1415145123063377,-0.6904699154332326,-2.0242850951035507e-08
1780319707.575234890,-0.22429147048016507,-1.5831703746752366,1.5830829033024274,-3.1415051883627676,-0.6963673475742791,0.0
1780319707.585473537,-0.22310660725966436,-1.5838390730034098,1.5837418929441431,-3.141495479115569,-0.7022754418478492,0.0
1780319707.595611811,-0.22191222255949228,-1.584497618283459,1.5843903776664012,-3.1414854180027305,-0.7081942188690977,0.0
1780319707.605601549,-0.22070833130199308,-1.5851459684512026,1.5850283390149937,-3.1414750286344995,-0.7141236928116594,0.0
1780319707.615330458,-0.2194949386986842,-1.5857840870661821,1.5856557638323074,-3.1414643342939863,-0.7200639283436745,0.0
1780319707.625511169,-0.21827205763638347,-1.5864119338520108,1.586272634941284,-3.141453358080498,-0.7260149547824959,0.0
1780319707.635755301,-0.21703970628434632,-1.5870294628296229,1.5868789293226941,-3.141442132940937,-0.7319767786964997,1.3425556704777646e-08
1780319707.645554543,-0.21579790685626676,-1.5876366363097851,1.5874746318533206,-3.141430663997398,-0.7379493905119325,1.3425556704777646e-08
1780319707.655820847,-0.21454666007702183,-1.588233418808473,1.5880597293088647,-3.14141898090251,-0.7439328867301871,1.3425556704777646e-08
1780319707.665540695,-0.2132859791990933,-1.5888197714065475,1.5886342048279778,-3.1414071057147352,-0.749927305646132,2.3753029083840218e-08
1780319707.676160574,-0.21201587892151164,-1.5893956548361023,1.5891980409400395,-3.14139506023198,-0.7559326812543752,2.3753029083840218e-08
1780319707.686335564,-0.21073638014830287,-1.5899610274580676,1.5897512175835404,-3.1413828660324645,-0.7619490210696878,2.3753029083840218e-08
1780319707.696305752,-0.20944747860794166,-1.5905158589138546,1.5902937254529173,-3.1413705441697064,-0.767976453210224,2.3753029083840218e-08
1780319707.706173658,-0.20814919169390933,-1.5910601093028767,1.5908255456181368,-3.141358115614915,-0.7740150058866551,3.684751679169126e-08
1780319707.715160608,-0.20684153135763594,-1.5915937412894836,1.591346661369324,-3.141345600994448,-0.7800647351736059,3.684751679169126e-08
1780319707.725592613,-0.2055245512016226,-1.5921167013292479,1.591857039887917,-3.1413330210349706,-0.7861255081347078,3.684751679169126e-08
1780319707.735145330,-0.20419819722978705,-1.592628978734675,1.5923566898817658,-3.141320395132005,-0.7921976892443423,3.684751679169126e-08
1780319707.745378733,-0.20286252956421347,-1.5931305177828516,1.5928455758065025,-3.1413077434650414,-0.7982811203912412,4.9182877129290125e-08
1780319707.755603075,-0.20151754147303347,-1.593621288876677,1.5933236872953842,-3.1412950852636135,-0.8043759521951053,4.9182877129290125e-08
1780319707.765790939,-0.2001638715876073,-1.5941010362660784,1.593790793518889,-3.1412824454458455,-0.8104794329688163,4.9182877129290125e-08
1780319707.775434256,-0.19880216571098863,-1.5945695275752225,1.594246686538152,-3.141269848450124,-0.8165888362548568,4.9182877129290125e-08
1780319707.785940409,-0.19743275595815568,-1.5950266588658781,1.5946912833653795,-3.1412573152283514,-0.8227028881525973,6.075868439685569e-08
1780319707.795894146,-0.19605579624813796,-1.5954723949225738,1.5951245675753956,-3.141244864572221,-0.8288211308915425,6.075868439685569e-08
1780319707.805374146,-0.19467136836952115,-1.595906727288341,1.5955465483611346,-3.141232514132595,-0.8349434351222431,6.075868439685569e-08
1780319707.816136837,-0.19327950087285561,-1.5963296649347232,1.5959572514067004,-3.141220280622927,-0.841069909121904,6.075868439685569e-08
1780319707.826084137,-0.19188026355851218,-1.596741204292961,1.596356689764838,-3.1412081806657457,-0.847200480250204,7.158294158731036e-08
1780319707.837149143,-0.19047369509872247,-1.597141351481052,1.5967448854447002,-3.141196230152792,-0.8533352140214019,7.158294158731036e-08
1780319707.845797300,-0.18905989894965902,-1.5975300948713818,1.5971218427955511,-3.1411844450618505,-0.859473895463239,7.158294158731036e-08
1780319707.855737686,-0.18763888751719726,-1.597907448773337,1.597487590875252,-3.141172840141791,-0.8656167074433654,7.158294158731036e-08
1780319707.865884781,-0.1862107590986657,-1.5982734046238658,1.5978421361175013,-3.1411614303901167,-0.8717634620497066,8.167472888338112e-08
1780319707.875198841,-0.1847756701852079,-1.5986279416575746,1.5981854727107405,-3.1411502307613595,-0.8779137269861517,8.167472888338112e-08
1780319707.885272980,-0.18333366035431542,-1.598971070353004,1.5985176246687223,-3.1411392547909487,-0.8840675763101826,8.167472888338112e-08
1780319707.895319223,-0.1818848716804018,-1.5993027778271838,1.598838592941727,-3.1411285163128086,-0.890224649245642,8.167472888338112e-08
1780319707.905380964,-0.1804294632717287,-1.5996230508008686,1.5991483776694275,-3.14111802874632,-0.8963845200194944,8.167472888338112e-08
1780319707.915542126,-0.1789675970303639,-1.5999318791922548,1.599446981654083,-3.1411078049759595,-0.9025467588942275,9.326190624223691e-08
1780319707.925448656,-0.17749946533991423,-1.6002292506392513,1.5997344050598488,-3.141097857528384,-0.9087108160207293,9.326190624223691e-08
1780319707.935498953,-0.17602524863497937,-1.6005151597442806,1.6000106543460908,-3.141088198260792,-0.9148762006693696,9.326190624223691e-08
1780319707.945723057,-0.17454513925848314,-1.6007896031131512,1.6002757374637595,-3.1410788385185406,-0.9210423806365329,9.326190624223691e-08
1780319707.955931902,-0.17305935904647818,-1.6010525766990513,1.6005296612875146,-3.141069789223352,-0.9272087099441002,9.326190624223691e-08
1780319707.965645790,-0.17156818929507978,-1.6013040719730736,1.6007724279201978,-3.141061061007209,-0.9333743070130618,1.0368051509255574e-07
1780319707.976395369,-0.1700718629588458,-1.601544095071163,1.6010040531726797,-3.141052663544642,-0.9395385019329945,1.0368051509255574e-07
1780319707.986116409,-0.16857018322751927,-1.6017727211683832,1.6012246189936838,-3.1410446036079698,-0.9457023950654122,1.0368051509255574e-07
1780319707.996260405,-0.16706271636591552,-1.6019900500423985,1.601434230532402,-3.141036886567979,-0.9518680381682127,1.0368051509255574e-07
1780319708.006272793,-0.16554917841315486,-1.6021961457369125,1.6016329579468955,-3.141029518538505,-0.9580368449967844,1.0368051509255574e-07
1780319708.016527891,-0.16402933610172354,-1.602391055161812,1.60182085438534,-3.1410225057569354,-0.9642100048344142,1.0368051509255574e-07
1780319708.026278257,-0.16250303539781807,-1.6025748069928065,1.6019979549518844,-3.1410158546507283,-0.9703883715218433,1.1456482481744332e-07
1780319708.035120487,-0.16097016434353595,-1.6027474189742899,1.6021642837667522,-3.1410095715940787,-0.9765726191616828,1.1456482481744332e-07
1780319708.045357943,-0.1594308567099656,-1.6029088790823032,1.6023198358340123,-3.1410036636129384,-0.9827624278009912,1.1456482481744332e-07
1780319708.055151224,-0.15788526443145035,-1.6030591762400421,1.6024646066533201,-3.140998137282621,-0.988957410304697,1.1456482481744332e-07
1780319708.065351009,-0.1563333949672181,-1.60319831490561,1.6025986062642548,-3.140992998180703,-0.9951577620561505,1.1456482481744332e-07
1780319708.075372219,-0.15477513283880295,-1.603326307896097,1.6027218523246467,-3.140988251142373,-1.0013641660949126,1.1456482481744332e-07
1780319708.085138559,-0.15321042971921006,-1.6034431583451347,1.6028343527358022,-3.1409839009274965,-1.007577032115483,1.1456482481744332e-07
1780319708.095508099,-0.1516391106613657,-1.603548874588494,1.6029361199778187,-3.1409799516678474,-1.0137972667597097,1.1456482481744332e-07
1780319708.105558157,-0.15005837158881974,-1.6036436064132253,1.6030273022409527,-3.140976401740269,-1.0200361287767965,1.2543596793943307e-07
1780319708.115533590,-0.1484627742081912,-1.6037275496205465,1.6031080915131064,-3.140973247294392,-1.0263150984053313,1.2543596793943307e-07
1780319708.125643969,-0.14684589337124,-1.6038007822132139,1.6031785659164313,-3.1409704883224014,-1.0326592786587732,1.2543596793943307e-07
1780319708.135574579,-0.145203602534278,-1.603863115610956,1.6032385466809926,-3.140968134636805,-1.039084512428671,1.2543596793943307e-07
1780319708.146306992,-0.14353858671289554,-1.6039140565958325,1.603287561721077,-3.1409662078104286,-1.0455799384318922,1.2543596793943307e-07
1780319708.155854940,-0.1418543276308517,-1.603953175874853,1.6033251999412745,-3.140964725887011,-1.0521317376111519,1.2543596793943307e-07
1780319708.166029215,-0.1401541964604709,-1.6039801484331324,1.6033511501998525,-3.1409637026453234,-1.058726687281415,1.2543596793943307e-07
1780319708.176294088,-0.13844065036521336,-1.6039947530515848,1.6033652007931918,-3.14096314761241,-1.0653552533103765,1.2543596793943307e-07
1780319708.186869383,-0.13671549534162963,-1.6039968388732806,1.6033672072077945,-3.1409630671419078,-1.0720105234580704,1.2543596793943307e-07
1780319708.195254564,-0.13498006794733364,-1.603986302760772,1.603357070308933,-3.1409634652456586,-1.078687470886699,1.2543596793943307e-07
1780319708.205217600,-0.13323542028025948,-1.6039630748115679,1.6033347223895864,-3.1409643441272515,-1.085382218004952,1.2543596793943307e-07
1780319708.215680838,-0.13148229501937436,-1.6039271070052354,1.6033001162390987,-3.1409657046035635,-1.0920921151247098,1.2543596793943307e-07
1780319708.225203753,-0.12972118370491081,-1.6038783635338003,1.60325321583501,-3.1409675464664146,-1.0988155011987315,1.1385063175945549e-07
1780319708.235370159,-0.12795255338403067,-1.6038168202577339,1.6031939958169532,-3.1409698685008043,-1.105550828460352,1.1385063175945549e-07
1780319708.245233774,-0.1261768234013969,-1.6037424625752932,1.6031224394358714,-3.1409726685646993,-1.1122967483897437,1.1385063175945549e-07
1780319708.255635262,-0.12439433906129871,-1.603655282170223,1.6030385354249568,-3.1409759437121427,-1.1190522083697108,1.1385063175945549e-07
1780319708.265654325,-0.12260537142140926,-1.6035552742435595,1.6029422753365679,-3.1409796902985887,-1.1258164484379654,1.1385063175945549e-07
1780319708.275584459,-0.12081008528199888,-1.6034424326791346,1.6028336488884296,-3.140983904159782,-1.1325891181267673,1.0212535029281161e-07
1780319708.285542727,-0.11900820863980055,-1.6033167220789126,1.602712617036752,-3.1409885816511323,-1.1393715144346492,1.0212535029281161e-07
1780319708.295568943,-0.11719956112210106,-1.6031781050404046,1.6025791382215477,-3.140993718618588,-1.146164581330865,1.0212535029281161e-07
1780319708.305563450,-0.11538397057584415,-1.6030265381369846,1.6024331644870806,-3.140999310536126,-1.1529692263359772,1.0212535029281161e-07
1780319708.315992355,-0.11356138346654543,-1.602861982598494,1.6022746517604654,-3.141005352104944,-1.1597859088354756,9.158448313440586e-08
1780319708.325823784,-0.1117320443096661,-1.6026844263916615,1.6021035811257174,-3.1410118364462556,-1.1666139759071719,9.158448313440586e-08
1780319708.336300135,-0.10989645040727414,-1.602493889403779,1.6019199638423298,-3.1410187549341226,-1.173451841835612,9.158448313440586e-08
1780319708.346509218,-0.10805507108030898,-1.6022903998524471,1.6017238186398126,-3.1410260980824676,-1.1802980395814542,9.158448313440586e-08
1780319708.356345654,-0.10620831137162678,-1.6020739888187725,1.601515166459311,-3.1410338557531103,-1.187151353517696,8.041455927967829e-08
1780319708.365871429,-0.10435635572666335,-1.6018446680959864,1.6012940090957728,-3.1410420179492076,-1.1940113949953037,8.041455927967829e-08
1780319708.375883579,-0.10249939428148025,-1.601602453054923,1.6010603512367252,-3.141050573988841,-1.200877758522413,8.041455927967829e-08
1780319708.385120153,-0.10063761913646285,-1.6013473622593501,1.600814200097922,-3.141059512525209,-1.2077500354597932,8.041455927967829e-08
1780319708.395310163,-0.09877124523583625,-1.6010794205475785,1.6005555684054862,-3.1410688214472327,-1.2146277369686604,6.884963785555165e-08
1780319708.405144453,-0.09690033153947475,-1.600798632309263,1.6002844486013617,-3.1410784888080654,-1.221510951848586,6.884963785555165e-08
1780319708.415573835,-0.0950250540960802,-1.6005050200228172,1.6000008500422418,-3.1410885014869065,-1.228399339519898,6.884963785555165e-08
1780319708.425242424,-0.09314547075125734,-1.6001985889075288,1.5997047648711626,-3.141098846408188,-1.2352929956073266,6.884963785555165e-08
1780319708.435534239,-0.09126167692237797,-1.599879349990375,1.599396190289825,-3.1411095097473143,-1.2421918785295647,5.7051087340146505e-08
1780319708.445356607,-0.08937381163203284,-1.5995473223839722,1.5990751307734585,-3.1411204768675125,-1.2490957884506555,5.7051087340146505e-08
1780319708.455572367,-0.08748199387972555,-1.5992025228630027,1.5987415880030038,-3.141131732675558,-1.2560046005357375,5.7051087340146505e-08
1780319708.465416908,-0.08558631820829099,-1.5988449643550977,1.598395559402371,-3.141143261668199,-1.2629182805180097,5.7051087340146505e-08
1780319708.475861788,-0.08368690797887446,-1.5984746657044555,1.5980370475876118,-3.141155047617705,-1.2698366901347438,4.512953719771251e-08
1780319708.486602306,-0.0817838833178719,-1.5980916460166394,1.5976660549028738,-3.1411670737630306,-1.2767597042687449,4.512953719771251e-08
1780319708.496428728,-0.07987735648276129,-1.5976959235636903,1.5972825823624586,-3.1411793228467513,-1.2836872276285343,4.512953719771251e-08
1780319708.505974293,-0.07796747004447546,-1.5972875238065836,1.5968866374313178,-3.1411917768731423,-1.2906190560120088,4.512953719771251e-08
1780319708.516193151,-0.07605433986671528,-1.596866467601191,1.5964782226021714,-3.1412044174792837,-1.297555083453858,3.3163383627935266e-08
1780319708.525388002,-0.0741380664906588,-1.5964327729611787,1.5960573370990436,-3.141217225875732,-1.3044952604113522,3.3163383627935266e-08
1780319708.535500765,-0.0722187679366515,-1.595986462299816,1.5956239839064292,-3.1412301826339033,-1.3114394748112579,3.3163383627935266e-08
1780319708.545312881,-0.0702965797039985,-1.5955275629623058,1.5951781703006878,-3.141243267685123,-1.3183875523096216,3.3163383627935266e-08
1780319708.555444956,-0.06837163698483018,-1.5950561033434019,1.5947199040917381,-3.1412564604446676,-1.325339320711219,2.1210964584096995e-08
1780319708.565233707,-0.06644405183641844,-1.5945721070629535,1.594249187963645,-3.141269739976859,-1.3322946922092385,2.1210964584096995e-08
1780319708.575553894,-0.0645139542212183,-1.594075602926373,1.5937660291606837,-3.141283084720637,-1.3392535150593563,2.1210964584096995e-08
1780319708.585481167,-0.06258149199569552,-1.5935666254629268,1.5932704400300857,-3.1412964724940395,-1.346215573808366,2.1210964584096995e-08
1780319708.595373154,-0.060646769442174175,-1.5930451994144859,1.592762422926183,-3.14130987889789,-1.3531808106549121,0.0
1780319708.605445147,-0.058709920574721686,-1.5925113557640884,1.5922419858164063,-3.141323285622229,-1.36014906118705,0.0
1780319708.615826607,-0.05677107712858476,-1.591965128482765,1.5917091391297506,-3.1413366663894733,-1.3671201697276683,0.0
1780319708.625419378,-0.05483037340541852,-1.591406552296366,1.5911638935901165,-3.1413499971976147,-1.374093971822976,0.0
1780319708.636017561,-0.05288801037679214,-1.5908356827507806,1.5906062798295029,-3.141363253132978,-1.3810700640138398,0.0
1780319708.646326542,-0.050944940085427604,-1.5902528056104028,1.5900365532064105,-3.1413764037910226,-1.3880453479715413,0.0
1780319708.656125069,-0.04900242782755271,-1.5896583242797186,1.5894550844423083,-3.1413894164885328,-1.3950156065294017,0.0
1780319708.666007996,-0.047061415988657096,-1.5890525693715798,1.588862173608244,-3.1414022587942734,-1.401977785728782,-1.1243069586441834e-08
1780319708.676187754,-0.045122581048422816,-1.5884358046264762,1.5882580557211587,-3.1414149053718097,-1.4089297866647597,-1.1243069586441834e-08
1780319708.686718941,-0.04318649457545476,-1.5878082750314073,1.587642947729819,-3.141427326725574,-1.4158698857721639,-1.1243069586441834e-08
1780319708.696491480,-0.04125357604313873,-1.587170185688099,1.5870170277428015,-3.141439495862029,-1.4227969025363896,-1.1243069586441834e-08
1780319708.705365658,-0.0393241816790626,-1.5865217278643726,1.5863804604938947,-3.1414513862467826,-1.4297098799254,-2.2792404408278344e-08
1780319708.715301275,-0.03739870260166356,-1.585863110953504,1.5857334287238085,-3.141462971226954,-1.436607732191085,-2.2792404408278344e-08
1780319708.725497723,-0.03547731942518073,-1.5851944773792095,1.5850760495766363,-3.141474225522529,-1.44349012350047,-2.2792404408278344e-08
1780319708.735380173,-0.03356030092001561,-1.5845160029437437,1.5844084731396144,-3.1414851234181884,-1.4503563976058738,-2.2792404408278344e-08
1780319708.745306969,-0.031647917349345356,-1.5838278680161562,1.583730854207736,-3.1414956393395665,-1.4572058881412522,-3.41670824965945e-08
1780319708.755463839,-0.0297404219708417,-1.583130250770214,1.5830433456547812,-3.141505747986346,-1.4640379846319895,-3.41670824965945e-08
1780319708.765456676,-0.027838083460109075,-1.582423338843837,1.582346109948756,-3.141515424188272,-1.4708520161298724,-3.41670824965945e-08
1780319708.775785923,-0.02594117751829117,-1.5817073266165913,1.5816393165212017,-3.141524642996976,-1.4776472810268002,-3.41670824965945e-08
1780319708.785504341,-0.024050147236703623,-1.5809824773692744,1.5809232032513076,-3.141533379011211,-1.4844224721900678,-4.534157671542971e-08
1780319708.795577765,-0.02216625626123303,-1.5802493842463763,1.580198334918704,-3.14154160386737,-1.4911733352542225,-4.534157671542971e-08
1780319708.805673361,-0.02051915443170582,-1.579599449292198,1.5795551783131143,-3.1415483823284065,-1.4970769159560717,-4.534157671542971e-08
1780319708.815651417,-0.020380207630267932,-1.5795465065740322,1.57950028619903,-3.141539957464506,-1.4975749917822094,-1.810980494454384e-07
1780319708.825792313,-0.020380207630267932,-1.5795462896962862,1.5795003086195374,-3.1415408158533373,-1.4975749917822094,-1.6853759365886845e-07
1780319708.835837364,-0.020380207630267932,-1.5795460935538719,1.579500328897046,-3.1415415921755923,-1.4975749917822094,-1.5720083990089506e-07
1780319708.846292734,-0.020380207630267932,-1.5795459161640402,1.5795003472364264,-3.141542294278366,-1.4975749917822094,-1.4696774286449e-07
1780319708.855630159,-0.020380207630267932,-1.5795457557337231,1.5795003638228833,-3.141542929257833,-1.4975749917822094,-1.4696774286449e-07
1780319708.865835190,-0.020380207630267932,-1.5795456106412784,1.5795003788241149,-3.141543503532479,-1.4975749917822094,-1.2939046900584117e-07
1780319708.876168251,-0.020380207630267932,-1.579545479420264,1.5795003923915631,-3.141544022905758,-1.4975749917822094,-1.2939046900584117e-07
1780319708.886162281,-0.020380207630267932,-1.5795453607444285,1.579500404662269,-3.141544492626613,-1.4975749917822094,-1.1506400987570942e-07
1780319708.896443844,-0.020380207630267932,-1.5795452534143655,1.5795004157601393,-3.141544917441874,-1.4975749917822094,-1.1506400987570942e-07
1780319708.906071186,-0.020380207630267932,-1.5795451563453007,1.5795004257973415,-3.141545301645077,-1.4975749917822094,-1.0338418654498582e-07
1780319708.916769505,-0.020380207630267932,-1.579545068556258,1.5795004257973415,-3.141545649118474,-1.4975749917822094,-1.0338418654498582e-07
1780319708.926198483,-0.020380207630267932,-1.5795449891599844,1.579500443085417,-3.1415459633738294,-1.4975749917822094,-1.0338418654498582e-07
1780319708.935534716,-0.020380207630267932,-1.5795449173541165,1.579500443085417,-3.141546247586586,-1.4975749917822094,-8.978020815675336e-08
1780319708.945154428,-0.020380207630267932,-1.579544852412961,1.5795004572266962,-3.1415465046289945,-1.4975749917822094,-8.978020815675336e-08
1780319708.955357552,-0.020380207630267932,-1.5795447936802285,1.5795004572266962,-3.141546737098551,-1.4975749917822094,-8.978020815675336e-08
1780319708.965438604,-0.020380207630267932,-1.579544740562361,1.5795004687939806,-3.141546947344517,-1.4975749917822094,-7.976232918593951e-08
1780319708.975472450,-0.020380207630267932,-1.5795446925225631,1.5795004687939806,-3.1415471374914117,-1.4975749917822094,-7.976232918593951e-08
1780319708.985781670,-0.020380207630267932,-1.5795446490753555,1.5795004687939806,-3.1415473094606927,-1.4975749917822094,-7.976232918593951e-08
1780319708.995663881,-0.020380207630267932,-1.5795446097816699,1.579500482319749,-3.141547464990192,-1.4975749917822094,-7.976232918593951e-08
1780319709.005519629,-0.020380207630267932,-1.5795445742444123,1.579500482319749,-3.1415476056515765,-1.4975749917822094,-7.976232918593951e-08
1780319709.015796185,-0.020380207630267932,-1.579544542104454,1.579500482319749,-3.1415477328662775,-1.4975749917822094,-6.858088230643489e-08
1780319709.025541306,-0.020380207630267932,-1.5795445130370096,1.5795004923260778,-3.1415478479197465,-1.4975749917822094,-6.858088230643489e-08
1780319709.036293030,-0.020380207630267932,-1.5795444867483326,1.5795004923260778,-3.1415479519746548,-1.4975749917822094,-6.858088230643489e-08
1780319709.046337366,-0.020380207630267932,-1.5795444629727644,1.5795004923260778,-3.1415480460824545,-1.4975749917822094,-6.858088230643489e-08
1780319709.055798292,-0.020380207630267932,-1.579544441470052,1.5795004923260778,-3.1415481311940687,-1.4975749917822094,-6.858088230643489e-08
1780319709.066471338,-0.020380207630267932,-1.5795444220229005,1.5795004923260778,-3.141548208169564,-1.4975749917822094,-6.858088230643489e-08
1780319709.076244831,-0.020380207630267932,-1.5795444044347917,1.5795005035597705,-3.1415482777867556,-1.4975749917822094,-6.858088230643489e-08
1780319709.085946083,-0.020380207630267932,-1.5795443885280056,1.5795005035597705,-3.14154834074906,-1.4975749917822094,-6.858088230643489e-08
1780319709.096088171,-0.020380207630267932,-1.5795443741417978,1.5795005035597705,-3.1415483976927243,-1.4975749917822094,-6.858088230643489e-08
1780319709.106101036,-0.020380207630267932,-1.5795443611308038,1.5795005035597705,-3.1415484491930994,-1.4975749917822094,-5.848596718038834e-08
1780319709.116581202,-0.020380207630267932,-1.5795443493635535,1.5795005035597705,-3.1415484957705515,-1.4975749917822094,-5.848596718038834e-08
1780319709.125562906,-0.020380207630267932,-1.5795443387211376,1.5795005035597705,-3.1415485378957286,-1.4975749917822094,-5.848596718038834e-08
1780319709.135792017,-0.020380207630267932,-1.5795443387211376,1.5795005035597705,-3.141548575994242,-1.4975749917822094,-5.848596718038834e-08
1780319709.146474361,-0.020380207630267932,-1.5795443203909363,1.5795005035597705,-3.1415486104509354,-1.4975749917822094,-5.848596718038834e-08
1780319709.155114174,-0.020380207630267932,-1.5795443203909363,1.5795005035597705,-3.141548641613948,-1.4975749917822094,-5.848596718038834e-08
1780319709.165725231,-0.020380207630267932,-1.579544305397591,1.5795005138052702,-3.1415486697981683,-1.4975749917822094,-5.848596718038834e-08
1780319709.175723076,-0.020380207630267932,-1.579544305397591,1.5795005138052702,-3.141548695288357,-1.4975749917822094,-5.848596718038834e-08
1780319709.185156345,-0.020380207630267932,-1.5795442931336163,1.5795005138052702,-3.141548718342053,-1.4975749917822094,-5.848596718038834e-08
1780319709.195590258,-0.020380207630267932,-1.5795442931336163,1.5795005138052702,-3.1415487391921926,-1.4975749917822094,-5.848596718038834e-08
1780319709.205603123,-0.020380207630267932,-1.5795442831020994,1.5795005138052702,-3.1415487580494252,-1.4975749917822094,-5.848596718038834e-08
1780319709.216245890,-0.020380207630267932,-1.5795442831020994,1.5795005138052702,-3.1415487751042717,-1.4975749917822094,-5.848596718038834e-08
1780319709.225178480,-0.020380207630267932,-1.5795442831020994,1.5795005138052702,-3.141548790529033,-1.4975749917822094,-5.848596718038834e-08
1780319709.235472202,-0.020380207630267932,-1.5795442713722192,1.5795005138052702,-3.1415488044795388,-1.4975749917822094,-5.848596718038834e-08
1780319709.245393038,-0.020380207630267932,-1.5795442713722192,1.5795005138052702,-3.141548817096724,-1.4975749917822094,-5.848596718038834e-08
1780319709.255562305,-0.020380207630267932,-1.5795442713722192,1.5795005138052702,-3.141548828508043,-1.4975749917822094,-5.848596718038834e-08
1780319709.265633583,-0.020380207630267932,-1.5795442713722192,1.5795005138052702,-3.1415488388287667,-1.4975749917822094,-5.848596718038834e-08
1780319709.275624752,-0.020380207630267932,-1.5795442603362595,1.5795005138052702,-3.1415488388287667,-1.4975749917822094,-5.848596718038834e-08
1780319709.286307335,-0.020380207630267932,-1.5795442603362595,1.5795005138052702,-3.141548856605491,-1.4975749917822094,-5.848596718038834e-08
1780319709.295991421,-0.020380207630267932,-1.5795442603362595,1.5795005138052702,-3.141548856605491,-1.4975749917822094,-5.848596718038834e-08
1780319709.305882931,-0.020380207630267932,-1.5795442603362595,1.5795005138052702,-3.1415488711469193,-1.4975749917822094,-5.848596718038834e-08
1780319709.316636324,-0.020380207630267932,-1.5795442603362595,1.5795005138052702,-3.1415488711469193,-1.4975749917822094,-5.848596718038834e-08
1780319709.325776577,-0.020380207630267932,-1.5795442603362595,1.5795005138052702,-3.1415488830420113,-1.4975749917822094,-5.848596718038834e-08
1780319709.336527824,-0.020380207630267932,-1.5795442502339672,1.5795005138052702,-3.1415488830420113,-1.4975749917822094,-5.848596718038834e-08
1780319709.345060110,-0.020380207630267932,-1.5795442502339672,1.5795005138052702,-3.1415488830420113,-1.4975749917822094,-5.848596718038834e-08
1780319709.355272293,-0.020380207630267932,-1.5795442502339672,1.5795005138052702,-3.1415488969520973,-1.4975749917822094,-5.848596718038834e-08
1780319709.365259647,-0.020380207630267932,-1.5795442502339672,1.5795005138052702,-3.1415488969520973,-1.4975749917822094,-5.848596718038834e-08
1780319709.375281334,-0.020380207630267932,-1.5795442502339672,1.5795005138052702,-3.1415488969520973,-1.4975749917822094,-5.848596718038834e-08
1780319709.385338545,-0.020380207630267932,-1.5795442502339672,1.5795005138052702,-3.141548907243972,-1.4975749917822094,-5.848596718038834e-08
1780319709.395301580,-0.020380207630267932,-1.5795442502339672,1.5795005138052702,-3.141548907243972,-1.4975749917822094,-5.848596718038834e-08
1780319709.405430555,-0.020380207630267932,-1.5795442502339672,1.5795005138052702,-3.141548907243972,-1.4975749917822094,-5.848596718038834e-08
1780319709.415591955,-0.020380207630267932,-1.5795442502339672,1.5795005138052702,-3.141548907243972,-1.4975749917822094,-5.848596718038834e-08
1780319709.425469875,-0.020380207630267932,-1.5795442502339672,1.5795005138052702,-3.141548907243972,-1.4975749917822094,-5.848596718038834e-08
1780319709.435549021,-0.020380207630267932,-1.5795442502339672,1.5795005138052702,-3.141548918800712,-1.4975749917822094,-5.848596718038834e-08
1780319709.445705652,-0.020380207630267932,-1.5795442502339672,1.5795005138052702,-3.141548918800712,-1.4975749917822094,-5.848596718038834e-08
1780319709.455637932,-0.020380207630267932,-1.5795442502339672,1.5795005138052702,-3.141548918800712,-1.4975749917822094,-5.848596718038834e-08
1780319709.465497017,-0.020380207630267932,-1.5795442502339672,1.5795005138052702,-3.141548918800712,-1.4975749917822094,-5.848596718038834e-08
1780319709.475485563,-0.020380207630267932,-1.5795442502339672,1.5795005138052702,-3.141548918800712,-1.4975749917822094,-5.848596718038834e-08
1780319709.485810518,-0.020380207630267932,-1.5795442502339672,1.5795005138052702,-3.141548918800712,-1.4975749917822094,-5.848596718038834e-08
1780319709.495621443,-0.020380207630267932,-1.5795442502339672,1.5795005138052702,-3.141548918800712,-1.4975749917822094,-5.848596718038834e-08
1780319709.505702496,-0.020380207630267932,-1.5795442402304056,1.5795005138052702,-3.141548918800712,-1.4975749917822094,-5.848596718038834e-08
1780319709.516515493,-0.020380207630267932,-1.5795442402304056,1.5795005138052702,-3.141548918800712,-1.4975749917822094,-5.848596718038834e-08
1780319709.526461840,-0.020380207630267932,-1.5795442402304056,1.5795005138052702,-3.141548929346753,-1.4975749917822094,-5.848596718038834e-08
1780319709.535668850,-0.020380207630267932,-1.5795442402304056,1.5795005138052702,-3.141548929346753,-1.4975749917822094,-5.848596718038834e-08
1780319709.545344114,-0.020380207630267932,-1.5795442402304056,1.5795005138052702,-3.141548929346753,-1.4975749917822094,-5.848596718038834e-08
1780319709.555934429,-0.020380207630267932,-1.5795442402304056,1.5795005138052702,-3.141548929346753,-1.4975749917822094,-5.848596718038834e-08
1780319709.565369129,-0.020380207630267932,-1.5795442402304056,1.5795005138052702,-3.141548929346753,-1.4975749917822094,-5.848596718038834e-08
1780319709.575382948,-0.020380207630267932,-1.5795442402304056,1.5795005138052702,-3.141548929346753,-1.4975749917822094,-5.848596718038834e-08
1780319709.585215330,-0.020380207630267932,-1.5795442402304056,1.5795005138052702,-3.141548929346753,-1.4975749917822094,-5.848596718038834e-08
1780319709.595438004,-0.020380207630267932,-1.5795442402304056,1.5795005138052702,-3.141548929346753,-1.4975749917822094,-5.848596718038834e-08
1780319709.605654955,-0.020380207630267932,-1.5795442402304056,1.5795005138052702,-3.141548929346753,-1.4975749917822094,-5.848596718038834e-08
1780319709.615485907,-0.020380207630267932,-1.5795442402304056,1.5795005138052702,-3.141548929346753,-1.4975749917822094,-5.848596718038834e-08
1780319709.625554562,-0.020380207630267932,-1.5795442402304056,1.5795005138052702,-3.141548929346753,-1.4975749917822094,-5.848596718038834e-08
1780319709.635278225,-0.020380207630267932,-1.5795442402304056,1.5795005138052702,-3.141548929346753,-1.4975749917822094,-5.848596718038834e-08
1780319709.645668268,-0.020380207630267932,-1.5795442402304056,1.5795005138052702,-3.141548929346753,-1.4975749917822094,-5.848596718038834e-08
1780319709.655449390,-0.020380207630267932,-1.5795442402304056,1.5795005138052702,-3.141548929346753,-1.4975749917822094,-5.848596718038834e-08
1780319709.665481567,-0.020380207630267932,-1.5795442402304056,1.5795005138052702,-3.141548929346753,-1.4975749917822094,-5.848596718038834e-08
1780319709.675787449,-0.020380207630267932,-1.5795442402304056,1.5795005138052702,-3.141548929346753,-1.4975749917822094,-5.848596718038834e-08
1780319709.685664177,-0.020380207630267932,-1.5795442402304056,1.5795005138052702,-3.141548929346753,-1.4975749917822094,-5.848596718038834e-08
1780319709.696344376,-0.020380207630267932,-1.5795442402304056,1.5795005138052702,-3.141548929346753,-1.4975749917822094,-5.848596718038834e-08
1780319709.706259012,-0.020380207630267932,-1.5795442402304056,1.5795005138052702,-3.141548929346753,-1.4975749917822094,-5.848596718038834e-08
1780319709.716562986,-0.020380207630267932,-1.5795442402304056,1.5795005138052702,-3.141548929346753,-1.4975749917822094,-5.848596718038834e-08
1780319709.726561308,-0.020380207630267932,-1.5795442402304056,1.5795005138052702,-3.141548929346753,-1.4975749917822094,-5.848596718038834e-08
1780319709.735308886,-0.020380207630267932,-1.5795442402304056,1.5795005138052702,-3.141548929346753,-1.4975749917822094,-5.848596718038834e-08
1780319709.745539904,-0.020380207630267932,-1.5795442402304056,1.5795005138052702,-3.141548929346753,-1.4975749917822094,-5.848596718038834e-08
1780319709.755725622,-0.020380207630267932,-1.5795442402304056,1.5795005138052702,-3.141548929346753,-1.4975749917822094,-5.848596718038834e-08
1780319709.765213490,-0.020380207630267932,-1.5795442402304056,1.5795005138052702,-3.141548929346753,-1.4975749917822094,-5.848596718038834e-08
1780319709.775154591,-0.020380207630267932,-1.5795442402304056,1.5795005138052702,-3.141548929346753,-1.4975749917822094,-5.848596718038834e-08
1780319709.785692930,-0.020380207630267932,-1.5795442402304056,1.5795005138052702,-3.141548929346753,-1.4975749917822094,-5.848596718038834e-08
1780319709.795393229,-0.020380207630267932,-1.5795442402304056,1.5795005138052702,-3.141548929346753,-1.4975749917822094,-5.848596718038834e-08
1780319709.805804729,-0.020380207630267932,-1.5795442402304056,1.5795005138052702,-3.141548929346753,-1.4975749917822094,-5.848596718038834e-08
1780319709.815512896,-0.020380207630267932,-1.5795442402304056,1.5795005138052702,-3.141548929346753,-1.4975749917822094,-5.848596718038834e-08
1780319709.825471401,-0.020380207630267932,-1.5795442402304056,1.5795005138052702,-3.141548929346753,-1.4975749917822094,-5.848596718038834e-08
1780319709.836043358,-0.020380207630267932,-1.5795442402304056,1.5795005138052702,-3.141548929346753,-1.4975749917822094,-5.848596718038834e-08
1780319709.846378088,-0.020380207630267932,-1.5795442402304056,1.5795005138052702,-3.141548929346753,-1.4975749917822094,-5.848596718038834e-08
1780319709.856060028,-0.020380207630267932,-1.5795442402304056,1.5795005138052702,-3.141548929346753,-1.4975749917822094,-5.848596718038834e-08
1780319709.865612507,-0.020380207630267932,-1.5795442402304056,1.5795005138052702,-3.141548929346753,-1.4975749917822094,-5.848596718038834e-08
1780319709.876170874,-0.020380207630267932,-1.5795442402304056,1.5795005138052702,-3.141548929346753,-1.4975749917822094,-5.848596718038834e-08
1780319709.885342836,-0.020380207630267932,-1.5795442402304056,1.5795005138052702,-3.141548929346753,-1.4975749917822094,-5.848596718038834e-08
1780319709.895314455,-0.020380207630267932,-1.5795442402304056,1.5795005138052702,-3.141548929346753,-1.4975749917822094,-5.848596718038834e-08
1780319709.905272961,-0.020380207630267932,-1.5795442402304056,1.5795005138052702,-3.141548929346753,-1.4975749917822094,-5.848596718038834e-08
1780319709.915395021,-0.020380207630267932,-1.5795442402304056,1.5795005138052702,-3.141548929346753,-1.4975749917822094,-5.848596718038834e-08
1780319709.925534010,-0.020380207630267932,-1.5795442402304056,1.5795005138052702,-3.141548929346753,-1.4975749917822094,-5.848596718038834e-08
1780319709.935606718,-0.020380207630267932,-1.5795442402304056,1.5795005138052702,-3.141548929346753,-1.4975749917822094,-5.848596718038834e-08
1780319709.945899487,-0.020380207630267932,-1.5795442402304056,1.5795005138052702,-3.141548929346753,-1.4975749917822094,-5.848596718038834e-08
1780319709.955705166,-0.020380207630267932,-1.5795442402304056,1.5795005138052702,-3.141548929346753,-1.4975749917822094,-5.848596718038834e-08
1780319709.966035366,-0.020380207630267932,-1.5795442402304056,1.5795005138052702,-3.141548929346753,-1.4975749917822094,-5.848596718038834e-08
1780319709.976188183,-0.020380207630267932,-1.5795442402304056,1.5795005138052702,-3.141548929346753,-1.4975749917822094,-5.848596718038834e-08
1780319709.986501455,-0.020380207630267932,-1.5795442402304056,1.5795005138052702,-3.141548929346753,-1.4975749917822094,-5.848596718038834e-08
1780319709.996094465,-0.020380207630267932,-1.5795442402304056,1.5795005138052702,-3.141548929346753,-1.4975749917822094,-5.848596718038834e-08
1780319710.006058455,-0.020380207630267932,-1.5795442402304056,1.5795005138052702,-3.141548929346753,-1.4975749917822094,-5.848596718038834e-08
1780319710.015209436,-0.020380207630267932,-1.5795442402304056,1.5795005138052702,-3.141548929346753,-1.4975749917822094,-5.848596718038834e-08
1780319710.025171280,-0.020380207630267932,-1.5795442402304056,1.5795005138052702,-3.141548929346753,-1.4975749917822094,-5.848596718038834e-08
1780319710.035406113,-0.020380207630267932,-1.5795442402304056,1.5795005138052702,-3.141548929346753,-1.4975749917822094,-5.848596718038834e-08
1780319710.045242548,-0.020380207630267932,-1.5795442402304056,1.5795005138052702,-3.141548929346753,-1.4975749917822094,-5.848596718038834e-08
1780319710.055188179,-0.020380207630267932,-1.5795442402304056,1.5795005138052702,-3.141548929346753,-1.4975749917822094,-5.848596718038834e-08
1780319710.065159082,-0.020380207630267932,-1.5795442402304056,1.5795005138052702,-3.141548929346753,-1.4975749917822094,-5.848596718038834e-08
1780319710.075386286,-0.020380207630267932,-1.5795442402304056,1.5795005138052702,-3.141548929346753,-1.4975749917822094,-5.848596718038834e-08
1780319710.085289240,-0.020380207630267932,-1.5795442402304056,1.5795005138052702,-3.141548929346753,-1.4975749917822094,-5.848596718038834e-08
1780319710.095406294,-0.020380207630267932,-1.5795442402304056,1.5795005138052702,-3.141548929346753,-1.4975749917822094,-5.848596718038834e-08
1780319710.105514526,-0.020380207630267932,-1.5795442402304056,1.5795005138052702,-3.141548929346753,-1.4975749917822094,-5.848596718038834e-08
1780319710.115593910,-0.020380207630267932,-1.5795442402304056,1.5795005138052702,-3.141548929346753,-1.4975749917822094,-5.848596718038834e-08
1780319710.125814199,-0.020380207630267932,-1.5795442402304056,1.5795005138052702,-3.141548929346753,-1.4975749917822094,-5.848596718038834e-08
1780319710.135716677,-0.020380207630267932,-1.5795442402304056,1.5795005138052702,-3.141548929346753,-1.4975749917822094,-5.848596718038834e-08
1780319710.145419121,-0.020380207630267932,-1.5795442402304056,1.5795005138052702,-3.141548929346753,-1.4975749917822094,-5.848596718038834e-08
1780319710.156350613,-0.020380207630267932,-1.5795442402304056,1.5795005138052702,-3.141548929346753,-1.4975749917822094,-5.848596718038834e-08
1780319710.165883780,-0.020380207630267932,-1.5795442402304056,1.5795005138052702,-3.141548929346753,-1.4975749917822094,-5.848596718038834e-08
1780319710.176713943,-0.020380207630267932,-1.5795442402304056,1.5795005138052702,-3.141548929346753,-1.4975749917822094,-5.848596718038834e-08
1780319710.186712980,-0.020380207630267932,-1.5795442402304056,1.5795005138052702,-3.141548929346753,-1.4975749917822094,-5.848596718038834e-08
1780319710.196622372,-0.020380207630267932,-1.5795442402304056,1.5795005138052702,-3.141548929346753,-1.4975749917822094,-5.848596718038834e-08
1780319710.206568003,-0.020380207630267932,-1.5795442402304056,1.5795005138052702,-3.141548929346753,-1.4975749917822094,-5.848596718038834e-08
1780319710.216257572,-0.020380207630267932,-1.5795442402304056,1.5795005138052702,-3.141548929346753,-1.4975749917822094,-5.848596718038834e-08
1780319710.225601673,-0.020380207630267932,-1.5795442402304056,1.5795005138052702,-3.141548929346753,-1.4975749917822094,-5.848596718038834e-08
1780319710.235669851,-0.020380207630267932,-1.5795442402304056,1.5795005138052702,-3.141548929346753,-1.4975749917822094,-5.848596718038834e-08
1780319710.245286942,-0.020380207630267932,-1.5795442402304056,1.5795005138052702,-3.141548929346753,-1.4975749917822094,-5.848596718038834e-08
1780319710.255266428,-0.020380207630267932,-1.5795442402304056,1.5795005138052702,-3.141548929346753,-1.4975749917822094,-5.848596718038834e-08
1780319710.265517950,-0.020380207630267932,-1.5795442402304056,1.5795005138052702,-3.141548929346753,-1.4975749917822094,-5.848596718038834e-08
1780319710.275423050,-0.020380207630267932,-1.5795442402304056,1.5795005138052702,-3.141548929346753,-1.4975749917822094,-5.848596718038834e-08
1780319710.285495043,-0.020380207630267932,-1.5795442402304056,1.5795005138052702,-3.141548929346753,-1.4975749917822094,-5.848596718038834e-08
1780319710.295647621,-0.020380207630267932,-1.5795442402304056,1.5795005138052702,-3.141548929346753,-1.4975749917822094,-5.848596718038834e-08
1780319710.306185484,-0.020380207630267932,-1.5795442402304056,1.5795005138052702,-3.141548929346753,-1.4975749917822094,-5.848596718038834e-08
1780319710.316573858,-0.020380207630267932,-1.5795442402304056,1.5795005138052702,-3.141548929346753,-1.4975749917822094,-5.848596718038834e-08
1780319710.325944662,-0.020380207630267932,-1.5795442402304056,1.5795005138052702,-3.141548929346753,-1.4975749917822094,-5.848596718038834e-08
1780319710.336724043,-0.020380207630267932,-1.5795442402304056,1.5795005138052702,-3.141548929346753,-1.4975749917822094,-5.848596718038834e-08
1780319710.345949411,-0.020380207630267932,-1.5795442402304056,1.5795005138052702,-3.141548929346753,-1.4975749917822094,-5.848596718038834e-08
1780319710.356490374,-0.020380207630267932,-1.5795442402304056,1.5795005138052702,-3.141548929346753,-1.4975749917822094,-5.848596718038834e-08
1780319710.366106749,-0.020380207630267932,-1.5795442402304056,1.5795005138052702,-3.141548929346753,-1.4975749917822094,-5.848596718038834e-08
1780319710.375418186,-0.020380207630267932,-1.5795442402304056,1.5795005138052702,-3.141548929346753,-1.4975749917822094,-5.848596718038834e-08
1780319710.385555029,-0.020380207630267932,-1.5795442402304056,1.5795005138052702,-3.141548929346753,-1.4975749917822094,-5.848596718038834e-08
1780319710.395479679,-0.020380207630267932,-1.5795442402304056,1.5795005138052702,-3.141548929346753,-1.4975749917822094,-5.848596718038834e-08
1780319710.405532360,-0.020380207630267932,-1.5795442402304056,1.5795005138052702,-3.141548929346753,-1.4975749917822094,-5.848596718038834e-08
1780319710.415342331,-0.020380207630267932,-1.5795442402304056,1.5795005138052702,-3.141548929346753,-1.4975749917822094,-5.848596718038834e-08
1780319710.425662279,-0.020380207630267932,-1.5795442402304056,1.5795005138052702,-3.141548929346753,-1.4975749917822094,-5.848596718038834e-08
1780319710.435389042,-0.020380207630267932,-1.5795442402304056,1.5795005138052702,-3.141548929346753,-1.4975749917822094,-5.848596718038834e-08
1780319710.445658445,-0.020380207630267932,-1.5795442402304056,1.5795005138052702,-3.141548929346753,-1.4975749917822094,-5.848596718038834e-08
1780319710.455568790,-0.020380207630267932,-1.5795442402304056,1.5795005138052702,-3.141548929346753,-1.4975749917822094,-5.848596718038834e-08
1780319710.465522766,-0.020380207630267932,-1.5795442402304056,1.5795005138052702,-3.141548929346753,-1.4975749917822094,-5.848596718038834e-08
1780319710.476109028,-0.020380207630267932,-1.5795442402304056,1.5795005138052702,-3.141548929346753,-1.4975749917822094,-5.848596718038834e-08
1780319710.485691309,-0.020380207630267932,-1.5795442402304056,1.5795005138052702,-3.141548929346753,-1.4975749917822094,-5.848596718038834e-08
1780319710.495482922,-0.020380207630267932,-1.5795442402304056,1.5795005138052702,-3.141548929346753,-1.4975749917822094,-5.848596718038834e-08
1780319710.505849600,-0.020380207630267932,-1.5795442402304056,1.5795005138052702,-3.141548929346753,-1.4975749917822094,-5.848596718038834e-08
1780319710.515750885,-0.020380207630267932,-1.5795442402304056,1.5795005138052702,-3.141548929346753,-1.4975749917822094,-5.848596718038834e-08
1780319710.525680304,-0.020380207630267932,-1.5795442402304056,1.5795005138052702,-3.141548929346753,-1.4975749917822094,-5.848596718038834e-08
1780319710.536892891,-0.020380207630267932,-1.5795442402304056,1.5795005138052702,-3.141548929346753,-1.4975749917822094,-5.848596718038834e-08
1780319710.546550274,-0.020380207630267932,-1.5795442402304056,1.5795005138052702,-3.141548929346753,-1.4975749917822094,-5.848596718038834e-08
1780319710.556288958,-0.020380207630267932,-1.5795442402304056,1.5795005138052702,-3.141548929346753,-1.4975749917822094,-5.848596718038834e-08
1780319710.565565348,-0.020380207630267932,-1.5795442402304056,1.5795005138052702,-3.141548929346753,-1.4975749917822094,-5.848596718038834e-08
1780319710.575244904,-0.020380207630267932,-1.5795442402304056,1.5795005138052702,-3.141548929346753,-1.4975749917822094,-5.848596718038834e-08
1780319710.586290121,-0.020380207630267932,-1.5795442402304056,1.5795005138052702,-3.141548929346753,-1.4975749917822094,-5.848596718038834e-08
1780319710.595311642,-0.020380207630267932,-1.5795442402304056,1.5795005138052702,-3.141548929346753,-1.4975749917822094,-5.848596718038834e-08
1780319710.605440378,-0.020380207630267932,-1.5795442402304056,1.5795005138052702,-3.141548929346753,-1.4975749917822094,-5.848596718038834e-08
1780319710.615377426,-0.020380207630267932,-1.5795442402304056,1.5795005138052702,-3.141548929346753,-1.4975749917822094,-5.848596718038834e-08
1780319710.625324488,-0.020380207630267932,-1.5795442402304056,1.5795005138052702,-3.141548929346753,-1.4975749917822094,-5.848596718038834e-08
1780319710.635634184,-0.020380207630267932,-1.5795442402304056,1.5795005138052702,-3.141548929346753,-1.4975749917822094,-5.848596718038834e-08
1780319710.645428896,-0.020380207630267932,-1.5795442402304056,1.5795005138052702,-3.141548929346753,-1.4975749917822094,-5.848596718038834e-08
1780319710.655681610,-0.020380207630267932,-1.5795442402304056,1.5795005138052702,-3.141548929346753,-1.4975749917822094,-5.848596718038834e-08
1780319710.665789127,-0.020380207630267932,-1.5795442402304056,1.5795005138052702,-3.141548929346753,-1.4975749917822094,-5.848596718038834e-08
1780319710.675681591,-0.020380207630267932,-1.5795442402304056,1.5795005138052702,-3.141548929346753,-1.4975749917822094,-5.848596718038834e-08
1780319710.686122656,-0.020380207630267932,-1.5795442402304056,1.5795005138052702,-3.141548929346753,-1.4975749917822094,-5.848596718038834e-08
1780319710.696543932,-0.020380207630267932,-1.5795442402304056,1.5795005138052702,-3.141548929346753,-1.4975749917822094,-5.848596718038834e-08
1780319710.705650330,-0.020380207630267932,-1.5795442402304056,1.5795005138052702,-3.141548929346753,-1.4975749917822094,-5.848596718038834e-08
1780319710.715642929,-0.020380207630267932,-1.5795442402304056,1.5795005138052702,-3.141548929346753,-1.4975749917822094,-5.848596718038834e-08
1780319710.725160837,-0.020380207630267932,-1.5795442402304056,1.5795005138052702,-3.141548929346753,-1.4975749917822094,-5.848596718038834e-08
1780319710.735455275,-0.020380207630267932,-1.5795442402304056,1.5795005138052702,-3.141548929346753,-1.4975749917822094,-5.848596718038834e-08
1780319710.745403290,-0.020380207630267932,-1.5795442402304056,1.5795005138052702,-3.141548929346753,-1.4975749917822094,-5.848596718038834e-08
1780319710.755551338,-0.020380207630267932,-1.5795442402304056,1.5795005138052702,-3.141548929346753,-1.4975749917822094,-5.848596718038834e-08
1780319710.765600681,-0.020380207630267932,-1.5795442402304056,1.5795005138052702,-3.141548929346753,-1.4975749917822094,-5.848596718038834e-08
1780319710.776025534,-0.020380207630267932,-1.5795442402304056,1.5795005138052702,-3.141548929346753,-1.4975749917822094,-5.848596718038834e-08
1780319710.787211180,-0.020380207630267932,-1.5795442402304056,1.5795005138052702,-3.141548929346753,-1.4975749917822094,-5.848596718038834e-08
1780319710.796461582,-0.020380207630267932,-1.5795442402304056,1.5795005138052702,-3.141548929346753,-1.4975749917822094,-5.848596718038834e-08
1780319710.805236340,-0.020380207630267932,-1.5795442402304056,1.5795005138052702,-3.141548929346753,-1.4975749917822094,-5.848596718038834e-08
1780319710.815499783,-0.020380207630267932,-1.5795442402304056,1.5795005138052702,-3.141548929346753,-1.4975749917822094,-5.848596718038834e-08
1780319710.825758219,-0.020380207630267932,-1.5795442402304056,1.5795005138052702,-3.141548929346753,-1.4975749917822094,-5.848596718038834e-08
1780319710.836168289,-0.020380207630267932,-1.5795442402304056,1.5795005138052702,-3.141548929346753,-1.4975749917822094,-5.848596718038834e-08
1780319710.845930099,-0.020380207630267932,-1.5795442402304056,1.5795005138052702,-3.141548929346753,-1.4975749917822094,-5.848596718038834e-08
1780319710.856760502,-0.020380207630267932,-1.5795442402304056,1.5795005138052702,-3.141548929346753,-1.4975749917822094,-5.848596718038834e-08
1780319710.866270542,-0.020380207630267932,-1.5795442402304056,1.5795005138052702,-3.141548929346753,-1.4975749917822094,-5.848596718038834e-08
1780319710.876734495,-0.020380207630267932,-1.5795442402304056,1.5795005138052702,-3.141548929346753,-1.4975749917822094,-5.848596718038834e-08
1780319710.885246992,-0.020380207630267932,-1.5795442402304056,1.5795005138052702,-3.141548929346753,-1.4975749917822094,-5.848596718038834e-08
1780319710.895117521,-0.020380207630267932,-1.5795442402304056,1.5795005138052702,-3.141548929346753,-1.4975749917822094,-5.848596718038834e-08
1780319710.905711651,-0.020380207630267932,-1.5795442402304056,1.5795005138052702,-3.141548929346753,-1.4975749917822094,-5.848596718038834e-08
1780319710.915401697,-0.020380207630267932,-1.5795442402304056,1.5795005138052702,-3.141548929346753,-1.4975749917822094,-5.848596718038834e-08
1780319710.925377607,-0.020380207630267932,-1.5795442402304056,1.5795005138052702,-3.141548929346753,-1.4975749917822094,-5.848596718038834e-08
1780319710.935788393,-0.020380207630267932,-1.5795442402304056,1.5795005138052702,-3.141548929346753,-1.4975749917822094,-5.848596718038834e-08
1780319710.945501566,-0.020380207630267932,-1.5795442402304056,1.5795005138052702,-3.141548929346753,-1.4975749917822094,-5.848596718038834e-08
1780319710.955645561,-0.020380207630267932,-1.5795442402304056,1.5795005138052702,-3.141548929346753,-1.4975749917822094,-5.848596718038834e-08
1780319710.965677738,-0.020380207630267932,-1.5795442402304056,1.5795005138052702,-3.141548929346753,-1.4975749917822094,-5.848596718038834e-08
1780319710.976224899,-0.020380207630267932,-1.5795442402304056,1.5795005138052702,-3.141548929346753,-1.4975749917822094,-5.848596718038834e-08
1780319710.986711502,-0.020380207630267932,-1.5795442402304056,1.5795005138052702,-3.141548929346753,-1.4975749917822094,-5.848596718038834e-08
1780319710.996998072,-0.020380207630267932,-1.5795442402304056,1.5795005138052702,-3.141548929346753,-1.4975749917822094,-5.848596718038834e-08
1780319711.005805969,-0.020380207630267932,-1.5795442402304056,1.5795005138052702,-3.141548929346753,-1.4975749917822094,-5.848596718038834e-08
1780319711.015606642,-0.020380207630267932,-1.5795442402304056,1.5795005138052702,-3.141548929346753,-1.4975749917822094,-5.848596718038834e-08
1780319711.025614500,-0.020380207630267932,-1.5795442402304056,1.5795005138052702,-3.141548929346753,-1.4975749917822094,-5.848596718038834e-08
1780319711.036189079,-0.020380207630267932,-1.5795442402304056,1.5795005138052702,-3.141548929346753,-1.4975749917822094,-5.848596718038834e-08
1780319711.045712948,-0.020380207630267932,-1.5795442402304056,1.5795005138052702,-3.141548929346753,-1.4975749917822094,-5.848596718038834e-08
1780319711.056492329,-0.020380207630267932,-1.5795442402304056,1.5795005138052702,-3.141548929346753,-1.4975749917822094,-5.848596718038834e-08
1780319711.066517353,-0.020380207630267932,-1.5795442402304056,1.5795005138052702,-3.141548929346753,-1.4975749917822094,-5.848596718038834e-08
1780319711.075554609,-0.020380207630267932,-1.5795442402304056,1.5795005138052702,-3.141548929346753,-1.4975749917822094,-5.848596718038834e-08
1780319711.085118532,-0.020380207630267932,-1.5795442402304056,1.5795005138052702,-3.141548929346753,-1.4975749917822094,-5.848596718038834e-08
1780319711.095410109,-0.020380207630267932,-1.5795442402304056,1.5795005138052702,-3.141548929346753,-1.4975749917822094,-5.848596718038834e-08
1780319711.105383396,-0.020380207630267932,-1.5795442402304056,1.5795005138052702,-3.141548929346753,-1.4975749917822094,-5.848596718038834e-08
1780319711.115634680,-0.020380207630267932,-1.5795442402304056,1.5795005138052702,-3.141548929346753,-1.4975749917822094,-5.848596718038834e-08
1780319711.126287937,-0.020380207630267932,-1.5795442402304056,1.5795005138052702,-3.141548929346753,-1.4975749917822094,-5.848596718038834e-08
1780319711.136570215,-0.020380207630267932,-1.5795442402304056,1.5795005138052702,-3.141548929346753,-1.4975749917822094,-5.848596718038834e-08
1780319711.145920277,-0.020380207630267932,-1.5795442402304056,1.5795005138052702,-3.141548929346753,-1.4975749917822094,-5.848596718038834e-08
1780319711.155477047,-0.020380207630267932,-1.5795442402304056,1.5795005138052702,-3.141548929346753,-1.4975749917822094,-5.848596718038834e-08
1780319711.165731192,-0.020380207630267932,-1.5795442402304056,1.5795005138052702,-3.141548929346753,-1.4975749917822094,-5.848596718038834e-08
1780319711.176664829,-0.020380207630267932,-1.5795442402304056,1.5795005138052702,-3.141548929346753,-1.4975749917822094,-5.848596718038834e-08
1780319711.185366392,-0.020380207630267932,-1.5795442402304056,1.5795005138052702,-3.141548929346753,-1.4975749917822094,-5.848596718038834e-08
1780319711.195596457,-0.020380207630267932,-1.5795442402304056,1.5795005138052702,-3.141548929346753,-1.4975749917822094,-5.848596718038834e-08
1780319711.205741882,-0.020380207630267932,-1.5795442402304056,1.5795005138052702,-3.141548929346753,-1.4975749917822094,-5.848596718038834e-08
1780319711.215650082,-0.020380207630267932,-1.5795442402304056,1.5795005138052702,-3.141548929346753,-1.4975749917822094,-5.848596718038834e-08
1780319711.225737095,-0.020380207630267932,-1.5795442402304056,1.5795005138052702,-3.141548929346753,-1.4975749917822094,-5.848596718038834e-08
1780319711.235762119,-0.020380207630267932,-1.5795442402304056,1.5795005138052702,-3.141548929346753,-1.4975749917822094,-5.848596718038834e-08
1780319711.245893478,-0.020380207630267932,-1.5795442402304056,1.5795005138052702,-3.141548929346753,-1.4975749917822094,-5.848596718038834e-08
1780319711.255523920,-0.020380207630267932,-1.5795442402304056,1.5795005138052702,-3.141548929346753,-1.4975749917822094,-5.848596718038834e-08
1780319711.265656233,-0.020380207630267932,-1.5795442402304056,1.5795005138052702,-3.141548929346753,-1.4975749917822094,-5.848596718038834e-08
1780319711.275843382,-0.020380207630267932,-1.5795442402304056,1.5795005138052702,-3.141548929346753,-1.4975749917822094,-5.848596718038834e-08
1780319711.285083294,-0.020380207630267932,-1.5795442402304056,1.5795005138052702,-3.141548929346753,-1.4975749917822094,-5.848596718038834e-08
1780319711.295876265,-0.020380207630267932,-1.5795442402304056,1.5795005138052702,-3.141548929346753,-1.4975749917822094,-5.848596718038834e-08
1780319711.305583954,-0.020380207630267932,-1.5795442402304056,1.5795005138052702,-3.141548929346753,-1.4975749917822094,-5.848596718038834e-08
1780319711.316145420,-0.020380207630267932,-1.5795442402304056,1.5795005138052702,-3.141548929346753,-1.4975749917822094,-5.848596718038834e-08
1780319711.325357914,-0.020380207630267932,-1.5795442402304056,1.5795005138052702,-3.141548929346753,-1.4975749917822094,-5.848596718038834e-08
1780319711.335665703,-0.020380207630267932,-1.5795442402304056,1.5795005138052702,-3.141548929346753,-1.4975749917822094,-5.848596718038834e-08
1780319711.345509291,-0.020380207630267932,-1.5795442402304056,1.5795005138052702,-3.141548929346753,-1.4975749917822094,-5.848596718038834e-08
1780319711.356057167,-0.020380207630267932,-1.5795442402304056,1.5795005138052702,-3.141548929346753,-1.4975749917822094,-5.848596718038834e-08
1780319711.365256071,-0.020380207630267932,-1.5795442402304056,1.5795005138052702,-3.141548929346753,-1.4975749917822094,-5.848596718038834e-08
1780319711.375412703,-0.020380207630267932,-1.5795442402304056,1.5795005138052702,-3.141548929346753,-1.4975749917822094,-5.848596718038834e-08
1780319711.385713816,-0.020380207630267932,-1.5795442402304056,1.5795005138052702,-3.141548929346753,-1.4975749917822094,-5.848596718038834e-08
1780319711.396501541,-0.020380207630267932,-1.5795442402304056,1.5795005138052702,-3.141548929346753,-1.4975749917822094,-5.848596718038834e-08
1780319711.405852079,-0.020380207630267932,-1.5795442402304056,1.5795005138052702,-3.141548929346753,-1.4975749917822094,-5.848596718038834e-08
1780319711.415677786,-0.020380207630267932,-1.5795442402304056,1.5795005138052702,-3.141548929346753,-1.4975749917822094,-5.848596718038834e-08
1780319711.425458431,-0.020380207630267932,-1.5795442402304056,1.5795005138052702,-3.141548929346753,-1.4975749917822094,-5.848596718038834e-08
1780319711.435796261,-0.020380207630267932,-1.5795442402304056,1.5795005138052702,-3.141548929346753,-1.4975749917822094,-5.848596718038834e-08
1780319711.445478916,-0.020380207630267932,-1.5795442402304056,1.5795005138052702,-3.141548929346753,-1.4975749917822094,-5.848596718038834e-08
1780319711.455735922,-0.020380207630267932,-1.5795442402304056,1.5795005138052702,-3.141548929346753,-1.4975749917822094,-5.848596718038834e-08
1780319711.466150761,-0.020380207630267932,-1.5795442402304056,1.5795005138052702,-3.141548929346753,-1.4975749917822094,-5.848596718038834e-08
1780319711.475844145,-0.020380207630267932,-1.5795442402304056,1.5795005138052702,-3.141548929346753,-1.4975749917822094,-5.848596718038834e-08
1780319711.485268593,-0.020380207630267932,-1.5795442402304056,1.5795005138052702,-3.141548929346753,-1.4975749917822094,-5.848596718038834e-08
1780319711.495549917,-0.020380207630267932,-1.5795442402304056,1.5795005138052702,-3.141548929346753,-1.4975749917822094,-5.848596718038834e-08
1780319711.505722046,-0.020380207630267932,-1.5795442402304056,1.5795005138052702,-3.141548929346753,-1.4975749917822094,-5.848596718038834e-08
1780319711.515623569,-0.020380207630267932,-1.5795442402304056,1.5795005138052702,-3.141548929346753,-1.4975749917822094,-5.848596718038834e-08
