time,target_shoulder_pan_joint,target_shoulder_lift_joint,target_elbow_joint,target_wrist_1_joint,target_wrist_2_joint,target_wrist_3_joint,actual_shoulder_pan_joint,actual_shoulder_lift_joint,actual_elbow_joint,actual_wrist_1_joint,actual_wrist_2_joint,actual_wrist_3_joint
1780327195.892074347,-0.017699910540453168,-1.5784675218906514,1.5784339054941015,-3.141559043359255,-1.5071849695405302,0.0,-0.016902878163471066,-1.5870596351547626,1.563478312885415,-3.0326676948097404,-1.5090813266586243,-0.004499722974631221
1780327195.991980076,-0.01770390545917344,-1.578469143640607,1.5784355126047451,-3.1415590320124367,-1.5071706429904017,0.0,-0.017034776201794728,-1.586455743678452,1.56294102025754,-3.032912315285342,-1.508078085540379,-0.0048600059669367925
1780327196.092073679,-0.008609719793989612,-1.5738387271533547,1.5747199554641969,-3.1447860765635967,-1.5398150176242353,-0.0004174533785530343,-0.0393210613493323,-1.508764827568891,1.4865058281458474,-3.0496697614842367,-1.4726833885714825,-0.005090719760630656
1780327196.192107677,-0.007967806711041803,-1.5744201365148909,1.5743583604947253,-3.1413895120120987,-1.542121975717171,-0.00010395346243186054,-0.03007595161936742,-1.493227933575378,1.4713600343873536,-3.0486418838660874,-1.473351210136326,-0.007251984406575446
1780327196.292006016,-0.007958203512010265,-1.5743853500894325,1.5743572583743026,-3.14151055685948,-1.5421564988741618,-0.0001461301705125706,-0.020219671892593095,-1.5245170718798198,1.5022016285396282,-3.04138516899868,-1.494900068717241,-0.008163912123206784
1780327196.392072916,-0.00795415014873857,-1.5743730498784583,1.5743565522033256,-3.1415522193008587,-1.5421710675945626,-0.00015854868521802956,-0.01414034875819665,-1.5524723794539899,1.5299911356350375,-3.037553111509147,-1.514543255643817,-0.007587282639483968
1780327196.492442131,-0.007952299940714447,-1.5743674516436998,1.5743562278808108,-3.1415711711869365,-1.5421777176736224,-0.00016415665225011367,-0.010969591958233195,-1.5681170263296496,1.5454416390484282,-3.035957926967653,-1.5274650359531767,-0.006363082265273009
1780327196.592072010,-0.007951765881006878,-1.5743658069785145,1.5743561432985853,-3.141576755200593,-1.5421796372093972,-0.00016577253964822347,-0.009300551602902652,-1.5757093207545658,1.5528155805383919,-3.035087110339437,-1.5351165462750687,-0.005128386094802429
1780327196.692154408,-0.0046870774176070995,-1.572919747464864,1.5729207650404102,-3.1416030290319146,-1.5539194359459358,7.331970615731335e-06,-0.021497124042077747,-1.5577196038153849,1.5347831691399263,-3.039904446280914,-1.5295630026701283,-0.004649833605057755
1780327196.792125463,-0.0005407227465141773,-1.5710440672966488,1.5710452737542955,-3.1415970927103762,-1.5688478776212564,2.670832406717798e-06,-0.016789026913806952,-1.5400881532717694,1.5167601909971777,-3.040391920819854,-1.5340237119877251,-0.004165427630127518
1780327196.892143011,-0.0010556878102114808,-1.5712809899410587,1.5712812621972723,-3.1415939841586438,-1.5669926107413676,9.545490870067843e-07,-0.003944854204502598,-1.539364963806337,1.5156298955067158,-3.038196650010459,-1.536908348687575,-0.0035904022434520176
1780327196.992372513,-0.005692943533135875,-1.5733703052601538,1.5733666633115315,-3.141589383991956,-1.5503010872950433,2.8789603400184065e-07,0.0031154237637367947,-1.5463258474301602,1.5225530603729867,-3.0368709261841573,-1.534771718661217,-0.0032056151892027114
1780327197.092431545,-0.014326789001684936,-1.5770808215089476,1.577058309623272,-3.14157027359514,-1.5192854304306387,2.2789716420060595e-08,0.005470411419095355,-1.5515064450916833,1.5278145680024775,-3.036790632172104,-1.5243898871509458,-0.0031263319821728075
1780327197.192268372,-0.02691589016756346,-1.582076629943428,1.5820039401387485,-3.141519968520847,-1.4741554746178327,-8.853567123878747e-08,-0.0011034306071231665,-1.558117468225002,1.5345363140768276,-3.036217906019903,-1.5066040018194764,-0.0035571163343690853
1780327197.292087555,-0.04180620619511277,-1.5873537979507617,1.5871971873474573,-3.1414360470811076,-1.4208165949998435,-2.997046877339926e-08,-0.011484125446048621,-1.5629994902125262,1.539460502568891,-3.0355334397071827,-1.479902604692975,-0.004517421533190049
1780327197.392022371,-0.05778166846284627,-1.5922513141344057,1.591988358460531,-3.1413297054954925,-1.3634871088346632,2.352104974432141e-08,-0.026461735524620923,-1.5734120401223208,1.54989202293929,-3.0339411813438844,-1.4461630894532087,-0.006283246783257971
1780327197.492298603,-0.07164886026775896,-1.5958506505428502,1.5954931245935318,-3.141237974431372,-1.3135001757846156,7.729071108316187e-06,-0.047443671783684666,-1.590955237858549,1.567197110621882,-3.031225530197109,-1.4107710973815497,-0.008810289135048428
1780327197.592288256,-0.07168877489750525,-1.5958607582854247,1.595502280630942,-3.141235213005545,-1.3133558691435514,2.854634998956412e-06,-0.06939099103745938,-1.6817155983034109,1.6543628380498763,-3.0148452483159742,-1.4373831207070158,-0.012447507964443025
1780327197.692271233,-0.07168877489750525,-1.5958609875428813,1.5955022588876853,-3.1412343088347687,-1.3133558691435514,1.0702042783723663e-06,-0.07238965732826909,-1.6667154840775193,1.6400151159837055,-3.0225982710567156,-1.406684309006212,-0.012211674403912532
1780327197.792208433,-0.0717269108960421,-1.5958701207490842,1.5955110356446622,-3.141233718442918,-1.3132179903153407,4.1593949295898134e-07,-0.07156085303446066,-1.6382780447710914,1.612668394293934,-3.02875034054496,-1.3660153174615466,-0.012810394136708637
1780327197.892216682,-0.08432283414223463,-1.598599961876995,1.5981583918470026,-3.1411511473273706,-1.2675213618824888,1.5793941169221545e-07,-0.04869177807597822,-1.6153043811886132,1.5908152967079032,-3.0316909763018267,-1.3192139843396264,-0.01406281255917172
1780327197.992168903,-0.10175099753174166,-1.6015013794264075,1.6009628298681469,-3.141054129278944,-1.2036416860752528,4.6833497604554344e-08,-0.05493635923076842,-1.6043845544074866,1.5805209796586484,-3.033334987216877,-1.2646230023668004,-0.017032579810318707
1780327198.091992378,-0.117743992915881,-1.6032211434405967,1.6026205742063735,-3.1409920921185432,-1.1441212956663698,0.0,-0.07394603343285991,-1.6025397243911073,1.5788145452992588,-3.0331487403163835,-1.2199725337276812,-0.021072435664454343
1780327198.192024708,-0.13531357318826487,-1.603989324217677,1.6033599584591658,-3.1409632765530375,-1.077405705994349,-4.4368042573239563e-08,-0.09426138847162259,-1.6021957657549084,1.5785545753949501,-3.0334037288324742,-1.1759744476516765,-0.024794760253243567
1780327198.292169333,-0.15209821461949602,-1.603519211288675,1.602907540151499,-3.1409809557432258,-1.0119817868722274,-6.862148005382096e-08,-0.1158059722447276,-1.6018514184022257,1.5783305776107575,-3.034493442919894,-1.1250559870979324,-0.02825042831707373
1780327198.392121792,-0.16767015552015785,-1.601903966857165,1.601351180987543,-3.1410398252374785,-0.9493861894168303,-1.0025078989173153e-07,-0.13578506019244238,-1.6022765490443618,1.5788776057372138,-3.0360287021308063,-1.068877652029059,-0.03154357091406688
1780327198.492003441,-0.18245448576864298,-1.5991739445753996,1.5987139139365403,-3.141132563797604,-0.8878069338429881,-1.2407708016581864e-07,-0.15190374760791148,-1.6031043176417334,1.579833217558048,-3.0376820586465483,-1.0089196972559358,-0.03470354260342142
1780327198.592046738,-0.1966430116068949,-1.5952840379421405,1.594941467867832,-3.141250007137002,-0.8262155316150146,-1.351669336457917e-07,-0.16640813816855904,-1.6036132069544093,1.58051018281639,-3.0396757013131137,-0.9462903359372379,-0.03771208175907296
1780327198.691998005,-0.2108130885660362,-1.5899275812461156,1.589718475400294,-3.14138346573871,-0.7615892612643318,-1.4666828551668232e-07,-0.17932806899636672,-1.6102713459482176,1.5870530355646388,-3.0405454517584065,-0.8847187489442845,-0.04115285218451298
1780327198.791991472,-0.2237156197359349,-1.5834973286819176,1.5834051576724786,-3.141500416613999,-0.6992433190258485,-1.107509248754468e-07,-0.19525719630963653,-1.6095231844711053,1.5865177043796277,-3.0435848713856815,-0.8206256190111796,-0.04327966980050517
1780327198.892113447,-0.23531115440968264,-1.576149334939041,1.5761329566404638,-3.141576238010693,-0.6394863219921962,-6.300578458962036e-08,-0.20851791964556468,-1.6001053723803933,1.5776559814992408,-3.0476284244559437,-0.7572136408429448,-0.04458546511389711
1780327198.992155790,-0.24579156628237975,-1.5678892299658962,1.567884402591467,-3.1415878268553223,-0.5814652171227408,0.0,-0.2200777284392155,-1.5895878125449956,1.5676975161554243,-3.0515924079611314,-0.6951902956192854,-0.04554803670497942
1780327199.092162132,-0.2552172957274603,-1.5587615368210228,1.5586788066757382,-3.141509978262437,-0.5249251754873816,7.313964311994906e-08,-0.23066946610199443,-1.5797132225271682,1.5582834525493265,-3.05553199217829,-0.6360195606216061,-0.045956641296944246
1780327199.191962481,-0.26363801651504115,-1.548800560758563,1.5485241998963364,-3.141316408129674,-0.4696448586214039,1.485094587796407e-07,-0.241389994160023,-1.5686237029684582,1.5475701673509417,-3.060085333903785,-0.5769277644395412,-0.04541463502221222
1780327199.292104721,-0.27116787184796465,-1.5379147725009998,1.537297188076201,-3.1409752218387763,-0.4148636770472445,1.822564454469618e-07,-0.25025215914568044,-1.5517927867104877,1.5309274466395033,-3.0651441442303393,-0.5207698094852181,-0.04372795635796101
1780327199.392000675,-0.27782261448220513,-1.5260746738236568,1.5249323168429956,-3.140450470363425,-0.3603282062065203,1.9302028032931e-07,-0.2584075202676988,-1.5400024343861105,1.5191373328603248,-3.0690341807796777,-0.466509668043592,-0.04244155462306883
1780327199.492031097,-0.2835372949651269,-1.513408637266875,1.5115277580264828,-3.139711961595841,-0.3064911262044161,2.0315268078874427e-07,-0.26644672509673434,-1.5309256763762198,1.509940119424877,-3.0727001657294837,-0.4126698037189352,-0.04080162956893021
1780327199.592320681,-0.2878694524330587,-1.501378988570087,1.4986272547708903,-3.1388411144705475,-0.2587814384413951,2.0315268078874427e-07,-0.2731373331218488,-1.5219879677173571,1.5007369468106297,-3.076197286257893,-0.3633713095675625,-0.038686323953088284
1780327199.692093849,-0.29179755198719715,-1.4873740317193755,1.4834006598318217,-3.1376194786865286,-0.20662880987792853,2.0315268078874427e-07,-0.2793367458762198,-1.5108363002611593,1.4890727496302683,-3.0799528843008406,-0.31059288093668846,-0.03588513187403423
1780327199.792010069,-0.29481920995855937,-1.4727535719823708,1.4672666123203217,-3.1361058834614517,-0.15537205570609736,2.0315268078874427e-07,-0.28433069362977786,-1.4984973121592233,1.4759634874276866,-3.0835150838867436,-0.25986384743150037,-0.03269767664279822
1780327199.892149210,-0.29679019931525996,-1.4591059780424036,1.451986791195941,-3.134473633535186,-0.10996113045711642,1.6829191821415571e-07,-0.28854265888624664,-1.484280208966661,1.4606114023084649,-3.0870233312002884,-0.20882013267297606,-0.02896293419575749
1780327199.992033958,-0.2981800740747005,-1.4434104488942125,1.434152629623263,-3.1323349215081415,-0.06017040852383282,8.357630874700271e-08,-0.29177528151447635,-1.4691068255425312,1.443951655192974,-3.0900731166146906,-0.1599118750310312,-0.025090490917730746
1780327200.092385292,-0.2987551831659587,-1.427188780524144,1.4154272042179215,-3.1298303228646795,-0.011022345200482064,-7.624686082507992e-07,-0.2940686667378509,-1.4537842036580404,1.4268415677918318,-3.0925975107518022,-0.11378311736458963,-0.021236711076715716
1780327200.192088842,-0.29855006706817555,-1.4106621397828452,1.3960436344802845,-3.1269747420085303,0.03700016600743844,5.820542464819337e-07,-0.2959515658157452,-1.4373271643910046,1.4081471923962257,-3.0948538645914616,-0.06553328828633435,-0.01707595487444774
1780327200.292314768,-0.2977456306371131,-1.395624085439401,1.3781381211602297,-3.124107118543079,0.07915834269056668,4.2440263832520094e-07,-0.29676614817559466,-1.4212281081779672,1.3895378417929227,-3.09657156405001,-0.019418282264186158,-0.013055821961971527
1780327200.392560005,-0.2962092147076092,-1.3787122242008625,1.3576973482911394,-3.1205781513526776,0.12505473544837262,3.576615169844729e-07,-0.29626736529008246,-1.4054511280870816,1.3709926309094334,-3.097877602449239,0.026607366965681136,-0.009108124073998235
1780327200.492277384,-0.294043637491578,-1.3616369843808567,1.3367333151191874,-3.1166893280015024,0.1699805864658607,3.3485192092341064e-07,-0.29508302700194905,-1.3901583887658413,1.3527214403755523,-3.0988035230096718,0.07124979462861444,-0.005275368081950758
1780327200.592461109,-0.291252572509328,-1.3441943886236043,1.3149812900423552,-3.1123798742916766,0.21459902690018046,3.1189744758879895e-07,-0.2934740574756454,-1.3738928073666719,1.332974381245627,-3.099418826814811,0.11761133474123714,-0.0012283046373941417
1780327200.692167521,-0.2878455019987971,-1.3263568025286894,1.2923856236571534,-3.107621768621905,0.25906824105078735,2.882133343867064e-07,-0.291434864323164,-1.3573730489997144,1.312592846635343,-3.0995025741932167,0.1614585224857875,0.0026660495461931
1780327200.792390823,-0.28384220983029174,-1.3081650813211478,1.2689770071517694,-3.1024048326378693,0.3033673107798267,2.415481940418761e-07,-0.2879787825619302,-1.3393925493175818,1.2900466726650515,-3.0987879997588257,0.20364989732535163,0.006440883424484187
1780327200.891947031,-0.2791576863469114,-1.289248770986955,1.2442472746761408,-3.096591312449886,0.3484483994615664,1.4664858614828745e-07,-0.2851726219366873,-1.3215934872073625,1.267379058363795,-3.0977179862114834,0.2479637069014422,0.010112192165881797
1780327200.992112398,-0.27388592439687187,-1.2700010688421548,1.2186791230513678,-3.090270762133965,0.39342516359704527,5.87519689005778e-08,-0.2823866154318666,-1.3044718677828966,1.245233376151474,-3.0961252449714234,0.29298229877472004,0.013355825554564391
1780327201.092025757,-0.26808391604014936,-1.2505698253288937,1.192454326681777,-3.0834771210049503,0.4380375597799812,-2.8576737420848985e-08,-0.2781039041884087,-1.2868353407203825,1.2220558216612418,-3.0938883565637534,0.3373784092303988,0.01639045608264541
1780327201.192275047,-0.26187244960211764,-1.2312597608546438,1.165983916733914,-3.076316703001391,0.4816887613155906,-1.022449120924307e-07,-0.27272994891966584,-1.2673586633072187,1.1960362765309198,-3.090781629582512,0.38015933398197727,0.019449214895091767
1780327201.292081356,-0.25541593633284254,-1.2124342575838138,1.139786776577731,-3.0689450098704683,0.5236790262065253,-1.6140555292309955e-07,-0.2666510268241282,-1.2475243765895145,1.1691193896719732,-3.087021499692437,0.42154775849871845,0.022291186301986503
1780327201.392009258,-0.24855429834992648,-1.1935220100317334,1.1130818937508018,-3.0611523571838566,0.5653797328588077,-1.856220324114588e-07,-0.25978952078419404,-1.2254908169552179,1.138691745282931,-3.0822507549957154,0.4623672582519172,0.025275223796170313
1780327201.492318392,-0.24126628628737734,-1.1744292577903401,1.0857302808427967,-3.0528935190357154,0.6070599604037393,-1.746742341879326e-07,-0.25247929594194995,-1.2044226475840434,1.1091348042111198,-3.076924315856576,0.5020007880173214,0.027712108088096942
1780327201.592132568,-0.2335922947651934,-1.1552337960443877,1.0578362730052413,-3.044195004176868,0.6486083188696838,-1.3827190592508032e-07,-0.24577284237357744,-1.1850690688526218,1.0815772191064752,-3.0715104735154837,0.5428032446258252,0.029672174223800415
1780327201.692041636,-0.2255737600675607,-1.1360063411160688,1.0295000507067258,-3.035086269684148,0.6899313617929167,-1.1266480726135342e-07,-0.2390833630827203,-1.166402851892001,1.0546096738335395,-3.0657366419894423,0.5835845483610737,0.03126257117650443
1780327201.792031765,-0.2172463571423302,-1.116797478694549,1.0007972520398762,-3.0255923651922862,0.7309794841402304,-7.378092448107054e-08,-0.23197551226938284,-1.1474715809273563,1.0268607969468029,-3.05939385139172,0.6243513938474208,0.0326502701471465
1780327201.891990423,-0.20865447153074523,-1.097673548530981,0.971831569059149,-3.015750641692263,0.7716687202916062,-4.8601262570002746e-08,-0.22410647807061002,-1.1273891519169528,0.9969966664084443,-3.051936369707148,0.6650350552331843,0.033744192910581935
1780327201.992125273,-0.20070132842927624,-1.0805196950993885,0.9455199615175836,-3.0065929115298875,0.8080597635443258,-2.429172329954099e-08,-0.2162093128753311,-1.1082324645577213,0.9681045067892479,-3.0442684989667432,0.7025119919171955,0.03453955334926714
1780327202.092076540,-0.19165502925367672,-1.0615727696190245,0.9160964695293867,-2.9961163686618004,0.8481847047473886,1.0393267265213503e-08,-0.20858813605890256,-1.089116088625235,0.9389001821038468,-3.0361869670949906,0.7413269605449644,0.03511583194332288
1780327202.192462921,-0.18339904973011478,-1.0447499643713396,0.8896542543894622,-2.9864969770434833,0.8837890809364641,3.189417800421076e-08,-0.20092581046052915,-1.0700575347235848,0.909425229527197,-3.0275211206007544,0.7814087179713857,0.035324870775774175
1780327202.292307377,-0.1760030395877017,-1.030023441704806,0.866262396707766,-2.9778316557886084,0.9149688994143189,5.4234957704278824e-08,-0.19475340355530862,-1.055331855921029,0.8863887903443585,-3.020479974644567,0.8123630520639562,0.035318825142322346
1780327202.392055511,-0.1667077982669607,-1.0119365161520912,0.8372207907829092,-2.96687698926884,0.9533165266216449,7.649884477302207e-08,-0.18676609851860615,-1.037271985189867,0.8578321157939931,-3.011395201859197,0.8500694403292358,0.03508422910930894
1780327202.492284060,-0.1572946151484267,-0.9940595161334373,0.8081785404606749,-2.955711748940554,0.9913196074850048,9.745460720157837e-08,-0.17728413107075466,-1.0190197983242708,0.828651930383186,-3.0017171132537666,0.8892149480814828,0.034557338075002955
1780327202.592379332,-0.14760898004060863,-0.9760906107077352,0.7786487740983654,-2.9441508940453067,1.029667441156428,1.0871865668131857e-07,-0.16707230932496198,-1.0024533076703452,0.8019022631619794,-2.9928007110923938,0.9277780760880576,0.033935067483997064
1780327202.692223072,-0.13859194057437296,-0.9597238734244318,0.7514568289311383,-2.9333256878157723,1.0647707446136077,1.1912341043664966e-07,-0.15725678480241825,-0.9868122216856721,0.7764147305539641,-2.984205434529924,0.9661098698384785,0.03321066997761944
1780327202.792124510,-0.1282056709435171,-0.9412787307664416,0.7204742195514312,-2.920788213503692,1.104587914785875,1.1912341043664966e-07,-0.1471230210824445,-0.9751649662608282,0.7573109167421462,-2.9786413592017196,1.0073833808089891,0.032666563179938136
1780327202.892010450,-0.11799038271981477,-0.9235415527749984,0.6903428189563755,-2.9083939714008507,1.1431961472837056,9.47783384803446e-08,-0.13977860804133335,-0.9653488102035954,0.7412624196003964,-2.9745610095610906,1.0523851466076122,0.032028150714043684
1780327202.992154360,-0.10799687579769479,-0.9065629510632789,0.6611888624546917,-2.896218595950414,1.1805141967303432,6.160691801661447e-08,-0.12962575547617958,-0.94515883700885,0.7074098686995618,-2.9613366640189067,1.092520904446398,0.030351134185104874
1780327203.092097044,-0.09798200803069079,-0.889910020327771,0.6322974243119747,-2.88398006963407,1.2175327396991806,1.4377007968474811e-08,-0.11837499203341124,-0.9234135294854928,0.6703999339403716,-2.946074836390485,1.1281795918726008,0.028433374506760607
1780327203.191942453,-0.08789633754116455,-0.8735024335821562,0.6035430884088593,-2.8716333049061453,1.254492239758602,-2.4270350174049327e-08,-0.10756737013423982,-0.9029360348429725,0.6352084083637837,-2.931126461211318,1.162906157236169,0.026443349611485745
1780327203.292442799,-0.07778737068254582,-0.8574252198830372,0.5750885315865879,-2.859255950353513,1.2912723215134938,-5.61836319690201e-08,-0.09763586940369395,-0.8836883111115768,0.6018457458326548,-2.916381508980883,1.197705974112706,0.024366948686413967
1780327203.392119646,-0.06865114790309423,-0.8432195919400787,0.5497151634816732,-2.848088210491945,1.3243302665393535,-6.768782778721061e-08,-0.08858667055327717,-0.8609888601147366,0.5621918983951316,-2.8967005267707555,1.2303563810329081,0.021648818299480593
1780327203.492115498,-0.0583092903087703,-0.8275264102316742,0.5214309257048743,-2.8354971599203482,1.3615898698512494,-6.768782778721061e-08,-0.07814447545111654,-0.839911099022987,0.5248031500055818,-2.877699322088988,1.264691814499395,0.018972610157688075
1780327203.592197418,-0.04784866594525905,-0.81209636924208,0.4933592117442613,-2.8228554922342464,1.3991543177365855,-6.768782778721061e-08,-0.06807054137590986,-0.8258451319858642,0.499673237485778,-2.8661297937832533,1.3024506415391544,0.01702830173690419
1780327203.692713976,-0.03734000890114331,-0.7970821060467514,0.4657926784768641,-2.8103032271171515,1.4368179830363987,-6.768782778721061e-08,-0.057953099879158636,-0.8134775861448578,0.477536287981514,-2.856537172962717,1.3430444028010415,0.015201620381954755
1780327203.792315722,-0.02681432083710078,-0.7825843248326381,0.4389370677186982,-2.797945401858243,1.4745193252318867,-4.686416765764534e-08,-0.04810606095141603,-0.8012953979744308,0.4555543893485859,-2.846869484613653,1.3824802341565898,0.013374520549302703
1780327203.892275572,-0.016290268051782242,-0.7686990443270645,0.41299523906686625,-2.78588885702866,1.5122408562549268,-3.663720882229882e-08,-0.03827766950253687,-0.7888078839891906,0.43279417015099214,-2.8365157201226725,1.4209678742821394,0.011494364544560584
1780327203.992563248,-0.005778062772296977,-0.7555286064500812,0.38818719079793307,-2.7742512487910935,1.5499949453421982,-2.5878537535106716e-08,-0.027973963064420487,-0.7754313095385514,0.40821775347488665,-2.824814276726344,1.4605629701550966,0.009452520525115431
1780327204.092143297,0.004740306905597791,-0.7431655594760258,0.36471926192161275,-2.763146367645299,1.587895555910914,0.0,-0.017672405276886495,-0.7615813636601407,0.38261705421990017,-2.8118152009146087,1.4996387166032537,0.007353836875434539
1780327204.192013979,0.015283511092423652,-0.7317383656135243,0.34287044763234015,-2.752724747228334,1.6260610120292782,0.0,-0.0074926067086512555,-0.7482302107647163,0.35779045518310565,-2.7986141573364134,1.5377490159184855,0.005340307903250823
1780327204.292187929,0.025846350657924733,-0.7214412586956716,0.32305144981117767,-2.7432028539702773,1.6645260067392267,2.129591691594432e-08,0.0029152076342193415,-0.7355223421797881,0.3340433637810679,-2.785614786310675,1.5768982487463599,0.0033915970349785965
1780327204.392381191,0.03519858924903985,-0.7134613033383168,0.3076060773962336,-2.7357374339316562,1.6988173971596774,3.2001805311548206e-08,0.01235499574476306,-0.7254469675957269,0.31505322082679776,-2.775619085190843,1.6154559273810247,0.001607985102412598
1780327204.492072821,0.04531868537121664,-0.706237621607686,0.29355895133251386,-2.7289139851699398,1.736221129169114,4.2322075823749296e-08,0.02214391338120324,-0.7171295576716865,0.2992714189334852,-2.7678844814495656,1.6564104048087227,-0.00022819595708046327
1780327204.592122555,0.05523814127654059,-0.7008013502770547,0.28294622021321675,-2.7237375199057974,1.7732336593575007,5.324499780058493e-08,0.03233002605593145,-0.7108179810365325,0.2872022156765694,-2.762452527821766,1.6959565314453597,-0.0020468238336692245
1780327204.692289591,0.06511778609892471,-0.6972213768493063,0.2759378317098991,-2.720309098583524,1.810497235753132,6.421292070271238e-08,0.042830054462156056,-0.7059089177813771,0.2777594375372921,-2.7585581592392416,1.7355236754058834,-0.003938841035994987
1780327204.792207718,0.07498118878660898,-0.695657355774328,0.2728711134528563,-2.718806394675842,1.8481562137909033,7.497071983168962e-08,0.052939042377454316,-0.702152856860998,0.27056744209925143,-2.7553435777066917,1.7737309777042018,-0.0057177862030122805
1780327204.892677307,0.08487716224032682,-0.6962337437709643,0.2740016402697519,-2.7193605262705898,1.886462976029818,7.497071983168962e-08,0.06371330367827928,-0.6989263846073994,0.26452046216165165,-2.75155604427507,1.811821037390102,-0.00722584457541391
1780327204.992171526,0.09485213444276575,-0.699041136367228,0.2795022602277228,-2.7220537587560503,1.9256793914660288,6.447806580215716e-08,0.07303039423113601,-0.6978210869524606,0.262488275729503,-2.749998859575083,1.8498208145386763,-0.00875111756595013
1780327205.092244387,0.1047477550955358,-0.7040056559160508,0.28920600976798233,-2.726793002150382,1.9652645682958343,2.9270725245378152e-08,0.08280384002786119,-0.7000813001701074,0.26680492389502763,-2.7526964815079222,1.891188686442966,-0.010648376181055835
1780327205.192108631,0.114569705188029,-0.7109867513386465,0.30280111631598466,-2.7334070284391934,2.005316613896725,0.0,0.09266642087229805,-0.7041730283966858,0.27472149011585734,-2.757063601094097,1.931104347335897,-0.012481701606355287
1780327205.292010784,0.12411256577616059,-0.7196052612199031,0.31950452589641104,-2.7414919552213637,2.0450555573481872,-4.9509512045631254e-08,0.10255980790621692,-0.7095002707505804,0.2850565363950642,-2.761942452714102,1.9717606416176863,-0.014114618052231237
1780327205.392522812,0.13239775018740163,-0.7284536643651913,0.3365618624338557,-2.7497009120176372,2.080302221819669,-8.597221157202739e-08,0.1126330896670416,-0.7157958475789767,0.2972313857136511,-2.7669529886039474,2.0120199619679715,-0.015419355511653835
1780327205.492298365,0.14130879942347163,-0.7392918164368156,0.3573296565289185,-2.7596305768215443,2.1190841561538227,-1.083689671332877e-07,0.12189902895901403,-0.7220494895351068,0.30948303428671736,-2.7707367666109644,2.052422349418098,-0.01608580779012228
1780327205.592530251,0.15021841825871451,-0.7514169414058083,0.38040178905690814,-2.770577591997582,2.1588825645789678,-1.1923290799131792e-07,0.13172667941609942,-0.7282124339902065,0.32144784110582963,-2.7730635630070015,2.09248707157993,-0.016016151630322058
1780327205.692754745,0.1590078660812837,-0.7645828351060784,0.405263059056139,-2.782272966492632,2.199286257731005,-1.1923290799131792e-07,0.14078177138685458,-0.7380182699452265,0.3400183808811132,-2.780367309065243,2.1334374710657014,-0.01677921348016478
1780327205.792175531,0.16760483730511977,-0.7785869440903452,0.4314909948417661,-2.794496785396655,2.2400624713863113,-9.771386011436789e-08,0.1492512343047126,-0.7497879280822684,0.3621841698372828,-2.790251700704308,2.1743661023798473,-0.017894957475435118
1780327205.892120361,0.17597586465104453,-0.7932906309035523,0.4587919616607833,-2.8070940525909607,2.2811433237133603,-7.547825031650746e-08,0.1577537140146509,-0.7629391631953926,0.3867969625939562,-2.801371353545403,2.216575387339516,-0.019044746421520004
1780327205.992292404,0.18408576537333277,-0.8085635429049685,0.4868952220995015,-2.819924383776277,2.3224432193043234,-5.14428633024977e-08,0.1659225483615233,-0.7767813061198394,0.41249649702138,-2.8127008797189945,2.260174667116721,-0.020041614508673637
1780327206.092079163,0.19191551296805587,-0.8243163965319269,0.5156124188231807,-2.83288870541956,2.363950410085576,-2.999589199248476e-08,0.1735499220701286,-0.7901512012153402,0.4370786126577787,-2.8231655443702657,2.3023942237905666,-0.02077871255384977
1780327206.192154408,0.19947954100804122,-0.8405464356362238,0.5449161362939302,-2.8459623623326262,2.405840485090659,0.0,0.18098516376504,-0.8035514458275621,0.46149189124517015,-2.8332052042080544,2.3437402654421366,-0.021262244847358384
1780327206.291985989,0.20670385585895357,-0.8570710396375549,0.5744585567555606,-2.858980145152679,2.4477976056284696,3.7980777917328886e-08,0.18847976346979345,-0.8182616971195005,0.48805880423001013,-2.844058895510813,2.386674336531236,-0.021680044612255006
1780327206.392277718,0.2135461483429626,-0.8737616478901016,0.6039996087909573,-2.8718305557037502,2.4896362999192467,6.917348944079304e-08,0.19565534352877242,-0.8332889185044552,0.5149835732691896,-2.8549557819435623,2.4285251595165134,-0.021978489985621127
1780327206.491971016,0.21936471660901624,-0.8888671083213726,0.6304782812699685,-2.883203735067629,2.5271451775350333,1.019479349407566e-07,0.2025095032220361,-0.8484324081532906,0.5418979421146928,-2.8656458860057095,2.469339408286309,-0.022097582047865733
1780327206.592058182,0.225382361633359,-0.905518750002436,0.6593859457522443,-2.895459719044936,2.5681993179110263,1.3588018686429168e-07,0.20928359825585485,-0.8644079064034775,0.5700484920418213,-2.8769348137711823,2.5092744327812087,-0.022266870543953748
1780327206.692171097,0.23097984027266172,-0.9221242698273997,0.6879209119049942,-2.9073891244141077,2.608916571124477,1.8243301248546057e-07,0.21641073223499963,-0.8823709864009208,0.6014568078860385,-2.889921808595583,2.5498675396380204,-0.022725339728247463
1780327206.792051077,0.2362619868498792,-0.9389978155286673,0.7166181125028137,-2.9192127385194815,2.6501376923878337,2.1654256282294077e-07,0.2230470880382836,-0.900760960339265,0.6333934964694928,-2.9031272747050467,2.5888224383873766,-0.023183853835549
1780327206.892058134,0.24132719818944848,-0.9565517296202835,0.7461540760154466,-2.9311947691272495,2.6929268752361417,2.3760070503630343e-07,0.2313602526017651,-0.9243785756422733,0.6739830314663606,-2.9207743304716183,2.6271298223437594,-0.024445938536756518
1780327206.992082357,0.2460842268016985,-0.9746200351402923,0.7762171010305224,-2.943189528672758,2.7369369514109256,1.9908884936828214e-07,0.23732186672347458,-0.950895976908158,0.7194784561058963,-2.940786509341707,2.664022446092447,-0.025973504030612556
1780327207.092417479,0.25036216393604804,-0.9926240601569907,0.8058320401526899,-2.9548005145100364,2.7808190207752057,1.3133545777597484e-07,0.2417865185377555,-0.9659128969982369,0.7446774072819905,-2.9486765129226615,2.704459247561153,-0.02449346752614291
1780327207.191982985,0.25414465906396233,-1.0104755336862574,0.8348599548377641,-2.965977055660763,2.824413434545757,2.6043490913023416e-08,0.2458820843570617,-0.9779358000354428,0.7641868983145997,-2.9529158494513714,2.7481278082731984,-0.02206869623778376
1780327207.292501450,0.25715209262181826,-1.0265346630923418,0.8606873452807455,-2.975745433304719,2.863745297339308,-8.672654949748448e-08,0.24968176213569945,-0.9911030725806134,0.7853729706707593,-2.9577463273222464,2.7923864598833155,-0.019600528714631114
1780327207.392020226,0.26005661589796425,-1.0444364099831258,0.8891585637862011,-2.9863150688587945,2.907763335580346,-2.455730818695656e-07,0.2530257004702495,-1.006018159868665,0.8093375571797305,-2.9637535499419148,2.836635129230632,-0.017167999147503974
1780327207.492019415,0.26249970403144574,-1.0624977422487696,0.9175416713755852,-2.996636988610179,2.9524060647022154,-3.8337752972239514e-07,0.2548204067596101,-1.0175590661256804,0.8275980084344171,-2.967040335620988,2.883192142032775,-0.01426097716292629
1780327207.591986179,0.2644756100528405,-1.0809118209590727,0.9461248734290145,-3.0068062330231853,2.998211169279603,-5.015792119422713e-07,0.25751897676824903,-1.032109484288922,0.850400860794484,-2.9718125062193943,2.929877636347136,-0.011184689229380484
1780327207.691999197,0.2659318430514138,-1.099530417815549,0.9746610162509471,-3.016723957206453,3.044875562655801,-6.795470959275463e-07,0.26017241029078053,-1.0523527776450683,0.8823314811485861,-2.9804197157564527,2.974491094664857,-0.008389157679779491
1780327207.792031288,0.2668318109638812,-1.118248860776112,1.0029796583795088,-3.02632462079841,3.0922001359725235,-1.1449744166114328e-06,0.2622384635224781,-1.0738069228855114,0.9159739322733101,-2.98961708998006,3.0179297316401272,-0.005591460922198839
1780327207.892058134,0.2671492964142389,-1.1370151670716817,1.0309965744687684,-3.035605568138386,3.1401457846630785,-3.1484451552543646e-05,0.2636812632872189,-1.0944339540249448,0.9478996357639055,-2.997814899232691,3.060952975054063,-0.0026121687456588565
1780327207.992024660,0.2668603953244062,-1.155841486465249,1.0587253587120307,-3.0444758385203556,3.188710844536336,7.072172916540136e-07,0.2645741666296232,-1.1147812928926797,0.9789025446385335,-3.005085651905464,3.105900444614576,0.0006996694318998173
1780327208.092005968,0.2659426121067082,-1.174658547912376,1.08606104123762,-3.0529949521151165,3.2378808253877494,2.1115217673179505e-07,0.26490746488853567,-1.1338363496184893,1.0074563311589608,-3.0112626455785736,3.1508959405893644,0.003982416234196959
1780327208.192358732,0.26436609042203374,-1.1935406688610115,1.11310839225809,-3.0611603413974633,3.2878857186795334,4.76948515118359e-08,0.2647236501634791,-1.1521514810338633,1.0344288985620258,-3.0165940426550013,3.1978157291476457,0.0072827208235764895
1780327208.292005539,0.26210831312995264,-1.2124130221138536,1.1397569801228393,-3.068936651662442,3.3386034399735505,-2.680762456463981e-08,0.26360145207266034,-1.17019865765889,1.0605954486343248,-3.0212793238286215,3.2451629838345157,0.010684694124715495
1780327208.392047882,0.25921028823735603,-1.230886737840768,1.1654685578733461,-3.0761745551762885,3.38904145848586,-7.626601039589787e-08,0.26131297910513385,-1.1895844799177704,1.0883567613388088,-3.025947989446849,3.294191528591814,0.014327308861943954
1780327208.491968155,0.2556736317959274,-1.24902598062444,1.1903529937486652,-3.082919772051361,3.4394077721207537,-1.0976031550313792e-07,0.25869174234504627,-1.2086310581929256,1.1152729478195547,-3.0300452081942364,3.342254629916186,0.017980071184512263
1780327208.592154980,0.25189408430407745,-1.2652924733697217,1.212362339126826,-3.0886626365865553,3.4853536251205717,-1.2031195506523318e-07,0.25560875625469887,-1.227501352281699,1.141560532648315,-3.033543370506726,3.3905033359217693,0.021694776499825374
1780327208.692104340,0.2470076707769875,-1.2833024919219982,1.2363919753146582,-3.0946822598633137,3.537169518579615,-1.3154103672974315e-07,0.2520657704977636,-1.2468804314000383,1.1681311181992897,-3.0365992096080148,3.4408071578108443,0.025500419530891653
1780327208.792082548,0.24131657037510013,-1.3014043979865226,1.2601840874466688,-3.100372465217682,3.5903521944850536,-1.4196404496402693e-07,0.24882363864532892,-1.2655379417881427,1.1933044830306145,-3.039043597771446,3.489077285789556,0.0291158479880956
1780327208.892127037,0.23482577020595652,-1.3194419352792535,1.2835310847353592,-3.105681919459299,3.644563283951047,-1.4196404496402693e-07,0.2445568649747072,-1.2840143301575848,1.2178395032702698,-3.041103983776053,3.538328403969875,0.03249765942682126
1780327208.992035151,0.22752166877023794,-1.3373567704250737,1.3063617144730229,-3.1105977002655747,3.699742098873202,-1.4196404496402693e-07,0.23948492856460946,-1.301644059496347,1.2408473484439426,-3.0427039287139364,3.5887197397782113,0.0354828109696781
1780327209.092070818,0.21914899036602042,-1.355602039249657,1.3292458701498264,-3.115236550891777,3.7574665722188736,-8.976732512877561e-08,0.23366713864350913,-1.3203525330662371,1.2648811241769933,-3.044182777098273,3.6418333056038903,0.03828126317233937
1780327209.192172050,0.20990772759219656,-1.373591499788244,1.3514447541994152,-3.1194459345630743,3.8160752805129747,-3.368354040134136e-08,0.22592519411161222,-1.3396610410525138,1.289290983027113,-3.0452537768973005,3.696354711420189,0.040958550090959715
1780327209.292033911,0.1998811066665257,-1.3911372287235473,1.3727463759297842,-3.1232017928602485,3.8750657383388414,2.0523409744376537e-08,0.21744290344553097,-1.3591443829196548,1.3135088709329086,-3.0459180408170887,3.7516345051627176,0.043354812317030866
1780327209.392067909,0.19023824524985133,-1.4064675712330637,1.3910748860073074,-3.126199935723227,3.928274854810985,6.000047773661775e-08,0.20849394421320022,-1.3777350244662419,1.336218237097724,-3.046124955625723,3.805515592576019,0.04531978056493466
1780327209.491971731,0.1788518068734909,-1.422985025389183,1.410526014348666,-3.129133589744621,3.987576946242416,9.929427755520655e-08,0.19977959719031116,-1.3947191496726044,1.3565862199428518,-3.0458929273344837,3.8587656286636363,0.04674847575365008
1780327209.592074633,0.16674366188038725,-1.4389911453481297,1.4290807394971674,-3.1316821865210978,4.047268661228289,1.3151030410803112e-07,0.18955837323481023,-1.4093537620925263,1.3737887889820817,-3.045540060139697,3.9154323915146283,0.047227696602662586
1780327209.692479134,0.15486854220407775,-1.453380361722484,1.4455133812844734,-3.133725620582863,4.103078057254931,1.3151030410803112e-07,0.17889101400126725,-1.4229294522360956,1.3893940913141285,-3.0447026271455893,3.975630867803135,0.04720740953020453
1780327209.792651892,0.1407809983260636,-1.4690229880048724,1.4631108573099507,-3.1356804828537084,4.166425416460456,1.0958575942463796e-07,0.16691659742808698,-1.4383181341020927,1.4069009410201518,-3.043567496426813,4.036251223325342,0.046985681445500915
1780327209.891973019,0.12586394485429397,-1.4841363060856336,1.4798486945392586,-3.137305014329438,4.230739728266525,8.878315917920504e-08,0.1544507913593667,-1.4536265134692092,1.4241148265549344,-3.042331038740927,4.094497920409174,0.04633824904461134
1780327209.992199898,0.11178267577534462,-1.4972123791239724,1.494120523915033,-3.1385007805211513,4.289316529836326,7.771199115869225e-08,0.14059182510672544,-1.4693893682695638,1.4415912054993913,-3.04098188946644,4.156168165812746,0.045071493994163554
1780327210.091999531,0.09549189455181395,-1.5110691259196862,1.5090317856671787,-3.139555304583409,4.354968134749575,5.5065881022203304e-08,0.12544015205102071,-1.4844819067976323,1.4580602411599883,-3.039634695812642,4.220340948645634,0.04304949218525859
1780327210.192065239,0.07865005006292547,-1.5241142333425088,1.5228695195385222,-3.1403479379458137,4.420891963645878,3.234841767101803e-08,0.10933744207642387,-1.4984791086339824,1.4730834349185378,-3.0382529242261613,4.285657215179993,0.04034816540200893
1780327210.292042971,0.061348255496378234,-1.5362923104576636,1.5356122571516517,-3.140912603349424,4.486956505617682,0.0,0.09268478378363987,-1.5116129601242765,1.4869671184594364,-3.0368370595686947,4.351794659106378,0.037044755423835146
1780327210.392004490,0.04367833578938152,-1.5475572491377312,1.5472487436999391,-3.141284153383913,4.553049959239413,-1.1865798121846183e-08,0.07566026413344709,-1.5239133515001768,1.4997951159831768,-3.0354749315609237,4.418422487989591,0.033175006404523734
1780327210.492211103,0.027539713799201282,-1.5568812794498639,1.55677066767253,-3.1414820473972886,4.61246794953212,-3.285076211057003e-08,0.06003411701484977,-1.534231082420101,1.5104296358250486,-3.034326080747388,4.478772357749824,0.029256277592814676
1780327210.592769146,0.009516331671852951,-1.566264688709607,1.5662529586321983,-3.141580927467003,4.67802580646188,-5.456828056082941e-08,0.04299490774534378,-1.5452304725573134,1.5216495202797866,-3.0330224430674875,4.544194252655291,0.024651522714190657
1780327210.692640543,-0.008323265469785568,-1.5745254443176542,1.5745175001527658,-3.1415847099379994,4.742340855879997,-7.633565868303549e-08,0.025894858538328094,-1.5568596648083473,1.5334170676272774,-3.0316860651797186,4.609871310391472,0.019658224060753734
1780327210.792162895,-0.026270878624494287,-1.5818325753858282,1.5817629934226607,-3.141523067119354,4.806719172975116,-8.79252812779896e-08,0.009405201157652702,-1.567560399577678,1.5441603604220266,-3.030726629849539,4.672773011533842,0.014558094391141937
1780327210.892008781,-0.04432541267597934,-1.5881788358539621,1.5880062235717043,-3.1414200304923616,4.871397759593287,-9.836670056273533e-08,-0.008105017223034304,-1.5776378866141174,1.554184243085385,-3.029971106534334,4.738277643775966,0.009029830432817798
1780327210.992127180,-0.06272006758823334,-1.5936035259487573,1.5933063715425027,-3.141295481448564,4.9374688090618175,-1.0903814207097184e-07,-0.02398753207243379,-1.5894913018981525,1.5658170622478063,-3.0285594982872213,4.800456263453379,0.003503092410392619
1780327211.092131615,-0.08014749551939815,-1.597752732114758,1.5973376328012239,-3.1411775361970293,5.000479164653189,-8.724994060571589e-08,-0.040188081522911735,-1.6053057046307453,1.581223350737956,-3.02687248167009,4.862709075719482,-0.0020450210723703135
1780327211.192071438,-0.08755271121585473,-1.5992169473484825,1.5987541693520697,-3.1411261242148614,5.027438794700855,-4.127332795533789e-07,-0.08765138999539568,-1.6024013255338234,1.5786312400585565,-3.031171310741738,4.9227586124175575,-0.008065735217041006
1780327211.292247772,-0.08755271121585473,-1.5992161685129203,1.5987542277142681,-3.141129184885408,5.027438794700855,-2.133484686694942e-07,-0.09498663325291834,-1.6019431242848565,1.5781390032904303,-3.031788238264294,4.951027098318622,-0.012671088758638942
1780327211.392077923,-0.08755271121585473,-1.5992158327282837,1.5987542496357958,-3.14113050442984,5.027438794700855,-1.3251682595694092e-07,-0.09252373182946659,-1.603432935166996,1.5796085322351106,-3.0326964566774324,4.9814895115295865,-0.016102236882731467
1780327211.492063046,-0.08755271121585473,-1.5992157172652712,1.5987542602083382,-3.141130987674138,5.027438794700855,-9.975157055919226e-08,-0.09001079497898701,-1.6047683512984516,1.5809733695240535,-3.0339299134305273,5.007689182809018,-0.019051076459317896
1780327211.592364311,-0.08755271121585473,-1.5992156674512605,1.5987542602083382,-3.1411311539135642,5.027438794700855,-8.9649175194495e-08,-0.08860758274827034,-1.6054902636359953,1.5817427747643493,-3.0349644777269402,5.02294022387576,-0.02133697005481028
1780327211.692404985,-0.08755271121585473,-1.599215656076991,1.5987542602083382,-3.1411312212940588,5.027438794700855,-8.9649175194495e-08,-0.0878379531739956,-1.605842803386298,1.5821437511363277,-3.035750684302412,5.030645811341572,-0.023109274431541448
1780327211.792363644,-0.08755271121585473,-1.5992156456908235,1.5987542602083382,-3.1411312444853445,5.027438794700855,-7.963325199256133e-08,-0.08745922257988684,-1.6059821386307611,1.5823201032095346,-3.03624601377364,5.033436790277653,-0.024242058227459538
1780327211.892108917,-0.08755271121585473,-1.5992156456908235,1.5987542602083382,-3.141131254797911,5.027438794700855,-7.963325199256133e-08,-0.08725745131841506,-1.6060356622435101,1.5824005630329787,-3.036558428984427,5.034105890779417,-0.02494248788470082
1780327211.992157698,-0.08755271121585473,-1.5992156456908235,1.5987542602083382,-3.1411312648172562,5.027438794700855,-7.963325199256133e-08,-0.08715586340425883,-1.6060525644490689,1.5824342870018215,-3.036730278606332,5.033955874747914,-0.02530695703580838
1780327212.092061043,-0.08755271121585473,-1.5992156456908235,1.5987542602083382,-3.1411312648172562,5.027438794700855,-7.963325199256133e-08,-0.08710572363727387,-1.6060569201738089,1.5824481386908018,-3.0368155198453093,5.033653810543745,-0.025469932419802083
1780327212.191960096,-0.08755271121585473,-1.5992156456908235,1.5987542602083382,-3.1411312648172562,5.027438794700855,-7.963325199256133e-08,-0.08708005591152075,-1.6060577748369251,1.5824541675972257,-3.0368551890822815,5.033408474742048,-0.025533515273120377
1780327212.292062521,-0.093554950001419,-1.6002663890872384,1.599770274509311,-3.141096526674119,5.049393258154869,-5.712851169903388e-08,-0.06948953507499767,-1.6093625791713118,1.5855113317507354,-3.034715005141332,5.033875411770124,-0.025646340933725118
1780327212.392157793,-0.11087386370697505,-1.6025968939110937,1.6020192214266242,-3.1410149767906437,5.113372814387661,-2.2862917781196757e-08,-0.06583858493669469,-1.6132388189625502,1.5892497359857582,-3.0344292574614236,5.06753205176528,-0.025892889816139474
1780327212.491993904,-0.12637232565090528,-1.6037512731272763,1.603130907604292,-3.140972294982502,5.17163046995642,1.312628267046924e-08,-0.08297511338894897,-1.6113717313766838,1.5874823806757772,-3.0346431363229383,5.103912976157349,-0.02714839015375767
1780327212.592495680,-0.14291784882864356,-1.6039299279644652,1.6033028238526095,-3.140965572514029,5.23518852383847,4.996902905581174e-08,-0.10181512600564092,-1.6090649162767088,1.5852905319431467,-3.034580680670021,5.142198918319782,-0.029162543927626246
1780327212.692167997,-0.1588848574813051,-1.6029633235822693,1.6023722771312672,-3.1410016470088085,5.2982321504074035,8.376613590378456e-08,-0.12055353260454874,-1.604821378473435,1.5813194607209016,-3.0357967164567574,5.189603004935401,-0.031261888505724984
1780327212.792219400,-0.1727939252392332,-1.6010982507928189,1.6005737547096917,-3.141068205931545,5.354877420346075,9.40129166788145e-08,-0.13711532763160247,-1.598035345524111,1.5749274693901771,-3.037724204834652,5.2432656484838445,-0.03344647016834431
1780327212.892575264,-0.1876836227591685,-1.5978957686596322,1.5974762747116866,-3.1411732118607056,5.4177615740389955,9.40129166788145e-08,-0.15360345214057355,-1.5966147193038998,1.57369302757383,-3.039159653937256,5.302983781643574,-0.0363190813000049
1780327212.992639065,-0.20041614874477087,-1.5940126890697588,1.5937047990847906,-3.141284816297436,5.47384105157795,9.40129166788145e-08,-0.16895019316181326,-1.5966473633819396,1.5738972536756508,-3.041003104118138,5.361783931694247,-0.03900325145336434
1780327213.091995716,-0.21373126496754402,-1.5886143468785363,1.5884329945268438,-3.1414113517465108,5.535371427830175,8.401010606172514e-08,-0.18354072677323796,-1.5955063508128742,1.5729992548610416,-3.0434910300423073,5.42109505302161,-0.04131951293894592
1780327213.192092896,-0.22611624849206624,-1.5821097182281214,1.5820366105767574,-3.141519591228408,5.595990241525156,7.363088582693577e-08,-0.19753544849924118,-1.592516721397514,1.570323878480728,-3.046502836714831,5.481654087317708,-0.04322882016437743
1780327213.292134762,-0.23752370257614341,-1.5745469408017092,1.5745389128282619,-3.1415846621669092,5.655592358693401,5.1835169564848584e-08,-0.21065378488075126,-1.5877869879737334,1.5659461984521443,-3.0498475201620208,5.541767873070137,-0.044623444446112145
1780327213.392030478,-0.24782387032688735,-1.566073015958609,1.5660602758804534,-3.1415799372421938,5.713516618987156,2.9618830506976096e-08,-0.22310383866618536,-1.581489149440979,1.5600072371460216,-3.053516876299883,5.600674108270175,-0.045402150321220074
1780327213.492113113,-0.25616232085850577,-1.5577385441547573,1.5576411409651643,-3.1414952542212338,5.764211297096644,0.0,-0.23419467592374135,-1.5739059356559437,1.552748510741605,-3.0574394210365856,5.657169142631348,-0.04546520762137412
1780327213.592157602,-0.2645012176871342,-1.547659953812044,1.5473541646195987,-3.141286849786951,5.8195282291949315,-2.4737730974777605e-08,-0.24396735177142148,-1.5653311193743473,1.544426316343697,-3.061415162485084,5.711287523675047,-0.044941749511643994
1780327213.692119837,-0.26129604037474774,-1.5517744949662964,1.5515677964008745,-3.1413859597020406,5.797620995679706,0.0,-0.30035488615783457,-1.5548186595438258,1.5342582759441474,-3.0712508638920806,5.752782052624212,-0.039804506600439674
1780327213.792242289,-0.25390683865192987,-1.5601448066725743,1.5600799972286261,-3.141527865680154,5.7501009495670585,2.0736186921059786e-08,-0.2992401394932883,-1.555709542517988,1.5353372229765563,-3.0741963707229254,5.748987012024822,-0.03906961641203318
1780327213.892022371,-0.24449319450158935,-1.5690101445647473,1.5690083297077186,-3.141590875175837,5.694284777848842,4.3834914219173554e-08,-0.2809511044924331,-1.5585314756717068,1.5382850052256687,-3.073675626773269,5.743196996887564,-0.04040595845547765
1780327213.992155313,-0.23510743498699416,-1.5762933489736177,1.5762760970555887,-3.1415754473537314,5.6426125851342,5.5430037723950605e-08,-0.2633987642430794,-1.562701338285259,1.5425102814204632,-3.072148620538682,5.72653663579834,-0.04199593215331855
1780327214.092028618,-0.22375395570942835,-1.583475637090765,1.5833838097466617,-3.1415008782669167,5.584133177829509,7.663590848685046e-08,-0.24813220410583284,-1.568526707427016,1.5483210182739062,-3.0705035294827554,5.693213852860435,-0.04322831101146463
1780327214.192105770,-0.2113975069142473,-1.5896707165217858,1.5894672235559595,-3.1413892154593293,5.524340831975185,8.73780651639012e-08,-0.23557230125430453,-1.5752313935720927,1.5549296205226775,-3.068711547777509,5.64877070488064,-0.044112549996280885
1780327214.291960239,-0.19805616504274415,-1.5948202745624371,1.5944905927203514,-3.141263026421266,5.4632621022393355,8.73780651639012e-08,-0.22331175097535483,-1.5825632865471633,1.5620702001723668,-3.0663798109655946,5.594519368403488,-0.04486569303400614
1780327214.392033577,-0.18377876023076034,-1.5988665467696865,1.5984164605626674,-3.1411426191296736,5.401014465207958,9.76766390934487e-08,-0.21089282612139118,-1.5888936897758041,1.5681336356612912,-3.063598441746284,5.5369667087428045,-0.04542910636076112
1780327214.492049217,-0.1700726706517699,-1.601543971479968,1.6010039315632323,-3.14105265791644,5.343650126535074,9.76766390934487e-08,-0.1978583070476649,-1.594517977174081,1.573421575646737,-3.060189249579962,5.477815450981537,-0.04593114060005321
1780327214.592216015,-0.15389712108748732,-1.603393316938459,1.6027863603712924,-3.140985724349575,5.278332537324263,6.32682146480217e-08,-0.1836812101064243,-1.5996438148232786,1.5781623940348528,-3.0563685511305456,5.418019923293411,-0.04620013643396709
1780327214.692217350,-0.1372998788415991,-1.6039975539631168,1.603367883419045,-3.1409629934148264,5.213427191074703,2.818330636959337e-08,-0.16746790671148346,-1.6039383586450837,1.5820412452459376,-3.0523208113638773,5.35560267508435,-0.04597455779193592
1780327214.791999102,-0.12204128339210563,-1.6035211734188755,1.6029094368860946,-3.140980914911714,5.155239203461526,-1.191861453975207e-08,-0.15142492247957298,-1.6068925370346445,1.5846086997841085,-3.0486364826290258,5.294083058957647,-0.04508259191121281
1780327214.892142773,-0.10474684034624815,-1.6018940529729946,1.601341628322643,-3.141040216906043,5.090619325105251,-4.673522990827905e-08,-0.13525340707967842,-1.6074642822522813,1.584884872042476,-3.0455681386091844,5.229995995515829,-0.04330690611627921
1780327214.992311954,-0.0871183671174629,-1.5991348806903822,1.5986761266855947,-3.1411338817506804,5.025853826769526,-7.891280695559999e-08,-0.11902316958331738,-1.6063991557590258,1.5835966625486646,-3.0428986273148437,5.165040784562475,-0.04088202567422213
1780327215.092107058,-0.07373460681775246,-1.5963344529127106,1.5959676999668884,-3.141241580321428,4.977229726133882,-7.976254958741436e-06,-0.08475160575298178,-1.625025713994944,1.6009307424462662,-3.033844407210896,5.090511197874962,-0.03951332305731603
1780327215.192097902,-0.07581188430345787,-1.5968102495768877,1.5964257938894102,-3.141213929345984,4.984751727737471,-2.8337511297493734e-06,-0.05310565881508049,-1.6620520884539136,1.6349246419276835,-3.024008037278844,5.045568511454588,-0.03715597512064946
1780327215.292144775,-0.07760060575436167,-1.597206977161422,1.59680929464105,-3.1411970658859723,4.991235613121684,-9.735056307746959e-07,-0.05812950879225781,-1.6606455826760973,1.632554190341731,-3.025508963734746,5.021749805127301,-0.0325107953525525
1780327215.391963959,-0.07893536722400718,-1.5974957253699422,1.5970887903678097,-3.141186479987621,4.996078214708314,-3.285061138669221e-07,-0.06417669694678477,-1.6497359505935112,1.621789424066047,-3.027345870338752,5.001242482274655,-0.028806683890801155
1780327215.491995811,-0.08008393514119305,-1.5977392892381355,1.5973247094212715,-3.141178342508559,5.0002483131598545,-1.4003285997432613e-07,-0.06856877684412158,-1.6389152412006665,1.6116882983520369,-3.0288644980433106,4.9911077585324435,-0.026183038410648212
1780327215.592138052,-0.08241799744664924,-1.5982205788604666,1.5977909860603916,-3.141163149026847,5.008731517323766,-1.0525152838170015e-07,-0.0694415427727589,-1.6318447573118986,1.6053069195374192,-3.0295925213024533,4.991019807592165,-0.024507672367339903
1780327215.692001104,-0.06796868259838451,-1.5962024648028184,1.594501894905605,-3.136325211970989,4.95639151233894,-0.020154894485182595,-0.09793763649587259,-1.5913731172098222,1.5868307391503613,-3.0543808817080222,5.01137225722716,-0.03393861963215758
1780327215.792047501,-0.028483737764537942,-1.583218129160648,1.5825250479493747,-3.13931749492924,4.814646038995907,-0.021318996072349883,-0.13525878489688278,-1.5623386370222434,1.5300469437463446,-3.0344466843177598,4.963678759540235,-0.026839158862416442
1780327215.892097950,0.0062445212539998796,-1.5709328975360277,1.567523858195041,-3.1293455950370355,4.689856561526074,0.008084860675110979,-0.08358548607140145,-1.5110061625785516,1.485894914321106,-3.039059756022253,4.867052564524778,-0.01991191849855319
1780327215.992074490,-0.002002854240696017,-1.571738314812345,1.571710651817141,-3.1414942827710655,4.71960414301312,-9.944487548896319e-05,0.025794719434885816,-1.5080666399726725,1.4674060556766744,-3.0204217034550878,4.863249493509698,-0.027940065251573235
1780327216.092092276,-0.002656956980976233,-1.5720199060854076,1.5720085882969974,-3.1415540928335783,4.721959375168179,-1.7394828876859947e-05,-0.004340219458486963,-1.5585417609668655,1.5368781116484482,-3.033958122805398,4.837245806365934,-0.02043213643397536
1780327216.192102432,1.2654656011967802e-07,-1.5716542900304402,1.5707104179111473,-3.1381953705384387,4.7123885243380705,-1.7272565592918454e-05,-0.005335949052210558,-1.570420489148301,1.551770923399449,-3.0363868544939097,4.776269178383653,-0.015344197831870918
1780327216.292023182,-1.7838945410630913e-05,-1.570987801931226,1.5707867463736895,-3.1408682897740188,4.712453267892197,-7.04087377823015e-06,-0.0049843899845263455,-1.5758701162640492,1.5517762248096836,-3.0335919416141217,4.741431424561573,-0.010725497413075526
1780327216.392615795,-2.55164221218962e-05,-1.5713617927754537,1.5707534080268946,-3.1394019453603152,4.712480935640175,-2.68802986802541e-06,-0.004147161818946441,-1.5774562524226958,1.5595055307714405,-3.0371170488299892,4.720199927694602,-0.006744409810515279
1780327216.492028952,-3.010323081031885e-05,-1.5721613237883485,1.570672120566602,-3.136236440315569,4.712497465338093,-1.1276639044766057e-06,-0.0031484525005806853,-1.5796047603673777,1.5567721528475955,-3.0318297196060087,4.711559559383048,-0.0038978849490584762
1780327216.592184544,-2.997467633925055e-05,-1.5722023914084629,1.5706676104754695,-3.136072839420514,4.712497002060701,-4.430940450106391e-07,-0.0019895690306033307,-1.5806308793433432,1.5565635132578846,-3.0303343762894692,4.708541316473534,-0.0019280848146851755
1780327216.692023754,-2.9896938634976777e-05,-1.5720193041410209,1.570687270053189,-3.1368007453694244,4.712496705795497,-1.3709467605593773e-07,-0.0011807873352298022,-1.581548030157534,1.553660128953248,-3.026891086636657,4.708557570755157,-0.0007874646110988612
1780327216.792117596,-1.0793040623013894e-05,-1.5708340233512397,1.570798145360431,-3.1414633636812135,4.712427876103821,1.9689373872601925e-05,-0.0005568536576981394,-1.5811337166928014,1.5542242351610112,-3.028496659668549,4.709094244728262,-0.00017519303307076206
1780327216.892049789,-2.220500433658401e-05,-1.5710348903159943,1.5707843348783117,-3.1406900118151952,4.712469002110437,7.950695599675393e-06,4.945479874721222e-05,-1.5795632722294322,1.5580659729436803,-3.031995216587887,4.709455354930085,0.00010622933658308813
1780327216.992281199,-2.8917610142897843e-05,-1.5722962407941186,1.5706568588778838,-3.1356974464496936,4.712493192663968,2.7490013177616786e-06,0.0003990680254162851,-1.5791160504240418,1.5600715631371733,-3.0324274061699663,4.709659751893248,0.00024245012916266652
1780327217.092109680,-2.955004380744697e-05,-1.5740235152464326,1.5704554442953558,-3.128793870326712,4.712495471793637,7.010329332884159e-07,0.0008093934574565682,-1.5802069517628938,1.5622008180001217,-3.030954870875672,4.709206161209725,0.00031452581639274173
1780327217.192065954,-2.8592953539074983e-05,-1.5775555257944491,1.5699592198016907,-3.11448251779662,4.712492022684136,1.9297424608183323e-06,0.0015243426891394342,-1.5834475584369683,1.5674243077710033,-3.0266885573436326,4.707502176515329,0.00042775965198174517
1780327217.292618275,-2.4319922124149684e-05,-1.5802909128439682,1.5694936312721508,-3.103209211370693,4.71247662375219,6.289442565817212e-06,0.0017530466048050325,-1.5891763632818154,1.562125698362746,-3.01234851041495,4.706920876365383,0.0005235870658360896
1780327217.392049789,-3.157519525043284e-05,-1.582633515116151,1.5690436903793918,-3.0934427712984967,4.712502769919375,1.3001709235546488e-06,0.002389844535898388,-1.5946604735242902,1.5625643262695146,-3.001559451232853,4.705351429337279,0.0006626722562466296
1780327217.492146254,-2.53711332849349e-05,-1.5851153597055516,1.5684999105539805,-3.0829298211350724,4.712480412055498,3.202474326755803e-06,0.003229382760657585,-1.600658999166006,1.565770292525735,-2.9902633059363617,4.703080105009259,0.0008653053083554828
1780327217.592352390,-2.3397100087585443e-05,-1.5878137645688204,1.567839368220308,-3.0713392121277567,4.712473298130073,3.986321893219356e-06,0.004378836898848619,-1.60764126395389,1.571278844577705,-2.9784069283414984,4.699939689140205,0.0011827663231031762
1780327217.692081451,-2.793789992860951e-05,-1.5914368676653181,1.5668337102119452,-3.0554991246178123,4.71248966203708,1.2873511239446615e-06,0.005701082971078744,-1.615588272622447,1.5769538073410847,-2.9656716912548955,4.6962350272716264,0.0016029191554045605
1780327217.792245388,-2.9382658116361426e-05,-1.5952096860806044,1.5656270760771822,-3.0386203753966745,4.712494868578339,-2.0118586103734515e-06,0.007890916817577484,-1.6275178723797756,1.58437450383293,-2.948484904277317,4.690340093885654,0.002266083248109702
1780327217.892307043,-2.8500273648646157e-05,-1.5998777101585535,1.563895102492388,-3.017156088049103,4.712491688689355,-2.688901195035953e-06,0.011862470418980836,-1.6478871903742798,1.5955817781707886,-2.924282173419604,4.679687880658286,0.0034570256925503836
1780327217.992141485,-2.1508588599061795e-07,-1.6027598611091562,1.5626679487875066,-3.003501026508129,4.712389755507971,6.359351070236512e-06,0.01653514873605836,-1.6727725871905887,1.5997339336817415,-2.8922544751206534,4.667243105013343,0.005101510674034532
1780327218.092313766,-3.007890312112238e-05,-1.6048571890186256,1.5617364540213325,-2.9934989139915267,4.712497377667333,-3.337769556743808e-06,0.019181052802808136,-1.6848929518488074,1.60357836147659,-2.87255332431373,4.6606045359293695,0.006691598184729214
1780327218.192047358,-2.8114165473880348e-05,-1.6069710123094367,1.5607134773991045,-2.983190972317408,4.712490297253453,-3.2568951633393795e-06,0.01884892562984669,-1.683407274002552,1.6008006061472044,-2.8599988260788205,4.661714225437586,0.00770618689278796
1780327218.292139292,-3.202733095619692e-05,-1.6095276417050126,1.559391540728857,-2.9705161826909654,4.712504399299582,-4.725515695191973e-06,0.01846866586583348,-1.6817500920122406,1.5973215613825238,-2.846366745019378,4.663324305067863,0.00843603264175549
1780327218.392106771,-3.057021852903574e-05,-1.612162132614035,1.5579185096625692,-2.957174305852909,4.712499148242053,-4.506506811274846e-06,0.01734757996854045,-1.6787521525300502,1.5918849017019607,-2.833941795003414,4.666573810047358,0.00860828579245635
1780327218.492033482,-3.0041128708191422e-05,-1.6148144618288907,1.5563199208975533,-2.9434508891240685,4.712497241538024,-4.653762201378697e-06,0.01664759370749245,-1.678072689213578,1.5876744619731702,-2.820243149844084,4.668631035041876,0.008618393666214074
1780327218.592079639,-2.9730489568891016e-05,-1.6174874858182733,1.5545836932673114,-2.9293026568580642,4.712496137840745,-4.895290443229783e-06,0.016923783983346725,-1.681483839999811,1.5863226138855233,-2.804597098606112,4.668044201783725,0.008777734530302547
1780327218.692080498,-2.989278789033989e-05,-1.6201779107573717,1.5527010583517147,-2.914717361380142,4.712496706955689,-5.239380704402663e-06,0.017412112990750954,-1.6868178152791007,1.585772495441242,-2.7885849993426723,4.666824738431409,0.009041315738964285
1780327218.792011261,-2.9944835814532667e-05,-1.6079127990001698,1.5602383236169044,-2.9785516901925124,4.712496894523088,-3.740664158868867e-06,0.011797696481543303,-1.6874442353301653,1.5782925428027546,-2.8046720038287773,4.680824682425533,0.007048592400106688
1780327218.892259121,-2.9986875742515906e-05,-1.6008108017946068,1.5635167540962158,-3.0127881087648674,4.71249706186209,-2.947800919805843e-06,0.006678172498359065,-1.6457391095424763,1.5533193757456398,-2.8220246732832273,4.6942220621737345,0.005136396129106726
1780327218.992009878,-3.0116006979774568e-05,-1.5974582437463658,1.564827405506307,-3.028366118357471,4.7124975113801355,-2.6545341631489805e-06,0.00709306260630155,-1.6320467702504295,1.5542829672787777,-2.840580945339191,4.693313805340541,0.004539237282583691
1780327219.092614412,7.608365655942251e-06,-1.5972580906454388,1.5648778986453662,-3.029205886289008,4.712361561430167,8.22835624448781e-06,0.009329484472601676,-1.6374744302924755,1.5685749317326942,-2.8574171677386118,4.686580525677406,0.004720070753888671
1780327219.192310333,0.0008826515119915168,-1.5968524155343706,1.5644861158077332,-3.029223539030875,4.709207554695571,0.0002610440435488475,0.00919534777904768,-1.6482081173310172,1.5817333646142497,-2.8712124679739985,4.680074935799558,0.005031701982991394
1780327219.292102337,0.003489689850246336,-1.5956343936269386,1.5633039650417104,-3.029254992045013,4.699804228620151,0.001014934924633673,0.009846181510767979,-1.6537022924267237,1.5877904450138771,-2.880242048589123,4.672457841760087,0.005637517994684201
1780327219.392043114,0.004528168769622587,-1.5951438843730275,1.562827345276566,-3.0292651140650135,4.696055698948948,0.0013155384597666653,0.01512771222476032,-1.65160073153878,1.5862210417305416,-2.886946891572166,4.670460262282639,0.006572056123115325
1780327219.491997242,0.002299297621044527,-1.5961924683882343,1.563846453971369,-3.0292437745756886,4.704099092040265,0.0006707002784747114,0.019694352251023173,-1.6476707712068626,1.582865116212182,-2.8912646664304402,4.674978124314181,0.007149158781612388
1780327219.591982841,0.0009210108110064841,-1.5968339021476492,1.564469138247795,-3.0292274140682824,4.709069267895388,0.0002722551220916605,0.015067700036935819,-1.6426735149751899,1.5786055501566045,-2.894516259161441,4.6796306273762935,0.006622023610761561
1780327219.691990376,-0.0030400817632481036,-1.598647723833488,1.5662269670558804,-3.0291670780574806,4.723338644556396,-0.0008718023285654297,0.01647551212498378,-1.64014383469532,1.576570324932262,-2.895855228501268,4.685729617297016,0.006145082162511616
1780327219.792022228,-0.006435460540741289,-1.6001676082355019,1.5676966150082,-3.0291001383984426,4.73555450255966,-0.0018515047016354202,0.010524922022963972,-1.6398758383937313,1.5765984450047272,-2.8966091876796827,4.69420878573624,0.004797620043892313
1780327219.892033815,-0.008573362534185947,-1.6011081485854994,1.568604542393373,-3.029050876063107,4.743239636701066,-0.002468132144740842,0.005694173801627786,-1.6421703525402833,1.5788595365230906,-2.8961740504664566,4.699748465995667,0.0033914481896303956
1780327219.991997480,-0.0105260766248918,-1.6019561402011906,1.5694221243133701,-3.0290011227878906,4.750255050799288,-0.0030312729657619997,0.00392536871247697,-1.645330533807309,1.5818038010903481,-2.8955532608729917,4.705931025018128,0.002158583630548914
1780327220.092039824,-0.013461918327058342,-1.6032112144861284,1.5706304304768415,-3.0289178449737695,4.760795979780214,-0.003877913416386214,0.003381216572933641,-1.6448502538347052,1.581381193235399,-2.8961074571873997,4.71653717509213,0.0008749967092674313
1780327220.192222595,-0.017084326802231153,-1.60472702793556,1.5720869350865492,-3.0288011842214027,4.77379261576135,-0.0049229588653672,0.0004269731840682116,-1.6429330561414242,1.5796795224992857,-2.8970083548561534,4.72997145254937,-0.0008774287954664849
1780327220.292073250,-0.020244515875081248,-1.6060199439573033,1.5733267951450607,-3.0286869709640922,4.7851238983446125,-0.005835463419171738,-0.0048407448344998764,-1.6420491985836883,1.5789680375117616,-2.897608141398775,4.7425186468975635,-0.0030063114034083287
1780327220.392041922,-0.021784864633286105,-1.6066402047794863,1.5739207877853203,-3.0286271247268677,4.790645090099052,-0.006280668967984404,-0.011950825654997636,-1.6409988570045746,1.57811617138534,-2.898160400477826,4.751736575322847,-0.00535701520061989
1780327220.492249012,-0.021936805586525665,-1.606701036003166,1.5739790131214786,-3.028621070097362,4.791189643873887,-0.0063246413271373925,-0.01603115830275867,-1.6424390771551618,1.5795079280144213,-2.897905680885724,4.756964908740289,-0.007233790562270209
1780327220.592072964,-0.020015247443484263,-1.605927068706258,1.57323780494398,-3.0286956362260065,4.784302013562622,-0.00576934102869231,-0.018679806213756187,-1.6463529315227436,1.5830886642421809,-2.8970616913957103,4.756879417790097,-0.008472823043967074
1780327220.692174196,-0.017600626814198606,-1.604940136901802,1.5722914536322554,-3.0287833053642,4.7756442838397435,-0.005072088483824011,-0.01556391792368388,-1.6496446663837006,1.58598153413585,-2.8961580458308003,4.753564342701207,-0.00866659395682736
1780327220.792200089,-0.01685865538861364,-1.6046336517938524,1.571997299929713,-3.028808889677903,4.772983209898536,-0.004857945145408493,-0.01003386543359146,-1.6514498940429654,1.587476780509739,-2.8957636507012037,4.752137695106523,-0.008235324231996067
1780327220.892053127,-0.019002544948861555,-1.6055150937283313,1.5728429329184057,-3.028733229570024,4.780671328106465,-0.005476776161490449,-0.0055395802626484105,-1.6484517608168732,1.5846784128560403,-2.8968027722776877,4.756748216062722,-0.007851691256368299
1780327220.992109537,-0.022217982241535594,-1.6068134384462027,1.5740865907602064,-3.028609808775659,4.792197349463066,-0.006405866037725083,-0.007881912056643202,-1.6447369876839817,1.581350150822072,-2.898049738592072,4.763971191449876,-0.008306417914686674
1780327221.092530966,-0.02491923835299481,-1.6078822657671665,1.5751086447888434,-3.028496950290227,4.801876757295181,-0.007187514597355005,-0.01218965330710974,-1.6433656382733117,1.5802054016457154,-2.8983053881621035,4.768858541094652,-0.009319487978348358
1780327221.192293406,-0.027023840583521697,-1.608701172591485,1.5758906321612776,-3.0284032431937153,4.80941653945028,-0.0077973397457054006,-0.01594632989159724,-1.6453819449754636,1.582133198996262,-2.897694948362625,4.772704123408542,-0.010422421295694886
1780327221.292147875,-0.02806623642876893,-1.6091022884620525,1.5762733177902866,-3.028354960394727,4.81315054858226,-0.008099705541797952,-0.018839952287832733,-1.6488098129204598,1.5852776969129607,-2.896841745215912,4.775736482285591,-0.01142255221294096
1780327221.392300367,-0.029252507449673004,-1.6095551556766292,1.5767051025204148,-3.02829851301283,4.817399700175658,-0.008444048035281426,-0.01871474861199785,-1.6517388234024386,1.587884578120727,-2.8961295387614525,4.779797753102347,-0.01217192989336788
1780327221.491976261,-0.031697460287457346,-1.610476409439796,1.5775825646268917,-3.028177144881121,4.826156864718985,-0.009154634805219608,-0.018186513721837393,-1.6527438792312807,1.5887270125959547,-2.8961072910603485,4.787628485679827,-0.012967419198173945
1780327221.592082262,-0.03510911616917056,-1.6117346463172835,1.578779008391539,-3.0279964925583793,4.838376344825991,-0.010148480202838428,-0.020264615033427105,-1.6505510119067752,1.5867320917544614,-2.8969518923498256,4.799117845900787,-0.014201016656954557
1780327221.692375660,-0.03881895170713889,-1.6130668170602958,1.5800432107786964,-3.027785119059276,4.851665393649183,-0.011232839431448483,-0.023997263697273535,-1.6497875014503416,1.5860861016122136,-2.897250963417482,4.81017526025957,-0.01587789202511064
1780327221.792345285,-0.040908680941509346,-1.6138006928798418,1.5807385027177738,-3.0276591977936675,4.859152558652394,-0.01184559025698384,-0.03124980077224562,-1.6484257652093293,1.5849473135486747,-2.8978929202762513,4.819715434162743,-0.01792682532969886
1780327221.892487049,-0.04154184962647367,-1.6140206999153888,1.5809467812052187,-3.027620064098419,4.861421395926607,-0.012031576482261386,-0.035622448162856805,-1.6489125939610334,1.5854613748748572,-2.897822364603435,4.825557238655586,-0.019743571715530765
1780327221.992146015,-0.04024058855268997,-1.6135673693384511,1.5805175309130073,-3.027699977930599,4.8567587368225915,-0.011649625668605168,-0.03908459304142575,-1.652357183950306,1.5886101582824828,-2.897108296065164,4.826998258352728,-0.02109977060775682
1780327222.092054367,-0.03775521562402595,-1.6126886811334762,1.5796846317329092,-3.027847299679234,4.847854681521294,-0.010921611816696597,-0.03820783241612807,-1.6561086904925695,1.5919291241728835,-2.8961929542800484,4.824054039273911,-0.02164313947050359
1780327222.192066431,-0.03651797840740034,-1.6122449820801492,1.5792636134535127,-3.0279180341849745,4.843422743014441,-0.010559923251898695,-0.033337039294209274,-1.6591775182321857,1.5945469860688382,-2.8954016084396175,4.821604488690629,-0.021387818658728283
1780327222.292053461,-0.03769585533643838,-1.612667487481123,1.5796645296867011,-3.02785073828975,4.847642038208022,-0.010904210776593537,-0.02782564618149948,-1.6574718840167515,1.5928998343960992,-2.896020472553561,4.824275019006759,-0.020848696596135544
1780327222.391994476,-0.04093003315859889,-1.6138081293653643,1.5807455447534846,-3.027657888192296,4.8592290677489745,-0.011851838626510514,-0.027453294611924875,-1.6540014494420445,1.5897733105178777,-2.8971376005290748,4.831357058182445,-0.020905564675808307
1780327222.492163897,-0.04382313848864605,-1.6148043001638381,1.5816880102524495,-3.0274753336239955,4.869597330025263,-0.012702668799647654,-0.031757012979557506,-1.651173831026541,1.5873117807089956,-2.897900991843162,4.837391904891594,-0.02173941671392897
1780327222.592341661,-0.04606863490006141,-1.6155617329262606,1.582403571852202,-3.0273270994054275,4.877647471155579,-0.013365226257322504,-0.03547127199037375,-1.6517088910255886,1.5878925242236874,-2.8976260033409647,4.84160578311895,-0.02282772121557458
1780327222.692752838,-0.04760957965087087,-1.616073543090394,1.5828865724360852,-3.0272220565788834,4.883173465094328,-0.013821090018354631,-0.039148184172821794,-1.654876814622745,1.5908084492797565,-2.896770848117017,4.845004811259002,-0.02398471785588352
1780327222.792107821,-0.04869896880481406,-1.616431457351763,1.5832240889274112,-3.02714616169632,4.887081059615948,-0.01414398277188944,-0.04047988709359646,-1.6580720777815294,1.5936639953481255,-2.89596627785736,4.84850972103284,-0.02494276334266078
1780327222.892152786,-0.0507082089998665,-1.6170830670303662,1.5838380298441583,-3.0270026405083095,4.89429034894477,-0.01474082971497559,-0.04001823231399121,-1.6606663122222667,1.5959156020808332,-2.895374360040938,4.854542069356979,-0.025756286781723117
1780327222.992289543,-0.053919283214490576,-1.618101480272328,1.5847961638989125,-3.026763692849101,4.905818672714847,-0.015698468742527005,-0.04082983997878666,-1.6587159632839077,1.5941328198601736,-2.896173758010789,4.865434117767065,-0.02674209065849509
1780327223.092162848,-0.05758350522613043,-1.6192290470093038,1.585854923757443,-3.026476509598157,4.9189857168026005,-0.01679754658992838,-0.043679568934318624,-1.6571601342822948,1.5927579249685782,-2.896632083823431,4.8765310684403484,-0.028180880301426802
1780327223.192110538,-0.06034941493840318,-1.6200557219289173,1.5866297208732023,-3.0262493880203523,4.928934403236701,-0.017632035721680595,-0.049833759719167994,-1.6558720247810177,1.5916906104310802,-2.897200574171528,4.8877579280123,-0.0301194835421299
1780327223.292095184,-0.06160316504849561,-1.6204234976519674,1.5869740131272017,-3.0261434752138974,4.933447037301608,-0.01801179900208627,-0.05525846583187387,-1.655104049037205,1.5910852823325963,-2.897482207771972,4.894971488851135,-0.03200016526398652
1780327223.392075300,-0.061423266460568726,-1.6203709953570264,1.5869248751908345,-3.0261587740762774,4.932799404997028,-0.017957301766306166,-0.059126433809834955,-1.6570049231443393,1.5928587054792869,-2.8971320834084007,4.899153815043464,-0.033611913519276525
1780327223.492191553,-0.05926331505907978,-1.6197336272042335,1.5863279787769875,-3.026339612974627,4.925026752998845,-0.017303950600402906,-0.061327134519358596,-1.6611214117054098,1.596545931596726,-2.896313224520162,4.898013502899139,-0.034727673967084455
1780327223.592459917,-0.057500686196208406,-1.6192039754679373,1.5858313982688803,-3.0264831440689948,4.91868795978435,-0.016772752869013807,-0.057905599338642706,-1.6646030515060977,1.5995513703213269,-2.895453711252139,4.89503870024551,-0.03485451327380058
1780327223.692135334,-0.057316184792775005,-1.6191480401627452,1.5857789264761368,-3.0264979594535424,4.918024653825594,-0.016717247931334,-0.05255484020859021,-1.6657405560177807,1.600426393879107,-2.8952634488438367,4.894780119336687,-0.0344271101334673
1780327223.792068481,-0.05992952940024843,-1.619931585821277,1.5865134512684986,-3.0262844332114414,4.927423540076321,-0.01750511376486763,-0.048938228445676135,-1.662636072885955,1.5975920471511198,-2.89618192650716,4.900728643292624,-0.03408709237668654
1780327223.892047167,-0.06314467752431785,-1.6208697313270246,1.5873914188578069,-3.026010730794325,4.9389981885412775,-0.01847994354106497,-0.0519086564701753,-1.6589548329947084,1.594359168638886,-2.8972740705299382,4.90813426749677,-0.034571968591478326
1780327223.992321730,-0.06587293367273261,-1.6216433868731412,1.588114182999425,-3.0257688574305623,4.948830921092791,-0.019312247039106722,-0.05587352455036555,-1.6577300337470193,1.593361563988425,-2.8974345460000297,4.913321950126468,-0.03561750539809239
1780327224.092400074,-0.06785782193876244,-1.6221932700384887,1.5886271736596107,-3.0255872842312397,4.955991403107145,-0.019920863418394497,-0.059975088138469065,-1.6599629142365293,1.5954473448717352,-2.8967615217423286,4.917532543624805,-0.03691387207492054
1780327224.192147732,-0.06896439383102226,-1.6224950740753865,1.5889084657333832,-3.025483987902374,4.95998603038543,-0.020261358241778993,-0.06272215459391554,-1.6633438376634206,1.5984838986503764,-2.8959181367077234,4.920850810026032,-0.03806508726556733
1780327224.292080164,-0.07065033638319473,-1.6229483330801902,1.58933056403187,-3.025323757227378,4.966075989154379,-0.02078175427491935,-0.06263847606286342,-1.6663167907719032,1.6010710700904067,-2.8951699031771545,4.925781606814836,-0.038973956379938106
1780327224.392067671,-0.07314498998409125,-1.6236044407874388,1.5899407868876239,-3.0250802976273206,4.975096154006124,-0.02155552118614601,-0.06272305862571842,-1.6660933350253018,1.6008123514317145,-2.895412630535779,4.934943190350216,-0.03984971592407861
1780327224.492920876,-0.07662678624175356,-1.6244909942870045,1.5907638019413874,-3.024727610772371,4.9877048465114004,-0.02264340771943374,-0.0650274719027622,-1.6636993548140548,1.5986820713942187,-2.8960984842374584,4.94669497593801,-0.041107103644256536
1780327224.592076302,-0.08023781097466376,-1.6253743601416009,1.5915819757967313,-3.0243456598028264,5.000807205836589,-0.02378217051848619,-0.06924640760904373,-1.6625745268714036,1.5977443508854214,-2.896435668473639,4.957984547894983,-0.04281158283604299
1780327224.692298651,-0.08207359523657942,-1.6258092887215163,1.5919840650869848,-3.0241450393322467,5.007479007413635,-0.02436549165252444,-0.07607427893886498,-1.660869524715646,1.5963269428082296,-2.8970498071839277,4.967460862855425,-0.04482601683542676
1780327224.792153358,-0.08262350654528916,-1.6259377095416916,1.5921026886601997,-3.0240840777344005,5.009479035428699,-0.024540854274252233,-0.08006487112450494,-1.6615550839349007,1.5970218061987096,-2.896955600622943,4.973243438138056,-0.04656334011816979
1780327224.892184734,-0.08117578504898226,-1.6255977852453354,1.5917885853036582,-3.024243669550583,5.004215149718264,-0.02407994116585943,-0.08364403803875062,-1.6652281197293402,1.6003277477409728,-2.896311227092868,4.974144378097048,-0.04794365267412256
1780327224.992367268,-0.07872857906438568,-1.6250091669232738,1.5912445772994364,-3.0245094894887488,4.995327729568554,-0.023303660339043297,-0.08313190023326988,-1.6629334056486114,1.5982991787158565,-2.897266686896018,4.974838559786184,-0.0482881410831807
1780327225.092186689,-0.07596921948611968,-1.6243256137005915,1.5906111305293298,-3.0247979388715756,4.985321791494819,-0.022435768172440973,-0.08008286704282608,-1.6600162349540497,1.595617581826128,-2.897908758578395,4.973771981937698,-0.04806561933290335
1780327225.192546368,-0.07316367001860336,-1.6215216830639134,1.590669216227882,-3.034581695648654,4.975163739276942,-0.021077967446494483,-0.07754078520073308,-1.6689156004845023,1.5939029482628422,-2.891910394674026,4.965179284470341,-0.04701292533918053
1780327225.292512894,-0.06883378079127045,-1.617426290371057,1.5905506183165303,-3.0482162956251884,4.959514426283156,-0.01910462852714545,-0.07889627611027669,-1.6697475850200094,1.5973503458835068,-2.8991466999714652,4.954393511142709,-0.04554038060368167
1780327225.392410040,-0.06180734430371171,-1.6123096093707368,1.5896395895009277,-3.0627033611268812,4.9341821299356186,-0.01641864945277316,-0.07719262926881956,-1.6638387930000906,1.597403507706151,-2.910234718848386,4.938718925969285,-0.04350579460359493
1780327225.492208481,-0.05644301067021473,-1.607500750755034,1.5889922889306043,-3.07704621405636,4.914885978675045,-0.014404576938425784,-0.06770278556241939,-1.6582938495115531,1.5983776886019505,-2.9232488282407414,4.923231158666305,-0.04071458270413797
1780327225.592477560,-0.051966632094062604,-1.6027848970700624,1.588454427860473,-3.091510994298625,4.898807258074287,-0.012711777116725997,-0.06173663388276312,-1.65030169096363,1.5964650769520874,-2.9388286724015513,4.910579143023315,-0.03749241550373767
1780327225.692296505,-0.04724974485310085,-1.5978126016932768,1.5877051097012598,-3.106221373127912,4.881882925637286,-0.01104654181646847,-0.05932276379775512,-1.6405384993275538,1.5921765394084588,-2.955176823788867,4.897827520912184,-0.0343336175059104
1780327225.792122126,-0.0403094066211418,-1.5918491429388109,1.586083161513439,-3.121429860242504,4.857005309662515,-0.008901591150743293,-0.05847811414807464,-1.6284214626613647,1.5853526396253024,-2.9725615862828962,4.880980454694126,-0.03095332125764729
1780327225.892154455,-0.03317222908202222,-1.5843894176037656,1.584270644028351,-3.141439215892343,4.831438966592947,1.7466655958457526e-07,-0.05549299998889253,-1.619269661532016,1.5763566202785229,-2.9869035870522582,4.858100108630904,-0.02438917905246057
1780327225.992103815,-0.029469487125312277,-1.5830305156091828,1.5829447237774719,-3.141506111129288,4.81817688609217,5.112487373372942e-07,-0.035699066223033524,-1.6017126453568853,1.5754241013303336,-3.006766847038827,4.8471218618659595,-0.0225396514663077
1780327226.092026949,-0.028144984037528076,-1.5825382337953133,1.5824593676240308,-3.1415135161780214,4.813432624978276,2.271329716658807e-07,-0.029175488185071905,-1.5997447616899594,1.576235166184312,-3.017333314853751,4.83939512722185,-0.018163042871181583
1780327226.192187309,-0.027604317297467595,-1.5823357346306146,1.5822596279790606,-3.14151644928908,4.811495916337814,8.874365856516739e-08,-0.027561066641108363,-1.598329684356938,1.5749043123115136,-3.024411906606509,4.829482879579441,-0.014624056957170195
1780327226.292127132,-0.0272204276993655,-1.582191428625599,1.582117235784029,-3.1415184233254094,4.810120759652421,0.0,-0.027410370575967107,-1.596561631733283,1.5729690279512956,-3.02868376952463,4.820274839951451,-0.012227163830485463
1780327226.392027855,-0.0269540809647264,-1.5820910481131811,1.5820181637496333,-3.1415197514189943,4.809166642384589,-5.0011746743905405e-08,-0.02712591756592571,-1.5946178900090997,1.5709630964735113,-3.031038065995403,4.813979669096046,-0.010620595847148164
1780327226.492143393,-0.026813528865439196,-1.5820379898644683,1.5819657912972933,-3.141520444306464,4.808663144867476,-8.629306513796564e-08,-0.026803752543391613,-1.5930330652451792,1.5693900585053828,-3.032227617396134,4.810654578091611,-0.009579879748739908
1780327226.592079163,-0.026785661613934586,-1.58202746017405,1.5819554001551401,-3.141520591666992,4.808563315913321,-2.4196324055481e-08,-0.02643264642165835,-1.5917362905538033,1.5681333396191004,-3.032836094083608,4.80925662470188,-0.008901890672848406
1780327226.692107677,-0.026832217255577717,-1.582045041843978,1.5819727592745652,-3.141520377573078,4.808730092251443,8.045204974425217e-08,-0.0263194782955438,-1.5908117653454195,1.5672494932900842,-3.0331400919062945,4.808979159271306,-0.008518871484746846
1780327226.792001247,-0.02686703542095703,-1.5820581885088423,1.5819857371064687,-3.14152020933367,4.808854821079787,8.518358260241928e-08,-0.026347203559594377,-1.5901733463187586,1.5666441591992732,-3.0332957901008957,4.809031746087484,-0.00830654257542223
1780327226.892059565,-0.02688437351549222,-1.5820647344535121,1.5819921980273597,-3.1415201283617846,4.808916931088129,4.8735129059646066e-08,-0.026376090433966513,-1.5898074311922619,1.5662999561283821,-3.0333647222445355,4.809164448452433,-0.008208006137826695
1780327226.991981268,-0.02689212538761243,-1.582067661364162,1.5819950860159346,-3.1415200835789454,4.808944700486254,0.0,-0.0263851283253362,-1.5895936120232124,1.5661005103184187,-3.0334024948351437,4.809322081621753,-0.008166761987107004
1780327227.092544079,-0.026895934689921575,-1.5820691006923484,1.5819965054882907,-3.1415200606992313,4.8089583464792645,-5.5295116929698906e-08,-0.02638394781865374,-1.5894728138321481,1.5659886451163871,-3.0334260152615453,4.809463510724881,-0.00815522628968176
1780327227.192320347,-0.0268977565835975,-1.5820697893665798,1.5819971841825677,-3.1415200502764664,4.808964873013999,-7.757980657885355e-08,-0.026381729584289235,-1.5894057019869239,1.565926938179471,-3.0334416866323997,4.809567069790914,-0.008156374507167358
1780327227.291953087,-0.026898830920256245,-1.5820701936899546,1.5819975845752703,-3.1415200397697376,4.808968721589223,-4.3526584114772504e-08,-0.02637934793062241,-1.5893646696718822,1.5658894926344715,-3.0334529277257856,4.809639792199519,-0.008162224178718654
1780327227.392546654,-0.026899350692239032,-1.5820703875431823,1.5819977784701942,-3.141520050040612,4.808970583558146,4.712058210362637e-08,-0.026377773008963965,-1.5893429657566713,1.5658698875071186,-3.03345995910198,4.809681671808276,-0.008168637040270231
1780327227.492048025,-0.02689958460585551,-1.5820704695401906,1.5819978596589557,-3.141520050040612,4.808971421502262,7.723811195061528e-08,-0.026376716489688316,-1.5893321349492817,1.5658603072948525,-3.0334643328155626,4.809702870073486,-0.008173725909253634
1780327227.592151165,-0.026899693676004865,-1.582070514112858,1.5819978971181692,-3.141520050040612,4.808971812222093,5.253435781083808e-08,-0.026376073804060478,-1.5893266538850312,1.5658555312020577,-3.0334670994566593,4.809713000706914,-0.008177296124060518
1780327227.692053795,-0.02689972898826376,-1.5820705244819742,1.5819979193367253,-3.141520050040612,4.808971966963581,0.0,-0.026375784422097433,-1.5893240601198695,1.5658532984123819,-3.033468686815704,4.8097171398540155,-0.008179472956203328
1780327227.792115450,-0.026899749066087608,-1.5820705351782127,1.5819979193367253,-3.1415200396595955,4.808972015724855,-4.1332631539603426e-08,-0.026375630733805645,-1.5893227844449163,1.565852218883587,-3.033469627156712,4.809718615855962,-0.008180756093764792
1780327227.892007589,-0.026899759710244275,-1.582070545290403,1.5819979294577484,-3.1415200396595955,4.808972062851797,-7.69578623049938e-08,-0.026375566654617457,-1.5893221723713058,1.5658517162957477,-3.033470168356476,4.809718985434918,-0.008181446177143382
1780327227.992099524,-0.02689976991344878,-1.582070545290403,1.5819979294577484,-3.1415200396595955,4.808972107240958,-5.9368794325109775e-08,-0.026375609532881275,-1.5893219165152326,1.5658515500799155,-3.033470507606353,4.809718985298587,-0.008181769046235706
1780327228.092593670,-0.026899780473355506,-1.582070545290403,1.5819979397820783,-3.1415200396595955,4.808972142778528,4.854571532641486e-08,-0.02637564053691012,-1.589321809916501,1.5658514919575033,-3.033470682959602,4.809718840864186,-0.008181904473244043
1780327228.192073822,-0.026899780473355506,-1.582070545290403,1.5819979397820783,-3.1415200497834754,4.808972142778528,9.743079713716101e-08,-0.026375519522505445,-1.5893217136258988,1.5658514745359227,-3.0334707921835595,4.809718784327835,-0.008181982391025886
1780327228.292363167,-0.026899780473355506,-1.582070545290403,1.5819979397820783,-3.1415200497834754,4.808972108361516,6.432739370117197e-08,-0.026375456604980103,-1.5893216814764877,1.5658514438120998,-3.0334708074024563,4.80971885469691,-0.008181982919515494
1780327228.392002344,-0.026899770391422884,-1.582070545290403,1.5819979397820783,-3.1415200497834754,4.80897208449503,0.0,-0.02637544153810311,-1.5893216819468314,1.5658514142762927,-3.033470797015578,4.809718893144284,-0.008181973340790264
1780327228.492649794,-0.026899770391422884,-1.582070545290403,1.5819979397820783,-3.1415200497834754,4.808972074338204,-2.488379369225413e-08,-0.026375449418374726,-1.5893216888832233,1.5658513962768006,-3.0334707911604024,4.809718883902577,-0.008181981838122566
1780327228.592129469,-0.026899770391422884,-1.582070545290403,1.5819979397820783,-3.1415200394606706,4.808972074338204,-7.530262724486647e-08,-0.026375471967559586,-1.589321693212458,1.5658513887583398,-3.0334707931991858,4.809718855501722,-0.008182002324796612
1780327228.692207813,-0.026899770391422884,-1.582070545290403,1.5819979397820783,-3.1415200394606706,4.8089720983142294,-7.11116880935947e-08,-0.026375546630839634,-1.5893217126144163,1.5658514349165815,-3.0334708354449123,4.809718818479232,-0.008182007812362425
1780327228.792088509,-0.026899781141492163,-1.582070545290403,1.5819979397820783,-3.1415200394606706,4.808972133563273,0.0,-0.026375591393446567,-1.5893217214567024,1.5658514589511516,-3.033470853800118,4.8097187415762095,-0.008182011267961059
1780327228.891993046,-0.026899781141492163,-1.582070545290403,1.5819979397820783,-3.1415200499572653,4.808972133563273,7.905793583478765e-08,-0.026375567718518626,-1.589321697851715,1.5658514485882116,-3.0334708553224865,4.809718719755009,-0.008182005184716318
1780327228.992130756,-0.026899781141492163,-1.582070545290403,1.5819979397820783,-3.1415200499572653,4.808972094120082,6.640628581455588e-08,-0.02637547677213707,-1.5893216745513197,1.5658514649501398,-3.0334708725183823,4.809718782326483,-0.008182003197168681
1780327229.092497349,-0.026899761037110892,-1.582070545290403,1.5819979397820783,-3.1415200499572653,4.808972056876609,2.9120229156021105e-08,-0.0263754463240263,-1.5893216778450974,1.565851438166899,-3.033470839220775,4.80971884610996,-0.008181982271588853
1780327229.192204237,-0.026899761037110892,-1.582070545290403,1.5819979294093431,-3.1415200499572653,4.8089720339812905,-1.4520905367021442e-08,-0.026375441273534177,-1.5893216881078134,1.565851412718722,-3.0334708127754886,4.809718854478586,-0.008181980915120545
1780327229.292484999,-0.026899761037110892,-1.582070545290403,1.5819979294093431,-3.1415200395145364,4.8089720339812905,-6.743591285385264e-08,-0.026375455423609123,-1.5893216963746193,1.565851393761663,-3.0334708001218815,4.809718829761369,-0.008181996912373724
1780327229.392031670,-0.026899904873975977,-1.5820696716231293,1.581998081286285,-3.1415237096476814,4.8089725687923845,2.3548271086521946e-06,-0.026379119238061525,-1.5893296265833747,1.5658526512083006,-3.033466470228018,4.809717948365678,-0.008179824698213113
1780327229.492056608,-0.026008615362295373,-1.5796550407023897,1.5818626657476171,-3.149709163872406,4.805779623075042,0.00015222754417365913,-0.02843919288354864,-1.6003927746922875,1.5641007778510991,-3.0249450323462543,4.804890593226806,-0.008055480192813573
1780327229.592199087,-0.02017712673432115,-1.5724536711974428,1.5799407230650448,-3.1688347964268706,4.784882323595561,0.00040690592004583893,-0.033020046036406146,-1.6037351364500658,1.5678600082170377,-3.0313348259826642,4.793746086198119,-0.007470100828474688
1780327229.692399740,-0.01575646903519967,-1.5677843975337424,1.5782558698255127,-3.1797911573894355,4.769029557990897,0.00045099365961889614,-0.032741125138610515,-1.5996471518031248,1.5683653070598307,-3.0400482098420376,4.784702133494193,-0.0069930108188187455
1780327229.792298555,-0.00655015478536658,-1.55840267706475,1.5743162386039937,-3.200140167549586,4.735966918342163,0.0010774185522665536,-0.03020354121827863,-1.5912984209177,1.5658018335955075,-3.0545980530554835,4.768376269352501,-0.005661580004263156
1780327229.892084837,0.0027726069728035707,-1.549225222131085,1.5697895365655576,-3.2180496258642277,4.702391674218228,-0.0007455587062610292,-0.016812620005749228,-1.5728694135279815,1.5580637077235688,-3.075118661053526,4.750057660083607,-0.005723452979907866
1780327229.992262363,0.0047058852369781246,-1.5431408110459515,1.5684351838677553,-3.2364664563782215,4.69541403924063,-0.0013197272357707845,0.00144210468830936,-1.5561832453249211,1.5474273331054318,-3.095220332337486,4.741531236585701,-0.0047816574045392145
1780327230.092121601,0.001928936991507868,-1.540454328607355,1.5693505359206337,-3.2505092561683764,4.70543490216562,-0.0005830085356981485,0.006075551582723859,-1.5354266347758037,1.533319157744154,-3.1161449480550365,4.741135865566643,-0.004132111404160686
1780327230.191976070,-0.001455161075214484,-1.5420214938945955,1.5709665364446086,-3.2505454802505547,4.7176316379732635,0.00040720455805631935,0.0016819156720253826,-1.5221760066203078,1.5256048021980582,-3.130846932190221,4.7375669302309245,-0.0034504550520231838
1780327230.292018652,-0.00396312300932955,-1.5431551685722074,1.5721350363403912,-3.250583105385765,4.726660898233544,0.0011357296004797634,-0.00453253954632725,-1.51973898928573,1.5242391408445606,-3.141387249345875,4.73456698158127,-0.00250584147679121
1780327230.392112017,-0.006582848385947138,-1.5443146647779384,1.5733293894453242,-3.2506307554273928,4.736084474852047,0.0018931730132590089,-0.005215635178758109,-1.5196535824622588,1.5242813866838227,-3.147663183366753,4.734946567306242,-0.001530259151691466
1780327230.491976976,-0.010773536519630866,-1.5461188030298718,1.5751848655315486,-3.2507192588200144,4.751143829523117,0.0031022798151223085,-0.005597250119031647,-1.520952019583989,1.5256532938638534,-3.151672389306723,4.743851803634235,-0.0006283481618182171
1780327230.592181921,-0.015348537367927406,-1.5480183152708786,1.5771338385919855,-3.250830478822313,4.767566053690013,0.004421981843771778,-0.008016496792776565,-1.5218912707978483,1.5266489845047937,-3.1539438986964656,4.756902838320852,0.00010231503068769797
1780327230.692062378,-0.02005105929206774,-1.549894905799217,1.579054479691298,-3.250960756218543,4.784430394188195,0.00577957995490857,-0.015257081953426335,-1.5205037681419364,1.5252097896465315,-3.1557146028644563,4.773606851789735,0.0007611261555309677
1780327230.792079449,-0.02059779501971626,-1.5501081105408092,1.5792723759927636,-3.2509769554573467,4.786390286017478,0.005937533254329276,-0.02350816158476792,-1.5128914506241893,1.5171135776240414,-3.1568357553706696,4.786328610760145,0.001160764012866004
1780327230.892203569,-0.02093432318111521,-1.5502388303181842,1.5794059381125822,-3.250987028491136,4.7875965692878415,0.00603479131600843,-0.025877632293048732,-1.5105349233112655,1.5144265112029627,-3.156513430006774,4.796968243880833,0.0010572305240669118
1780327230.992178917,-0.018714564438781167,-1.549369389342309,1.5785171029040301,-3.250922004244198,4.779638772403363,0.005393662262898455,-0.02959728667175574,-1.512314147925724,1.5161849933794762,-3.156410571032759,4.801233213973724,0.0006676931795354185
1780327231.092084646,-0.015621922737067528,-1.5481295514071594,1.5772477882243134,-3.2508374819532113,4.768546869870091,0.004501058942693104,-0.027244378950153532,-1.5170130105984754,1.5211523175613235,-3.155975469991105,4.797758799838597,-3.680226908040269e-05
1780327231.192010164,-0.012249264957571171,-1.5467395661141747,1.5758222501932249,-3.250753203703545,4.756442929450962,0.003528181993924124,-0.024488831696800845,-1.5209650872285536,1.525448737131557,-3.1561454976830485,4.791876356925241,-0.0007277892197022534
1780327231.292266607,-0.010165849802833193,-1.5458611326470875,1.5749199984189863,-3.2507051709799404,4.7489611564915855,0.0029273327942816556,-0.019416061144052452,-1.5198277382918057,1.5244001497751605,-3.156808670733757,4.786560091195141,-0.001279010689497114
1780327231.392113447,-0.00924873688714456,-1.5454696508396566,1.5745175675466765,-3.2506849863555596,4.745666436286965,0.0026628236255770137,-0.01686698702865719,-1.5174666773370102,1.5219833250042725,-3.157272471803826,4.7828565764948365,-0.001634981871964697
1780327231.492027998,-0.007784165521238506,-1.5448383886589436,1.5738682188167687,-3.2506539569663095,4.7404032604285025,0.0022404274820927894,-0.017197895465039765,-1.5153762902677155,1.5197834804958814,-3.157448534055532,4.777115442880595,-0.0018574436409971157
1780327231.592164993,-0.005266374128752638,-1.5437356309440418,1.5727325948834103,-3.2506040312849738,4.731349886283099,0.00151419793859962,-0.017505628208451116,-1.5152666246383388,1.5196312794782223,-3.157051399156974,4.76792492225676,-0.0020116228828016875
1780327231.692090750,-0.002263983319617857,-1.5423915634472714,1.5713463039473878,-3.2505500645791443,4.72054445753442,0.0006478166450060556,-0.015851924177535025,-1.5176502334168926,1.5221553504941432,-3.1565175201100435,4.756636914525792,-0.0021462084179786635
1780327231.792114496,0.0013502320052631855,-1.540731518115921,1.5696308486108013,-3.2504929374371,4.70752176618125,-0.0003961644646430784,-0.012781214847594147,-1.5182646501028891,1.522856472743016,-3.156435084189625,4.745590492650222,-0.002275815206249894
1780327231.892240286,0.0029297190314012678,-1.5399915516535234,1.5688650311384646,-3.2504706097718197,4.701824833963272,-0.0008529275384914214,-0.005316845721163634,-1.5193329458217395,1.5240375627633245,-3.1561720503412563,4.736001092429615,-0.0024402756522401924
1780327231.992281199,0.003315491121327563,-1.5398094791145152,1.5686764902374928,-3.250465400136073,4.7004328602021435,-0.0009645778025761942,-0.0021536745343681673,-1.5192065721619183,1.5239674203632927,-3.1564547284043196,4.730163015906743,-0.0024452384276297204
1780327232.091926575,0.0017959135995619935,-1.5405236163980378,1.5694157561291775,-3.2504864795896946,4.705914639726871,-0.0005251072615006791,0.0008501117003244641,-1.5154852248741717,1.520064992625125,-3.156966405770881,4.728257136723239,-0.002284135744359473
1780327232.192100763,-0.0007075835801657604,-1.5416823410027387,1.5706138479712697,-3.2505244268583606,4.7149386186888185,0.0001983182967631808,-0.0007980442194940077,-1.5118779857948885,1.516194341983967,-3.1572182213919513,4.730925626675354,-0.0019350960533208686
1780327232.292262316,-0.0019308740702097538,-1.5422404895128876,1.5711903357727905,-3.250544443404319,4.719344930153191,0.0005515555571546017,-0.005789916481282441,-1.5091855960968914,1.5132197806346577,-3.157114854196279,4.733390502072992,-0.0015043771885248542
1780327232.392211914,-0.001030851860988058,-1.541830352156449,1.5707667605615094,-3.2505296162991133,4.716103227974976,0.0002917229948343079,-0.010759121329934328,-1.5115671176044856,1.515637602535462,-3.1563324810820443,4.73167003428419,-0.0011932253051499396
1780327232.492013693,0.0019736066053308576,-1.5404405323247055,1.5693297807413449,-3.250483932521094,4.705273799227805,-0.0005763782499412784,-0.011335605895813956,-1.5147958984810233,1.5190457721776833,-3.155743362709731,4.726014638800117,-0.0011160853063520181
1780327232.592242002,0.0049583267584210056,-1.5390281997777553,1.5678669667423795,-3.250444249468896,4.694502493021851,-0.0014400818185142938,-0.008519273872568582,-1.5171745489775628,1.5216319137209537,-3.155683601369922,4.7210653005719205,-0.001268040093760013
1780327232.691990614,0.007449029552341724,-1.5378253788835163,1.5666191334013426,-3.2504153967830787,4.6855032290611,-0.0021619657835749706,-0.004419841785530054,-1.5170645547935795,1.5216099292909206,-3.156023803144528,4.715578281559652,-0.0015752721247647191
1780327232.792176247,0.00873538999476886,-1.5371954896417446,1.5659649349196108,-3.250401991391098,4.680851346192585,-0.0025352807278382627,-0.0004186664820816416,-1.5130027871471432,1.5173729372131757,-3.1567308910989085,4.712537331718051,-0.001921673054673203
1780327232.892060041,0.009742918227678254,-1.5366979972089014,1.5654478855757712,-3.2503921948220764,4.677205786189388,-0.002827923163045476,1.2324594413618239e-05,-1.509703338865294,1.5138548655093076,-3.157047917141744,4.708723773742641,-0.0021835317211973473
1780327232.991997719,0.011630456842330661,-1.5357561666075377,1.564468169024799,-3.2503754860519196,4.670371116911461,-0.003376722284553324,-0.0008231298140772838,-1.5073822410855797,1.5113209326928543,-3.1569711861818717,4.70221032827322,-0.0023405885694965643
1780327233.092019796,0.01459081561264397,-1.5342531560355255,1.5629023729489626,-3.2503535490937985,4.65963820166759,-0.004239089914119809,2.7933745428930735e-05,-1.5093957984911768,1.5134104437545854,-3.1562311675348873,4.691512071281815,-0.002455025792405646
1780327233.191997051,0.018048105616097043,-1.5324576049654377,1.5610280864525037,-3.2503344124604885,4.647081188837123,-0.005249257619657222,0.002483697393195458,-1.5104162175937397,1.5145172526144548,-3.1560707357039632,4.6809020833712065,-0.0025765781533805426
1780327233.292298794,0.02038640896472521,-1.5312184556976263,1.5597322418559842,-3.2503253498176026,4.638573764914465,-0.005934598649186995,0.008856530835838972,-1.5108875451206254,1.5150558109685774,-3.1558677045227963,4.670410088229365,-0.002743202076911114
1780327233.392011166,0.02112009279053062,-1.5308255104745152,1.5593209193893567,-3.2503231511812265,4.6359018673304355,-0.006150056943647009,0.013486339755571815,-1.5112970251074849,1.5155487683800442,-3.156096979184718,4.664138979699871,-0.002842051717789126
1780327233.492025614,0.0206661272120805,-1.5310688758833066,1.5595756914196715,-3.2503244842597336,4.637555245144469,-0.006016785931507229,0.016245425502334505,-1.509333445088589,1.5135018698259883,-3.1565676061973647,4.660038417488473,-0.0028092820440669864
1780327233.592687130,0.01845308044955729,-1.5322444264609807,1.5608052932658263,-3.2503326284322824,4.645608640751915,-0.005367917556556634,0.017267813603403483,-1.505374709521865,1.5092684182692695,-3.1570489351226123,4.661288673149597,-0.002616906277807222
1780327233.692128181,0.01634220444402157,-1.5333490047100309,1.5619590824118874,-3.250342997986256,4.653280218441842,-0.004750464394834175,0.013433126751043073,-1.5023746611919897,1.5059749671168983,-3.157118869924267,4.664357279213303,-0.002249450245084838
1780327233.792097807,0.015909996368357104,-1.5335731692386982,1.5621930448659263,-3.2503454299230743,4.654849830763354,-0.004624198692821935,0.008179253263657206,-1.5017328296704928,1.5051520644046996,-3.156588337056748,4.665525582405716,-0.0018243431667293241
1780327233.891948700,0.01811107986881977,-1.5324244959429008,1.5609934867964868,-3.2503341247072877,4.646852228674008,-0.005267702732850488,0.004282999780882053,-1.505005611196644,1.5085914869058494,-3.155862739207649,4.66210699682661,-0.001544701094902889
1780327233.992255688,0.02068161914358213,-1.5310605864878442,1.5595670118555351,-3.250324425990807,4.637498830148606,-0.006021246731886087,0.006603350649611138,-1.5079105065337535,1.51172189137972,-3.155426729835883,4.656692545038831,-0.0015434446043320216
1780327234.091950893,0.02375680150971249,-1.5293969553496378,1.5578239264250688,-3.2503177106847616,4.626289194230324,-0.006925842069630761,0.009269772879691022,-1.509705904565676,1.513723206924484,-3.155562591732924,4.651545901427632,-0.0017666805997547518
1780327234.192112923,0.025728025738668947,-1.5277477931592296,1.5566050354567742,-3.2522663567181285,4.619091650526887,-0.008822791187988344,0.01645453229409528,-1.5095700026223229,1.5119168226682596,-3.1550656302410807,4.645460162413027,-0.003311873577460549
1780327234.291973829,0.025053465301644984,-1.5100402436740685,1.5533977051515402,-3.3126554807684805,4.621555766974393,-0.021610768331826513,0.036782361794284874,-1.5653819572018657,1.5043987974793993,-3.1145353189590304,4.6278666066252105,-0.008097788787492321
1780327234.392222166,0.015415934859464908,-1.5053707331516328,1.5562740274233915,-3.3441151989287228,4.6566435959912695,-0.002146372743820457,0.022969892737608227,-1.4812196818469703,1.5141403963150317,-3.225808692530357,4.66064042018748,-0.004979557089477394
1780327234.491958857,0.0059121144018594585,-1.5175937182442985,1.5634234100035047,-3.320567395917098,4.691057522810761,-0.0007799581418037604,0.01536813887683815,-1.4402580773989966,1.5075901805955099,-3.2556352177497816,4.69641507869522,-0.0056942380980581145
1780327234.592137814,0.0015634713319927496,-1.5250996212486152,1.5668788794085469,-3.302959790723042,4.706752861507894,-0.00018484752113234748,-0.0016680078606156228,-1.4397644382868409,1.4868902153213683,-3.2409258794022544,4.711687956634535,-0.0025834346682747137
1780327234.692127705,-0.0014195882310881203,-1.5319568959150338,1.56941857368863,-3.2848415908878232,4.717503509643705,0.00015041398639857535,-0.008205355635949282,-1.4532197697109748,1.480170170988772,-3.2221429253366107,4.718894563404894,-0.0006663974250872049
1780327234.792050600,-0.002263299396210172,-1.5393087225686948,1.5709447028786185,-3.261210045757747,4.720541994869626,0.00019914560792491109,-0.013121378284572282,-1.4550738471785891,1.4744472924141019,-3.2048238178903703,4.7300173857469066,0.00017111636598826993
1780327234.892022610,-0.003123193631539678,-1.5724617457532606,1.5721961357741048,-3.1406397806065156,4.723637827532187,6.922719359004229e-06,-0.012806358453476864,-1.4286428985120585,1.44888133939104,-3.156726256470153,4.746080506105823,4.700611653222047e-05
1780327234.992264509,-0.0025318528693629716,-1.5721259534099996,1.571935985119376,-3.1409107840344457,4.721508953924025,2.091054769840801e-06,-0.009017735589646666,-1.5440917755061596,1.5348245537801521,-3.1303532630728794,4.7265982006177945,6.791610657709478e-05
1780327235.092543602,-0.0015765712467485926,-1.5716232422756589,1.571508948551376,-3.1411818217271548,4.718068927695467,6.969075467270769e-07,-0.00611083658052001,-1.56945913460929,1.5518666261385137,-3.0996805872930393,4.723347995314513,-0.00024256114182103685
1780327235.192044258,-0.001078301599100051,-1.5713383282963767,1.571287044141346,-3.1414082817121547,4.716274159129638,2.840413659754169e-07,-0.0031396680137232985,-1.5753242844947772,1.554848720246789,-3.0726038545340293,4.722038665635663,-0.0004918327554929209
1780327235.292309761,-0.0007132711275934511,-1.5711414862734916,1.5711227092713203,-3.1415251635962176,4.714959109906624,1.607625858519208e-07,-0.0015247328854307378,-1.57679934402256,1.5551693061768281,-3.055370630684669,4.720456941749609,-0.0006129413314667692
1780327235.392207623,-0.0005046369381602744,-1.5710271596430356,1.5710287297967571,-3.1415983913611694,4.71420740972066,9.066727805243527e-08,-0.012982844386026158,-1.5160553473217364,1.4938585500128763,-3.058985921005261,4.754283278223433,-0.0013567462246000513
1780327235.491930008,-0.0004976925876079008,-1.5710261584217067,1.571025320478606,-3.1415897393510726,4.7141823885101335,3.63110270934532e-08,-0.020090158343955205,-1.4644249274422663,1.4390556215807437,-3.0539945360054825,4.77651785770573,-0.0031413176499058702
1780327235.592245102,-0.0004976925876079008,-1.5710257232930278,1.571025370019617,-3.141591458742896,4.7141823885101335,2.5208170521984012e-08,-0.0124521466228832,-1.503874476710136,1.4790451745717184,-3.0409075053019547,4.753358588651929,-0.004369436091827029
1780327235.692002296,-0.0004976925876079008,-1.5710255359142575,1.571025381297194,-3.1415921991020657,4.7141823885101335,1.5169171146846893e-08,-0.007018746266463879,-1.5380367829997184,1.5142631763090821,-3.036548338369526,4.736115420568018,-0.00416289825230834
1780327235.792026997,-0.0004976925876079008,-1.5710254673468373,1.5710253915711219,-3.1415924700096363,4.7141823885101335,0.0,-0.0037588941701269443,-1.5590444563607608,1.5358432329426541,-3.035370604866636,4.725310657398562,-0.0032467968222744735
1780327235.892090797,-0.0004976925876079008,-1.5710254454619337,1.5710253915711219,-3.141592563167882,4.7141823885101335,0.0,-0.0020101438659934734,-1.5696154982992105,1.5465518452148121,-3.034840216091958,4.7193344641286625,-0.0022406273101689108
1780327235.992216110,-0.0004976925876079008,-1.5710254348991537,1.5710253915711219,-3.141592600910478,4.7141823885101335,0.0,-0.0010687685521161686,-1.5745413462062379,1.5514386702596954,-3.0343735960449867,4.716115020194536,-0.0014241990180668533
1780327236.092186213,-0.0004976925876079008,-1.5710254348991537,1.5710253915711219,-3.14159261105931,4.7141823885101335,0.0,-0.0005462974634242132,-1.5767615939916633,1.5535830880966766,-3.0339800777692267,4.7143785683191215,-0.000841777475882982
1780327236.192150354,-0.0004976925876079008,-1.5710254348991537,1.5710253915711219,-3.141592621474658,4.7141823885101335,0.0,-0.00026921863913252175,-1.577705053807951,1.5544625797501703,-3.0336745116373938,4.713500857987436,-0.00047119215582970444
1780327236.292071819,-0.0004976925876079008,-1.5710254348991537,1.5710253915711219,-3.141592621474658,4.7141823885101335,0.0,-0.00012659114154871053,-1.5780929032322435,1.5548076059470548,-3.0334628808240627,4.713076148606902,-0.0002531839907419847
1780327236.392190456,-0.0004976925876079008,-1.5710254348991537,1.5710253915711219,-3.141592621474658,4.7141823885101335,0.0,-0.000348034385162854,-1.5783043049950969,1.5549935763560678,-3.0333387496835025,4.712921611242174,-0.000140922789074382
1780327236.491992712,0.010090994672677267,-1.5659817930464834,1.5659685517642064,-3.1415794145220257,4.6759459120634235,0.0,-0.02113019156173402,-1.5792725555568499,1.555963092623218,-3.033643765472651,4.69906900839226,-0.0006112042217285693
1780327236.592031717,0.027376226533200043,-1.5569712041112886,1.5568620159634827,-3.1414834679372965,4.613066023029039,0.0,-0.015134785755195867,-1.5769174339153578,1.5534993471834406,-3.03190262275153,4.664995091895862,0.00024435766407619286
1780327236.692169428,0.04363151923888986,-1.5475856013106188,1.5472778468957058,-3.1412849018850757,4.553223514173325,0.0,0.0021223949857865397,-1.5702760078933835,1.5467580264989458,-3.0305559152821404,4.630831899905025,0.002068644209716307
1780327236.792181969,0.061575744038308455,-1.5361397598069946,1.535453680131057,-3.1409065768177706,4.48609724142321,0.0,0.022155677811507263,-1.5608691550125888,1.53721122262663,-3.029765109714391,4.58987832232255,0.004590076418402644
1780327236.892031431,0.07909451957127578,-1.5237855514693486,1.522523252985572,-3.140330358141101,4.419174243129663,0.0,0.040826773170894566,-1.5506583043830826,1.5267887175484878,-3.0294250255366335,4.54228922480061,0.0074975787722451675
1780327236.992318869,0.09437766355108912,-1.511970833441377,1.509994531133318,-3.1396163543788553,4.35938620274709,0.0,0.05935349804890911,-1.5391833038445535,1.5149751460367704,-3.0293373724188912,4.484966631527465,0.01107339143052096
1780327237.092273951,0.11074319021317858,-1.4981356826961463,1.4951209050459364,-3.1385778790488823,4.293569011479019,0.0,0.07700230262601195,-1.526940332062808,1.502241510245007,-3.0294480278109797,4.422527585780093,0.015164882474245703
1780327237.192055702,0.12638897965585572,-1.4836273496190557,1.4792892701805933,-3.1372545772054106,4.228518156594116,0.0,0.09424716138456457,-1.513818031947042,1.4884346616079134,-3.0296335788844626,4.356452196036581,0.019734102993137385
1780327237.292171478,0.14121797406242698,-1.4685588253906392,1.462592705454036,-3.135626536582066,4.164501370976799,0.0,0.11032180778869369,-1.5006551901789669,1.474413968769669,-3.0298540459590813,4.2926049384128095,0.024279481005505928
1780327237.392086267,0.15518419798127314,-1.453012923936936,1.4450967035131206,-3.1336764359277094,4.101625232711901,0.0,0.1260536181631872,-1.486526931097222,1.4591728332654614,-3.030181349053318,4.228019027060358,0.02879180567454932
1780327237.492185593,0.1671408479529065,-1.4384886580362712,1.4285026729156236,-3.131606671029992,4.045358319087985,0.0,0.14013083453333414,-1.472140181858303,1.4434505179858483,-3.030657716086247,4.164199630110428,0.032917209540376226
1780327237.592180490,0.17981399613891702,-1.421648020494115,1.4089630234813357,-3.128907658939781,3.9826942936364302,0.0,0.15335839714102822,-1.4568394085594116,1.4264847195355022,-3.031124133043112,4.099462305559583,0.0366327491426266
1780327237.692072392,0.19167699412516137,-1.4042646119275517,1.3884573959477058,-3.1257854472742803,3.9205256404399647,-1.014528017151406e-08,0.16606712392913842,-1.4406767020877487,1.4082806325929003,-3.031430528507482,4.036701387456473,0.039764517352439535
1780327237.792168379,0.20261681277416677,-1.386527125919212,1.367182930018754,-3.1222484689280168,3.859378443576123,-1.014528017151406e-08,0.17902060297780198,-1.4237242497237146,1.3888789337487437,-3.0313994930422243,3.9738580435679665,0.04255612223874054
1780327237.892045498,0.2126033947141297,-1.3685442212377978,1.3452530271697292,-3.1183014724452747,3.7994498805303207,-1.014528017151406e-08,0.190752600553658,-1.4061361547034963,1.3684209462255992,-3.031355143909797,3.912755347520704,0.044584466611086525
1780327237.992111921,0.22166575472653793,-1.3503363393102479,1.322679499436165,-3.1139358280174254,3.7406381568486884,-1.014528017151406e-08,0.20087240033704348,-1.3876670220300165,1.346570242104535,-3.031324663602934,3.854207559740461,0.045646239748053645
1780327238.092106342,0.22985085050239873,-1.3318741146202226,1.2994125268538756,-3.1091310795086695,3.682704870577103,-1.014528017151406e-08,0.2099171658583312,-1.368517511288018,1.3235273087295203,-3.0310898759742004,3.7958089911317106,0.04602804531018415
1780327238.192019939,0.23714132955988165,-1.3132710710928048,1.27558435079491,-3.1039059384271592,3.6258720889250453,0.0,0.21851711737999158,-1.346768358884856,1.2968231524732934,-3.0301519678919844,3.7402280543263755,0.04557379397012536
1780327238.291956425,0.24280668377896164,-1.296904132613836,1.254302973142233,-3.098991488306092,3.5770210161723455,1.0517802202660436e-08,0.22821650506005367,-1.332314564453558,1.2788783659547425,-3.0291768384578575,3.682929877692081,0.045970880047810386
1780327238.392214060,0.24838143601373952,-1.2785116562796786,1.2300346769293324,-3.093115665603965,3.523283564849141,1.0517802202660436e-08,0.23536117485934513,-1.3164789550602967,1.2588696704982711,-3.0284196325377404,3.6281176003992917,0.04513645083729348
1780327238.491996765,0.25319381961404797,-1.2599776086794963,1.2052029449966921,-3.0868179790777535,3.47025590192853,2.070316611373596e-08,0.24166311878526056,-1.297820240474798,1.234885077387808,-3.0271795494149263,3.5721598330638122,0.0434290824223637
1780327238.592019081,0.25725713956850815,-1.2413430684271844,1.1798569679410793,-3.0801065401371144,3.417967779223053,2.070316611373596e-08,0.2468808403623642,-1.2792912507817693,1.2106761343031618,-3.0254762413658622,3.5202527019540386,0.04135500412624074
1780327238.692317009,0.2602898158536009,-1.2245071798420266,1.1566314646430422,-3.073716923302728,3.371530014724766,2.070316611373596e-08,0.25116006203776353,-1.2617176824634289,1.1873607618807311,-3.023495615355297,3.4725489082157233,0.03906423064504119
1780327238.792050362,0.2629851845047748,-1.2057489026586259,1.1303909840828474,-3.066234717037617,3.3206050153328626,2.070316611373596e-08,0.2551494072859698,-1.2426165360187387,1.1616272431659669,-3.0209775724278773,3.421622523913696,0.0362394201902727
1780327238.892330170,0.26499201987282117,-1.1869557577587573,1.1037196061792565,-3.058356479837421,3.270367077698327,3.0752882561053316e-08,0.25846351080928737,-1.2234616171378203,1.1354059705235713,-3.0180723684150927,3.371367297870858,0.03308769347659129
1780327238.992208958,0.26633276429326314,-1.1681469448481199,1.0766446134749028,-3.05009029191512,3.220794636486575,3.0752882561053316e-08,0.2610472432817836,-1.2047089942227318,1.1093344449807945,-3.0147466060282913,3.3227731217217,0.029848322698355467
1780327239.092060328,0.26703019190468413,-1.1493402761149767,1.0491927649231185,-3.041445080474651,3.171865138543894,6.496178177544439e-08,0.26298521868410785,-1.1860032444880035,1.0829336073020217,-3.011026439420583,3.274973774936983,0.02643231007803003
1780327239.192642927,0.2671071860254155,-1.1305522354784658,1.0213902131025439,-3.0324307038747316,3.123555257697589,-6.278763553524414e-08,0.2643354820378631,-1.1665590805441806,1.0550738126614279,-3.006699678722763,3.225959037519471,0.022754609915305788
1780327239.292026997,0.26658400034765684,-1.1117397023695226,0.9931743516400803,-3.023027312539423,3.07569236066765,0.0,0.2649957575579916,-1.1483678343678827,1.0286273432490964,-3.00225419606185,3.1802325543852112,0.019204989879292405
1780327239.392078161,0.2654697251000203,-1.092807557467106,0.9643994674219165,-3.013184572963963,3.0279811506241017,0.0,0.26511529523967714,-1.1298348926921706,1.0013072928941693,-2.99721742074949,3.133849206275131,0.015623191702684346
1780327239.492520809,0.2639637745663099,-1.075640484654162,0.9379790720652504,-3.00393123952061,2.9850652235314725,1.0207981900250707e-08,0.2647191984904316,-1.111919371617292,0.9745315042390558,-2.9919336985492375,3.0896670224186984,0.012142193902266493
1780327239.592542410,0.2617324481203147,-1.0564170377235218,0.9080243514553787,-2.9931999638032543,2.9373467428994497,1.0207981900250707e-08,0.26375432185746694,-1.0926538064887765,0.9453384335471383,-2.9858041982011536,3.0430015177862018,0.008401670944484237
1780327239.692084789,0.2589427702756898,-1.0372181182098998,0.8777190623108528,-2.982093593197791,2.8899893977794897,1.0207981900250707e-08,0.26250309051612086,-1.073468351744495,0.915850154119801,-2.9790710053290077,2.9983926995180616,0.004868437124507801
1780327239.792416096,0.2556240578604225,-1.0181242220524398,0.8471949017569663,-2.970663328213931,2.843130557315965,1.0207981900250707e-08,0.2600491602607038,-1.052892716306907,0.8837804200903476,-2.9713959762833126,2.9519018276958997,0.0010944967590818806
1780327239.892029762,0.25225991521179325,-1.0013094642781333,0.8199969925936548,-2.960280176565412,2.802015647445629,1.0207981900250707e-08,0.25721031838596176,-1.0342128578027339,0.8542897672112525,-2.9641959068033095,2.908800274575599,-0.002445930971750925
1780327239.992044687,0.24814877482041964,-0.9830662323478911,0.790152673971506,-2.9486790900263182,2.7575163372907396,1.0207981900250707e-08,0.2534469721953681,-1.0159628653663155,0.8251443394366366,-2.956833755296764,2.865280421962864,-0.005864669235956421
1780327240.092189789,0.2436014104870794,-0.964970597053747,0.7602044977219808,-2.936826549765973,2.713433774096394,1.0207981900250707e-08,0.24970115785416253,-0.9976847435996952,0.7955928851476117,-2.9486526532071724,2.821601437239372,-0.008794379812874696
1780327240.192119360,0.23860627969678916,-0.946934317823855,0.7300120856534862,-2.9246704266996377,2.669491847835028,0.0,0.24553652391520311,-0.9787723366610059,0.7646313886076057,-2.939520484132764,2.7773939632958555,-0.011477412539002535
1780327240.292490959,0.2331540091781108,-0.9289132584634494,0.699503160354719,-2.912182563005489,2.6255167084477202,0.0,0.24128134192159836,-0.9601548874073691,0.7337577272576289,-2.930005521156501,2.734793156908996,-0.013905594228465303
1780327240.391998529,0.2273242443290191,-0.9111467823831187,0.6690898198814139,-2.89953570941212,2.5820207478751547,-1.0109958203941005e-08,0.2367375622356858,-0.9429656485408602,0.7049846292202017,-2.921141609228659,2.691790599579997,-0.016215222075725982
1780327240.492088795,0.22175458690622074,-0.8953452140451938,0.6417594010389256,-2.888006858793047,2.5431487991333195,-1.0109958203941005e-08,0.2314509285231502,-0.9250057252799495,0.6745938783099361,-2.9111712330957173,2.6482342566251327,-0.018175977130139093
1780327240.592740774,0.2152278811542816,-0.8780356794071693,0.6115163209155005,-2.875073304366635,2.500279711723908,0.0,0.22569970564861774,-0.9069978973652821,0.6437744474509927,-2.90062465324966,2.605214068126235,-0.019846021452633884
1780327240.692077637,0.208363482929121,-0.8610212231001677,0.5814770498036038,-2.8620484894750367,2.4577432389894924,0.0,0.21994033962578186,-0.8902711163298793,0.6148387224130861,-2.890451505553586,2.5652241846040074,-0.021224535551224638
1780327240.792673349,0.2019108607126261,-0.8459904238245386,0.5546813688794452,-2.850283607678211,2.419731363033402,0.0,0.21382994898356428,-0.8737841351705002,0.5860422016519836,-2.880025411135467,2.5253276470140076,-0.022366458429851827
1780327240.892039537,0.1944518526383685,-0.82964337807626,0.5252620034367093,-2.8372112877782025,2.3777857261685584,0.0,0.20700014283649298,-0.856691374643245,0.5559180718172895,-2.8687263191114893,2.4830877256410933,-0.023239917157238728
1780327240.992110252,0.18670339509688239,-0.8137167487626966,0.4963194064636908,-2.8241953198921044,2.336128359981371,0.0,0.19998853018657062,-0.8403523218536053,0.5268563210778653,-2.8575037923370954,2.4418385713881787,-0.023821889349438276
1780327241.092149258,0.17868083028139492,-0.7982704282340709,0.4679835463471771,-2.811305780070646,2.2947430384709926,0.0,0.19253097290366872,-0.8240735155869547,0.4976232571650288,-2.8459919547788393,2.3999272231095437,-0.024230090282989628
1780327241.191965580,0.17039939503545343,-0.7833778704962873,0.4404130987988493,-2.7986278900341013,2.2536158549543006,0.0,0.18492884156358913,-0.8085469769141529,0.4694874357154207,-2.8346826476602365,2.358920345010786,-0.02443350944286267
1780327241.292194128,0.16186452725599754,-0.7691134357533471,0.41377259633903146,-2.7862518220729315,2.212689037471098,0.0,0.17683606964947898,-0.7934537555887982,0.441931377530683,-2.8233335768134387,2.3172146951495325,-0.024378434980233017
1780327241.392008781,0.15294435997523959,-0.7553743550470129,0.38789547098152743,-2.7741137771555016,2.171284731789611,0.0,0.16808497244327864,-0.7793376834563928,0.4159611533204713,-2.8126256557536795,2.275765477152704,-0.024237527733016174
1780327241.492047310,0.14374517835907974,-0.7424825561593478,0.363417626798085,-2.7625277316044796,2.129860044152528,0.0,0.15968950867505666,-0.7654811067314373,0.3903040989515348,-2.801543627709039,2.23389241625485,-0.023713739717167722
1780327241.592033863,0.13437170218534966,-0.7307395236740728,0.340953422821537,-2.7518065598680517,2.088811381337645,0.0,0.1512272614035867,-0.7522302163144863,0.36558416469355137,-2.790606244333896,2.191428587450889,-0.02297789647829155
1780327241.692471743,0.12484450688579196,-0.7203372846181013,0.32091919364204674,-2.7421745695161834,2.048140193663179,0.0,0.1424204014509921,-0.7399249152534448,0.3424703488455898,-2.780288980692933,2.148823749706001,-0.02212726746265945
1780327241.792076826,0.11517356912582732,-0.7114799088532973,0.30375929292356024,-2.7338720398535816,2.0078060613977886,1.0070189252489207e-08,0.13330166822355655,-0.7287885402703456,0.3214333662694667,-2.7708462757365084,2.1063903931090557,-0.02117452531185526
1780327241.892169952,0.10535654950392748,-0.70438009778535,0.28993669037666725,-2.7271492482745154,1.967724060523734,1.0070189252489207e-08,0.12388856782422183,-0.7189791160229166,0.30282322970664977,-2.7624436971882447,2.0642007393587845,-0.020118202287583608
1780327241.992009163,0.09533477665769263,-0.6992334309365926,0.2798786709549264,-2.722237895713911,1.927593658416719,1.0070189252489207e-08,0.11379689812652612,-0.7109035946721454,0.28746003973328027,-2.755628666525125,2.0238057556124893,-0.0190762293270687
1780327242.092296600,0.08611280815862177,-0.6964600213999503,0.27444533878848976,-2.719577973239122,1.8912864126217321,1.0070189252489207e-08,0.10345898168827607,-0.7043336901796975,0.27499005635026513,-2.749976311380721,1.9849974048425187,-0.017931349157691717
1780327242.192142963,0.07581502683498664,-0.6956217229016364,0.27280120234359856,-2.718772135485058,1.8513627745187984,1.0070189252489207e-08,0.0933183613944914,-0.6992456755332777,0.26535817044793586,-2.745434451131959,1.9452469343860612,-0.016627537271078418
1780327242.292440414,0.06548281264723999,-0.6971266971930925,0.2757522627746306,-2.7202182253986185,1.8118824164975404,0.0,0.08300134055683475,-0.69250537528408,0.2531144233834915,-2.736052339075715,1.9034488547090038,-0.013954828649502362
1780327242.392057896,0.055405588460180066,-0.7007248207189427,0.2827965578541349,-2.7236644002455392,1.7738617465518975,0.0,0.07439805595846279,-0.6950862081376972,0.25751542424186713,-2.7413357170227868,1.8616346992248973,-0.013561265536014057
1780327242.492071629,0.04523172863097047,-0.7062927929305802,0.29366647037004656,-2.7289663420384795,1.7358982791896989,0.0,0.06443975175261174,-0.6996584893655458,0.26626118021256506,-2.7489422473071983,1.821264087266688,-0.013076853605197327
1780327242.592093229,0.03496380230242235,-0.7136471176426813,0.30796658430372553,-2.7359121318364865,1.6979534770849756,0.0,0.054246136565835906,-0.7037303555797791,0.2742624437979299,-2.754206017853579,1.7815635337849491,-0.011937213877976256
1780327242.692448616,0.024623401094318487,-0.7225677221929168,0.32522565801924525,-2.744250601157337,1.6600591443765849,0.0,0.04385565621202089,-0.708641952269442,0.2838218861737745,-2.7593374835754707,1.741563808143952,-0.010489163853596738
1780327242.792379856,0.014223740857209455,-0.732838397283893,0.3449803326686894,-2.753734600685807,1.6222153235792816,0.0,0.03349887432437184,-0.7150578716200018,0.2961860931572717,-2.7656046508998546,1.7018702812353932,-0.00894047477503615
1780327242.892124414,0.004822223529247216,-0.7430728384535765,0.364542589842542,-2.763062416596176,1.5881913437196982,0.0,0.023550650973887057,-0.7227112661157609,0.31082638335693036,-2.7729811106405378,1.6638662664018522,-0.007413486872673899
1780327242.992636681,-0.0056598290484455305,-0.7553848619787571,0.3879153395388346,-2.7741231426369395,1.5504201898722079,0.0,0.01317349447198514,-0.7320707760483476,0.32860929717173065,-2.781944850532225,1.6243012013149571,-0.005787174895489769
1780327243.092064619,-0.01616953956512912,-0.7685436223943594,0.41270363239251795,-2.7857526749408126,1.5126739274410772,0.0,0.002791151961342582,-0.742628547650404,0.3485353536129463,-2.7919631048524383,1.584843051264876,-0.004117282145718057
1780327243.192182064,-0.02669633159555662,-0.7824251159080475,0.43864084457278113,-2.797808393480808,1.4749419997518696,0.0,-0.00761615363288231,-0.7541843239444734,0.37017684187780203,-2.802798353424607,1.5454290254190788,-0.002396698198072343
1780327243.292086601,-0.037229294858342143,-0.7969266804200466,0.4655060055885308,-2.810171989871452,1.437214577651902,0.0,-0.017823760498842253,-0.7662952574979753,0.3926712261379859,-2.814001601605414,1.5068804818682722,-0.0006538253573183568
1780327243.392382383,-0.04776716706613904,-0.811977980234003,0.493142813092568,-2.8227574973883436,1.399446631800083,0.0,-0.02845259651704249,-0.7799054597727766,0.41773557551721086,-2.826507856103559,1.4668295974940209,0.0012399822545616785
1780327243.492095709,-0.0583638665933659,-0.8276080924252298,0.5215788288996799,-2.83556340076643,1.3613936049019113,0.0,-0.03847126459593027,-0.793431377238563,0.44246703578999924,-2.838700593022368,1.428971735129466,0.003091927232376034
1780327243.592019081,-0.06904763273835357,-0.8438295116616628,0.550809036754763,-2.8485721891136793,1.3228987118431088,0.0,-0.048720383865775437,-0.8076977993345826,0.46834734474371303,-2.8511799710749957,1.3899391537585428,0.005032118260901113
1780327243.692435026,-0.0797521552334226,-0.8605207825234817,0.5805888171728406,-2.861660698429671,1.2841418770910218,0.0,-0.05899969171240606,-0.8224432067783898,0.49487451177013264,-2.8636071989998557,1.349669565928784,0.007034363844565167
1780327243.792139053,-0.08928820368098123,-0.8757450370294366,0.6074901994977719,-2.8733378259553333,1.2494086276403318,0.0,-0.06884821715492266,-0.8369842476882567,0.5208070905897982,-2.875683196339233,1.3120069160320702,0.008976281115969273
1780327243.892021656,-0.09970597923929159,-0.8927510647139556,0.6372472364149343,-2.886088834769294,1.2111846063789795,0.0,-0.07960715802847383,-0.8540762069962948,0.5510521284306193,-2.8900072773670598,1.271942513135169,0.011242386983416902
1780327243.992416620,-0.10990305697607461,-0.9097734673125677,0.6667250305865116,-2.8985442259247503,1.1734272552026819,0.0,-0.09025757281533782,-0.8705292297346805,0.5799177091062568,-2.903363209490606,1.2330419741259795,0.01344018253836991
1780327244.092116833,-0.12001019584524464,-0.927017663689611,0.6962740942194546,-2.910849092621557,1.135601806688953,0.0,-0.10057965080528068,-0.8857190779324569,0.6062856453015819,-2.9150205083436362,1.195753021339676,0.0154372699441566
1780327244.192246675,-0.12910944044904138,-0.9428670537390778,0.7231562622934598,-2.9218818697988604,1.1011470292764423,0.0,-0.11098393866851174,-0.9009077703431778,0.6323879295591079,-2.9261932559970987,1.158569676378957,0.017361147314330395
1780327244.292543411,-0.13919483298686863,-0.9608077648881466,0.753266351117023,-2.9340512449887473,1.0624400722426492,0.0,-0.12121451978158176,-0.9173908397329376,0.6604780913632534,-2.9379430253317067,1.1194719199051142,0.01932826709721153
1780327244.392402649,-0.1461865176014836,-0.9734861636924022,0.7743405618226196,-2.9424470547312875,1.0352412265923845,0.0,-0.12738840042603003,-0.9282306925019137,0.6787929919960745,-2.9453369590236043,1.092945813936419,0.02056458657933295
1780327244.492067337,-0.15612492922628007,-0.9918672681173231,0.8045940241818834,-2.9543194135626374,0.9959891819876736,0.0,-0.13700343770118942,-0.9464337639651879,0.7094410685645348,-2.9580864377931273,1.0551895122609554,0.022533906064976718
1780327244.591994762,-0.16594481101558411,-1.0104715597493072,0.8348535275214798,-2.9659746255320423,0.9564264118455653,0.0,-0.14684969387272157,-0.965122283049455,0.7406175120671729,-2.9706487010380656,1.015548970034707,0.024451725289952493
1780327244.692430258,-0.175602533933521,-1.0292347366695287,0.8650031827580141,-2.9773611039030343,0.9166396560689161,0.0,-0.156324466974028,-0.9831051695176214,0.7702306148527687,-2.9822826378751897,0.9763508799915999,0.026271783570543994
1780327244.792100191,-0.1850721809553999,-1.0481253693436052,0.8949836601747077,-2.988450948654187,0.8766451327898503,0.0,-0.16590465672578117,-1.0016049152290645,0.8003576557996741,-2.993635639762424,0.9360953750915838,0.027939132244886547
1780327244.892097473,-0.19341676242282446,-1.0652187000758673,0.9217878392427507,-2.998161797008959,0.8404669965544247,0.0,-0.17517270926830839,-1.0198841944030814,0.8297904336435828,-3.0043733015272176,0.8965709538959571,0.029441713744771364
1780327244.992007971,-0.2024724940232261,-1.08429758063388,0.9513414444657746,-3.008636521731699,0.8000517454357904,0.0,-0.18446530161838876,-1.038650006630955,0.8596542797906114,-3.0149639677807976,0.8562531675934981,0.030863091833824168
1780327245.092039585,-0.21128161017794866,-1.103452082736533,0.9806248272455902,-3.0187654025122264,0.7593893450335171,0.0,-0.19303745994426227,-1.056457247131589,0.8876777423437759,-3.0245280187944896,0.8182946688890725,0.03201579708430074
1780327245.192056179,-0.21982347991907591,-1.122666556467541,1.0096087804235174,-3.0285348821070155,0.7184590534606301,0.0,-0.20178893940048317,-1.0752138759755026,0.9168706121233222,-3.034033209210889,0.7785953859585317,0.032961954732174066
1780327245.292016506,-0.22726476486989888,-1.139997462058023,1.0354143867671297,-3.0370095830267356,0.6813749434048807,0.0,-0.21032064061220992,-1.0941299018787642,0.9459719901367158,-3.0430210237803395,0.73873928104805,0.03362087644431882
1780327245.392271519,-0.23366937666538057,-1.1554224564766065,1.0581123177180205,-3.0442825197307077,0.6482013752990894,0.0,-0.21674886758429857,-1.1087877859726563,0.9682649985999946,-3.0497063740232533,0.7077648695160706,0.03404345445561263
1780327245.492154121,-0.2406133676582911,-1.1727621519148146,1.08332337049839,-3.0521538772577363,0.610681468976232,0.0,-0.22465416493967874,-1.127579423306516,0.9965419327093068,-3.0577510154440963,0.6685914486117421,0.034293015915826675
1780327245.591981888,-0.24797057738271455,-1.1919576998320087,1.1108556622721542,-3.0604906304749635,0.5688093825479873,1.0024233642812567e-08,-0.23219243316765284,-1.1468259208743143,1.0251630250823893,-3.0654344032255305,0.6293813865258068,0.03422774810686645
1780327245.692085505,-0.25491299144794866,-1.2110126495119529,1.1377928347755084,-3.068372856466193,0.5268293516545922,1.0024233642812567e-08,-0.2395333463568301,-1.166920429963488,1.0546474705414126,-3.0729222302307106,0.5882054084833976,0.03391585300945352
1780327245.792093992,-0.2614111028874344,-1.2298761282209707,1.1640715837430156,-3.0757881302790766,0.484792826589792,1.0024233642812567e-08,-0.2462958162354011,-1.1863326161084027,1.0827176950308148,-3.0797293070375016,0.5477866652159613,0.03348653339422036
1780327245.892098665,-0.26744086126288913,-1.248506417881841,1.1896452105543576,-3.0827314713802387,0.44273265200966344,2.0134953619283826e-08,-0.25283130636756423,-1.2059779757488958,1.1107116600697038,-3.0860286184485526,0.5064486726221066,0.03277009735345234
1780327245.992639303,-0.2729447330758772,-1.2667393008076644,1.2143058987893656,-3.0891592810273676,0.40096647314383804,2.0134953619283826e-08,-0.2586363072886203,-1.2250320287111487,1.1374641561538612,-3.091491458859498,0.4649946999461775,0.03174876616855887
1780327246.092123985,-0.2779699537935558,-1.2847508486457935,1.2383088963835613,-3.095150735884209,0.3590350507428762,3.047205679665422e-08,-0.2654048467658364,-1.2430022002804622,1.162294149953734,-3.0961832654018604,0.4243715761806082,0.030631682429187287
1780327246.192428112,-0.2826481268658281,-1.303140774364076,1.2624472274330336,-3.1008991468084823,0.31543343838023197,3.047205679665422e-08,-0.2722948574543105,-1.2592891320618733,1.1844354647970152,-3.0997644486820537,0.38436103270597927,0.02926064061023998
1780327246.292341709,-0.2868816783024837,-1.3217557671079234,1.286499867957388,-3.1063367998898217,0.2703673516802735,4.0818917648230344e-08,-0.27796789054939564,-1.275706144477379,1.2064200520477482,-3.1026886981257884,0.34307410587552234,0.02741970749275543
1780327246.392189741,-0.2902115485458321,-1.3384365232140576,1.3077263106789403,-3.110882485989329,0.22907420888516897,4.0818917648230344e-08,-0.28229625513268186,-1.2922522859580683,1.2283170160156436,-3.1052852031026554,0.30332168355154465,0.02532733533620461
1780327246.491927147,-0.2933098566394605,-1.3566946391025256,1.3306044514702215,-3.115502467440688,0.18274658478412442,0.0,-0.2845246120613425,-1.3077624954576095,1.2484819716382143,-3.1068760306591536,0.25684676408309015,0.022880936130172363
1780327246.592068195,-0.29569241504411004,-1.3741827311379549,1.3521681704516593,-3.1195780570141505,0.13710269536940628,-3.600334519404669e-08,-0.2877402791526496,-1.3312901261609786,1.2789326382828414,-3.1095799873104326,0.2135838831101762,0.01919101476076308
1780327246.692202330,-0.2974257107687892,-1.3914455665867367,1.3731176281186084,-3.1232646465111196,0.09063956170994437,-7.209653318795972e-08,-0.29100045934297525,-1.3513064628798137,1.3044464834273077,-3.111505810353715,0.17207374418001517,0.016006445674367112
1780327246.792215347,-0.2984651267236469,-1.4084020224164586,1.3933688509487907,-3.1265593308356734,0.043425287025525956,-1.549680659351793e-07,-0.2935172740435136,-1.3696851823390048,1.3273820083158672,-3.11263237209699,0.12741471452944977,0.012864385571438106
1780327246.892022848,-0.2987717814431061,-1.4249937643570698,1.4128705233291712,-3.1294708414531685,-0.0045344363160495504,1.4251623611796443e-06,-0.2952107495533404,-1.3868477776534842,1.3483778612190536,-3.113002158019223,0.08226219490717908,0.009594156059683811
1780327246.992762566,-0.29839069304622434,-1.4395773152683429,1.4297547587279558,-3.131770225123449,-0.04835954062112169,1.2433474479700605e-07,-0.2961529053419937,-1.4030399142425116,1.3678502551518963,-3.1127971997196537,0.03798870055785238,0.006229425134935269
1780327247.092565536,-0.2972037494629092,-1.4553485505776678,1.447742833459346,-3.13398699513963,-0.09781997441671475,5.859270109387453e-08,-0.2964171471146415,-1.4186561836153881,1.3863396924713416,-3.1120843748498888,-0.005875224898588262,0.0027162094276262936
1780327247.192473650,-0.29517879359764443,-1.470617074661984,1.4648885612501776,-3.1358641752430443,-0.1481185083927592,3.652794250899513e-08,-0.2959505068338929,-1.43502116144173,1.4054097565504073,-3.110802201223128,-0.05323693810063645,-0.0012231500446146005
1780327247.292100906,-0.2922814841487096,-1.4853328053402315,1.4811627130529548,-3.1374225843651273,-0.19929129082964536,2.5529712387539e-08,-0.29472485595124853,-1.450715532283711,1.4234054049009004,-3.1090040489243127,-0.10035463795377254,-0.005282697172721732
1780327247.392225027,-0.28890141388213486,-1.4980603234118028,1.4950392922192242,-3.13857163881839,-0.24611897016249973,1.4952114160957585e-08,-0.2926935383598397,-1.4659785653565756,1.4406242257735222,-3.106778168169879,-0.14828388495176537,-0.009406085229353366
1780327247.492153645,-0.28425996736043313,-1.5115789389059788,1.509576224754629,-3.1395899441749147,-0.2990373023590207,0.0,-0.2898422035186962,-1.4807241291861466,1.4569925897794265,-3.1041245039690066,-0.19699730667361762,-0.013578053845222909
1780327247.592286348,-0.2786545969509131,-1.5244004343667221,1.523170935124063,-3.140363159230366,-0.35296858503396056,0.0,-0.28601867528027064,-1.495257159669479,1.4728652648941647,-3.1011201740497447,-0.24749204308519968,-0.01773755299947131
1780327247.692451954,-0.27213782064868486,-1.5363388827153255,1.5356606636491503,-3.1409144395129753,-0.4073307184085264,0.0,-0.2805591319688045,-1.5092248900948535,1.4878651029635037,-3.097622255246154,-0.30003776543522,-0.02195895513752082
1780327247.792098999,-0.26478516659304674,-1.5472792289890531,1.5469632967865883,-3.141276726368689,-0.4616725087791478,0.0,-0.27477964319826803,-1.522194129154113,1.5015746351195787,-3.094096674980771,-0.3508213737650845,-0.02578951243049426
1780327247.892091036,-0.2564956297400869,-1.5573724859411797,1.557269543990265,-3.141489716567638,-0.5168611742637053,0.0,-0.2687818971394983,-1.5344142258974163,1.5143000634067316,-3.090514468457678,-0.40216098837753655,-0.029280501569461423
1780327247.992076635,-0.2471862613724385,-1.5666511337456743,1.5666413180402918,-3.141582842712474,-0.5733910606445303,0.0,-0.26165763635399286,-1.5458764683324535,1.526044349793826,-3.0865340185420287,-0.45591797435516407,-0.03271156334304739
1780327248.092180729,-0.23681817762918556,-1.5750655517760928,1.5750551397320673,-3.14158224619347,-0.6314044637459917,0.0,-0.2536276351112695,-1.5561758454818104,1.5364323300528548,-3.0824682578022315,-0.5096331067253865,-0.03580249134471194
1780327248.191988230,-0.22534271186183918,-1.5825639709018846,1.582484862840519,-3.1415135499618816,-0.6910943105103584,0.0,-0.2448811444010126,-1.5653330659005968,1.5455269365085844,-3.0783688666778035,-0.564146617909975,-0.03851258619800661
1780327248.292150021,-0.21408377480870833,-1.5884504400185646,1.58827239584302,-3.1414146135325733,-0.7461378036400701,0.0,-0.2351571272138554,-1.573094041151446,1.5531047885656182,-3.074279447768606,-0.6201181144432258,-0.04079943529111609
1780327248.392029285,-0.20064730410928444,-1.5939313341372632,1.5936255834982436,-3.141286906308353,-0.808303200340525,0.0,-0.2247158880792917,-1.5799538103127073,1.559708813177793,-3.0703294482072057,-0.676255087721107,-0.042596108106070577
1780327248.492047071,-0.18625508682682845,-1.5982622595449154,1.5978313275867733,-3.1411617222430275,-0.8715730707903058,0.0,-0.21270259659519677,-1.5857923873017237,1.5652346288703949,-3.066245621118063,-0.735210936013258,-0.04402799697524998
1780327248.592132807,-0.17097141320439668,-1.6014012902845032,1.6008662380593128,-3.1410576012072102,-0.9358354565811711,0.0,-0.19903279967881937,-1.5920584004311413,1.571105347240252,-3.061621488779622,-0.7960720504850088,-0.04532645795485613
1780327248.692132473,-0.1564272155497095,-1.6031902538334686,1.6025908279599925,-3.140993228039095,-0.9947834652397285,0.0,-0.1850073005182188,-1.5972372183653194,1.5758869489722267,-3.057385046925247,-0.8577859293818719,-0.04586835936355106
1780327248.792160273,-0.13954351631527295,-1.6039868107041366,1.603357545649863,-3.1409633892354036,-1.061091097418819,0.0,-0.17031515555434362,-1.6007272545413596,1.5790063693712848,-3.0535924452366894,-0.919187259648517,-0.045667520831725546
1780327248.892179251,-0.12200589236514592,-1.6035189909233978,1.6029073381929173,-3.1409810018724835,-1.1280796681696508,0.0,-0.1538646278860396,-1.6030164281428476,1.5809296585840897,-3.0498069118875173,-0.9855953702601064,-0.044762331112847116
1780327248.992210865,-0.10392126184268768,-1.601789022874481,1.6012403287495138,-3.1410439607648617,-1.195621295828035,0.0,-0.13772542581854502,-1.6039547356851838,1.581562268136537,-3.04649895742751,-1.0491378214449463,-0.04325467145244058
1780327249.092102528,-0.08539833311809453,-1.5988088558767428,1.5983606035957316,-3.141144402875131,-1.2636033880341966,0.0,-0.12071342397717161,-1.6037313678351568,1.581074272241168,-3.043411276824963,-1.1148579298537822,-0.04105627749505656
1780327249.192507029,-0.07034172526231686,-1.5955384790626592,1.5951887764532118,-3.1412429527428523,-1.3182244390229316,0.0,-0.10498202809810858,-1.6025067715657473,1.5796560742880064,-3.040896048234853,-1.1746435726810374,-0.03853007403399374
1780327249.292287588,-0.05131903407774718,-1.5903659417064508,1.5901471674610699,-3.1413738813237146,-1.3867026607302666,0.0,-0.08708272804695928,-1.6000113906218605,1.5769930868666107,-3.038390856243621,-1.241830351909115,-0.035127872386032044
1780327249.392038107,-0.03218222327639264,-1.5840212630022608,1.5839213494612285,-3.1414927422067844,-1.4552921919717878,0.0,-0.06847019662047625,-1.5962390495076955,1.5730971257861897,-3.0361821963583413,-1.3109900303604207,-0.03105287033931888
1780327249.492238760,-0.013047753792021943,-1.5765458383814543,1.5765269546492646,-3.141573772150192,-1.523875914212109,0.0,-0.049584223764322144,-1.5912316839054803,1.5680020162050208,-3.034314667053487,-1.3806968891593359,-0.026431435443649974
1780327249.592118502,0.0059648236981064695,-1.5679895898757792,1.5679850904026533,-3.141588156484743,-1.5923182070928812,0.0,-0.031713094578552176,-1.5854941493505352,1.5621979392069634,-3.032850000847102,-1.4464705997179679,-0.021654534155229343
1780327249.692024231,0.022829601145564427,-1.5594363423372037,1.5593626211395297,-3.141518934750506,-1.6535139208205365,0.0,-0.014002842960533168,-1.5791085601596055,1.555740502011316,-3.0316367095977688,-1.5109583795737975,-0.016632082949859107
1780327249.792330265,0.03935835964086687,-1.5501409953031873,1.5498972735125698,-3.141348934093384,-1.7141516586389498,0.0,0.004833687451310591,-1.5713503767110595,1.5478853058229087,-3.0306196532264935,-1.5791296520016587,-0.010987284045361884
1780327249.892080307,0.05723169914382353,-1.539019138332244,1.5384423175741724,-3.141015835011669,-1.7807189171509963,0.0,0.023038049902633445,-1.562734694139631,1.5391345819331184,-3.0299366802018026,-1.6453412565457282,-0.005279285236100285
1780327249.992076874,0.07207980378894163,-1.528880738615971,1.527874938589259,-3.1405807559999013,-1.8370275227079294,4.424469683131609e-07,0.054620695694877194,-1.5498585997165826,1.5259736167986993,-3.0293038831339354,-1.7138302933425604,0.0011542150237234296
1780327250.092072010,0.07207980378894163,-1.5288793836994286,1.5278749491599504,-3.140585991814547,-1.8370275227079294,1.5858120604824627e-07,0.08036079143963681,-1.5392227520731812,1.5152443787612648,-3.032104256165025,-1.74598784753797,0.006418357384093992
1780327250.192221880,0.07207980378894163,-1.5288788876711426,1.5278749491599504,-3.1405879087194526,-1.8370275227079294,6.061671158087312e-08,0.0794841700853221,-1.5370027736553444,1.5130752539268204,-3.0336944482685015,-1.778454097278113,0.010371435170395472
1780327250.292165279,0.07207980378894163,-1.5288787060771831,1.5278749491599504,-3.1405886105193117,-1.8370275227079294,2.3693895498195272e-08,0.07655148758385613,-1.5364354365904562,1.5125532781911466,-3.0339770656485707,-1.8086858786636757,0.013812482616729281
1780327250.392151594,0.07207980378894163,-1.5288786394275329,1.5278749491599504,-3.1405888679310032,-1.8370275227079294,0.0,0.07461410394455065,-1.5362575570495887,1.5124215845558915,-3.034040122616292,-1.8291597891358728,0.016796268976079092
1780327250.492180347,0.07207980378894163,-1.5288786269672663,1.5278749592441176,-3.140588948750924,-1.8370275227079294,0.0,0.07359818857835772,-1.5361987435700808,1.5124049820606378,-3.034196645433309,-1.8396142033019849,0.019051913935434383
1780327250.592071533,0.07207980378894163,-1.5288786155626477,1.5278749592441176,-3.140588984931993,-1.8370275227079294,0.0,0.07307027531809118,-1.536179643586319,1.5124207529533553,-3.034417482558383,-1.8440278795457294,0.020628576033414104
1780327250.692009211,0.07207980378894163,-1.528878605509962,1.5278749592441176,-3.1405889965131175,-1.8370275227079294,0.0,0.07280630754501106,-1.5361759851611163,1.5124419396851034,-3.0346189043015066,-1.8452898397990207,0.021583119217752186
1780327250.792132616,0.07207980378894163,-1.528878605509962,1.5278749592441176,-3.1405890070782654,-1.8370275227079294,0.0,0.07267468791020008,-1.5361775985371589,1.5124596573069395,-3.03476527664311,-1.8453168192289742,0.022095846808419153
1780327250.892068148,0.07207980378894163,-1.528878605509962,1.5278749592441176,-3.1405890070782654,-1.8370275227079294,0.0,0.07260924889726691,-1.536180422829255,1.512472159499195,-3.0348565329558466,-1.845022899392656,0.022337962036510756
1780327250.991982698,0.07207980378894163,-1.528878605509962,1.5278749592441176,-3.1405890070782654,-1.8370275227079294,0.0,0.07257739158080642,-1.5361829111393828,1.5124800317975036,-3.0349063792747812,-1.8447526006405466,0.02243383054018709
1780327251.092399836,0.07207980378894163,-1.528878605509962,1.5278749592441176,-3.1405890070782654,-1.8370275227079294,0.0,0.07256160392941538,-1.5361847396350425,1.5124847798346128,-3.034931702597816,-1.8445758166955166,0.022463661815796065
1780327251.192252159,0.07207980378894163,-1.528878605509962,1.5278749592441176,-3.1405890070782654,-1.8370275227079294,0.0,0.07255375205355545,-1.5361859569543723,1.512487532498497,-3.0349435684394566,-1.844479168241311,0.022467128248777984
1780327251.292064428,0.07207980378894163,-1.528878605509962,1.5278749592441176,-3.1405890070782654,-1.8370275227079294,0.0,0.07255005478556198,-1.5361866722876671,1.5124889928045488,-3.0349484099407573,-1.8444358958110565,0.022462727403655063
1780327251.392442465,0.07207980378894163,-1.528878605509962,1.5278749592441176,-3.1405890070782654,-1.8370275227079294,0.0,0.07254823293322915,-1.5361870874832668,1.5124897785623979,-3.0349502951190366,-1.8444186340615627,0.022457599427399066
1780327251.492572546,0.07207980378894163,-1.528878605509962,1.5278749592441176,-3.1405890070782654,-1.8370275227079294,0.0,0.07254740607262358,-1.5361873003990523,1.512490158823068,-3.0349508937344365,-1.844413797376072,0.022454060059261864
1780327251.592105389,0.07207980378894163,-1.528878605509962,1.5278749592441176,-3.1405890070782654,-1.8370275227079294,0.0,0.07254702758732834,-1.5361874057714067,1.5124903397952756,-3.034951061017404,-1.844413243680614,0.02245204602483588
