time,target_x_base,actual_x_base,target_y_base,actual_y_base,target_z_base,actual_z_base,target_roll_world_rad,actual_roll_world_rad,target_pitch_world_rad,actual_pitch_world_rad,target_yaw_world_rad,actual_yaw_world_rad
5.050000000,-0.295150000,0.055751256,-0.112350000,-0.136761233,0.480900000,-0.367062103,-1.570796340,1.575232396,-0.000004489,0.671875873,1.570796327,-0.711995720
5.100000000,-0.295150000,0.055756264,-0.112350000,-0.136765438,0.480900000,-0.367062091,-1.570796340,1.575232088,-0.000004489,0.671876138,1.570796327,-0.711800284
5.150000000,-0.295150000,0.055761373,-0.112350000,-0.136769737,0.480900000,-0.367062089,-1.570796340,1.575232006,-0.000004489,0.671879310,1.570796327,-0.711603362
5.201000000,-0.295150000,0.055766297,-0.112350000,-0.136773901,0.480900000,-0.367062074,-1.570796340,1.575231637,-0.000004489,0.671876166,1.570796327,-0.711408761
5.280000000,-0.295150000,0.055771367,-0.112350000,-0.136778201,0.480900000,-0.367062072,-1.570796341,1.575231570,-0.000004490,0.671877143,1.570796327,-0.711212023
5.331000000,-0.295150000,0.055771367,-0.112350000,-0.136778201,0.480900000,-0.367062072,-1.570796341,1.575231570,-0.000004490,0.671877143,1.570796327,-0.711212023
5.350000000,-0.295150000,0.073535859,-0.112350000,-0.142038338,0.480900000,-0.367934294,-1.570796340,1.677113674,-0.000004489,0.891009535,1.570796327,-0.337371921
5.400000000,-0.295150000,0.142099752,-0.112350000,-0.113430522,0.480900000,-0.368641222,-1.570796340,1.965202639,-0.000004489,0.984893013,1.570796327,0.412721889
5.450000000,-0.295150000,0.261309568,-0.112350000,0.008942367,0.480900000,-0.339105929,-1.570796340,1.860100758,-0.000004489,0.441265093,1.570796327,0.771734128
5.500000000,-0.295150000,0.331687488,-0.112350000,0.153132200,0.480900000,-0.236791439,-1.570796340,1.586096569,-0.000004489,-0.372341693,1.570796327,0.987412005
5.550000000,-0.295150000,0.350576089,-0.112350000,0.218668095,0.480900000,-0.107803467,-1.570796340,1.041166622,-0.000004489,-1.074286815,1.570796327,1.335111082
5.600000000,-0.295150000,0.355085720,-0.112350000,0.194719265,0.480900000,-0.002899493,-1.570796340,-1.200978257,-0.000004489,-1.035651106,1.570796327,-3.096495353
5.650000000,-0.295150000,0.354227676,-0.112350000,0.135831206,0.480900000,0.058232263,-1.570796340,-1.812155160,-0.000004489,-0.287851656,1.570796327,3.137436166
5.700000000,-0.295150000,0.361872897,-0.112350000,0.087047105,0.480900000,0.111507054,-1.570796340,-2.233453861,-0.000004489,0.196696033,1.570796327,2.699796963
5.750000000,-0.295150000,0.362219969,-0.112350000,0.034129695,0.480900000,0.180449808,-1.570796340,-2.631901647,-0.000004489,0.404279333,1.570796327,2.124708795
5.800000000,-0.295150000,0.341413759,-0.112350000,-0.019255027,0.480900000,0.247299143,-1.570796340,-3.028992151,-0.000004489,0.378229350,1.570796327,1.534502762
5.850000000,-0.295150000,0.306282608,-0.112350000,-0.061123675,0.480900000,0.300044865,-1.570796340,2.938508051,-0.000004489,0.134248056,1.570796327,1.140688403
5.900000000,-0.295150000,0.269707941,-0.112350000,-0.087767836,0.480900000,0.341183817,-1.570796340,2.651297059,-0.000004489,-0.211324461,1.570796327,1.026156968
5.950000000,-0.295150000,0.238437094,-0.112350000,-0.102257816,0.480900000,0.382522939,-1.570796340,2.203013980,-0.000004489,-0.504204353,1.570796327,1.206454893
6.000000000,-0.295150000,0.204475116,-0.112350000,-0.109338218,0.480900000,0.437302171,-1.570796340,1.503293483,-0.000004489,-0.541013329,1.570796327,1.608974848
6.050000000,-0.295150000,0.146046259,-0.112350000,-0.111832757,0.480900000,0.499727348,-1.570796340,0.848112325,-0.000004489,-0.313717790,1.570796327,1.848987538
6.100000000,-0.295150000,0.063432285,-0.112350000,-0.111584368,0.480900000,0.549825543,-1.570796340,0.311911936,-0.000004489,-0.077925584,1.570796327,1.855488580
6.150000000,-0.295150000,-0.027527595,-0.112350000,-0.110675243,0.480900000,0.574935592,-1.570796340,-0.166436532,-0.000004489,0.052803552,1.570796327,1.767782299
6.200000000,-0.295150000,-0.108669438,-0.112350000,-0.110261320,0.480900000,0.575342358,-1.570796340,-0.568192383,-0.000004489,0.090870544,1.570796327,1.677508453
6.250000000,-0.295150000,-0.171294760,-0.112350000,-0.110404932,0.480900000,0.561460520,-1.570796340,-0.881558478,-0.000004489,0.083006485,1.570796327,1.617749652
6.300000000,-0.295150000,-0.215574911,-0.112350000,-0.110824721,0.480900000,0.543031952,-1.570796340,-1.115159367,-0.000004489,0.062129979,1.570796327,1.586384097
6.350000000,-0.295150000,-0.245385161,-0.112350000,-0.111285913,0.480900000,0.525642662,-1.570796340,-1.284634277,-0.000004489,0.042433199,1.570796327,1.572550103
6.400000000,-0.295150000,-0.264950749,-0.112350000,-0.111674997,0.480900000,0.511481963,-1.570796340,-1.405069252,-0.000004489,0.027681637,1.570796327,1.567595649
6.450000000,-0.295150000,-0.277637584,-0.112350000,-0.111962011,0.480900000,0.500860516,-1.570796340,-1.489075741,-0.000004489,0.017655895,1.570796327,1.566527319
6.500000000,-0.295150000,-0.285817802,-0.112350000,-0.112155937,0.480900000,0.493298739,-1.570796340,-1.546651300,-0.000004489,0.011151950,1.570796327,1.566889866
6.550000000,-0.295150000,-0.291075139,-0.112350000,-0.112277960,0.480900000,0.488106966,-1.570796340,-1.585456176,-0.000004489,0.007025846,1.570796327,1.567613237
6.600000000,-0.295150000,-0.294443581,-0.112350000,-0.112349388,0.480900000,0.484638015,-1.570796340,-1.611192241,-0.000004489,0.004433217,1.570796327,1.568292898
6.650000000,-0.295150000,-0.296593327,-0.112350000,-0.112387507,0.480900000,0.482370238,-1.570796340,-1.627995183,-0.000004489,0.002808567,1.570796327,1.568814206
6.700000000,-0.295150000,-0.297958311,-0.112350000,-0.112404958,0.480900000,0.480915123,-1.570796340,-1.638796026,-0.000004489,0.001789586,1.570796327,1.569175053
6.750000000,-0.295150000,-0.298819569,-0.112350000,-0.112410391,0.480900000,0.479997118,-1.570796340,-1.645629317,-0.000004489,0.001148809,1.570796327,1.569408415
6.800000000,-0.295150000,-0.299358992,-0.112350000,-0.112409419,0.480900000,0.479427279,-1.570796340,-1.649984782,-0.000004489,0.000744398,1.570796327,1.568324010
6.850000000,-0.295150000,-0.296604271,-0.112350000,-0.113486100,0.480900000,0.479020871,-1.570796340,-1.655297131,-0.000004489,0.000230180,1.570796327,1.560215555
6.900000000,-0.295150000,-0.289599560,-0.112350000,-0.115823966,0.480900000,0.478073360,-1.570796340,-1.662589999,-0.000004489,-0.000319051,1.570796327,1.547311168
6.950000000,-0.295150000,-0.281754113,-0.112350000,-0.118001508,0.480900000,0.477396685,-1.570796340,-1.668473603,-0.000004489,-0.000388962,1.570796327,1.537123953
7.000000000,-0.295150000,-0.277781385,-0.112350000,-0.117790047,0.480900000,0.477239728,-1.570796340,-1.670126368,-0.000004489,0.000204906,1.570796327,1.527774949
7.050000000,-0.295150000,-0.277106076,-0.112350000,-0.116284548,0.480900000,0.477441019,-1.570796340,-1.669687033,-0.000004489,0.001026627,1.570796327,1.519322588
7.100000000,-0.295150000,-0.277936135,-0.112350000,-0.114578425,0.480900000,0.477744896,-1.570796340,-1.668916035,-0.000004489,0.001759500,1.570796327,1.512348045
7.150000000,-0.295150000,-0.279366936,-0.112350000,-0.113247553,0.480900000,0.478030705,-1.570796340,-1.668164912,-0.000004489,0.002402624,1.570796327,1.508687705
7.200000000,-0.295150000,-0.280962584,-0.112350000,-0.112371350,0.480900000,0.478252268,-1.570796340,-1.667485973,-0.000004489,0.002971561,1.570796327,1.508814006
7.250000000,-0.295150000,-0.281973622,-0.112350000,-0.111904266,0.480900000,0.478365566,-1.570796340,-1.667397662,-0.000004489,0.003365823,1.570796327,1.510757752
7.300000000,-0.295150000,-0.282589092,-0.112350000,-0.111889462,0.480900000,0.478422852,-1.570796340,-1.667417110,-0.000004489,0.003648716,1.570796327,1.513699539
7.350000000,-0.295150000,-0.283535928,-0.112350000,-0.112333668,0.480900000,0.478498474,-1.570796340,-1.666757354,-0.000004489,0.003998681,1.570796327,1.518781474
7.400000000,-0.295150000,-0.285169991,-0.112350000,-0.113031575,0.480900000,0.478599405,-1.570796340,-1.665341933,-0.000004489,0.004416470,1.570796327,1.525161765
7.450000000,-0.295150000,-0.286934712,-0.112350000,-0.113791977,0.480900000,0.478669931,-1.570796340,-1.663892421,-0.000004489,0.004769497,1.570796327,1.531555783
7.500000000,-0.295150000,-0.288649244,-0.112350000,-0.114313863,0.480900000,0.478702205,-1.570796340,-1.662621179,-0.000004489,0.004967426,1.570796327,1.536688539
7.550000000,-0.295150000,-0.290184205,-0.112350000,-0.114509710,0.480900000,0.478698917,-1.570796340,-1.661648794,-0.000004489,0.004981079,1.570796327,1.540226774
7.600000000,-0.295150000,-0.291302927,-0.112350000,-0.114515236,0.480900000,0.478659091,-1.570796340,-1.661140167,-0.000004489,0.004826371,1.570796327,1.542113795
7.650000000,-0.295150000,-0.292156899,-0.112350000,-0.114386087,0.480900000,0.478612096,-1.570796340,-1.660807242,-0.000004489,0.004587690,1.570796327,1.543268071
7.700000000,-0.295150000,-0.292923265,-0.112350000,-0.114117657,0.480900000,0.478578363,-1.570796340,-1.660427275,-0.000004489,0.004322483,1.570796327,1.544250469
7.750000000,-0.295150000,-0.293977585,-0.112350000,-0.113691638,0.480900000,0.478582572,-1.570796340,-1.659673524,-0.000004489,0.004072857,1.570796327,1.545854212
7.800000000,-0.295150000,-0.295055890,-0.112350000,-0.113178975,0.480900000,0.478594186,-1.570796340,-1.658920306,-0.000004489,0.003787301,1.570796327,1.547450351
7.850000000,-0.295150000,-0.295978975,-0.112350000,-0.112770493,0.480900000,0.478601659,-1.570796340,-1.658303889,-0.000004489,0.003476983,1.570796327,1.549322561
7.900000000,-0.295150000,-0.296631253,-0.112350000,-0.112511470,0.480900000,0.478598548,-1.570796340,-1.657903527,-0.000004489,0.003160731,1.570796327,1.551654230
7.950000000,-0.295150000,-0.296991367,-0.112350000,-0.112384376,0.480900000,0.478586686,-1.570796340,-1.657694478,-0.000004489,0.002852597,1.570796327,1.554177247
8.000000000,-0.295150000,-0.297267900,-0.112350000,-0.112368917,0.480900000,0.478584168,-1.570796340,-1.657435745,-0.000004489,0.002580003,1.570796327,1.557068648
8.050000000,-0.295150000,-0.297537265,-0.112350000,-0.112425982,0.480900000,0.478592478,-1.570796340,-1.657098208,-0.000004489,0.002338897,1.570796327,1.560133809
8.100000000,-0.295150000,-0.297874911,-0.112350000,-0.112503523,0.480900000,0.478613117,-1.570796340,-1.656646841,-0.000004489,0.002119921,1.570796327,1.563037608
8.150000000,-0.295150000,-0.298232059,-0.112350000,-0.112621763,0.480900000,0.478637466,-1.570796340,-1.656179850,-0.000004489,0.001910979,1.570796327,1.565668317
8.200000000,-0.295150000,-0.298552162,-0.112350000,-0.112730937,0.480900000,0.478658778,-1.570796340,-1.655774231,-0.000004489,0.001704979,1.570796327,1.567824729
8.250000000,-0.295150000,-0.298810947,-0.112350000,-0.112810112,0.480900000,0.478674537,-1.570796340,-1.655457718,-0.000004489,0.001499991,1.570796327,1.569408597
8.300000000,-0.295150000,-0.298973177,-0.112350000,-0.112873901,0.480900000,0.478682548,-1.570796340,-1.655257277,-0.000004489,0.001302592,1.570796327,1.570523784
8.350000000,-0.295150000,-0.299107764,-0.112350000,-0.112891214,0.480900000,0.478689452,-1.570796340,-1.655085311,-0.000004489,0.001123147,1.570796327,1.571289064
8.400000000,-0.295150000,-0.299237513,-0.112350000,-0.112870379,0.480900000,0.478696656,-1.570796340,-1.654923284,-0.000004489,0.000963324,1.570796327,1.571792040
8.450000000,-0.295150000,-0.299372791,-0.112350000,-0.112823205,0.480900000,0.478704773,-1.570796340,-1.654761490,-0.000004489,0.000823666,1.570796327,1.572134023
8.500000000,-0.295150000,-0.299519422,-0.112350000,-0.112749080,0.480900000,0.478713799,-1.570796340,-1.654597492,-0.000004489,0.000701069,1.570796327,1.572355943
8.550000000,-0.295150000,-0.299648954,-0.112350000,-0.112674630,0.480900000,0.478721164,-1.570796340,-1.654463617,-0.000004489,0.000592625,1.570796327,1.572483826
8.600000000,-0.295150000,-0.299751560,-0.112350000,-0.112615321,0.480900000,0.478726544,-1.570796340,-1.654361910,-0.000004489,0.000500105,1.570796327,1.572604876
8.650000000,-0.295150000,-0.299816474,-0.112350000,-0.112577017,0.480900000,0.478729227,-1.570796340,-1.654300457,-0.000004489,0.000423853,1.570796327,1.572738695
8.700000000,-0.295150000,-0.299860714,-0.112350000,-0.112555233,0.480900000,0.478731226,-1.570796340,-1.654252094,-0.000004489,0.000364104,1.570796327,1.572912937
8.750000000,-0.295150000,-0.299896379,-0.112350000,-0.112543946,0.480900000,0.478733477,-1.570796340,-1.654204394,-0.000004489,0.000317933,1.570796327,1.573118956
8.800000000,-0.295150000,-0.299929031,-0.112350000,-0.112537712,0.480900000,0.478736117,-1.570796340,-1.654155079,-0.000004489,0.000281330,1.570796327,1.573327022
8.850000000,-0.295150000,-0.299964163,-0.112350000,-0.112532132,0.480900000,0.478739293,-1.570796340,-1.654101251,-0.000004489,0.000250711,1.570796327,1.573508175
8.900000000,-0.295150000,-0.299995492,-0.112350000,-0.112529366,0.480900000,0.478742198,-1.570796340,-1.654053498,-0.000004489,0.000223893,1.570796327,1.573655808
8.950000000,-0.295150000,-0.300021881,-0.112350000,-0.112526215,0.480900000,0.478744613,-1.570796340,-1.654013944,-0.000004489,0.000199935,1.570796327,1.573761074
9.000000000,-0.295150000,-0.300040055,-0.112350000,-0.112524780,0.480900000,0.478746208,-1.570796340,-1.653986415,-0.000004489,0.000178650,1.570796327,1.573830945
9.050000000,-0.295150000,-0.300052789,-0.112350000,-0.112522908,0.480900000,0.478747321,-1.570796340,-1.653966092,-0.000004489,0.000160574,1.570796327,1.573878187
9.100000000,-0.295150000,-0.300064174,-0.112350000,-0.112518488,0.480900000,0.478748322,-1.570796340,-1.653948081,-0.000004489,0.000145370,1.570796327,1.573906866
9.150000000,-0.295150000,-0.300075003,-0.112350000,-0.112512232,0.480900000,0.478749249,-1.570796340,-1.653931807,-0.000004489,0.000132504,1.570796327,1.573921232
9.200000000,-0.295150000,-0.300086772,-0.112350000,-0.112503709,0.480900000,0.478750218,-1.570796340,-1.653915331,-0.000004489,0.000121508,1.570796327,1.573926651
9.250000000,-0.295150000,-0.300098099,-0.112350000,-0.112494163,0.480900000,0.478751088,-1.570796340,-1.653900829,-0.000004489,0.000111815,1.570796327,1.573922362
9.300000000,-0.295150000,-0.300107498,-0.112350000,-0.112485874,0.480900000,0.478751775,-1.570796340,-1.653889479,-0.000004489,0.000103457,1.570796327,1.573915111
9.350000000,-0.295150000,-0.300114366,-0.112350000,-0.112479708,0.480900000,0.478752249,-1.570796340,-1.653881419,-0.000004489,0.000096587,1.570796327,1.573910880
9.400000000,-0.295150000,-0.300118661,-0.112350000,-0.112475807,0.480900000,0.478752530,-1.570796340,-1.653876203,-0.000004489,0.000091275,1.570796327,1.573911749
9.450000000,-0.295150000,-0.300121833,-0.112350000,-0.112473284,0.480900000,0.478752776,-1.570796340,-1.653871686,-0.000004489,0.000087335,1.570796327,1.573917988
9.500000000,-0.295150000,-0.300124493,-0.112350000,-0.112471571,0.480900000,0.478753022,-1.570796340,-1.653867350,-0.000004489,0.000084376,1.570796327,1.573927266
9.550000000,-0.295150000,-0.301495914,-0.112350000,-0.113485871,0.480900000,0.476358459,-1.570796340,-1.650616827,-0.000004489,0.026944722,1.570796327,1.613190607
9.600000000,-0.295150000,-0.314783702,-0.112350000,-0.108433399,0.480900000,0.465608914,-1.570796340,-1.622280920,-0.000004489,-0.006720581,1.570796327,1.625946989
9.650000000,-0.295150000,-0.327533313,-0.112350000,-0.100848428,0.480900000,0.464890502,-1.570796340,-1.613256277,-0.000004489,0.004002667,1.570796327,1.614569505
9.700000000,-0.295150000,-0.319803202,-0.112350000,-0.104369133,0.480900000,0.470987729,-1.570796340,-1.613415699,-0.000004489,-0.003715947,1.570796327,1.611910593
9.750000000,-0.295150000,-0.311315901,-0.112350000,-0.106362650,0.480900000,0.475873308,-1.570796340,-1.604997769,-0.000004489,-0.011235390,1.570796327,1.616707411
9.800000000,-0.295150000,-0.306592310,-0.112350000,-0.106908522,0.480900000,0.477629630,-1.570796340,-1.601119806,-0.000004489,-0.013868023,1.570796327,1.622136220
9.850000000,-0.295150000,-0.302808808,-0.112350000,-0.107545049,0.480900000,0.478384756,-1.570796340,-1.600486420,-0.000004489,-0.013727365,1.570796327,1.623751503
9.900000000,-0.295150000,-0.298654269,-0.112350000,-0.110908922,0.480900000,0.478250600,-1.570796340,-1.602984230,-0.000004489,-0.013757389,1.570796327,1.622561117
9.950000000,-0.295150000,-0.294201242,-0.112350000,-0.115057906,0.480900000,0.478549431,-1.570796340,-1.605968761,-0.000004489,-0.012588087,1.570796327,1.620289801
10.000000000,-0.295150000,-0.290477456,-0.112350000,-0.118137040,0.480900000,0.478935396,-1.570796340,-1.627539201,-0.000004489,-0.010432238,1.570796327,1.606368970
10.050000000,-0.295150000,-0.276299355,-0.112350000,-0.122681419,0.480900000,0.483412547,-1.570796340,-1.639361564,-0.000004489,-0.008111976,1.570796327,1.598061719
10.100000000,-0.295150000,-0.282017996,-0.112350000,-0.120900198,0.480900000,0.482861133,-1.570796340,-1.639786870,-0.000004489,-0.003907975,1.570796327,1.590296372
10.150000000,-0.295150000,-0.289598933,-0.112350000,-0.118990172,0.480900000,0.480194491,-1.570796340,-1.652486429,-0.000004489,-0.000683740,1.570796327,1.575483327
10.200000000,-0.295150000,-0.291514053,-0.112350000,-0.117109131,0.480900000,0.478525533,-1.570796340,-1.663519593,-0.000004489,0.001168257,1.570796327,1.553477959
10.250000000,-0.295150000,-0.291296818,-0.112350000,-0.115651850,0.480900000,0.477595767,-1.570796340,-1.670920667,-0.000004489,0.002420678,1.570796327,1.534034772
10.300000000,-0.295150000,-0.290929174,-0.112350000,-0.114484650,0.480900000,0.477159942,-1.570796340,-1.674939222,-0.000004489,0.003851739,1.570796327,1.518079265
10.350000000,-0.295150000,-0.290375794,-0.112350000,-0.114068730,0.480900000,0.476982323,-1.570796340,-1.677056617,-0.000004489,0.005494601,1.570796327,1.507157451
10.400000000,-0.295150000,-0.289898020,-0.112350000,-0.113942037,0.480900000,0.476944574,-1.570796340,-1.677989853,-0.000004489,0.007302129,1.570796327,1.500062865
10.450000000,-0.295150000,-0.289162899,-0.112350000,-0.113878884,0.480900000,0.476941047,-1.570796340,-1.678653249,-0.000004489,0.008973956,1.570796327,1.494996640
10.500000000,-0.295150000,-0.287835926,-0.112350000,-0.113832482,0.480900000,0.476906997,-1.570796340,-1.679659122,-0.000004489,0.010371177,1.570796327,1.490321173
10.550000000,-0.295150000,-0.286436590,-0.112350000,-0.113858813,0.480900000,0.476883652,-1.570796340,-1.680495984,-0.000004489,0.011520195,1.570796327,1.487246759
10.600000000,-0.295150000,-0.285582615,-0.112350000,-0.113783291,0.480900000,0.476916228,-1.570796340,-1.680724818,-0.000004489,0.012470844,1.570796327,1.486212300
10.650000000,-0.295150000,-0.286129072,-0.112350000,-0.113408309,0.480900000,0.477061637,-1.570796340,-1.679649899,-0.000004489,0.013161158,1.570796327,1.489088562
10.700000000,-0.295150000,-0.287543080,-0.112350000,-0.112514387,0.480900000,0.477237868,-1.570796340,-1.678129703,-0.000004489,0.013388922,1.570796327,1.492884685
10.750000000,-0.295150000,-0.288889466,-0.112350000,-0.111683413,0.480900000,0.477371035,-1.570796340,-1.676910371,-0.000004489,0.013046171,1.570796327,1.497061896
10.800000000,-0.295150000,-0.289671870,-0.112350000,-0.111183852,0.480900000,0.477441397,-1.570796340,-1.676214019,-0.000004489,0.012217852,1.570796327,1.502187292
10.850000000,-0.295150000,-0.289476494,-0.112350000,-0.110822866,0.480900000,0.477435125,-1.570796340,-1.676283204,-0.000004489,0.011021725,1.570796327,1.506617287
10.900000000,-0.295150000,-0.288671829,-0.112350000,-0.110696371,0.480900000,0.477404514,-1.570796340,-1.676589102,-0.000004489,0.009665553,1.570796327,1.510765502
10.950000000,-0.295150000,-0.287936184,-0.112350000,-0.110762578,0.480900000,0.477409717,-1.570796340,-1.676538894,-0.000004489,0.008387415,1.570796327,1.515526942
11.000000000,-0.295150000,-0.287930747,-0.112350000,-0.110949265,0.480900000,0.477493354,-1.570796340,-1.675676590,-0.000004489,0.007489217,1.570796327,1.520425561
11.050000000,-0.295150000,-0.288549434,-0.112350000,-0.111736186,0.480900000,0.477623310,-1.570796340,-1.674297560,-0.000004489,0.007037406,1.570796327,1.526340181
11.100000000,-0.295150000,-0.289197280,-0.112350000,-0.112760533,0.480900000,0.477736753,-1.570796340,-1.672989010,-0.000004489,0.006928229,1.570796327,1.531876515
11.150000000,-0.295150000,-0.289675478,-0.112350000,-0.113637122,0.480900000,0.477813445,-1.570796340,-1.671957787,-0.000004489,0.007020336,1.570796327,1.535423627
11.200000000,-0.295150000,-0.289481317,-0.112350000,-0.114219745,0.480900000,0.477818822,-1.570796340,-1.671677918,-0.000004489,0.007129541,1.570796327,1.535267800
11.250000000,-0.295150000,-0.288711323,-0.112350000,-0.114602943,0.480900000,0.477778864,-1.570796340,-1.668193359,-0.000004489,0.024756803,1.570796327,1.551792005
11.300000000,-0.295150000,-0.293912368,-0.112350000,-0.115813714,0.480900000,0.470296170,-1.570796340,-1.667304510,-0.000004489,0.029501364,1.570796327,1.599508591
11.350000000,-0.295150000,-0.298002494,-0.112350000,-0.110442280,0.480900000,0.472103582,-1.570796340,-1.665622097,-0.000004489,0.032600776,1.570796327,1.610703688
11.400000000,-0.295150000,-0.298474666,-0.112350000,-0.105056290,0.480900000,0.477533961,-1.570796340,-1.664900356,-0.000004489,0.024181693,1.570796327,1.592398398
11.450000000,-0.295150000,-0.296340400,-0.112350000,-0.100844150,0.480900000,0.483611899,-1.570796340,-1.665396710,-0.000004489,-0.001286552,1.570796327,1.553190770
11.500000000,-0.295150000,-0.292858966,-0.112350000,-0.096000633,0.480900000,0.490853864,-1.570796340,-1.660937749,-0.000004489,-0.007958402,1.570796327,1.505410353
11.550000000,-0.295150000,-0.289916928,-0.112350000,-0.105307238,0.480900000,0.483462366,-1.570796340,-1.664492172,-0.000004489,-0.022612021,1.570796327,1.526598928
11.600000000,-0.295150000,-0.289510826,-0.112350000,-0.109801723,0.480900000,0.479142439,-1.570796340,-1.667929234,-0.000004489,-0.025157831,1.570796327,1.552387243
11.650000000,-0.295150000,-0.289792187,-0.112350000,-0.111456806,0.480900000,0.477366145,-1.570796340,-1.670409910,-0.000004489,-0.021821488,1.570796327,1.566363284
11.700000000,-0.295150000,-0.289296218,-0.112350000,-0.112910280,0.480900000,0.476740974,-1.570796340,-1.672514161,-0.000004489,-0.017100140,1.570796327,1.570122621
11.750000000,-0.295150000,-0.288618064,-0.112350000,-0.114448115,0.480900000,0.476668200,-1.570796340,-1.671629348,-0.000004489,-0.014932359,1.570796327,1.567634796
11.800000000,-0.295150000,-0.290982393,-0.112350000,-0.114797910,0.480900000,0.473220539,-1.570796340,-1.673101628,-0.000004489,0.000521775,1.570796327,1.571408371
11.850000000,-0.295150000,-0.293839921,-0.112350000,-0.116782536,0.480900000,0.469908232,-1.570796340,-1.669177865,-0.000004489,0.009917100,1.570796327,1.595873285
11.900000000,-0.295150000,-0.298211683,-0.112350000,-0.116643845,0.480900000,0.472891536,-1.570796340,-1.662775084,-0.000004489,0.027221619,1.570796327,1.614349377
11.950000000,-0.295150000,-0.296834721,-0.112350000,-0.115413336,0.480900000,0.479645117,-1.570796340,-1.675793439,-0.000004489,0.017413260,1.570796327,1.607664575
12.000000000,-0.295150000,-0.291994377,-0.112350000,-0.107911221,0.480900000,0.484228512,-1.570796340,-1.663061348,-0.000004489,0.010008809,1.570796327,1.554102752
12.050000000,-0.295150000,-0.290959447,-0.112350000,-0.105436076,0.480900000,0.486430596,-1.570796340,-1.664839289,-0.000004489,-0.003036744,1.570796327,1.506603445
12.100000000,-0.295150000,-0.286919233,-0.112350000,-0.110258530,0.480900000,0.482954780,-1.570796340,-1.665772366,-0.000004489,-0.008887794,1.570796327,1.497383477
12.150000000,-0.295150000,-0.286374259,-0.112350000,-0.113955421,0.480900000,0.478329376,-1.570796340,-1.668961638,-0.000004489,-0.011985864,1.570796327,1.510571278
12.200000000,-0.295150000,-0.287092926,-0.112350000,-0.114401159,0.480900000,0.476576173,-1.570796340,-1.671272489,-0.000004489,-0.009101017,1.570796327,1.516296233
12.250000000,-0.295150000,-0.287574912,-0.112350000,-0.113819946,0.480900000,0.476097518,-1.570796340,-1.673098310,-0.000004489,-0.005035956,1.570796327,1.515980474
12.300000000,-0.295150000,-0.287825581,-0.112350000,-0.112993339,0.480900000,0.476164830,-1.570796340,-1.674141240,-0.000004489,-0.001422962,1.570796327,1.513148849
12.350000000,-0.295150000,-0.287989371,-0.112350000,-0.112236018,0.480900000,0.476435038,-1.570796340,-1.674453950,-0.000004489,0.001372883,1.570796327,1.509988138
12.400000000,-0.295150000,-0.285879468,-0.112350000,-0.112083509,0.480900000,0.477238246,-1.570796340,-1.689982924,-0.000004489,0.006431389,1.570796327,1.500181507
12.450000000,-0.295150000,-0.282576701,-0.112350000,-0.113809224,0.480900000,0.479454507,-1.570796340,-1.684053737,-0.000004489,0.007822770,1.570796327,1.503105521
12.500000000,-0.295150000,-0.289247498,-0.112350000,-0.113233129,0.480900000,0.478195605,-1.570796340,-1.673405255,-0.000004489,0.009254677,1.570796327,1.512003971
12.550000000,-0.295150000,-0.298793052,-0.112350000,-0.111361423,0.480900000,0.475010590,-1.570796340,-1.669252821,-0.000004489,0.010258696,1.570796327,1.519372952
12.600000000,-0.295150000,-0.296561856,-0.112350000,-0.109834516,0.480900000,0.475250980,-1.570796340,-1.670135483,-0.000004489,0.008726019,1.570796327,1.511936389
12.650000000,-0.295150000,-0.292652574,-0.112350000,-0.109661097,0.480900000,0.476576137,-1.570796340,-1.666064624,-0.000004489,0.006916199,1.570796327,1.506092335
12.700000000,-0.295150000,-0.290708477,-0.112350000,-0.110833142,0.480900000,0.477335273,-1.570796340,-1.663856406,-0.000004489,0.006476962,1.570796327,1.508019815
12.750000000,-0.295150000,-0.289802457,-0.112350000,-0.111726534,0.480900000,0.477772478,-1.570796340,-1.662893069,-0.000004489,0.006726259,1.570796327,1.511957450
12.800000000,-0.295150000,-0.289206916,-0.112350000,-0.112141798,0.480900000,0.477995778,-1.570796340,-1.662940246,-0.000004489,0.007107751,1.570796327,1.513705745
12.850000000,-0.295150000,-0.288867413,-0.112350000,-0.112350283,0.480900000,0.478113961,-1.570796340,-1.663311050,-0.000004489,0.007445979,1.570796327,1.514228622
12.900000000,-0.295150000,-0.288547000,-0.112350000,-0.112396210,0.480900000,0.478169214,-1.570796340,-1.663858144,-0.000004489,0.007654717,1.570796327,1.513576624
12.950000000,-0.295150000,-0.288141259,-0.112350000,-0.112287727,0.480900000,0.478191365,-1.570796340,-1.664442262,-0.000004489,0.007724168,1.570796327,1.511836632
13.000000000,-0.295150000,-0.287883301,-0.112350000,-0.112104489,0.480900000,0.478217543,-1.570796340,-1.664769163,-0.000004489,0.007741041,1.570796327,1.509998252
13.050000000,-0.295150000,-0.287807184,-0.112350000,-0.111909879,0.480900000,0.478256282,-1.570796340,-1.664815751,-0.000004489,0.007724187,1.570796327,1.508740684
13.100000000,-0.295150000,-0.287830601,-0.112350000,-0.111566894,0.480900000,0.478300147,-1.570796340,-1.664693796,-0.000004489,0.007607127,1.570796327,1.508120451
13.150000000,-0.295150000,-0.287713103,-0.112350000,-0.111262235,0.480900000,0.478331175,-1.570796340,-1.664657203,-0.000004489,0.007467183,1.570796327,1.506211457
13.200000000,-0.295150000,-0.288146636,-0.112350000,-0.111426153,0.480900000,0.478412430,-1.570796340,-1.663937881,-0.000004489,0.007713243,1.570796327,1.505496237
13.250000000,-0.295150000,-0.288360147,-0.112350000,-0.112312292,0.480900000,0.478480643,-1.570796340,-1.664478953,-0.000004489,0.008454820,1.570796327,1.507754023
13.300000000,-0.295150000,-0.290075148,-0.112350000,-0.111278328,0.480900000,0.478928907,-1.570796340,-1.659323507,-0.000004489,0.006592014,1.570796327,1.527603201
13.350000000,-0.295150000,-0.304315862,-0.112350000,-0.101435398,0.480900000,0.479535750,-1.570796340,-1.646957956,-0.000004489,0.005038125,1.570796327,1.550928087
13.400000000,-0.295150000,-0.318824502,-0.112350000,-0.092026584,0.480900000,0.479917548,-1.570796340,-1.636397116,-0.000004489,0.000873384,1.570796327,1.567472774
13.450000000,-0.295150000,-0.326087218,-0.112350000,-0.089289933,0.480900000,0.479730095,-1.570796340,-1.635241731,-0.000004489,-0.004119537,1.570796327,1.580851795
13.500000000,-0.295150000,-0.326621104,-0.112350000,-0.091487725,0.480900000,0.479468891,-1.570796340,-1.639774548,-0.000004489,-0.008530331,1.570796327,1.596656607
13.550000000,-0.295150000,-0.323184676,-0.112350000,-0.095505644,0.480900000,0.479222460,-1.570796340,-1.645874992,-0.000004489,-0.011868589,1.570796327,1.614317525
13.600000000,-0.295150000,-0.318007145,-0.112350000,-0.099677146,0.480900000,0.478938334,-1.570796340,-1.651603029,-0.000004489,-0.014244027,1.570796327,1.631453327
13.650000000,-0.295150000,-0.312517121,-0.112350000,-0.103312533,0.480900000,0.478612324,-1.570796340,-1.656403136,-0.000004489,-0.015956617,1.570796327,1.646123127
13.700000000,-0.295150000,-0.307500554,-0.112350000,-0.106193950,0.480900000,0.478284379,-1.570796340,-1.660082310,-0.000004489,-0.017251278,1.570796327,1.656579919
13.750000000,-0.295150000,-0.302384172,-0.112350000,-0.109201559,0.480900000,0.478020461,-1.570796340,-1.664151388,-0.000004489,-0.017289398,1.570796327,1.652979014
13.800000000,-0.295150000,-0.293661616,-0.112350000,-0.115676603,0.480900000,0.477252532,-1.570796340,-1.670809839,-0.000004489,-0.016722368,1.570796327,1.647095896
13.850000000,-0.295150000,-0.285025367,-0.112350000,-0.120311754,0.480900000,0.476708181,-1.570796340,-1.675698257,-0.000004489,-0.015050040,1.570796327,1.639703739
13.900000000,-0.295150000,-0.279233356,-0.112350000,-0.122071378,0.480900000,0.476529609,-1.570796340,-1.677884636,-0.000004489,-0.012517529,1.570796327,1.625211986
13.950000000,-0.295150000,-0.275907455,-0.112350000,-0.122342988,0.480900000,0.476630500,-1.570796340,-1.678737430,-0.000004489,-0.009654201,1.570796327,1.605557201
14.000000000,-0.295150000,-0.273789605,-0.112350000,-0.122442803,0.480900000,0.476840699,-1.570796340,-1.679536939,-0.000004489,-0.006553831,1.570796327,1.582496078
14.050000000,-0.295150000,-0.273018077,-0.112350000,-0.121924145,0.480900000,0.477131608,-1.570796340,-1.679635311,-0.000004489,-0.003899229,1.570796327,1.567763761
14.100000000,-0.295150000,-0.275212320,-0.112350000,-0.118866655,0.480900000,0.477514627,-1.570796340,-1.678252811,-0.000004489,-0.001550061,1.570796327,1.550215505
14.150000000,-0.295150000,-0.276878322,-0.112350000,-0.116334879,0.480900000,0.477724899,-1.570796340,-1.678178555,-0.000004489,-0.000280100,1.570796327,1.535367773
14.200000000,-0.295150000,-0.278007843,-0.112350000,-0.113920951,0.480900000,0.477819941,-1.570796340,-1.678649312,-0.000004489,0.000246764,1.570796327,1.524452082
14.250000000,-0.295150000,-0.278461143,-0.112350000,-0.112316220,0.480900000,0.477838955,-1.570796340,-1.679466082,-0.000004489,0.000617750,1.570796327,1.514078487
14.300000000,-0.295150000,-0.279026200,-0.112350000,-0.112411291,0.480900000,0.477890318,-1.570796340,-1.679478829,-0.000004489,0.001552037,1.570796327,1.510026913
14.350000000,-0.295150000,-0.278964623,-0.112350000,-0.113994642,0.480900000,0.477907091,-1.570796340,-1.679536715,-0.000004489,0.002957944,1.570796327,1.510962468
14.400000000,-0.295150000,-0.279681510,-0.112350000,-0.114760761,0.480900000,0.477988142,-1.570796340,-1.678445267,-0.000004489,0.004479557,1.570796327,1.516547983
14.450000000,-0.295150000,-0.281448854,-0.112350000,-0.114013361,0.480900000,0.478087186,-1.570796340,-1.676851929,-0.000004489,0.005552093,1.570796327,1.519628825
14.500000000,-0.295150000,-0.283055108,-0.112350000,-0.112856722,0.480900000,0.478120713,-1.570796340,-1.675828304,-0.000004489,0.006012331,1.570796327,1.518515293
14.550000000,-0.295150000,-0.283006841,-0.112350000,-0.112945703,0.480900000,0.478021643,-1.570796340,-1.676321814,-0.000004489,0.006102564,1.570796327,1.514768670
14.600000000,-0.295150000,-0.282070085,-0.112350000,-0.113898903,0.480900000,0.477913056,-1.570796340,-1.676957525,-0.000004489,0.006544257,1.570796327,1.511111029
14.650000000,-0.295150000,-0.281898663,-0.112350000,-0.115245254,0.480900000,0.477918822,-1.570796340,-1.676372491,-0.000004489,0.007715680,1.570796327,1.510123566
14.700000000,-0.295150000,-0.282120924,-0.112350000,-0.116258575,0.480900000,0.477962329,-1.570796340,-1.675422703,-0.000004489,0.009224908,1.570796327,1.508860989
14.750000000,-0.295150000,-0.282743147,-0.112350000,-0.116621111,0.480900000,0.478014337,-1.570796340,-1.674355820,-0.000004489,0.010651516,1.570796327,1.507006887
14.800000000,-0.295150000,-0.283823493,-0.112350000,-0.115818379,0.480900000,0.478064831,-1.570796340,-1.673233435,-0.000004489,0.011443153,1.570796327,1.505882860
14.850000000,-0.295150000,-0.285620898,-0.112350000,-0.113683871,0.480900000,0.478124862,-1.570796340,-1.671951105,-0.000004489,0.011343967,1.570796327,1.504392372
14.900000000,-0.295150000,-0.287227614,-0.112350000,-0.110978384,0.480900000,0.478141008,-1.570796340,-1.671189607,-0.000004489,0.010265851,1.570796327,1.502573688
14.950000000,-0.295150000,-0.288264595,-0.112350000,-0.108813647,0.480900000,0.478125595,-1.570796340,-1.670856305,-0.000004489,0.008635068,1.570796327,1.501336436
15.000000000,-0.295150000,-0.288553502,-0.112350000,-0.108178850,0.480900000,0.478096790,-1.570796340,-1.670760213,-0.000004489,0.007193805,1.570796327,1.501592120
15.050000000,-0.295150000,-0.288356128,-0.112350000,-0.109460144,0.480900000,0.478093046,-1.570796340,-1.670407404,-0.000004489,0.006517813,1.570796327,1.505793130
15.100000000,-0.295150000,-0.287851383,-0.112350000,-0.111519951,0.480900000,0.478121807,-1.570796340,-1.669657095,-0.000004489,0.006559699,1.570796327,1.513175289
15.150000000,-0.295150000,-0.287947986,-0.112350000,-0.112745387,0.480900000,0.478213487,-1.570796340,-1.665048954,-0.000004489,0.022438075,1.570796327,1.540625612
15.200000000,-0.295150000,-0.292865523,-0.112350000,-0.112289458,0.480900000,0.472903144,-1.570796340,-1.662203014,-0.000004489,0.022575716,1.570796327,1.592821315
15.250000000,-0.295150000,-0.307794410,-0.112350000,-0.102315053,0.480900000,0.475893496,-1.570796340,-1.646814399,-0.000004489,0.022128662,1.570796327,1.633283576
15.300000000,-0.295150000,-0.322457606,-0.112350000,-0.090722015,0.480900000,0.479763164,-1.570796340,-1.638322374,-0.000004489,0.017495759,1.570796327,1.642355950
15.350000000,-0.295150000,-0.328728981,-0.112350000,-0.087641231,0.480900000,0.482235069,-1.570796340,-1.636197665,-0.000004489,0.004663462,1.570796327,1.649316351
15.400000000,-0.295150000,-0.329563480,-0.112350000,-0.087910140,0.480900000,0.483382977,-1.570796340,-1.640598990,-0.000004489,-0.011054402,1.570796327,1.655533321
15.450000000,-0.295150000,-0.326916901,-0.112350000,-0.089298368,0.480900000,0.483943757,-1.570796340,-1.647916797,-0.000004489,-0.028330464,1.570796327,1.660001204
15.500000000,-0.295150000,-0.322749083,-0.112350000,-0.090853661,0.480900000,0.484342870,-1.570796340,-1.654015268,-0.000004489,-0.037517148,1.570796327,1.663213085
15.550000000,-0.295150000,-0.316747134,-0.112350000,-0.098701844,0.480900000,0.480480170,-1.570796340,-1.663462347,-0.000004489,-0.044641659,1.570796327,1.679784581
15.600000000,-0.295150000,-0.307800046,-0.112350000,-0.105404931,0.480900000,0.477246704,-1.570796340,-1.675013264,-0.000004489,-0.047072319,1.570796327,1.698404131
15.650000000,-0.295150000,-0.299605818,-0.112350000,-0.109811219,0.480900000,0.475613179,-1.570796340,-1.683561386,-0.000004489,-0.045938992,1.570796327,1.711622226
15.700000000,-0.295150000,-0.293008687,-0.112350000,-0.112970188,0.480900000,0.474943424,-1.570796340,-1.688755234,-0.000004489,-0.042545357,1.570796327,1.707201732
15.750000000,-0.295150000,-0.283920603,-0.112350000,-0.120136183,0.480900000,0.474627155,-1.570796340,-1.694013030,-0.000004489,-0.038150896,1.570796327,1.698080358
15.800000000,-0.295150000,-0.275891604,-0.112350000,-0.126298653,0.480900000,0.474777935,-1.570796340,-1.695265603,-0.000004489,-0.029479182,1.570796327,1.689770798
15.850000000,-0.295150000,-0.273647615,-0.112350000,-0.129457507,0.480900000,0.472770588,-1.570796340,-1.695196141,-0.000004489,-0.015647092,1.570796327,1.702384282
15.900000000,-0.295150000,-0.278930046,-0.112350000,-0.124511057,0.480900000,0.472781205,-1.570796340,-1.690746121,-0.000004489,-0.007563911,1.570796327,1.702200827
15.950000000,-0.295150000,-0.283982244,-0.112350000,-0.116415576,0.480900000,0.474858655,-1.570796340,-1.685968437,-0.000004489,-0.002593314,1.570796327,1.684119653
16.000000000,-0.295150000,-0.287256243,-0.112350000,-0.110340608,0.480900000,0.476763379,-1.570796340,-1.682116685,-0.000004489,-0.001951726,1.570796327,1.666446750
16.050000000,-0.295150000,-0.289386755,-0.112350000,-0.107308533,0.480900000,0.477982002,-1.570796340,-1.679275158,-0.000004489,-0.004134344,1.570796327,1.657843700
16.100000000,-0.295150000,-0.290520043,-0.112350000,-0.105856365,0.480900000,0.479023400,-1.570796340,-1.676722178,-0.000004489,-0.009205132,1.570796327,1.659875078
16.150000000,-0.295150000,-0.290711954,-0.112350000,-0.102547716,0.480900000,0.480190132,-1.570796340,-1.673864248,-0.000004489,-0.018291851,1.570796327,1.661866476
16.200000000,-0.295150000,-0.290095310,-0.112350000,-0.096955469,0.480900000,0.481965117,-1.570796340,-1.668396535,-0.000004489,-0.034093432,1.570796327,1.657183162
16.250000000,-0.295150000,-0.289116197,-0.112350000,-0.089387064,0.480900000,0.484906459,-1.570796340,-1.657988090,-0.000004489,-0.055024903,1.570796327,1.644299489
16.300000000,-0.295150000,-0.288557637,-0.112350000,-0.086001528,0.480900000,0.484838165,-1.570796340,-1.654720839,-0.000004489,-0.059228066,1.570796327,1.637699202
16.350000000,-0.295150000,-0.288541485,-0.112350000,-0.094455333,0.480900000,0.479708767,-1.570796340,-1.659196080,-0.000004489,-0.065981312,1.570796327,1.671584593
16.400000000,-0.295150000,-0.288373014,-0.112350000,-0.102526975,0.480900000,0.477566777,-1.570796340,-1.664407843,-0.000004489,-0.063848534,1.570796327,1.711064326
16.450000000,-0.295150000,-0.287878602,-0.112350000,-0.109542260,0.480900000,0.476956573,-1.570796340,-1.667197039,-0.000004489,-0.057755227,1.570796327,1.738190221
16.500000000,-0.295150000,-0.285668964,-0.112350000,-0.117579503,0.480900000,0.477080431,-1.570796340,-1.667461404,-0.000004489,-0.050485963,1.570796327,1.755216046
16.550000000,-0.295150000,-0.283443394,-0.112350000,-0.124050398,0.480900000,0.477599797,-1.570796340,-1.664797107,-0.000004489,-0.042830647,1.570796327,1.760678093
16.600000000,-0.295150000,-0.281742887,-0.112350000,-0.128154559,0.480900000,0.478270008,-1.570796340,-1.660071561,-0.000004489,-0.035642454,1.570796327,1.755454449
16.650000000,-0.295150000,-0.281362245,-0.112350000,-0.129021333,0.480900000,0.478953118,-1.570796340,-1.654188748,-0.000004489,-0.029318067,1.570796327,1.740308631
16.700000000,-0.295150000,-0.281407309,-0.112350000,-0.127996379,0.480900000,0.479545021,-1.570796340,-1.648157075,-0.000004489,-0.023962136,1.570796327,1.716372308
16.750000000,-0.295150000,-0.281740973,-0.112350000,-0.126862897,0.480900000,0.480052581,-1.570796340,-1.642299874,-0.000004489,-0.019499535,1.570796327,1.690799798
16.800000000,-0.295150000,-0.282313830,-0.112350000,-0.125781425,0.480900000,0.480456285,-1.570796340,-1.637116510,-0.000004489,-0.015631966,1.570796327,1.666820594
16.850000000,-0.295150000,-0.283014740,-0.112350000,-0.124769461,0.480900000,0.480755469,-1.570796340,-1.632808217,-0.000004489,-0.012225840,1.570796327,1.645605153
16.900000000,-0.295150000,-0.283327652,-0.112350000,-0.123926235,0.480900000,0.481241518,-1.570796340,-1.628498860,-0.000004489,-0.008086596,1.570796327,1.623834233
16.950000000,-0.295150000,-0.294802232,-0.112350000,-0.124859976,0.480900000,0.481274381,-1.570796340,-1.623846905,-0.000004489,-0.005457537,1.570796327,1.615829345
17.000000000,-0.295150000,-0.310257836,-0.112350000,-0.127098413,0.480900000,0.481333229,-1.570796340,-1.619782294,-0.000004489,-0.001172940,1.570796327,1.618803014
17.050000000,-0.295150000,-0.319819788,-0.112350000,-0.130139587,0.480900000,0.481055153,-1.570796340,-1.620449589,-0.000004489,0.002506306,1.570796327,1.622359970
17.100000000,-0.295150000,-0.322727959,-0.112350000,-0.132116696,0.480900000,0.480960968,-1.570796340,-1.623903258,-0.000004489,0.005472484,1.570796327,1.618468204
17.150000000,-0.295150000,-0.319946321,-0.112350000,-0.132721002,0.480900000,0.481090130,-1.570796340,-1.627807222,-0.000004489,0.008155333,1.570796327,1.602333233
17.200000000,-0.295150000,-0.310791195,-0.112350000,-0.132215959,0.480900000,0.480612788,-1.570796340,-1.631645131,-0.000004489,0.009829864,1.570796327,1.575196301
17.250000000,-0.295150000,-0.300735060,-0.112350000,-0.130143530,0.480900000,0.480008675,-1.570796340,-1.634032211,-0.000004489,0.011285313,1.570796327,1.542165409
17.300000000,-0.295150000,-0.292518421,-0.112350000,-0.126850136,0.480900000,0.479426153,-1.570796340,-1.635562784,-0.000004489,0.012325989,1.570796327,1.512502031
17.350000000,-0.295150000,-0.286792924,-0.112350000,-0.122308958,0.480900000,0.478976130,-1.570796340,-1.636919065,-0.000004489,0.013294277,1.570796327,1.483945809
17.400000000,-0.295150000,-0.283070064,-0.112350000,-0.118707714,0.480900000,0.478745227,-1.570796340,-1.638156147,-0.000004489,0.014015441,1.570796327,1.462682267
17.450000000,-0.295150000,-0.280782764,-0.112350000,-0.116313146,0.480900000,0.478689480,-1.570796340,-1.639471214,-0.000004489,0.014592761,1.570796327,1.450379229
17.500000000,-0.295150000,-0.279546106,-0.112350000,-0.114959843,0.480900000,0.478736437,-1.570796340,-1.640907258,-0.000004489,0.015188244,1.570796327,1.445157002
17.550000000,-0.295150000,-0.278596430,-0.112350000,-0.114720326,0.480900000,0.478807150,-1.570796340,-1.642529871,-0.000004489,0.015413635,1.570796327,1.449537058
17.600000000,-0.295150000,-0.278950031,-0.112350000,-0.113808440,0.480900000,0.478902479,-1.570796340,-1.643976815,-0.000004489,0.015411415,1.570796327,1.457418369
17.650000000,-0.295150000,-0.279638910,-0.112350000,-0.113138638,0.480900000,0.478984193,-1.570796340,-1.645352589,-0.000004489,0.014763794,1.570796327,1.469744551
17.700000000,-0.295150000,-0.280022983,-0.112350000,-0.112339300,0.480900000,0.479017622,-1.570796340,-1.647992252,-0.000004489,0.013306047,1.570796327,1.480077055
17.750000000,-0.295150000,-0.282055410,-0.112350000,-0.113748465,0.480900000,0.479232662,-1.570796340,-1.646482460,-0.000004489,0.014135722,1.570796327,1.484727911
17.800000000,-0.295150000,-0.294453161,-0.112350000,-0.119835197,0.480900000,0.479692473,-1.570796340,-1.640384748,-0.000004489,0.015428595,1.570796327,1.512553124
17.850000000,-0.295150000,-0.306638894,-0.112350000,-0.125356255,0.480900000,0.479769066,-1.570796340,-1.636464677,-0.000004489,0.017264800,1.570796327,1.542415752
17.900000000,-0.295150000,-0.312954568,-0.112350000,-0.128317918,0.480900000,0.479604645,-1.570796340,-1.637954255,-0.000004489,0.018561340,1.570796327,1.559019370
17.950000000,-0.295150000,-0.314199214,-0.112350000,-0.128851219,0.480900000,0.479454384,-1.570796340,-1.642493608,-0.000004489,0.019182187,1.570796327,1.560722771
18.000000000,-0.295150000,-0.312360810,-0.112350000,-0.127755335,0.480900000,0.479282391,-1.570796340,-1.647736673,-0.000004489,0.019205830,1.570796327,1.551254069
18.050000000,-0.295150000,-0.309089195,-0.112350000,-0.125828330,0.480900000,0.479038344,-1.570796340,-1.652509759,-0.000004489,0.018884106,1.570796327,1.535405857
18.100000000,-0.295150000,-0.305457182,-0.112350000,-0.123653617,0.480900000,0.478733569,-1.570796340,-1.656506666,-0.000004489,0.018521960,1.570796327,1.517234872
18.150000000,-0.295150000,-0.302058596,-0.112350000,-0.121585404,0.480900000,0.478409755,-1.570796340,-1.659812181,-0.000004489,0.018354461,1.570796327,1.499547731
18.200000000,-0.295150000,-0.299161175,-0.112350000,-0.119799146,0.480900000,0.478104729,-1.570796340,-1.662609343,-0.000004489,0.018500392,1.570796327,1.483928756
18.250000000,-0.295150000,-0.296793950,-0.112350000,-0.118358308,0.480900000,0.477836829,-1.570796340,-1.665087511,-0.000004489,0.018979486,1.570796327,1.470843873
18.300000000,-0.295150000,-0.294802557,-0.112350000,-0.117232564,0.480900000,0.477603135,-1.570796340,-1.666901288,-0.000004489,0.019830082,1.570796327,1.460232794
18.350000000,-0.295150000,-0.293119677,-0.112350000,-0.116294651,0.480900000,0.477113694,-1.570796340,-1.670229386,-0.000004489,0.020404313,1.570796327,1.452055414
18.400000000,-0.295150000,-0.287757321,-0.112350000,-0.115394979,0.480900000,0.476878937,-1.570796340,-1.675017378,-0.000004489,0.020847110,1.570796327,1.440510924
18.450000000,-0.295150000,-0.282352631,-0.112350000,-0.114930168,0.480900000,0.476152195,-1.570796340,-1.680447357,-0.000004489,0.026183996,1.570796327,1.439388448
18.500000000,-0.295150000,-0.283572876,-0.112350000,-0.113114374,0.480900000,0.474172365,-1.570796340,-1.683313366,-0.000004489,0.027363894,1.570796327,1.449101889
18.550000000,-0.295150000,-0.285280854,-0.112350000,-0.109844763,0.480900000,0.474801641,-1.570796340,-1.683726193,-0.000004489,0.029733000,1.570796327,1.454749203
18.600000000,-0.295150000,-0.286353961,-0.112350000,-0.107861716,0.480900000,0.475703783,-1.570796340,-1.683456037,-0.000004489,0.030244744,1.570796327,1.461351949
18.650000000,-0.295150000,-0.286565140,-0.112350000,-0.107350169,0.480900000,0.476437543,-1.570796340,-1.682968315,-0.000004489,0.029252801,1.570796327,1.469766889
18.700000000,-0.295150000,-0.286066366,-0.112350000,-0.107918425,0.480900000,0.476984283,-1.570796340,-1.682384413,-0.000004489,0.027376547,1.570796327,1.478731464
18.750000000,-0.295150000,-0.284961757,-0.112350000,-0.109258700,0.480900000,0.477432647,-1.570796340,-1.681757605,-0.000004489,0.024715734,1.570796327,1.485611935
18.800000000,-0.295150000,-0.283360043,-0.112350000,-0.110997225,0.480900000,0.477958888,-1.570796340,-1.680958991,-0.000004489,0.020812450,1.570796327,1.487561251
18.850000000,-0.295150000,-0.281201503,-0.112350000,-0.112828218,0.480900000,0.478851877,-1.570796340,-1.679698411,-0.000004489,0.014260704,1.570796327,1.481451596
18.900000000,-0.295150000,-0.278423166,-0.112350000,-0.113994010,0.480900000,0.480586592,-1.570796340,-1.674820926,-0.000004489,0.013603984,1.570796327,1.472642357
18.950000000,-0.295150000,-0.281504627,-0.112350000,-0.115661714,0.480900000,0.475453622,-1.570796340,-1.673727448,-0.000004489,0.014521063,1.570796327,1.489535743
19.000000000,-0.295150000,-0.284890632,-0.112350000,-0.113876141,0.480900000,0.473927375,-1.570796340,-1.673221413,-0.000004489,0.014554790,1.570796327,1.496025091
19.050000000,-0.295150000,-0.286126943,-0.112350000,-0.111583958,0.480900000,0.475217556,-1.570796340,-1.670497626,-0.000004489,0.011717022,1.570796327,1.487521463
19.100000000,-0.295150000,-0.285736130,-0.112350000,-0.110095450,0.480900000,0.477150849,-1.570796340,-1.666251563,-0.000004489,0.002688419,1.570796327,1.466908894
19.150000000,-0.295150000,-0.281868413,-0.112350000,-0.110640658,0.480900000,0.480507152,-1.570796340,-1.685466144,-0.000004489,0.005318436,1.570796327,1.446417037
19.200000000,-0.295150000,-0.270102084,-0.112350000,-0.116579892,0.480900000,0.487806297,-1.570796340,-1.676928758,-0.000004489,0.003229386,1.570796327,1.447600511
19.250000000,-0.295150000,-0.275881900,-0.112350000,-0.117869285,0.480900000,0.480261297,-1.570796340,-1.680305262,-0.000004489,0.007162524,1.570796327,1.462198704
19.300000000,-0.295150000,-0.279749553,-0.112350000,-0.117513782,0.480900000,0.476936978,-1.570796340,-1.684733686,-0.000004489,0.011907286,1.570796327,1.463355078
19.350000000,-0.295150000,-0.281411229,-0.112350000,-0.117593723,0.480900000,0.475663702,-1.570796340,-1.688148551,-0.000004489,0.015955190,1.570796327,1.461142954
19.400000000,-0.295150000,-0.282301501,-0.112350000,-0.117563773,0.480900000,0.475391635,-1.570796340,-1.689490724,-0.000004489,0.019246992,1.570796327,1.458064198
19.450000000,-0.295150000,-0.282983649,-0.112350000,-0.117339243,0.480900000,0.475557274,-1.570796340,-1.689233802,-0.000004489,0.021682913,1.570796327,1.455940350
19.500000000,-0.295150000,-0.283451813,-0.112350000,-0.116342805,0.480900000,0.475852490,-1.570796340,-1.688323740,-0.000004489,0.023004171,1.570796327,1.454992236
19.550000000,-0.295150000,-0.284460086,-0.112350000,-0.114857660,0.480900000,0.476212299,-1.570796340,-1.686545640,-0.000004489,0.023630947,1.570796327,1.451497175
19.600000000,-0.295150000,-0.285637488,-0.112350000,-0.114285389,0.480900000,0.476578570,-1.570796340,-1.689761634,-0.000004489,0.029769548,1.570796327,1.457632303
19.650000000,-0.295150000,-0.285382598,-0.112350000,-0.113601932,0.480900000,0.476272829,-1.570796340,-1.688757635,-0.000004489,0.029227871,1.570796327,1.469465211
19.700000000,-0.295150000,-0.289216897,-0.112350000,-0.110474118,0.480900000,0.477823527,-1.570796340,-1.682784641,-0.000004489,0.025614071,1.570796327,1.462116653
19.750000000,-0.295150000,-0.293694281,-0.112350000,-0.108901076,0.480900000,0.479551873,-1.570796340,-1.668265141,-0.000004489,0.022050208,1.570796327,1.443825949
19.800000000,-0.295150000,-0.296325756,-0.112350000,-0.111794948,0.480900000,0.477257228,-1.570796340,-1.672437727,-0.000004489,0.020965436,1.570796327,1.446584850
19.850000000,-0.295150000,-0.292533464,-0.112350000,-0.112474109,0.480900000,0.477440372,-1.570796340,-1.667675324,-0.000004489,0.018301785,1.570796327,1.445988313
19.900000000,-0.295150000,-0.291614350,-0.112350000,-0.112017131,0.480900000,0.477675918,-1.570796340,-1.664698011,-0.000004489,0.018006341,1.570796327,1.447172324
19.950000000,-0.295150000,-0.291680204,-0.112350000,-0.111627298,0.480900000,0.477890951,-1.570796340,-1.663069999,-0.000004489,0.018297999,1.570796327,1.450041105
20.000000000,-0.295150000,-0.291990257,-0.112350000,-0.111477305,0.480900000,0.478077233,-1.570796340,-1.661994724,-0.000004489,0.018573788,1.570796327,1.454465051
20.050000000,-0.295150000,-0.292273367,-0.112350000,-0.111499313,0.480900000,0.478242648,-1.570796340,-1.660985000,-0.000004489,0.018626063,1.570796327,1.460042623
20.100000000,-0.295150000,-0.292290447,-0.112350000,-0.111557650,0.480900000,0.478378248,-1.570796340,-1.660012028,-0.000004489,0.018291242,1.570796327,1.466550117
20.150000000,-0.295150000,-0.291846006,-0.112350000,-0.111482837,0.480900000,0.478471055,-1.570796340,-1.659264356,-0.000004489,0.017613812,1.570796327,1.471935497
20.200000000,-0.295150000,-0.291093111,-0.112350000,-0.111609666,0.480900000,0.478552030,-1.570796340,-1.667058456,-0.000004489,0.018046741,1.570796327,1.481467878
20.250000000,-0.295150000,-0.287480953,-0.112350000,-0.111503012,0.480900000,0.480327687,-1.570796340,-1.662961510,-0.000004489,0.016098847,1.570796327,1.498875417
20.300000000,-0.295150000,-0.295315714,-0.112350000,-0.109605154,0.480900000,0.478908140,-1.570796340,-1.651271307,-0.000004489,0.011454851,1.570796327,1.533431783
20.350000000,-0.295150000,-0.299561786,-0.112350000,-0.107619537,0.480900000,0.477145284,-1.570796340,-1.655591994,-0.000004489,0.010046799,1.570796327,1.553731306
20.400000000,-0.295150000,-0.296405064,-0.112350000,-0.107085299,0.480900000,0.477827329,-1.570796340,-1.653326467,-0.000004489,0.003645661,1.570796327,1.567459891
20.450000000,-0.295150000,-0.294448281,-0.112350000,-0.106758384,0.480900000,0.478283399,-1.570796340,-1.651812261,-0.000004489,-0.001367321,1.570796327,1.582049605
20.500000000,-0.295150000,-0.293222205,-0.112350000,-0.106619685,0.480900000,0.478580789,-1.570796340,-1.651208585,-0.000004489,-0.005354400,1.570796327,1.595117546
20.550000000,-0.295150000,-0.292011786,-0.112350000,-0.107065613,0.480900000,0.478728883,-1.570796340,-1.651765544,-0.000004489,-0.008413467,1.570796327,1.603994808
20.600000000,-0.295150000,-0.290338820,-0.112350000,-0.108071555,0.480900000,0.478770028,-1.570796340,-1.653094764,-0.000004489,-0.010841025,1.570796327,1.611093844
20.650000000,-0.295150000,-0.289500040,-0.112350000,-0.108888663,0.480900000,0.478823164,-1.570796340,-1.654004828,-0.000004489,-0.012435553,1.570796327,1.616829158
20.700000000,-0.295150000,-0.289105314,-0.112350000,-0.109497251,0.480900000,0.478860068,-1.570796340,-1.654901563,-0.000004489,-0.013448887,1.570796327,1.619901201
20.750000000,-0.295150000,-0.288823521,-0.112350000,-0.110079449,0.480900000,0.478863789,-1.570796340,-1.655961970,-0.000004489,-0.013925159,1.570796327,1.619143002
20.800000000,-0.295150000,-0.288189594,-0.112350000,-0.111019581,0.480900000,0.478822180,-1.570796340,-1.672714437,-0.000004489,-0.009463559,1.570796327,1.620451231
20.850000000,-0.295150000,-0.281251816,-0.112350000,-0.110551511,0.480900000,0.482526127,-1.570796340,-1.678867881,-0.000004489,-0.007635767,1.570796327,1.604905241
20.900000000,-0.295150000,-0.283465999,-0.112350000,-0.112083484,0.480900000,0.482838131,-1.570796340,-1.685202375,-0.000004489,-0.003071222,1.570796327,1.608821472
20.950000000,-0.295150000,-0.291283169,-0.112350000,-0.108279685,0.480900000,0.482668719,-1.570796340,-1.688038678,-0.000004489,-0.000729323,1.570796327,1.624809385
21.000000000,-0.295150000,-0.310295796,-0.112350000,-0.096641167,0.480900000,0.482731850,-1.570796340,-1.670369703,-0.000004489,-0.001796038,1.570796327,1.604744981
21.050000000,-0.295150000,-0.327871917,-0.112350000,-0.096256411,0.480900000,0.479567436,-1.570796340,-1.654119786,-0.000004489,-0.007107708,1.570796327,1.605773763
21.100000000,-0.295150000,-0.331615258,-0.112350000,-0.097450310,0.480900000,0.476746069,-1.570796340,-1.659635471,-0.000004489,-0.005937925,1.570796327,1.605938297
21.150000000,-0.295150000,-0.322929627,-0.112350000,-0.097321197,0.480900000,0.477948739,-1.570796340,-1.658374555,-0.000004489,-0.011786622,1.570796327,1.595689467
21.200000000,-0.295150000,-0.316296268,-0.112350000,-0.097105123,0.480900000,0.477895360,-1.570796340,-1.658010065,-0.000004489,-0.014245194,1.570796327,1.590882269
21.250000000,-0.295150000,-0.311205101,-0.112350000,-0.098332865,0.480900000,0.477697774,-1.570796340,-1.656859941,-0.000004489,-0.016309140,1.570796327,1.596735649
21.300000000,-0.295150000,-0.308097745,-0.112350000,-0.100126715,0.480900000,0.477347185,-1.570796340,-1.654047052,-0.000004489,-0.018183478,1.570796327,1.611184825
21.350000000,-0.295150000,-0.306956622,-0.112350000,-0.102083685,0.480900000,0.476777328,-1.570796340,-1.648378274,-0.000004489,-0.020323224,1.570796327,1.631345964
21.400000000,-0.295150000,-0.307752844,-0.112350000,-0.104098087,0.480900000,0.475866513,-1.570796340,-1.640335027,-0.000004489,-0.020524140,1.570796327,1.654233628
21.450000000,-0.295150000,-0.307610647,-0.112350000,-0.108471176,0.480900000,0.474075768,-1.570796340,-1.639267035,-0.000004489,-0.017852370,1.570796327,1.678249241
21.500000000,-0.295150000,-0.304878755,-0.112350000,-0.112285310,0.480900000,0.474227294,-1.570796340,-1.634718046,-0.000004489,-0.016350222,1.570796327,1.700602389
21.550000000,-0.295150000,-0.301721942,-0.112350000,-0.112657911,0.480900000,0.476594116,-1.570796340,-1.638744288,-0.000004489,-0.019097975,1.570796327,1.706196126
21.600000000,-0.295150000,-0.297012735,-0.112350000,-0.110238694,0.480900000,0.480377980,-1.570796340,-1.638599227,-0.000004489,-0.022435600,1.570796327,1.693875698
21.650000000,-0.295150000,-0.295002240,-0.112350000,-0.107746287,0.480900000,0.482062489,-1.570796340,-1.640868625,-0.000004489,-0.027706419,1.570796327,1.678860654
21.700000000,-0.295150000,-0.292463089,-0.112350000,-0.109435350,0.480900000,0.481209305,-1.570796340,-1.647597204,-0.000004489,-0.027258207,1.570796327,1.648659019
21.750000000,-0.295150000,-0.284003183,-0.112350000,-0.120581125,0.480900000,0.478738939,-1.570796340,-1.660981494,-0.000004489,-0.027483278,1.570796327,1.657580683
21.800000000,-0.295150000,-0.281751898,-0.112350000,-0.124085224,0.480900000,0.477814175,-1.570796340,-1.666501622,-0.000004489,-0.022476679,1.570796327,1.653325902
21.850000000,-0.295150000,-0.278456194,-0.112350000,-0.126100630,0.480900000,0.477088160,-1.570796340,-1.671416048,-0.000004489,-0.016286191,1.570796327,1.646296601
21.900000000,-0.295150000,-0.279290867,-0.112350000,-0.123970740,0.480900000,0.476405062,-1.570796340,-1.673774008,-0.000004489,-0.010935365,1.570796327,1.631178695
21.950000000,-0.295150000,-0.281024741,-0.112350000,-0.120733610,0.480900000,0.476504442,-1.570796340,-1.675075296,-0.000004489,-0.006406096,1.570796327,1.610996960
22.000000000,-0.295150000,-0.282495287,-0.112350000,-0.117927587,0.480900000,0.476765758,-1.570796340,-1.676076942,-0.000004489,-0.002997157,1.570796327,1.592093904
22.050000000,-0.295150000,-0.283362322,-0.112350000,-0.116106738,0.480900000,0.476959314,-1.570796340,-1.677008874,-0.000004489,-0.000300517,1.570796327,1.576800656
22.100000000,-0.295150000,-0.283657705,-0.112350000,-0.115297364,0.480900000,0.477074258,-1.570796340,-1.677841445,-0.000004489,0.002037590,1.570796327,1.566002257
22.150000000,-0.295150000,-0.283530961,-0.112350000,-0.115115697,0.480900000,0.477175826,-1.570796340,-1.678494501,-0.000004489,0.004264982,1.570796327,1.557555092
22.200000000,-0.295150000,-0.282936836,-0.112350000,-0.115627019,0.480900000,0.477294921,-1.570796340,-1.679003991,-0.000004489,0.006091641,1.570796327,1.549956160
22.250000000,-0.295150000,-0.281946102,-0.112350000,-0.116466282,0.480900000,0.477566984,-1.570796340,-1.679211470,-0.000004489,0.007097973,1.570796327,1.540220416
22.300000000,-0.295150000,-0.280484767,-0.112350000,-0.117517921,0.480900000,0.478156641,-1.570796340,-1.678940137,-0.000004489,0.006144736,1.570796327,1.525945336
22.350000000,-0.295150000,-0.278165474,-0.112350000,-0.118274522,0.480900000,0.479155825,-1.570796340,-1.681281949,-0.000004489,0.003407350,1.570796327,1.529745730
22.400000000,-0.295150000,-0.281331422,-0.112350000,-0.113350531,0.480900000,0.480381495,-1.570796340,-1.673958575,-0.000004489,-0.002539397,1.570796327,1.522096716
22.450000000,-0.295150000,-0.282059116,-0.112350000,-0.113879373,0.480900000,0.479898831,-1.570796340,-1.677284014,-0.000004489,-0.001497743,1.570796327,1.513776867
22.500000000,-0.295150000,-0.279255879,-0.112350000,-0.118103517,0.480900000,0.477314388,-1.570796340,-1.680560672,-0.000004489,-0.003851232,1.570796327,1.534456985
22.550000000,-0.295150000,-0.280087249,-0.112350000,-0.115428788,0.480900000,0.474749823,-1.570796340,-1.682499834,-0.000004489,0.007230490,1.570796327,1.551857057
22.600000000,-0.295150000,-0.284390472,-0.112350000,-0.113286690,0.480900000,0.472427874,-1.570796340,-1.684752751,-0.000004489,0.011261446,1.570796327,1.576635861
22.650000000,-0.295150000,-0.288062897,-0.112350000,-0.108623890,0.480900000,0.473847292,-1.570796340,-1.683625731,-0.000004489,0.014932032,1.570796327,1.589129797
22.700000000,-0.295150000,-0.289543739,-0.112350000,-0.104001279,0.480900000,0.475935519,-1.570796340,-1.682220679,-0.000004489,0.013680366,1.570796327,1.592529244
22.750000000,-0.295150000,-0.289356392,-0.112350000,-0.100566736,0.480900000,0.477783950,-1.570796340,-1.680703131,-0.000004489,0.007774874,1.570796327,1.593307319
22.800000000,-0.295150000,-0.288183366,-0.112350000,-0.098209437,0.480900000,0.479255224,-1.570796340,-1.678987168,-0.000004489,-0.001601553,1.570796327,1.592900029
22.850000000,-0.295150000,-0.286404323,-0.112350000,-0.096604239,0.480900000,0.480534233,-1.570796340,-1.676562301,-0.000004489,-0.013820776,1.570796327,1.590018531
22.900000000,-0.295150000,-0.284204453,-0.112350000,-0.095377977,0.480900000,0.481959806,-1.570796340,-1.672388362,-0.000004489,-0.029243894,1.570796327,1.581803950
22.950000000,-0.295150000,-0.281585056,-0.112350000,-0.094182238,0.480900000,0.483955943,-1.570796340,-1.665836314,-0.000004489,-0.044883165,1.570796327,1.566012816
23.000000000,-0.295150000,-0.279322160,-0.112350000,-0.096828866,0.480900000,0.483081559,-1.570796340,-1.657190242,-0.000004489,-0.043910711,1.570796327,1.555856460
23.050000000,-0.295150000,-0.286082491,-0.112350000,-0.108907760,0.480900000,0.470644686,-1.570796340,-1.648924462,-0.000004489,-0.033980176,1.570796327,1.578646169
23.100000000,-0.295150000,-0.293063504,-0.112350000,-0.121635299,0.480900000,0.466749739,-1.570796340,-1.647193067,-0.000004489,-0.029294706,1.570796327,1.609656712
23.150000000,-0.295150000,-0.288519172,-0.112350000,-0.125586430,0.480900000,0.473088580,-1.570796340,-1.652963836,-0.000004489,-0.015470197,1.570796327,1.605339752
23.200000000,-0.295150000,-0.279194050,-0.112350000,-0.128636700,0.480900000,0.481999250,-1.570796340,-1.654912816,-0.000004489,-0.008492837,1.570796327,1.599842465
23.250000000,-0.295150000,-0.274184541,-0.112350000,-0.124857703,0.480900000,0.487010414,-1.570796340,-1.672168736,-0.000004489,-0.007179102,1.570796327,1.584153205
23.300000000,-0.295150000,-0.269931697,-0.112350000,-0.118512072,0.480900000,0.491141140,-1.570796340,-1.666875790,-0.000004489,-0.004404267,1.570796327,1.558238733
23.350000000,-0.295150000,-0.279225502,-0.112350000,-0.114057623,0.480900000,0.481422716,-1.570796340,-1.673610098,-0.000004489,-0.005268507,1.570796327,1.546003559
23.400000000,-0.295150000,-0.283820380,-0.112350000,-0.112106619,0.480900000,0.477168823,-1.570796340,-1.684004213,-0.000004489,-0.007933991,1.570796327,1.542389169
23.450000000,-0.295150000,-0.281585586,-0.112350000,-0.111559980,0.480900000,0.477311592,-1.570796340,-1.703701987,-0.000004489,-0.008866261,1.570796327,1.545775902
23.500000000,-0.295150000,-0.282192789,-0.112350000,-0.114294997,0.480900000,0.479892583,-1.570796340,-1.699639677,-0.000004489,-0.009248941,1.570796327,1.572681065
23.550000000,-0.295150000,-0.293050993,-0.112350000,-0.113500629,0.480900000,0.478009154,-1.570796340,-1.687154932,-0.000004489,-0.006867498,1.570796327,1.602025276
23.600000000,-0.295150000,-0.307451399,-0.112350000,-0.112034891,0.480900000,0.473232409,-1.570796340,-1.668687177,-0.000004489,-0.003842130,1.570796327,1.627858600
23.650000000,-0.295150000,-0.308459979,-0.112350000,-0.112907754,0.480900000,0.471584582,-1.570796340,-1.675020919,-0.000004489,-0.006573988,1.570796327,1.643754925
23.700000000,-0.295150000,-0.297465304,-0.112350000,-0.114349607,0.480900000,0.474543086,-1.570796340,-1.680977406,-0.000004489,-0.010677049,1.570796327,1.645019607
23.750000000,-0.295150000,-0.284761198,-0.112350000,-0.117747806,0.480900000,0.479293886,-1.570796340,-1.676758707,-0.000004489,-0.011426609,1.570796327,1.646746944
23.800000000,-0.295150000,-0.285379769,-0.112350000,-0.119347354,0.480900000,0.479992999,-1.570796340,-1.673139050,-0.000004489,-0.012248678,1.570796327,1.648496269
23.850000000,-0.295150000,-0.290131279,-0.112350000,-0.119430299,0.480900000,0.478629017,-1.570796340,-1.671687774,-0.000004489,-0.011534615,1.570796327,1.647671659
23.900000000,-0.295150000,-0.294135668,-0.112350000,-0.117931271,0.480900000,0.477037998,-1.570796340,-1.663901031,-0.000004489,-0.012197768,1.570796327,1.644593231
23.950000000,-0.295150000,-0.300453694,-0.112350000,-0.116283698,0.480900000,0.475474529,-1.570796340,-1.646073692,-0.000004489,-0.006286812,1.570796327,1.640324415
24.000000000,-0.295150000,-0.300493175,-0.112350000,-0.117574980,0.480900000,0.474467748,-1.570796340,-1.651695765,-0.000004489,-0.007954607,1.570796327,1.642860171
24.050000000,-0.295150000,-0.292075879,-0.112350000,-0.116983011,0.480900000,0.476921365,-1.570796340,-1.645985771,-0.000004489,-0.006222698,1.570796327,1.640386986
24.100000000,-0.295150000,-0.288022275,-0.112350000,-0.116107080,0.480900000,0.478172116,-1.570796340,-1.643516629,-0.000004489,-0.006825969,1.570796327,1.637345218
24.150000000,-0.295150000,-0.286401712,-0.112350000,-0.114846409,0.480900000,0.478845099,-1.570796340,-1.642941278,-0.000004489,-0.008281249,1.570796327,1.634523819
24.200000000,-0.295150000,-0.286029489,-0.112350000,-0.113592608,0.480900000,0.479222163,-1.570796340,-1.643193165,-0.000004489,-0.009599128,1.570796327,1.628625317
24.250000000,-0.295150000,-0.285159971,-0.112350000,-0.113778721,0.480900000,0.479403440,-1.570796340,-1.644082329,-0.000004489,-0.010611180,1.570796327,1.623178585
24.300000000,-0.295150000,-0.283985235,-0.112350000,-0.114508976,0.480900000,0.479503274,-1.570796340,-1.644877889,-0.000004489,-0.010886680,1.570796327,1.616778553
24.350000000,-0.295150000,-0.283259016,-0.112350000,-0.115765646,0.480900000,0.479497287,-1.570796340,-1.645861230,-0.000004489,-0.009091356,1.570796327,1.613565035
24.400000000,-0.295150000,-0.284103559,-0.112350000,-0.116717363,0.480900000,0.479105439,-1.570796340,-1.647176725,-0.000004489,-0.007233422,1.570796327,1.613406834
24.450000000,-0.295150000,-0.285239576,-0.112350000,-0.117039451,0.480900000,0.479332193,-1.570796340,-1.651551184,-0.000004489,-0.004069261,1.570796327,1.613112348
24.500000000,-0.295150000,-0.284386623,-0.112350000,-0.118565741,0.480900000,0.480893684,-1.570796340,-1.668907148,-0.000004489,0.001025938,1.570796327,1.615976096
24.550000000,-0.295150000,-0.280698817,-0.112350000,-0.121927104,0.480900000,0.484497824,-1.570796340,-1.695203925,-0.000004489,0.007762605,1.570796327,1.625448887
24.600000000,-0.295150000,-0.277300565,-0.112350000,-0.124903630,0.480900000,0.488446222,-1.570796340,-1.698645531,-0.000004489,0.011331033,1.570796327,1.632225338
24.650000000,-0.295150000,-0.290538620,-0.112350000,-0.118485298,0.480900000,0.482556750,-1.570796340,-1.688655222,-0.000004489,0.013556259,1.570796327,1.618919562
24.700000000,-0.295150000,-0.297613766,-0.112350000,-0.114608687,0.480900000,0.478460874,-1.570796340,-1.679578507,-0.000004489,0.012754602,1.570796327,1.600340422
24.750000000,-0.295150000,-0.299730985,-0.112350000,-0.112637279,0.480900000,0.477163336,-1.570796340,-1.668958789,-0.000004489,0.010853302,1.570796327,1.583351176
24.800000000,-0.295150000,-0.299757757,-0.112350000,-0.111449635,0.480900000,0.477176584,-1.570796340,-1.658240564,-0.000004489,0.009288642,1.570796327,1.568827560
24.850000000,-0.295150000,-0.298769740,-0.112350000,-0.110793468,0.480900000,0.477666762,-1.570796340,-1.648309510,-0.000004489,0.009412632,1.570796327,1.560032723
24.900000000,-0.295150000,-0.302692719,-0.112350000,-0.109646927,0.480900000,0.474192346,-1.570796340,-1.603745943,-0.000004489,0.008443497,1.570796327,1.538259016
24.950000000,-0.295150000,-0.312898872,-0.112350000,-0.108854863,0.480900000,0.470871518,-1.570796340,-1.580879701,-0.000004489,0.004206897,1.570796327,1.520417886
25.000000000,-0.295150000,-0.306388729,-0.112350000,-0.114654446,0.480900000,0.475724462,-1.570796340,-1.575913119,-0.000004489,0.006391329,1.570796327,1.515492932
25.050000000,-0.295150000,-0.297092659,-0.112350000,-0.118906371,0.480900000,0.480815292,-1.570796340,-1.583851748,-0.000004489,0.007244134,1.570796327,1.517487695
25.100000000,-0.295150000,-0.289285927,-0.112350000,-0.120986093,0.480900000,0.485141725,-1.570796340,-1.607019198,-0.000004489,0.012102098,1.570796327,1.524106742
25.150000000,-0.295150000,-0.282473615,-0.112350000,-0.123083592,0.480900000,0.488949914,-1.570796340,-1.635275052,-0.000004489,0.020205838,1.570796327,1.536813455
25.200000000,-0.295150000,-0.280674610,-0.112350000,-0.122818627,0.480900000,0.489663919,-1.570796340,-1.631674859,-0.000004489,0.027329241,1.570796327,1.544381634
25.250000000,-0.295150000,-0.296382059,-0.112350000,-0.114088881,0.480900000,0.479908302,-1.570796340,-1.621547915,-0.000004489,0.037725469,1.570796327,1.535177336
25.300000000,-0.295150000,-0.296362789,-0.112350000,-0.110398507,0.480900000,0.476530621,-1.570796340,-1.634408213,-0.000004489,0.039394416,1.570796327,1.527846214
25.350000000,-0.295150000,-0.288367492,-0.112350000,-0.110356265,0.480900000,0.475571359,-1.570796340,-1.636025091,-0.000004489,0.043214295,1.570796327,1.534586353
25.400000000,-0.295150000,-0.287199778,-0.112350000,-0.108189562,0.480900000,0.476046198,-1.570796340,-1.637869119,-0.000004489,0.039236156,1.570796327,1.541411861
25.450000000,-0.295150000,-0.285805778,-0.112350000,-0.106072444,0.480900000,0.478786452,-1.570796340,-1.638226418,-0.000004489,0.031627914,1.570796327,1.540446999
25.500000000,-0.295150000,-0.283313329,-0.112350000,-0.105205050,0.480900000,0.482110697,-1.570796340,-1.634316244,-0.000004489,0.017884506,1.570796327,1.530419594
25.550000000,-0.295150000,-0.279782949,-0.112350000,-0.104802462,0.480900000,0.486103616,-1.570796340,-1.631835624,-0.000004489,0.010993602,1.570796327,1.515640780
25.600000000,-0.295150000,-0.278301004,-0.112350000,-0.110086575,0.480900000,0.483178623,-1.570796340,-1.636006948,-0.000004489,-0.000988871,1.570796327,1.522670079
25.650000000,-0.295150000,-0.276680555,-0.112350000,-0.112092542,0.480900000,0.482137900,-1.570796340,-1.638097353,-0.000004489,-0.003426908,1.570796327,1.539638212
25.700000000,-0.295150000,-0.286438062,-0.112350000,-0.112031107,0.480900000,0.480138745,-1.570796340,-1.632515275,-0.000004489,-0.003507676,1.570796327,1.561711285
25.750000000,-0.295150000,-0.290552872,-0.112350000,-0.111446323,0.480900000,0.478636078,-1.570796340,-1.641557842,-0.000004489,0.002791267,1.570796327,1.582934214
25.800000000,-0.295150000,-0.291512195,-0.112350000,-0.112804032,0.480900000,0.475357558,-1.570796340,-1.645781213,-0.000004489,0.004422274,1.570796327,1.611330821
25.850000000,-0.295150000,-0.291966171,-0.112350000,-0.110357800,0.480900000,0.476094700,-1.570796340,-1.648418668,-0.000004489,0.006483041,1.570796327,1.626467144
25.900000000,-0.295150000,-0.290401862,-0.112350000,-0.108542672,0.480900000,0.478338044,-1.570796340,-1.647527293,-0.000004489,0.005070164,1.570796327,1.629619836
25.950000000,-0.295150000,-0.287408041,-0.112350000,-0.108033067,0.480900000,0.480883603,-1.570796340,-1.642489979,-0.000004489,-0.001386719,1.570796327,1.621733474
26.000000000,-0.295150000,-0.283311401,-0.112350000,-0.108131488,0.480900000,0.483867729,-1.570796340,-1.631869577,-0.000004489,-0.014369362,1.570796327,1.600901049
26.050000000,-0.295150000,-0.278788983,-0.112350000,-0.109169650,0.480900000,0.486256913,-1.570796340,-1.629102845,-0.000004489,-0.012431720,1.570796327,1.582625389
26.100000000,-0.295150000,-0.277742768,-0.112350000,-0.113867977,0.480900000,0.482278161,-1.570796340,-1.628180112,-0.000004489,-0.017016416,1.570796327,1.577500267
26.150000000,-0.295150000,-0.278207808,-0.112350000,-0.115225339,0.480900000,0.480660668,-1.570796340,-1.629595820,-0.000004489,-0.015670106,1.570796327,1.571172187
26.200000000,-0.295150000,-0.279062277,-0.112350000,-0.115366138,0.480900000,0.480125604,-1.570796340,-1.631527713,-0.000004489,-0.012271749,1.570796327,1.563013353
26.250000000,-0.295150000,-0.279937954,-0.112350000,-0.115052300,0.480900000,0.480046570,-1.570796340,-1.633381086,-0.000004489,-0.008491551,1.570796327,1.553500886
26.300000000,-0.295150000,-0.280463404,-0.112350000,-0.114710961,0.480900000,0.480117066,-1.570796340,-1.634948914,-0.000004489,-0.005243368,1.570796327,1.545942825
26.350000000,-0.295150000,-0.281260869,-0.112350000,-0.113672214,0.480900000,0.480227634,-1.570796340,-1.636194144,-0.000004489,-0.002616381,1.570796327,1.539023040
26.400000000,-0.295150000,-0.282039052,-0.112350000,-0.112628139,0.480900000,0.480324372,-1.570796340,-1.637159742,-0.000004489,-0.000708167,1.570796327,1.533686948
26.450000000,-0.295150000,-0.282601699,-0.112350000,-0.111782567,0.480900000,0.480386870,-1.570796340,-1.637987486,-0.000004489,0.000650172,1.570796327,1.529688090
26.500000000,-0.295150000,-0.282792364,-0.112350000,-0.111735770,0.480900000,0.480423811,-1.570796340,-1.634875424,-0.000004489,0.001648852,1.570796327,1.523901724
26.550000000,-0.295150000,-0.287620144,-0.112350000,-0.112165240,0.480900000,0.475654451,-1.570796340,-1.619755202,-0.000004489,0.008298574,1.570796327,1.509779332
26.600000000,-0.295150000,-0.295973750,-0.112350000,-0.117380763,0.480900000,0.470743802,-1.570796340,-1.611933562,-0.000004489,0.023128210,1.570796327,1.515269339
26.650000000,-0.295150000,-0.299518066,-0.112350000,-0.122447999,0.480900000,0.471398795,-1.570796340,-1.617743506,-0.000004489,0.021230521,1.570796327,1.525941057
26.700000000,-0.295150000,-0.291887051,-0.112350000,-0.119583289,0.480900000,0.479081137,-1.570796340,-1.623861733,-0.000004489,0.026505247,1.570796327,1.520297020
26.750000000,-0.295150000,-0.283656195,-0.112350000,-0.115609127,0.480900000,0.485327688,-1.570796340,-1.636610089,-0.000004489,0.022545746,1.570796327,1.506007256
26.800000000,-0.295150000,-0.274765576,-0.112350000,-0.111797076,0.480900000,0.491102327,-1.570796340,-1.657056077,-0.000004489,0.010680352,1.570796327,1.493437584
26.850000000,-0.295150000,-0.265209829,-0.112350000,-0.108190485,0.480900000,0.497627878,-1.570796340,-1.657071154,-0.000004489,0.008046398,1.570796327,1.481793444
26.900000000,-0.295150000,-0.276065484,-0.112350000,-0.106220968,0.480900000,0.484733346,-1.570796340,-1.662054248,-0.000004489,-0.001017182,1.570796327,1.484201043
26.950000000,-0.295150000,-0.281260912,-0.112350000,-0.106668135,0.480900000,0.478860648,-1.570796340,-1.666103989,-0.000004489,-0.003701733,1.570796327,1.499336315
27.000000000,-0.295150000,-0.284382938,-0.112350000,-0.106963518,0.480900000,0.476794773,-1.570796340,-1.666739347,-0.000004489,-0.003691630,1.570796327,1.517071299
27.050000000,-0.295150000,-0.286253561,-0.112350000,-0.107211241,0.480900000,0.476473657,-1.570796340,-1.664873464,-0.000004489,-0.003228222,1.570796327,1.534592794
27.100000000,-0.295150000,-0.287270190,-0.112350000,-0.107574747,0.480900000,0.476858615,-1.570796340,-1.661713264,-0.000004489,-0.003162235,1.570796327,1.550826573
27.150000000,-0.295150000,-0.287815883,-0.112350000,-0.107912606,0.480900000,0.477472105,-1.570796340,-1.658042654,-0.000004489,-0.003708037,1.570796327,1.566248130
27.200000000,-0.295150000,-0.287769845,-0.112350000,-0.108001057,0.480900000,0.478067605,-1.570796340,-1.654770074,-0.000004489,-0.004661531,1.570796327,1.577678289
27.250000000,-0.295150000,-0.287603877,-0.112350000,-0.108630967,0.480900000,0.478597927,-1.570796340,-1.651563565,-0.000004489,-0.005827982,1.570796327,1.587950186
27.300000000,-0.295150000,-0.287485758,-0.112350000,-0.109374428,0.480900000,0.479036473,-1.570796340,-1.648641522,-0.000004489,-0.006917001,1.570796327,1.596697846
27.350000000,-0.295150000,-0.287138151,-0.112350000,-0.110332113,0.480900000,0.479375110,-1.570796340,-1.646303959,-0.000004489,-0.007665412,1.570796327,1.601793551
27.400000000,-0.295150000,-0.286587220,-0.112350000,-0.111621099,0.480900000,0.479642034,-1.570796340,-1.644230097,-0.000004489,-0.008132454,1.570796327,1.605867086
27.450000000,-0.295150000,-0.285994397,-0.112350000,-0.112400348,0.480900000,0.479847431,-1.570796340,-1.642526824,-0.000004489,-0.008336747,1.570796327,1.607711909
27.500000000,-0.295150000,-0.285227988,-0.112350000,-0.112567009,0.480900000,0.480003846,-1.570796340,-1.641176272,-0.000004489,-0.008458515,1.570796327,1.607050757
27.550000000,-0.295150000,-0.284570842,-0.112350000,-0.112139095,0.480900000,0.480142390,-1.570796340,-1.639953393,-0.000004489,-0.008545024,1.570796327,1.604344770
27.600000000,-0.295150000,-0.284523663,-0.112350000,-0.111713582,0.480900000,0.480304124,-1.570796340,-1.638413587,-0.000004489,-0.008605172,1.570796327,1.601772310
27.650000000,-0.295150000,-0.284712669,-0.112350000,-0.111685585,0.480900000,0.480457329,-1.570796340,-1.637310699,-0.000004489,-0.007879772,1.570796327,1.593351543
27.700000000,-0.295150000,-0.283057074,-0.112350000,-0.114207407,0.480900000,0.480537785,-1.570796340,-1.636792783,-0.000004489,-0.006749017,1.570796327,1.585888481
27.750000000,-0.295150000,-0.281390048,-0.112350000,-0.116384006,0.480900000,0.480603564,-1.570796340,-1.635990832,-0.000004489,-0.005637996,1.570796327,1.584643000
27.800000000,-0.295150000,-0.281756945,-0.112350000,-0.114783069,0.480900000,0.480679627,-1.570796340,-1.635260258,-0.000004489,-0.004589120,1.570796327,1.581030348
27.850000000,-0.295150000,-0.282783017,-0.112350000,-0.112071943,0.480900000,0.480750372,-1.570796340,-1.634877893,-0.000004489,-0.003836388,1.570796327,1.572381819
27.900000000,-0.295150000,-0.282274108,-0.112350000,-0.111325773,0.480900000,0.480772942,-1.570796340,-1.634782162,-0.000004489,-0.003581148,1.570796327,1.565614937
27.950000000,-0.295150000,-0.281101190,-0.112350000,-0.111680992,0.480900000,0.480795874,-1.570796340,-1.634695834,-0.000004489,-0.003124121,1.570796327,1.559052976
28.000000000,-0.295150000,-0.280868494,-0.112350000,-0.113091155,0.480900000,0.480885116,-1.570796340,-1.634056526,-0.000004489,-0.002133354,1.570796327,1.554363104
28.050000000,-0.295150000,-0.280443640,-0.112350000,-0.115067563,0.480900000,0.480938442,-1.570796340,-1.633872421,-0.000004489,-0.000643502,1.570796327,1.549742240
28.100000000,-0.295150000,-0.280156914,-0.112350000,-0.116683501,0.480900000,0.480952864,-1.570796340,-1.633999450,-0.000004489,0.001011095,1.570796327,1.545987964
28.150000000,-0.295150000,-0.280724656,-0.112350000,-0.116636661,0.480900000,0.480934964,-1.570796340,-1.634424905,-0.000004489,0.002527461,1.570796327,1.541906266
28.200000000,-0.295150000,-0.281497322,-0.112350000,-0.115512825,0.480900000,0.480872731,-1.570796340,-1.628293848,-0.000004489,0.001981564,1.570796327,1.530442873
28.250000000,-0.295150000,-0.286329922,-0.112350000,-0.113131966,0.480900000,0.476286523,-1.570796340,-1.622413728,-0.000004489,0.003987416,1.570796327,1.515057026
28.300000000,-0.295150000,-0.289292013,-0.112350000,-0.114935995,0.480900000,0.476905170,-1.570796340,-1.623558040,-0.000004489,0.009318146,1.570796327,1.514240486
28.350000000,-0.295150000,-0.291259779,-0.112350000,-0.117468641,0.480900000,0.479050675,-1.570796340,-1.635070760,-0.000004489,0.010233573,1.570796327,1.525406682
28.400000000,-0.295150000,-0.283727848,-0.112350000,-0.115114381,0.480900000,0.487671054,-1.570796340,-1.645530469,-0.000004489,0.008446836,1.570796327,1.532945872
28.450000000,-0.295150000,-0.283666200,-0.112350000,-0.109632312,0.480900000,0.485853329,-1.570796340,-1.641800338,-0.000004489,0.008570078,1.570796327,1.526426705
28.500000000,-0.295150000,-0.286868653,-0.112350000,-0.107809078,0.480900000,0.481279634,-1.570796340,-1.643311437,-0.000004489,0.004813992,1.570796327,1.528677687
28.550000000,-0.295150000,-0.288200364,-0.112350000,-0.107659667,0.480900000,0.479413566,-1.570796340,-1.644303084,-0.000004489,0.002402674,1.570796327,1.536486385
28.600000000,-0.295150000,-0.288686604,-0.112350000,-0.108301756,0.480900000,0.478848136,-1.570796340,-1.644038552,-0.000004489,0.000632584,1.570796327,1.548773475
28.650000000,-0.295150000,-0.288660372,-0.112350000,-0.108735102,0.480900000,0.478858760,-1.570796340,-1.643171141,-0.000004489,-0.000718985,1.570796327,1.560409431
28.700000000,-0.295150000,-0.288451565,-0.112350000,-0.109595101,0.480900000,0.479108281,-1.570796340,-1.641700847,-0.000004489,-0.001912702,1.570796327,1.571648420
28.750000000,-0.295150000,-0.288260426,-0.112350000,-0.110548488,0.480900000,0.479416406,-1.570796340,-1.640017183,-0.000004489,-0.002923167,1.570796327,1.581718140
28.800000000,-0.295150000,-0.287905854,-0.112350000,-0.111629728,0.480900000,0.479699261,-1.570796340,-1.647937302,-0.000004489,-0.010999850,1.570796327,1.581197061
28.850000000,-0.295150000,-0.281346131,-0.112350000,-0.115291252,0.480900000,0.482210539,-1.570796340,-1.651616109,-0.000004489,-0.009796962,1.570796327,1.582688969
28.900000000,-0.295150000,-0.284112898,-0.112350000,-0.117625715,0.480900000,0.482609434,-1.570796340,-1.648088362,-0.000004489,-0.010043339,1.570796327,1.588041234
28.950000000,-0.295150000,-0.290881004,-0.112350000,-0.116502984,0.480900000,0.480454012,-1.570796340,-1.640307214,-0.000004489,-0.005894608,1.570796327,1.589796689
29.000000000,-0.295150000,-0.298383588,-0.112350000,-0.113729718,0.480900000,0.477293641,-1.570796340,-1.633390351,-0.000004489,-0.001705815,1.570796327,1.590246532
29.050000000,-0.295150000,-0.295341241,-0.112350000,-0.111518425,0.480900000,0.477382812,-1.570796340,-1.635928083,-0.000004489,-0.001046141,1.570796327,1.584978394
29.100000000,-0.295150000,-0.289498170,-0.112350000,-0.111053151,0.480900000,0.479388185,-1.570796340,-1.629947106,-0.000004489,0.003020968,1.570796327,1.574111495
29.150000000,-0.295150000,-0.297827147,-0.112350000,-0.113450516,0.480900000,0.480638978,-1.570796340,-1.622728735,-0.000004489,0.004680380,1.570796327,1.570455264
29.200000000,-0.295150000,-0.309390396,-0.112350000,-0.118265087,0.480900000,0.481227561,-1.570796340,-1.617439250,-0.000004489,0.006301673,1.570796327,1.579772062
29.250000000,-0.295150000,-0.315467610,-0.112350000,-0.120982903,0.480900000,0.481178924,-1.570796340,-1.619073648,-0.000004489,0.008046972,1.570796327,1.581473614
29.300000000,-0.295150000,-0.315324034,-0.112350000,-0.121671751,0.480900000,0.480959883,-1.570796340,-1.625213556,-0.000004489,0.009589897,1.570796327,1.569933333
29.350000000,-0.295150000,-0.311819571,-0.112350000,-0.121341166,0.480900000,0.480677932,-1.570796340,-1.632220377,-0.000004489,0.010769711,1.570796327,1.550288660
29.400000000,-0.295150000,-0.307279678,-0.112350000,-0.120145660,0.480900000,0.480341414,-1.570796340,-1.638591447,-0.000004489,0.011713768,1.570796327,1.526900157
29.450000000,-0.295150000,-0.302835892,-0.112350000,-0.118514629,0.480900000,0.479977124,-1.570796340,-1.644116272,-0.000004489,0.012591080,1.570796327,1.503047862
29.500000000,-0.295150000,-0.298983457,-0.112350000,-0.116791534,0.480900000,0.479621962,-1.570796340,-1.648960765,-0.000004489,0.013533290,1.570796327,1.480910283
29.550000000,-0.295150000,-0.295879084,-0.112350000,-0.115183210,0.480900000,0.479301006,-1.570796340,-1.653323538,-0.000004489,0.014602058,1.570796327,1.461695227
29.600000000,-0.295150000,-0.293507155,-0.112350000,-0.113786763,0.480900000,0.479022898,-1.570796340,-1.656735636,-0.000004489,0.016082091,1.570796327,1.445880848
29.650000000,-0.295150000,-0.291074089,-0.112350000,-0.112684538,0.480900000,0.478872570,-1.570796340,-1.661279267,-0.000004489,0.016776102,1.570796327,1.436447651
29.700000000,-0.295150000,-0.286713226,-0.112350000,-0.110795755,0.480900000,0.478252462,-1.570796340,-1.666655628,-0.000004489,0.017029407,1.570796327,1.428143743
29.750000000,-0.295150000,-0.281734622,-0.112350000,-0.108591251,0.480900000,0.477727925,-1.570796340,-1.671817561,-0.000004489,0.016722253,1.570796327,1.420846624
29.800000000,-0.295150000,-0.277644324,-0.112350000,-0.106872322,0.480900000,0.477422000,-1.570796340,-1.675479947,-0.000004489,0.016072277,1.570796327,1.417757738
29.850000000,-0.295150000,-0.274816027,-0.112350000,-0.105860323,0.480900000,0.477355852,-1.570796340,-1.677627984,-0.000004489,0.015317036,1.570796327,1.419889168
29.900000000,-0.295150000,-0.273163416,-0.112350000,-0.105494776,0.480900000,0.477474937,-1.570796340,-1.678531380,-0.000004489,0.014506172,1.570796327,1.427372012
29.950000000,-0.295150000,-0.272311207,-0.112350000,-0.105260379,0.480900000,0.477684449,-1.570796340,-1.678840202,-0.000004489,0.013632659,1.570796327,1.437402802
30.000000000,-0.295150000,-0.270321512,-0.112350000,-0.105862011,0.480900000,0.477831285,-1.570796340,-1.680077602,-0.000004489,0.012675597,1.570796327,1.444736693
30.050000000,-0.295150000,-0.269240957,-0.112350000,-0.107306467,0.480900000,0.478062752,-1.570796340,-1.680128614,-0.000004489,0.012185261,1.570796327,1.453243665
30.100000000,-0.295150000,-0.270094159,-0.112350000,-0.109368452,0.480900000,0.478389324,-1.570796340,-1.678878322,-0.000004489,0.012531682,1.570796327,1.462273901
30.150000000,-0.295150000,-0.271593148,-0.112350000,-0.111714826,0.480900000,0.478654791,-1.570796340,-1.677593826,-0.000004489,0.013414042,1.570796327,1.470864955
30.200000000,-0.295150000,-0.273400256,-0.112350000,-0.113527622,0.480900000,0.478805129,-1.570796340,-1.676827802,-0.000004489,0.014566147,1.570796327,1.476346873
30.250000000,-0.295150000,-0.275279711,-0.112350000,-0.114633875,0.480900000,0.478834888,-1.570796340,-1.676780622,-0.000004489,0.015722722,1.570796327,1.478099103
30.300000000,-0.295150000,-0.276532159,-0.112350000,-0.115182580,0.480900000,0.478727080,-1.570796340,-1.677971579,-0.000004489,0.016770336,1.570796327,1.475366666
30.350000000,-0.295150000,-0.276749986,-0.112350000,-0.115317698,0.480900000,0.478510020,-1.570796340,-1.680184767,-0.000004489,0.017463488,1.570796327,1.470593110
30.400000000,-0.295150000,-0.276927626,-0.112350000,-0.114424970,0.480900000,0.478283430,-1.570796340,-1.682528556,-0.000004489,0.017818557,1.570796327,1.463901981
30.450000000,-0.295150000,-0.278774698,-0.112350000,-0.112942096,0.480900000,0.478179485,-1.570796340,-1.683371609,-0.000004489,0.017963240,1.570796327,1.460458186
30.500000000,-0.295150000,-0.281080521,-0.112350000,-0.110992159,0.480900000,0.478097579,-1.570796340,-1.683983181,-0.000004489,0.017726276,1.570796327,1.457978675
30.550000000,-0.295150000,-0.282931846,-0.112350000,-0.109473384,0.480900000,0.478000795,-1.570796340,-1.684606627,-0.000004489,0.017093179,1.570796327,1.457536381
30.600000000,-0.295150000,-0.283918939,-0.112350000,-0.108397082,0.480900000,0.477882661,-1.570796340,-1.685221035,-0.000004489,0.016057608,1.570796327,1.460193817
30.650000000,-0.295150000,-0.283867550,-0.112350000,-0.107172407,0.480900000,0.477738411,-1.570796340,-1.686280802,-0.000004489,0.021775794,1.570796327,1.469306159
30.700000000,-0.295150000,-0.286791915,-0.112350000,-0.107893588,0.480900000,0.472738127,-1.570796340,-1.689325974,-0.000004489,0.031767853,1.570796327,1.510885016
30.750000000,-0.295150000,-0.291943197,-0.112350000,-0.104899365,0.480900000,0.471743437,-1.570796340,-1.688906738,-0.000004489,0.035514333,1.570796327,1.541889654
30.800000000,-0.295150000,-0.293419519,-0.112350000,-0.101175134,0.480900000,0.475471271,-1.570796340,-1.685933180,-0.000004489,0.033513459,1.570796327,1.549203214
30.850000000,-0.295150000,-0.292064543,-0.112350000,-0.098889951,0.480900000,0.479967734,-1.570796340,-1.680830826,-0.000004489,0.020506814,1.570796327,1.540103739
30.900000000,-0.295150000,-0.289036827,-0.112350000,-0.097357314,0.480900000,0.484573968,-1.570796340,-1.673155835,-0.000004489,-0.004714619,1.570796327,1.514546048
30.950000000,-0.295150000,-0.284914179,-0.112350000,-0.095225558,0.480900000,0.490140554,-1.570796340,-1.667527580,-0.000004489,-0.009248767,1.570796327,1.483309072
31.000000000,-0.295150000,-0.283866836,-0.112350000,-0.104853239,0.480900000,0.482412040,-1.570796340,-1.666794673,-0.000004489,-0.022242214,1.570796327,1.510434733
31.050000000,-0.295150000,-0.285064397,-0.112350000,-0.108393154,0.480900000,0.478694964,-1.570796340,-1.668078717,-0.000004489,-0.023020583,1.570796327,1.533412417
31.100000000,-0.295150000,-0.286551367,-0.112350000,-0.109286270,0.480900000,0.477263155,-1.570796340,-1.682841178,-0.000004489,-0.020705071,1.570796327,1.543221985
31.150000000,-0.295150000,-0.281930567,-0.112350000,-0.111419735,0.480900000,0.479106088,-1.570796340,-1.681854352,-0.000004489,-0.015693847,1.570796327,1.547962196
31.200000000,-0.295150000,-0.287180893,-0.112350000,-0.111281103,0.480900000,0.478237478,-1.570796340,-1.675095013,-0.000004489,-0.010447099,1.570796327,1.553573494
31.250000000,-0.295150000,-0.295493331,-0.112350000,-0.109534835,0.480900000,0.475619507,-1.570796340,-1.669386491,-0.000004489,-0.006556827,1.570796327,1.555473994
31.300000000,-0.295150000,-0.295516949,-0.112350000,-0.107529981,0.480900000,0.475044889,-1.570796340,-1.674359429,-0.000004489,-0.005392056,1.570796327,1.550738358
31.350000000,-0.295150000,-0.291547914,-0.112350000,-0.105781342,0.480900000,0.476386038,-1.570796340,-1.671379070,-0.000004489,-0.004813226,1.570796327,1.545231065
31.400000000,-0.295150000,-0.290066701,-0.112350000,-0.104537100,0.480900000,0.477193873,-1.570796340,-1.669515532,-0.000004489,-0.005009393,1.570796327,1.542352692
31.450000000,-0.295150000,-0.288476697,-0.112350000,-0.104883168,0.480900000,0.477613473,-1.570796340,-1.674458672,-0.000004489,0.000424534,1.570796327,1.546841798
31.500000000,-0.295150000,-0.287699140,-0.112350000,-0.106725654,0.480900000,0.475834836,-1.570796340,-1.672645953,-0.000004489,0.002876922,1.570796327,1.562924894
31.550000000,-0.295150000,-0.291658381,-0.112350000,-0.106761589,0.480900000,0.475429102,-1.570796340,-1.671023887,-0.000004489,0.002341420,1.570796327,1.567716833
31.600000000,-0.295150000,-0.290558563,-0.112350000,-0.106082485,0.480900000,0.479098892,-1.570796340,-1.668959016,-0.000004489,-0.007320436,1.570796327,1.549139658
31.650000000,-0.295150000,-0.286235959,-0.112350000,-0.106790054,0.480900000,0.482643517,-1.570796340,-1.666723717,-0.000004489,-0.002933107,1.570796327,1.528611823
31.700000000,-0.295150000,-0.285075910,-0.112350000,-0.111111663,0.480900000,0.479771981,-1.570796340,-1.666508373,-0.000004489,-0.006640341,1.570796327,1.531513312
31.750000000,-0.295150000,-0.285328540,-0.112350000,-0.112112453,0.480900000,0.478517991,-1.570796340,-1.667923831,-0.000004489,-0.005538853,1.570796327,1.528147488
31.800000000,-0.295150000,-0.285205042,-0.112350000,-0.112382385,0.480900000,0.477978679,-1.570796340,-1.670360277,-0.000004489,-0.003172158,1.570796327,1.521750604
31.850000000,-0.295150000,-0.284911706,-0.112350000,-0.111322587,0.480900000,0.477760416,-1.570796340,-1.673064201,-0.000004489,-0.000843912,1.570796327,1.512096243
31.900000000,-0.295150000,-0.285133569,-0.112350000,-0.109879935,0.480900000,0.477718845,-1.570796340,-1.675193570,-0.000004489,0.001114114,1.570796327,1.501981015
31.950000000,-0.295150000,-0.285482808,-0.112350000,-0.108626755,0.480900000,0.477739816,-1.570796340,-1.681619268,-0.000004489,0.008853256,1.570796327,1.494981436
32.000000000,-0.295150000,-0.285205940,-0.112350000,-0.110300025,0.480900000,0.475366847,-1.570796340,-1.681910217,-0.000004489,0.013538929,1.570796327,1.494548054
32.050000000,-0.295150000,-0.289431155,-0.112350000,-0.109895079,0.480900000,0.475556249,-1.570796340,-1.680607111,-0.000004489,0.005816485,1.570796327,1.479713929
32.100000000,-0.295150000,-0.287762465,-0.112350000,-0.105156312,0.480900000,0.482687037,-1.570796340,-1.679189629,-0.000004489,0.014047931,1.570796327,1.443475749
32.150000000,-0.295150000,-0.286739713,-0.112350000,-0.107865564,0.480900000,0.479893726,-1.570796340,-1.679517289,-0.000004489,0.009738944,1.570796327,1.439624011
32.200000000,-0.295150000,-0.286755066,-0.112350000,-0.107787900,0.480900000,0.478483325,-1.570796340,-1.681855393,-0.000004489,0.009875245,1.570796327,1.434389309
32.250000000,-0.295150000,-0.287143748,-0.112350000,-0.108001016,0.480900000,0.477797042,-1.570796340,-1.684071291,-0.000004489,0.011610312,1.570796327,1.433043838
32.300000000,-0.295150000,-0.287661764,-0.112350000,-0.108401758,0.480900000,0.477483614,-1.570796340,-1.685664617,-0.000004489,0.013808807,1.570796327,1.434639402
32.350000000,-0.295150000,-0.288167387,-0.112350000,-0.108825427,0.480900000,0.477354148,-1.570796340,-1.686667855,-0.000004489,0.015881095,1.570796327,1.437719038
32.400000000,-0.295150000,-0.288617298,-0.112350000,-0.109190797,0.480900000,0.477313428,-1.570796340,-1.687204506,-0.000004489,0.017564845,1.570796327,1.441279351
32.450000000,-0.295150000,-0.289008185,-0.112350000,-0.109465115,0.480900000,0.477315017,-1.570796340,-1.691772499,-0.000004489,0.019189524,1.570796327,1.439721016
32.500000000,-0.295150000,-0.285919897,-0.112350000,-0.111808018,0.480900000,0.478242099,-1.570796340,-1.685277987,-0.000004489,0.021254048,1.570796327,1.424838380
32.550000000,-0.295150000,-0.289993797,-0.112350000,-0.113464467,0.480900000,0.476961052,-1.570796340,-1.687855655,-0.000004489,0.023407427,1.570796327,1.426225077
32.600000000,-0.295150000,-0.290043278,-0.112350000,-0.111739851,0.480900000,0.477160069,-1.570796340,-1.688070924,-0.000004489,0.026338210,1.570796327,1.418651242
32.650000000,-0.295150000,-0.292788137,-0.112350000,-0.108435172,0.480900000,0.475584130,-1.570796340,-1.685948182,-0.000004489,0.026200098,1.570796327,1.439959401
32.700000000,-0.295150000,-0.307658575,-0.112350000,-0.091534576,0.480900000,0.478204817,-1.570796340,-1.672625849,-0.000004489,0.018962511,1.570796327,1.447698946
32.750000000,-0.295150000,-0.321920212,-0.112350000,-0.078418923,0.480900000,0.480194945,-1.570796340,-1.659816799,-0.000004489,0.013493662,1.570796327,1.451559333
32.800000000,-0.295150000,-0.328049724,-0.112350000,-0.079313239,0.480900000,0.479351100,-1.570796340,-1.656999165,-0.000004489,0.004849853,1.570796327,1.480552229
32.850000000,-0.295150000,-0.327880009,-0.112350000,-0.084520314,0.480900000,0.478812593,-1.570796340,-1.658317276,-0.000004489,-0.000887477,1.570796327,1.519656092
32.900000000,-0.295150000,-0.324066017,-0.112350000,-0.090266392,0.480900000,0.478498273,-1.570796340,-1.660480367,-0.000004489,-0.004817666,1.570796327,1.558514234
32.950000000,-0.295150000,-0.318708419,-0.112350000,-0.095214562,0.480900000,0.478257278,-1.570796340,-1.662979341,-0.000004489,-0.007757848,1.570796327,1.590734101
33.000000000,-0.295150000,-0.311720151,-0.112350000,-0.099749703,0.480900000,0.478317618,-1.570796340,-1.663751854,-0.000004489,-0.009609004,1.570796327,1.601832492
33.050000000,-0.295150000,-0.305949730,-0.112350000,-0.102926041,0.480900000,0.477695654,-1.570796340,-1.665339313,-0.000004489,-0.011998338,1.570796327,1.615632575
33.100000000,-0.295150000,-0.301717498,-0.112350000,-0.102994237,0.480900000,0.477725235,-1.570796340,-1.665133283,-0.000004489,-0.013774818,1.570796327,1.614961602
33.150000000,-0.295150000,-0.298707950,-0.112350000,-0.102640812,0.480900000,0.477743199,-1.570796340,-1.665598203,-0.000004489,-0.015450567,1.570796327,1.609837078
33.200000000,-0.295150000,-0.296442872,-0.112350000,-0.102548342,0.480900000,0.477759664,-1.570796340,-1.666551455,-0.000004489,-0.016830099,1.570796327,1.604518284
33.250000000,-0.295150000,-0.294701466,-0.112350000,-0.102726264,0.480900000,0.477780519,-1.570796340,-1.667641107,-0.000004489,-0.017809935,1.570796327,1.600822643
33.300000000,-0.295150000,-0.293372761,-0.112350000,-0.103060307,0.480900000,0.477806737,-1.570796340,-1.668653468,-0.000004489,-0.018413007,1.570796327,1.599046263
33.350000000,-0.295150000,-0.292347911,-0.112350000,-0.103440231,0.480900000,0.477834059,-1.570796340,-1.669526148,-0.000004489,-0.018753724,1.570796327,1.598891519
33.400000000,-0.295150000,-0.291466468,-0.112350000,-0.103746487,0.480900000,0.477853752,-1.570796340,-1.670335636,-0.000004489,-0.018980281,1.570796327,1.599613685
33.450000000,-0.295150000,-0.290689368,-0.112350000,-0.104020796,0.480900000,0.477867959,-1.570796340,-1.671059801,-0.000004489,-0.019165603,1.570796327,1.600847656
33.500000000,-0.295150000,-0.290060914,-0.112350000,-0.104360218,0.480900000,0.477884625,-1.570796340,-1.671576985,-0.000004489,-0.019336313,1.570796327,1.603070666
33.550000000,-0.295150000,-0.289586829,-0.112350000,-0.104703002,0.480900000,0.477905658,-1.570796340,-1.671868802,-0.000004489,-0.019521641,1.570796327,1.606216570
33.600000000,-0.295150000,-0.289306656,-0.112350000,-0.105080019,0.480900000,0.477934055,-1.570796340,-1.671905287,-0.000004489,-0.019719306,1.570796327,1.610211002
33.650000000,-0.295150000,-0.289298892,-0.112350000,-0.105568588,0.480900000,0.477973783,-1.570796340,-1.671593887,-0.000004489,-0.019920205,1.570796327,1.615582027
33.700000000,-0.295150000,-0.289580837,-0.112350000,-0.106165677,0.480900000,0.478020712,-1.570796340,-1.670958105,-0.000004489,-0.020110611,1.570796327,1.622332114
33.750000000,-0.295150000,-0.290225602,-0.112350000,-0.107016811,0.480900000,0.478074081,-1.570796340,-1.669810405,-0.000004489,-0.020121832,1.570796327,1.630124931
33.800000000,-0.295150000,-0.289845042,-0.112350000,-0.108842824,0.480900000,0.478191564,-1.570796340,-1.670093551,-0.000004489,-0.019729356,1.570796327,1.634224244
33.850000000,-0.295150000,-0.285685618,-0.112350000,-0.112349990,0.480900000,0.477727470,-1.570796340,-1.673318429,-0.000004489,-0.018699434,1.570796327,1.630028398
33.900000000,-0.295150000,-0.279406588,-0.112350000,-0.117512854,0.480900000,0.477430719,-1.570796340,-1.676300794,-0.000004489,-0.016917832,1.570796327,1.626752273
33.950000000,-0.295150000,-0.275015843,-0.112350000,-0.120330988,0.480900000,0.477456578,-1.570796340,-1.676974556,-0.000004489,-0.013987825,1.570796327,1.619394921
34.000000000,-0.295150000,-0.272632669,-0.112350000,-0.121249574,0.480900000,0.477675202,-1.570796340,-1.676757206,-0.000004489,-0.010621894,1.570796327,1.605479653
34.050000000,-0.295150000,-0.271640966,-0.112350000,-0.121123652,0.480900000,0.477953118,-1.570796340,-1.676508992,-0.000004489,-0.007269537,1.570796327,1.587364973
34.100000000,-0.295150000,-0.271588646,-0.112350000,-0.120422503,0.480900000,0.478206769,-1.570796340,-1.676541044,-0.000004489,-0.004085439,1.570796327,1.567560507
34.150000000,-0.295150000,-0.272146970,-0.112350000,-0.119429303,0.480900000,0.478394030,-1.570796340,-1.676889279,-0.000004489,-0.001148328,1.570796327,1.548390548
34.200000000,-0.295150000,-0.273036765,-0.112350000,-0.117933280,0.480900000,0.478492425,-1.570796340,-1.677572255,-0.000004489,0.001336717,1.570796327,1.531706907
34.250000000,-0.295150000,-0.273498901,-0.112350000,-0.116391813,0.480900000,0.478482515,-1.570796340,-1.678961915,-0.000004489,0.003226535,1.570796327,1.516504536
34.300000000,-0.295150000,-0.275282831,-0.112350000,-0.114127606,0.480900000,0.478515845,-1.570796340,-1.677116885,-0.000004489,0.003761760,1.570796327,1.506221021
34.350000000,-0.295150000,-0.280521330,-0.112350000,-0.111393493,0.480900000,0.475644265,-1.570796340,-1.666476055,-0.000004489,0.008212390,1.570796327,1.489029414
34.400000000,-0.295150000,-0.288339674,-0.112350000,-0.113983114,0.480900000,0.471319645,-1.570796340,-1.663204000,-0.000004489,0.012517683,1.570796327,1.494097699
34.450000000,-0.295150000,-0.288821755,-0.112350000,-0.115053827,0.480900000,0.473634836,-1.570796340,-1.664262735,-0.000004489,0.014400838,1.570796327,1.501950974
34.500000000,-0.295150000,-0.284953915,-0.112350000,-0.112251462,0.480900000,0.478481139,-1.570796340,-1.668950660,-0.000004489,0.014549808,1.570796327,1.498695053
34.550000000,-0.295150000,-0.279263863,-0.112350000,-0.108522310,0.480900000,0.483864572,-1.570796340,-1.681156673,-0.000004489,0.010239290,1.570796327,1.492439250
34.600000000,-0.295150000,-0.271643145,-0.112350000,-0.105088461,0.480900000,0.490216146,-1.570796340,-1.679699164,-0.000004489,0.007066998,1.570796327,1.481783116
34.650000000,-0.295150000,-0.277750855,-0.112350000,-0.103238627,0.480900000,0.482467449,-1.570796340,-1.682956511,-0.000004489,0.002986638,1.570796327,1.488497931
34.700000000,-0.295150000,-0.281674720,-0.112350000,-0.103402323,0.480900000,0.478436538,-1.570796340,-1.686431660,-0.000004489,0.000794687,1.570796327,1.501260062
34.750000000,-0.295150000,-0.283944674,-0.112350000,-0.104302011,0.480900000,0.476891082,-1.570796340,-1.687262897,-0.000004489,-0.000347378,1.570796327,1.516392621
34.800000000,-0.295150000,-0.285319133,-0.112350000,-0.105273999,0.480900000,0.476521369,-1.570796340,-1.686025712,-0.000004489,-0.001155252,1.570796327,1.531181340
34.850000000,-0.295150000,-0.286164546,-0.112350000,-0.106085703,0.480900000,0.476652999,-1.570796340,-1.683695762,-0.000004489,-0.002001528,1.570796327,1.544117934
34.900000000,-0.295150000,-0.286683157,-0.112350000,-0.106679604,0.480900000,0.476956028,-1.570796340,-1.680961325,-0.000004489,-0.003080838,1.570796327,1.555431713
34.950000000,-0.295150000,-0.286913306,-0.112350000,-0.106556650,0.480900000,0.477271999,-1.570796340,-1.678522597,-0.000004489,-0.004391091,1.570796327,1.562823878
35.000000000,-0.295150000,-0.286782062,-0.112350000,-0.106636641,0.480900000,0.477545593,-1.570796340,-1.676460168,-0.000004489,-0.005896055,1.570796327,1.568438703
35.050000000,-0.295150000,-0.286925329,-0.112350000,-0.106658854,0.480900000,0.477798320,-1.570796340,-1.674336629,-0.000004489,-0.007279852,1.570796327,1.573549946
35.100000000,-0.295150000,-0.287131647,-0.112350000,-0.106659727,0.480900000,0.478006431,-1.570796340,-1.687052320,-0.000004489,-0.013356716,1.570796327,1.566174958
35.150000000,-0.295150000,-0.279671550,-0.112350000,-0.111342392,0.480900000,0.480953661,-1.570796340,-1.692599037,-0.000004489,-0.010021557,1.570796327,1.562628419
35.200000000,-0.295150000,-0.281953111,-0.112350000,-0.115700208,0.480900000,0.482061410,-1.570796340,-1.690856627,-0.000004489,-0.009346745,1.570796327,1.572916615
35.250000000,-0.295150000,-0.288475523,-0.112350000,-0.115038533,0.480900000,0.480390609,-1.570796340,-1.689044090,-0.000004489,-0.007042742,1.570796327,1.571759169
35.300000000,-0.295150000,-0.294663247,-0.112350000,-0.111888965,0.480900000,0.477881602,-1.570796340,-1.679855048,-0.000004489,-0.004053671,1.570796327,1.561938034
35.350000000,-0.295150000,-0.300994207,-0.112350000,-0.108312633,0.480900000,0.474519855,-1.570796340,-1.665316719,-0.000004489,0.009073543,1.570796327,1.552879193
35.400000000,-0.295150000,-0.304705413,-0.112350000,-0.110595108,0.480900000,0.466717807,-1.570796340,-1.675182332,-0.000004489,0.014922008,1.570796327,1.554876474
35.450000000,-0.295150000,-0.294051767,-0.112350000,-0.108512948,0.480900000,0.471803100,-1.570796340,-1.668466192,-0.000004489,0.019562563,1.570796327,1.534664382
35.500000000,-0.295150000,-0.287068665,-0.112350000,-0.104482058,0.480900000,0.479023119,-1.570796340,-1.660276612,-0.000004489,0.009194193,1.570796327,1.486141016
35.550000000,-0.295150000,-0.280886465,-0.112350000,-0.098621429,0.480900000,0.487950876,-1.570796340,-1.655507146,-0.000004489,0.009533017,1.570796327,1.421442763
35.600000000,-0.295150000,-0.279124635,-0.112350000,-0.104331462,0.480900000,0.483369438,-1.570796340,-1.656856652,-0.000004489,0.001069621,1.570796327,1.412494682
35.650000000,-0.295150000,-0.280910339,-0.112350000,-0.106906998,0.480900000,0.480073732,-1.570796340,-1.661498559,-0.000004489,-0.000152559,1.570796327,1.417675768
35.700000000,-0.295150000,-0.283226204,-0.112350000,-0.107618386,0.480900000,0.478517547,-1.570796340,-1.667272201,-0.000004489,0.002839093,1.570796327,1.425098000
35.750000000,-0.295150000,-0.285163309,-0.112350000,-0.107780243,0.480900000,0.477789994,-1.570796340,-1.672524519,-0.000004489,0.006668007,1.570796327,1.433951793
35.800000000,-0.295150000,-0.286557423,-0.112350000,-0.107840810,0.480900000,0.477464752,-1.570796340,-1.676554204,-0.000004489,0.009945220,1.570796327,1.443900341
35.850000000,-0.295150000,-0.287480996,-0.112350000,-0.107940538,0.480900000,0.477337741,-1.570796340,-1.679088855,-0.000004489,0.014208062,1.570796327,1.461428426
35.900000000,-0.295150000,-0.289319310,-0.112350000,-0.103361435,0.480900000,0.476827878,-1.570796340,-1.679362409,-0.000004489,0.009573044,1.570796327,1.477983091
35.950000000,-0.295150000,-0.289733420,-0.112350000,-0.096008716,0.480900000,0.477760378,-1.570796340,-1.680914506,-0.000004489,0.007371185,1.570796327,1.463262771
36.000000000,-0.295150000,-0.288148528,-0.112350000,-0.097942511,0.480900000,0.477517997,-1.570796340,-1.682585684,-0.000004489,0.003973643,1.570796327,1.469933201
36.050000000,-0.295150000,-0.286425676,-0.112350000,-0.102081464,0.480900000,0.477443912,-1.570796340,-1.682936048,-0.000004489,0.002944427,1.570796327,1.485045057
36.100000000,-0.295150000,-0.286425317,-0.112350000,-0.106871506,0.480900000,0.476021643,-1.570796340,-1.680947095,-0.000004489,-0.012008297,1.570796327,1.457079429
36.150000000,-0.295150000,-0.290440846,-0.112350000,-0.117502319,0.480900000,0.475895411,-1.570796340,-1.670129363,-0.000004489,-0.001070318,1.570796327,1.456536660
36.200000000,-0.295150000,-0.295286020,-0.112350000,-0.132616977,0.480900000,0.478744800,-1.570796340,-1.668275823,-0.000004489,0.011068431,1.570796327,1.466221609
36.250000000,-0.295150000,-0.300227066,-0.112350000,-0.146352292,0.480900000,0.481338990,-1.570796340,-1.664476350,-0.000004489,0.039865613,1.570796327,1.479260098
36.300000000,-0.295150000,-0.305829316,-0.112350000,-0.154852564,0.480900000,0.482891717,-1.570796340,-1.667725155,-0.000004489,0.048452304,1.570796327,1.479412370
36.350000000,-0.295150000,-0.308664023,-0.112350000,-0.146695407,0.480900000,0.479849171,-1.570796340,-1.676035409,-0.000004489,0.067466709,1.570796327,1.430552132
36.400000000,-0.295150000,-0.312164388,-0.112350000,-0.135755538,0.480900000,0.474883698,-1.570796340,-1.685446354,-0.000004489,0.083754079,1.570796327,1.407542835
36.450000000,-0.295150000,-0.317123087,-0.112350000,-0.112381183,0.480900000,0.472019295,-1.570796340,-1.699804527,-0.000004489,0.081903213,1.570796327,1.358977572
36.500000000,-0.295150000,-0.316148755,-0.112350000,-0.090487541,0.480900000,0.474386836,-1.570796340,-1.712165625,-0.000004489,0.072353447,1.570796327,1.303203851
36.550000000,-0.295150000,-0.312219079,-0.112350000,-0.075468660,0.480900000,0.477329324,-1.570796340,-1.709146416,-0.000004489,0.047494364,1.570796327,1.250018730
36.600000000,-0.295150000,-0.317890250,-0.112350000,-0.071518675,0.480900000,0.471865130,-1.570796340,-1.703736692,-0.000004489,0.030743411,1.570796327,1.236244562
36.650000000,-0.295150000,-0.313125938,-0.112350000,-0.082001017,0.480900000,0.472943142,-1.570796340,-1.693119826,-0.000004489,0.020506175,1.570796327,1.261523120
36.700000000,-0.295150000,-0.305803126,-0.112350000,-0.098234858,0.480900000,0.477456936,-1.570796340,-1.691081304,-0.000004489,0.011004958,1.570796327,1.318889401
36.750000000,-0.295150000,-0.290239733,-0.112350000,-0.108164301,0.480900000,0.486350430,-1.570796340,-1.699661827,-0.000004489,0.021015689,1.570796327,1.348223803
36.800000000,-0.295150000,-0.273170564,-0.112350000,-0.119284795,0.480900000,0.495357336,-1.570796340,-1.672594787,-0.000004489,0.028003980,1.570796327,1.389657913
36.850000000,-0.295150000,-0.284761493,-0.112350000,-0.119195837,0.480900000,0.476534967,-1.570796340,-1.646150065,-0.000004489,0.043586628,1.570796327,1.452722379
36.900000000,-0.295150000,-0.294224206,-0.112350000,-0.113737574,0.480900000,0.470580669,-1.570796340,-1.632589865,-0.000004489,0.049717837,1.570796327,1.468331944
36.950000000,-0.295150000,-0.298082376,-0.112350000,-0.106732422,0.480900000,0.473567838,-1.570796340,-1.633132737,-0.000004489,0.049096321,1.570796327,1.445359099
37.000000000,-0.295150000,-0.295818747,-0.112350000,-0.102863737,0.480900000,0.480526179,-1.570796340,-1.645611166,-0.000004489,0.042567708,1.570796327,1.405970184
37.050000000,-0.295150000,-0.290391597,-0.112350000,-0.102676060,0.480900000,0.487475990,-1.570796340,-1.658795894,-0.000004489,0.029894625,1.570796327,1.369557606
37.100000000,-0.295150000,-0.290005051,-0.112350000,-0.103294015,0.480900000,0.485017701,-1.570796340,-1.655797832,-0.000004489,0.031117540,1.570796327,1.363684736
37.150000000,-0.295150000,-0.291665250,-0.112350000,-0.105022840,0.480900000,0.479619392,-1.570796340,-1.650747222,-0.000004489,0.023948655,1.570796327,1.362213097
37.200000000,-0.295150000,-0.295217693,-0.112350000,-0.105773589,0.480900000,0.476895926,-1.570796340,-1.643416646,-0.000004489,0.024287831,1.570796327,1.367133681
37.250000000,-0.295150000,-0.297615945,-0.112350000,-0.105369006,0.480900000,0.476701536,-1.570796340,-1.637390084,-0.000004489,0.035873549,1.570796327,1.367541278
37.300000000,-0.295150000,-0.294456656,-0.112350000,-0.109274879,0.480900000,0.480203556,-1.570796340,-1.630001399,-0.000004489,0.031824268,1.570796327,1.373819994
37.350000000,-0.295150000,-0.298959302,-0.112350000,-0.105248708,0.480900000,0.479482035,-1.570796340,-1.621584196,-0.000004489,0.039647143,1.570796327,1.375111824
37.400000000,-0.295150000,-0.301379159,-0.112350000,-0.102967919,0.480900000,0.479160862,-1.570796340,-1.619631084,-0.000004489,0.042616422,1.570796327,1.371304502
37.450000000,-0.295150000,-0.302727996,-0.112350000,-0.101434443,0.480900000,0.479008183,-1.570796340,-1.621914176,-0.000004489,0.044741427,1.570796327,1.368925656
37.500000000,-0.295150000,-0.305809452,-0.112350000,-0.097428339,0.480900000,0.480084280,-1.570796340,-1.619376495,-0.000004489,0.036904146,1.570796327,1.370469945
37.550000000,-0.295150000,-0.326270240,-0.112350000,-0.081716906,0.480900000,0.482559899,-1.570796340,-1.610783725,-0.000004489,0.033242694,1.570796327,1.383262519
37.600000000,-0.295150000,-0.340907593,-0.112350000,-0.065512310,0.480900000,0.485079374,-1.570796340,-1.619102064,-0.000004489,0.025721424,1.570796327,1.370179970
37.650000000,-0.295150000,-0.342205133,-0.112350000,-0.062868341,0.480900000,0.484608900,-1.570796340,-1.644698239,-0.000004489,0.017538896,1.570796327,1.364701112
37.700000000,-0.295150000,-0.338175860,-0.112350000,-0.065907526,0.480900000,0.483352355,-1.570796340,-1.665475035,-0.000004489,0.010228168,1.570796327,1.375692187
37.750000000,-0.295150000,-0.333468263,-0.112350000,-0.069960425,0.480900000,0.482046570,-1.570796340,-1.678063807,-0.000004489,0.004780288,1.570796327,1.397527176
37.800000000,-0.295150000,-0.329225434,-0.112350000,-0.073806261,0.480900000,0.480867895,-1.570796340,-1.684182940,-0.000004489,0.000846887,1.570796327,1.424542652
37.850000000,-0.295150000,-0.325766713,-0.112350000,-0.077113826,0.480900000,0.479791144,-1.570796340,-1.684608263,-0.000004489,-0.000135153,1.570796327,1.450308329
37.900000000,-0.295150000,-0.324104772,-0.112350000,-0.078270044,0.480900000,0.479558464,-1.570796340,-1.685490716,-0.000004489,-0.008264981,1.570796327,1.478703681
37.950000000,-0.295150000,-0.327118131,-0.112350000,-0.070809615,0.480900000,0.482026482,-1.570796340,-1.677508319,-0.000004489,-0.011511619,1.570796327,1.487864832
38.000000000,-0.295150000,-0.329169070,-0.112350000,-0.071371177,0.480900000,0.481478596,-1.570796340,-1.682363889,-0.000004489,-0.016653656,1.570796327,1.501338218
38.050000000,-0.295150000,-0.330107038,-0.112350000,-0.074746847,0.480900000,0.480718217,-1.570796340,-1.685576583,-0.000004489,-0.020323049,1.570796327,1.516185130
38.100000000,-0.295150000,-0.330112317,-0.112350000,-0.078354443,0.480900000,0.480269087,-1.570796340,-1.684660241,-0.000004489,-0.022473054,1.570796327,1.528709703
38.150000000,-0.295150000,-0.329373888,-0.112350000,-0.081508262,0.480900000,0.480137538,-1.570796340,-1.680514320,-0.000004489,-0.023351345,1.570796327,1.538175083
38.200000000,-0.295150000,-0.328099280,-0.112350000,-0.084107224,0.480900000,0.480217041,-1.570796340,-1.674456014,-0.000004489,-0.023215341,1.570796327,1.544706804
38.250000000,-0.295150000,-0.326525487,-0.112350000,-0.086421276,0.480900000,0.480378109,-1.570796340,-1.667554418,-0.000004489,-0.021889523,1.570796327,1.546351069
38.300000000,-0.295150000,-0.324986071,-0.112350000,-0.089267418,0.480900000,0.480488396,-1.570796340,-1.659851363,-0.000004489,-0.019829893,1.570796327,1.547693078
38.350000000,-0.295150000,-0.323253764,-0.112350000,-0.091089360,0.480900000,0.480740405,-1.570796340,-1.651744787,-0.000004489,-0.017397448,1.570796327,1.548206167
38.400000000,-0.295150000,-0.321325376,-0.112350000,-0.091628166,0.480900000,0.481080768,-1.570796340,-1.644783609,-0.000004489,-0.014725606,1.570796327,1.545241982
38.450000000,-0.295150000,-0.319493535,-0.112350000,-0.091921222,0.480900000,0.481344640,-1.570796340,-1.639174250,-0.000004489,-0.012200771,1.570796327,1.541773655
38.500000000,-0.295150000,-0.317806724,-0.112350000,-0.091954532,0.480900000,0.481559002,-1.570796340,-1.634616555,-0.000004489,-0.009814833,1.570796327,1.538219355
38.550000000,-0.295150000,-0.316290148,-0.112350000,-0.091924660,0.480900000,0.481721189,-1.570796340,-1.633534191,-0.000004489,-0.013501383,1.570796327,1.533542119
38.600000000,-0.295150000,-0.316778241,-0.112350000,-0.087601833,0.480900000,0.482921756,-1.570796340,-1.642595723,-0.000004489,-0.032777955,1.570796327,1.526017934
38.650000000,-0.295150000,-0.314144370,-0.112350000,-0.080477242,0.480900000,0.483633210,-1.570796340,-1.652561430,-0.000004489,-0.053027391,1.570796327,1.503067357
38.700000000,-0.295150000,-0.309321943,-0.112350000,-0.080204372,0.480900000,0.480215562,-1.570796340,-1.664606867,-0.000004489,-0.068194700,1.570796327,1.489548971
38.750000000,-0.295150000,-0.295736443,-0.112350000,-0.090220078,0.480900000,0.481648955,-1.570796340,-1.687101989,-0.000004489,-0.063161310,1.570796327,1.495297379
38.800000000,-0.295150000,-0.272916137,-0.112350000,-0.102971344,0.480900000,0.493853944,-1.570796340,-1.687603346,-0.000004489,-0.061035844,1.570796327,1.518736338
38.850000000,-0.295150000,-0.272205309,-0.112350000,-0.106736788,0.480900000,0.488611754,-1.570796340,-1.666679572,-0.000004489,-0.045825856,1.570796327,1.562734064
38.900000000,-0.295150000,-0.275469415,-0.112350000,-0.108803389,0.480900000,0.480635185,-1.570796340,-1.659725011,-0.000004489,-0.031451924,1.570796327,1.593717968
38.950000000,-0.295150000,-0.278373763,-0.112350000,-0.108857572,0.480900000,0.478109753,-1.570796340,-1.653705612,-0.000004489,-0.024169032,1.570796327,1.607337923
39.000000000,-0.295150000,-0.281854341,-0.112350000,-0.107755404,0.480900000,0.477940126,-1.570796340,-1.647540956,-0.000004489,-0.020704242,1.570796327,1.612636079
39.050000000,-0.295150000,-0.285491852,-0.112350000,-0.106268533,0.480900000,0.478569345,-1.570796340,-1.641843539,-0.000004489,-0.019218834,1.570796327,1.614058270
39.100000000,-0.295150000,-0.288846693,-0.112350000,-0.104803540,0.480900000,0.479317633,-1.570796340,-1.637069229,-0.000004489,-0.018667653,1.570796327,1.613956750
39.150000000,-0.295150000,-0.291670586,-0.112350000,-0.103551421,0.480900000,0.479939392,-1.570796340,-1.633389934,-0.000004489,-0.018501716,1.570796327,1.613611495
39.200000000,-0.295150000,-0.293884073,-0.112350000,-0.102582357,0.480900000,0.480379381,-1.570796340,-1.630786956,-0.000004489,-0.018464422,1.570796327,1.613653851
39.250000000,-0.295150000,-0.295513947,-0.112350000,-0.101898001,0.480900000,0.480652927,-1.570796340,-1.629151351,-0.000004489,-0.018456646,1.570796327,1.614312381
39.300000000,-0.295150000,-0.296640069,-0.112350000,-0.101465329,0.480900000,0.480794777,-1.570796340,-1.628340203,-0.000004489,-0.018455035,1.570796327,1.615561063
39.350000000,-0.295150000,-0.297359604,-0.112350000,-0.101236539,0.480900000,0.480839190,-1.570796340,-1.628211926,-0.000004489,-0.018466657,1.570796327,1.617246245
39.400000000,-0.295150000,-0.297766662,-0.112350000,-0.101161663,0.480900000,0.480814067,-1.570796340,-1.628641099,-0.000004489,-0.018506333,1.570796327,1.619172352
39.450000000,-0.295150000,-0.297942648,-0.112350000,-0.101195578,0.480900000,0.480740415,-1.570796340,-1.629521896,-0.000004489,-0.018586652,1.570796327,1.621154145
39.500000000,-0.295150000,-0.297953133,-0.112350000,-0.101301156,0.480900000,0.480633471,-1.570796340,-1.630766600,-0.000004489,-0.018714634,1.570796327,1.623043615
39.550000000,-0.295150000,-0.297848277,-0.112350000,-0.101449978,0.480900000,0.480504089,-1.570796340,-1.632302519,-0.000004489,-0.018891607,1.570796327,1.624739003
39.600000000,-0.295150000,-0.297664916,-0.112350000,-0.101621680,0.480900000,0.480359948,-1.570796340,-1.634068870,-0.000004489,-0.019114386,1.570796327,1.626182823
39.650000000,-0.295150000,-0.297429180,-0.112350000,-0.101802640,0.480900000,0.480206498,-1.570796340,-1.636014187,-0.000004489,-0.019376791,1.570796327,1.627354233
39.700000000,-0.295150000,-0.297159123,-0.112350000,-0.101984395,0.480900000,0.480047658,-1.570796340,-1.638075690,-0.000004489,-0.019700982,1.570796327,1.628546508
39.750000000,-0.295150000,-0.297030396,-0.112350000,-0.102062608,0.480900000,0.479895290,-1.570796340,-1.639852889,-0.000004489,-0.018274396,1.570796327,1.626154666
39.800000000,-0.295150000,-0.295025892,-0.112350000,-0.105887513,0.480900000,0.479090532,-1.570796340,-1.644825685,-0.000004489,-0.018936682,1.570796327,1.625904285
39.850000000,-0.295150000,-0.292209019,-0.112350000,-0.108721360,0.480900000,0.479440414,-1.570796340,-1.648569633,-0.000004489,-0.018174880,1.570796327,1.630380680
39.900000000,-0.295150000,-0.291982432,-0.112350000,-0.108252971,0.480900000,0.479489602,-1.570796340,-1.649096934,-0.000004489,-0.017519831,1.570796327,1.632899110
39.950000000,-0.295150000,-0.292874508,-0.112350000,-0.106498922,0.480900000,0.479306965,-1.570796340,-1.649943064,-0.000004489,-0.017867112,1.570796327,1.630691565
40.000000000,-0.295150000,-0.294267350,-0.112350000,-0.104813854,0.480900000,0.479227549,-1.570796340,-1.656059639,-0.000004489,-0.016398157,1.570796327,1.620777341
40.050000000,-0.295150000,-0.290823766,-0.112350000,-0.105131319,0.480900000,0.479911059,-1.570796340,-1.656402576,-0.000004489,-0.017339270,1.570796327,1.598552196
40.100000000,-0.295150000,-0.290323003,-0.112350000,-0.105576545,0.480900000,0.479112954,-1.570796340,-1.656144446,-0.000004489,-0.016921204,1.570796327,1.578721359
40.150000000,-0.295150000,-0.291325611,-0.112350000,-0.105385335,0.480900000,0.478122398,-1.570796340,-1.659232703,-0.000004489,-0.015316628,1.570796327,1.564710363
40.200000000,-0.295150000,-0.290726970,-0.112350000,-0.104500051,0.480900000,0.478694672,-1.570796340,-1.659175644,-0.000004489,-0.013732725,1.570796327,1.550503753
40.250000000,-0.295150000,-0.290897120,-0.112350000,-0.103916599,0.480900000,0.478885739,-1.570796340,-1.660033918,-0.000004489,-0.012069445,1.570796327,1.541207592
40.300000000,-0.295150000,-0.291131003,-0.112350000,-0.103446724,0.480900000,0.478984565,-1.570796340,-1.661091225,-0.000004489,-0.010517847,1.570796327,1.534720681
40.350000000,-0.295150000,-0.291328215,-0.112350000,-0.103037987,0.480900000,0.478988806,-1.570796340,-1.662379110,-0.000004489,-0.009170842,1.570796327,1.530148136
40.400000000,-0.295150000,-0.291888917,-0.112350000,-0.102943453,0.480900000,0.478974424,-1.570796340,-1.663202269,-0.000004489,-0.007908828,1.570796327,1.528167861
40.450000000,-0.295150000,-0.292571945,-0.112350000,-0.103113154,0.480900000,0.478945391,-1.570796340,-1.663660992,-0.000004489,-0.006836777,1.570796327,1.529197774
40.500000000,-0.295150000,-0.292523038,-0.112350000,-0.102948579,0.480900000,0.478851234,-1.570796340,-1.664714941,-0.000004489,-0.006296019,1.570796327,1.530309144
40.550000000,-0.295150000,-0.291843545,-0.112350000,-0.102311096,0.480900000,0.478715022,-1.570796340,-1.666857763,-0.000004489,-0.006049061,1.570796327,1.527665237
40.600000000,-0.295150000,-0.293016599,-0.112350000,-0.103672157,0.480900000,0.478742456,-1.570796340,-1.666430099,-0.000004489,-0.004308743,1.570796327,1.521224065
40.650000000,-0.295150000,-0.297825396,-0.112350000,-0.108144182,0.480900000,0.479039662,-1.570796340,-1.660610199,-0.000004489,-0.001041776,1.570796327,1.534849073
40.700000000,-0.295150000,-0.304082125,-0.112350000,-0.110966437,0.480900000,0.479319197,-1.570796340,-1.654072021,-0.000004489,0.002635176,1.570796327,1.549992445
40.750000000,-0.295150000,-0.309952953,-0.112350000,-0.111441322,0.480900000,0.479452827,-1.570796340,-1.649666445,-0.000004489,0.005262070,1.570796327,1.561159925
40.800000000,-0.295150000,-0.315253119,-0.112350000,-0.109268806,0.480900000,0.479577374,-1.570796340,-1.647413445,-0.000004489,0.006710216,1.570796327,1.561702853
40.850000000,-0.295150000,-0.317815280,-0.112350000,-0.107477958,0.480900000,0.479620002,-1.570796340,-1.648251018,-0.000004489,0.007079541,1.570796327,1.554724542
40.900000000,-0.295150000,-0.317717533,-0.112350000,-0.107399777,0.480900000,0.479615400,-1.570796340,-1.650364166,-0.000004489,0.006716807,1.570796327,1.549780660
40.950000000,-0.295150000,-0.317245670,-0.112350000,-0.106498376,0.480900000,0.479503756,-1.570796340,-1.651755447,-0.000004489,0.006562728,1.570796327,1.543696042
41.000000000,-0.295150000,-0.308262155,-0.112350000,-0.105772147,0.480900000,0.479043212,-1.570796340,-1.659805008,-0.000004489,0.004259291,1.570796327,1.530493125
41.050000000,-0.295150000,-0.291947514,-0.112350000,-0.101041091,0.480900000,0.477942514,-1.570796340,-1.681943162,-0.000004489,0.000674084,1.570796327,1.498918962
41.100000000,-0.295150000,-0.276272687,-0.112350000,-0.093458210,0.480900000,0.477601860,-1.570796340,-1.688280330,-0.000004489,-0.007916952,1.570796327,1.456333469
41.150000000,-0.295150000,-0.274727150,-0.112350000,-0.086532806,0.480900000,0.475733467,-1.570796340,-1.686613411,-0.000004489,-0.014140237,1.570796327,1.434621365
41.200000000,-0.295150000,-0.279192444,-0.112350000,-0.083928055,0.480900000,0.474412074,-1.570796340,-1.682916435,-0.000004489,-0.017727721,1.570796327,1.443360944
41.250000000,-0.295150000,-0.280916610,-0.112350000,-0.085802202,0.480900000,0.475061020,-1.570796340,-1.682621671,-0.000004489,-0.019801517,1.570796327,1.469731164
41.300000000,-0.295150000,-0.281801298,-0.112350000,-0.090301824,0.480900000,0.476803809,-1.570796340,-1.676062020,-0.000004489,-0.020318692,1.570796327,1.509727365
41.350000000,-0.295150000,-0.284156395,-0.112350000,-0.094604546,0.480900000,0.477821245,-1.570796340,-1.673418087,-0.000004489,-0.018286667,1.570796327,1.548568517
41.400000000,-0.295150000,-0.283973195,-0.112350000,-0.101151437,0.480900000,0.478410141,-1.570796340,-1.674703406,-0.000004489,-0.018447146,1.570796327,1.577042669
41.450000000,-0.295150000,-0.284214798,-0.112350000,-0.106314654,0.480900000,0.479223859,-1.570796340,-1.674403581,-0.000004489,-0.016085402,1.570796327,1.604559332
41.500000000,-0.295150000,-0.286282896,-0.112350000,-0.108280519,0.480900000,0.479317881,-1.570796340,-1.675015659,-0.000004489,-0.014624401,1.570796327,1.620136096
41.550000000,-0.295150000,-0.288173181,-0.112350000,-0.108838653,0.480900000,0.479327363,-1.570796340,-1.676669053,-0.000004489,-0.013918670,1.570796327,1.625333916
41.600000000,-0.295150000,-0.289747378,-0.112350000,-0.108658327,0.480900000,0.479244625,-1.570796340,-1.678910373,-0.000004489,-0.013879016,1.570796327,1.624280381
41.650000000,-0.295150000,-0.291030641,-0.112350000,-0.108074569,0.480900000,0.479117893,-1.570796340,-1.681200445,-0.000004489,-0.014265967,1.570796327,1.620013381
41.700000000,-0.295150000,-0.292096649,-0.112350000,-0.107309461,0.480900000,0.478981380,-1.570796340,-1.682924712,-0.000004489,-0.014802143,1.570796327,1.613929744
41.750000000,-0.295150000,-0.292780271,-0.112350000,-0.106949066,0.480900000,0.478745192,-1.570796340,-1.684694642,-0.000004489,-0.015414160,1.570796327,1.609246871
41.800000000,-0.295150000,-0.293596703,-0.112350000,-0.106061000,0.480900000,0.478654188,-1.570796340,-1.685250938,-0.000004489,-0.015889978,1.570796327,1.605482277
41.850000000,-0.295150000,-0.294565286,-0.112350000,-0.105353628,0.480900000,0.478475401,-1.570796340,-1.684845670,-0.000004489,-0.016086935,1.570796327,1.601418850
41.900000000,-0.295150000,-0.295161868,-0.112350000,-0.105386317,0.480900000,0.478208892,-1.570796340,-1.684079104,-0.000004489,-0.015975824,1.570796327,1.600616820
41.950000000,-0.295150000,-0.295993834,-0.112350000,-0.105247708,0.480900000,0.477888524,-1.570796340,-1.681830080,-0.000004489,-0.015185925,1.570796327,1.602077624
42.000000000,-0.295150000,-0.297303669,-0.112350000,-0.104928358,0.480900000,0.477393544,-1.570796340,-1.677931159,-0.000004489,-0.013711562,1.570796327,1.605811538
42.050000000,-0.295150000,-0.299106635,-0.112350000,-0.104510202,0.480900000,0.476705738,-1.570796340,-1.672216487,-0.000004489,-0.011405768,1.570796327,1.611951333
42.100000000,-0.295150000,-0.301300332,-0.112350000,-0.104101595,0.480900000,0.475847618,-1.570796340,-1.664279158,-0.000004489,-0.008227546,1.570796327,1.620754057
42.150000000,-0.295150000,-0.303845923,-0.112350000,-0.103726586,0.480900000,0.474879481,-1.570796340,-1.653470752,-0.000004489,-0.004112959,1.570796327,1.632356704
42.200000000,-0.295150000,-0.306771523,-0.112350000,-0.103376448,0.480900000,0.473816119,-1.570796340,-1.639662213,-0.000004489,-0.000214232,1.570796327,1.646659970
42.250000000,-0.295150000,-0.306563263,-0.112350000,-0.101025373,0.480900000,0.475610598,-1.570796340,-1.642234611,-0.000004489,-0.017538497,1.570796327,1.648992160
42.300000000,-0.295150000,-0.297103274,-0.112350000,-0.093864471,0.480900000,0.484743935,-1.570796340,-1.633658272,-0.000004489,-0.020295695,1.570796327,1.624049558
42.350000000,-0.295150000,-0.292116096,-0.112350000,-0.096940283,0.480900000,0.482611485,-1.570796340,-1.634733562,-0.000004489,-0.029156801,1.570796327,1.625810192
42.400000000,-0.295150000,-0.288760449,-0.112350000,-0.101903227,0.480900000,0.479895203,-1.570796340,-1.641121961,-0.000004489,-0.034514468,1.570796327,1.645343209
42.450000000,-0.295150000,-0.286948141,-0.112350000,-0.105432961,0.480900000,0.478650709,-1.570796340,-1.647120372,-0.000004489,-0.035345540,1.570796327,1.665285912
42.500000000,-0.295150000,-0.286225708,-0.112350000,-0.107856249,0.480900000,0.478204113,-1.570796340,-1.651264800,-0.000004489,-0.034520979,1.570796327,1.681750227
42.550000000,-0.295150000,-0.286314243,-0.112350000,-0.109641874,0.480900000,0.477690924,-1.570796340,-1.654533435,-0.000004489,-0.032838030,1.570796327,1.686826154
42.600000000,-0.295150000,-0.281473125,-0.112350000,-0.114578644,0.480900000,0.478081526,-1.570796340,-1.658232415,-0.000004489,-0.029901121,1.570796327,1.679693290
42.650000000,-0.295150000,-0.275358006,-0.112350000,-0.121058288,0.480900000,0.478077241,-1.570796340,-1.660683402,-0.000004489,-0.026032742,1.570796327,1.671754339
42.700000000,-0.295150000,-0.270748598,-0.112350000,-0.125495838,0.480900000,0.478376841,-1.570796340,-1.660838482,-0.000004489,-0.020723603,1.570796327,1.656985537
42.750000000,-0.295150000,-0.268184036,-0.112350000,-0.127658868,0.480900000,0.478804809,-1.570796340,-1.660119263,-0.000004489,-0.014690148,1.570796327,1.634085806
42.800000000,-0.295150000,-0.267332397,-0.112350000,-0.128105258,0.480900000,0.479202926,-1.570796340,-1.659697934,-0.000004489,-0.008615553,1.570796327,1.605213645
42.850000000,-0.295150000,-0.267690046,-0.112350000,-0.127430573,0.480900000,0.479478253,-1.570796340,-1.660143370,-0.000004489,-0.002914342,1.570796327,1.573664520
42.900000000,-0.295150000,-0.268810639,-0.112350000,-0.126103785,0.480900000,0.479599622,-1.570796340,-1.661426667,-0.000004489,0.002046223,1.570796327,1.544325453
42.950000000,-0.295150000,-0.269729957,-0.112350000,-0.123481730,0.480900000,0.479514359,-1.570796340,-1.663605041,-0.000004489,0.003779814,1.570796327,1.535818500
43.000000000,-0.295150000,-0.276919118,-0.112350000,-0.116327365,0.480900000,0.479374631,-1.570796340,-1.662815204,-0.000004489,0.005933514,1.570796327,1.523038238
43.050000000,-0.295150000,-0.278867125,-0.112350000,-0.112806119,0.480900000,0.479336586,-1.570796340,-1.663340628,-0.000004489,0.006380220,1.570796327,1.516608456
43.100000000,-0.295150000,-0.278675749,-0.112350000,-0.111584538,0.480900000,0.479227111,-1.570796340,-1.663824061,-0.000004489,0.005529709,1.570796327,1.517411557
43.150000000,-0.295150000,-0.278035006,-0.112350000,-0.112378579,0.480900000,0.478119356,-1.570796340,-1.669755725,-0.000004489,0.011568833,1.570796327,1.516364221
43.200000000,-0.295150000,-0.277239319,-0.112350000,-0.113868575,0.480900000,0.477242088,-1.570796340,-1.669138784,-0.000004489,0.006722366,1.570796327,1.514634177
43.250000000,-0.295150000,-0.275975879,-0.112350000,-0.110343837,0.480900000,0.481169174,-1.570796340,-1.663889469,-0.000004489,0.007369716,1.570796327,1.493592546
43.300000000,-0.295150000,-0.276139499,-0.112350000,-0.109352127,0.480900000,0.480427197,-1.570796340,-1.665372108,-0.000004489,0.005757485,1.570796327,1.478148001
43.350000000,-0.295150000,-0.275907121,-0.112350000,-0.110340871,0.480900000,0.479445452,-1.570796340,-1.665930735,-0.000004489,0.005559584,1.570796327,1.471030782
43.400000000,-0.295150000,-0.276885963,-0.112350000,-0.111724442,0.480900000,0.479059590,-1.570796340,-1.670241580,-0.000004489,0.021530045,1.570796327,1.490134776
43.450000000,-0.295150000,-0.284794649,-0.112350000,-0.112352518,0.480900000,0.473387406,-1.570796340,-1.674058683,-0.000004489,0.023206987,1.570796327,1.527232104
43.500000000,-0.295150000,-0.289587377,-0.112350000,-0.105422253,0.480900000,0.475235051,-1.570796340,-1.674678752,-0.000004489,0.026269198,1.570796327,1.542487102
43.550000000,-0.295150000,-0.290106259,-0.112350000,-0.098084589,0.480900000,0.478728628,-1.570796340,-1.672213590,-0.000004489,0.021294242,1.570796327,1.542268089
43.600000000,-0.295150000,-0.293426037,-0.112350000,-0.089187944,0.480900000,0.479170051,-1.570796340,-1.625620294,-0.000004489,0.005309474,1.570796327,1.495763187
43.650000000,-0.295150000,-0.308070203,-0.112350000,-0.089737808,0.480900000,0.471900318,-1.570796340,-1.625120490,-0.000004489,0.005558645,1.570796327,1.469530472
43.700000000,-0.295150000,-0.301061373,-0.112350000,-0.102636888,0.480900000,0.476532905,-1.570796340,-1.622938386,-0.000004489,-0.001671776,1.570796327,1.482859932
43.750000000,-0.295150000,-0.294562431,-0.112350000,-0.106723526,0.480900000,0.483351905,-1.570796340,-1.627940397,-0.000004489,-0.001280381,1.570796327,1.483822349
43.800000000,-0.295150000,-0.289768177,-0.112350000,-0.108344764,0.480900000,0.488807184,-1.570796340,-1.642453032,-0.000004489,-0.001841442,1.570796327,1.476997029
43.850000000,-0.295150000,-0.285740720,-0.112350000,-0.109216591,0.480900000,0.493400318,-1.570796340,-1.651063637,-0.000004489,0.001815251,1.570796327,1.450976111
43.900000000,-0.295150000,-0.287972238,-0.112350000,-0.121700520,0.480900000,0.487951748,-1.570796340,-1.669862900,-0.000004489,0.004377365,1.570796327,1.453122384
43.950000000,-0.295150000,-0.286509830,-0.112350000,-0.130535174,0.480900000,0.483435602,-1.570796340,-1.675515677,-0.000004489,0.011924785,1.570796327,1.467522246
44.000000000,-0.295150000,-0.288222684,-0.112350000,-0.129270491,0.480900000,0.476779686,-1.570796340,-1.689695870,-0.000004489,0.018241645,1.570796327,1.465494644
44.050000000,-0.295150000,-0.288501286,-0.112350000,-0.121535237,0.480900000,0.474117399,-1.570796340,-1.697549400,-0.000004489,0.021282848,1.570796327,1.465178956
44.100000000,-0.295150000,-0.298588013,-0.112350000,-0.107027578,0.480900000,0.473685710,-1.570796340,-1.697903557,-0.000004489,0.021537405,1.570796327,1.446517248
44.150000000,-0.295150000,-0.300460838,-0.112350000,-0.100478544,0.480900000,0.473989338,-1.570796340,-1.698931289,-0.000004489,0.018309729,1.570796327,1.434851416
44.200000000,-0.295150000,-0.299187545,-0.112350000,-0.098542570,0.480900000,0.474528735,-1.570796340,-1.700795782,-0.000004489,0.014220331,1.570796327,1.436505296
44.250000000,-0.295150000,-0.298273619,-0.112350000,-0.098087168,0.480900000,0.475742782,-1.570796340,-1.691578907,-0.000004489,0.012469627,1.570796327,1.447890486
44.300000000,-0.295150000,-0.304243096,-0.112350000,-0.099556852,0.480900000,0.476119931,-1.570796340,-1.684197712,-0.000004489,0.011383797,1.570796327,1.472962076
44.350000000,-0.295150000,-0.309227769,-0.112350000,-0.102642013,0.480900000,0.477002299,-1.570796340,-1.675067823,-0.000004489,0.011341059,1.570796327,1.501502862
44.400000000,-0.295150000,-0.313017545,-0.112350000,-0.106102560,0.480900000,0.477639881,-1.570796340,-1.668376182,-0.000004489,0.013127662,1.570796327,1.528601605
44.450000000,-0.295150000,-0.315469014,-0.112350000,-0.109178559,0.480900000,0.476290623,-1.570796340,-1.664159082,-0.000004489,0.016752630,1.570796327,1.558850924
44.500000000,-0.295150000,-0.316073319,-0.112350000,-0.104484567,0.480900000,0.476749986,-1.570796340,-1.662494099,-0.000004489,0.006869510,1.570796327,1.565349750
44.550000000,-0.295150000,-0.316020202,-0.112350000,-0.092908622,0.480900000,0.482070115,-1.570796340,-1.659770388,-0.000004489,0.007293388,1.570796327,1.540088110
44.600000000,-0.295150000,-0.314945450,-0.112350000,-0.094256209,0.480900000,0.480149863,-1.570796340,-1.660309462,-0.000004489,-0.001507141,1.570796327,1.529784137
44.650000000,-0.295150000,-0.312945140,-0.112350000,-0.099354632,0.480900000,0.479145186,-1.570796340,-1.661926410,-0.000004489,-0.004672500,1.570796327,1.535940595
44.700000000,-0.295150000,-0.310741108,-0.112350000,-0.105069911,0.480900000,0.478667127,-1.570796340,-1.663009731,-0.000004489,-0.004217432,1.570796327,1.547163644
44.750000000,-0.295150000,-0.308405034,-0.112350000,-0.110311445,0.480900000,0.478456644,-1.570796340,-1.663607511,-0.000004489,-0.001937937,1.570796327,1.557648740
44.800000000,-0.295150000,-0.306206011,-0.112350000,-0.114111532,0.480900000,0.478370522,-1.570796340,-1.674210732,-0.000004489,-0.001591868,1.570796327,1.561109286
44.850000000,-0.295150000,-0.292652814,-0.112350000,-0.114527633,0.480900000,0.480367594,-1.570796340,-1.686844587,-0.000004489,0.004661094,1.570796327,1.541992115
44.900000000,-0.295150000,-0.293971928,-0.112350000,-0.115079419,0.480900000,0.479347571,-1.570796340,-1.657926058,-0.000004489,0.005186112,1.570796327,1.528923812
44.950000000,-0.295150000,-0.310842407,-0.112350000,-0.114129388,0.480900000,0.472373096,-1.570796340,-1.673344726,-0.000004489,0.008967451,1.570796327,1.533810686
45.000000000,-0.295150000,-0.305395653,-0.112350000,-0.111276250,0.480900000,0.473959560,-1.570796340,-1.671186837,-0.000004489,0.010640927,1.570796327,1.512045978
45.050000000,-0.295150000,-0.296362896,-0.112350000,-0.110920868,0.480900000,0.474896820,-1.570796340,-1.675770020,-0.000004489,0.010428863,1.570796327,1.493044185
45.100000000,-0.295150000,-0.275427325,-0.112350000,-0.112551367,0.480900000,0.473757292,-1.570796340,-1.693342294,-0.000004489,0.007626250,1.570796327,1.468325629
45.150000000,-0.295150000,-0.257089776,-0.112350000,-0.108371750,0.480900000,0.472491617,-1.570796340,-1.707003537,-0.000004489,0.002506992,1.570796327,1.431310972
45.200000000,-0.295150000,-0.245060351,-0.112350000,-0.098401685,0.480900000,0.472454455,-1.570796340,-1.716096702,-0.000004489,-0.008102637,1.570796327,1.368161068
45.250000000,-0.295150000,-0.247300607,-0.112350000,-0.089622201,0.480900000,0.474280525,-1.570796340,-1.713942884,-0.000004489,-0.014067504,1.570796327,1.336763822
45.300000000,-0.295150000,-0.256545987,-0.112350000,-0.085784566,0.480900000,0.476513160,-1.570796340,-1.706342877,-0.000004489,-0.014449296,1.570796327,1.347483954
45.350000000,-0.295150000,-0.266350613,-0.112350000,-0.086215558,0.480900000,0.478024575,-1.570796340,-1.697990232,-0.000004489,-0.012536837,1.570796327,1.386293949
45.400000000,-0.295150000,-0.274526836,-0.112350000,-0.088874348,0.480900000,0.478740364,-1.570796340,-1.690813150,-0.000004489,-0.010455773,1.570796327,1.437470999
45.450000000,-0.295150000,-0.280519291,-0.112350000,-0.092284280,0.480900000,0.478925746,-1.570796340,-1.685450885,-0.000004489,-0.009300873,1.570796327,1.489347046
45.500000000,-0.295150000,-0.284645904,-0.112350000,-0.095699969,0.480900000,0.478844202,-1.570796340,-1.681587136,-0.000004489,-0.009396637,1.570796327,1.536158449
45.550000000,-0.295150000,-0.287389688,-0.112350000,-0.098748322,0.480900000,0.478661260,-1.570796340,-1.678782147,-0.000004489,-0.010635183,1.570796327,1.575388012
45.600000000,-0.295150000,-0.289149382,-0.112350000,-0.101125414,0.480900000,0.478464661,-1.570796340,-1.678627665,-0.000004489,-0.008873200,1.570796327,1.601628895
45.650000000,-0.295150000,-0.287157261,-0.112350000,-0.107481909,0.480900000,0.476789468,-1.570796340,-1.679157962,-0.000004489,-0.007197716,1.570796327,1.620998131
45.700000000,-0.295150000,-0.285747896,-0.112350000,-0.112679833,0.480900000,0.476034711,-1.570796340,-1.680456282,-0.000004489,-0.005457006,1.570796327,1.639046818
45.750000000,-0.295150000,-0.284777819,-0.112350000,-0.113729147,0.480900000,0.476797137,-1.570796340,-1.678632849,-0.000004489,-0.002877237,1.570796327,1.641584010
45.800000000,-0.295150000,-0.284995423,-0.112350000,-0.112463450,0.480900000,0.477441515,-1.570796340,-1.676419831,-0.000004489,-0.001832269,1.570796327,1.636796320
45.850000000,-0.295150000,-0.285567377,-0.112350000,-0.109945190,0.480900000,0.477956379,-1.570796340,-1.675049243,-0.000004489,-0.002103045,1.570796327,1.623077380
45.900000000,-0.295150000,-0.286258751,-0.112350000,-0.108138883,0.480900000,0.478392541,-1.570796340,-1.673751176,-0.000004489,-0.002869402,1.570796327,1.611801355
45.950000000,-0.295150000,-0.287107963,-0.112350000,-0.106525776,0.480900000,0.478730430,-1.570796340,-1.672441852,-0.000004489,-0.003945190,1.570796327,1.603475741
46.000000000,-0.295150000,-0.287892740,-0.112350000,-0.104994149,0.480900000,0.479034340,-1.570796340,-1.671159972,-0.000004489,-0.005369001,1.570796327,1.597843490
46.050000000,-0.295150000,-0.288611925,-0.112350000,-0.103502589,0.480900000,0.479353283,-1.570796340,-1.669622611,-0.000004489,-0.007552117,1.570796327,1.594813001
46.100000000,-0.295150000,-0.289214170,-0.112350000,-0.101808360,0.480900000,0.479861250,-1.570796340,-1.667242899,-0.000004489,-0.011914245,1.570796327,1.594053349
46.150000000,-0.295150000,-0.289899990,-0.112350000,-0.099438944,0.480900000,0.480928274,-1.570796340,-1.663008741,-0.000004489,-0.019391978,1.570796327,1.595860181
46.200000000,-0.295150000,-0.290687096,-0.112350000,-0.094720045,0.480900000,0.482476545,-1.570796340,-1.664271633,-0.000004489,-0.022648576,1.570796327,1.590378030
46.250000000,-0.295150000,-0.286975453,-0.112350000,-0.098346714,0.480900000,0.480771159,-1.570796340,-1.665013424,-0.000004489,-0.027181113,1.570796327,1.594292869
46.300000000,-0.295150000,-0.286662312,-0.112350000,-0.102905401,0.480900000,0.479417479,-1.570796340,-1.665110775,-0.000004489,-0.027792240,1.570796327,1.612156092
46.350000000,-0.295150000,-0.288102604,-0.112350000,-0.105665381,0.480900000,0.478679523,-1.570796340,-1.662815445,-0.000004489,-0.025502635,1.570796327,1.630382683
46.400000000,-0.295150000,-0.290457681,-0.112350000,-0.106966518,0.480900000,0.478158390,-1.570796340,-1.658048460,-0.000004489,-0.021814426,1.570796327,1.646077746
46.450000000,-0.295150000,-0.293354959,-0.112350000,-0.107303120,0.480900000,0.477587531,-1.570796340,-1.653814190,-0.000004489,-0.022432142,1.570796327,1.658283079
46.500000000,-0.295150000,-0.292668791,-0.112350000,-0.105352806,0.480900000,0.479812391,-1.570796340,-1.647680355,-0.000004489,-0.025152348,1.570796327,1.661160740
46.550000000,-0.295150000,-0.291823985,-0.112350000,-0.102830836,0.480900000,0.482058394,-1.570796340,-1.639015786,-0.000004489,-0.032020587,1.570796327,1.658430927
46.600000000,-0.295150000,-0.291608339,-0.112350000,-0.100304025,0.480900000,0.483856807,-1.570796340,-1.632518790,-0.000004489,-0.035935089,1.570796327,1.650110305
46.650000000,-0.295150000,-0.286861731,-0.112350000,-0.108645682,0.480900000,0.481527751,-1.570796340,-1.634174005,-0.000004489,-0.036317094,1.570796327,1.634639291
46.700000000,-0.295150000,-0.278393294,-0.112350000,-0.121270007,0.480900000,0.479371437,-1.570796340,-1.636059531,-0.000004489,-0.034347889,1.570796327,1.650729949
46.750000000,-0.295150000,-0.276961988,-0.112350000,-0.124747704,0.480900000,0.478930046,-1.570796340,-1.635545874,-0.000004489,-0.028466044,1.570796327,1.657379347
46.800000000,-0.295150000,-0.275512502,-0.112350000,-0.124690883,0.480900000,0.479177371,-1.570796340,-1.636319532,-0.000004489,-0.021556277,1.570796327,1.644992393
46.850000000,-0.295150000,-0.273569316,-0.112350000,-0.124738094,0.480900000,0.478874065,-1.570796340,-1.638311516,-0.000004489,-0.014379435,1.570796327,1.636302886
46.900000000,-0.295150000,-0.275649209,-0.112350000,-0.121445708,0.480900000,0.478746395,-1.570796340,-1.638478395,-0.000004489,-0.009976125,1.570796327,1.625734962
46.950000000,-0.295150000,-0.278401530,-0.112350000,-0.117214064,0.480900000,0.479551419,-1.570796340,-1.637687398,-0.000004489,-0.006541848,1.570796327,1.614128871
47.000000000,-0.295150000,-0.280477401,-0.112350000,-0.114083113,0.480900000,0.480325235,-1.570796340,-1.636270074,-0.000004489,-0.004835935,1.570796327,1.605970054
47.050000000,-0.295150000,-0.281814513,-0.112350000,-0.112166752,0.480900000,0.480878603,-1.570796340,-1.634315357,-0.000004489,-0.004686840,1.570796327,1.602916454
47.100000000,-0.295150000,-0.282755555,-0.112350000,-0.110862311,0.480900000,0.481370786,-1.570796340,-1.631797800,-0.000004489,-0.005583419,1.570796327,1.603933944
47.150000000,-0.295150000,-0.283469493,-0.112350000,-0.110141019,0.480900000,0.481845016,-1.570796340,-1.628196305,-0.000004489,-0.007897483,1.570796327,1.609090279
47.200000000,-0.295150000,-0.284226055,-0.112350000,-0.109306229,0.480900000,0.482565329,-1.570796340,-1.622586969,-0.000004489,-0.012361911,1.570796327,1.617438077
47.250000000,-0.295150000,-0.284969660,-0.112350000,-0.107917648,0.480900000,0.483889517,-1.570796340,-1.618986471,-0.000004489,-0.013108025,1.570796327,1.623652482
47.300000000,-0.295150000,-0.283393472,-0.112350000,-0.112097914,0.480900000,0.482263237,-1.570796340,-1.617603999,-0.000004489,-0.015313076,1.570796327,1.627517846
47.350000000,-0.295150000,-0.278963806,-0.112350000,-0.117735301,0.480900000,0.481411028,-1.570796340,-1.617714457,-0.000004489,-0.015049899,1.570796327,1.631591945
47.400000000,-0.295150000,-0.275659591,-0.112350000,-0.121247086,0.480900000,0.481175261,-1.570796340,-1.617416156,-0.000004489,-0.013156334,1.570796327,1.633296426
47.450000000,-0.295150000,-0.273677159,-0.112350000,-0.122058517,0.480900000,0.481238543,-1.570796340,-1.617263009,-0.000004489,-0.010479622,1.570796327,1.624742595
47.500000000,-0.295150000,-0.272741735,-0.112350000,-0.122022437,0.480900000,0.481449287,-1.570796340,-1.616976764,-0.000004489,-0.007712892,1.570796327,1.611121825
47.550000000,-0.295150000,-0.271124114,-0.112350000,-0.121746250,0.480900000,0.482151095,-1.570796340,-1.628174912,-0.000004489,-0.013068272,1.570796327,1.589442316
47.600000000,-0.295150000,-0.269470485,-0.112350000,-0.122624529,0.480900000,0.484294613,-1.570796340,-1.630617130,-0.000004489,-0.012448411,1.570796327,1.572391460
47.650000000,-0.295150000,-0.274692911,-0.112350000,-0.122164447,0.480900000,0.484303545,-1.570796340,-1.635653971,-0.000004489,-0.014156236,1.570796327,1.555662270
47.700000000,-0.295150000,-0.279862068,-0.112350000,-0.121806695,0.480900000,0.483482413,-1.570796340,-1.639998866,-0.000004489,-0.014400151,1.570796327,1.543910103
47.750000000,-0.295150000,-0.284280919,-0.112350000,-0.120153970,0.480900000,0.482354029,-1.570796340,-1.636297547,-0.000004489,-0.012158554,1.570796327,1.534809632
47.800000000,-0.295150000,-0.292153319,-0.112350000,-0.115510702,0.480900000,0.478583509,-1.570796340,-1.614935798,-0.000004489,-0.007440820,1.570796327,1.521065376
47.850000000,-0.295150000,-0.298949030,-0.112350000,-0.112640128,0.480900000,0.473427677,-1.570796340,-1.613792355,-0.000004489,0.014530901,1.570796327,1.528412835
47.900000000,-0.295150000,-0.302451344,-0.112350000,-0.117602198,0.480900000,0.468474585,-1.570796340,-1.613972599,-0.000004489,0.036735831,1.570796327,1.545778949
47.950000000,-0.295150000,-0.304298148,-0.112350000,-0.122930731,0.480900000,0.468065944,-1.570796340,-1.620305743,-0.000004489,0.034728002,1.570796327,1.569504677
48.000000000,-0.295150000,-0.287409165,-0.112350000,-0.116306658,0.480900000,0.482328546,-1.570796340,-1.618865802,-0.000004489,0.041351366,1.570796327,1.569704965
48.050000000,-0.295150000,-0.272971519,-0.112350000,-0.110695152,0.480900000,0.491890170,-1.570796340,-1.612059585,-0.000004489,0.033120261,1.570796327,1.542388761
48.100000000,-0.295150000,-0.265973131,-0.112350000,-0.110277573,0.480900000,0.492417640,-1.570796340,-1.613727464,-0.000004489,0.013745200,1.570796327,1.506219659
48.150000000,-0.295150000,-0.258539598,-0.112350000,-0.114572940,0.480900000,0.495700767,-1.570796340,-1.613924374,-0.000004489,0.008761795,1.570796327,1.493012298
48.200000000,-0.295150000,-0.268975687,-0.112350000,-0.116861064,0.480900000,0.484757931,-1.570796340,-1.618442809,-0.000004489,-0.001900467,1.570796327,1.493064495
48.250000000,-0.295150000,-0.275772618,-0.112350000,-0.116593771,0.480900000,0.480078677,-1.570796340,-1.625299819,-0.000004489,-0.003379940,1.570796327,1.496778116
48.300000000,-0.295150000,-0.280124873,-0.112350000,-0.115649732,0.480900000,0.478434514,-1.570796340,-1.630129886,-0.000004489,-0.001994309,1.570796327,1.512133643
48.350000000,-0.295150000,-0.287116383,-0.112350000,-0.114792524,0.480900000,0.476598891,-1.570796340,-1.631587124,-0.000004489,-0.001571491,1.570796327,1.519819606
48.400000000,-0.295150000,-0.287474256,-0.112350000,-0.119929578,0.480900000,0.479923324,-1.570796340,-1.632267075,-0.000004489,0.003971197,1.570796327,1.537303643
48.450000000,-0.295150000,-0.287671903,-0.112350000,-0.123670184,0.480900000,0.479434311,-1.570796340,-1.632565927,-0.000004489,0.005201802,1.570796327,1.555277482
48.500000000,-0.295150000,-0.286372191,-0.112350000,-0.123082158,0.480900000,0.479284657,-1.570796340,-1.634606464,-0.000004489,0.006335199,1.570796327,1.559421888
48.550000000,-0.295150000,-0.285043989,-0.112350000,-0.121127792,0.480900000,0.479316587,-1.570796340,-1.626760045,-0.000004489,0.007514385,1.570796327,1.542354189
48.600000000,-0.295150000,-0.291278030,-0.112350000,-0.120922942,0.480900000,0.472859310,-1.570796340,-1.619684404,-0.000004489,0.011495589,1.570796327,1.540659661
48.650000000,-0.295150000,-0.298531281,-0.112350000,-0.119326425,0.480900000,0.472300224,-1.570796340,-1.614702143,-0.000004489,0.011734932,1.570796327,1.542941421
48.700000000,-0.295150000,-0.299126487,-0.112350000,-0.117858912,0.480900000,0.475681530,-1.570796340,-1.616364920,-0.000004489,0.017144280,1.570796327,1.544799071
48.750000000,-0.295150000,-0.293095224,-0.112350000,-0.115552179,0.480900000,0.481053544,-1.570796340,-1.627058244,-0.000004489,0.006507643,1.570796327,1.543528683
48.800000000,-0.295150000,-0.282606986,-0.112350000,-0.112814698,0.480900000,0.488014162,-1.570796340,-1.638245469,-0.000004489,0.003587553,1.570796327,1.535010714
48.850000000,-0.295150000,-0.276130430,-0.112350000,-0.115436293,0.480900000,0.492012581,-1.570796340,-1.651631403,-0.000004489,0.006404672,1.570796327,1.544037207
48.900000000,-0.295150000,-0.282247869,-0.112350000,-0.117709991,0.480900000,0.486054594,-1.570796340,-1.652187836,-0.000004489,-0.001141092,1.570796327,1.561581651
48.950000000,-0.295150000,-0.284048469,-0.112350000,-0.114647745,0.480900000,0.480089327,-1.570796340,-1.653938226,-0.000004489,0.001613360,1.570796327,1.562482868
49.000000000,-0.295150000,-0.283062557,-0.112350000,-0.113970408,0.480900000,0.477832447,-1.570796340,-1.654967490,-0.000004489,0.002209023,1.570796327,1.558785123
49.050000000,-0.295150000,-0.281646778,-0.112350000,-0.113810260,0.480900000,0.477350782,-1.570796340,-1.652441491,-0.000004489,0.002640189,1.570796327,1.552261056
49.100000000,-0.295150000,-0.283201102,-0.112350000,-0.112721564,0.480900000,0.475402147,-1.570796340,-1.653612524,-0.000004489,0.001180616,1.570796327,1.546982119
49.150000000,-0.295150000,-0.279866489,-0.112350000,-0.110705949,0.480900000,0.479976229,-1.570796340,-1.651563146,-0.000004489,0.002633239,1.570796327,1.536658899
49.200000000,-0.295150000,-0.280185906,-0.112350000,-0.109840416,0.480900000,0.479456098,-1.570796340,-1.650189496,-0.000004489,0.001711785,1.570796327,1.526368530
49.250000000,-0.295150000,-0.279973317,-0.112350000,-0.109984022,0.480900000,0.479415631,-1.570796340,-1.649405490,-0.000004489,0.001637664,1.570796327,1.519333582
49.300000000,-0.295150000,-0.280002622,-0.112350000,-0.110384988,0.480900000,0.479559485,-1.570796340,-1.648756023,-0.000004489,0.002158630,1.570796327,1.514911423
49.350000000,-0.295150000,-0.280256250,-0.112350000,-0.110767362,0.480900000,0.479730885,-1.570796340,-1.648336461,-0.000004489,0.002981850,1.570796327,1.512026151
49.400000000,-0.295150000,-0.280653898,-0.112350000,-0.111072358,0.480900000,0.479866705,-1.570796340,-1.648124685,-0.000004489,0.004042211,1.570796327,1.509200486
49.450000000,-0.295150000,-0.287017125,-0.112350000,-0.111224295,0.480900000,0.480172901,-1.570796340,-1.645453620,-0.000004489,0.005920194,1.570796327,1.504764719
49.500000000,-0.295150000,-0.298931870,-0.112350000,-0.113342902,0.480900000,0.480550619,-1.570796340,-1.639549516,-0.000004489,0.008794923,1.570796327,1.510760400
49.550000000,-0.295150000,-0.307371971,-0.112350000,-0.115821567,0.480900000,0.480517771,-1.570796340,-1.638630383,-0.000004489,0.011064435,1.570796327,1.517179470
49.600000000,-0.295150000,-0.306008219,-0.112350000,-0.117030909,0.480900000,0.479861329,-1.570796340,-1.644614930,-0.000004489,0.012632427,1.570796327,1.512298925
49.650000000,-0.295150000,-0.299584772,-0.112350000,-0.116029396,0.480900000,0.479109703,-1.570796340,-1.652389860,-0.000004489,0.013061900,1.570796327,1.500320218
49.700000000,-0.295150000,-0.293376499,-0.112350000,-0.113177112,0.480900000,0.478458114,-1.570796340,-1.658633779,-0.000004489,0.012716987,1.570796327,1.484499324
49.750000000,-0.295150000,-0.288024763,-0.112350000,-0.110398436,0.480900000,0.477992865,-1.570796340,-1.663447436,-0.000004489,0.012087123,1.570796327,1.467817712
49.800000000,-0.295150000,-0.283716984,-0.112350000,-0.109536682,0.480900000,0.477770601,-1.570796340,-1.666543140,-0.000004489,0.011621102,1.570796327,1.456634991
49.850000000,-0.295150000,-0.280909183,-0.112350000,-0.109734208,0.480900000,0.477767023,-1.570796340,-1.668254129,-0.000004489,0.011748840,1.570796327,1.452165423
49.900000000,-0.295150000,-0.279356289,-0.112350000,-0.110243423,0.480900000,0.477879807,-1.570796340,-1.669332726,-0.000004489,0.012389980,1.570796327,1.451730523
49.950000000,-0.295150000,-0.278611635,-0.112350000,-0.110897222,0.480900000,0.478021428,-1.570796340,-1.678146852,-0.000004489,0.011475413,1.570796327,1.443747046
50.000000000,-0.295150000,-0.275109640,-0.112350000,-0.114993935,0.480900000,0.479581864,-1.570796340,-1.678788770,-0.000004489,0.014760137,1.570796327,1.435897831
50.050000000,-0.295150000,-0.279368568,-0.112350000,-0.118947646,0.480900000,0.479479261,-1.570796340,-1.682313569,-0.000004489,0.020965137,1.570796327,1.431577742
50.100000000,-0.295150000,-0.283836352,-0.112350000,-0.123167891,0.480900000,0.479480330,-1.570796340,-1.689346025,-0.000004489,0.029945370,1.570796327,1.428440096
50.150000000,-0.295150000,-0.287360396,-0.112350000,-0.125376057,0.480900000,0.479635613,-1.570796340,-1.695840720,-0.000004489,0.031747577,1.570796327,1.418944912
50.200000000,-0.295150000,-0.288804377,-0.112350000,-0.120533274,0.480900000,0.483566890,-1.570796340,-1.704196592,-0.000004489,0.029156299,1.570796327,1.386673603
50.250000000,-0.295150000,-0.285374039,-0.112350000,-0.115527781,0.480900000,0.485508270,-1.570796340,-1.727979175,-0.000004489,0.029818973,1.570796327,1.368172909
50.300000000,-0.295150000,-0.277439351,-0.112350000,-0.108414815,0.480900000,0.491261738,-1.570796340,-1.767769771,-0.000004489,0.019400521,1.570796327,1.356342879
50.350000000,-0.295150000,-0.263984287,-0.112350000,-0.101495843,0.480900000,0.504988128,-1.570796340,-1.821246826,-0.000004489,0.003980139,1.570796327,1.342307333
50.400000000,-0.295150000,-0.248083906,-0.112350000,-0.098553568,0.480900000,0.525052127,-1.570796340,-1.836136241,-0.000004489,-0.031158895,1.570796327,1.350618410
50.450000000,-0.295150000,-0.267985730,-0.112350000,-0.077441065,0.480900000,0.511623129,-1.570796340,-1.837271367,-0.000004489,-0.069425328,1.570796327,1.323390621
50.500000000,-0.295150000,-0.287249385,-0.112350000,-0.067831866,0.480900000,0.500929907,-1.570796340,-1.858620958,-0.000004489,-0.107685195,1.570796327,1.340728162
50.550000000,-0.295150000,-0.302553383,-0.112350000,-0.066338753,0.480900000,0.496139872,-1.570796340,-1.877765448,-0.000004489,-0.135762062,1.570796327,1.396664385
50.600000000,-0.295150000,-0.314269037,-0.112350000,-0.068347564,0.480900000,0.495462788,-1.570796340,-1.888332814,-0.000004489,-0.148440508,1.570796327,1.470702901
50.650000000,-0.295150000,-0.329944281,-0.112350000,-0.076421773,0.480900000,0.490452954,-1.570796340,-1.863692291,-0.000004489,-0.126163242,1.570796327,1.557587791
50.700000000,-0.295150000,-0.353337715,-0.112350000,-0.091905394,0.480900000,0.474597284,-1.570796340,-1.866310941,-0.000004489,-0.102374947,1.570796327,1.679320951
50.750000000,-0.295150000,-0.355867897,-0.112350000,-0.098336705,0.480900000,0.474915017,-1.570796340,-1.851534717,-0.000004489,-0.076883140,1.570796327,1.762338251
50.800000000,-0.295150000,-0.356338185,-0.112350000,-0.102822741,0.480900000,0.477983870,-1.570796340,-1.809891352,-0.000004489,-0.057129119,1.570796327,1.815177164
50.850000000,-0.295150000,-0.364374055,-0.112350000,-0.109752942,0.480900000,0.475027927,-1.570796340,-1.749650542,-0.000004489,-0.040136022,1.570796327,1.859210982
50.900000000,-0.295150000,-0.377312710,-0.112350000,-0.116707177,0.480900000,0.467906387,-1.570796340,-1.678627503,-0.000004489,-0.024209030,1.570796327,1.894562900
50.950000000,-0.295150000,-0.389013818,-0.112350000,-0.122849144,0.480900000,0.462076308,-1.570796340,-1.588695120,-0.000004489,-0.014773194,1.570796327,1.923781825
51.000000000,-0.295150000,-0.402823580,-0.112350000,-0.119704474,0.480900000,0.457377544,-1.570796340,-1.538013169,-0.000004489,0.016687396,1.570796327,1.937105386
51.050000000,-0.295150000,-0.377512816,-0.112350000,-0.127719956,0.480900000,0.480364072,-1.570796340,-1.532769399,-0.000004489,0.032048289,1.570796327,1.925923971
51.100000000,-0.295150000,-0.335838275,-0.112350000,-0.127626262,0.480900000,0.503762194,-1.570796340,-1.448432707,-0.000004489,0.062402287,1.570796327,1.902052348
51.150000000,-0.295150000,-0.326220813,-0.112350000,-0.120593762,0.480900000,0.510830314,-1.570796340,-1.438441435,-0.000004489,0.081375271,1.570796327,1.868926296
51.200000000,-0.295150000,-0.325774405,-0.112350000,-0.119558448,0.480900000,0.512144162,-1.570796340,-1.452128680,-0.000004489,0.081205121,1.570796327,1.832727295
51.250000000,-0.295150000,-0.328101196,-0.112350000,-0.118652719,0.480900000,0.510757481,-1.570796340,-1.470831523,-0.000004489,0.067163815,1.570796327,1.786011451
51.300000000,-0.295150000,-0.333551004,-0.112350000,-0.115392656,0.480900000,0.506309586,-1.570796340,-1.492490328,-0.000004489,0.056009246,1.570796327,1.746113567
51.350000000,-0.295150000,-0.344897867,-0.112350000,-0.110699025,0.480900000,0.499685259,-1.570796340,-1.511345183,-0.000004489,0.038756731,1.570796327,1.704903164
51.400000000,-0.295150000,-0.347168925,-0.112350000,-0.109267037,0.480900000,0.495491440,-1.570796340,-1.534627876,-0.000004489,0.025729448,1.570796327,1.654113178
51.450000000,-0.295150000,-0.338264181,-0.112350000,-0.115366340,0.480900000,0.492609861,-1.570796340,-1.556332283,-0.000004489,0.015531656,1.570796327,1.613277360
51.500000000,-0.295150000,-0.328647840,-0.112350000,-0.117978073,0.480900000,0.490557754,-1.570796340,-1.569011048,-0.000004489,0.006944331,1.570796327,1.577606515
51.550000000,-0.295150000,-0.321441308,-0.112350000,-0.117474175,0.480900000,0.488974330,-1.570796340,-1.576084435,-0.000004489,0.000540627,1.570796327,1.543606687
51.600000000,-0.295150000,-0.316567094,-0.112350000,-0.115839956,0.480900000,0.487747956,-1.570796340,-1.580358386,-0.000004489,-0.003792801,1.570796327,1.513290288
51.650000000,-0.295150000,-0.313487260,-0.112350000,-0.114106849,0.480900000,0.486824565,-1.570796340,-1.583162694,-0.000004489,-0.006504966,1.570796327,1.488476449
51.700000000,-0.295150000,-0.311614184,-0.112350000,-0.112791198,0.480900000,0.486145769,-1.570796340,-1.585044650,-0.000004489,-0.008189091,1.570796327,1.468344763
51.750000000,-0.295150000,-0.310406082,-0.112350000,-0.112181532,0.480900000,0.485654729,-1.570796340,-1.586403089,-0.000004489,-0.009099102,1.570796327,1.454050478
51.800000000,-0.295150000,-0.309864679,-0.112350000,-0.111849254,0.480900000,0.485302625,-1.570796340,-1.587391607,-0.000004489,-0.009613182,1.570796327,1.443611874
51.850000000,-0.295150000,-0.310683690,-0.112350000,-0.111913019,0.480900000,0.485102738,-1.570796340,-1.587671021,-0.000004489,-0.009957606,1.570796327,1.436162324
51.900000000,-0.295150000,-0.312194259,-0.112350000,-0.112526909,0.480900000,0.485006441,-1.570796340,-1.588114694,-0.000004489,-0.010108197,1.570796327,1.433005230
51.950000000,-0.295150000,-0.313230298,-0.112350000,-0.112893644,0.480900000,0.484909602,-1.570796340,-1.589567017,-0.000004489,-0.010127253,1.570796327,1.431956821
52.000000000,-0.295150000,-0.313582049,-0.112350000,-0.112971693,0.480900000,0.484768190,-1.570796340,-1.591747925,-0.000004489,-0.010145743,1.570796327,1.429834713
52.050000000,-0.295150000,-0.313784276,-0.112350000,-0.113086085,0.480900000,0.484614319,-1.570796340,-1.594039191,-0.000004489,-0.010017321,1.570796327,1.428513948
52.100000000,-0.295150000,-0.315229851,-0.112350000,-0.113650285,0.480900000,0.484525048,-1.570796340,-1.595801809,-0.000004489,-0.009754675,1.570796327,1.429776995
52.150000000,-0.295150000,-0.317096479,-0.112350000,-0.114850848,0.480900000,0.484477450,-1.570796340,-1.597858895,-0.000004489,-0.009402339,1.570796327,1.433913508
52.200000000,-0.295150000,-0.317991966,-0.112350000,-0.115842154,0.480900000,0.484396390,-1.570796340,-1.600722276,-0.000004489,-0.008979072,1.570796327,1.438605841
52.250000000,-0.295150000,-0.317941856,-0.112350000,-0.116269642,0.480900000,0.484252979,-1.570796340,-1.604036857,-0.000004489,-0.008540208,1.570796327,1.441801127
52.300000000,-0.295150000,-0.317333336,-0.112350000,-0.116239494,0.480900000,0.484043051,-1.570796340,-1.607413473,-0.000004489,-0.008113877,1.570796327,1.442974523
52.350000000,-0.295150000,-0.316452824,-0.112350000,-0.116041040,0.480900000,0.483778697,-1.570796340,-1.610668361,-0.000004489,-0.007701670,1.570796327,1.442600890
52.400000000,-0.295150000,-0.315533044,-0.112350000,-0.115869660,0.480900000,0.483486256,-1.570796340,-1.616252702,-0.000004489,-0.006822199,1.570796327,1.444131302
52.450000000,-0.295150000,-0.313778999,-0.112350000,-0.114290246,0.480900000,0.483863625,-1.570796340,-1.622729459,-0.000004489,-0.008004960,1.570796327,1.447968216
52.500000000,-0.295150000,-0.313378546,-0.112350000,-0.112001469,0.480900000,0.484180102,-1.570796340,-1.626303784,-0.000004489,-0.007736426,1.570796327,1.446125014
52.550000000,-0.295150000,-0.314334965,-0.112350000,-0.112002653,0.480900000,0.483665021,-1.570796340,-1.630903443,-0.000004489,-0.007869967,1.570796327,1.449311885
52.600000000,-0.295150000,-0.315071444,-0.112350000,-0.113064650,0.480900000,0.483170597,-1.570796340,-1.635016678,-0.000004489,-0.007404556,1.570796327,1.455422864
52.650000000,-0.295150000,-0.315432887,-0.112350000,-0.114465199,0.480900000,0.482760183,-1.570796340,-1.638218461,-0.000004489,-0.006610234,1.570796327,1.462206664
52.700000000,-0.295150000,-0.315498694,-0.112350000,-0.115948847,0.480900000,0.482438989,-1.570796340,-1.640322531,-0.000004489,-0.005663800,1.570796327,1.468559736
52.750000000,-0.295150000,-0.315361858,-0.112350000,-0.117288508,0.480900000,0.482194142,-1.570796340,-1.641358644,-0.000004489,-0.004737423,1.570796327,1.473491801
52.800000000,-0.295150000,-0.315175604,-0.112350000,-0.118446212,0.480900000,0.481984036,-1.570796340,-1.641396119,-0.000004489,-0.003878740,1.570796327,1.477322443
52.850000000,-0.295150000,-0.315297682,-0.112350000,-0.119239841,0.480900000,0.481743926,-1.570796340,-1.638136020,-0.000004489,-0.003154020,1.570796327,1.479141799
52.900000000,-0.295150000,-0.316459172,-0.112350000,-0.119801914,0.480900000,0.480984266,-1.570796340,-1.630747457,-0.000004489,-0.002776265,1.570796327,1.479487793
52.950000000,-0.295150000,-0.319100547,-0.112350000,-0.119821477,0.480900000,0.479641175,-1.570796340,-1.617783157,-0.000004489,-0.002918361,1.570796327,1.478963851
53.000000000,-0.295150000,-0.320168906,-0.112350000,-0.119126667,0.480900000,0.479114607,-1.570796340,-1.623491707,-0.000004489,-0.002484710,1.570796327,1.476512269
53.050000000,-0.295150000,-0.314721606,-0.112350000,-0.118211170,0.480900000,0.481430278,-1.570796340,-1.619010801,-0.000004489,-0.003178142,1.570796327,1.469832053
53.100000000,-0.295150000,-0.312696616,-0.112350000,-0.118245400,0.480900000,0.481936151,-1.570796340,-1.618704017,-0.000004489,-0.003676742,1.570796327,1.466675143
53.150000000,-0.295150000,-0.306555044,-0.112350000,-0.119178839,0.480900000,0.482213675,-1.570796340,-1.623178118,-0.000004489,-0.004352147,1.570796327,1.458466748
53.200000000,-0.295150000,-0.299001679,-0.112350000,-0.119827307,0.480900000,0.481523899,-1.570796340,-1.628959271,-0.000004489,-0.004640092,1.570796327,1.448659674
53.250000000,-0.295150000,-0.293030347,-0.112350000,-0.119754161,0.480900000,0.480887037,-1.570796340,-1.632730978,-0.000004489,-0.004439114,1.570796327,1.440183871
53.300000000,-0.295150000,-0.289253775,-0.112350000,-0.119034965,0.480900000,0.480498648,-1.570796340,-1.635025747,-0.000004489,-0.003446695,1.570796327,1.437975267
53.350000000,-0.295150000,-0.287509917,-0.112350000,-0.117150570,0.480900000,0.480371493,-1.570796340,-1.635790888,-0.000004489,-0.002361399,1.570796327,1.435936222
53.400000000,-0.295150000,-0.286856987,-0.112350000,-0.115857128,0.480900000,0.480436196,-1.570796340,-1.636096244,-0.000004489,-0.000870821,1.570796327,1.440692517
53.450000000,-0.295150000,-0.287295827,-0.112350000,-0.114665717,0.480900000,0.480642821,-1.570796340,-1.635637765,-0.000004489,0.000668186,1.570796327,1.450303849
53.500000000,-0.295150000,-0.288130813,-0.112350000,-0.114133258,0.480900000,0.480889212,-1.570796340,-1.635094144,-0.000004489,0.002144027,1.570796327,1.464773889
53.550000000,-0.295150000,-0.289076680,-0.112350000,-0.114248055,0.480900000,0.481120266,-1.570796340,-1.634686247,-0.000004489,0.003458224,1.570796327,1.483163378
53.600000000,-0.295150000,-0.289131419,-0.112350000,-0.115180368,0.480900000,0.480345265,-1.570796340,-1.643880597,-0.000004489,0.019847911,1.570796327,1.525158135
53.650000000,-0.295150000,-0.290797602,-0.112350000,-0.111639714,0.480900000,0.480854637,-1.570796340,-1.645580750,-0.000004489,0.020687158,1.570796327,1.556711544
53.700000000,-0.295150000,-0.297211523,-0.112350000,-0.108765986,0.480900000,0.481372586,-1.570796340,-1.623866508,-0.000004489,0.023161787,1.570796327,1.579090455
53.750000000,-0.295150000,-0.308725602,-0.112350000,-0.110175539,0.480900000,0.477932059,-1.570796340,-1.635927257,-0.000004489,0.013099943,1.570796327,1.608348498
53.800000000,-0.295150000,-0.304556532,-0.112350000,-0.107779800,0.480900000,0.481381328,-1.570796340,-1.637314187,-0.000004489,0.006438519,1.570796327,1.613669785
53.850000000,-0.295150000,-0.300699470,-0.112350000,-0.105394556,0.480900000,0.485912213,-1.570796340,-1.629238328,-0.000004489,0.004271291,1.570796327,1.613727658
53.900000000,-0.295150000,-0.298747399,-0.112350000,-0.111043626,0.480900000,0.482968399,-1.570796340,-1.632098281,-0.000004489,-0.001522968,1.570796327,1.635033404
53.950000000,-0.295150000,-0.297287995,-0.112350000,-0.115960423,0.480900000,0.481577071,-1.570796340,-1.644064321,-0.000004489,-0.002506272,1.570796327,1.661274321
54.000000000,-0.295150000,-0.292843365,-0.112350000,-0.117484901,0.480900000,0.482224813,-1.570796340,-1.641715728,-0.000004489,-0.018063027,1.570796327,1.676237284
54.050000000,-0.295150000,-0.309687923,-0.112350000,-0.115742989,0.480900000,0.472133567,-1.570796340,-1.635229590,-0.000004489,-0.014265385,1.570796327,1.677691304
54.100000000,-0.295150000,-0.310165018,-0.112350000,-0.127490924,0.480900000,0.470410367,-1.570796340,-1.643073875,-0.000004489,-0.010804339,1.570796327,1.698637583
54.150000000,-0.295150000,-0.302065622,-0.112350000,-0.135991771,0.480900000,0.481385806,-1.570796340,-1.655197062,-0.000004489,0.004297727,1.570796327,1.724618184
54.200000000,-0.295150000,-0.290867325,-0.112350000,-0.135088582,0.480900000,0.492187433,-1.570796340,-1.643555440,-0.000004489,-0.001318439,1.570796327,1.728016382
54.250000000,-0.295150000,-0.294947430,-0.112350000,-0.128040585,0.480900000,0.483823450,-1.570796340,-1.639338726,-0.000004489,0.009648789,1.570796327,1.703415353
54.300000000,-0.295150000,-0.296530755,-0.112350000,-0.124813584,0.480900000,0.480447133,-1.570796340,-1.639365834,-0.000004489,0.011125734,1.570796327,1.676102546
54.350000000,-0.295150000,-0.297548836,-0.112350000,-0.123150314,0.480900000,0.479314548,-1.570796340,-1.648142534,-0.000004489,0.008600576,1.570796327,1.648495454
54.400000000,-0.295150000,-0.290474848,-0.112350000,-0.123928369,0.480900000,0.481184259,-1.570796340,-1.668865969,-0.000004489,0.014061006,1.570796327,1.611731558
54.450000000,-0.295150000,-0.285700683,-0.112350000,-0.129336150,0.480900000,0.485954161,-1.570796340,-1.654911234,-0.000004489,0.006100168,1.570796327,1.616026561
54.500000000,-0.295150000,-0.305457633,-0.112350000,-0.127401120,0.480900000,0.479412798,-1.570796340,-1.625976020,-0.000004489,0.000390821,1.570796327,1.619457713
54.550000000,-0.295150000,-0.321532635,-0.112350000,-0.125905209,0.480900000,0.471853224,-1.570796340,-1.644786295,-0.000004489,0.005874538,1.570796327,1.608760461
54.600000000,-0.295150000,-0.309376527,-0.112350000,-0.123146517,0.480900000,0.476006059,-1.570796340,-1.633017827,-0.000004489,-0.002883651,1.570796327,1.578893381
54.650000000,-0.295150000,-0.304392879,-0.112350000,-0.119894829,0.480900000,0.478364963,-1.570796340,-1.625443235,-0.000004489,-0.006284065,1.570796327,1.558591299
54.700000000,-0.295150000,-0.302259180,-0.112350000,-0.118352733,0.480900000,0.479733135,-1.570796340,-1.619153590,-0.000004489,0.005518394,1.570796327,1.554309953
54.750000000,-0.295150000,-0.304309880,-0.112350000,-0.121485346,0.480900000,0.474104880,-1.570796340,-1.614574538,-0.000004489,0.003549552,1.570796327,1.585654296
54.800000000,-0.295150000,-0.314963494,-0.112350000,-0.111668535,0.480900000,0.471209039,-1.570796340,-1.609432673,-0.000004489,-0.021254364,1.570796327,1.566676750
54.850000000,-0.295150000,-0.313471807,-0.112350000,-0.110932199,0.480900000,0.475516561,-1.570796340,-1.619663860,-0.000004489,-0.012564360,1.570796327,1.531506160
54.900000000,-0.295150000,-0.300601714,-0.112350000,-0.118969571,0.480900000,0.486787797,-1.570796340,-1.629635941,-0.000004489,-0.021512575,1.570796327,1.530138446
54.950000000,-0.295150000,-0.295356804,-0.112350000,-0.122388604,0.480900000,0.489482747,-1.570796340,-1.626202401,-0.000004489,-0.021687166,1.570796327,1.534885797
55.000000000,-0.295150000,-0.299014138,-0.112350000,-0.127448135,0.480900000,0.485783729,-1.570796340,-1.621376486,-0.000004489,-0.000695417,1.570796327,1.561436991
55.050000000,-0.295150000,-0.302290832,-0.112350000,-0.132187988,0.480900000,0.488449114,-1.570796340,-1.629633948,-0.000004489,-0.007094941,1.570796327,1.586705227
55.100000000,-0.295150000,-0.302792220,-0.112350000,-0.125210165,0.480900000,0.482577079,-1.570796340,-1.626526975,-0.000004489,0.004401825,1.570796327,1.570373431
55.150000000,-0.295150000,-0.300855441,-0.112350000,-0.121536562,0.480900000,0.480696961,-1.570796340,-1.639656330,-0.000004489,0.026722694,1.570796327,1.547258758
55.200000000,-0.295150000,-0.298205133,-0.112350000,-0.123817475,0.480900000,0.477668664,-1.570796340,-1.645396311,-0.000004489,0.024830872,1.570796327,1.562470216
55.250000000,-0.295150000,-0.304261228,-0.112350000,-0.113346030,0.480900000,0.488268098,-1.570796340,-1.626084935,-0.000004489,0.017594346,1.570796327,1.548587912
55.300000000,-0.295150000,-0.318416395,-0.112350000,-0.115008944,0.480900000,0.478706683,-1.570796340,-1.623750586,-0.000004489,0.007355179,1.570796327,1.550568484
55.350000000,-0.295150000,-0.320391460,-0.112350000,-0.114678736,0.480900000,0.477060797,-1.570796340,-1.621693229,-0.000004489,0.005360703,1.570796327,1.544992214
55.400000000,-0.295150000,-0.306708579,-0.112350000,-0.119289836,0.480900000,0.479401904,-1.570796340,-1.637957844,-0.000004489,-0.004742599,1.570796327,1.564901265
55.450000000,-0.295150000,-0.296696972,-0.112350000,-0.116769754,0.480900000,0.482138718,-1.570796340,-1.600437666,-0.000004489,0.012480498,1.570796327,1.581524242
55.500000000,-0.295150000,-0.312087733,-0.112350000,-0.125919805,0.480900000,0.472256828,-1.570796340,-1.597099915,-0.000004489,-0.021659170,1.570796327,1.660883285
55.550000000,-0.295150000,-0.321380057,-0.112350000,-0.116078550,0.480900000,0.465747093,-1.570796340,-1.594800208,-0.000004489,0.000769607,1.570796327,1.663609450
55.600000000,-0.295150000,-0.306655260,-0.112350000,-0.126360475,0.480900000,0.474156136,-1.570796340,-1.602113651,-0.000004489,0.003438211,1.570796327,1.680661478
55.650000000,-0.295150000,-0.287919489,-0.112350000,-0.127038547,0.480900000,0.492413942,-1.570796340,-1.645272630,-0.000004489,0.002565265,1.570796327,1.704619417
55.700000000,-0.295150000,-0.279008821,-0.112350000,-0.116320322,0.480900000,0.502511309,-1.570796340,-1.609726311,-0.000004489,0.001019297,1.570796327,1.704726365
55.750000000,-0.295150000,-0.300983551,-0.112350000,-0.117264180,0.480900000,0.482737853,-1.570796340,-1.632237963,-0.000004489,0.015415467,1.570796327,1.753606858
55.800000000,-0.295150000,-0.297510039,-0.112350000,-0.122341593,0.480900000,0.477842854,-1.570796340,-1.639679505,-0.000004489,0.012990446,1.570796327,1.773704351
55.850000000,-0.295150000,-0.295546335,-0.112350000,-0.125871625,0.480900000,0.476612751,-1.570796340,-1.646231711,-0.000004489,0.012570218,1.570796327,1.786721682
55.900000000,-0.295150000,-0.291516375,-0.112350000,-0.129734112,0.480900000,0.477802488,-1.570796340,-1.643927455,-0.000004489,0.007120214,1.570796327,1.778710494
55.950000000,-0.295150000,-0.294096557,-0.112350000,-0.132439527,0.480900000,0.477272008,-1.570796340,-1.647280124,-0.000004489,0.008700999,1.570796327,1.779192528
56.000000000,-0.295150000,-0.294070193,-0.112350000,-0.131904235,0.480900000,0.478298203,-1.570796340,-1.645644969,-0.000004489,0.005972961,1.570796327,1.763629172
56.050000000,-0.295150000,-0.295087734,-0.112350000,-0.130026523,0.480900000,0.479174281,-1.570796340,-1.643688507,-0.000004489,0.003655220,1.570796327,1.742848681
56.100000000,-0.295150000,-0.296416326,-0.112350000,-0.127895737,0.480900000,0.479848959,-1.570796340,-1.641943022,-0.000004489,0.001963300,1.570796327,1.721905079
56.150000000,-0.295150000,-0.297748087,-0.112350000,-0.125931115,0.480900000,0.480337054,-1.570796340,-1.640626461,-0.000004489,0.000932879,1.570796327,1.703759098
56.200000000,-0.295150000,-0.298964624,-0.112350000,-0.124321032,0.480900000,0.480673321,-1.570796340,-1.639747153,-0.000004489,0.000380321,1.570796327,1.688714875
56.250000000,-0.295150000,-0.299967578,-0.112350000,-0.123573659,0.480900000,0.480886575,-1.570796340,-1.639489642,-0.000004489,0.000332455,1.570796327,1.678794490
56.300000000,-0.295150000,-0.300880251,-0.112350000,-0.123166534,0.480900000,0.481017512,-1.570796340,-1.639595080,-0.000004489,0.000547490,1.570796327,1.672486812
56.350000000,-0.295150000,-0.301577602,-0.112350000,-0.122824794,0.480900000,0.481097146,-1.570796340,-1.637036039,-0.000004489,-0.015034493,1.570796327,1.655834625
56.400000000,-0.295150000,-0.307361959,-0.112350000,-0.121651869,0.480900000,0.472648838,-1.570796340,-1.612538720,-0.000004489,0.000968696,1.570796327,1.641884227
56.450000000,-0.295150000,-0.317887837,-0.112350000,-0.131884084,0.480900000,0.464398338,-1.570796340,-1.611543438,-0.000004489,-0.010363594,1.570796327,1.668599826
56.500000000,-0.295150000,-0.311210422,-0.112350000,-0.131371156,0.480900000,0.481179608,-1.570796340,-1.655472923,-0.000004489,0.016302100,1.570796327,1.669882331
56.550000000,-0.295150000,-0.284781061,-0.112350000,-0.126374648,0.480900000,0.503251955,-1.570796340,-1.629994385,-0.000004489,-0.006457257,1.570796327,1.655650850
56.600000000,-0.295150000,-0.301332374,-0.112350000,-0.117355369,0.480900000,0.487941406,-1.570796340,-1.625681036,-0.000004489,0.006582026,1.570796327,1.647110325
56.650000000,-0.295150000,-0.302507817,-0.112350000,-0.118225682,0.480900000,0.480163123,-1.570796340,-1.633421343,-0.000004489,0.006375611,1.570796327,1.648826398
56.700000000,-0.295150000,-0.302224101,-0.112350000,-0.119326559,0.480900000,0.477589559,-1.570796340,-1.639354645,-0.000004489,0.006076821,1.570796327,1.655541711
56.750000000,-0.295150000,-0.302124866,-0.112350000,-0.119919669,0.480900000,0.477209922,-1.570796340,-1.647373904,-0.000004489,0.007495531,1.570796327,1.664433495
56.800000000,-0.295150000,-0.307800876,-0.112350000,-0.117950257,0.480900000,0.478903713,-1.570796340,-1.645725602,-0.000004489,0.008894535,1.570796327,1.681701970
56.850000000,-0.295150000,-0.321593053,-0.112350000,-0.114452338,0.480900000,0.480649572,-1.570796340,-1.645585017,-0.000004489,0.012418864,1.570796327,1.702975895
56.900000000,-0.295150000,-0.334291423,-0.112350000,-0.111645073,0.480900000,0.483063102,-1.570796340,-1.647749645,-0.000004489,0.014285060,1.570796327,1.706348362
56.950000000,-0.295150000,-0.343133880,-0.112350000,-0.117240311,0.480900000,0.484730039,-1.570796340,-1.649712327,-0.000004489,0.014849354,1.570796327,1.714851908
57.000000000,-0.295150000,-0.351902440,-0.112350000,-0.124755992,0.480900000,0.483825069,-1.570796340,-1.653140976,-0.000004489,0.014142382,1.570796327,1.728116265
57.050000000,-0.295150000,-0.360016066,-0.112350000,-0.130502218,0.480900000,0.481717535,-1.570796340,-1.645725812,-0.000004489,0.008153401,1.570796327,1.740241385
57.100000000,-0.295150000,-0.367961581,-0.112350000,-0.130978139,0.480900000,0.478193503,-1.570796340,-1.642892164,-0.000004489,0.002901302,1.570796327,1.741973553
57.150000000,-0.295150000,-0.353531434,-0.112350000,-0.129718854,0.480900000,0.481477448,-1.570796340,-1.648266176,-0.000004489,-0.002372246,1.570796327,1.713563876
57.200000000,-0.295150000,-0.333684911,-0.112350000,-0.128062672,0.480900000,0.484422506,-1.570796340,-1.638628163,-0.000004489,-0.007268340,1.570796327,1.686705640
57.250000000,-0.295150000,-0.322173170,-0.112350000,-0.126354465,0.480900000,0.484968612,-1.570796340,-1.632419115,-0.000004489,-0.007888580,1.570796327,1.669160141
57.300000000,-0.295150000,-0.315649151,-0.112350000,-0.124918248,0.480900000,0.484679101,-1.570796340,-1.629789703,-0.000004489,-0.006876986,1.570796327,1.656644085
57.350000000,-0.295150000,-0.312020126,-0.112350000,-0.123801563,0.480900000,0.484128186,-1.570796340,-1.629650093,-0.000004489,-0.005411959,1.570796327,1.647442200
57.400000000,-0.295150000,-0.310039089,-0.112350000,-0.122972726,0.480900000,0.483540083,-1.570796340,-1.630899261,-0.000004489,-0.003977621,1.570796327,1.640708412
57.450000000,-0.295150000,-0.308980792,-0.112350000,-0.122379198,0.480900000,0.483004326,-1.570796340,-1.632739487,-0.000004489,-0.002741325,1.570796327,1.635889700
57.500000000,-0.295150000,-0.308430405,-0.112350000,-0.121967474,0.480900000,0.482552652,-1.570796340,-1.634680436,-0.000004489,-0.001735273,1.570796327,1.632547452
57.550000000,-0.295150000,-0.308154128,-0.112350000,-0.121690445,0.480900000,0.482189952,-1.570796340,-1.636461799,-0.000004489,-0.000940850,1.570796327,1.630312997
57.600000000,-0.295150000,-0.308022219,-0.112350000,-0.121509722,0.480900000,0.481908692,-1.570796340,-1.637972677,-0.000004489,-0.000325027,1.570796327,1.628881066
57.650000000,-0.295150000,-0.307963964,-0.112350000,-0.121395646,0.480900000,0.481696389,-1.570796340,-1.639189348,-0.000004489,0.000145656,1.570796327,1.628008625
