time,target_shoulder_pan_joint,target_shoulder_lift_joint,target_elbow_joint,target_wrist_1_joint,target_wrist_2_joint,target_wrist_3_joint,actual_shoulder_pan_joint,actual_shoulder_lift_joint,actual_elbow_joint,actual_wrist_1_joint,actual_wrist_2_joint,actual_wrist_3_joint
1780433492.608619452,3.161362434922488e-05,-1.5707817424724038,1.570781748180099,-3.1415926534901626,-1.5709102561891308,0.0,-0.013016841948183202,-1.5600954866176728,1.5803896418847978,-2.963998871229435,-1.5846951320408933,0.0057896402541620425
1780433492.658590794,-3.470265813643181e-05,-1.5707862578573408,1.5708148364340537,-3.1416956476754896,-1.5706712666981497,0.0,-0.011820552707967053,-1.5619693623820536,1.5823143689564527,-2.963465327964923,-1.5860854293407163,0.005944196143654728
1780433492.708650827,-0.0002607076014893295,-1.5708928592926554,1.5709186997255398,-3.1416857932077873,-1.5698568391160315,1.6802497173157602e-08,-0.010403178610004544,-1.5641219097791783,1.5845075335057424,-2.962824549852222,-1.587661656093748,0.006136792960573168
1780433492.758536100,-0.0006257582240438708,-1.5710629330642103,1.5710862666286156,-3.14167685055535,-1.5685414954441468,3.700432662459234e-08,-0.008795410540838041,-1.5666919827525252,1.5870980561250683,-2.9620389196282413,-1.5894739239389222,0.006373196101806731
1780433492.808743954,-0.0010850609557691016,-1.5712755237339255,1.5712965314211467,-3.1416687043500966,-1.5668867986402324,5.828354551198638e-08,-0.007138075740183494,-1.569544284999588,1.5899538111715088,-2.9611529014171802,-1.5914053133072137,0.006641163164814878
1780433492.858513355,-0.0016077925507804736,-1.5715161878946189,1.5715350091278035,-3.141661254210436,-1.5650039310982002,7.824147943703865e-08,-0.005526438033516608,-1.57256893581114,1.5929671687441007,-2.960200864261683,-1.5933747116921173,0.006931634685001317
1780433492.908715487,-0.0016077925507804736,-1.5715161878946189,1.5715350091278035,-3.141661254210436,-1.5650039310982002,7.824147943703865e-08,-0.0040222822498853,-1.5756772685707219,1.5960510703358328,-2.9592090175138472,-1.5953281921179039,0.007238165163668866
1780433492.958798170,-0.0021719367581489735,-1.5717746310939464,1.571791373275268,-3.14165441488817,-1.5629722953774179,9.566078209471145e-08,-0.0026614369953765226,-1.5787991753024802,1.5991365571500298,-2.958196758282106,-1.5972321343327454,0.00755655727441634
1780433493.008629799,-0.0027618412984704577,-1.5720435695175157,1.5720583162357926,-3.1416481144241573,-1.5608483247010358,1.1004077340792728e-07,-0.0014642569792119552,-1.5818790779208767,1.6021689705787894,-2.9571788651785686,-1.599065626409342,0.007883889252909084
1780433493.058727980,-0.0033654713572657258,-1.5723174542737492,1.5723302723988353,-3.141642292553632,-1.558675386091636,1.2126757998838168e-07,-0.00044063101333652603,-1.5848734543808876,1.6051055922575117,-2.9561666344830866,-1.6008164974563595,0.008218111850951072
1780433493.108545303,-0.003973165561897751,-1.5725918879157232,1.572602833598536,-3.1416368991734114,-1.5564882690060244,1.2126757998838168e-07,0.000591856897901628,-1.5884460534126275,1.6085927182783377,-2.9549221487257915,-1.6028807400124738,0.008643505622826035
1780433493.158502102,-0.004576933856499821,-1.5728632913450573,1.5728724150162845,-3.1416318929445364,-1.5543157206655431,1.3481375738275725e-07,0.001224040223729078,-1.5911387026189239,1.6112072864744287,-2.95395079317244,-1.604431131472344,0.008988844828158765
1780433493.208689451,-0.004576933856499821,-1.5728632913450573,1.5728724150162845,-3.1416318929445364,-1.5543157206655431,1.3481375738275725e-07,0.001691466254552868,-1.593666263255404,1.6136489740151556,-2.9530058734752846,-1.6058941846546322,0.009338096406637074
1780433493.258542776,-0.00516997382588702,-1.5731286729409728,1.5731360234695542,-3.1416272400931726,-1.5521821932865159,1.3481375738275725e-07,0.0020030700189466815,-1.5960182276542598,1.6159080635413416,-2.9520906147390957,-1.607273645968017,0.009690988525861819
1780433493.308641434,-0.005746344618357213,-1.573385471431358,1.5733910995672313,-3.1416229133698668,-1.5501090226830403,1.3481375738275725e-07,0.002169082042405667,-1.5981887444706562,1.6179795096794192,-2.951207298912843,-1.6085743833890904,0.01004740939444087
1780433493.358691931,-0.00630121307441911,-1.5736316540736723,1.5736356145994883,-3.1416188904646907,-1.5481135478876045,1.3481375738275725e-07,0.0022021359666171965,-1.600176347519974,1.6198626342377178,-2.950357360508389,-1.609802045069073,0.010407312220858009
1780433493.408610821,-0.006832958884559481,-1.573866629463807,1.5738689790499323,-3.141615149446067,-1.5462015474319815,1.3481375738275725e-07,0.0021176056677070904,-1.601983506285121,1.6215606524662614,-2.9495415528419127,-1.6109624919444503,0.01077058866054219
1780433493.458623171,-0.006832958884559481,-1.573866629463807,1.5738689790499323,-3.141615149446067,-1.5462015474319815,1.3481375738275725e-07,0.0019302916404733334,-1.6036149795919643,1.6230790686326653,-2.9487603405352885,-1.6120609495030798,0.011137045252165089
1780433493.508541584,-0.007341682791477844,-1.5740905651716988,1.5740913606121363,-3.1416116688988858,-1.5443726125223574,1.3481375738275725e-07,0.0015711324033038255,-1.60541705827307,1.6247354652171917,-2.947832954479459,-1.6133525925059249,0.011599165613433703
1780433493.558494806,-0.007827503747815712,-1.5743036302243087,1.5743029286276158,-3.1416084296598665,-1.5426262724527469,1.3481375738275725e-07,0.0011977652918428554,-1.6066780851472808,1.6258773589865367,-2.947130551486572,-1.6143247216000236,0.011971699962092911
1780433493.608619928,-0.008290488080509029,-1.5745059643142243,1.5745038233688622,-3.1416054146946077,-1.5409622490140213,1.201502996873846e-07,0.000758809605575131,-1.6077876330660592,1.6268662424126712,-2.9464633110036456,-1.6152450533476823,0.012346342520699294
1780433493.658663511,-0.008730670619829795,-1.5746976874910246,1.5746941656722488,-3.1416026088607403,-1.5393803802470227,1.201502996873846e-07,0.0002632021271602485,-1.6087546216497763,1.6277117036072766,-2.9458311586431107,-1.6161154777202795,0.012722672214361555
1780433493.708559513,-0.009148067530103887,-1.574878906034634,1.5748740627595936,-3.1415999986947725,-1.5378805740996313,1.0812912926569317e-07,-0.00028098383066611,-1.609588245686301,1.6284235610908382,-2.9452339143045876,-1.6169376161771807,0.013100241670183786
1780433493.758886337,-0.009148067530103887,-1.574878906034634,1.5748740627595936,-3.1415999986947725,-1.5378805740996313,1.0812912926569317e-07,-0.0008664032937651426,-1.6102978045253344,1.6290116918040065,-2.944671298472012,-1.6177129615924302,0.0134785842793462
1780433493.808882952,-0.009542691035786532,-1.5750497190103845,1.5750436147334863,-3.141597572206674,-1.53646275532755,1.0812912926569317e-07,-0.0014852540333491905,-1.6108907681511484,1.6294842125664113,-2.9441434412409055,-1.6184416895376341,0.01385725062830889
1780433493.858628988,-0.009915900234735098,-1.5752107992629831,1.5752034926124798,-3.1415953157977903,-1.535122012827955,9.552718560950728e-08,-0.002126202635431525,-1.6113674170951011,1.6298424705305758,-2.9436523605162708,-1.6191202755509386,0.014235868436671824
1780433493.908650637,-0.010276449694662126,-1.5753659805271045,1.575357511357841,-3.141593199934742,-1.5338268754462092,9.552718560950728e-08,-0.002729844226613464,-1.6117851729841375,1.6301405144535985,-2.9431775305652117,-1.6197894469093934,0.01462097092010853
1780433493.958803654,-0.010640894545634438,-1.575522391286019,1.5755127604888362,-3.141591176203183,-1.532517868535347,8.35181795703618e-08,-0.003277101755008313,-1.612166492581201,1.630400175034113,-2.942712376124843,-1.6204563064824449,0.015014558821694968
1780433494.008664846,-0.010640894545634438,-1.575522391286019,1.5755127604888362,-3.141591176203183,-1.532517868535347,8.35181795703618e-08,-0.003793322604682988,-1.6124930765936751,1.6306056366364123,-2.942266858121641,-1.6210928141330276,0.015413063944305656
1780433494.058756351,-0.011005356286289292,-1.57567836677433,1.5756675805012244,-3.1415892410934037,-1.5312089227749617,8.35181795703618e-08,-0.004264067314806779,-1.6127871037344823,1.6307782345887092,-2.9418345450667673,-1.6217062914477345,0.015818063695022453
1780433494.108748674,-0.01138054593256399,-1.5758384673548704,1.575826502644494,-3.1415873574685165,-1.529861573374446,7.275145621434436e-08,-0.004654028552708188,-1.6130912827270558,1.6309581636383526,-2.941400131006453,-1.6223203382828415,0.016234210951948054
1780433494.158690691,-0.011768894109832395,-1.5760036892584495,1.575990512313274,-3.1415855076051593,-1.52846710146203,7.275145621434436e-08,-0.005008118066467925,-1.6133763815812427,1.6311193471546532,-2.9409778280822536,-1.622896125114092,0.01665603994715656
1780433494.208626509,-0.012171640808475992,-1.5761745118300894,1.5761600804442253,-3.141583676422249,-1.5270210661184178,7.275145621434436e-08,-0.005293995626796787,-1.6136823841268217,1.631299200377175,-2.9405529889656603,-1.62345762844911,0.017087813843585698
1780433494.258460999,-0.012596025893453877,-1.576353936213513,1.576338183697645,-3.141581833836776,-1.5254974891151658,5.9175485811149724e-08,-0.005565004311272502,-1.6140996062633528,1.63155609453421,-2.940018155434644,-1.624127009276127,0.017640772378418712
1780433494.308568001,-0.012596025893453877,-1.576353936213513,1.576338183697645,-3.141581833836776,-1.5254974891151658,5.9175485811149724e-08,-0.0057654747815522895,-1.6144231344906714,1.6317529143767995,-2.939604407608557,-1.6245925951380618,0.01808708976366892
1780433494.358656168,-0.013031248730401401,-1.5765373390838526,1.5765202216964131,-3.1415799973168115,-1.5239351597454256,5.9175485811149724e-08,-0.005918516445719489,-1.6147741667065523,1.6319759817966342,-2.9391890310691773,-1.6250212716712558,0.01854099872805108
1780433494.408738375,-0.01348932981867712,-1.5767297141440517,1.5767111500449509,-3.1415781241935448,-1.522290942469711,5.9175485811149724e-08,-0.006023574044081049,-1.615158505508738,1.6322309491122922,-2.938770095475349,-1.625410715731429,0.019002626961729337
1780433494.458786249,-0.013965876295831237,-1.576929131856505,1.5769090451287069,-3.1415762160024805,-1.5205806236366959,4.822373087882581e-08,-0.006122733608855883,-1.6155438620660174,1.6324884358962288,-2.9383614969005385,-1.6257267312936552,0.019466518970041535
1780433494.508541107,-0.014450464003456176,-1.5771311762544453,1.5771095166438638,-3.1415742945024667,-1.5188416257366217,4.822373087882581e-08,-0.006244372224006506,-1.6159052729007692,1.6327256464822708,-2.93797379696677,-1.625945838532651,0.019928407432213465
1780433494.558654070,-0.014450464003456176,-1.5771311762544453,1.5771095166438638,-3.1415742945024667,-1.5188416257366217,4.822373087882581e-08,-0.006409886392357766,-1.616225644529604,1.6329269595727203,-2.937614643986869,-1.6260528168463892,0.020384641901048724
1780433494.608570814,-0.014932787082540422,-1.57733154157813,1.577308287802801,-3.1415723850937787,-1.517110931014022,4.822373087882581e-08,-0.006751225462019668,-1.6166594765685698,1.633212808983548,-2.937184278283531,-1.626063927754067,0.02094037235918947
1780433494.658648014,-0.015390333759582653,-1.5775209425034014,1.5774961444192026,-3.1415705552434416,-1.5154692984218165,4.822373087882581e-08,-0.0071226618740928655,-1.6170404342127576,1.6334754194624623,-2.93685054215838,-1.6259965119633748,0.0213726890054264
1780433494.708565712,-0.015823018444231174,-1.5776994507291775,1.577673163409039,-3.141568806694095,-1.5139170062600495,3.627120863749412e-08,-0.0075285363190249555,-1.617436956346328,1.6337542813416168,-2.9365241441058796,-1.6258821926052065,0.02179843062298522
1780433494.758620262,-0.01624342282326019,-1.577872330946299,1.5778445725122403,-3.1415670997221268,-1.5124088959364084,3.627120863749412e-08,-0.007952185542832623,-1.6177984611566396,1.6340025858144958,-2.9362190782614257,-1.6257022165744976,0.02221690928780125
1780433494.808611631,-0.01665178224660835,-1.5780397284095269,1.5780105182427562,-3.141565433313683,-1.5109441094705778,3.627120863749412e-08,-0.00839894316849769,-1.618110131019887,1.6342066982470442,-2.9359411051850106,-1.6254466507840353,0.022625905137736355
1780433494.858638763,-0.01665178224660835,-1.5780397284095269,1.5780105182427562,-3.141565433313683,-1.5109441094705778,3.627120863749412e-08,-0.008871693321477804,-1.618361274083565,1.6343567746049905,-2.935694641040448,-1.6251084253595234,0.023023493213770303
1780433494.908516884,-0.01704629780556033,-1.5782009559396801,1.5781703216204575,-3.141563813688021,-1.5095290860552275,3.627120863749412e-08,-0.009514496955188322,-1.6185686563595443,1.6344487489590005,-2.9354404102294986,-1.6245522972958315,0.02350020868217163
1780433494.958590031,-0.017421161763140347,-1.578353702926396,1.578321694736668,-3.141562261821923,-1.5081846410428819,3.627120863749412e-08,-0.010108473382424184,-1.61857556325623,1.6343782153490127,-2.935309674647466,-1.6239460897260636,0.023855919434514358
1780433495.008657217,-0.01777156860432605,-1.5784960891437567,1.5784627778122486,-3.141560796766756,-1.5069279913813451,2.4331504405301576e-08,-0.010763168255982752,-1.6184309221535909,1.6341700948690283,-2.9352487494128834,-1.6231904914495794,0.02418647758085684
1780433495.058728218,-0.01810060003663949,-1.5786294416370703,1.5785948906368286,-3.141559410133977,-1.5057480683660156,2.4331504405301576e-08,-0.011461746427390573,-1.6181550190088823,1.6338429310763136,-2.935251309634158,-1.6223003077866487,0.024492656012231526
1780433495.108496428,-0.018409335735500854,-1.578754261921727,1.578718533980391,-3.141558100361796,-1.504640986171589,2.4331504405301576e-08,-0.012378506089960292,-1.6176527875670006,1.6332916071018262,-2.935335592289619,-1.6210164327642589,0.02484159721235429
1780433495.158496141,-0.01869594312574563,-1.578869869254346,1.5788330379844446,-3.141556880830671,-1.5036133032310612,2.4331504405301576e-08,-0.013144220668756482,-1.6171447669321388,1.6327548486199794,-2.935462712099826,-1.6198625952696206,0.025093063206408323
1780433495.208850384,-0.01869594312574563,-1.578869869254346,1.5788330379844446,-3.141556880830671,-1.5036133032310612,2.4331504405301576e-08,-0.013945990950209658,-1.6165581239077023,1.6321477515822942,-2.935639246855901,-1.618603776770273,0.025318429949232876
1780433495.258658409,-0.018954017745377527,-1.5789737488527908,1.5789359142618327,-3.141555775968182,-1.5026879703225386,2.4331504405301576e-08,-0.014768055800907074,-1.6159044893502061,1.631481043291383,-2.935860644548962,-1.617252251019638,0.02551825994789974
1780433495.308645248,-0.01918590308260093,-1.5790669112088773,1.5790281660368197,-3.141554773565141,-1.5018565719209525,2.4331504405301576e-08,-0.015595956749837618,-1.6151939991556858,1.63076408698823,-2.9361228110250837,-1.6158182391799016,0.025693049851997586
1780433495.358705282,-0.019394839223289218,-1.5791507110941243,1.5791111382150347,-3.141553862826089,-1.5011074808867377,2.4331504405301576e-08,-0.016418668579795317,-1.6144356133483537,1.6300051847225743,-2.936422186765432,-1.6143096096300296,0.02584305626349686
1780433495.408623934,-0.019583553251184327,-1.5792262842596685,1.5791859579752132,-3.1415530343378992,-1.5004309120089792,1.3736286911146856e-08,-0.017227879350538215,-1.613637240696792,1.6292116773157097,-2.936755636774703,-1.6127324771636575,0.02596835570122912
1780433495.458558798,-0.01975435729701136,-1.579294590116242,1.5792535772518697,-3.141552279864035,-1.4998185697584097,1.3736286911146856e-08,-0.018211203399955557,-1.612593608571606,1.6281809481645222,-2.937216132403262,-1.6106719410672683,0.026090141407988852
1780433495.508664608,-0.01975435729701136,-1.579294590116242,1.5792535772518697,-3.141552279864035,-1.4998185697584097,1.3736286911146856e-08,-0.01897021816230101,-1.6117296114377355,1.6273322077682546,-2.937616435754225,-1.6089565794084466,0.02615950011017917
1780433495.558751106,-0.019909225647776196,-1.5793564450986928,1.579314805932506,-3.1415515921694914,-1.4992633713205805,1.3736286911146856e-08,-0.019688424606846364,-1.6108796666779766,1.6264990014546212,-2.938030546206298,-1.6072083909569665,0.026206283167153475
1780433495.608761787,-0.020052098592499235,-1.5794134429753024,1.579371223130761,-3.141550955733709,-1.4987511872501118,1.3736286911146856e-08,-0.02035654875079731,-1.6100838202099812,1.6257185970875017,-2.938444000289265,-1.6054530157460456,0.026232424582257382
1780433495.658567190,-0.020183815426513263,-1.5794659341355732,1.5794231766572722,-3.1415503671377922,-1.498279006038861,0.0,-0.020981882077794507,-1.60933041427041,1.6249802839786918,-2.9388597265152625,-1.6036831716144087,0.02623659902762881
1780433495.708683491,-0.02030485704978613,-1.5795141232507124,1.5794708696976418,-3.1415498256651806,-1.497845101415252,0.0,-0.021569040298658283,-1.6086113374915838,1.6242765634219207,-2.9392793584615364,-1.6018946263854703,0.026217901970228306
1780433495.758730173,-0.02030485704978613,-1.5795141232507124,1.5794708696976418,-3.1415498256651806,-1.497845101415252,0.0,-0.022255024564209656,-1.6077504854335078,1.623435978290151,-2.9398112305291173,-1.5996278943972924,0.026161223928326257
1780433495.808495045,-0.020415766752747366,-1.57955823867262,1.5795145288517682,-3.1415493283503326,-1.497447523803098,0.0,-0.02276925701951691,-1.6070854186615326,1.622788391071561,-2.9402436327565273,-1.597786880249747,0.026088479977954302
1780433495.858855247,-0.020517118629314268,-1.5795985189733495,1.57955439074869,-3.1415488728341385,-1.4970842135276552,0.0,-0.02325557941794479,-1.6064363980798149,1.6221582296226784,-2.9406827703120615,-1.5959196885496116,0.025990833314576203
1780433495.908832788,-0.020609499357443717,-1.5796352061020151,1.5795906952791847,-3.141548456681916,-1.4967530660947812,0.0,-0.023716184529731187,-1.6057997239960615,1.6215419486393232,-2.9411289452465175,-1.5940254439156833,0.025867881996190754
1780433495.958495855,-0.02069349471495663,-1.5796685401868347,1.579623680458524,-3.1415480774403095,-1.4964519804931822,0.0,-0.02425861119270364,-1.6050167034644058,1.6207867114905548,-2.941696703254624,-1.5916191137682125,0.02567813438029729
1780433496.008613825,-0.020769679761057702,-1.579698755803344,1.5796535787412482,-3.1415477326804515,-1.496178894356575,0.0,-0.024667841757271144,-1.6043976608058879,1.6201917737052232,-2.942158844816285,-1.5896634196476462,0.025497210568941532
1780433496.058598280,-0.02083861199021264,-1.5797260794215786,1.5796806145029316,-3.1415474200294184,-1.4959318084728128,0.0,-0.025056628004286114,-1.6037831756808245,1.6196030585282502,-2.9426277996027594,-1.587681091900476,0.025290230287460174
1780433496.108657360,-0.02083861199021264,-1.5797260794215786,1.5796806145029316,-3.1415474200294184,-1.4959318084728128,0.0,-0.025426190676677923,-1.6031718350448507,1.6190191154939655,-2.9431032271567874,-1.585673057851291,0.025057108986652178
1780433496.158636093,-0.02090082659823178,-1.5797507276834217,1.57970500234326,-3.1415471371931645,-1.4957088037241828,0.0,-0.025777657361387797,-1.60256258045177,1.6184388239022354,-2.943584698117226,-1.5836404689381949,0.024797820698891308
1780433496.208616257,-0.020956833439619516,-1.5797729063388948,1.5797269460406977,-3.141546881972349,-1.4955080519682111,0.0,-0.026193100423812146,-1.6018028070096912,1.6177173345289253,-2.9441942640805574,-1.5810673489056652,0.02443696577251697
1780433496.258486748,-0.021007115307628332,-1.5797928096930338,1.5797466380117544,-3.141546652272448,-1.495327822180232,0.0,-0.026507460049598818,-1.6011958190712594,1.6171425250054303,-2.94468740612543,-1.578984972292646,0.024118998859572704
1780433496.308547020,-0.021052127089780548,-1.5798106203853788,1.5797642590986791,-3.1415464461098552,-1.495166483460764,0.0,-0.026806759120225135,-1.6005892697307038,1.6165694231375867,-2.945184761754079,-1.5768833429967892,0.02377516096779196
1780433496.358715057,-0.02109229561818804,-1.5798265094307027,1.579779978614942,-3.1415462616147787,-1.4950225055551183,0.0,-0.027091787681747494,-1.5999830556652057,1.615997821083209,-2.9456856808612493,-1.574764472390457,0.02340565148839831
1780433496.408612967,-0.02109229561818804,-1.5798265094307027,1.579779978614942,-3.1415462616147787,-1.4950225055551183,0.0,-0.027363277160054253,-1.5993771985823457,1.6154276292592684,-2.946189488635623,-1.5726305155939164,0.023010716197461454
1780433496.458877802,-0.02112801998996172,-1.5798406364327207,1.5797939545611908,-3.14154609703175,-1.4948944576904477,0.0,-0.027684674065354128,-1.5986205915456972,1.6147169112484814,-2.9468222586733384,-1.569945261125383,0.022481737665565445
1780433496.508526564,-0.021159672284120745,-1.579853149942621,1.5798063339839026,-3.1415459507182693,-1.4947810059937687,0.0,-0.027928215633534734,-1.5980161556885735,1.6141500981161745,-2.947330030901835,-1.5677856857181198,0.022030721968564447
1780433496.558721304,-0.02118759857756558,-1.5798641879250273,1.5798172534397252,-3.1415458211417087,-1.4946809098399472,0.0,-0.028160366579423172,-1.5974128011971906,1.6135850601293642,-2.947838427351341,-1.5656186301130588,0.02155538312758125
1780433496.608703852,-0.021212120059280082,-1.5798738782531174,1.5798268394881985,-3.1415457068757204,-1.4945930178492546,0.0,-0.02838171426207443,-1.5968108753776287,1.6130220362885193,-2.9483467500539295,-1.563446585480524,0.021056148985250298
1780433496.658512831,-0.021233534276456467,-1.5798823392474421,1.5798352092272323,-3.1415456065957303,-1.4945162634135079,0.0,-0.028592810602347245,-1.596210754767963,1.6124612945862717,-2.9488543080805565,-1.5612720932773945,0.020533486290874873
1780433496.708631992,-0.021233534276456467,-1.5798823392474421,1.5798352092272323,-3.1415456065957303,-1.4945162634135079,0.0,-0.028794176675176048,-1.5956128403637742,1.61190313310102,-2.9493604225085726,-1.5590977347894557,0.019987900670569762
1780433496.759078741,-0.02125211643949143,-1.5798896802306075,1.5798424708439256,-3.141545519074059,-1.4944496600124255,0.0,-0.028986316822712216,-1.5950175510590556,1.611347872203053,-2.9498644299023646,-1.556926094163938,0.019419934570101032
1780433496.808504581,-0.021268120753116904,-1.5798960020859383,1.579848724168949,-3.141545443174685,-1.4943922964373506,0.0,-0.029214241303411263,-1.5942777719530854,1.6106583657244908,-2.9504904927426514,-1.55421931265637,0.018679387351530873
1780433496.858509064,-0.021281781747122253,-1.57990139780987,1.5798540612251393,-3.141545377850356,-1.494343332017328,0.0,-0.02938732264234242,-1.5936899270444878,1.610110816275334,-2.9509874258610025,-1.5520632674754593,0.018063229660439346
1780433496.908676624,-0.021293315500329868,-1.5799059530140624,1.5798585667298908,-3.141545322153797,-1.4943019922285359,0.0,-0.029552693688454194,-1.5931060893953735,1.6095672514393689,-2.9514802258753234,-1.549918350542017,0.017426692924773203
1780433496.958523750,-0.021301888047494444,-1.5799093387679006,1.5798619151657078,-3.1415452794331404,-1.4942712661658444,0.0,-0.029712962525135174,-1.592529825910705,1.6090310088110324,-2.9519674208069815,-1.547788894258922,0.016770502440130893
1780433497.008593321,-0.021301888047494444,-1.5799093387679006,1.5798619151657078,-3.1415452794331404,-1.4942712661658444,0.0,-0.029867084521161887,-1.5919724389818848,1.6085127889536612,-2.952445046711095,-1.545684786596697,0.016095757061968186
1780433497.058835745,-0.021306490074649354,-1.5799111569498638,1.5798637125460055,-3.1415452537588133,-1.4942547714122245,0.0,-0.030011891729763145,-1.5914449950571479,1.608023094536691,-2.9529091089656117,-1.5436162396837054,0.015403612476768063
1780433497.108671188,-0.02130824243821916,-1.5799118501494291,1.5798643968423336,-3.1415452404651685,-1.4942484905293894,0.0,-0.030141893688212875,-1.590952174620579,1.6075663457480112,-2.9533571691637763,-1.541590651116852,0.014695377717319255
1780433497.158736229,-0.021309410974643228,-1.5799123127482382,1.5798648531118047,-3.141545230195518,-1.4942443022210403,0.0,-0.03025741766106693,-1.5904882226194594,1.6071370508822163,-2.9537902680999806,-1.5396075492776187,0.013971831507552226
1780433497.208498955,-0.021310085864579165,-1.5799125803599576,1.5798651165826223,-3.141545230195518,-1.4942418832576632,0.0,-0.03038677783102181,-1.589938392300689,1.6066290352094386,-2.9543132364859788,-1.537184882914475,0.013046701485627466
1780433497.258532524,-0.021310085864579165,-1.5799125803599576,1.5798651165826223,-3.141545230195518,-1.4942418832576632,0.0,-0.03048139214808245,-1.5895158319116582,1.6062390016334074,-2.9547185624872476,-1.5352899153805257,0.012290828625909953
1780433497.308704138,-0.02131010156443036,-1.5799125803599576,1.5798651165826223,-3.1415452180835137,-1.4942418269857276,0.0,-0.030570182190821894,-1.5891038365131376,1.605858891441583,-2.9551134640896617,-1.5334324221094981,0.011521728559179517
1780433497.358895540,-0.0213093864196221,-1.5799123063847222,1.579864843170205,-3.1415452180835137,-1.4942443902319829,0.0,-0.030654531683123848,-1.5886989036430679,1.6054853196343977,-2.955498788339904,-1.5316120697505384,0.010740195658208706
1780433497.408610344,-0.021307933295904746,-1.5799117337182622,1.5798642755058283,-3.1415452180835137,-1.494249598567988,0.0,-0.030735454305328216,-1.5882982745402163,1.605115607903451,-2.9558752003352007,-1.5298288719588298,0.00994707381497026
1780433497.458970308,-0.021305778026601274,-1.57991088380615,1.5798634335900115,-3.1415452180835137,-1.4942573235601682,0.0,-0.030813682090391474,-1.5878998164360345,1.6047476734626351,-2.9562432154699194,-1.5280831006574376,0.009143246901327668
1780433497.508697271,-0.021302983645794527,-1.5799097815237504,1.579862342028605,-3.141545234124563,-1.4942673392815493,0.0,-0.030889735822042456,-1.5875019226658562,1.6043799364319093,-2.9566032269517577,-1.526375214335036,0.008329631060678449
1780433497.558635712,-0.021302983645794527,-1.5799097815237504,1.579862342028605,-3.141545234124563,-1.4942673392815493,0.0,-0.030963981031329423,-1.5871034276266034,1.6040112423045665,-2.9569555292545973,-1.5247057999006104,0.007507168397845065
1780433497.608704567,-0.021299628907642365,-1.5799084579487888,1.5798610315661181,-3.141545245495219,-1.494279363460942,0.0,-0.03105461000832786,-1.586603271368844,1.6035478277047557,-2.957385384322846,-1.5226741674235282,0.006468116873389309
1780433497.658625603,-0.021295800302502776,-1.5799069472120078,1.5798595359691923,-3.1415452591048747,-1.4942930860987476,0.0,-0.031125525202290234,-1.5862009555522354,1.6031744798326562,-2.9577210178001496,-1.5210938725354834,0.005629294612743715
1780433497.708524227,-0.021291879473001707,-1.5799053999602313,1.5798580043048889,-3.1415452733452303,-1.4943071392978586,0.0,-0.031189425665101713,-1.5858068848287212,1.6028085220154575,-2.958045954529185,-1.5195619435292527,0.004785405731697415
1780433497.758650303,-0.02128894257753,-1.5799042410526196,1.579856856970056,-3.1415452836471074,-1.494317665844676,0.0,-0.03124585943060886,-1.5854293462232034,1.6024579050985948,-2.9583577600954873,-1.518083937601373,0.003937635789418807
1780433497.808521986,-0.02128656315245081,-1.5799033021724567,1.5798559273902997,-3.1415452836471074,-1.4943261942851427,0.0,-0.03129768646767284,-1.5850630630268157,1.6021175854189271,-2.958658054543799,-1.5166570334550125,0.0030867711587871404
1780433497.858661652,-0.02128656315245081,-1.5799033021724567,1.5798559273902997,-3.1415452836471074,-1.4943261942851427,0.0,-0.03134686922163192,-1.5847037753968332,1.6017834783051077,-2.9589481563430153,-1.5152791492447963,0.0022336640605416184
1780433497.908877611,-0.021284471544109174,-1.5799024768809122,1.5798551102341312,-3.141545298684353,-1.4943336911223355,0.0,-0.03140663562926705,-1.5842595624311544,1.6013698264891338,-2.9592980285697594,-1.513623481094662,0.001165494335721957
1780433497.958585501,-0.021282509375392777,-1.5799017026604645,1.5798543436338515,-3.141545298684353,-1.4943407240180315,0.0,-0.031454114169793775,-1.5839051800788688,1.6010392613345752,-2.9595687076172665,-1.512351036794222,0.0003106610879877388
1780433498.008603334,-0.021280594293050292,-1.5799009470025736,1.5798535954182225,-3.141545311524332,-1.4943475881463115,0.0,-0.03150184982429347,-1.5835498186645616,1.6007072106937958,-2.959831869424257,-1.5111241219168992,-0.0005434107491558571
1780433498.058710098,-0.021278694750153093,-1.579900197454692,1.5798528532631178,-3.141545311524332,-1.4943543965790784,0.0,-0.03155011684708542,-1.58319232629451,1.6003725514773683,-2.9600879924445,-1.5099422466189707,-0.0013957647761675108
1780433498.108569860,-0.021276812385091937,-1.5798994546651333,1.5798521178087963,-3.141545324183411,-1.4943611434438875,0.0,-0.03159903207773186,-1.5828319789629735,1.6000345702218879,-2.9603374437340197,-1.5088050644852848,-0.0022454425256972087
1780433498.158556938,-0.021274969775266328,-1.5798987275492307,1.5798513978763253,-3.141545324183411,-1.4943677478176474,0.0,-0.03166109365990452,-1.5823769835700707,1.5996068721945043,-2.9606402920641823,-1.507446056311796,-0.003302321593565011
1780433498.208629370,-0.021274969775266328,-1.5798987275492307,1.5798513978763253,-3.141545324183411,-1.4943677478176474,0.0,-0.03171139314741532,-1.582009254788515,1.5992604440804727,-2.9608756422048654,-1.5064085888326988,-0.004142496951450523
1780433498.258690119,-0.021273202075103192,-1.5798980299886374,1.5798507072011354,-3.1415453363063293,-1.4943740836979664,0.0,-0.03176214233933747,-1.5816383791725679,1.5989103742972963,-2.9611049863783525,-1.5054151516612073,-0.004976924174107154
1780433498.308663368,-0.02127155218134913,-1.5798973789229498,1.5798500625443512,-3.1415453363063293,-1.494379997331916,0.0,-0.031813194309068746,-1.5812646880990755,1.5985569754719615,-2.9613284205562107,-1.504465578065079,-0.005804684214055906
1780433498.358775616,-0.02127006795495845,-1.5798967932532024,1.579849482607402,-3.141545346579319,-1.4943853171734833,0.0,-0.03186438538417148,-1.5808886349354863,1.5982006793463848,-2.96154600754,-1.5035596867735126,-0.006624874714479195
1780433498.408724070,-0.02126880203377457,-1.5798962937682903,1.5798489879586868,-3.141545346579319,-1.494389854554968,0.0,-0.03191554166647669,-1.5805107624769343,1.5978420059505267,-2.961757784869631,-1.50269726966918,-0.007436611914671009
1780433498.458728075,-0.02126880203377457,-1.5798962937682903,1.5798489879586868,-3.141545346579319,-1.494389854554968,0.0,-0.03196698171159629,-1.5801306896719458,1.597480587099908,-2.9619640833297645,-1.501877387136727,-0.00823907596794279
1780433498.508751392,-0.021267700631877773,-1.5798958592593326,1.5798485575829504,-3.141545346579319,-1.494393802258358,0.0,-0.03202066821898281,-1.5797420976201009,1.59711032335579,-2.9621670193855025,-1.5010951843813167,-0.0090316455674133
1780433498.558491230,-0.021266544426172374,-1.579895403215902,1.5798481057782425,-3.141545346579319,-1.4943979463930912,0.0,-0.03209111934189576,-1.579238765085515,1.5966296036795755,-2.9624179308026903,-1.5001657554359162,-0.010007326451878743
1780433498.608716726,-0.021265719939147054,-1.579895078201372,1.5798477835739022,-3.1415453578880297,-1.4944009015642568,0.0,-0.032147958422712467,-1.5788262334048095,1.5962347561984223,-2.9626154844180346,-1.4994623926730148,-0.010774758164470741
1780433498.658754110,-0.021265617306420737,-1.5798950382840236,1.57984774340649,-3.1415453578880297,-1.4944012694260689,0.0,-0.032203736944655593,-1.5784090225552525,1.5958347224047689,-2.962809263786784,-1.4987960790137789,-0.011529618854920319
1780433498.708650112,-0.021266787880477978,-1.5798955010880658,1.5798482007100805,-3.1415453578880297,-1.4943970737910108,0.0,-0.03225661204904601,-1.577990311767886,1.5954325814963326,-2.962998484163725,-1.4981678151423958,-0.012271055454878416
1780433498.758734703,-0.021266787880477978,-1.5798955010880658,1.5798482007100805,-3.1415453578880297,-1.4943970737910108,0.0,-0.032303167277591895,-1.5775728059779492,1.5950309416430553,-2.9631823245549347,-1.4975786103960864,-0.012998122027766044
1780433498.808600664,-0.02127059968917422,-1.5798970059300999,1.5798496900552532,-3.1415453335300128,-1.4943834113038816,0.0,-0.0323442176448056,-1.5771586213973494,1.5946318704667477,-2.963360459762052,-1.4970277039991473,-0.013710190820043934
1780433498.858705759,-0.02127705781297884,-1.579899555505249,1.5798522132518626,-3.1415453075212545,-1.4943602637691713,0.0,-0.03238123048780715,-1.576749506806621,1.594237094386942,-2.9635327040408463,-1.4965141107835604,-0.014406714831436646
1780433498.908464193,-0.02128580588539819,-1.5799030089716588,1.5798556309156127,-3.1415452720544534,-1.4943289085157172,0.0,-0.03242357490130667,-1.5762474329787501,1.593751830280043,-2.9637394921678166,-1.495923312669221,-0.015254703504104959
1780433498.958851576,-0.02129653088116168,-1.5799072425803828,1.579859820576192,-3.141545228411406,-1.494290467529325,0.0,-0.03245540292328524,-1.5758546519214471,1.5933715926218628,-2.9638979603478433,-1.4954907342881876,-0.01591434175741976
1780433499.008615732,-0.02130895660255483,-1.5799121471194617,1.5798646741488267,-3.141545177722133,-1.4942459307969953,0.0,-0.03248615664902857,-1.575470773652011,1.5929994487409116,-2.9640501413931455,-1.4950930390757382,-0.016556786728692728
1780433499.058677435,-0.02130895660255483,-1.5799121471194617,1.5798646741488267,-3.141545177722133,-1.4942459307969953,0.0,-0.032516350408233606,-1.5750965285991017,1.5926361277215635,-2.964195972737333,-1.4947296051391112,-0.017181580805342003
1780433499.108571053,-0.02132283857338102,-1.5799176259085348,1.579870095950373,-3.141545120986432,-1.4941961746066408,0.0,-0.032546373049155,-1.574732485873933,1.5922821985268278,-2.9643354165970477,-1.494399820445213,-0.017788292958139728
1780433499.158640385,-0.021337959881393864,-1.5799235931641817,1.5798760010820607,-3.1415450590913054,-1.4941419764478177,0.0,-0.03257651264120057,-1.5743790727182345,1.5919380937973724,-2.964468460231452,-1.4941030704733054,-0.01837652086498824
1780433499.208804369,-0.02135412745700016,-1.5799299725348668,1.5798823139799107,-3.1415449928264256,-1.49408402834917,0.0,-0.03260697128535271,-1.5740365955861266,1.5916041253013016,-2.9645951120419123,-1.493838731102951,-0.018945890982252796
1780433499.258537292,-0.02137116950225959,-1.579936696087974,1.5798889674124428,-3.1415449228948638,-1.4940229460932226,0.0,-0.03263787909986222,-1.5737052563972425,1.591280499731616,-2.9647153998767273,-1.4936061641451421,-0.019496059204492072
1780433499.308679342,-0.02137116950225959,-1.579936696087974,1.5798889674124428,-3.1415449228948638,-1.4940229460932226,0.0,-0.03266930930750446,-1.5733851650982382,1.5909673354937464,-2.9648293712489378,-1.493404712241667,-0.020026712300540143
1780433499.358659267,-0.021388932672639527,-1.5799437031979862,1.5798959013804632,-3.1415448499246996,-1.493959279317565,0.0,-0.03270938942868657,-1.573000916002659,1.5905906570418202,-2.964963054911625,-1.4931955776097396,-0.020662159823435763
1780433499.408554792,-0.021407279956395797,-1.5799509397090947,1.5799030622883738,-3.141544774477717,-1.4938935191157157,0.0,-0.03274208600300385,-1.5727061615417641,1.5903011057369965,-2.9650630795514545,-1.4930615204924653,-0.02114792309186174
1780433499.458592653,-0.021426088929858977,-1.5799583572454932,1.5799104022616033,-3.141544697056593,-1.4938261042907541,0.0,-0.032775318674873495,-1.5724225451065514,1.5900219498876198,-2.965157058022815,-1.4929561774061506,-0.02161337234746476
1780433499.508642435,-0.02144525030981903,-1.5799659126384853,1.5799178785795966,-3.1415446181107805,-1.4937574265441613,0.0,-0.032809045646354486,-1.572149924605296,1.5897530652144352,-2.9652451034420135,-1.4928787314447274,-0.022058329793815723
1780433499.558614969,-0.021464666595114146,-1.5799735673885609,1.5799254531433833,-3.1415445380419893,-1.4936878353449554,0.0,-0.03284320594960147,-1.5718881221379153,1.5894942890967783,-2.9653273386053542,-1.4928283380813225,-0.022482648568376305
1780433499.608613253,-0.021464666595114146,-1.5799735673885609,1.5799254531433833,-3.1415445380419893,-1.4936878353449554,0.0,-0.032877723480633586,-1.571636928555975,1.5892454273357561,-2.9654038957843136,-1.4928041286622087,-0.022886213016147027
1780433499.658639193,-0.02148425107660845,-1.5799812872725898,1.579933092086775,-3.1415444572082634,-1.4936176414784805,0.0,-0.032912522626447824,-1.5713961135829857,1.5890062639015152,-2.9654749159014373,-1.4928051895354484,-0.02326893883234298
1780433499.708796501,-0.0215039266579673,-1.5799890418764706,1.5799407653137312,-3.1415443759286075,-1.4935471212733322,0.0,-0.03295629938759043,-1.571109308457343,1.5887205890886367,-2.965556132004995,-1.4928406075705796,-0.023717963738979938
1780433499.758485079,-0.021523624765318772,-1.5799968041628674,1.5799484460705397,-3.141544294487549,-1.4934765205096667,0.0,-0.03299144208641682,-1.5708909070229922,1.588502366073691,-2.965615249259953,-1.4928950354847148,-0.02405365560977166
1780433499.808873177,-0.02154328447849796,-1.5800045501265068,1.5799561106045688,-3.141544213138525,-1.493406057533317,0.0,-0.03302661112424751,-1.570682019194395,1.5882930312921022,-2.9656693387244273,-1.4929715668783237,-0.024368449296633402
1780433499.858665943,-0.02156285212726594,-1.5800122586327703,1.5799637380044407,-3.141544132105509,-1.4933359247033415,0.0,-0.03306172568837868,-1.5704823582986087,1.5880923133857203,-2.965718567291486,-1.4930691824048319,-0.02466238999401736
1780433499.908663511,-0.02156285212726594,-1.5800122586327703,1.5799637380044407,-3.141544132105509,-1.4933359247033415,0.0,-0.03309670324005385,-1.5702916309848796,1.5878999347381855,-2.965763105630255,-1.493186852700297,-0.024935552067423282
1780433499.958660364,-0.021582280498360973,-1.5800199111030846,1.579971309888604,-3.141544051586197,-1.4932662912343897,0.0,-0.033131470868287036,-1.5701095449724471,1.5877156170220448,-2.965803126888533,-1.4933235203358897,-0.025188038391179172
1780433500.008650780,-0.021601528237073175,-1.5800274912771535,1.5799788101699455,-3.1415439717543605,-1.493197305341841,0.0,-0.033165961923097925,-1.5699358060332997,1.5875390821719533,-2.9658388075349054,-1.4934781133923667,-0.025419980528594968
1780433500.058631420,-0.021620559082246693,-1.5800349849097852,1.5799862247557128,-3.1415438927629724,-1.4931290969839193,0.0,-0.03320011519030059,-1.5697701200856278,1.5873700535700657,-2.9658703262038713,-1.4936495496630544,-0.025631537923270883
1780433500.108780384,-0.021639341501895615,-1.5800423796257022,1.5799935414037638,-3.141543814745664,-1.4930617791679337,0.0,-0.033233870551304744,-1.5696121948710742,1.5872082557962166,-2.965897862052004,-1.4938367460274127,-0.02582289664043069
1780433500.158677578,-0.021639341501895615,-1.5800423796257022,1.5799935414037638,-3.141543814745664,-1.4930617791679337,0.0,-0.0332671643709835,-1.5694617425053137,1.5870534139268593,-2.9659215926799942,-1.4940386274845747,-0.025994267651707374
1780433500.208713770,-0.021657848541228653,-1.5800496648581008,1.580000749661689,-3.1415437378172926,-1.4929954484952184,0.0,-0.033299947011117825,-1.5693184809941911,1.5869052604608676,-2.9659416966357566,-1.4942541034982593,-0.026145887983228915
1780433500.258574486,-0.02167605706562359,-1.5800568315491832,1.5800078405704057,-3.1415436620769697,-1.4929301878745846,0.0,-0.03334013984173677,-1.5691490958519179,1.5867290754909007,-2.96596199746781,-1.494540905973264,-0.026308039834579713
1780433500.308543444,-0.021693947424854088,-1.5800638720167175,1.5800148065320745,-3.141543587609463,-1.4928660677259478,0.0,-0.033371565741268414,-1.5690211527229048,1.5865951615570857,-2.9659745502773984,-1.494783094988141,-0.026416210913541887
1780433500.358706951,-0.021711411173964912,-1.5800707436466928,1.5800216053859621,-3.141543514864588,-1.4928034767134601,0.0,-0.03340209939806698,-1.5689024417919706,1.586469964148712,-2.965983215250444,-1.4950372579139486,-0.026505491731832573
1780433500.408582449,-0.021728080578572673,-1.580077301841281,1.5800280940713307,-3.1415434453787507,-1.4927437328023228,0.0,-0.033431840269610956,-1.5687932846316466,1.5863538112315,-2.9659879681042813,-1.4953028776318802,-0.02657619283485565
1780433500.458645344,-0.021728080578572673,-1.580077301841281,1.5800280940713307,-3.1415434453787507,-1.4927437328023228,0.0,-0.03346096286869721,-1.5686924404183884,1.5862455033275469,-2.965989234276119,-1.495578468670417,-0.02662869137365805
1780433500.508677483,-0.021743902569133944,-1.5800835258477974,1.5800342520631874,-3.1415433793807988,-1.492687026177573,0.0,-0.033489557334041256,-1.5685988543374334,1.5861440194228753,-2.9659873909880248,-1.4958626463824125,-0.026663378161890454
1780433500.558817387,-0.021758868248127783,-1.5800894122910059,1.5800400760293665,-3.1415433169140856,-1.4926333887099394,0.0,-0.033524601036236494,-1.5684907233112346,1.5860254526817925,-2.9659812254079276,-1.496227974981311,-0.026682308986293198
1780433500.608655930,-0.02177298742736067,-1.5800949651482554,1.580045569911868,-3.141543257943524,-1.4925827852163067,0.0,-0.033552053548888454,-1.5684103867173382,1.585936347412942,-2.965973567990023,-1.4965268537723704,-0.026678426318756616
1780433500.658733130,-0.021786282639968846,-1.5801001933908037,1.58005074259302,-3.1415432023804204,-1.492535134921372,0.0,-0.033578946580040694,-1.5683348528613497,1.5858516938877592,-2.9659637792419606,-1.4968303673592172,-0.026658105154598665
1780433500.708671093,-0.021798784361529044,-1.5801051091026306,1.5800556060341784,-3.1415431501023736,-1.4924903285855455,0.0,-0.033605224869717204,-1.568263594217397,1.5857709812427303,-2.965952101306587,-1.4971374271176072,-0.0266217986966714
1780433500.758641958,-0.021798784361529044,-1.5801051091026306,1.5800556060341784,-3.1415431501023736,-1.4924903285855455,0.0,-0.033630826004088156,-1.568196162649735,1.5856937751540254,-2.965938755241645,-1.4974469956177412,-0.026569973873416197
1780433500.808599710,-0.021810527941403812,-1.5801097262731405,1.5800601740812232,-3.1415431009660435,-1.4924482395031475,0.0,-0.03366179135134744,-1.5681166846745738,1.585601646166225,-2.9659200348665067,-1.4978359548058433,-0.026484103283748655
1780433500.858521461,-0.021821551177362508,-1.5801140598436172,1.5800644615211592,-3.14154305481732,-1.4924087321949724,0.0,-0.03368567301020742,-1.5680565637988169,1.585531075306137,-2.9659036564117653,-1.4981475538360451,-0.02639913911637531
1780433500.908493519,-0.02183189263047325,-1.5801181250452565,1.580068483427225,-3.14154301149838,-1.4923716684476371,0.0,-0.0337087148118843,-1.567999233496045,1.5854630132151466,-2.9658862168839977,-1.498458541095093,-0.026300264327769513
1780433500.958658218,-0.02184159094447402,-1.5801219371323496,1.5800722548949593,-3.141542970850586,-1.4923369097528516,0.0,-0.033730880300243335,-1.5679444712949069,1.585397247343913,-2.965867874572452,-1.4987680380287283,-0.026187997860862886
1780433501.008627415,-0.021850683799504722,-1.5801255109718575,1.580075790636193,-3.141542932718882,-1.4923043210571052,0.0,-0.03375214059473095,-1.567892086478487,1.5853335980665633,-2.9658487774090765,-1.499075205259797,-0.02606286893957349
1780433501.058783293,-0.021850683799504722,-1.5801255109718575,1.580075790636193,-3.141542932718882,-1.4923043210571052,0.0,-0.0337724712720348,-1.5678419165227568,1.5852719128086994,-2.9658290627081936,-1.4993792457826547,-0.025925415424476874
1780433501.108554840,-0.021859207612010323,-1.580128860926349,1.5800791048632798,-3.1415428969530925,-1.492273771837083,0.0,-0.03379185805641593,-1.5677938244366674,1.5852120635987754,-2.9658088582981503,-1.4996793944964324,-0.025776183060238666
1780433501.158715010,-0.02186719729634401,-1.5801320007611501,1.580082211197295,-3.1415428634089704,-1.4922451369539518,0.0,-0.03381029086368619,-1.567747694782276,1.585153941649909,-2.9657882823571233,-1.4999749267999372,-0.025615723887277654
1780433501.208733797,-0.021874686319099723,-1.5801349436664998,1.5800851226899837,-3.1415428319479775,-1.492218296458514,0.0,-0.03382776283285556,-1.5677034308452154,1.5850974539557248,-2.9657674438107704,-1.5002651590733227,-0.025444594984297186
1780433501.258480549,-0.021881706130082,-1.58013770203467,1.5800878516033117,-3.141542802439714,-1.4921931376304922,0.0,-0.03384825415825529,-1.5676505927698337,1.585029023724675,-2.9657411838723866,-1.5006195173670904,-0.025216537996588833
1780433501.308487177,-0.021888286002445412,-1.5801402873978798,1.5800904093480619,-3.14154277476257,-1.492169555551368,0.0,-0.033863583085704335,-1.5676102231160742,1.58497594476064,-2.965720125445508,-1.5008955175749301,-0.025023468766080945
1780433501.358602524,-0.021888286002445412,-1.5801402873978798,1.5800904093480619,-3.14154277476257,-1.492169555551368,0.0,-0.03387797402472513,-1.5675714748383642,1.5849242846824267,-2.965699117190436,-1.5011642611861513,-0.02482157388965475
1780433501.408537149,-0.02189445379302768,-1.5801427107276549,1.5800928067800486,-3.141542748800603,-1.4921474503792673,0.0,-0.03389144078789655,-1.5675342940763084,1.5848739958475275,-2.9656782403316098,-1.501425228926994,-0.024611425361337976
1780433501.458496809,-0.021900235675456514,-1.5801449823305056,1.580095054096919,-3.141542724444607,-1.4921267283054291,0.0,-0.03390400012666524,-1.5674986329054867,1.584825036770264,-2.9656575703400434,-1.5016779406467917,-0.024393595961221152
1780433501.508733988,-0.021905656000043905,-1.580147111793373,1.5800971607842051,-3.1415427015927144,-1.4921073020562678,0.0,-0.03391567417572252,-1.5674644457878415,1.5847773716555489,-2.965637178658129,-1.5019219529238317,-0.02416865917844681
1780433501.558736086,-0.02191073728893045,-1.5801491079821792,1.5800991356139042,-3.1415426801503843,-1.4920890909107083,0.0,-0.033926487269242515,-1.5674316898106797,1.5847309688671751,-2.965617131953284,-1.5021568616755352,-0.0239371878340129
1780433501.608655214,-0.02191073728893045,-1.5801491079821792,1.5800991356139042,-3.1415426801503843,-1.4920890909107083,0.0,-0.03393645936859858,-1.5674003285185067,1.5846857987056595,-2.9655974894267065,-1.5023823068273872,-0.02369975149200112
1780433501.658645868,-0.021915500849053693,-1.580150979283025,1.5801009868831049,-3.141542660027801,-1.4920720185032792,0.0,-0.03394561365046575,-1.5673703288631282,1.5846418346975377,-2.9655783053836724,-1.5025979622672465,-0.02345691679510761
1780433501.708462477,-0.021919966622636622,-1.5801527335438124,1.580102722356212,-3.141542641140357,-1.492056013359906,0.0,-0.03395594366004125,-1.5673346969108817,1.5845885387844965,-2.9655550453332977,-1.5028533274990872,-0.023146638952043323
1780433501.758530140,-0.02192415309677287,-1.580154378039044,1.5801043492301161,-3.14154262340895,-1.4920410092219152,0.0,-0.03396334765539518,-1.567307647949601,1.5845472013730173,-2.9655370683334326,-1.5030459558369949,-0.022893708778537362
1780433501.808690310,-0.021928077387824985,-1.5801559195033184,1.5801058741672622,-3.1415426067593493,-1.4920269447435164,0.0,-0.03397001531743912,-1.5672818629277874,1.5845069957609732,-2.965519695890231,-1.5032279880102188,-0.022637191302708443
1780433501.858660460,-0.021931755428935773,-1.5801573642053102,1.5801073033687487,-3.141542591121014,-1.4920137628197327,0.0,-0.03397597207560979,-1.5672573138171426,1.5844679011785874,-2.965502963979179,-1.5033992519492219,-0.022377631138118022
1780433501.908646107,-0.021931755428935773,-1.5801573642053102,1.5801073033687487,-3.141542591121014,-1.4920137628197327,0.0,-0.03398124166256144,-1.567233973780226,1.58442989700008,-2.9654869041284817,-1.5035596117940402,-0.022115565240143336
1780433501.958631277,-0.021935201914653923,-1.5801587179263956,1.5801086425530135,-3.1415425764266565,-1.4920014107848383,0.0,-0.0339858506970368,-1.5672118159887054,1.584392963803395,-2.965471544780105,-1.5037089610547634,-0.02185152280765733
1780433502.008531094,-0.021938430227979033,-1.5801599859325695,1.580109896927653,-3.1415425626110305,-1.491989840673794,0.0,-0.03398982553331943,-1.567190814191675,1.5843570824668696,-2.965456910641999,-1.5038472257889786,-0.02158602413201049
1780433502.058662653,-0.021941454714022868,-1.5801611738682535,1.5801110720729896,-3.141542549598731,-1.4919790010735436,0.0,-0.03399315970119851,-1.5671709079676788,1.5843221941174779,-2.9654430291147893,-1.5039743496003144,-0.021319577714262895
1780433502.108569145,-0.02194436654151488,-1.5801623175679929,1.580112203416328,-3.1415425369145353,-1.4919685652394747,0.0,-0.03399641864821672,-1.5671470161390424,1.5842794574998385,-2.9654269151413515,-1.5041172135661331,-0.020985966887846954
1780433502.158499956,-0.021947194356165767,-1.5801634283224768,1.5801133020862637,-3.1415425242885293,-1.4919584305065126,0.0,-0.033998388386468445,-1.5671286965701974,1.5842459789069767,-2.965415036346257,-1.5042186515799132,-0.02071923780538475
1780433502.208519459,-0.021947194356165767,-1.5801634283224768,1.5801133020862637,-3.1415425242885293,-1.4919584305065126,0.0,-0.03213600595364171,-1.562930335571611,1.586260267402668,-2.971328721134047,-1.5047415794576675,-0.02264887847904139
1780433502.258701324,-0.02072287324511457,-1.5798104496567422,1.5796216594314836,-3.141032200494765,-1.496346672490354,-0.004252745511138301,-0.030330076435419594,-1.5577396341842595,1.5885239555936745,-2.9791130291154326,-1.5050041878997162,-0.025714282106962468
1780433502.308610439,-0.018826076422718607,-1.5791123613531486,1.578865178360834,-3.140803641339266,-1.5031467023286664,-0.00984453317315026,-0.030039359801697155,-1.5531103930204093,1.5894652186786957,-2.9855571367305953,-1.5042512675452344,-0.028408417562543614
1780433502.358677387,-0.01683359413120389,-1.578360984489679,1.5780586034456197,-3.140587027605779,-1.5102919854525974,-0.01480826855058659,-0.030638895341167708,-1.5491707791383584,1.5893861828181532,-2.990711879241261,-1.502997418791774,-0.030809417244387023
1780433502.408584118,-0.014776517893981378,-1.577545031754119,1.5772151906921368,-3.1404709340536234,-1.5176716446133058,-0.019285185066961752,-0.03216703166607754,-1.5450976677976156,1.588219274274239,-2.995610703196485,-1.5010950883451248,-0.033438334908029534
1780433502.458498478,-0.012684091642442219,-1.576678820591046,1.5763454774913057,-3.140442326971432,-1.5251813448408358,-0.023338288117929373,-0.033730882001481485,-1.5424413223916646,1.586670699499647,-2.998473711393224,-1.499526633119111,-0.03527243778873017
1780433502.508572102,-0.012684091642442219,-1.576678820591046,1.5763454774913057,-3.140442326971432,-1.5251813448408358,-0.023338288117929373,-0.03541676656935475,-1.5402615265789228,1.584748330435704,-3.0005320646122855,-1.4980585666895236,-0.03688957245547487
1780433502.558528662,-0.010580873566661708,-1.5757751950834757,1.575458778261547,-3.1404889813953076,-1.5327334424491186,-0.027015241871149343,-0.03710493042203667,-1.5385119806143157,1.582580325985071,-3.001889947571504,-1.4967849710682195,-0.03830817635439859
1780433502.608500242,-0.008487531052416841,-1.57484574967674,1.5745634019363985,-3.1405994562136748,-1.5402541183603606,-0.0303517308829786,-0.038710732259940484,-1.5371525638574157,1.5802703306389057,-3.002636335105859,-1.4957720226526907,-0.039544520986716576
1780433502.658486843,-0.006835419185288849,-1.574559121623599,1.5737992117413704,-3.1388765632053577,-1.546192701633064,-0.03180957802856543,-0.04170377595772967,-1.5317021170754304,1.5774343583149004,-3.0060577460043616,-1.4922310335767126,-0.03889388089521079
1780433502.708646059,-0.005919284597030838,-1.575563534981578,1.5732401185017915,-3.133270721327319,-1.5494870413954818,-0.03119669720572027,-0.043607422286869146,-1.524084459041564,1.5728110541377758,-3.009044699824762,-1.4885745364760523,-0.03787733644402909
1780433502.758524418,-0.005919284597030838,-1.575563534981578,1.5732401185017915,-3.133270721327319,-1.5494870413954818,-0.03119669720572027,-0.044643148809522394,-1.5179800643616534,1.568304158205503,-3.010692899444432,-1.485837510773622,-0.03688876206993091
1780433502.808644056,-0.005093794778478156,-1.5765314671812938,1.5727116253555882,-3.127924436929887,-1.552456233076322,-0.030629895599488144,-0.04503369629508885,-1.515086751923258,1.5650048986101222,-3.0108366845568946,-1.4844827845695303,-0.03607837208274358
1780433502.858603477,-0.004205162794919559,-1.577015588977675,1.572200613535911,-3.1243764930124067,-1.5556534186720095,-0.030421439392497085,-0.04471327205347009,-1.5141405639960483,1.5621960843583724,-3.009628707604674,-1.4842147222750532,-0.03551235120615281
1780433502.908673048,-0.003306062806107235,-1.5772509388904457,1.5717105237765394,-3.1217926875845214,-1.558889224132388,-0.03047025224364841,-0.04401437604964334,-1.5144677482128586,1.559788421294431,-3.0074846918511025,-1.4846167686439615,-0.03505955792677377
1780433502.958627701,-0.002410352789768311,-1.577296221628811,1.5712437748638106,-3.1199689957260404,-1.5621138175632003,-0.030666556449552296,-0.04302269313799187,-1.515904209589947,1.557786408670207,-3.004532419560557,-1.4856042560486038,-0.03472172644175229
1780433503.008711815,-0.002410352789768311,-1.577296221628811,1.5712437748638106,-3.1199689957260404,-1.5621138175632003,-0.030666556449552296,-0.041782755199592306,-1.5182719190483827,1.5561723300131647,-3.000898394698209,-1.4871034175259217,-0.03448904385678221
1780433503.058553457,-0.0015256236587966043,-1.577159149610642,1.570805296149189,-3.11889330098629,-1.565299877881559,-0.031015267944755287,-0.04031981771347251,-1.52143650808204,1.5549285964952813,-2.9966826990224136,-1.4890630909671823,-0.03435914241869345
1780433503.108617544,-0.0006619750561931426,-1.5768473980176996,1.5704004535499194,-3.1185564195292903,-1.5684110094283454,-0.03151913166571063,-0.03869899667451959,-1.525226810445278,1.5540300497736246,-2.9920079692652926,-1.4913953644976963,-0.03430792900024394
1780433503.158550501,0.00016162196094104964,-1.5763896046887496,1.5700354146407483,-3.1188788842865276,-1.5713787955573588,-0.03213009249645982,-0.0364899031611054,-1.5306424002695733,1.553339170946896,-2.9856561062726414,-1.4947472505153172,-0.034325407078859616
1780433503.208506107,0.0009244451032426326,-1.5758095318055272,1.5697175094066977,-3.1198034519455144,-1.574128420145712,-0.032809059284305775,-0.03462757492683048,-1.535365956441317,1.553094105017681,-2.9802738357449425,-1.4977009299469766,-0.03437601824949943
1780433503.258516788,0.0016071238055177517,-1.5751323667344561,1.5694528817134674,-3.121264101765193,-1.5765898571095853,-0.03350636602880108,-0.032718075301753226,-1.5403318360542624,1.5530886077799009,-2.974697551552075,-1.500842958050251,-0.03443619364696516
1780433503.308732033,0.0016071238055177517,-1.5751323667344561,1.5694528817134674,-3.121264101765193,-1.5765898571095853,-0.03350636602880108,-0.030787086152295997,-1.5454675083369063,1.5532908757051636,-2.968976021961207,-1.5041368785966776,-0.03448749606458746
1780433503.358720541,0.002191559580819291,-1.5743779711484702,1.569247622830207,-3.123213777263605,-1.5786976067753642,-0.0341780220059924,-0.028854545602082483,-1.5507180886007346,1.5536683478039,-2.9631440410339085,-1.5075558906660602,-0.034513601049583176
1780433503.408469200,0.0026182992983829756,-1.5737966213837566,1.5690994420150282,-3.124754430426291,-1.580236946416047,-0.03423155567405711,-0.0313247910788329,-1.5520142156322576,1.55390729663997,-2.959795223887299,-1.5075486245507765,-0.033023180865583576
1780433503.458554029,0.00280362541313095,-1.5744018443812733,1.5689192954162923,-3.121957306036861,-1.580905540612025,-0.031377914718826894,-0.035485099059121505,-1.5519885240441829,1.5522014398500716,-2.9560490575277636,-1.5063116783966608,-0.03098933814630468
1780433503.508583307,0.0028217500890983516,-1.575021868829234,1.5688222285302347,-3.1194087635940333,-1.5809709310865898,-0.027514832868756223,-0.03787779782663151,-1.5528534382609758,1.5518485286015382,-2.9526156646491026,-1.5067748686242848,-0.029122994004583635
1780433503.558700085,0.002670546804665941,-1.575497695762338,1.568833883679046,-3.1177626165375867,-1.58042543264387,-0.024189327291007423,-0.03882628988079525,-1.555156362073106,1.5518084813180435,-2.948125037924663,-1.5088038278390834,-0.027413350816054626
1780433503.608869791,0.002670546804665941,-1.575497695762338,1.568833883679046,-3.1177626165375867,-1.58042543264387,-0.024189327291007423,-0.03879175398321079,-1.5585926655411075,1.5519778318689614,-2.942753505224029,-1.5119548488798058,-0.025803719435179614
1780433503.658680916,0.0023603474080065023,-1.5757920954314928,1.568956414416328,-3.117155472333078,-1.5793064277418019,-0.02101394746002061,-0.03810319624513442,-1.562904280380696,1.5522880916200332,-2.936661311242506,-1.5159098810050553,-0.02424491724099127
1780433503.708630323,0.001891477398599184,-1.5759372238741518,1.5691854561020904,-3.1174563717835237,-1.5776153075742867,-0.017849426083762943,-0.03703728820066805,-1.5679086005474288,1.5526509037993206,-2.9299331617091178,-1.5204221919373553,-0.022686310215816005
1780433503.758610964,0.00126025022338494,-1.5759548077977659,1.569518682338475,-3.1185801796305,-1.5753391015626477,-0.014560691715824525,-0.0357316758088285,-1.5734054742937138,1.5530377489151024,-2.92271208001211,-1.5253332977215674,-0.02109186296518683
1780433503.808568954,0.000616692344665104,-1.575805872817706,1.5698803092066957,-3.1203964887780886,-1.5730190160227604,-0.011793162340193675,-0.03160453032621963,-1.5783091004863232,1.5559640045013168,-2.9176669905346313,-1.5326672964982495,-0.020557559813475165
1780433503.858498812,0.001422439464763503,-1.57488172087327,1.5695852380144693,-3.1226269116823873,-1.5759239014888013,-0.01585933350589741,-0.024669209582304275,-1.5783698987595525,1.5621161395675667,-2.9211093779978548,-1.5397102721315108,-0.023070164498880122
1780433503.908605099,0.001422439464763503,-1.57488172087327,1.5695852380144693,-3.1226269116823873,-1.5759239014888013,-0.01585933350589741,-0.01890584615989868,-1.5794398385859614,1.5670579007824628,-2.9231555467843897,-1.546026094171307,-0.025655016315314142
1780433503.958630800,0.002414881874630348,-1.5735531210099856,1.5692387350333654,-3.1261200929172506,-1.5795031435867237,-0.020227716331399748,-0.014043642404559442,-1.5812306795564623,1.5710024846937987,-2.9241147673185615,-1.551764899228551,-0.028281520864707033
1780433504.008700371,0.003535312453469386,-1.5718826183558097,1.5688541797841846,-3.1307119874721248,-1.583545724641123,-0.024885605267793487,-0.009864018908144147,-1.5835214767277348,1.5741259646169234,-2.924234642672024,-1.5570477034869854,-0.030924844314546573
1780433504.058825731,0.004075233329492889,-1.5715047932647401,1.568613435005345,-3.131202000635816,-1.5854944715703514,-0.026467756033499157,-0.012022195626944123,-1.576516076675908,1.5768683736596782,-2.9320976005341874,-1.5549313151808277,-0.030923157792474086
1780433504.108926296,0.004111575608013673,-1.5725557572429398,1.568466442019561,-3.126917304804194,-1.58562565860481,-0.02600250553391703,-0.013876025639305825,-1.5659284712424766,1.5766643221169638,-2.9399238759782653,-1.5520892199243435,-0.031019588689470353
1780433504.158725500,0.004111575608013673,-1.5725557572429398,1.568466442019561,-3.126917304804194,-1.58562565860481,-0.02600250553391703,-0.014630140202334357,-1.5598417738744539,1.5756502554527394,-2.9436215099351166,-1.5505450134357885,-0.03105716243520209
1780433504.208659172,0.004058439088629129,-1.5738275513872004,1.5683271625963155,-3.121887313224199,-1.5854338490220288,-0.02554106175741211,-0.015193550525261555,-1.5558158914744737,1.5758063720791406,-2.947119072195851,-1.5498742845748354,-0.031086982539450386
1780433504.258498907,0.004070203287143137,-1.5744440449802743,1.5682343131624283,-3.1193652833218475,-1.5854763144677282,-0.025427176728746836,-0.01499158370599365,-1.5534115242859938,1.5758435906673647,-2.949349292022162,-1.5503196405103294,-0.031273862955335296
1780433504.308809280,0.004044279280732033,-1.5749577048265264,1.5681735990319026,-3.1173265809872888,-1.5853827363848003,-0.025299998910131904,-0.014915423544938885,-1.5524207337428404,1.5757737076079685,-2.9502848163951345,-1.550892783570863,-0.031342793068964744
1780433504.358665466,0.004019557904437088,-1.5753448651494937,1.568129108869595,-3.115796418346244,-1.585293500413659,-0.02517079309996717,-0.014707507633050771,-1.552512828934769,1.5757095670250878,-2.950308824856747,-1.5519072715024003,-0.03142219627540749
1780433504.408604860,0.0039780348453231085,-1.575582914064113,1.5681154041413454,-3.1149049352361504,-1.5851436180651657,-0.02508226745869102,-0.014367074142098183,-1.5535463067900075,1.575616263109288,-2.949473634920549,-1.5533195283367152,-0.031485092752328574
1780433504.458613634,0.0039780348453231085,-1.575582914064113,1.5681154041413454,-3.1149049352361504,-1.5851436180651657,-0.02508226745869102,-0.013834941088535247,-1.555355798356092,1.5755486834073933,-2.94793277820853,-1.555128905742502,-0.03153952859180582
1780433504.508572102,0.003900836320003931,-1.5756842625566296,1.5681417767122232,-3.1146400464477813,-1.5848649680156832,-0.025018375211765864,-0.012978771332092227,-1.5586021643742587,1.5754619688620835,-2.9450408392185548,-1.5578670190568644,-0.03156088519150362
1780433504.558504105,0.003774801447491871,-1.5756542114599164,1.5682148173331294,-3.1150060375601156,-1.5844100616522452,-0.02499536204538977,-0.012114189541320423,-1.5618605152061802,1.5754141071269994,-2.942063390377151,-1.5604125025930187,-0.0315393053131348
1780433504.608566999,0.0035803535828893285,-1.5754918890388385,1.5683448352002582,-3.1160430445968545,-1.5837082753731329,-0.024977115940966854,-0.011055622528978971,-1.5656259109174107,1.5753906669451325,-2.9385598464609273,-1.563262768844922,-0.031480752066393426
1780433504.658724308,0.003292845951792467,-1.575199595586965,1.5685435385892204,-3.1177858390161948,-1.5826707306553054,-0.024984273248314537,-0.009736537243717966,-1.5698159257827928,1.575375106959022,-2.9345875868034565,-1.5664007138720013,-0.031384290351108936
1780433504.708690643,0.00302175450049047,-1.574850672389955,1.568739710032103,-3.1197224259933556,-1.5816925426157429,-0.026017260954199095,-0.006966544592789695,-1.5726255744401811,1.576796053685618,-2.932930285491674,-1.5700559782180377,-0.03188412252589377
1780433504.758697748,0.00302175450049047,-1.574850672389955,1.568739710032103,-3.1197224259933556,-1.5816925426157429,-0.026017260954199095,-0.004153963376288733,-1.5752231150795524,1.5784395092592802,-2.931728548712445,-1.5736141197697604,-0.032624859990758245
1780433504.808490515,0.002794183643999304,-1.5745876909581344,1.5688985108357894,-3.121222562311035,-1.5808714766517813,-0.027188208577755724,-0.014197456565785388,-1.5695602949085687,1.5805518340371414,-2.9387646788354487,-1.567174225159378,-0.030682639580660663
1780433504.858645201,0.002106287531573381,-1.5763435072712184,1.5690091860203381,-3.1153910938546927,-1.578390044740706,-0.022057051416647155,-0.02256304304636615,-1.5638788535103627,1.5796705795779376,-2.9428375878455233,-1.56197897134682,-0.028820625998058343
1780433504.908851624,0.001406784703680941,-1.5784499082683796,1.569045018651216,-3.10808694701308,-1.5758674540375832,-0.017013717510817372,-0.029169850985897697,-1.5568145808775435,1.576983585859679,-2.9459000459629094,-1.557846046928001,-0.027347127901850118
1780433504.958496332,0.0007089948116301148,-1.580959824103883,1.568970045209698,-3.0990208888739916,-1.5733517390853935,-0.012339535743202568,-0.03470463675001445,-1.5491779940705843,1.5727565835146,-2.9475675830822925,-1.554419149750361,-0.026051452578969066
1780433505.008747339,-0.00014104197117781325,-1.583203740351836,1.5689853925584558,-3.0912548704908014,-1.5702880554644034,-0.007088794860605319,-0.03963360187446871,-1.5468343477587574,1.572134657681887,-2.94861102042011,-1.552955109358897,-0.024260739161051176
1780433505.058948278,-0.00014104197117781325,-1.583203740351836,1.5689853925584558,-3.0912548704908014,-1.5702880554644034,-0.007088794860605319,-0.04238832252379394,-1.5469874299998567,1.5719019131940253,-2.9477644893072936,-1.5537623987479328,-0.02265892063003217
1780433505.108534336,-0.0010931679634680336,-1.5849776869286112,1.56912530754224,-3.085593576375715,-1.5668575946313288,-0.0022697234547255363,-0.0427171920941083,-1.5493882427786643,1.5722163773533528,-2.9453762164981576,-1.5568819913671632,-0.021419714376616026
1780433505.158749819,-0.0019629379006449454,-1.5858429303919896,1.5694094156844738,-3.083595503776888,-1.563724908885411,-6.507693175716867e-05,-0.037767659290699654,-1.5553237315022876,1.5756549597722187,-2.943210962331363,-1.5642154669515167,-0.021475932104141452
1780433505.208773375,-0.0029092612420216213,-1.58648160654523,1.569783000303436,-3.082695336304244,-1.5603176027867596,0.0011881677865511007,-0.034314823518389125,-1.5593552440386196,1.5795974673434183,-2.9432955091831765,-1.5697568907400723,-0.021377465405324095
1780433505.258717060,-0.003806885302641838,-1.5871333599492594,1.5701227904642023,-3.081633124363233,-1.557086674196734,0.0020646744717116826,-0.031113559246425695,-1.5626200752120596,1.582562910091264,-2.94310699768443,-1.5747278643964497,-0.021419553623246157
1780433505.308664322,-0.0046650299269002105,-1.5877917787365865,1.5704355440490225,-3.0804548893801207,-1.5539987593143838,0.002611805974281033,-0.027422444155689164,-1.5658760235475295,1.5851765081149551,-2.942480318308385,-1.5802291808322653,-0.021621629201161275
1780433505.358514309,-0.0046650299269002105,-1.5877917787365865,1.5704355440490225,-3.0804548893801207,-1.5539987593143838,0.002611805974281033,-0.02470187546211519,-1.5679727516638406,1.5865838346033263,-2.941679504889141,-1.5841126733807556,-0.021872913591534066
1780433505.408606291,-0.00548290699170817,-1.5884537631660702,1.5707217433202223,-3.079173241557141,-1.5510565448964355,0.0028595396590903495,-0.02215519595821324,-1.5697480468680398,1.587481833837291,-2.940572026007826,-1.5875906001143878,-0.022187086453366433
1780433505.458626509,-0.006259328738474679,-1.5891108262169755,1.5709829910412065,-3.0778231768435784,-1.5482641647039275,0.0028205550830544116,-0.019832080844935616,-1.5712182136059818,1.5880307769549569,-2.939270614553979,-1.5906560889892118,-0.022551976216095827
1780433505.508525133,-0.006974650105263436,-1.5897626597585806,1.571208971608013,-3.0763700094003217,-1.5456921194987991,0.002495836571639096,-0.017173787772502277,-1.572788432184569,1.5882603412965948,-2.937241840667122,-1.5940080001114103,-0.023078419225873094
1780433505.558495522,-0.007618571451237344,-1.5904054599799187,1.5713953542139638,-3.0748119814313424,-1.5433772736866862,0.0018991747872419474,-0.015254285212060239,-1.573877913164706,1.58817690294003,-2.9353287671214887,-1.5963372782268501,-0.023551574823378607
1780433505.608632326,-0.008177796422518924,-1.5910246561636985,1.5715389940686886,-3.0731883505392417,-1.5413672566585852,0.0010032427896282821,-0.013532114905655236,-1.5748506882364168,1.587952583169,-2.933212658954153,-1.598365118673468,-0.024057066212536383
1780433505.658646107,-0.008177796422518924,-1.5910246561636985,1.5715389940686886,-3.0731883505392417,-1.5413672566585852,0.0010032427896282821,-0.01211967115191788,-1.5756380804438992,1.5877811038136924,-2.9311293343912967,-1.6000332943986042,-0.024576964542271384
1780433505.708605528,-0.00864378314039449,-1.591660284132927,1.5716251856536627,-3.0713112511773364,-1.539692609342926,-8.14605778671762e-05,-0.01140256466860866,-1.5770811311522728,1.5879569489381058,-2.9288138604278147,-1.6013712430779723,-0.024937476237137744
1780433505.758695126,-0.009075031381405196,-1.5919646331571462,1.5717776184755026,-3.0707986976930117,-1.5381429978976087,-0.0005723067976566298,-0.011875737379845824,-1.5821798137442595,1.5885192854473973,-2.924174033931379,-1.6030168773623015,-0.024706695285995627
1780433505.808679342,-0.009446811678319733,-1.5919170648444165,1.5719899432231281,-3.0716976189765557,-1.5368072205344783,-0.0005401535759688159,-0.012532625969623146,-1.5870120879785583,1.5890884082260825,-2.9195584946115836,-1.6046989166180357,-0.024456610992026093
1780433505.858599901,-0.009675094318879474,-1.591689254038065,1.572171365129367,-3.073106851425061,-1.5359870853818158,-0.0005353608391169828,-0.013358474362935985,-1.5920270026696306,1.5896040391956439,-2.914580456201214,-1.6065930045390442,-0.024147147013265268
1780433505.908529043,-0.009771361176469817,-1.5912490770869425,1.5723352607957133,-3.075184436261691,-1.5356412491383313,-0.0005178647291197436,-0.014518877941307793,-1.5985731679519377,1.5901119684251535,-2.9077966381024467,-1.6093449697600362,-0.023663733971673238
1780433505.958574772,-0.009771361176469817,-1.5912490770869425,1.5723352607957133,-3.075184436261691,-1.5356412491383313,-0.0005178647291197436,-0.015534183765668624,-1.603930842387947,1.5904446143386963,-2.902038601908086,-1.6118651600611056,-0.023202951489059237
1780433506.008720636,-0.009728808097703379,-1.5905996228160015,1.5724750052891114,-3.0778994645460966,-1.5357941189017401,-0.0004918245363185747,-0.016598372938305992,-1.6094104459989396,1.5906932617800225,-2.895972376772752,-1.614708961047443,-0.022671246018852998
1780433506.058663845,-0.009544494333797005,-1.5897186413556508,1.572591259413874,-3.081334390025441,-1.536456276714322,-0.000455590605531242,-0.01796394566712586,-1.6146286651302253,1.5913210104978304,-2.8903672680856705,-1.6176243760874576,-0.02201628494685753
1780433506.108620882,-0.009356836383971334,-1.5891887839068586,1.5726175241335676,-3.083251707289326,-1.5371304823387373,0.00032849231246652867,-0.02053675086211064,-1.6164100020147787,1.5946675271431356,-2.8900644306837506,-1.6189265030294469,-0.021080487208086723
1780433506.158648491,-0.009201723060838773,-1.588961041138953,1.5725890151009778,-3.083937655071634,-1.5376877894994925,0.000924827313240379,-0.02193711042165566,-1.6171856934856566,1.596975279243281,-2.8895726046024013,-1.620636808316658,-0.020273086308537178
1780433506.208540440,-0.009031917288836233,-1.5888102747508377,1.5725346641564717,-3.0842680804488305,-1.538297912195425,0.0009495495655244731,-0.02235808140240747,-1.6171094866279425,1.598665219031285,-2.8886304924556567,-1.6231303128912693,-0.019435330920937327
1780433506.258586168,-0.009031917288836233,-1.5888102747508377,1.5725346641564717,-3.0842680804488305,-1.538297912195425,0.0009495495655244731,-0.02167253215859541,-1.6161120337222261,1.5991618217453938,-2.8882391416426945,-1.6247308125427418,-0.019164771028498787
1780433506.308773279,-0.008821969742157876,-1.5890234693754612,1.5723745166348202,-3.082973822503929,-1.5390523060844208,8.570702312950555e-05,-0.02142476661141221,-1.6123053338369724,1.5998855877843838,-2.8902627610217246,-1.6249642715756807,-0.018903504408288505
1780433506.358639717,-0.008951414082863707,-1.58994133442196,1.5722241143989846,-3.079288991936421,-1.5385871751340563,1.288185215362795e-05,-0.02127378817057052,-1.6074315713653773,1.6025942051980826,-2.8949143186426687,-1.6246531674598246,-0.018209902418322
1780433506.409032583,-0.008951414082863707,-1.58994133442196,1.5722241143989846,-3.079288991936421,-1.5385871751340563,1.288185215362795e-05,-0.02069651084940687,-1.6039658466281121,1.6044655017154332,-2.898018058250687,-1.6245863403413656,-0.017366737045801914
1780433506.458677053,-0.009206206964781138,-1.590741074127049,1.5721623626280121,-3.0763264475045404,-1.5376716789369596,-5.750024956263644e-05,-0.020093803605230796,-1.6021517150799767,1.6054115098528443,-2.8994685007736476,-1.624628273070072,-0.016654764907397746
1780433506.508754492,-0.009535559721529197,-1.591420311409605,1.5721660284977867,-3.0740096797875642,-1.5364883756531862,-0.00014183248012233918,-0.019174954095641118,-1.6005688683664099,1.6061552251084934,-2.900421630320631,-1.6247306898574614,-0.01563374793293407
1780433506.558512211,-0.0098908770393491,-1.5919843337052155,1.5722100782282002,-3.0722308858711895,-1.5352119037296381,-0.00029184787593017347,-0.01818155837116887,-1.599733310845286,1.60640388501426,-2.9004393685063548,-1.6248396724050937,-0.014565075375571423
1780433506.608624220,-0.0098908770393491,-1.5919843337052155,1.5722100782282002,-3.0722308858711895,-1.5352119037296381,-0.00029184787593017347,-0.017185254150028813,-1.599556168035818,1.606265341226213,-2.8996367044803555,-1.6249336132188714,-0.013461970557386236
1780433506.658667564,-0.010245032101278362,-1.5924149506476928,1.5722863913700347,-3.071022231937778,-1.5339397264014734,-0.0004738101231636094,-0.015492197144321127,-1.60088205443515,1.6081494076110503,-2.9001295979831645,-1.6259783532707233,-0.01308080549694987
1780433506.708494425,-0.009570913698087935,-1.5916817511426515,1.5721176294285224,-3.0729460735915297,-1.536361361622955,-0.003307531355152271,-0.013659934221814725,-1.6020268292972526,1.6108614508332997,-2.902186742994374,-1.6272267012584454,-0.013571747405142174
1780433506.758662224,-0.008412625894969494,-1.5906506570668633,1.5717607767394222,-3.0752408356767704,-1.5405233069803828,-0.00680495106256096,-0.012832778330357477,-1.6024352312074317,1.6119301908928132,-2.903425100715112,-1.6276372337280995,-0.014075811820456906
1780433506.808568954,-0.007023876506603521,-1.589569574751974,1.5712835025361795,-3.077292568893699,-1.5455151389588648,-0.010342529120459076,-0.012668821049049612,-1.6022879846046871,1.6116987744805822,-2.9039134968699614,-1.6275065695008795,-0.014595753658360324
1780433506.858660221,-0.007023876506603521,-1.589569574751974,1.5712835025361795,-3.077292568893699,-1.5455151389588648,-0.010342529120459076,-0.012907104739621554,-1.6017373667020385,1.6104506939252752,-2.903709221004598,-1.6270614314749594,-0.01513675918059181
1780433506.908595800,-0.00542681685903279,-1.5884344101951982,1.5706959342190554,-3.079149904622362,-1.5512582978618115,-0.013998129607875498,-0.013348393199424912,-1.6009100586967522,1.6084169653006437,-2.9028588015864805,-1.626476011338248,-0.01570575813307299
1780433506.958785295,-0.003640241606353456,-1.5872368028155606,1.5700070619536517,-3.0808725742007694,-1.5576864208269008,-0.017847163570232638,-0.013821350798647299,-1.5999213701991302,1.6057563355312034,-2.9013635514508613,-1.6258941204728923,-0.0163152448790773
1780433507.008673429,-0.0016752260498424931,-1.5859747185303634,1.569219865841149,-3.0824778880356907,-1.5647610631863307,-0.021939532603719947,-0.014247287696556898,-1.5988292891307703,1.6026490368647106,-2.8993045971507425,-1.625391178826464,-0.01697290191125337
1780433507.058633327,0.0003001060006906364,-1.584244677059635,1.5685153283423086,-3.0859956673890134,-1.5718779062987824,-0.02500401194614721,-0.0166529223672966,-1.6030402504753818,1.5995420406245953,-2.8933371065426816,-1.6255037134795585,-0.016758683471783442
1780433507.108553171,0.0022751948780896925,-1.582113250954447,1.5678722412158426,-3.091137036265383,-1.5789992756789202,-0.027341394504769134,-0.018714815515922613,-1.6072295903809497,1.5971386099537583,-2.8877912350585455,-1.6261956011584382,-0.01636716534171348
1780433507.158683062,0.0022751948780896925,-1.582113250954447,1.5678722412158426,-3.091137036265383,-1.5789992756789202,-0.027341394504769134,-0.02058206898466808,-1.61183235924263,1.5947165720892302,-2.881669908518126,-1.6275626287821472,-0.015854239856897857
1780433507.208636045,0.004312519792473157,-1.5797522422121197,1.5672067002356287,-3.0970262543537364,-1.5863510566281036,-0.029509285372864902,-0.022247961205993438,-1.6167855645554274,1.5923098321266196,-2.8750691118393794,-1.6296094586777958,-0.015225738777253615
1780433507.258462429,0.006384038957062632,-1.5771338779879436,1.5665292747076713,-3.1038104912861266,-1.5938328667824209,-0.03150881893013491,-0.023998001673589734,-1.6234276255390743,1.5893070903071569,-2.8661903526685784,-1.6331609863528405,-0.014282125599750251
1780433507.308553219,0.008451327995957714,-1.5743304883525377,1.5658376039549728,-3.111241990175622,-1.6013064573320666,-0.033165813791809384,-0.026073303884981462,-1.6270411432911462,1.5895874026205834,-2.862866869497847,-1.6354874208654855,-0.012943997943567237
1780433507.358517408,0.010225764735007692,-1.572197034596063,1.5651631476192658,-3.1164054392305305,-1.6077272587014786,-0.033401974568924686,-0.02706446525875981,-1.6284788485597774,1.5905808482965247,-2.861858368899381,-1.6378719836505484,-0.011385531087277398
1780433507.408504009,0.01106984806864375,-1.5700135501902146,1.5649888106059002,-3.1235629023276,-1.610783571286138,-0.03348532730260789,-0.02567588751948705,-1.6336157968165894,1.5928816770875613,-2.859427546710581,-1.6419119936755486,-0.009407308614144015
1780433507.458648682,0.01106984806864375,-1.5700135501902146,1.5649888106059002,-3.1235629023276,-1.610783571286138,-0.03348532730260789,-0.024898201889629833,-1.638174071893987,1.5933694338143776,-2.8558015452369685,-1.645494291393856,-0.007136309381441088
1780433507.508629560,0.01121945059936702,-1.5680805173132786,1.565138822453886,-3.131026356155864,-1.6113253993014052,-0.032400622909202426,-0.023554088654333036,-1.641868334549926,1.5931897429507547,-2.852187998721865,-1.649218471290981,-0.004920964418447405
1780433507.558713436,0.011230560958136682,-1.56615142872041,1.5653332927451662,-3.138676925264939,-1.6113656402809102,-0.031756852624685195,-0.02100587678499151,-1.6440856479923571,1.5926323665744688,-2.8492861337935027,-1.6531555668242883,-0.0029860833824356487
1780433507.608659029,0.011237073695725242,-1.5643154530275343,1.5654909096400744,-3.14589891423527,-1.6113892290897152,-0.03165893097195749,-0.017907399364128836,-1.6448803056915855,1.591226308148377,-2.846608750771248,-1.6569148879786295,-0.001222541960354122
1780433507.658681154,0.011201849561185195,-1.5625799360886417,1.565635925122262,-3.152747078529838,-1.6112616499844021,-0.03194039163267259,-0.014378054263501075,-1.6446857530888561,1.5891384708182636,-2.8439832256245134,-1.6604698663496202,0.0004054302302512724
1780433507.708519220,0.010933044540121895,-1.5609115233726962,1.565875475994137,-3.1597280048388856,-1.6102881348854439,-0.03221979240053496,-0.009716093687639909,-1.6445433316193219,1.586174331426865,-2.840213687544351,-1.664741163128741,0.002432459862534338
1780433507.758720398,0.010933044540121895,-1.5609115233726962,1.565875475994137,-3.1597280048388856,-1.6102881348854439,-0.03221979240053496,-0.009211012711397779,-1.6429740527739387,1.5870268335943916,-2.841794526189715,-1.6654616008843603,0.003918731672830372
1780433507.808534384,0.010504373418147361,-1.5600257533718036,1.5661416587362271,-3.1639554606874527,-1.6087359187096917,-0.030467646983931118,-0.01068833576419645,-1.6388392251058237,1.5898121878912483,-2.8475103203572587,-1.6649626302487504,0.00664501779696238
1780433507.858472824,0.010024883543729546,-1.5594063071024102,1.5664151988389134,-3.1672382816362092,-1.607000086863395,-0.027910989540899322,-0.011882340717903648,-1.635363884723902,1.591005752215793,-2.851635924458306,-1.6645847513453007,0.008850972029694548
1780433507.908754826,0.009478556901129531,-1.5588981759580705,1.56671365602078,-3.170207420870748,-1.6050228021781834,-0.025022165291477272,-0.013024190961304803,-1.631781124743232,1.5914272986362903,-2.8554025274544927,-1.66423751886822,0.011083731468012356
1780433507.958856583,0.00829801107519157,-1.5591055270639673,1.5673109225528306,-3.171625975176236,-1.6007519407289976,-0.020167006568893697,-0.015306523190528974,-1.6264197939701974,1.593805110643566,-2.8632747759571786,-1.6618873048110476,0.014103240439273513
1780433508.008492231,0.00829801107519157,-1.5591055270639673,1.5673109225528306,-3.171625975176236,-1.6007519407289976,-0.020167006568893697,-0.017672686238568103,-1.6204532309825845,1.5959635513286083,-2.872218311012075,-1.6586981036521296,0.017639765551183528
1780433508.058923483,0.006380035136791307,-1.5599576767806962,1.5682555920031553,-3.171931806677055,-1.5938183992795816,-0.01334952343752338,-0.018569474525848638,-1.6109741638426271,1.597127996445781,-2.883234396445799,-1.6551878483343763,0.01994496712008275
1780433508.108582020,0.005129800547087671,-1.561446624167818,1.5688337216764925,-3.168548140033034,-1.5893020499963573,-0.010292065318068033,-0.018564467908505973,-1.5952719038551724,1.5973841791349148,-2.898525563979606,-1.6500580808263696,0.02010864670790012
1780433508.158502817,0.004259311156386225,-1.5634465497376926,1.5691843950644029,-3.162472721412706,-1.5861589701140373,-0.008700447948310597,-0.019349487911498937,-1.5804546058810054,1.5956215761515402,-2.911668429242008,-1.6442081115208464,0.02027010474992715
1780433508.208618402,0.003417726659066478,-1.5657575271556432,1.5694757352925202,-3.1550806526219586,-1.5831213791414216,-0.006845966701300554,-0.020730774098397346,-1.5664462946986832,1.5921856201294935,-2.922835282078826,-1.637783790450886,0.02042899015978975
1780433508.258782625,0.003417726659066478,-1.5657575271556432,1.5694757352925202,-3.1550806526219586,-1.5831213791414216,-0.006845966701300554,-0.0225480033427057,-1.55319677679074,1.5873722024544528,-2.9321560870331984,-1.6309159917550853,0.02058624094445479
1780433508.308484316,0.0025929926675438697,-1.5683914485402273,1.5696968990519948,-3.1463120473217008,-1.5801456525811313,-0.00475323062659605,-0.025239187052531795,-1.5376589159829317,1.5798001909826698,-2.941351852908713,-1.6218783156929855,0.02078501314831722
1780433508.358580589,0.0017738567512213255,-1.5713518027521856,1.5698333405265243,-3.1361289220282096,-1.577191123785048,-0.0024391268609065264,-0.023144243359996628,-1.5291646323925576,1.577742305818593,-2.949695621934203,-1.6180032393092483,0.02012977228693054
1780433508.408520222,0.0008268955106394138,-1.5732380866653894,1.570108440391927,-3.1303570749690133,-1.573776753578012,-0.003487790119907075,-0.019254746493456883,-1.5247806522884675,1.5780968484417361,-2.957501571377967,-1.615714522605407,0.019259553772183077
1780433508.458604336,0.00019272355241284345,-1.5743072500899133,1.5703045868534877,-3.127241888203648,-1.57149088658963,-0.00531713298413905,-0.015376981119225827,-1.5233583884062414,1.5805078775747023,-2.9657433234196477,-1.614619562144484,0.017970167619641823
1780433508.508635998,0.0001704261331438861,-1.5746505960250836,1.5702717936945187,-3.12590096666118,-1.5714105259123965,-0.007463482399661103,-0.013088175420724076,-1.5230865843944068,1.5819340968994535,-2.9723257673631904,-1.612764985807935,0.0168567212130157
1780433508.558648586,0.0001704261331438861,-1.5746505960250836,1.5702717936945187,-3.12590096666118,-1.5714105259123965,-0.007463482399661103,-0.012056454765543189,-1.523495576887579,1.5821963508863888,-2.9771836860742438,-1.6102625768386647,0.015962559802695724
1780433508.608647585,0.00037883463722843125,-1.574824535985404,1.5701403105602953,-3.124811831579828,-1.5721616642459182,-0.00908163684529395,-0.011846356396819326,-1.524381787000201,1.5815460737755263,-2.9805761347922783,-1.607451149278691,0.015235260290253573
1780433508.658617496,0.0007924481751531154,-1.5748615399774373,1.5699191156934842,-3.123890290888729,-1.5736525740345613,-0.01034756807974091,-0.012139288430644405,-1.5256000633951814,1.5801887439155735,-2.9827049090868663,-1.6045751464821636,0.014631171528533014
1780433508.708536386,0.001391768468438359,-1.5747864495899169,1.5696144436835595,-3.123069907436292,-1.5758133092929256,-0.011390931352583955,-0.012910004419215526,-1.5274304901075526,1.5777127772066175,-2.983798180398867,-1.6011181178051475,0.014002493487849307
1780433508.758525133,0.0021694981587134787,-1.5746147366169332,1.569226955289518,-3.1222979033748306,-1.5786180338901712,-0.012281948606834625,-0.013643007854711684,-1.5290804000184801,1.575306078389876,-2.983589193543189,-1.5986357550454324,0.013555499785178475
1780433508.808715820,0.0031108674125348568,-1.5743597367778008,1.5687612259639159,-3.121543187206631,-1.5820140793865871,-0.013116440993902856,-0.01436507162930313,-1.530822014593621,1.572580613054749,-2.9824771739926685,-1.5964670945504595,0.013143200264466302
1780433508.858616114,0.0031108674125348568,-1.5743597367778008,1.5687612259639159,-3.121543187206631,-1.5820140793865871,-0.013116440993902856,-0.01457868664122402,-1.5328476947239311,1.5702052478146111,-2.981001726406817,-1.5950603428670798,0.012549225090234385
1780433508.908614874,0.004313243100571684,-1.5738344869255547,1.5681891546767308,-3.1213703351131765,-1.586353667846108,-0.014562389404906284,-0.01338781353153524,-1.5353331010915996,1.5693888613705569,-2.9803552015183414,-1.5950261756912458,0.011332231639874396
1780433508.958640575,0.005754144697887487,-1.5729903214316279,1.567525897384497,-3.122007655691448,-1.5915571147555916,-0.017106995604756925,-0.011847969520486272,-1.5381964018075553,1.5679436854066702,-2.9787442257525023,-1.595048665912589,0.009639310488797133
1780433509.008510113,0.007248461268812623,-1.5722083388579886,1.5668166484423867,-3.122261221942117,-1.5969570157046196,-0.019762596116312814,-0.012226500152108107,-1.5371213480359467,1.5685756453153812,-2.981801361660636,-1.593126461349044,0.008622336866917202
1780433509.058667421,0.008489726693417188,-1.5723934156166806,1.5661064147929162,-3.1190685878906983,-1.6014453441347438,-0.02106281495428952,-0.012734997219517893,-1.5344291925440947,1.5696195740711647,-2.986604137124569,-1.5905143152891679,0.007794056667457878
1780433509.108781576,0.009582503232099304,-1.5726441256434551,1.5654597365365297,-3.115873738063588,-1.605398967109263,-0.022663802013755507,-0.012328874672644157,-1.5321847971169413,1.5698396006258672,-2.99007276871455,-1.5884468190849925,0.006870522249870743
1780433509.158500910,0.009582503232099304,-1.5726441256434551,1.5654597365365297,-3.115873738063588,-1.605398967109263,-0.022663802013755507,-0.011746956586154563,-1.5315795499920286,1.5699128851461281,-2.992047400094259,-1.5866614936055938,0.00619043829595411
1780433509.208614826,0.010313496137236644,-1.5726357061014644,1.5650486694783556,-3.114440461361612,-1.608044861503993,-0.023083468952989072,-0.014890339458513428,-1.5410728132190732,1.5721159889640342,-2.9892115369943415,-1.5844639914989391,0.008124261566722406
1780433509.258656025,0.010353579383152844,-1.5716308267260901,1.5651723836407454,-3.118451544087439,-1.6081899744355708,-0.019888098463034964,-0.016418464697090664,-1.551578414222325,1.5727118914773153,-2.983653614358008,-1.5839758892609939,0.009892509537676428
1780433509.308519840,0.010219799978841149,-1.570459793307922,1.5654059338749786,-3.1234597072452632,-1.6077056657646374,-0.01689459186841802,-0.01762647306036476,-1.5615135787658128,1.5735501410937849,-2.9786905735123415,-1.5835966341438035,0.011931510781717086
1780433509.359135628,0.010016824994667717,-1.5695425584367184,1.565633636040822,-3.1275547601594953,-1.6069709171679403,-0.014010646743831678,-0.01810776445521721,-1.5679820961752062,1.5740101387555694,-2.9751848745952567,-1.5836951777370407,0.013364374406370068
1780433509.408612013,0.009751708009682725,-1.5686400958346676,1.5658846663901014,-3.1316917164487936,-1.6060113332052088,-0.011126114989774116,-0.01832524027044831,-1.5738158497079189,1.574302914142775,-2.9716242067066543,-1.584180447266677,0.014694572897219768
1780433509.458553553,0.009751708009682725,-1.5686400958346676,1.5658846663901014,-3.1316917164487936,-1.6060113332052088,-0.011126114989774116,-0.01842144310724004,-1.5791003553797527,1.5744073598541448,-2.9679591896187376,-1.5849757827730353,0.015945910364423322
1780433509.508740902,0.009444739332686858,-1.5677374314091308,1.5661491852972413,-3.1358892950331496,-1.604900426041378,-0.00819696159231853,-0.018378444339894134,-1.5839562960019204,1.5743895023791337,-2.9641633271551697,-1.5861029796010144,0.017124919440776473
1780433509.558684111,0.009098917330725431,-1.566825275692639,1.566425958396435,-3.1401770459845375,-1.6036491117172664,-0.00521857773329959,-0.01822050416432227,-1.5884476801815506,1.5742704110728316,-2.960230795642152,-1.5875526321014897,0.01823198521917197
1780433509.608578205,0.00871556462151335,-1.5658927061850658,1.5667144887535203,-3.1445935029246,-1.6022622444423789,-0.002173231181235913,-0.017995823439086508,-1.592645277173852,1.573982444939499,-2.9560646627631355,-1.5892978600137717,0.019307252481741623
1780433509.658724785,0.008295537588093538,-1.5649398511077113,1.5670132969558077,-3.1491339784259527,-1.6007429949560397,0.00095845327678845,-0.017699369134384663,-1.5965801554948937,1.5735756496310418,-2.9516985422911,-1.5913425731046769,0.02035238152523169
1780433509.708832979,0.008295537588093538,-1.5649398511077113,1.5670132969558077,-3.1491339784259527,-1.6007429949560397,0.00095845327678845,-0.01734044808374139,-1.6003045857687557,1.5730586234174244,-2.9471185140109455,-1.593688423579926,0.021367276459516454
1780433509.758593559,0.007847793442768314,-1.563951510336631,1.5673176809697371,-3.153838042751538,-1.5991238287428784,0.00418855494626058,-0.01571892960237311,-1.6024854983056152,1.573615581892606,-2.9444906352391764,-1.5963927131246802,0.021810129800564293
1780433509.808634043,0.007509726559797647,-1.5631742062485259,1.5675413181962787,-3.1574909429846105,-1.59790151368051,0.005048086427839483,-0.010363321745803823,-1.6004174639494675,1.5772222869784545,-2.9480086491234707,-1.5993465150174626,0.02047289852293392
1780433509.858500719,0.007257604305372034,-1.5624672119401755,1.567709974411695,-3.160694856755656,-1.5969900666697132,0.004120525752062578,-0.0033883216272210196,-1.5964188152592858,1.5814135665090634,-2.953771648000648,-1.6022195139144448,0.017844957125756983
1780433509.908494711,0.007639128169810716,-1.5615739664039188,1.5675571974069593,-3.1634188196992277,-1.5983693552719922,1.7974042213972363e-06,0.00237417121491026,-1.5915526083551956,1.5847587991671102,-2.960312665973869,-1.6036220241192238,0.014625659956450586
1780433509.958644152,0.008196378792652226,-1.560441486600979,1.5673187708631489,-3.1667187769760217,-1.600384379593189,-0.004428223160446443,0.007071061443105085,-1.5875220311930125,1.5867317211849519,-2.9653075789961956,-1.6042994442054703,0.011353894285959511
1780433510.008648157,0.008196378792652226,-1.560441486600979,1.5673187708631489,-3.1667187769760217,-1.600384379593189,-0.004428223160446443,0.010895459912105854,-1.5841445122054258,1.5875957688203988,-2.9690129825316522,-1.6043942613564395,0.008047530761213091
1780433510.058642626,0.008899945473662685,-1.5591171179321552,1.5670036518721058,-3.1704584040781603,-1.602929252601263,-0.009152485363030927,0.0138181798046987,-1.5817412536855686,1.5879885813403063,-2.971762880940893,-1.6040601931361265,0.0048152947382823896
1780433510.108689547,0.009713448226678079,-1.5575477617392304,1.5666271773363059,-3.1748967080760035,-1.6058728633851391,-0.013922363494500267,0.016699807760632703,-1.5792657368900445,1.5874982424675013,-2.9740076330947907,-1.6031779304735059,0.0007973055555992639
1780433510.158701181,0.010602898073270639,-1.555885040752412,1.5661985470097235,-3.17951136126894,-1.6090926461067792,-0.01894847329171423,0.018588549497839127,-1.5774856707895841,1.5863767106442153,-2.9749678869338396,-1.6022076647397228,-0.0024188241539236325
1780433510.208579779,0.011557352931724774,-1.5541436648521794,1.5657208658330213,-3.1842619953303277,-1.6125493622654137,-0.02421650584255186,0.02015172675296886,-1.575891718037946,1.5847171718902886,-2.9752355438467184,-1.601086421928968,-0.005632717163903264
1780433510.258917093,0.012344127856960707,-1.552856068736923,1.565315315585796,-3.187596928943668,-1.6154000834857971,-0.028268915834635422,0.0195445901496767,-1.572678473130673,1.5830629050362575,-2.976902392375761,-1.5980777171885163,-0.007909420017376403
1780433510.308663845,0.012344127856960707,-1.552856068736923,1.565315315585796,-3.187596928943668,-1.6154000834857971,-0.028268915834635422,0.013165792179733052,-1.5634412333075511,1.5808825540597573,-2.983264313451382,-1.5895341440244752,-0.007270181064322315
1780433510.358610630,0.01215337168351005,-1.5539843036272174,1.5654167955135507,-3.1837385870570625,-1.6147088087155401,-0.026435321448314397,0.008183512605338684,-1.5533936577298961,1.5769544399176123,-2.9883479032198657,-1.5817233024555126,-0.006697699270571915
1780433510.408852339,0.011808294084167281,-1.5556673151415286,1.5655834659815113,-3.178063039448345,-1.6134584698260097,-0.024691279180657943,0.004354973287171173,-1.542929464968414,1.5716151567447492,-2.9921062478659297,-1.574528329598475,-0.006164400757117318
1780433510.458507299,0.011308828776031898,-1.5578666731744004,1.5657980714490645,-3.1706765134358594,-1.6116491276307823,-0.022961493967970092,0.0008873069368661734,-1.5296109472490187,1.5633779567952315,-2.994971448582852,-1.5662162081337228,-0.005543142351754832
1780433510.508492947,0.010643058837719988,-1.5604074235061018,1.5660522935770353,-3.162224685222064,-1.6092380609644765,-0.021057576335040906,-0.0015480578785407452,-1.5227140609717518,1.5589739156163107,-2.9963991338997755,-1.5606328441428545,-0.0046138182274456695
1780433510.558647394,0.009747802858926402,-1.5615862757003995,1.5664635621083112,-3.159390823757948,-1.6059971995615943,-0.017940600233539605,-0.0033037399443981426,-1.5233026940047845,1.5596256107152002,-2.9972792041795437,-1.5575890200970697,-0.003276810745041985
1780433510.608502626,0.009747802858926402,-1.5615862757003995,1.5664635621083112,-3.159390823757948,-1.6059971995615943,-0.017940600233539605,-0.0037826633164632847,-1.525305152767034,1.5599450675364253,-2.9965135110744554,-1.5560287190213815,-0.002309669178628159
1780433510.658652782,0.00886648667656309,-1.5624076554210653,1.5668797697694086,-3.1578930632119873,-1.6028082090725038,-0.015613263197749916,-0.0033741305771421955,-1.5283724311313591,1.5600109913962221,-2.9944251289330643,-1.5555612923391315,-0.001662884906240799
1780433510.708587646,0.008004550522905163,-1.5629294582300455,1.5672988766638392,-3.1575056262283754,-1.5996906662361994,-0.013883361373326686,-0.002409079751599438,-1.5327847937047432,1.560342674814849,-2.991359996134734,-1.5559784515783166,-0.001199287855393679
1780433510.758730650,0.00694466503728286,-1.562782031194664,1.567854372337066,-3.160065946833954,-1.595858909312665,-0.011929588334472996,-0.0015027647585869814,-1.539087168940772,1.5627689336837192,-2.9891184429492434,-1.557119072596188,-0.0005554067963809509
1780433510.808550358,0.00694466503728286,-1.562782031194664,1.567854372337066,-3.160065946833954,-1.595858909312665,-0.011929588334472996,-3.055199636196231e-05,-1.5470132834533636,1.5652106498571772,-2.98567683681917,-1.5588099305891077,0.00015353796557149676
1780433510.858498096,0.005722641856421795,-1.5623033029537856,1.568500674837011,-3.1641780032788693,-1.59144331477877,-0.009948445252341287,0.0016159197275695863,-1.5544438481286118,1.5668688991416413,-2.9817709840053968,-1.560605566575736,0.0007272919646240696
1780433510.908561468,0.004417764775687116,-1.5616944121079825,1.5691800029367362,-3.168900710770761,-1.5867310106263641,-0.008145642815878595,0.003329666407364385,-1.5614579052011628,1.5678720433249291,-2.977439039580868,-1.5624378164099766,0.0011977388538680388
1780433510.958726406,0.003031651236266475,-1.560955167005793,1.5698861864353553,-3.1742180338477466,-1.5817282513794204,-0.006433691188560076,0.0050368011123447095,-1.5681098499854693,1.568324465775329,-2.972719551333374,-1.5642695670887719,0.0015955825075487395
1780433511.008653879,0.0015637257656959669,-1.5600903056364936,1.5706135454143477,-3.180098201085725,-1.576433363155279,-0.004771236005484347,0.006681479311918643,-1.5744425404325497,1.5683078776743116,-2.96764269329052,-1.5660834066947429,0.0019491802354649882
1780433511.058838367,0.0015637257656959669,-1.5600903056364936,1.5706135454143477,-3.180098201085725,-1.576433363155279,-0.004771236005484347,0.008171248231588718,-1.58052056240549,1.5678523898808603,-2.9621863958126684,-1.5678487714582756,0.0022956820566192196
1780433511.108474016,1.922126368092414e-05,-1.5590922821248387,1.5713534224354837,-3.1865447606155284,-1.5708655963520863,-0.003060886700244403,0.011213053792862613,-1.5850482560898653,1.5681880981335539,-2.9584248769257604,-1.5699005302594733,0.0018728234797404156
1780433511.158670425,-0.001290339322697065,-1.5583049080169644,1.571959279763524,-3.1917331368207753,-1.5661473477112473,-0.00366895332342132,0.017222656826252677,-1.5792032348853366,1.572369350899615,-2.966749520429355,-1.5705476332357253,-0.001365975608879426
1780433511.208765984,-0.0017669331290104395,-1.5581072095278632,1.5721760667657199,-3.1932789731792735,-1.5644307812371654,-0.008698944697985489,0.018447049893242036,-1.5679870827161926,1.5770677889939277,-2.980894707756198,-1.5665894497701354,-0.004578191443148068
1780433511.258594990,-0.0020294342949824795,-1.559239308500878,1.5723035760953041,-3.189512127354636,-1.5634854465461814,-0.011153090095048057,0.015927336891210352,-1.5556765133775006,1.5795979058886658,-2.994510841686165,-1.5599024205436907,-0.0069050889863413786
1780433511.308674574,-0.0021726975640010693,-1.5606923038271319,1.572365674038355,-3.1843205444243745,-1.5629695557863883,-0.013447587300712271,0.012770214353652921,-1.543847537533189,1.5799905989088492,-3.006019458890108,-1.5528452049712091,-0.0091324834646478
1780433511.358529568,-0.0021160086491196495,-1.5618280329104666,1.5723252283721205,-3.179950263456476,-1.5631736893177193,-0.015591772281457139,0.008418575600279537,-1.5332813634340807,1.580258969306563,-3.017390334527186,-1.5450237557528719,-0.011743156093621277
1780433511.408467770,-0.0021160086491196495,-1.5618280329104666,1.5723252283721205,-3.179950263456476,-1.5631736893177193,-0.015591772281457139,0.0047863166029187745,-1.5264656355238877,1.5796044436244534,-3.0244380223048544,-1.5392912177067326,-0.013759161827189354
1780433511.458684206,-0.0018920093987260245,-1.562895123367963,1.5721975154508023,-3.175528212166382,-1.563980338105794,-0.017676838414709017,0.0011895647132800352,-1.5209648076712083,1.5783868716749125,-3.029844826011706,-1.5341500853365058,-0.015730043909709026
1780433511.508553028,-0.0015184171230036014,-1.5639010315895412,1.571990257392531,-3.1710549408597624,-1.5653258340015297,-0.01975139401579895,-0.0022440870817721317,-1.5165418074166679,1.576677007629464,-3.0337518188662793,-1.5296513789726838,-0.017679371919382774
1780433511.558613539,-0.001010655119838333,-1.5648581771851369,1.5717096573865084,-3.166507336494056,-1.5671548360929144,-0.0218681101571514,-0.005418025590065248,-1.5131237325214197,1.574621831968571,-3.0362739412401205,-1.52586056682297,-0.019624196469645548
1780433511.608679056,-0.0007719175745641849,-1.56687692412312,1.571487940604237,-3.1583092748228543,-1.568014907124871,-0.021107730953003667,-0.012882535287110176,-1.5057233081801265,1.5719765869423594,-3.0415213986778253,-1.518124241630289,-0.01957362351100006
1780433511.658673763,-0.0007719175745641849,-1.56687692412312,1.571487940604237,-3.1583092748228543,-1.568014907124871,-0.021107730953003667,-0.01946863729445962,-1.4984682450455225,1.567711276773828,-3.0446791859276146,-1.5111539972982593,-0.019317395111115895
1780433511.708608866,-0.0007547022969411898,-1.5695280901772595,1.5712885682620563,-3.147950474543216,-1.5680769294762582,-0.019251656431850783,-0.02468473897923125,-1.4923653374743315,1.5634838083253428,-3.0465033836070403,-1.505715931545924,-0.019227762241702483
1780433511.758635998,-0.000692951636907857,-1.5720691360576726,1.5710188433246466,-3.1378139017255156,-1.5682994049690304,-0.017570287294563336,-0.02891273808223109,-1.4884327352294493,1.5598584507669009,-3.046733508185979,-1.5018374641333108,-0.019199367023239586
1780433511.808525324,-0.000629753496694363,-1.5745772812312406,1.5706955539829082,-3.127677295291089,-1.568527100746631,-0.015913718134989985,-0.03302796041193557,-1.4849952248195688,1.555285500932554,-3.045034742901331,-1.4985475412092755,-0.019252537518332592
1780433511.858477592,-0.0005566063374393693,-1.5769099139680316,1.5703359762272397,-3.118105523079495,-1.5687906484245122,-0.01407967633812568,-0.03605956242968967,-1.4866342836553184,1.5544749984130417,-3.0426131020005784,-1.4976365248690005,-0.019046687571064685
1780433511.908687830,-0.0004018986394180857,-1.5776643179741594,1.5701396287706793,-3.1147390809438305,-1.5693480807855353,-0.014086111130537482,-0.03383596757375241,-1.494862220688142,1.5584908785755667,-3.0395429235520686,-1.5024304109825044,-0.020218211027078124
1780433511.958569050,-0.0004018986394180857,-1.5776643179741594,1.5701396287706793,-3.1147390809438305,-1.5693480807855353,-0.014086111130537482,-0.03154337558674761,-1.5014074229564285,1.5616857666959958,-3.036791523544507,-1.5068326332778916,-0.02131791037870976
1780433512.008614063,-0.0003706736698987356,-1.578500405975885,1.5699892489668716,-3.1112552894548173,-1.56946059241994,-0.014637182093043322,-0.029032563837900517,-1.5071279938855984,1.5637636254180192,-3.0333236389092435,-1.511104540483898,-0.02247495977840882
1780433512.058678389,-0.0004327835967972149,-1.5794485427937843,1.5698626964501343,-3.107470253353613,-1.5692367956018316,-0.01537975867016339,-0.026384411135491344,-1.5121809150001404,1.564918503451842,-3.029153116695676,-1.5152091684615832,-0.02366991174190479
1780433512.108788013,-0.0005675273124561286,-1.580462268286265,1.569755193647284,-3.103532526489355,-1.5687512999234503,-0.016567190221299377,-0.02258326374497563,-1.516713432237653,1.566037879662894,-3.0249870561001857,-1.5198757384108466,-0.02527864824657704
1780433512.158756256,-0.0006527436050172142,-1.5814276181186306,1.569621221318661,-3.0996813468269586,-1.5684442693561254,-0.01918100204262796,-0.01678389327575502,-1.5211251486080544,1.5669702565285046,-3.0198729361601444,-1.525885581493525,-0.02791104830612895
1780433512.208710909,-0.0005519755129856918,-1.5821110808645855,1.5694336234521942,-3.0966343928231264,-1.568807333430259,-0.023908999345137794,-0.009819284891224078,-1.5244434944903462,1.5692637286197113,-3.017376370074132,-1.5319339926196567,-0.03136528617127382
1780433512.258681774,-0.0005519755129856918,-1.5821110808645855,1.5694336234521942,-3.0966343928231264,-1.568807333430259,-0.023908999345137794,-0.00418597584897367,-1.5305373897406973,1.5731717448188276,-3.014687326399481,-1.537466255424468,-0.03482341729279985
1780433512.308681250,-0.00032614406421682673,-1.581958940788824,1.5693406817341662,-3.096837905368325,-1.5696210463837303,-0.028809717971912896,-0.002500873139877569,-1.5424751797572451,1.577535078464249,-3.0084239269143014,-1.5418286714831344,-0.03678176952645723
1780433512.358951569,-0.00019283008839110494,-1.5810217105200044,1.5694491856168837,-3.100493892351983,-1.570101434047201,-0.031585943385755044,-0.0018501211689447826,-1.5536008272578679,1.581060384744792,-3.0019425385458938,-1.5455621560832848,-0.03851379527627313
1780433512.408654451,-2.9429352513155038e-05,-1.580027613226731,1.5695440742590658,-3.1043104694394272,-1.5706902703265584,-0.03401774752061382,-0.0019561367550725815,-1.563886500301102,1.583934006837635,-2.9953733930754067,-1.54895026675951,-0.04004917173857176
1780433512.458677053,7.988779508383281e-05,-1.5788030853368191,1.5696986970730353,-3.109159529584862,-1.5710842296219036,-0.03574710393894698,-0.002965017122009979,-1.5746894556206392,1.586599797851816,-2.988224320328636,-1.5523005686709068,-0.04109829475675229
1780433512.508589506,-0.0006981050956724744,-1.5776103579133292,1.5703041635501094,-3.115514383872448,-1.5682808378743118,-0.03223151139305358,-0.010888293442421723,-1.5901089760380387,1.5941429737403814,-2.983473988647169,-1.553325275110935,-0.038710231661164524
1780433512.558795452,-0.0006981050956724744,-1.5776103579133292,1.5703041635501094,-3.115514383872448,-1.5682808378743118,-0.03223151139305358,-0.014701652689396633,-1.5959816409785903,1.597765539632747,-2.982289915681281,-1.5540179879607416,-0.037438867901001385
1780433512.608592987,-0.0016335046351265703,-1.5769469215443381,1.5708923689818695,-3.119955337301312,-1.5649113259778495,-0.02906829258116783,-0.01765349736109499,-1.6002498298238894,1.6003743771448875,-2.981258902994007,-1.5550511070132833,-0.036341842929410055
1780433512.658605337,-0.0026640357850062912,-1.5765806991433022,1.57147554944918,-3.123333786619925,-1.5612004462780869,-0.026410183289776512,-0.020491811695645037,-1.6039213646361175,1.6025168210169338,-2.979975901838489,-1.5568020372404163,-0.03511424191207299
1780433512.708667755,-0.0026640357850062912,-1.5765806991433022,1.57147554944918,-3.123333786619925,-1.5612004462780869,-0.026410183289776512,-0.022324225412038684,-1.6057701148727146,1.603390613643351,-2.9786601684991743,-1.558829332651699,-0.03411534155981014
1780433512.758517027,-0.0037901451824575716,-1.5764798755141038,1.5720626818007424,-3.1257883800973087,-1.5571469199651293,-0.024150980533954147,-0.02395548555086076,-1.6071516194215487,1.6032587124845519,-2.976360448864936,-1.561659428557619,-0.032870313952839764
1780433512.808513880,-0.005062434801207161,-1.5764256896336173,1.572709533155348,-3.1282936947341247,-1.5525690466372382,-0.02161235013988616,-0.02573671180078177,-1.6095113340048073,1.602732800895596,-2.973143775634859,-1.5643225464288377,-0.031388656339471514
1780433512.858692884,-0.006456377157067372,-1.5762513199880779,1.573422262193128,-3.1314673138765885,-1.547555591903211,-0.018346326262778767,-0.027383552247393285,-1.6115712188714877,1.60174239985228,-2.9694783479688938,-1.5672474755616528,-0.02981996022565339
1780433512.908560991,-0.007921954795149233,-1.5761077667010408,1.5741544036141173,-3.134606252680615,-1.5422867857063967,-0.014773086427349646,-0.02891908339633164,-1.6134190403706574,1.6003830022189232,-2.9653826440782773,-1.5704205331491223,-0.02815750259513915
1780433512.958638430,-0.009220032756388719,-1.5761681078288827,1.5747718613697748,-3.136608531129847,-1.5376220033131744,-0.012923492483137622,-0.02775678052490746,-1.6115408827326423,1.60073127258819,-2.9654870831879707,-1.5737022489034227,-0.027875236605149685
1780433513.008711576,-0.009220032756388719,-1.5761681078288827,1.5747718613697748,-3.136608531129847,-1.5376220033131744,-0.012923492483137622,-0.024286916766859026,-1.6073707626352896,1.6028175136793503,-2.9692778000447655,-1.5769234207750573,-0.02892202143630192
1780433513.058590174,-0.010152532819988735,-1.5762284199412253,1.5752087388457996,-3.1379636390445187,-1.534271986114348,-0.013916219735202517,-0.021140215804712127,-1.6040463803961282,1.6037480096224823,-2.9716126433617767,-1.5798272236994972,-0.03002226616891213
1780433513.108654261,-0.010982129792376227,-1.5760941178399168,1.575613929237167,-3.1399037236003355,-1.5312923359489545,-0.01518512013179052,-0.01832394775981314,-1.6014077399461133,1.6037637993013232,-2.972733160033742,-1.5823999630512582,-0.03114321990275848
1780433513.158826351,-0.011728361653752017,-1.5758077140657427,1.575991390758416,-3.142292539624332,-1.5286126383245087,-0.016660344667370985,-0.015830332951548808,-1.5993306918511134,1.6030650289581465,-2.9728346641200223,-1.5846459079260682,-0.032258415109815176
1780433513.208677769,-0.012407625419458057,-1.5754032261220816,1.57634439666984,-3.1450217034155976,-1.526173843414675,-0.018287022061137748,-0.013642869814945119,-1.5977181491426027,1.6018147273618797,-2.9720737800270007,-1.5865805853772386,-0.033346689646148474
1780433513.258979321,-0.012407625419458057,-1.5754032261220816,1.57634439666984,-3.1450217034155976,-1.526173843414675,-0.018287022061137748,-0.011308683126650582,-1.5962465788872393,1.5996783509778316,-2.970098941996982,-1.5885966595863281,-0.034642633347564636
1780433513.308609247,-0.013033564070534354,-1.5749074012755706,1.5766757707563446,-3.148006980455107,-1.5239268487323985,-0.02001993167773808,-0.009735890042714022,-1.5954374342534061,1.597637865625437,-2.967819597758946,-1.589920446113291,-0.035611117006509374
1780433513.358574390,-0.013617311226926887,-1.5743414379058578,1.576987896414309,-3.151182102588984,-1.5218316013555269,-0.021821382246142385,-0.008402111049018599,-1.5949089658480933,1.5953895563274396,-2.9650008719048633,-1.5910187861333644,-0.03650725682978205
1780433513.409002066,-0.014167756472311943,-1.5737222399894968,1.5772827340521924,-3.1544943430545054,-1.519856131864608,-0.023659988225392503,-0.0072872550903742605,-1.5946269384390916,1.5929925500511002,-2.9617010964285884,-1.5919212066326376,-0.03732298112168178
1780433513.458530903,-0.014691832682064643,-1.573063202746261,1.5775618668447176,-3.1579019049928654,-1.5179755134198984,-0.025509653710050095,-0.006172615667823792,-1.5945784563097156,1.5898499992966408,-2.956965953405666,-1.5928184120673645,-0.03822067849598568
1780433513.508520365,-0.015194777895240819,-1.5723747964806067,1.5778265388284487,-3.1613720200595115,-1.5161709150922515,-0.02734890958503655,-0.005482376878203945,-1.5947543999963978,1.5872504179211742,-2.952726968810293,-1.5933862553195788,-0.038836590923571876
1780433513.558676481,-0.015682928094981285,-1.571668512949044,1.5780786065538261,-3.1648701100365138,-1.514419577523535,-0.029173720510493162,-0.004922452411420145,-1.5950671838041366,1.584552116058016,-2.9480975329632018,-1.5938511922142102,-0.03936807349820316
1780433513.608951807,-0.015682928094981285,-1.571668512949044,1.5780786065538261,-3.1648701100365138,-1.514419577523535,-0.029173720510493162,-0.008490322386273008,-1.5927750519976112,1.582389715809171,-2.9462453484554207,-1.5910088672960079,-0.038373655701629664
1780433513.658629417,-0.0167017628686974,-1.5721523994787994,1.578491477081084,-3.164615817212712,-1.5107648364847766,-0.026885239270058925,-0.018435861752079896,-1.5885278446526927,1.5814649805041503,-2.9479473700992607,-1.5838200813375567,-0.03441825976315335
1780433513.708685875,-0.018287700884763503,-1.5732816347954106,1.5791054681467576,-3.162745730083537,-1.5050771446295093,-0.021027504950170695,-0.02132570978606454,-1.58158900154098,1.5845878667754076,-2.9559430085859657,-1.5800603012308676,-0.03348958801073935
1780433513.758782387,-0.018924045885633234,-1.5742318987194057,1.5793179897768368,-3.1600640221677816,-1.5027954332147253,-0.02114086813180016,-0.023119477012831544,-1.5718818562529826,1.5878232399811074,-2.9667613856022794,-1.575951631075222,-0.033532597496534644
1780433513.808485031,-0.01945746500220391,-1.5751462455469127,1.5794837471305854,-3.157348260679707,-1.5008829556678096,-0.021043107968868213,-0.024948913510798365,-1.5653898731464562,1.5890832498980374,-2.973556505061078,-1.572582188198728,-0.03344839515873425
1780433513.858739614,-0.019891020094771505,-1.57603426751069,1.5796038168167046,-3.15456757406671,-1.499328637029926,-0.0207803927988639,-0.02697419117017792,-1.5598847437200147,1.589432389015079,-2.9789151926860438,-1.5692581329099287,-0.033285658099119764
1780433513.908581018,-0.019891020094771505,-1.57603426751069,1.5796038168167046,-3.15456757406671,-1.499328637029926,-0.0207803927988639,-0.02907958136787682,-1.555253254332169,1.5890796935974156,-2.983008248553152,-1.5660658714525442,-0.03306879867672066
1780433513.958642960,-0.020232654635695013,-1.5769040068161448,1.579681156046378,-3.1517038430175335,-1.4981039285126183,-0.020379337086279925,-0.031242811403990118,-1.5514270128766912,1.588127855029226,-2.985887652808014,-1.5630302707736634,-0.03278230504863825
1780433514.008888960,-0.020493392795248866,-1.5777696155467522,1.5797192380411225,-3.148719013983942,-1.4971692617056025,-0.01986329557366684,-0.033883613145587264,-1.547685947558529,1.586351062133695,-2.98797837763328,-1.5595586691797891,-0.032359233052883296
1780433514.058640718,-0.02068287934962143,-1.57863714739932,1.57972131625738,-3.145603757217624,-1.496490031613849,-0.01925406957551612,-0.035906837315477676,-1.545414904168486,1.5845601602557484,-2.9885409257005144,-1.5570605793539487,-0.03197591872807355
1780433514.108507395,-0.02080741034387401,-1.5795121192334332,1.5796890706085853,-3.1423451242971687,-1.496043649720935,-0.018558021155522297,-0.03782827249479762,-1.543758464936361,1.5825496841504194,-2.988188064600955,-1.554842289077966,-0.031556585287502305
1780433514.158878565,-0.02086967688862984,-1.5803975119380063,1.5796227047741338,-3.138934090387488,-1.4958204578639718,-0.017793167444398073,-0.039618079779836855,-1.5426046281665657,1.5803556583843272,-2.9869890625671656,-1.552908913056904,-0.03111286426672302
1780433514.208609343,-0.02086967688862984,-1.5803975119380063,1.5796227047741338,-3.138934090387488,-1.4958204578639718,-0.017793167444398073,-0.041265066639816855,-1.5419605844511555,1.5780556677764146,-2.984978513457363,-1.5512811143815568,-0.030644820688756937
1780433514.258673429,-0.020875554067381508,-1.5812988068775624,1.5795233778151851,-3.135356277259354,-1.4957993914569787,-0.016963953519418595,-0.04275704423681743,-1.5417188436969091,1.5756456765785385,-2.9822022748866948,-1.5499419735769402,-0.030161453931163523
1780433514.308537006,-0.020831637132289416,-1.582231029521182,1.5793911801150913,-3.1315597100741916,-1.4959568095744213,-0.0160665793820991,-0.04440371786249666,-1.5419144864626722,1.5725030009746632,-2.977699912347121,-1.54867052157483,-0.029537003123982768
1780433514.358500242,-0.02074052925313552,-1.5832026323765316,1.5792247835863933,-3.127511297427235,-1.4962833843363557,-0.015130340543946907,-0.04449446238179081,-1.5431255790860776,1.5714022436106674,-2.974347319335971,-1.5489022155288314,-0.029425114099654422
1780433514.408697605,-0.020223666947053687,-1.5833318949179098,1.5789764524912748,-3.1261647914657043,-1.4981361472530725,-0.016871318998223472,-0.0414320681986653,-1.5466562348836144,1.5744913863376837,-2.9734732354270377,-1.551989245474665,-0.03048517857735744
1780433514.458627701,-0.01953761521380848,-1.583165545516965,1.5786909999656449,-3.125734211382417,-1.5005956051727454,-0.019199743429669347,-0.039002537853808715,-1.550140175729382,1.5766269339177232,-2.9717826202862083,-1.554494235541331,-0.031461356558106376
1780433514.508554697,-0.01953761521380848,-1.583165545516965,1.5786909999656449,-3.125734211382417,-1.5005956051727454,-0.019199743429669347,-0.03701153179127088,-1.5535674381836673,1.5779300286305704,-2.9693200955995023,-1.5565827522714493,-0.03237296110524527
1780433514.558655739,-0.018782498096947542,-1.5829262900469399,1.5783825425328728,-3.125480004799843,-1.5033029540006346,-0.021501328392750096,-0.03533842830189829,-1.556912192598551,1.5785657797282826,-2.9661991488835606,-1.558367419457379,-0.033227293758497756
1780433514.608654976,-0.017969240034368283,-1.5826293610183644,1.5780534548978524,-3.1253566628945197,-1.5062191239389442,-0.023812972094256146,-0.03393860078600256,-1.5601447631123637,1.5786443981205582,-2.9624975540891696,-1.559902658692386,-0.03402156852188244
1780433514.658516169,-0.01710186299201233,-1.5822818077101548,1.5777041097873368,-3.1253405808064096,-1.509329796509272,-0.026155060239688055,-0.03230966952576837,-1.5641188457169815,1.5780745774612,-2.957029565194897,-1.5616936993156554,-0.03497831663957935
1780433514.708633661,-0.016187704963909866,-1.581882983044439,1.5773374694753737,-3.125444717618262,-1.5126087647966173,-0.02858781806524746,-0.031966813560160304,-1.566504322278317,1.5777309663472459,-2.953202091092007,-1.562336217311538,-0.03545556984550427
1780433514.758745909,-0.015442742371931217,-1.5821214340241427,1.5769575004025962,-3.123243675259532,-1.5152812711112205,-0.02930081637354398,-0.03294937837404221,-1.5672936463187375,1.5795405487254464,-2.9527502662957996,-1.5616972617961453,-0.03541722614209593
1780433514.808494091,-0.014989168946993203,-1.5825440338693237,1.5766832258481176,-3.120771279017375,-1.516908630177051,-0.029436209804812208,-0.03415535641947826,-1.5678666870283013,1.581718553457578,-2.952592477531247,-1.5605318996440642,-0.03483212348203802
1780433514.858772516,-0.014989168946993203,-1.5825440338693237,1.5766832258481176,-3.120771279017375,-1.516908630177051,-0.029436209804812208,-0.03697336301554888,-1.5663036070313527,1.5859056297406338,-2.9571977660787034,-1.5570757734265988,-0.03278999746443205
1780433514.908663988,-0.015511456407531377,-1.583822948248815,1.5767341552598397,-3.116439701249181,-1.5150347475146884,-0.02650379960962823,-0.03945512348181614,-1.5666369623427325,1.5886839350350934,-2.9593060892744165,-1.554307067309661,-0.03038305967983302
1780433514.958583832,-0.016239251338094007,-1.5847592384418254,1.5769276365135183,-3.113831149432867,-1.5124238596466837,-0.02249806759763029,-0.042098776668022614,-1.5692220400249166,1.5903082518075085,-2.9587976684343342,-1.5522356710840137,-0.027508222435955517
1780433515.008764982,-0.017148181341428703,-1.5855462548330195,1.5772258792382476,-3.11212299854655,-1.5091636730976736,-0.017879295792187833,-0.044059397302923076,-1.5718735465567288,1.5908249851322644,-2.957081465832094,-1.5507244877133493,-0.024565073548660676
1780433515.058519363,-0.018226355621417056,-1.5863471541553409,1.5775962915082016,-3.110624157068452,-1.5052971199116945,-0.012914834670541886,-0.04598847449846366,-1.5752915870260766,1.5902712622711128,-2.9534663134826045,-1.5493831438806078,-0.020779593916469767
1780433515.108496189,-0.019440210784732237,-1.5871645816074782,1.578021344020799,-3.109262745293702,-1.5009448150751181,-0.007571447465917203,-0.04728456175689785,-1.5780252014001528,1.5890406407981064,-2.949568803241869,-1.5486299674085982,-0.01766671188991778
1780433515.158665895,-0.019440210784732237,-1.5871645816074782,1.578021344020799,-3.109262745293702,-1.5009448150751181,-0.007571447465917203,-0.04845755326632461,-1.5807733846756111,1.58728850337801,-2.944898349143824,-1.5481121006557854,-0.01447989930588948
1780433515.208738565,-0.020734268253231214,-1.5880140873305049,1.5784711925479735,-3.1078784833297166,-1.4963058269415104,-0.002074475430888789,-0.046651317128907396,-1.581184016465211,1.5873222203480162,-2.9432733991580227,-1.548947712905538,-0.01241049927339907
1780433515.258641481,-0.0216079741425661,-1.58887929686842,1.5787177079098058,-3.105723422325392,-1.4931742025854575,0.0010379842134361989,-0.04434772825980946,-1.5817244722951118,1.586713999869424,-2.940839262987105,-1.5502056575718788,-0.010761630356499116
1780433515.308778763,-0.022088333163200247,-1.5892759918354873,1.5788655857843505,-3.104859411047301,-1.4914526011994207,0.00285348138486924,-0.0401357956757943,-1.583604908980024,1.5889860768538129,-2.940388962587027,-1.5529028505482927,-0.010101545770152093
1780433515.358694792,-0.02198228986074202,-1.5887403515146064,1.5789149824212512,-3.1069055190061268,-1.4918326504313573,0.001954833715601397,-0.033767935599452494,-1.5874020008562413,1.594715101783316,-2.9424016826831756,-1.5569778636380742,-0.010610378560667764
1780433515.408685684,-0.02143025428115486,-1.5877316015802796,1.5788407465907341,-3.110174624905478,-1.4938111749266998,0.0002680770650007251,-0.030009275196234454,-1.590257119161615,1.5984005781448516,-2.9438661989873753,-1.559179616619059,-0.011333068006826423
1780433515.458646536,-0.02143025428115486,-1.5877316015802796,1.5788407465907341,-3.110174624905478,-1.4938111749266998,0.0002680770650007251,-0.027580812803822463,-1.5925124466564764,1.6005274014424666,-2.944532338390037,-1.560299722199498,-0.012048082427701874
1780433515.508622408,-0.020686065200170134,-1.5866400478811826,1.5786853382137216,-3.1134543758228514,-1.4964786118235924,-0.0013180454047310164,-0.026110971690271774,-1.5942740364994012,1.6014091290213073,-2.9444947410753923,-1.5606692444017651,-0.012761697538503165
1780433515.558594465,-0.019776324134953782,-1.5854742726393543,1.578457869612369,-3.1167473488716833,-1.4997398185230013,-0.0028846335981844717,-0.02517741621799536,-1.5959401281692234,1.6011498538460218,-2.943564365121303,-1.5604764946448364,-0.013660294815359424
1780433515.608752489,-0.018720756179718023,-1.584239097651782,1.5781648449483394,-3.1200601754598236,-1.5035243337558324,-0.004499133635230912,-0.024884348571224933,-1.5969488544579704,1.6001017475628363,-2.942176464654151,-1.5600341073469293,-0.014397011384441293
1780433515.658493280,-0.017535279329842446,-1.5829339077640565,1.577811766892047,-3.1234152731181526,-1.5077753774838616,-0.006230038789971637,-0.024809602735954835,-1.597753441394798,1.5984855597071705,-2.9402630308383895,-1.5595032453183684,-0.01515690049424682
1780433515.708634138,-0.016229352038585,-1.581565286232375,1.57740005786154,-3.1267952153878444,-1.5124593698886333,-0.008107498943886071,-0.024838534786923865,-1.5984060406751048,1.5964401216300887,-2.9378718326284203,-1.5589827047620084,-0.01594914179122381
1780433515.759103775,-0.016229352038585,-1.581565286232375,1.57740005786154,-3.1267952153878444,-1.5124593698886333,-0.008107498943886071,-0.024872724718858617,-1.598959645636465,1.59406898447877,-2.9350282286065736,-1.558558775482904,-0.016781976033035627
1780433515.808566093,-0.01481243961416201,-1.5801290000006585,1.576932627547965,-3.130226292716399,-1.5175427513425523,-0.010191090689801285,-0.024834456242250648,-1.599458649397011,1.5914506578952095,-2.9317495605140844,-1.5582989794696105,-0.017663606020258814
1780433515.858670712,-0.013292374345408753,-1.5786219873511316,1.576411290621601,-3.133727050598628,-1.5229978655617957,-0.012525294527875985,-0.024663916958431124,-1.5999389908309478,1.5886426868416152,-2.9280469752561196,-1.5582537630492053,-0.018602163873734003
1780433515.908586025,-0.011678557939965195,-1.5770405472143487,1.5758385186810033,-3.137320996402147,-1.5287914667592508,-0.015146919640249834,-0.024224893829213005,-1.600564658599775,1.5848557747327894,-2.9227674357071844,-1.5585482572806524,-0.019859452516960398
1780433515.958519459,-0.009960800900158162,-1.5753637729921426,1.5752091628091793,-3.141066336261097,-1.5349607175170048,-0.01810531804121851,-0.023641167550219413,-1.6011177844531241,1.5817352139291914,-2.9181106812029,-1.5591075671779007,-0.020951177337055617
1780433516.008607864,-0.008144472536108616,-1.5736242984461573,1.5745195022713465,-3.1448345510267575,-1.5414870233632474,-0.022013227063570895,-0.021711877959719437,-1.600989530776392,1.5793258355507993,-2.9144014182535383,-1.560219517440742,-0.022464215245114945
1780433516.058685064,-0.008144472536108616,-1.5736242984461573,1.5745195022713465,-3.1448345510267575,-1.5414870233632474,-0.022013227063570895,-0.01896116355946163,-1.6062573266120994,1.5824962352153504,-2.912814336901858,-1.563051028957848,-0.023511018431283295
1780433516.108685493,-0.0064487332433547095,-1.5707019069584254,1.573959993440054,-3.1533743509010193,-1.547583078105835,-0.0259047988028156,-0.015835285519330226,-1.6103899621963498,1.5844658645115899,-2.9110309730635415,-1.565657202694722,-0.02460751457370803
1780433516.158696890,-0.004868356499486914,-1.567783011849282,1.5734021116816177,-3.161972440815006,-1.5532672441404252,-0.03017697278030873,-0.012456791381438048,-1.6135512096136244,1.5854138969694187,-2.90906544865422,-1.567997860394019,-0.025753240828861736
1780433516.208620071,-0.0033925450479905805,-1.564850791416152,1.5728421101057561,-3.170679012396533,-1.5585779371638253,-0.03478893245979098,-0.008917493244588319,-1.615908986535783,1.5855087331593936,-2.906921092883518,-1.5700586056276582,-0.026948358763104762
1780433516.258605003,-0.002011595842269287,-1.5619054808835635,1.5722751457814865,-3.17947848052251,-1.5635496846234211,-0.039725256986455904,-0.005292438458604847,-1.6176026052369075,1.5848887109303085,-2.904600846284855,-1.5718364608580828,-0.02819288905396383
1780433516.308753967,-0.002011595842269287,-1.5619054808835635,1.5722751457814865,-3.17947848052251,-1.5635496846234211,-0.039725256986455904,-0.01076200875867443,-1.6137260521116374,1.585076870511596,-2.9078811811974243,-1.5673812299829617,-0.027031731473000357
1780433516.358518600,-0.0009862946243952564,-1.5608530173821675,1.5718113368157252,-3.181676873393586,-1.5672425932410583,-0.03892373461835863,-0.018515818531425907,-1.6053576328725674,1.5828343542450343,-2.912308158067253,-1.560937445564752,-0.025036441924051252
1780433516.408500195,-0.00012582462511900872,-1.5606845077538765,1.5714085915194764,-3.1808186260553977,-1.5703428927298768,-0.03699603698908582,-0.02400503555699319,-1.5970601726956373,1.579254086776825,-2.9152183827262927,-1.556099596263784,-0.02336697495225251
1780433516.458467722,0.0005911031077914242,-1.5611994286907,1.5710592529915488,-3.177621788935434,-1.572926776511661,-0.03459311990718561,-0.028897527860293315,-1.5892954188838955,1.575488347763428,-2.9174733874469934,-1.5520643993015517,-0.021543728521617053
1780433516.508577347,0.0012555270790119977,-1.5616421207806388,1.5707303470196832,-3.1747740206452337,-1.5753220720536287,-0.03167221814391219,-0.03291952655637498,-1.5831177561556453,1.572277172073642,-2.918992822687335,-1.5492749444306932,-0.01960517647571236
1780433516.558612585,0.0017892353331354638,-1.5624100286919997,1.5704491011124497,-3.170906000164029,-1.5772465835292833,-0.028232148103440657,-0.03653563255896382,-1.5769983058896342,1.5686059409663835,-2.919900197022966,-1.546969725393858,-0.01757324065358758
1780433516.608624458,0.0017892353331354638,-1.5624100286919997,1.5704491011124497,-3.170906000164029,-1.5772465835292833,-0.028232148103440657,-0.03984664081131629,-1.5709154975976256,1.5644734232949338,-2.9201802667599353,-1.5450510378496969,-0.015445119251306129
1780433516.658586979,0.0020438627767440654,-1.5631309865603003,1.5702982608142564,-3.1676977246818123,-1.5781648958257941,-0.023865447400928552,-0.04082077518454014,-1.5779714745409459,1.5695460044343401,-2.9205252654561304,-1.5475222274814568,-0.012084729789664194
1780433516.708736897,0.0015226349602299738,-1.5622308884280454,1.5705844594112988,-3.172063011084267,-1.576285191619954,-0.018547281188560305,-0.03962410557718836,-1.5864481963941914,1.5735886050157422,-2.9190619297628007,-1.5522529047367926,-0.008426444483308003
1780433516.758808613,0.0008695009295724976,-1.561140213642327,1.5709273758733946,-3.1773564020768785,-1.5739303445884865,-0.013913671920874116,-0.03748918976902283,-1.5926965747797404,1.5751728511945826,-2.91674798292799,-1.556725759398034,-0.005849070574421093
1780433516.808789253,8.825574584814255e-05,-1.5602750620697092,1.5713127158652298,-3.1819873159804843,-1.571114386884565,-0.008576069943209141,-0.03818844866420983,-1.5960302335550924,1.575679320882776,-2.9157863041676357,-1.558967818128278,-0.0026861713746917444
1780433516.858520746,-0.0007751732940448619,-1.5598065956513611,1.5717220831214609,-3.1852425781228004,-1.5680031776242442,-0.0019500424552987283,-0.03950692837384428,-1.59827309601065,1.5751326079756822,-2.9146285596406254,-1.5608891523413106,0.0005890694908520634
1780433516.908767700,-0.0007751732940448619,-1.5598065956513611,1.5717220831214609,-3.1852425781228004,-1.5680031776242442,-0.0019500424552987283,-0.03632652181484314,-1.601557796708593,1.582096525506015,-2.920977183987733,-1.5659523580360502,0.001242502475679635
1780433516.958634615,-0.0005785902580184299,-1.557779754827938,1.571626923895392,-3.192468652149213,-1.5687114400633835,-0.0003423243976143908,-0.03333336324854656,-1.601953709487236,1.5874042792519463,-2.9282717390942006,-1.5700498788666302,0.0014642365611090612
1780433517.008637190,-0.00020936401058779808,-1.5562546895358302,1.571435062271022,-3.1974873555005936,-1.570041853891345,0.00013425241197134816,-0.030044490456354152,-1.5974838786328336,1.5902361780158458,-2.936950603433075,-1.5726468614445555,0.0009960290912727008
1780433517.058530331,0.0004886778178900819,-1.5555461600715876,1.5710992861131963,-3.198907922398654,-1.5725575812724664,-0.0011585095514927701,-0.024694934895950267,-1.5820214941116673,1.5916444267768595,-2.953917582743255,-1.5734313940120024,-0.002208961784133888
1780433517.108517408,0.0022417432378056823,-1.5555833818828875,1.5702858371756672,-3.1957422362485075,-1.5788786158250412,-0.006745248871676601,-0.021063387500317235,-1.5655567533763994,1.5906333863239848,-2.9691544064965587,-1.5718970695620416,-0.005874241769394124
1780433517.158482075,0.004084907972961238,-1.5560420174368002,1.5694188060493304,-3.19080304375321,-1.5855293945463913,-0.011925552293281072,-0.018876672354749036,-1.5495768449645047,1.5878515039583805,-2.982615981248258,-1.5690036481084184,-0.009342604934607708
1780433517.208653688,0.004084907972961238,-1.5560420174368002,1.5694188060493304,-3.19080304375321,-1.5855293945463913,-0.011925552293281072,-0.01784483933937237,-1.5340454694301524,1.5836210329539702,-2.994478458113056,-1.5649888682532689,-0.012595431110350589
1780433517.258525848,0.005993795502575283,-1.5569414734130742,1.568495910594343,-3.1840261499446947,-1.5924228753782232,-0.016686221377028687,-0.017776772204072155,-1.5199536884688456,1.5789763794949772,-3.004909420237586,-1.5602663787740003,-0.015570074461782454
1780433517.308508635,0.007835451373837454,-1.5576148114473867,1.5675762126892447,-3.1781312089068474,-1.5990792013065391,-0.02066359601979073,-0.018027311400181056,-1.5143005909683511,1.5790236264899924,-3.013843928833023,-1.557028480661242,-0.018154556993105232
1780433517.358709097,0.00972574101160495,-1.5576993055203747,1.5666177583878997,-3.174299440119644,-1.6059173531497022,-0.02463725955033702,-0.020808073050969295,-1.507326685239902,1.5783126710169766,-3.0233477837273797,-1.5519270947705726,-0.020994486569732945
1780433517.408613205,0.011986042949194475,-1.5582271319641094,1.565433927855092,-3.1680107281540004,-1.6141024889576698,-0.027482184967610124,-0.026223878592033324,-1.5003421414553157,1.5759722330528558,-3.031388089829917,-1.5452399567517008,-0.023564859386764545
1780433517.458703518,0.011986042949194475,-1.5582271319641094,1.565433927855092,-3.1680107281540004,-1.6141024889576698,-0.027482184967610124,-0.031626540937577094,-1.4957832212157385,1.5724628294564904,-3.0361225414717565,-1.5393297124968748,-0.025984784499601614
1780433517.508671522,0.014314772091621686,-1.558466180361049,1.5641903879407426,-3.1625901156128404,-1.62254556829964,-0.030250435865380787,-0.033812817661086576,-1.4942943270458384,1.568226115118143,-3.038202026332539,-1.536601144509264,-0.03037503506664298
1780433517.558705091,0.016784088345145554,-1.5580201017420272,1.562871942408217,-3.159432589278586,-1.6315102446643301,-0.03506760346594007,-0.03659987284989287,-1.4948968644399105,1.567257033234985,-3.040616538643746,-1.5343305069954845,-0.03297203159299533
1780433517.608670473,0.018746406224876333,-1.5570778288268512,1.5618343491004318,-3.1591288686380055,-1.6386434664727076,-0.035890040289027425,-0.041187629601180296,-1.5052197661552125,1.5724671258397085,-3.042957732354244,-1.53301321855805,-0.03325577749990223
1780433517.658669949,0.020449660176510065,-1.5552262019653487,1.560964030540676,-3.1627987451889967,-1.6448418391101614,-0.03679087897307465,-0.04245257289806144,-1.5126668478757406,1.5763729863280058,-3.046187992041744,-1.5338797802464126,-0.03432455050486993
1780433517.708662033,0.02201124188623127,-1.5533392964127026,1.5601525297232923,-3.1668358149782425,-1.650530466103544,-0.038244891378610646,-0.04208926106737535,-1.5190273705904076,1.578789840669969,-3.048567145927823,-1.5358819855176407,-0.035569594400137655
1780433517.758518219,0.023453272944071957,-1.5514226448553554,1.5593872364858816,-3.1711766570114883,-1.6557886885101407,-0.04015833013275216,-0.03997627842303075,-1.5256682390847045,1.5801688501621345,-3.0505444680780793,-1.5394391026972396,-0.03733278748119085
1780433517.808794022,0.023453272944071957,-1.5514226448553554,1.5593872364858816,-3.1711766570114883,-1.6557886885101407,-0.04015833013275216,-0.03733657705118914,-1.5300927369795154,1.5802607209870043,-3.051458150825329,-1.542819937445857,-0.03888120457444132
1780433517.858645439,0.024790391189137173,-1.5494811349324529,1.5586595717144212,-3.175774464733451,-1.6606688603668998,-0.04246146550269447,-0.034106738334508294,-1.5338554977057237,1.5796761646754591,-3.051869924877359,-1.5464817418344832,-0.04053098407498359
1780433517.908635616,0.02603269458952351,-1.5475188404380287,1.5579634649532035,-3.1805942213319303,-1.665206965131195,-0.04510078400705453,-0.030464389861179976,-1.5370606459684142,1.578583269363599,-3.05184857153728,-1.5502987069701697,-0.04226520677849961
1780433517.958671331,0.02715010327283074,-1.5459470435071783,1.5573216296217123,-3.18416540340309,-1.6692921890115464,-0.046961008278609384,-0.03138875567830261,-1.5355438961351933,1.5765682309652338,-3.05535592998757,-1.550266472259196,-0.04206948135058249
1780433518.008522034,0.027419589713530312,-1.5466838957794486,1.5571777337477495,-3.180851772246599,-1.6702779096861695,-0.043021890075885416,-0.03568262947914709,-1.5287907910401604,1.5732455975560629,-3.060903555636124,-1.5464934130961883,-0.03975501624290049
1780433518.058672905,0.027459220260760198,-1.5482457793115492,1.557157350927739,-3.174897528121994,-1.6704228852892795,-0.03863174450343276,-0.03851046910217238,-1.5207144247221445,1.568212400844577,-3.0652157879376305,-1.5435514417312952,-0.03766426393771825
1780433518.108779430,0.027459220260760198,-1.5482457793115492,1.557157350927739,-3.174897528121994,-1.6704228852892795,-0.03863174450343276,-0.040191896810428486,-1.513940783924621,1.5634458420617063,-3.0683318618112816,-1.5418365420149938,-0.03560825726970013
1780433518.158636808,0.027338158379778266,-1.5498957406470195,1.5572085904904787,-3.1689041882452877,-1.6699800322415976,-0.03422802305135608,-0.039704631408209505,-1.5111575844863108,1.5606853738467916,-3.0698637172230896,-1.542430094430727,-0.033851559093143045
1780433518.208680153,0.026742537225854957,-1.5512609294384934,1.5575219715127036,-3.1649573150761428,-1.66780176287926,-0.03029908295620576,-0.0382304808494626,-1.5092387704669559,1.5580588216035614,-3.0702761791089355,-1.5436488860745012,-0.03228209048174477
1780433518.258658171,0.025820197978208226,-1.5529978580439394,1.5579995451320952,-3.1602461390657344,-1.6644304438165447,-0.026368667549494518,-0.036533051472051804,-1.5072968277264476,1.555038135953617,-3.069726191653085,-1.5448921170372547,-0.030800602544502405
1780433518.308638811,0.024632545494249536,-1.5549927028690833,1.5586002196616695,-3.1550548719795377,-1.6600925307133645,-0.02224933499898185,-0.034823322757480936,-1.5061575581891473,1.5522847780712472,-3.068270766238415,-1.5462694312439365,-0.02930139714029061
1780433518.358552933,0.023418156695687475,-1.5567695754213275,1.5592058866561886,-3.1507126261768366,-1.6556605812705918,-0.018044823960489786,-0.032821838798158295,-1.507287655136718,1.5502172093655733,-3.065196202375923,-1.5488742728226923,-0.027416473165742243
1780433518.408767939,0.023418156695687475,-1.5567695754213275,1.5592058866561886,-3.1507126261768366,-1.6556605812705918,-0.018044823960489786,-0.03177539407508949,-1.5088864931102455,1.5488264738968331,-3.0619138702907875,-1.5511370271491236,-0.02584694836943442
1780433518.458501577,0.02226302921773393,-1.558507762491364,1.5597611577989734,-3.1463520492326817,-1.6514482262378136,-0.013612114217343319,-0.027584669774431768,-1.5122300938873092,1.5507247674083293,-3.060564831162381,-1.5561458922411535,-0.02567776467158655
1780433518.508567333,0.021399309633054253,-1.5590838735597217,1.5602184332630258,-3.145900191844189,-1.6483006060140886,-0.012585586089225664,-0.022145088645572766,-1.5158107432595305,1.553624995808285,-3.0602870835516724,-1.5619474937108941,-0.026349299318728474
1780433518.558508635,0.02061504782468737,-1.5595453731025506,1.5606353450057329,-3.1457222510798206,-1.6454440566298967,-0.011981309711723398,-0.017519450030957603,-1.5187930638167666,1.555506577133643,-3.059453922473808,-1.5669447558219813,-0.02702515934666786
1780433518.608703375,0.01985914741821282,-1.5600379400550555,1.5610312980560668,-3.1453558225942237,-1.6426921439050988,-0.011408445596837957,-0.013561856470389114,-1.5212374500875478,1.5566240785441707,-3.0581956601423697,-1.5712743729276422,-0.027680850396661388
1780433518.658690453,0.01985914741821282,-1.5600379400550555,1.5610312980560668,-3.1453558225942237,-1.6426921439050988,-0.011408445596837957,-0.010081580044240047,-1.523298844437039,1.5571050381600515,-3.0564431343190877,-1.5751251848142054,-0.02833093965498006
1780433518.708574057,0.019122358215317048,-1.5605631115915708,1.561411489889853,-3.144814412611112,-1.6400110484835846,-0.010909062989983731,-0.007018069113847593,-1.525015455842083,1.557143427949981,-3.054315044795985,-1.5785571519039912,-0.028950262906835163
1780433518.758696556,0.01839083433547728,-1.5611391244291415,1.5617822790699403,-3.1440549212710978,-1.6373503070876811,-0.010465770604833224,-0.0042438368041317,-1.5265183295287112,1.5568065522448278,-3.051728869281502,-1.581699793237245,-0.029552707463687856
1780433518.808654308,0.017655000072142712,-1.561761940398009,1.5621490824430317,-3.1431122162542224,-1.6346750697647963,-0.010096169974298519,-0.001159557617656513,-1.5281299323189144,1.5560690900450524,-3.0479977464585977,-1.5852541982903083,-0.03024781478586184
1780433518.858623028,0.016912544882992542,-1.5624422887734477,1.562511901103397,-3.141947909293951,-1.6319769440505993,-0.009794115360713285,0.0010995226413678088,-1.5293299440783432,1.555258778581595,-3.0445197334655885,-1.5879005385774643,-0.030766758784379136
1780433518.908710957,0.016156108372944677,-1.5631887378111085,1.5628735429127012,-3.1405418737365136,-1.6292292121127403,-0.00954026276235087,0.0031606276051598693,-1.5304501727167557,1.5543677567825065,-3.0407021126796465,-1.5903729110506803,-0.03123392396478853
1780433518.958641052,0.016156108372944677,-1.5631887378111085,1.5628735429127012,-3.1405418737365136,-1.6292292121127403,-0.00954026276235087,0.0050943738184161015,-1.5315921412408988,1.5533732855403233,-3.036435091467488,-1.5927423031633579,-0.03165532684323399
1780433519.008627653,0.015384426467233592,-1.5639935683166364,1.563234632428694,-3.1389253929839227,-1.626427332253236,-0.00934948851502515,0.006870332759709347,-1.5327359359802983,1.5523601161035527,-3.0318097103762094,-1.594997989208878,-0.032015319994672053
1780433519.058679819,0.014597011044586106,-1.5648639291726738,1.5635939600628355,-3.1370692882856477,-1.623569585449915,-0.009206556085688433,0.008539208930986406,-1.5339618101838575,1.5512849025411333,-3.0267206636935247,-1.597187199427084,-0.03231711731966696
1780433519.108793020,0.01379297653764855,-1.5658010062691083,1.5639509140578478,-3.1349683651560265,-1.6206528133031544,-0.009101396974679155,0.01008210680651719,-1.5352580183399844,1.5501851465901584,-3.02120822123898,-1.5993089219250027,-0.0325545874584162
1780433519.158493042,0.012971312805500235,-1.5668104650684374,1.5643043348125079,-3.1325994927132332,-1.6176734103668355,-0.009011605378444365,0.011765414757477334,-1.5369536442501488,1.5487806679920257,-3.013747463700416,-1.601825932570252,-0.03273422110641
1780433519.208767414,0.012136235648144922,-1.5678856262740029,1.5646512953244025,-3.129977877851078,-1.6146467134232259,-0.008935500262262863,0.013013503140413265,-1.5384595813556805,1.5476066187302475,-3.0072318698471716,-1.6038167673613914,-0.032805948119359114
1780433519.258628130,0.012136235648144922,-1.5678856262740029,1.5646512953244025,-3.129977877851078,-1.6146467134232259,-0.008935500262262863,0.009399827813147433,-1.5518865396857109,1.550556684973301,-2.996552279862688,-1.6057716288201533,-0.029734273305672593
1780433519.308578968,0.010691527173073423,-1.5674953466070498,1.5654935877139475,-3.1344050797123595,-1.6094135599817703,-0.0037724631661069097,0.007618762826574354,-1.5659982325629604,1.5529509738424994,-2.9848077566707665,-1.6096632959015753,-0.027285362360736157
1780433519.358722925,0.009804942558074181,-1.565995354717316,1.5661217062698414,-3.1420825796656793,-1.6062040040828336,-0.0012752052540152548,0.008101640706928537,-1.5766498607642232,1.5585832722596809,-2.9790720842475666,-1.6148136986370232,-0.02661229072088958
1780433519.408840656,0.009483595251706278,-1.5644023489874685,1.5664242785974831,-3.14895809858783,-1.6050410347070425,-0.0006537553253114226,0.008552857516732428,-1.584109276473625,1.5626724016652254,-2.9743007963337695,-1.6194924744023478,-0.02631846342070381
1780433519.458644152,0.009471203738143696,-1.5629403520542375,1.5665310933134395,-3.1546773549531064,-1.6049961930043715,-0.0010847343928572784,0.00933279088988433,-1.588614423000541,1.565514707482528,-2.9705390125507933,-1.6238375835994698,-0.02656276076294777
1780433519.508706570,0.009471203738143696,-1.5629403520542375,1.5665310933134395,-3.1546773549531064,-1.6049961930043715,-0.0010847343928572784,0.010300225519521302,-1.5899456558364813,1.5697935955701279,-2.97097472805313,-1.6274364067271958,-0.02792515094805211
1780433519.558687925,0.009946439608777613,-1.5616026258016085,1.5663585770623025,-3.158948948988183,-1.6067161467379645,-0.0031562332764174528,0.00856619920048404,-1.588843327601725,1.573947008424071,-2.973554501840194,-1.6288960159649477,-0.028250187160397178
1780433519.608496189,0.010361262671356952,-1.560780607517879,1.566182543247045,-3.1613267705359913,-1.6082177904937502,-0.003816148960228638,0.006200249959413089,-1.5876306811843115,1.577606806163344,-2.9754778454763504,-1.6309173125712664,-0.028485185989768493
1780433519.658617258,0.010875177157951832,-1.5599218409957203,1.565952100669934,-3.16364705734226,-1.6100785775718434,-0.004444831170413721,0.004260207411228995,-1.5868577047438999,1.579526752975413,-2.9760514246691305,-1.6327849832465353,-0.028550471507380937
1780433519.708554029,0.011489889207326742,-1.5589993640561284,1.565666877753278,-3.1660081640324016,-1.6123049754503276,-0.005062014990269148,0.002298614964977281,-1.586319183872499,1.580673721504264,-2.9757763886605813,-1.634915814855472,-0.0284999981988134
1780433519.758707285,0.012209084321572972,-1.558011219314725,1.5653239784073159,-3.168407616346248,-1.614910696653892,-0.005665817096113912,0.0003784493362119206,-1.585950550898878,1.5812126868763,-2.9748179884133643,-1.6373374090567547,-0.028383196281722256
1780433519.808679819,0.012209084321572972,-1.558011219314725,1.5653239784073159,-3.168407616346248,-1.614910696653892,-0.005665817096113912,-3.3305117711807824e-06,-1.5840789367706165,1.5823273041169472,-2.9756821205502524,-1.6403866757669714,-0.02911022811270301
1780433519.858537436,0.013357101306658237,-1.5568464191898173,1.5647546128370255,-3.170640373786422,-1.619072138180913,-0.008305669563121398,0.0015853150432771615,-1.5808042257448136,1.5836389186461821,-2.978066706160009,-1.6440584641365983,-0.030717388648365117
1780433519.908635139,0.014785808899182351,-1.555476924417853,1.5640323396694673,-3.1730821647863667,-1.6242546699360725,-0.012635764276772932,0.003611742168237297,-1.578013355723444,1.5839881665818083,-2.9793170348508697,-1.6478648222047922,-0.032291057628354
1780433519.958878756,0.016273272827107554,-1.5539647265704204,1.5632683851013913,-3.1759141273321987,-1.6296547296608956,-0.017446927055857486,0.0059983764180507595,-1.5756588183317044,1.583548941583355,-2.97956907277282,-1.6517452755574837,-0.03384789861207084
1780433520.008512259,0.01782835277308359,-1.552282652715025,1.5624547436441727,-3.179213139094978,-1.6353052140812112,-0.022775538454207656,0.009315672200444892,-1.5733256804636255,1.5821164118048163,-2.9786371578613955,-1.6565920860119674,-0.035818783727872616
1780433520.058603287,0.01945436554642499,-1.5504310649861441,1.5615851264367326,-3.18296091215462,-1.6412190363889048,-0.02866560256720785,0.012198799789515376,-1.571873594783466,1.5803809003776366,-2.9770102353050194,-1.6604326455028007,-0.037446206109508856
1780433520.108837843,0.01945436554642499,-1.5504310649861441,1.5615851264367326,-3.18296091215462,-1.6412190363889048,-0.02866560256720785,0.015216203201514577,-1.570682983923028,1.578242509388374,-2.974753061086631,-1.664184594477096,-0.03911699641847258
1780433520.158555984,0.021147430239332188,-1.5484249870327407,1.560656873376948,-3.1870978475781335,-1.647383020149178,-0.03513872984043065,0.018379800070283246,-1.5697466865516754,1.5757774167446037,-2.9719154808982116,-1.6678598845741068,-0.0408568199589223
1780433520.208637238,0.02290751129153601,-1.5462542698419055,1.5596648884832225,-3.1916505387486644,-1.6537980375093415,-0.04222121525442013,0.020155011424618896,-1.5673678487557634,1.573287892692353,-2.970257939241804,-1.6699736165225856,-0.04212569871183751
1780433520.258826256,0.023733452207819195,-1.5469520294288053,1.5592302441334709,-3.187401568970273,-1.6568109150216772,-0.042770805764458686,0.011738251830398321,-1.5539398236581423,1.571537052646257,-2.979152037545171,-1.6619548169816425,-0.03952214326118711
1780433520.308754206,0.023984500278102505,-1.5493038655819351,1.5591099641755526,-3.178093654812371,-1.6577270197417793,-0.040443531343228756,0.003999563526265461,-1.5374861534029014,1.5671536604882201,-2.9879303441507608,-1.6534065245574296,-0.03631394348446399
1780433520.358593702,0.02406139603891555,-1.5521041842949863,1.5590314553856148,-3.1673336469682845,-1.6580076525210465,-0.03824188311140819,-0.00037921811242567653,-1.5247128024321617,1.562199312238281,-2.993162201035398,-1.6474908716560777,-0.033795275338093816
1780433520.408522367,0.02406139603891555,-1.5521041842949863,1.5590314553856148,-3.1673336469682845,-1.6580076525210465,-0.03824188311140819,-0.0035043025687376767,-1.512352324708571,1.5561827366619414,-2.996858958683456,-1.6421607899833566,-0.03131919390556402
1780433520.458610773,0.023983791946582844,-1.5553359443966794,1.558957616810675,-3.155088139839987,-1.6577244347376219,-0.036125070585666386,-0.005642913685366501,-1.5004630475859626,1.5492834633883843,-2.9990504755581515,-1.6372428211067418,-0.028882659067702703
1780433520.508705854,0.02376727796348388,-1.5589783602938052,1.5588496302011723,-3.141336018450309,-1.6569343403124108,-0.03406032323429464,-0.007014426948067125,-1.4890975563764473,1.5416561836371314,-2.999750209447934,-1.632597263540321,-0.02648088941638957
1780433520.558585167,0.02363912880518071,-1.56218924321686,1.558627846940017,-3.128878318262772,-1.6564667572989027,-0.03307612383915348,-0.0037740792594028903,-1.4845358926340966,1.5414677029564023,-3.0025398241740473,-1.6333006555289344,-0.025183926832627292
1780433520.608459234,0.023797632708436378,-1.5635092122247354,1.5583837462016221,-3.123242211596371,-1.657045102764009,-0.036971282893232704,0.005950585142581916,-1.4837024293471472,1.545946670858622,-3.0074630668317908,-1.638966967322059,-0.025074452100724044
1780433520.658766747,0.023857662497309917,-1.5647193524723022,1.5581966880485678,-3.118225540871493,-1.6572641541085433,-0.04042677063038713,0.012112681306731713,-1.4849512908426874,1.5488432005781152,-3.0094641352039484,-1.6420672812749368,-0.024672400430631847
1780433520.708646536,0.023857662497309917,-1.5647193524723022,1.5581966880485678,-3.118225540871493,-1.6572641541085433,-0.04042677063038713,0.013952476260715989,-1.4942348957892202,1.5534622206271809,-3.007352502824316,-1.6434993730058618,-0.02263448907450287
1780433520.758652449,0.023678823349207345,-1.5650044207768623,1.5582683874074648,-3.117460265005579,-1.6566115881079755,-0.04073255452331015,0.015411638362917104,-1.5040785858500811,1.5570482190909887,-3.0036934815631993,-1.6448219033774594,-0.020488046729151898
1780433520.808639288,0.02340381597177288,-1.5651608366622582,1.55841529450876,-3.117425194387692,-1.6556082658767055,-0.04071121604582739,0.01655572117271346,-1.5135868837915911,1.5599854104880082,-2.999487298880689,-1.6459970852861345,-0.01828325730395806
1780433520.858689785,0.023032550821884268,-1.5652417521708326,1.5586303504439316,-3.1179042867852225,-1.6542540524467242,-0.04036015513419411,0.017446506118979476,-1.5228909150524288,1.5623608882807334,-2.994683614353493,-1.6471224612086603,-0.016007402019328845
1780433520.908928633,0.022551036820310344,-1.5652630727072339,1.5589192794287265,-3.118861173994392,-1.652498192815263,-0.039658865848199554,0.018272761140451576,-1.5342683892734668,1.5646628131197322,-2.987891491016967,-1.6485603709772538,-0.013056761944170032
1780433520.958592892,0.02195388628223216,-1.5652098950267295,1.559286057456577,-3.1203640118005285,-1.650321426924128,-0.03858387025881882,0.01874145776103727,-1.543245768571662,1.5660269584273692,-2.9818041486669116,-1.649812461207823,-0.010605558641790254
1780433521.008519173,0.02195388628223216,-1.5652098950267295,1.559286057456577,-3.1203640118005285,-1.650321426924128,-0.03858387025881882,0.019059846344596194,-1.5520827653349478,1.5670368983482155,-2.975213916301522,-1.6511900993853397,-0.008067725100034602
1780433521.058661222,0.021231683937113832,-1.565085305541417,1.5597340834544327,-3.122414897761202,-1.6476899363681206,-0.03710408149696409,0.017584822091837215,-1.5589923791623406,1.5703021911012294,-2.9724961995159904,-1.6508199283436809,-0.004554732048206574
1780433521.108861446,0.019671682496977816,-1.5659918608582988,1.5605480472805866,-3.122075786732511,-1.6420098640370355,-0.03265542510639552,0.015550483214691935,-1.5636122139380024,1.5738553365786772,-2.9720508803462886,-1.6495092339386201,-0.0006564859953507257
1780433521.158733845,0.01787910505209589,-1.5671870178791494,1.5614513730456279,-3.121025135905923,-1.635489713031772,-0.02791847967152794,0.01398140152227507,-1.5670669416897898,1.5760879546834807,-2.971179108732275,-1.648383917651249,0.0030710219966669557
1780433521.208683729,0.015940136763035184,-1.5685568525065952,1.562402279392118,-3.119525289849217,-1.6284449220338724,-0.023136681272596604,0.012452817572665763,-1.5700621915105932,1.5773604067794291,-2.9694867489085945,-1.6470998694419736,0.007524326990061905
1780433521.258624554,0.013865335631377151,-1.5701004673881496,1.563389835626074,-3.11754382543002,-1.6209152554799253,-0.018257650528211045,0.011428570092396345,-1.5716077481194306,1.577384748697868,-2.9676446483375836,-1.6460856760823421,0.010948681401120076
1780433521.308550596,0.013865335631377151,-1.5701004673881496,1.563389835626074,-3.11754382543002,-1.6209152554799253,-0.018257650528211045,0.010470663763550717,-1.5725485528750704,1.5766833322918858,-2.965359536782862,-1.6450271728658716,0.014272213967948269
1780433521.358818054,0.01166564864805908,-1.5718172950409341,1.5644024581161342,-3.1150454740078057,-1.612941680545159,-0.013230872994911103,0.009489933200353944,-1.5730000626189744,1.5753712066112127,-2.962618477227413,-1.6438837901321048,0.01751512470882258
1780433521.408648729,0.00935303472636928,-1.5737064871097717,1.5654276375516307,-3.111993376298386,-1.6045685834914911,-0.008005551977817937,0.008403528430172157,-1.5730570724064323,1.5735363146652492,-2.959403187110405,-1.6426221827603509,0.02069743862677312
1780433521.458524466,0.006941341527414657,-1.5757667339698127,1.5664514876227826,-3.108348166310987,-1.5958468969612145,-0.0025272502736157776,0.0071347482877802135,-1.572797309777811,1.5712445276135714,-2.9556910525592506,-1.641215970193299,0.023838677536901994
1780433521.508740425,0.004446303846789013,-1.5779952218843123,1.5674589594805737,-3.1040724580391403,-1.5868340449734468,0.0032594407417884576,0.005615210349882405,-1.5722847125730475,1.5685453789678496,-2.951457453365276,-1.6396471583701282,0.026956945517408026
1780433521.558577061,0.004446303846789013,-1.5779952218843123,1.5674589594805737,-3.1040724580391403,-1.5868340449734468,0.0032594407417884576,0.008399580703122307,-1.5724829907074263,1.5696457894946587,-2.9500966322647644,-1.6406640308826654,0.028730622040394806
1780433521.608543634,0.002074471765529884,-1.5796778456972094,1.5684633161279435,-3.1017190616824846,-1.578275293314765,0.005851458256248528,0.014858528097419018,-1.5731460964415493,1.5743379029570448,-2.9520497879694054,-1.6435076307349772,0.028967861628387187
1780433521.658710718,-3.463535705883203e-05,-1.5808978064384682,1.5693867623451963,-3.1007071152918497,-1.5706715092335717,0.005876534518405786,0.019866298720762093,-1.5733559501336831,1.5780631272421863,-2.95375898694416,-1.6449255660660302,0.028931675297193822
1780433521.708649635,-0.001433960958183711,-1.5813860007524365,1.5700501749793343,-3.101339485091203,-1.5656300288157219,0.0041302928781045065,0.024926855078851354,-1.574671142512429,1.584681128827287,-2.958763789720124,-1.6467332423336916,0.027195840728681617
1780433521.758608580,-0.001760787761288185,-1.5807624887325336,1.570339545959431,-3.1045445197175296,-1.5644529133645495,0.0005188054476251065,0.027887296106468836,-1.5760111325112396,1.5905469588935535,-2.963869193527086,-1.6472458661569485,0.0250291556409108
1780433521.808625937,-0.001760787761288185,-1.5807624887325336,1.570339545959431,-3.1045445197175296,-1.5644529133645495,0.0005188054476251065,0.028800779055436997,-1.5769885006894686,1.5944181895117038,-2.9677034223095897,-1.6463752419315267,0.02295465001649402
1780433521.858716488,-0.001776951444099062,-1.580033645924451,1.5704768881107938,-3.107587942616405,-1.5643947010559476,-0.002743829125520847,0.028203393524775234,-1.5776360293566496,1.596727775969027,-2.9704921388679386,-1.644576888078218,0.020966197821694007
1780433521.908679724,-0.0015201510405864482,-1.5792118549690004,1.5704805755404276,-3.1104911733961513,-1.5653195888625682,-0.005775382851853195,0.026105569389965073,-1.578148166980733,1.5978349011341824,-2.9725758988556277,-1.6416355496565136,0.01857087653674668
1780433521.958738804,-0.0010206917998880627,-1.578306369981222,1.570364713368862,-3.1132715937053814,-1.567118679815465,-0.008664005965437482,0.023745688669125332,-1.5783818477160114,1.597634142823774,-2.973270248642661,-1.6390539460616125,0.016708262644176276
1780433522.008568764,-0.00030722378440906084,-1.5773141697490765,1.5701438349882857,-3.115991600108227,-1.5696892228277974,-0.011513613742073048,0.02102316708609702,-1.5785000141356065,1.5967316945865113,-2.973241379161398,-1.6364662347840844,0.014884388218514684
1780433522.058715582,0.0006044029099701032,-1.5762404305856093,1.569823876064697,-3.1186544093317634,-1.5729747171491004,-0.014386954142165287,0.01819250128717745,-1.578580935209554,1.595245442334352,-2.9724785959587146,-1.6340555221492596,0.013073410935804539
1780433522.108622789,0.0006044029099701032,-1.5762404305856093,1.569823876064697,-3.1186544093317634,-1.5729747171491004,-0.014386954142165287,0.015370754480110304,-1.5786443046995284,1.5933444054051702,-2.971085139421984,-1.6319147511418783,0.011265627270278189
1780433522.158509254,0.0016984389984198156,-1.5750853120600956,1.5694111475325794,-3.1212824459407913,-1.5769191498750708,-0.01734596565586788,0.012635385124941157,-1.5787050101993625,1.5911701679931562,-2.969156195141913,-1.6301013435948024,0.009453657769331622
1780433522.208887577,0.002965654616221336,-1.5739674690987382,1.5688922968186159,-3.1234062842500996,-1.5814901294126384,-0.020240980873328596,0.008264322985920234,-1.5766581110117945,1.589756214537089,-2.9694154095086995,-1.6270857800154463,0.0073995293620496465
1780433522.258799791,0.004311387962602442,-1.573123429749261,1.5682863504568976,-3.124248630906787,-1.5863469706053444,-0.022972474858601544,0.005646454600041441,-1.5747434199875041,1.5882647962683452,-2.969246464840754,-1.6252618317142298,0.005699606093792029
1780433522.308609962,0.005684551809318261,-1.5723174208273,1.5676530984751036,-3.1248599820847835,-1.5913057215141277,-0.026055614269521854,0.003928692765163259,-1.57470018823118,1.5873455316096743,-2.9680681516640792,-1.6243149429503587,0.004176556392987772
1780433522.358743906,0.005924645986606247,-1.5709787320166413,1.5676902605696486,-3.129777605016847,-1.592173056778872,-0.02705797771550511,0.0018583493792062372,-1.5805633106754744,1.5883149437306707,-2.9643421472237197,-1.6241251621498132,0.0038120411600277146
1780433522.408930302,0.005924645986606247,-1.5709787320166413,1.5676902605696486,-3.129777605016847,-1.592173056778872,-0.02705797771550511,-0.0014742668786348334,-1.5861277761916126,1.5878854299243441,-2.959332079398291,-1.6234385796773187,0.004039220073086921
1780433522.458499670,0.005874405634902713,-1.569886370010873,1.5678415110883832,-3.1342381293330623,-1.5919915567919327,-0.026451067385330873,-0.004573585471794674,-1.5923209203494917,1.587397611565574,-2.953357050677817,-1.6236360768077243,0.004103329952745259
1780433522.508688450,0.005908926300887796,-1.5686606373482093,1.5679503447518093,-3.1390410436687484,-1.5921162668707804,-0.02654448749151861,-0.0058587070485445255,-1.5954348588068035,1.586576594906895,-2.9492426247780354,-1.624457468671063,0.0037237221247293883
1780433522.558588266,0.0060235121998748475,-1.567524040544889,1.5679966264026794,-3.1433127851033387,-1.59253023620923,-0.027108430463937516,-0.006781704717622439,-1.5983014861571458,1.5856664409171226,-2.944990462652214,-1.6256616533683028,0.0033267491140212095
1780433522.608647585,0.006099039140857521,-1.566391863450237,1.5680527572604863,-3.147618008194975,-1.5928031073207576,-0.027720026647457097,-0.007370977763292612,-1.600869791765886,1.5845779340611492,-2.9405460127278986,-1.6272330102491237,0.002860176198814651
1780433522.658823490,0.006169453333760622,-1.5652735305193914,1.5681003343323545,-3.1518559336154084,-1.5930575150094857,-0.028439869431660547,-0.00771232595888415,-1.6031344894383253,1.5832968391757434,-2.935927008666981,-1.6290881426136106,0.002347344360495036
1780433522.708588600,0.0065698595070109445,-1.5644733849457593,1.5679475576746225,-3.1542186171360953,-1.5945043444836884,-0.02904555880971227,-0.011425870276172275,-1.6025039612048708,1.5829726996764548,-2.9342178876550613,-1.629113281950015,0.0012721912242905488
1780433522.758631468,0.0065698595070109445,-1.5644733849457593,1.5679475576746225,-3.1542186171360953,-1.5945043444836884,-0.02904555880971227,-0.019816163854947114,-1.5965292497868218,1.5842555602472546,-2.9394337436659272,-1.6253133938240378,-0.0004679604347342543
1780433522.808759212,0.007805637033778456,-1.5642946394431876,1.5673168020169894,-3.1525830752475006,-1.5989713973168787,-0.029636109440334124,-0.026281182365896008,-1.5917659861764957,1.5839791007403488,-2.94231174534265,-1.6233203836727428,-0.0023979836415659998
1780433522.858721018,0.00911167235713406,-1.5639002729013596,1.566657515447071,-3.1516315242487636,-1.6036952604387231,-0.03090624285611554,-0.030798119761737557,-1.5881666675570614,1.5823366019999332,-2.9429342510858043,-1.6230630821603447,-0.004542181907918788
1780433522.908618450,0.010222846853453538,-1.5637967411682272,1.5660749838862633,-3.1498989015999186,-1.607716695708021,-0.03165013521098814,-0.036858758997919745,-1.584616484104381,1.5840720558578734,-2.9474213380578425,-1.6216601926037135,-0.005287921347922071
1780433522.958935499,0.010356852750726953,-1.5630477580337017,1.5660554884543372,-3.1525598266650228,-1.6082018251014851,-0.0272199141357099,-0.04582551070390942,-1.589658612510502,1.587648592481528,-2.948450048463074,-1.6218585703948474,-0.0035235042559920876
1780433523.008738518,0.010318174555091764,-1.5622825050710905,1.566124321053397,-3.155606681628977,-1.6080617985772676,-0.02129553276197793,-0.05304903437685585,-1.5932308879016794,1.5876444752959211,-2.946884407644551,-1.6227469743581144,-0.001315698159499419
1780433523.058508396,0.010318174555091764,-1.5622825050710905,1.566124321053397,-3.155606681628977,-1.6080617985772676,-0.02129553276197793,-0.05935303346087457,-1.5967105096530139,1.5867251412951922,-2.9443042793369454,-1.6248914910542955,0.0013243006699026933
1780433523.108651161,0.010089859575897808,-1.5615801028392005,1.5662844761613401,-3.158762060421762,-1.6072352862399217,-0.014364585043188605,-0.06038608832824897,-1.5972622125515539,1.5868682565334846,-2.9444750872457646,-1.6294010640126966,0.0026844137963116877
1780433523.158516407,0.01008138372175793,-1.5611723998173614,1.5663100247618849,-3.1603513819557483,-1.6072046050218312,-0.012088306736392163,-0.05473628067755775,-1.5926956269645398,1.5892266074126098,-2.9508271361987983,-1.6355991346224643,0.001445185093372109
1780433523.208611727,0.010255683919907943,-1.5604905189396758,1.5662512856597124,-3.162644025990816,-1.6078355697338935,-0.012704976285791147,-0.04872098564540237,-1.5894400136085363,1.590698076369945,-2.9556795173044117,-1.6417729803606012,0.0001392649550990109
1780433523.258749008,0.0104318188831376,-1.559623259958581,1.566195797217718,-3.1656365713224632,-1.6084732324847248,-0.01389644028603243,-0.042542004967924235,-1.5868291837600266,1.5911479723635218,-2.9592551734394514,-1.6476325692389002,-0.0012668991597265158
1780433523.308769464,0.0104318188831376,-1.559623259958581,1.566195797217718,-3.1656365713224632,-1.6084732324847248,-0.01389644028603243,-0.037261786585576294,-1.5838896081488567,1.5908587941222883,-2.9624895519897914,-1.6523443519323444,-0.002504182341919815
1780433523.358487844,0.010567308079558302,-1.5588898256357036,1.566151823768167,-3.16818399365084,-1.6089637836585347,-0.014878038822222273,-0.03148492441670654,-1.5803043014489209,1.5898230589749611,-2.9658300993858946,-1.657169321946265,-0.003851281983901914
1780433523.408769369,0.010688188611000626,-1.5582296760279624,1.5661096187598926,-3.1704719166583217,-1.6094014712422444,-0.015755584573238224,-0.027193742431633736,-1.5778011195619142,1.588590264128023,-2.9677817382735467,-1.6604952547956886,-0.004831997490615996
1780433523.458591700,0.010802182705078822,-1.5575950147854316,1.5660673629860438,-3.1726694992159317,-1.6098142488614897,-0.01665784494032696,-0.023163392620222784,-1.5755614728171388,1.5870465882019982,-2.9691485064443235,-1.6633696629514687,-0.005731393324347016
1780433523.508853436,0.010898099892515889,-1.5569773016844666,1.566031320244202,-3.1748309577090943,-1.6101615877861484,-0.017600694472228895,-0.019349442707034634,-1.5736183449868832,1.5852572432438448,-2.9699581338717596,-1.665838349772043,-0.006560842077748266
1780433523.558827162,0.010970121479991324,-1.5563804483706978,1.5660045816697026,-3.1769528404693332,-1.6104224062517734,-0.018583200943567135,-0.014925258350601654,-1.571558546251837,1.5827734054721805,-2.970277723988293,-1.6683587128498463,-0.007488568591414382
1780433523.608491898,0.010881544372758123,-1.5565015032124858,1.566048164118504,-3.1766622339585027,-1.610101635101465,-0.017781695531697395,-0.014900734286898367,-1.5673632135925901,1.5806993862132492,-2.972432887410855,-1.6672558119432757,-0.007234267985627408
1780433523.658593416,0.010881544372758123,-1.5565015032124858,1.566048164118504,-3.1766622339585027,-1.610101635101465,-0.017781695531697395,-0.01571671536258676,-1.5617897371429725,1.5776784897877185,-2.9745970880371515,-1.6650529326754389,-0.006607321413404666
1780433523.708737135,0.010613372441318214,-1.5573365805133612,1.5661704670139311,-3.1740064696409096,-1.6091305716115958,-0.015713711177467893,-0.015881521477693533,-1.5577744584067963,1.5750223801195604,-2.975729630991533,-1.6635160170534,-0.005891021072734096
1780433523.758697987,0.010309756081599453,-1.558111602484387,1.566308257936484,-3.171636304100595,-1.6080313215714757,-0.013807887574887268,-0.015181972785717864,-1.5543640619250132,1.572661112265869,-2.976447152811223,-1.662554847525483,-0.005312950630900161
1780433523.808865547,0.010012983570542477,-1.5588839313886353,1.566438923015034,-3.1692552781446874,-1.6069570123275696,-0.012174665358462455,-0.01437156784207426,-1.5517145896380153,1.570218015433592,-2.9762933802636935,-1.6617335509863336,-0.004673069602415064
1780433523.858518600,0.009719741293199746,-1.5596731902571062,1.5665634535538566,-3.166794593395233,-1.605895639072867,-0.010460613157063037,-0.013367838930079312,-1.5493739244372255,1.5670925067319552,-2.9749491669190324,-1.6608179461152024,-0.0037715914492833518
1780433523.908501863,0.009496857690829419,-1.560183828640307,1.5666591233149283,-3.165260603143735,-1.6050890283694628,-0.008306725214959343,-0.013152376960391935,-1.5500505154993993,1.5662549006240971,-2.9734609479167715,-1.660467811578062,-0.002641421475648506
1780433523.958606243,0.009496857690829419,-1.560183828640307,1.5666591233149283,-3.165260603143735,-1.6050890283694628,-0.008306725214959343,-0.01803385366079017,-1.5474200602492,1.5665948003515247,-2.9763804090210235,-1.6558088080903408,0.0005720972285873642
1780433524.008617640,0.008758816038089368,-1.5618845783856923,1.5669639923219965,-3.160117165192281,-1.602418703527488,-0.0013305751733208027,-0.023545083994000158,-1.54391377548506,1.5645057626625616,-2.977600074627421,-1.650515964821128,0.004433903461624484
1780433524.058714628,0.007754211735241601,-1.5641412948035862,1.567354003068257,-3.1532772463999983,-1.5987854550588656,0.006905772362252007,-0.027325397772095108,-1.538856678972012,1.5606040147238722,-2.9778281155426005,-1.64592953608846,0.008066394186930887
1780433524.108777761,0.00639400441418525,-1.566215450984365,1.567912887098391,-3.147752639561592,-1.5938688763256295,0.012436777548986483,-0.021683599996145664,-1.5376213114032264,1.5626850044573524,-2.981071866888852,-1.647373952241052,0.009741263334532683
1780433524.158496380,0.004692039647118396,-1.567257924866026,1.5687131288980327,-3.1468636611990766,-1.5877212755295531,0.012891522198653861,-0.008882102842251332,-1.5370443076591274,1.5680791809898975,-2.988287873858985,-1.651755486480551,0.009634267238555403
1780433524.208541393,0.0034120400182637844,-1.5676673771576723,1.5693383230251223,-3.1476392660198353,-1.5831008576343049,0.011317538188411082,0.000468891736258144,-1.5363637691354501,1.5717540014055285,-2.9945530406818697,-1.6538580672930248,0.008903509912451667
1780433524.258682728,0.0034120400182637844,-1.5676673771576723,1.5693383230251223,-3.1476392660198353,-1.5831008576343049,0.011317538188411082,0.007642251022218336,-1.5353717751849452,1.5737965446491882,-2.999866136890105,-1.6538153632302424,0.008269541146024607
1780433524.308576107,0.002262129676102731,-1.5680769356267525,1.569891390092964,-3.1481544741817693,-1.57895214938267,0.00994418416226462,0.01326459900467713,-1.5341518330196076,1.5745244591317356,-3.00429518797177,-1.652173142366894,0.0076886180989351955
1780433524.358625889,0.0012048412407021925,-1.5684959380416572,1.5703921827674234,-3.148447057075421,-1.5751393239904035,0.008618530574754202,0.017635071514636495,-1.532682193099033,1.5741976586801172,-3.0079721649416706,-1.6492001735750956,0.007184036085203128
1780433524.408747196,0.0002097087373464923,-1.5689652383539272,1.5708537093435389,-3.1484159924537103,-1.5715521022493188,0.0073148841571754,0.021142255435124675,-1.5310593104105177,1.573056616137613,-3.0109347498427805,-1.6452474987797547,0.00670869066631438
1780433524.458464861,-0.0007470958352309154,-1.5694856782905875,1.5712883003401006,-3.148103051547819,-1.5681043337869855,0.005952922337164634,0.02453834420407998,-1.528814735276427,1.5707746305666128,-3.0137887434322472,-1.63914117719118,0.0061913310671428655
1780433524.508533955,-0.0016769755405361408,-1.5700779221214036,1.5717000211375702,-3.1474485456524928,-1.5647547623143572,0.0044831653358552775,0.026738982285299112,-1.5269269040914635,1.5684884543325173,-3.01545015234502,-1.6335866854813124,0.005797108775835236
1780433524.558547735,-0.0016769755405361408,-1.5700779221214036,1.5717000211375702,-3.1474485456524928,-1.5647547623143572,0.0044831653358552775,0.02854323107629223,-1.5250465634253807,1.5658450661280332,-3.01648272005943,-1.6275280275909085,0.0054395498103037305
1780433524.608524084,-0.002598706697210851,-1.5707492378415209,1.5720972938494957,-3.1464573652020604,-1.5614356522038166,0.002918174856345691,0.030127362449285905,-1.52314660396339,1.563090016186135,-3.0171065229004252,-1.6211146610521936,0.005079297510571354
1780433524.658692122,-0.0035154348708825722,-1.5715081680829481,1.5724803295595333,-3.145100423979496,-1.5581356193380467,0.0011850814506339216,0.031539791930304824,-1.5213364909437717,1.5602196468879213,-3.0171899468635215,-1.6144307731248906,0.004718686742151409
1780433524.708928585,-0.004439749173021035,-1.5723580209792498,1.5728541079554939,-3.1433851139157234,-1.5548093163850591,-0.0006892091230348285,0.032749312793356335,-1.5195951669579335,1.5573167877507392,-3.0168198785243794,-1.6074708841718868,0.004379146609683993
1780433524.758500576,-0.005369611143576591,-1.5733061871824,1.5732157219770233,-3.1412759910763484,-1.5514640672043303,-0.00274262409076087,0.034139822326267215,-1.517585045381022,1.5537692249593191,-3.015747723450084,-1.5985611225461052,0.003923974220112508
1780433524.808673859,-0.006312708438939829,-1.5743517012589026,1.5735674967676625,-3.1387869581385712,-1.5480722106905933,-0.00495471860002894,0.0351213405606077,-1.51618189062037,1.550956081695906,-3.014297650309638,-1.5912773381072582,0.0035546748993689026
1780433524.858558655,-0.006312708438939829,-1.5743517012589026,1.5735674967676625,-3.1387869581385712,-1.5480722106905933,-0.00495471860002894,0.03605082994937321,-1.5149225590448454,1.5483028521711768,-3.0124708609617707,-1.5839257408321474,0.0031570714271522277
1780433524.908622265,-0.007268399444525286,-1.5755048856604033,1.5739061874504392,-3.135871701073396,-1.5446360595945157,-0.0073388691981053356,0.036887928004716894,-1.5138781069775593,1.5457183075708898,-3.010117302165453,-1.576513221857451,0.002741176315565092
1780433524.958652735,-0.008238133586685237,-1.5767515099137057,1.5742319372549494,-3.13258445558091,-1.5411504065866959,-0.009924884150048996,0.03768882995796543,-1.5130100032843181,1.543327582447212,-3.0073830353606583,-1.569095559917432,0.0022901889776883607
1780433525.008594036,-0.009221071758669375,-1.5781053986216609,1.5745403435115826,-3.1288630370364094,-1.5376182702190047,-0.012675066036051952,0.038391961164293685,-1.5123835444349787,1.541010308769557,-3.004101924695709,-1.5616644217739168,0.001809866168556635
1780433525.058620453,-0.010220776264060483,-1.5795667195573095,1.5748302383403516,-3.1247062628479982,-1.5340268531961696,-0.015588006087486228,0.03900660450175861,-1.5119540316442013,1.5388500337811912,-3.000389765644234,-1.5542383981497392,0.0012998364509561094
1780433525.108531475,-0.011232199954807953,-1.581124312499533,1.5750976063296427,-3.1201432005553538,-1.5303942859050945,-0.01868073629622824,0.039708750661956484,-1.511781782244901,1.5362981860090137,-2.994998477752335,-1.5450634909740735,0.0005953239237879821
1780433525.158668756,-0.011232199954807953,-1.581124312499533,1.5750976063296427,-3.1201432005553538,-1.5303942859050945,-0.01868073629622824,0.040204058855524874,-1.5118941506695585,1.534417569475138,-2.9901586497814137,-1.5378169816436948,-2.294592170302142e-05
1780433525.208688974,-0.012256178725117195,-1.5827845772995213,1.5753386147201551,-3.1151415563319285,-1.5267175559755337,-0.021947517086331025,0.040570677907588976,-1.5122746639810902,1.5325406394535306,-2.9846853844034573,-1.530637828233263,-0.0006757344943060756
1780433525.258623838,-0.013291762473434332,-1.5845408075138474,1.5755501733894426,-3.109718372742508,-1.5230000617738142,-0.025346102358679623,0.04031240632043985,-1.514972356106405,1.5318208955707442,-2.9783339731314875,-1.5237264862523359,-0.001033993939366227
1780433525.308518410,-0.014613230876862282,-1.5845759944465847,1.5761832297485994,-3.111836331199929,-1.518257558436864,-0.0249333859706784,0.035172481988804405,-1.532965118752169,1.5373890141636155,-2.967621344212763,-1.517655225052456,0.001279574359683213
1780433525.358635902,-0.016047791766970576,-1.5835321798757231,1.577032132140001,-3.1185239891759093,-1.5131106651401058,-0.021818910634769928,0.029206772681143318,-1.5504326406512892,1.541051858938566,-2.955495970078269,-1.5119094236401507,0.00394205697481842
1780433525.408843994,-0.017631561403648632,-1.582976126452042,1.5778500020596746,-3.1234022638697767,-1.5074300842791866,-0.01609208810620366,0.01781935606617785,-1.5673170268877081,1.5453548855788433,-2.9439828219693447,-1.5025899300305452,0.008724308672329038
1780433525.458493948,-0.017631561403648632,-1.582976126452042,1.5778500020596746,-3.1234022638697767,-1.5074300842791866,-0.01609208810620366,0.0121349012480561,-1.5740430793122941,1.5524558786693277,-2.943507841531357,-1.4954979722407684,0.011999651694849338
1780433525.508801222,-0.020047888774386458,-1.5836201668144803,1.5788575663774966,-3.124718657636935,-1.4987662788408116,-0.011089943678943115,0.007614361237679948,-1.5782733987749005,1.5573629035249144,-2.942764894297015,-1.4890094031118126,0.014866433181483433
1780433525.558574915,-0.022601271387692634,-1.5846121488578833,1.5798553948186047,-3.1247701299732045,-1.4896143468518446,-0.006477047163897964,0.004033502853215594,-1.5807597213611304,1.5602989607721294,-2.941347363609074,-1.4830410966410366,0.01739653920364395
1780433525.608655930,-0.025313429483890815,-1.5858905151193072,1.5808577862827475,-3.1238263019006483,-1.4798962573468089,-0.002065041319309735,0.0008039462986780259,-1.5829760700146274,1.561972796666783,-2.938868928554959,-1.4775831540631654,0.01985970560391804
1780433525.658642292,-0.028116442538657083,-1.5865315636993387,1.5819621766071017,-3.1255041463238937,-1.4698549186128478,0.004011238798772021,-0.0037232570819210353,-1.5886908179118624,1.5635155673894754,-2.9337905870945193,-1.4730539864072218,0.022919907152451277
1780433525.708491325,-0.03084298224203419,-1.5872327307527643,1.582997647373084,-3.126725811777899,-1.4600889019146353,0.007710682378347774,-0.004016495366092756,-1.5930368380058244,1.5678083092747748,-2.9311538818724503,-1.470132101180447,0.024857981209699915
1780433525.758469820,-0.03084298224203419,-1.5872327307527643,1.582997647373084,-3.126725811777899,-1.4600889019146353,0.007710682378347774,-0.0035426764011285052,-1.596848449839432,1.5705474927956937,-2.9281544306885188,-1.4685951374198232,0.025867505574284466
1780433525.808663607,-0.03342309279744704,-1.587629239596187,1.583987897333369,-3.1288691226795597,-1.4508478317444604,0.010736345650914764,-0.003121414750797258,-1.6010002178820129,1.5725262696074251,-2.924204703584028,-1.4673747471314929,0.026634688357133292
1780433525.858831406,-0.035951471065151175,-1.587972252100717,1.5849386808792392,-3.131066064492573,-1.4417917698012808,0.014145318827164874,-0.006944855104465845,-1.6014208746480305,1.5742824700319995,-2.923231701576125,-1.4628849045132732,0.02865995545926023
1780433525.908629656,-0.03882728307582184,-1.5895557649878675,1.5858388911206285,-3.128676165825198,-1.4314900662051588,0.021519660717947177,-0.014094146995884344,-1.5997440196432047,1.5747549792030153,-2.922976032937665,-1.4563928808628241,0.03184191497665136
1780433525.959282875,-0.04169734416750437,-1.5908601138552,1.58674290793147,-3.1272940704372654,-1.4212067031642803,0.02944691903777167,-0.01948555734016308,-1.6000599143395036,1.5750873231127687,-2.9208971982999423,-1.4521250801664156,0.03469715764050094
1780433526.008594036,-0.04456595025332177,-1.5914037900945184,1.5877178527891747,-3.1288681989925604,-1.410925282043614,0.031540335538563155,-0.013285153839153786,-1.6014946024364347,1.583769088755656,-2.925434351137868,-1.4533458394570908,0.03459287492382046
1780433526.058490038,-0.04456595025332177,-1.5914037900945184,1.5877178527891747,-3.1288681989925604,-1.410925282043614,0.031540335538563155,-0.008975838626979179,-1.601562139183362,1.5889467508162658,-2.928738471532406,-1.4531191862969048,0.03416167491616542
1780433526.108586788,-0.04717271563959713,-1.5921772184467748,1.5885416808798727,-3.1290851236488,-1.4015786342855785,0.03199103035823899,-0.0014722933776708835,-1.5906130985965818,1.592664660126988,-2.9391465542612334,-1.4508517338372782,0.030389111581053986
1780433526.158492088,-0.048888005799676115,-1.5940219067813999,1.5888927069217706,-3.123799524096199,-1.3954260963558358,0.02778615632543724,0.0034568170562604044,-1.5791819417596633,1.593684306630423,-2.9478767112369715,-1.4462495718682462,0.02675255744044833
1780433526.208665371,-0.0505222541490804,-1.5962979268016984,1.5891258726373203,-3.116586283756857,-1.389562305279373,0.023915767705543864,0.006314723016467067,-1.567658940120574,1.5925047977883315,-2.9549342973529105,-1.4397753461021512,0.023268317777565897
1780433526.258804560,-0.052102451610149814,-1.5989936434473035,1.5892321727103111,-3.1074799157029767,-1.383890468066431,0.02031467448452876,0.007558060433382721,-1.5561783666172904,1.5895097256788984,-2.9603869534910645,-1.4318427588364124,0.019941676766065886
1780433526.308919907,-0.052102451610149814,-1.5989936434473035,1.5892321727103111,-3.1074799157029767,-1.383890468066431,0.02031467448452876,0.007529944266225274,-1.5458887920261368,1.5857612475970977,-2.9642547309820078,-1.4231236706577812,0.01678737489724868
1780433526.358629465,-0.05356915181320243,-1.6016384854466281,1.5892568664197133,-3.098311450673651,-1.3786241088564513,0.017077335176976325,0.00658763022462202,-1.5450712501436552,1.5870767296311568,-2.966146964735357,-1.4165331778740609,0.014041290486745295
1780433526.408669949,-0.0551020294550133,-1.60273120717667,1.589575341634933,-3.0956158775135716,-1.3731180204304803,0.015307842067920895,0.00524064397096467,-1.5505728173761257,1.5927836431035778,-2.9685084581722294,-1.410989887246315,0.011874783219571803
1780433526.458643913,-0.05675483234661982,-1.6030732832879542,1.5900746062748994,-3.0961710403893012,-1.3671785605024667,0.014048225536431116,0.0037706091913132823,-1.5561299061092386,1.5969400562494183,-2.9694457012545734,-1.4055802855770996,0.009564422745788996
1780433526.508490324,-0.05833897880284855,-1.603227121920301,1.5905775008483471,-3.0973962060277143,-1.3614831057503194,0.012565238208267847,0.001851154232452424,-1.563034409961836,1.6003252816584583,-2.9689038625687245,-1.398998417096891,0.0065120347964615286
1780433526.558881760,-0.05989530414289135,-1.603232397438342,1.5910892052822463,-3.0991733983572383,-1.3558849095429837,0.010867219906544186,0.00034484500306800015,-1.5684433462687117,1.6018690985215331,-2.9673214627355864,-1.3938997529106771,0.003963869325480653
1780433526.608551264,-0.05989530414289135,-1.603232397438342,1.5910892052822463,-3.0991733983572383,-1.3558849095429837,0.010867219906544186,-0.0010780038972629023,-1.5737014713650188,1.602579512940088,-2.964871273399663,-1.388954635138056,0.0013397375843340526
1780433526.658791542,-0.061458629463586156,-1.6031219505858445,1.5916132409656443,-3.1014027104255435,-1.350258599148491,0.008963196474034854,-0.0023846403422574107,-1.578777314569428,1.6026017368641796,-2.9616627834268643,-1.3841555554962106,-0.0013467539928686133
1780433526.708769321,-0.06305858567301659,-1.6029236011507129,1.5921517404572763,-3.103996759480584,-1.3444972278098204,0.0068621350901727045,-0.00433029482799905,-1.5829510703667262,1.602133665420014,-2.9584153787030902,-1.3788468475282563,-0.003796257306774874
1780433526.758653641,-0.06478641571295984,-1.603076209639278,1.5926550304318314,-3.10523692491916,-1.3382715033220833,0.005750406107114299,-0.007001461020201933,-1.5859046882804657,1.6021004504982368,-2.956221734933349,-1.3730528259145756,-0.00596579769836716
1780433526.808779001,-0.06629856712903504,-1.6030964272909625,1.5931046016151234,-3.1067553736194267,-1.3328194179969932,0.003655975709631852,-0.008642680581899096,-1.588608671353736,1.6026058778469834,-2.9545036927159267,-1.3681724623440155,-0.008564451838991561
1780433526.858687401,-0.06629856712903504,-1.6030964272909625,1.5931046016151234,-3.1067553736194267,-1.3328194179969932,0.003655975709631852,-0.01062071352037806,-1.5910903788623827,1.6026591147745015,-2.952388637985868,-1.363334786167066,-0.011059410362258795
1780433526.908462524,-0.0677170856627276,-1.6029662458822074,1.5935413979717126,-3.1087623468144145,-1.3277018100581364,0.0020120092253708335,-0.015743868154355575,-1.5988580643387484,1.6028962850817803,-2.946777188401779,-1.357669896249747,-0.012850040137119751
1780433526.958512545,-0.06915123899148767,-1.6022263444746176,1.5940661114049188,-3.1132465003483603,-1.3225245872352458,0.0021731146843886424,-0.019953090693114694,-1.6044765255459499,1.602764243475453,-2.9421256671971006,-1.353636135096461,-0.01413010796270819
1780433527.008536100,-0.07041460790567555,-1.6014034527711978,1.5945355250935989,-3.117846672317469,-1.3179611028936904,0.0025657843482952843,-0.02416911192313944,-1.6098024219981468,1.6023895523389204,-2.9371882312379443,-1.350180533350138,-0.015284721338413979
1780433527.058516502,-0.07153289575749078,-1.600472513554326,1.5949612980655756,-3.1226951394261833,-1.3139194159334142,0.003168614740094665,-0.02825995454714373,-1.6147795482180358,1.6018610341188486,-2.932087282685562,-1.3473293024853583,-0.016335844905559043
1780433527.108699083,-0.07242781712285051,-1.5993299681936604,1.5953351791307853,-3.1281355138671647,-1.3106834392976117,0.0034401876363897026,-0.03141457417038864,-1.6199208152901194,1.6021594248434543,-2.9274095729268943,-1.3456389808048999,-0.017662520351461097
1780433527.158559799,-0.07242781712285051,-1.5993299681936604,1.5953351791307853,-3.1281355138671647,-1.3106834392976117,0.0034401876363897026,-0.03309686912968402,-1.6245062860515311,1.6034814405013404,-2.9240014018758895,-1.345011612904518,-0.01968839163526145
1780433527.208640814,-0.07292732471406094,-1.5979627446709745,1.5956124339568272,-3.1340575167141456,-1.3088766296691237,0.002269218883362063,-0.034643498812332994,-1.6276765916548968,1.603946851216216,-2.9207458327553257,-1.344345825835085,-0.021845441765157556
1780433527.258639812,-0.07323870084418793,-1.5966867890784524,1.5958143501926187,-3.1394011338037044,-1.3077500962940398,0.0006738906387341189,-0.03603379608653577,-1.6297459241616483,1.6037319448253524,-2.9175579400553597,-1.3437050850805836,-0.024122658248441186
1780433527.308660507,-0.07338244223666113,-1.5954836601450824,1.5959535549868953,-3.1442713988065103,-1.3072299917460644,-0.0013426529868771908,-0.037200962181096045,-1.631011595809282,1.6028972623121487,-2.9142571404393536,-1.3431766352340302,-0.02653044468074892
1780433527.358640432,-0.07337479361172061,-1.5943380623483545,1.5960394279741934,-3.1487523571295517,-1.3072576679929684,-0.003785237496130911,-0.03814703203152814,-1.6316655553944868,1.6015671822708644,-2.9108067562034243,-1.3427872567699233,-0.029062860021070166
1780433527.408714771,-0.07280575376601917,-1.5942915900907852,1.5959053567959214,-3.1484208519089103,-1.3093164154362027,-0.004447266310523723,-0.04928359190792599,-1.6241638864680477,1.605310672669515,-2.919456426554879,-1.334754845421425,-0.03136965638591198
1780433527.458624125,-0.07280575376601917,-1.5942915900907852,1.5959053567959214,-3.1484208519089103,-1.3093164154362027,-0.004447266310523723,-0.05908112134206544,-1.6177540770487218,1.6080702116447108,-2.927209330354391,-1.3283818550920152,-0.03319706490422685
1780433527.508618116,-0.07205605044962748,-1.5944180644627846,1.595712666491558,-3.147242997798112,-1.3120278956848885,-0.00468496891391279,-0.06765164281605607,-1.6124877100079873,1.6096072283719167,-2.9332600811130374,-1.3236549114644283,-0.035213732268532874
1780433527.558657885,-0.07122565133124237,-1.5944619896735022,1.5955032923052417,-3.146304773094955,-1.315030066191163,-0.005093184840622378,-0.07510300517955464,-1.6081335123443417,1.6100570036360389,-2.9377915509732166,-1.3204055204852945,-0.037429758771609804
1780433527.608494759,-0.07028455818231816,-1.5944309625610185,1.595268748856093,-3.14554648598806,-1.3184309861207755,-0.005823252253609468,-0.08284214668424228,-1.6038027179970333,1.6093907943701498,-2.941560490361118,-1.3182990480670997,-0.04053316321016924
1780433527.658495426,-0.06922419733616358,-1.594339908022703,1.595004775835318,-3.1448979348426525,-1.3222611224023417,-0.0069499436923043945,-0.08790483040160507,-1.6010745569646643,1.6079516697308238,-2.9431435404435535,-1.3179947662733953,-0.043273295502771404
1780433527.708868742,-0.06803455452351592,-1.594178882604699,1.5947084151820752,-3.1443840067024658,-1.3265560460769086,-0.008599529149381446,-0.09191995488243178,-1.5989798010614864,1.605876398948199,-2.94353019259119,-1.3188741118317713,-0.046269431227805594
1780433527.758536577,-0.06803455452351592,-1.594178882604699,1.5947084151820752,-3.1443840067024658,-1.3265560460769086,-0.008599529149381446,-0.09499135239905324,-1.597458153054835,1.6031676391483678,-2.9427113179225586,-1.3208015367433634,-0.04950121247504105
1780433527.808590412,-0.06671441812183687,-1.5939385047338774,1.5943787260119597,-3.144034943307232,-1.331319465914719,-0.010821481591333892,-0.09703530733356391,-1.5965515768361271,1.599951396603771,-2.940697198078869,-1.3237706184057396,-0.05298485878272287
1780433527.858567476,-0.06527597900358906,-1.5935966928550442,1.5940193771274382,-3.143943787371726,-1.3365067411015437,-0.01370203656139779,-0.09956299903401326,-1.5941976751064741,1.5974891706991892,-2.940381035336868,-1.3272483651156772,-0.05706190099946406
1780433527.908504009,-0.0640997647262358,-1.5939309322893624,1.5936642373264565,-3.1414303800904935,-1.340746144779061,-0.015241343819345943,-0.1024181608037915,-1.5898026447736262,1.5993659380974816,-2.9459594224342744,-1.328574756622648,-0.05927092499912057
1780433527.958585739,-0.06327911433553801,-1.5944056814555996,1.5933871419824361,-3.138704973570426,-1.3437028472975863,-0.015480796762846083,-0.10560508083070694,-1.5892885873534306,1.601295082309014,-2.949128748057221,-1.3309590635353998,-0.06065054966664934
1780433528.008614540,-0.06219735694400974,-1.5937265637075173,1.5931452628663703,-3.1402615428812712,-1.3475988913959425,-0.014684951500248289,-0.10746017452512346,-1.5913994409995915,1.6051700778886655,-2.9527614289582087,-1.3354581761201434,-0.06217149586726516
1780433528.058546305,-0.06219735694400974,-1.5937265637075173,1.5931452628663703,-3.1402615428812712,-1.3475988913959425,-0.014684951500248289,-0.10740344055162546,-1.593070628660243,1.6077832736469533,-2.955517294506078,-1.3411658940978992,-0.06407195109387068
1780433528.108642101,-0.06090127776021337,-1.5929944058631005,1.5928413714362861,-3.1417822965594997,-1.3522648215735433,-0.015340825518678436,-0.10621169958108106,-1.5946313762989073,1.6090940721878373,-2.9570567755168033,-1.3475656757521222,-0.06612896567795035
1780433528.158496380,-0.059603121844353346,-1.5923696608414115,1.5925204076481712,-3.1428541206873692,-1.3569361239476834,-0.01606066941288109,-0.10775475769763301,-1.5904329710005634,1.6091541978098136,-2.9621976012799687,-1.3516545714519352,-0.06683626573253476
1780433528.208531857,-0.058774780692589346,-1.5930308636065265,1.5922099410008552,-3.1393388972597234,-1.3599157839057003,-0.01343312617004333,-0.10997916004739759,-1.5835660364671416,1.6070580491810438,-2.9669548999215523,-1.3531305433604515,-0.06662569688721266
1780433528.258672476,-0.05806681856744689,-1.5940929817700304,1.591882078849824,-3.1343364584973616,-1.3624617959471088,-0.01065839595042739,-0.11103196940793028,-1.5776560703659372,1.6045457631788498,-2.9704394189419743,-1.3556188766585338,-0.06653783793915563
1780433528.308544397,-0.0573259651548641,-1.595126922875357,1.591531160126497,-3.12937170847302,-1.3651254926414502,-0.007962503199394177,-0.11130942077653265,-1.5726192709418507,1.6016468084533386,-2.972679136183796,-1.3588148125545016,-0.06650015170066323
1780433528.358649731,-0.0573259651548641,-1.595126922875357,1.591531160126497,-3.12937170847302,-1.3651254926414502,-0.007962503199394177,-0.1106709161722781,-1.5676967240952955,1.5985082244054283,-2.9743084841733745,-1.3625855830108773,-0.06670320589348304
1780433528.408854008,-0.05638756453274851,-1.5962651059876478,1.5910867330732745,-3.123720555770592,-1.3684986056137811,-0.006094250978656568,-0.10752386481236086,-1.5630839657432771,1.5988628600029327,-2.979478110245377,-1.3694353816263258,-0.06840563202983199
1780433528.458508492,-0.05495404386558178,-1.5969357717569785,1.590526977995597,-3.1193363825472216,-1.3736496823527649,-0.005973382547168171,-0.10415604153815722,-1.5614303254835082,1.598635182560897,-2.981515494656178,-1.375641908857994,-0.07008771864864924
1780433528.508596182,-0.05345935875945251,-1.597380895856877,1.5899624896998767,-3.1157477671456304,-1.3790184002899677,-0.006618493204322284,-0.10026460610176169,-1.5609215629185016,1.5978741931384557,-2.981990270296206,-1.3821383549785964,-0.0720084657388126
1780433528.558747530,-0.05198961476460173,-1.5971663049549942,1.5894964708666304,-3.1148443954694036,-1.3842955442835088,-0.007133197125002155,-0.09718701589736364,-1.5656374235105943,1.600415538807501,-2.9821857872096484,-1.3891490539854463,-0.07334708811396155
1780433528.608610868,-0.050597760531819524,-1.596533758572816,1.5891154236818674,-3.115717303649686,-1.3892913343863817,-0.007683912815170224,-0.09359091800771271,-1.57009795623875,1.6019275728542173,-2.9814285731035666,-1.3960646245515598,-0.07480012213995871
1780433528.658611298,-0.050597760531819524,-1.596533758572816,1.5891154236818674,-3.115717303649686,-1.3892913343863817,-0.007683912815170224,-0.0901770996812373,-1.5737072619990595,1.602555329925608,-2.980294004565367,-1.4022849128371409,-0.07614062293534354
1780433528.708568573,-0.04929087756944739,-1.596038652147044,1.5887358908645919,-3.116110754399614,-1.3939807493615328,-0.008122767395613906,-0.08767729589557173,-1.5754452635230383,1.6020940429096293,-2.979522635616509,-1.407792245208136,-0.07710769072670864
1780433528.758702278,-0.0481095553883355,-1.5958783399208354,1.5883425387229362,-3.1152748886181243,-1.3982185492662262,-0.007935062296714257,-0.08602328836929718,-1.5764101217940336,1.6013972491686097,-2.978504921096654,-1.4110096074571443,-0.07765283052503966
1780433528.808643103,-0.04704932976241505,-1.595272378217941,1.5880579956349952,-3.1163968281441514,-1.4020211298201612,-0.00733191576325698,-0.08346240307547674,-1.5838498702269446,1.6042382808508873,-2.9770483103766656,-1.41745763002418,-0.07766098416910032
1780433528.858671427,-0.04615540257935713,-1.593898937515113,1.5879444831449172,-3.120839253460051,-1.4052267162837957,-0.006347951813618025,-0.08076386061098956,-1.5901080265568792,1.6060918066018168,-2.9753472284920655,-1.422814719762755,-0.07756858265934002
1780433528.908587694,-0.04532075932573143,-1.592473591961114,1.5878464994699901,-3.1255336998610947,-1.4082192863884195,-0.005843748725272491,-0.07749938083639434,-1.5954497068335893,1.6069173516697346,-2.9732095152925293,-1.427993041160554,-0.07754197414323202
1780433528.958696365,-0.04532075932573143,-1.592473591961114,1.5878464994699901,-3.1255336998610947,-1.4082192863884195,-0.005843748725272491,-0.07390147904219611,-1.6000646069241604,1.6068835004049002,-2.9706294851040367,-1.432879470993175,-0.07754479421023183
1780433529.008688688,-0.04453930677344875,-1.5909901648000888,1.5877611288826665,-3.13049443538858,-1.411020793562451,-0.005729779149400649,-0.07002833140036266,-1.604020655357397,1.606234063393885,-2.967752198589103,-1.4374266431186946,-0.07757509578941145
1780433529.058578730,-0.04381297780411053,-1.5894564403480773,1.5876863493201239,-3.1356894999406455,-1.4136243973972151,-0.0059633022035585626,-0.06502511126301594,-1.6082140645812384,1.6046764637080804,-2.963707883433385,-1.442550419154233,-0.07761723975595448
1780433529.108625174,-0.043133026835148414,-1.5878768802744379,1.5876169182767161,-3.141086856926115,-1.416061520332149,-0.006540582003983886,-0.06095851462655269,-1.6111227514314335,1.6030488555670603,-2.960196012551105,-1.4461989353793168,-0.07762998285732475
1780433529.158641815,-0.04250107445452578,-1.5862416360894596,1.5875527461011485,-3.146724393549397,-1.4183264130139897,-0.007379629536903742,-0.05685809150841737,-1.613608309174018,1.6011527771070115,-2.9565144623196806,-1.4494351505408685,-0.07764659714659684
1780433529.208708048,-0.04191681567773742,-1.5845505007535277,1.5874917419101398,-3.1525986256830802,-1.4204202199321667,-0.008448163475181403,-0.052856286102963446,-1.6158721834271246,1.599091379136566,-2.9526203891255234,-1.4522666622689477,-0.07760952031579121
1780433529.258646965,-0.04191681567773742,-1.5845505007535277,1.5874917419101398,-3.1525986256830802,-1.4204202199321667,-0.008448163475181403,-0.05041774909598027,-1.6168670938190832,1.5969616546025995,-2.949426538360288,-1.4537701947165091,-0.07713225366886325
1780433529.308489323,-0.04135615357905564,-1.5830818534935727,1.5874045601906668,-3.1575948883306677,-1.4224293327950042,-0.008901980478759342,-0.04785357872080064,-1.6178535866438617,1.5942181366420647,-2.945242556312503,-1.4552597737351467,-0.07635498596717885
1780433529.358522892,-0.04078071288637464,-1.5816205479541434,1.5872976806022319,-3.162510454277449,-1.4244912791994775,-0.009326541695338975,-0.045954642663270553,-1.6185578107347798,1.591932014082822,-2.9416261944714215,-1.4563248733949061,-0.0756587398125424
1780433529.408725262,-0.04024909994768855,-1.5802890524577062,1.5871857875203728,-3.166951690142892,-1.4263960743992907,-0.009276650961308697,-0.04909522899542001,-1.6151116987199075,1.5902035870747104,-2.942000844830121,-1.4534192358718163,-0.07303963191507966
1780433529.458606958,-0.0402492975686819,-1.580593855256895,1.5871703304847125,-3.165781346680023,-1.4263953663315876,-0.0037878658622432226,-0.05576224489416948,-1.6088527731381976,1.5869749644549156,-2.9433736812225018,-1.4481619996143276,-0.06885307208810439
1780433529.508604765,-0.04036430530984347,-1.581409994620465,1.5871652197391337,-3.1627871437507875,-1.42598329620359,0.0021420176769425935,-0.06113732656248953,-1.6010915984903802,1.5823760710780694,-2.9442259667789066,-1.4434760044886652,-0.06480765935384618
1780433529.559278488,-0.04036430530984347,-1.581409994620465,1.5871652197391337,-3.1627871437507875,-1.42598329620359,0.0021420176769425935,-0.058969368553613316,-1.5946935576233745,1.5840253534515605,-2.9499453966499494,-1.4431400587554981,-0.06280763565503981
1780433529.608487606,-0.0402459302069067,-1.5816210234712544,1.5871113992903907,-3.16182005248251,-1.426407431445341,0.003597809572468929,-0.05579573056757461,-1.5909649561237513,1.5861638696225837,-2.9545584403579,-1.4436531360635043,-0.06186614162626704
1780433529.658502340,-0.04009574594585441,-1.5816151408837644,1.5870592216110466,-3.1616486703054183,-1.426945531414976,0.0038617713959602186,-0.0529581286240311,-1.5876098631676223,1.5874218822390171,-2.9582341263294754,-1.443764935252469,-0.06097483376487539
1780433529.708786249,-0.03998251313043877,-1.581663349522894,1.587016595774711,-3.1613158680540345,-1.4273512319663597,0.004017436145349231,-0.05033521889633038,-1.5846018475769723,1.5880162688247081,-2.961114436636736,-1.4435792806709353,-0.06015735927322247
1780433529.758543491,-0.039903083048971943,-1.5817766165398952,1.586981685518425,-3.160775117749765,-1.4276358186109785,0.004019377648788147,-0.047945683956464,-1.581875482841065,1.588001621379007,-2.9632307341584494,-1.4430991689657926,-0.059394889123914635
1780433529.808689594,-0.03985306058902971,-1.5819603761644272,1.5869524409477176,-3.1599993728293936,-1.4278150409068253,0.0038322533759859224,-0.04567372523498162,-1.5794313511300846,1.587549772441822,-2.9646800884772797,-1.4424200972862071,-0.05870968682483882
1780433529.858856678,-0.03985306058902971,-1.5819603761644272,1.5869524409477176,-3.1599993728293936,-1.4278150409068253,0.0038322533759859224,-0.043588474434255446,-1.577230735770864,1.586672170126977,-2.965461098305099,-1.4415201489091372,-0.05807828950779163
1780433529.908488512,-0.03982862245861618,-1.5822253918013507,1.5869265206103735,-3.1589413504977917,-1.4279025984429659,0.0034773649277232994,-0.041128998736558044,-1.5748243361062633,1.585138447490636,-2.965574225764655,-1.4401838768894588,-0.057380918765351
1780433529.958654642,-0.039829872016679424,-1.582574681279759,1.5869032790103157,-3.157588418494561,-1.4278981215001298,0.0029305336725251106,-0.03927383572934794,-1.5731695478859447,1.5836193108186931,-2.9649873928909325,-1.4389800754794249,-0.05688867068594426
1780433530.008646727,-0.03985329240796531,-1.5830089601386508,1.5868807745363769,-3.155931761044846,-1.427814210339319,0.00219119574502861,-0.03745936904031882,-1.571703906935089,1.58211123496699,-2.9640781998635592,-1.437649458913734,-0.05635635373574729
1780433530.058619499,-0.04030490112835139,-1.5837084850611065,1.5869888209038752,-3.15379700741939,-1.4261961405959758,0.002196261366328566,-0.03506787776334006,-1.5704849016523355,1.5813833668971014,-2.9636508353771807,-1.4361550811711343,-0.05500836106366727
1780433530.108885527,-0.041206913623172525,-1.5844578852878248,1.5872493260579963,-3.1520442136742726,-1.422964108329423,0.0026604596359879134,-0.03202758101113142,-1.5702196136145163,1.5797359170245453,-2.9614782232387693,-1.4349412018332455,-0.053532214636575454
1780433530.158802986,-0.041206913623172525,-1.5844578852878248,1.5872493260579963,-3.1520442136742726,-1.422964108329423,0.0026604596359879134,-0.028608407479248255,-1.570642873400658,1.5772538558889588,-2.9577835321852124,-1.4337728080836856,-0.05194624537919176
1780433530.208613157,-0.04238883171558605,-1.5851808553669091,1.5876059199460788,-3.150741026726807,-1.4187286682551319,0.0032052127736354303,-0.026601474285417127,-1.5739030135144274,1.574969176507379,-2.9522047873379584,-1.4324074508396811,-0.049652424302674296
1780433530.258599520,-0.04358084879082469,-1.5850197978963543,1.5880328555607763,-3.152888844153409,-1.4144564334945278,0.005960833085533061,-0.028306088896098782,-1.5844687415641925,1.574148536917809,-2.943183604705033,-1.4313378298093087,-0.045774676114964136
1780433530.308594465,-0.04482333877232847,-1.5830344764428173,1.5885896265062918,-3.1621461648948173,-1.4100025767685054,0.012415195756350014,-0.030161441940046534,-1.6005266792935533,1.57469602602627,-2.93158181207792,-1.4313231032747011,-0.04000267810923916
1780433530.358484745,-0.04659519535429624,-1.5814531123190925,1.5892481772808036,-3.170376685804015,-1.4036496982141164,0.016523243355063506,-0.026479638378873592,-1.6088567784131351,1.5766202866555035,-2.9266281307884863,-1.4325024111242264,-0.03643825980587122
1780433530.408829212,-0.04822866466432796,-1.5798910825583103,1.5898149643347412,-3.178253540903691,-1.397791308201537,0.017503998050382184,-0.018870928123631593,-1.6134520018744007,1.5810682587387637,-2.926965884745015,-1.4339741628624145,-0.03483149197139489
1780433530.458625317,-0.04822866466432796,-1.5798910825583103,1.5898149643347412,-3.178253540903691,-1.397791308201537,0.017503998050382184,-0.006468181332946,-1.6099099538045811,1.587576014127174,-2.9360509474797345,-1.4343650607715577,-0.03731983239689492
1780433530.508659601,-0.04856242874596717,-1.5785204771148722,1.5899438478684162,-3.183813203743839,-1.396594055677637,0.010416287904447612,0.003046844380029172,-1.6073654505749042,1.59195071610675,-2.9430838978208045,-1.432769184039295,-0.03994529279161925
1780433530.558657169,-0.04858294188899137,-1.5767556138022174,1.5899623686399673,-3.1904483382641744,-1.3965204700167453,0.003077130442785101,0.011915776645126141,-1.6050172534811855,1.5947280996427187,-2.949352122691855,-1.4285677586459737,-0.043467207564448156
1780433530.608590603,-0.048360844408562365,-1.574695246498,1.589882008210138,-3.19785021831841,-1.3973171724809452,-0.004646060684202702,0.015723154605789724,-1.6022384930442284,1.595518574911496,-2.9542864415059387,-1.42251979923553,-0.04581495594250176
1780433530.658693075,-0.04892462748034898,-1.5745427572997395,1.590045641043682,-3.199054872287626,-1.3952947168346324,-0.006430423636375693,0.007996740628940515,-1.5890754944346543,1.596304657760846,-2.969101892449392,-1.4059046369178128,-0.04365485687678278
1780433530.708572865,-0.049889982106277486,-1.5756695275731127,1.590343427329878,-3.1959740921573307,-1.3918311763251916,-0.005339153805987706,0.00038984883420329903,-1.5759443858149478,1.5949773451393319,-2.982013666364238,-1.3897180087367147,-0.041502496059416624
1780433530.758641243,-0.049889982106277486,-1.5756695275731127,1.590343427329878,-3.1959740921573307,-1.3918311763251916,-0.005339153805987706,-0.006979267838251747,-1.5629961575341218,1.5919280431992402,-2.9931450827544244,-1.3740832002395396,-0.03936302219183066
1780433530.808660746,-0.05088570966227035,-1.5772402057540882,1.5906438978420812,-3.191252429661183,-1.3882579257423915,-0.00399720596868125,-0.014083557515127926,-1.5503178159025186,1.5874755179836115,-3.002605286693741,-1.3590428622443411,-0.03723299570640177
1780433530.858667612,-0.05191962442650855,-1.5792479688173735,1.5909372476270702,-3.1848965393142765,-1.3845467991752782,-0.0023913204733307936,-0.020917834926151145,-1.537991881153907,1.5818898009309563,-3.0104729639429437,-1.3446272463216615,-0.03510814540906095
1780433530.908705950,-0.0529320753512712,-1.581306184734549,1.5911991180849119,-3.1782667475836575,-1.3809118408277197,-0.00022964183063578503,-0.027600728073967778,-1.5296686916101985,1.577749535666884,-3.016727236752024,-1.3319820407017127,-0.032770134910206965
1780433530.958621979,-0.053796305564976166,-1.5827916378789029,1.5914113838708508,-3.173590994948112,-1.3778083137108803,0.00235243804749416,-0.03370935664657082,-1.524302892724326,1.5743685507578657,-3.0212172601124303,-1.321180196022519,-0.030492964106868217
1780433531.008563042,-0.054655741427303006,-1.5837321683062004,1.5916303352614543,-3.1709577010659973,-1.3747213165789631,0.0023508008180869434,-0.0355230777537736,-1.5207910144068544,1.5744915949641627,-3.028590115658246,-1.312866366019948,-0.029897287360029626
1780433531.058524132,-0.054655741427303006,-1.5837321683062004,1.5916303352614543,-3.1709577010659973,-1.3747213165789631,0.0023508008180869434,-0.03513145813685231,-1.5190351318782707,1.5753519743421962,-3.0344196775544936,-1.307646110296923,-0.030327355911218122
1780433531.108703375,-0.05565053930561703,-1.584536283713982,1.591888574302707,-3.168977709820799,-1.3711472214863214,0.0010789735325418008,-0.03493385223284009,-1.5175303720082889,1.575532170217314,-3.0392285484113555,-1.3023359448858793,-0.03088203688465848
1780433531.158588886,-0.05676551735460578,-1.58546659591505,1.5921707167064574,-3.1666277852713827,-1.3671401539923345,-0.00026158091302441733,-0.03488340164955998,-1.516241314917698,1.5751798728626476,-3.0431166797284943,-1.2969924941611273,-0.03155821001785106
1780433531.208640575,-0.05799358180403935,-1.586530903983034,1.5924718586332751,-3.1638625831017273,-1.3627251416808042,-0.0016909630830888034,-0.03494578092663914,-1.5151443432291307,1.5744163778014608,-3.0461610463709317,-1.2916605109664656,-0.032351866482895196
1780433531.258644819,-0.05932995671301455,-1.5877361790099398,1.592787346034582,-3.1606412540608297,-1.3579188264167703,-0.0032200605082346456,-0.03514643521165447,-1.5140189542027702,1.5730304920561045,-3.0488674739941026,-1.2850638596597934,-0.03350134645606627
1780433531.308531284,-0.060771802230894956,-1.589089087113729,1.5931125627281555,-3.1569247877488746,-1.352730821011873,-0.004851761747428185,-0.03538845257651801,-1.5133022459332244,1.5716672955663762,-3.050202740413492,-1.2798701230712546,-0.0345393972797264
1780433531.358677864,-0.060771802230894956,-1.589089087113729,1.5931125627281555,-3.1569247877488746,-1.352730821011873,-0.004851761747428185,-0.03567582218119341,-1.5127783169107296,1.5701120144257825,-3.0507746273865735,-1.2747887436889411,-0.03567960716765289
1780433531.408658028,-0.062321165823101765,-1.590588755430141,1.5934441736848537,-3.152706958535069,-1.347153061615999,-0.006580498441119076,-0.036038632477541244,-1.5123948882554155,1.568444706884179,-3.050685942968134,-1.269786430519472,-0.03688495213351501
1780433531.458498240,-0.06398375039542525,-1.5922509556421431,1.593778035904854,-3.1479185716850053,-1.341164186698946,-0.00836994084527376,-0.03660843117081713,-1.512093548152012,1.5662148779053207,-3.0496201874171924,-1.2636683369419994,-0.03850225384090013
1780433531.508521080,-0.06575224890618792,-1.5940742137226396,1.5941068102531144,-3.1425419459141515,-1.334789564321464,-0.010228228651597782,-0.03714890252971177,-1.512048559193647,1.564294964273637,-3.0479283120996503,-1.2588967683973578,-0.03986133009435002
1780433531.558855772,-0.06754802900316914,-1.5957236608080656,1.594436906551168,-3.137809924621106,-1.3283118809866679,-0.011346205497098083,-0.03986276253501178,-1.5159689706419996,1.5637604689191293,-3.0443439790509728,-1.2541794301409264,-0.04048588878670577
1780433531.608612061,-0.06925169687041333,-1.5968584312381218,1.5947766722164667,-3.1349718797802133,-1.3221618147018033,-0.011085833733718964,-0.043404906732145324,-1.5213787925488713,1.5638138892934041,-3.039743954649767,-1.2498895724042771,-0.0407810110287891
1780433531.658613920,-0.06925169687041333,-1.5968584312381218,1.5947766722164667,-3.1349718797802133,-1.3221618147018033,-0.011085833733718964,-0.046999279730024573,-1.5269016195149305,1.5639663168940243,-3.034597196372746,-1.2462079205390926,-0.041029348273868844
1780433531.708796024,-0.07093559946252981,-1.598006542016126,1.595097074508739,-3.1320168428674324,-1.3160784170013393,-0.010575209815113062,-0.05156689376429824,-1.5338561987019252,1.564246478828688,-3.0274578918156023,-1.242437786237435,-0.041272892991749396
1780433531.758649111,-0.0725940629104116,-1.5991603879769194,1.5953975064681258,-3.1289700760278203,-1.3100821481501956,-0.00980038563688268,-0.05433705269125991,-1.538023344505878,1.5644214632901794,-3.0228013029027876,-1.2406111663591453,-0.04137711577638553
1780433531.808666945,-0.07472087079389933,-1.5995231687420972,1.595893998929882,-3.129474860618117,-1.302385261554674,-0.006648361876052888,-0.06049776707990448,-1.5521144520462142,1.5677261772919533,-3.0138371436110587,-1.2385854962964644,-0.039325530171623636
1780433531.858511686,-0.07744814331655192,-1.59889549388501,1.5966194708573895,-3.1343877503273316,-1.2925026027578976,-9.822704431972085e-05,-0.06999068756601262,-1.5697911998477236,1.5701151332490693,-3.0008509678177044,-1.235965853959468,-0.035275921496436824
1780433531.908513069,-0.08029915806677401,-1.5986453007930672,1.5972949019925269,-3.1377810109479554,-1.2821552680394683,0.005083001514159758,-0.07279388402523718,-1.5789431092003605,1.573968861180354,-2.9953630249119905,-1.2358902853879596,-0.03359705171517725
1780433531.958647251,-0.08029915806677401,-1.5986453007930672,1.5972949019925269,-3.1377810109479554,-1.2821552680394683,0.005083001514159758,-0.06945094168521415,-1.584540655791752,1.5796317115497003,-2.99392892984782,-1.238180125820001,-0.03445187371572813
1780433532.008740664,-0.0832545585977904,-1.5987969975028955,1.597920793923677,-3.139549994314979,-1.2714102733561052,0.005627323295864656,-0.06670971528034313,-1.5901798044534319,1.5837612195271162,-2.9912391081554657,-1.2399431496144315,-0.03547365204308323
1780433532.058672428,-0.08623725081878675,-1.5987252538877978,1.598534056127424,-3.142097291420581,-1.2605452952226361,0.0060478794037971545,-0.06444598668647823,-1.5957333173430888,1.5865723978203967,-2.9874833832037755,-1.241236924112277,-0.03661099400134385
1780433532.108640194,-0.08893752929017484,-1.5981927252986203,1.5990864171110606,-3.1461212451789318,-1.2506899018395687,0.004461219523058729,-0.05973047221966566,-1.6016510421099595,1.5907133561132738,-2.9847374463540297,-1.244005445259442,-0.039869470304606865
1780433532.158510923,-0.09096030181975223,-1.5979799252010096,1.5994636745753608,-3.148332667163889,-1.2432946591104335,0.0016397668257348294,-0.057614540987240837,-1.6048038309789918,1.5955119238230733,-2.9843897668509625,-1.2443126741022401,-0.043756626744626256
1780433532.208562374,-0.09275003637100454,-1.5975857354434435,1.599791474188406,-3.151036601649912,-1.2367420020204491,-0.0006524441379314183,-0.05791156029505196,-1.607861592616203,1.598384403420272,-2.9830768474997087,-1.2438500320709058,-0.046532591524209056
1780433532.258664608,-0.09275003637100454,-1.5975857354434435,1.599791474188406,-3.151036601649912,-1.2367420020204491,-0.0006524441379314183,-0.05949437641623946,-1.6111728471652622,1.6005328013254405,-2.980991099758746,-1.243147902703664,-0.04908040495291052
1780433532.308758020,-0.09428921131504531,-1.5970119168680306,1.6000688560513026,-3.1542266209676018,-1.231099391019172,-0.0024887036185337053,-0.06192720378313474,-1.6146659922424096,1.6020601956242588,-2.9782066370676645,-1.2424808800190912,-0.05142224303109229
1780433532.358695984,-0.0956372851815317,-1.5962680036442052,1.6003061078212493,-3.157911132300486,-1.2261516278247244,-0.003927490376471887,-0.06495368251329033,-1.618323242469753,1.6031069088834855,-2.9748156978035802,-1.2420308228543555,-0.05355866820041024
1780433532.408629656,-0.09660787276643568,-1.5956498902776541,1.6004688113735333,-3.1608536235214104,-1.2225859371866106,-0.007591344464141336,-0.06263983394747524,-1.6181829413818027,1.6065277863627427,-2.975753799070735,-1.2429741661582672,-0.05995873580121517
1780433532.458528042,-0.09728570352894295,-1.5958210558725803,1.6005633614489316,-3.1605882061803876,-1.220094042263037,-0.01372033392868044,-0.06606160866551723,-1.6118033129550549,1.6090938686250122,-2.981868421615879,-1.2386397752057676,-0.06369063407987556
1780433532.508535624,-0.0980562906302378,-1.5973792761868797,1.6006287767046505,-3.1550392059991563,-1.2172594067377638,-0.016171919126848344,-0.073032529268343,-1.601678786275592,1.6099205823905756,-2.9897589504521687,-1.2315294341562302,-0.06608565908576304
1780433532.558685303,-0.0980562906302378,-1.5973792761868797,1.6006287767046505,-3.1550392059991563,-1.2172594067377638,-0.016171919126848344,-0.07907621648406206,-1.5926984442689545,1.6096877433887518,-2.9959935140211074,-1.2254757683481636,-0.06856777665194498
1780433532.608696222,-0.09891708040331082,-1.599071242987204,1.6006856311458022,-3.1489805062378404,-1.2140907329978674,-0.018600001609767602,-0.08440847716173246,-1.5851531168323794,1.608830417279839,-3.0006621083638088,-1.220468682634343,-0.07112205214544022
1780433532.658491611,-0.0998212461485366,-1.6008131969547303,1.6007273027348088,-3.1427005339079304,-1.2107598195195735,-0.020973935549199574,-0.0903553327420632,-1.5769651461217942,1.606681781642494,-3.0044995121378566,-1.2152983180354375,-0.07438539552910788
1780433532.708789110,-0.10073315162121155,-1.6020594948057267,1.6007834324873642,-3.138319375337708,-1.2073976846398695,-0.022830335892252585,-0.09496369354144019,-1.5792102915734665,1.609716562320905,-3.006257649329441,-1.2141502165069893,-0.07667107814774356
1780433532.758626461,-0.10153872825266319,-1.6021979209086474,1.6008901320506554,-3.1382108908839705,-1.2044252779063065,-0.024494193027597255,-0.09806186830008254,-1.5826327580146966,1.6117366920094314,-3.0060826223370247,-1.2146274217042263,-0.07928495582174588
1780433532.808716297,-0.10219767165273197,-1.6022243135416065,1.600981207243045,-3.138456433296781,-1.2019922897618063,-0.02623166121633158,-0.10132345256736065,-1.585603481424303,1.612955910540686,-3.0054196702870355,-1.2152628979329116,-0.08173301625266008
1780433532.858772278,-0.10219767165273197,-1.6022243135416065,1.600981207243045,-3.138456433296781,-1.2019922897618063,-0.02623166121633158,-0.10472110765310068,-1.5882723502535843,1.6135576658819997,-3.0042403755212597,-1.2161578425783517,-0.08398781224487249
1780433532.908727407,-0.10271620113013125,-1.6021528177619349,1.6010573576083518,-3.1390072071113213,-1.2000767042284135,-0.027566627494721274,-0.10733546110663848,-1.5956249818623007,1.6167689759764923,-3.0025531549403297,-1.219016708715425,-0.08589879138713978
1780433532.958505869,-0.10333102898034063,-1.600944243138537,1.6012073889083986,-3.144045934338159,-1.1978041653525997,-0.02842038320290463,-0.10955027339783482,-1.6042905762780677,1.6196495729385951,-2.999778058025331,-1.2232472223047874,-0.08815719495442263
1780433533.008624315,-0.10391377810032232,-1.5997455787891575,1.6013363576462782,-3.1489936936709277,-1.1956489807478423,-0.02913608446891125,-0.11129342943489566,-1.609956135421001,1.6209882302357272,-2.997459730716369,-1.226512240159783,-0.0897136020669675
1780433533.058671236,-0.10446739288949658,-1.5985119081528278,1.6014469471466701,-3.1540274113055924,-1.1936004364578618,-0.02976648619287925,-0.11273167255866152,-1.6148948727536494,1.6216569684310977,-2.994900804795218,-1.229885694056686,-0.09114170364806914
1780433533.108651638,-0.1050019494706822,-1.597233910945132,1.6015400193356093,-3.1591867241143,-1.1916213793637827,-0.03029973558315291,-0.11400483810808175,-1.6192467784977378,1.621741183383505,-2.9920721819213916,-1.2333160505963185,-0.09240979374384378
1780433533.158795595,-0.1050019494706822,-1.597233910945132,1.6015400193356093,-3.1591867241143,-1.1916213793637827,-0.03029973558315291,-0.11510749586501993,-1.623092449067455,1.6213730127088797,-2.989014911134166,-1.2368031834808848,-0.09353030434907852
1780433533.208642960,-0.10552100793159802,-1.5959080974190663,1.6016150498922628,-3.16448474368749,-1.189698718691833,-0.030731043824776094,-0.11602521725606821,-1.6265399883632368,1.6206283387461555,-2.9857098005798823,-1.2403659613887976,-0.09451703023328928
1780433533.258658171,-0.1060265544072454,-1.5945287137723039,1.601671097056076,-3.1699419242715736,-1.187825170204917,-0.0310587100363513,-0.11731063220696412,-1.6292378569345178,1.6196531427557268,-2.9825945151052866,-1.2436098444829342,-0.09515164161497448
1780433533.308557987,-0.106828398037214,-1.5938786559605669,1.601749075109815,-3.172745165156008,-1.1848516298304803,-0.02843688430800917,-0.12641074603997454,-1.6212198689863628,1.6174546257181512,-2.986963497712109,-1.2399464526609694,-0.09157361144301573
1780433533.358510494,-0.10856180681679106,-1.5946512600115241,1.601928556087336,-3.1705598222940834,-1.1784153069845003,-0.02091629056257549,-0.13387445416890567,-1.6113390763233566,1.6138823783659328,-2.9915300259676787,-1.2357988146351173,-0.0874990511945932
1780433533.408828974,-0.11052089963845813,-1.5953013136399044,1.6021167657967939,-3.1688802258338606,-1.171127170911495,-0.01301787796368803,-0.1396350701249752,-1.6039558369352065,1.6105745721479219,-2.9944072610358248,-1.2335222602054177,-0.0835144254991098
1780433533.458548546,-0.11052089963845813,-1.5953013136399044,1.6021167657967939,-3.1688802258338606,-1.171127170911495,-0.01301787796368803,-0.14441719341905881,-1.5979986859040478,1.6071018372119539,-2.995907749214235,-1.232380668181857,-0.0795439829990149
1780433533.508676052,-0.11260703534136862,-1.5958093715535444,1.6023011847294737,-3.167728617610263,-1.163349750876856,-0.0045922784073360035,-0.14857227212100063,-1.5932866317725232,1.6034973482579595,-2.996160897438476,-1.2320906814599495,-0.07553510441110232
1780433533.558565855,-0.11478024816855736,-1.5961987962130593,1.6024759863559153,-3.166993250744979,-1.1552287700064472,0.004480879286493359,-0.15235052056995227,-1.589620294478217,1.599753131241798,-2.9952722308242103,-1.2324292723479342,-0.07144050035214623
1780433533.608794689,-0.11701920586920789,-1.5964687269944395,1.6026370353760242,-3.1666626860318656,-1.1468411769745224,0.014285203959475322,-0.15360333793940434,-1.5855443898103339,1.596994956033933,-2.9951252467385703,-1.2340197114448745,-0.06784713955446102
1780433533.658703804,-0.119278271327655,-1.5972165515442356,1.6027884654269797,-3.164459515482191,-1.1383559276247945,0.01659066008947131,-0.1426165036624514,-1.5828782026646318,1.601181336551592,-2.9999217775162887,-1.242482447601329,-0.06850652408128054
1780433533.708512306,-0.12119238989187409,-1.597446145173171,1.602897265302819,-3.164063888476784,-1.1311481601607678,0.017942775541914348,-0.1315053627335424,-1.5811023222407385,1.60667231922365,-3.006269727045761,-1.250513876409543,-0.0694802653604857
1780433533.758467197,-0.12119238989187409,-1.597446145173171,1.602897265302819,-3.164063888476784,-1.1311481601607678,0.017942775541914348,-0.12530547005886,-1.5799741878769717,1.6092396456397193,-3.010004460383737,-1.2544466302755302,-0.07000419541055897
1780433533.808538198,-0.12295022841414394,-1.5975721856028962,1.6029839522617804,-3.163974712036657,-1.1245137246993648,0.019800693410839666,-0.12082832631511531,-1.5790019557566373,1.6105321879865564,-3.0127394978917352,-1.2566847998336608,-0.07033810804717212
1780433533.858639956,-0.1246030182011042,-1.5976402675866144,1.603053807168376,-3.1640401641276803,-1.1182621528521999,0.022021339763910335,-0.11762386068361563,-1.5781228003473373,1.610813435045931,-3.0146171578488747,-1.257582579246748,-0.07050714226572104
1780433533.908511877,-0.12618984398187916,-1.5976865735353565,1.6031105070948943,-3.16413685743231,-1.1122473426553388,0.024505921537203417,-0.11535796537261903,-1.5772960087594212,1.6103000928714573,-3.0157508781617604,-1.2574058740614158,-0.07053032739105783
1780433533.958663702,-0.12774047732506766,-1.5977401187513856,1.6031566650195315,-3.16416365891462,-1.1063573536146212,0.027187508706124235,-0.11378429513554685,-1.576496397628417,1.6091685850580126,-3.0162301836786836,-1.2563541926518655,-0.07042197729127851
1780433534.008597136,-0.12774047732506766,-1.5977401187513856,1.6031566650195315,-3.16416365891462,-1.1063573536146212,0.027187508706124235,-0.11272314342604817,-1.5757095224241162,1.6075607621413297,-3.0161246918352167,-1.254577302751162,-0.0701926745880199
1780433534.058757544,-0.12927757210272972,-1.5978243742848752,1.6031941529636746,-3.164036991862452,-1.1005064307749652,0.030022829349572632,-0.11204673303784132,-1.5749282008608416,1.6055888619727419,-3.015487418526645,-1.2521857618478622,-0.06984940706859148
1780433534.108644962,-0.1308182856362876,-1.5979584192212437,1.6032242899693545,-3.1636873663391505,-1.0946290857164085,0.0329869096109234,-0.11166708923619167,-1.5741497843668055,1.6033393683233248,-3.014357077182846,-1.2492612705429649,-0.06939609757532766
1780433534.158950090,-0.13237536821993423,-1.5981578659624294,1.603247951738942,-3.1630564274403277,-1.0886761224061958,0.03607077840786719,-0.11152950645444802,-1.5733731992659168,1.6008743494067788,-3.0127589211418497,-1.2458622438873619,-0.06883310516370014
1780433534.208636045,-0.1339582631472478,-1.598430146888865,1.6032654503611123,-3.162115092812848,-1.0826105687568797,0.03927259693482374,-0.11158198129689194,-1.572631826885086,1.5982111189659338,-3.0106582288060757,-1.2420512978421947,-0.06816440814738499
1780433534.258698940,-0.1339582631472478,-1.598430146888865,1.6032654503611123,-3.162115092812848,-1.0826105687568797,0.03927259693482374,-0.11182738606617522,-1.5718956381776596,1.5954284000231307,-3.0081405651979987,-1.2378320869634207,-0.06736042824061314
1780433534.308553934,-0.13558374426795172,-1.5987842416341467,1.603276840772574,-3.160827305214882,-1.0763668770267376,0.04264470587992984,-0.11239931683681269,-1.570999942672751,1.5917498944366726,-3.004331078189569,-1.2320450463781494,-0.0661930062988817
1780433534.358582973,-0.13724431957617256,-1.599227535776473,1.603281856235983,-3.159161049485119,-1.0699723482158952,0.04617637681340739,-0.10879668163194431,-1.5727760463637521,1.5951447566164767,-3.005701004400066,-1.2308846600162515,-0.06776759523728654
1780433534.408683300,-0.13762167140061266,-1.5991008871503514,1.6032734066641776,-3.1596347969272536,-1.0685169428790058,0.043691191819745595,-0.10572683141912152,-1.5750651513416472,1.5996254636018081,-3.008359482596523,-1.2296136510036728,-0.0701872510870085
1780433534.458636761,-0.13753151360358462,-1.5989542920783144,1.6032689000371652,-3.1601891518666836,-1.0688647500742121,0.04134627556020133,-0.10471417934234703,-1.576648846802347,1.602308868436728,-3.0101528428602213,-1.2266917856343493,-0.07226900899009187
1780433534.508704424,-0.13712810605673553,-1.598848700419084,1.6032690527369124,-3.1605915905258755,-1.0704203981762,0.03926260761300317,-0.10505814980297327,-1.5777250707145525,1.6035546532820282,-3.011105489402981,-1.2227235815324367,-0.07409634843160733
1780433534.558639526,-0.13712810605673553,-1.598848700419084,1.6032690527369124,-3.1605915905258755,-1.0704203981762,0.03926260761300317,-0.10635355535748038,-1.578367043011153,1.6037282188392659,-3.011392925398078,-1.2180696970532627,-0.07569986194859857
1780433534.608621597,-0.13645222554644576,-1.598789658036221,1.603272455950268,-3.160815631489694,-1.0730245842113924,0.037301973404150056,-0.10817466067835399,-1.578756866054876,1.6030396523082686,-3.0109783646261192,-1.213093257568989,-0.07714150015520271
1780433534.658650875,-0.13553423003321452,-1.598780756358945,1.6032768879983046,-3.1608395972657437,-1.0765572951860465,0.03537895464772935,-0.11029480596875449,-1.5789603575423676,1.6017150945082064,-3.0099515884311714,-1.208000443345686,-0.07844989652733406
1780433534.708792210,-0.13439953796586668,-1.598817209510477,1.6032793003121268,-3.1606717841848315,-1.080917086317438,0.033391428904147535,-0.11256966935170462,-1.5790217300363905,1.5999410929347448,-3.0084016167072836,-1.2029198855731014,-0.07964347724384087
1780433534.758862495,-0.1330632439314554,-1.5988995694836499,1.6032764621734201,-3.1602990601161354,-1.086041968341923,0.03129384254733819,-0.11478711404042806,-1.5790708843957812,1.5977917002097155,-3.0062517687710635,-1.1980325546243895,-0.08076975698066775
1780433534.808629513,-0.1330632439314554,-1.5988995694836499,1.6032764621734201,-3.1602990601161354,-1.086041968341923,0.03129384254733819,-0.11738847974391989,-1.5791504991843244,1.5947561990010255,-3.0028146384354306,-1.1922888398134586,-0.08210170589376885
1780433534.858590603,-0.13153735455730153,-1.5990239129768726,1.6032646354771296,-3.1597241229451773,-1.0918816410810468,0.029040716296132578,-0.12041967981645163,-1.5774376524808513,1.5932634333192452,-3.0021336098386877,-1.1869293649465784,-0.08269126456344483
1780433534.908517599,-0.12979770661745071,-1.5994924616928792,1.6032451585135337,-3.157783811046726,-1.098523709505911,0.02721281792218263,-0.12276055763583743,-1.5756222725810813,1.5915977003329285,-3.001131792700005,-1.1821188355185046,-0.08331482512173533
1780433534.958528519,-0.12797658806428736,-1.6000766471866763,1.6032074813854085,-3.1553382263697722,-1.1054594097699475,0.02510108034312628,-0.12433627757830776,-1.574025971328532,1.5896362979910799,-2.999405476743349,-1.177966541759509,-0.08404217474434751
1780433535.008748293,-0.1260697254270564,-1.6007362941037115,1.6031464002466287,-3.152528421194928,-1.1127030919154688,0.02264387803130576,-0.12527882186810016,-1.5726666261179814,1.5874244149080494,-2.9969581927754168,-1.1743865651175875,-0.08487085363613618
1780433535.058598042,-0.12406779133420098,-1.6014554736510531,1.6030571139559604,-3.1494022282759078,-1.120288080574011,0.019832358523049713,-0.12565106747948118,-1.571607563436582,1.5849530321266099,-2.9937078567228443,-1.171345832776668,-0.08581490173052334
1780433535.108883381,-0.12406779133420098,-1.6014554736510531,1.6030571139559604,-3.1494022282759078,-1.120288080574011,0.019832358523049713,-0.12302712474730104,-1.566833699981947,1.581390302826266,-2.9910623794544615,-1.168582258960018,-0.08864518730586529
1780433535.158678293,-0.12175678738569307,-1.6028392455212899,1.6029096448149296,-3.1435572230228184,-1.1290196128448073,0.014463298386631959,-0.12086382110757257,-1.5643209315744366,1.5800006682570817,-2.9891617516220776,-1.1664818694714858,-0.0913103420457226
1780433535.208534718,-0.11941869765554891,-1.6040273772011782,1.6027173697773949,-3.13833654598788,-1.1378277148054856,0.00867724678722261,-0.12010609508937543,-1.5676347170394456,1.5828036179549523,-2.987242376805506,-1.1649121928766426,-0.09355463233341607
1780433535.258924484,-0.11722871989394079,-1.6044515452054,1.6025293316235234,-3.1360338432791237,-1.1460551798940006,0.0034642290286094933,-0.11871577643194653,-1.5710686236906568,1.5847051460249948,-2.984256089342656,-1.1636666363711545,-0.09607538876678445
1780433535.308792830,-0.11507384794928122,-1.6048434484266254,1.6023210157012804,-3.1337891706607115,-1.1541301118942444,-0.002404521205589205,-0.11694451835529537,-1.5745699228827013,1.5858279075411752,-2.9803148078538153,-1.16258375254038,-0.09881840472043857
1780433535.358658552,-0.1132864939660827,-1.6052386952987705,1.6021256027285806,-3.131592024273823,-1.1608128195288199,-0.005086794236365932,-0.12101880538645553,-1.577132395855494,1.590100398908017,-2.9809259527725263,-1.1573576755097215,-0.09891674222002174
1780433535.408556938,-0.1132864939660827,-1.6052386952987705,1.6021256027285806,-3.131592024273823,-1.1608128195288199,-0.005086794236365932,-0.12690779108765057,-1.579433081145126,1.5952832111015434,-2.98271264689939,-1.1504476365590075,-0.09814135214502377
1780433535.458662271,-0.11182925339556249,-1.6057240463613596,1.6019420990902609,-3.129115230484846,-1.1662514826059525,-0.005659170917613032,-0.13025770738307826,-1.5809995315950012,1.59801786095894,-2.983044621880264,-1.1461322572788166,-0.09771964875622596
1780433535.508543253,-0.11046857726884074,-1.606286028694477,1.6017498324542205,-3.1263340289454864,-1.1713220130692434,-0.0064917040780478885,-0.13265530851327864,-1.5824186006614394,1.5997361480908108,-2.9824786637148333,-1.1427144722609854,-0.0974722230949355
1780433535.558631182,-0.10917169249187708,-1.6069148967307338,1.6015457637635389,-3.1232755419920744,-1.1761480291773605,-0.007573028265781545,-0.13428123153740396,-1.5837451711413175,1.6006179889026535,-2.981084301917355,-1.1400703158871985,-0.0974015734496243
1780433535.608642817,-0.10791360227296831,-1.6076042376962816,1.601326818239778,-3.119954427127462,-1.1808234807674118,-0.008883119647358662,-0.13536107101035616,-1.5850200675876778,1.600739789419476,-2.9788619827843137,-1.138053307986008,-0.09746608373288829
1780433535.658683777,-0.10667462852454612,-1.6083512294640823,1.6010896919087656,-3.1163714237132423,-1.18542204912245,-0.01041322720500304,-0.13596419877820892,-1.5862642579586765,1.6002277067345518,-2.9758636488337964,-1.1366107453013776,-0.09767427058726136
1780433535.708717108,-0.10558988311580375,-1.6071196181163243,1.6010635928325188,-3.1207835615457378,-1.1894435228276716,-0.011923551285443423,-0.1345786589530206,-1.5997612053852777,1.6083394185930515,-2.9730548471340796,-1.1394263478621565,-0.09814068641581554
1780433535.758533478,-0.10558988311580375,-1.6071196181163243,1.6010635928325188,-3.1207835615457378,-1.1894435228276716,-0.011923551285443423,-0.130493522012515,-1.6106383649524272,1.616381042042454,-2.9729369594547927,-1.143219576579708,-0.09947846077082492
1780433535.808606625,-0.10449761855423123,-1.6053146132720038,1.6010741880426693,-3.1274369171952214,-1.193488560964008,-0.015359616624143868,-0.12632956087058514,-1.6197102518318536,1.6221032368130484,-2.9722015183400443,-1.1463159177069469,-0.10082592478008733
1780433535.858630419,-0.1034800522056658,-1.6034444031054553,1.6010773285243125,-3.134321953772063,-1.1972531449636392,-0.01915326471040224,-0.12208364963752592,-1.6273099798094286,1.6259267826811885,-2.9708958720817686,-1.1488193502933872,-0.10222995049927464
1780433535.908691168,-0.1025342632595585,-1.6014887289850668,1.6010715854827926,-3.141513426754855,-1.2007489361165478,-0.023328395867535434,-0.11783010683661416,-1.6337488775625655,1.6281687357638859,-2.969007650583038,-1.1507851580522155,-0.10367433105545704
1780433535.958644390,-0.10165421988878709,-1.599515045199066,1.6010501075614119,-3.148741285710551,-1.2039989595437106,-0.02767784957267061,-0.1140517649128414,-1.6387143915214848,1.6293176068230057,-2.9671596365530735,-1.151898996034096,-0.1050058998036924
1780433536.008833408,-0.10165421988878709,-1.599515045199066,1.6010501075614119,-3.148741285710551,-1.2039989595437106,-0.02767784957267061,-0.11280978209906874,-1.6405981164971069,1.6300356290765856,-2.967204222519132,-1.1508317422598453,-0.10546333159768381
1780433536.058671236,-0.10082226775124425,-1.59797742633463,1.6009959183599851,-3.1542485854494307,-1.2070689717889227,-0.030794547663878902,-0.11184038303135764,-1.6414100295775915,1.6300482196251933,-2.9673171637174063,-1.1494756342892545,-0.1058215223963442
1780433536.108635187,-0.10003780225616232,-1.5965249930308918,1.600930986423716,-3.1594135057585437,-1.2099616395066821,-0.033898815488492495,-0.11064400963046385,-1.6419443803849374,1.6294070025006735,-2.9669356095613093,-1.1483396789485094,-0.10624449878403949
1780433536.158784151,-0.09929087449143914,-1.595062399744502,1.6008578855494924,-3.164601086986853,-1.2127140106548673,-0.03715838360088508,-0.10885556506078083,-1.6422372300570265,1.6278638489497168,-2.9658643623404464,-1.1472103225133923,-0.10692623616725248
1780433536.208496809,-0.09863150988256475,-1.5938731261921175,1.6007815546059256,-3.1687644566770374,-1.215142215785784,-0.039663031780913016,-0.11048027881568509,-1.6388822087774244,1.6265136525488282,-2.9676578574432813,-1.1438588571243384,-0.106217172760594
1780433536.258676291,-0.09815390581599992,-1.5935780996272388,1.6007187941797403,-3.1696211940744097,-1.216900191777027,-0.03990132295997917,-0.11361073853192782,-1.633131798163224,1.6246867987636155,-2.9708873009466097,-1.1394188004262258,-0.10473312722855854
1780433536.308585882,-0.09815390581599992,-1.5935780996272388,1.6007187941797403,-3.1696211940744097,-1.216900191777027,-0.03990132295997917,-0.11617645395781463,-1.6278684650623791,1.62269759190814,-2.973597752924716,-1.1358951933316273,-0.1032938622857424
1780433536.358586073,-0.09778650127331012,-1.5933767672547834,1.6006697538028085,-3.170180743620288,-1.2182520501792933,-0.03988172991298278,-0.11838284133954015,-1.6228555361559325,1.6203814407270358,-2.9757749395629234,-1.1330779988487103,-0.10185127079134326
1780433536.408687115,-0.09751440280327639,-1.593313783842051,1.6006326919781477,-3.170267684737294,-1.2192529573888171,-0.03963633826856228,-0.11955722743706176,-1.6176221278999252,1.6183306636816857,-2.9782091903789225,-1.1311171651666094,-0.10081998243708531
1780433536.458724022,-0.09724670098178834,-1.5935128932368583,1.6005943600677903,-3.169362828844751,-1.2202374652037324,-0.040018638457462785,-0.12028738068758128,-1.6124320103985488,1.6163003519038324,-2.980571525047133,-1.1297191388707675,-0.10003863552618913
1780433536.508462429,-0.09702681353039733,-1.5938418359303332,1.6005606777222108,-3.1679900876142004,-1.221045962328624,-0.04011344048876708,-0.12127170546131845,-1.6063230978431564,1.6133795556179957,-2.982841405365602,-1.1284701684882086,-0.09908220912352639
1780433536.558818817,-0.0968574015425201,-1.5943160662996405,1.6005308844563217,-3.166090325480806,-1.2216687654071725,-0.039901587473442746,-0.12212449256086903,-1.601766167429222,1.6108160052723492,-2.9841271321707814,-1.1278687301780643,-0.09832082987112148
1780433536.608501673,-0.0968574015425201,-1.5943160662996405,1.6005308844563217,-3.166090325480806,-1.2216687654071725,-0.039901587473442746,-0.12308176631542189,-1.5974314420507607,1.6080177255726733,-2.984934572889836,-1.12756995970422,-0.09753694640228179
1780433536.658655167,-0.09673899640497297,-1.5949321819354072,1.6005036566250044,-3.163673720577551,-1.2221040011119264,-0.03933937047313485,-0.12411262713268019,-1.5933655114185088,1.6050806732096086,-2.9852885753755376,-1.1275997603581804,-0.09673593381772211
1780433536.708675146,-0.09667593732769841,-1.595696143866605,1.600477652936423,-3.160715913688208,-1.2223357771099952,-0.038400815239580055,-0.12522242356967003,-1.5894834064849626,1.601975164635852,-2.9851926708595213,-1.1279235814292887,-0.09590696705934189
1780433536.758642197,-0.09670590134227375,-1.5967066112064598,1.6004529480104872,-3.1568540000126633,-1.2222256447836477,-0.036752997254467346,-0.12812137989267636,-1.58373681548247,1.5987821608778912,-2.9864769164964162,-1.1268090933953232,-0.09418970384295737
1780433536.808721781,-0.09710938457953322,-1.5987818273920276,1.6004301370388492,-3.14906887694321,-1.2207423771213808,-0.03188174206508787,-0.13319659868940958,-1.574284099328934,1.5945846834314483,-2.989841216486274,-1.1234856219841598,-0.09122732741830517
1780433536.859005213,-0.09710938457953322,-1.5987818273920276,1.6004301370388492,-3.14906887694321,-1.2207423771213808,-0.03188174206508787,-0.13813942515916106,-1.5647891210133906,1.589265139205383,-2.9920467197258565,-1.121433225341186,-0.08788249376512601
1780433536.908609867,-0.09761031813925403,-1.6008991511147936,1.600389203355321,-3.141104046675858,-1.2189001618372854,-0.026862784047064103,-0.1413514694895759,-1.5601206770828568,1.586001010837652,-2.992471563608829,-1.1213301441206176,-0.08521233701056058
1780433536.958966732,-0.0985277529865396,-1.6025075742681025,1.6004208163674434,-3.1353155851602796,-1.2155241883825463,-0.02074270887021168,-0.1434659780122651,-1.5648618533951186,1.5888793153214174,-2.9923588599946624,-1.1238724110609115,-0.08157061986751968
1780433537.008631468,-0.10007674228500285,-1.602473683562355,1.6006588744413894,-3.136328885706569,-1.2098180984781894,-0.014617972512854571,-0.13909719168805795,-1.572904618548712,1.5925423543394432,-2.9901898231679414,-1.1313103378075264,-0.0817930138077888
1780433537.058465242,-0.10059340142525564,-1.6015928003449567,1.6007928836612337,-3.1400740447754485,-1.2079131126223626,-0.014884964530174294,-0.1314850378631465,-1.5819933074451962,1.6009868878733418,-2.992664413548704,-1.1428913914552223,-0.08358665674394895
1780433537.108731747,-0.1008482923074645,-1.601156604203668,1.6008555740701038,-3.1419201301001456,-1.206972972886578,-0.015235323490832009,-0.12694700644692117,-1.5862386462942641,1.605588222849632,-2.9950971144896203,-1.1501047003710148,-0.08511886425067182
1780433537.158542395,-0.1008482923074645,-1.601156604203668,1.6008555740701038,-3.1419201301001456,-1.206972972886578,-0.015235323490832009,-0.12314836345083983,-1.5887939641811073,1.6084293288133333,-2.9971570137693635,-1.1562278938874673,-0.08683831276114266
1780433537.208843708,-0.10091517841254216,-1.6009434377849043,1.6008772009548753,-3.1427893563053546,-1.2067262342994676,-0.01605407962543115,-0.11985318165470381,-1.5900367200688699,1.6098518152016539,-2.9987851631392686,-1.1615313775668372,-0.08874715857346431
1780433537.258847952,-0.10083378223519812,-1.6009340372516174,1.6008661827166748,-3.1427821774027382,-1.207026497651511,-0.017353998846664886,-0.11687982872180655,-1.5903131722955512,1.6101150329467107,-2.99988820538311,-1.1662280605756092,-0.09084496160807955
1780433537.308673620,-0.1006702488604958,-1.6009562493219383,1.6008416512184744,-3.1426069027989474,-1.2076296912197764,-0.018705649388320644,-0.11504574045448392,-1.5916534636000126,1.6099939348679526,-2.9998488724990118,-1.1704345980691169,-0.09262155467684947
1780433537.358514309,-0.10050880120364791,-1.600663516765846,1.6008349059541622,-3.1436624096628716,-1.208225104460798,-0.019253341275367042,-0.11389887779404737,-1.5943956324086122,1.6094364885599763,-2.9984631495637437,-1.1753331338954374,-0.09445256272088492
1780433537.408535719,-0.10028446960190429,-1.6003681933833915,1.6008187549776975,-3.1446921819489946,-1.209052288196098,-0.019804675292507845,-0.11325336462139433,-1.5964738923156245,1.6085168199226414,-2.9966853674499623,-1.1791254013428656,-0.09586038777564847
1780433537.458670855,-0.10028446960190429,-1.6003681933833915,1.6008187549776975,-3.1446921819489946,-1.209052288196098,-0.019804675292507845,-0.1127489542422726,-1.5984797434801257,1.607253671871154,-2.9943322471741256,-1.182885621755796,-0.09722203276170029
1780433537.508695126,-0.1000100401251327,-1.600067849167674,1.6007951009840091,-3.1457122713892938,-1.2100639734431375,-0.020378548027074395,-0.11231404875939113,-1.6004767872191028,1.6056800648502292,-2.9913688935756646,-1.1866800017101933,-0.09854053466580238
1780433537.558701277,-0.0996908586822789,-1.599781775107191,1.6007636697558294,-3.146650107221947,-1.2112403261243632,-0.02100860987129849,-0.11175361389829269,-1.6027680130645532,1.6033362432434959,-2.9869768754704134,-1.191476679064105,-0.10014739644112312
1780433537.608531713,-0.0993354135078448,-1.599501810930537,1.600726064765762,-3.1475418306166176,-1.2125499387297944,-0.021708579381493287,-0.11129552439362507,-1.6045786551673364,1.6011911281181825,-2.982831971850932,-1.1953929519450166,-0.10138205809125218
1780433537.658768415,-0.09894385453212085,-1.5992276098899296,1.6006822632391562,-3.148388508824846,-1.2139921360890868,-0.022462074194201875,-0.11085220570979885,-1.606409280635127,1.5987850335975549,-2.9780807021374884,-1.199380531605485,-0.10255880016155183
1780433537.708734274,-0.0985981948462431,-1.599282295912709,1.6006290159090406,-3.1479814719893344,-1.2152648661411956,-0.021851824018951582,-0.112964610975449,-1.6060342866882635,1.5988968782611839,-2.9773465498930975,-1.20137204257682,-0.10251902978636887
1780433537.758628607,-0.0985981948462431,-1.599282295912709,1.6006290159090406,-3.1479814719893344,-1.2152648661411956,-0.021851824018951582,-0.11763639444570194,-1.6111289828485083,1.6017071988596219,-2.976257617013652,-1.2034044163503177,-0.10024361033140707
1780433537.808765888,-0.09895174610951685,-1.5980005144190716,1.6007352259326948,-3.153144775757342,-1.2139630745675198,-0.016450435030094468,-0.125729467834697,-1.6247719087612023,1.6039454966263584,-2.9697490317653488,-1.2072298353934414,-0.09448633626963371
1780433537.858764887,-0.09983781114178569,-1.5953647090196155,1.6009266544247667,-3.1637424283550493,-1.2106987698833933,-0.0076203809494659325,-0.13158470441975473,-1.6348519399516146,1.6027450050573206,-2.9623106619577766,-1.2112134508644106,-0.0892013189850615
1780433537.908495903,-0.1008648989258134,-1.5923048457746143,1.6010656432459316,-3.175864624848372,-1.2069117135198724,0.002348244960123109,-0.13192338213932825,-1.6410642890228813,1.6034708654946206,-2.95897387153489,-1.2164846981706745,-0.08566536531649432
1780433537.958652735,-0.10188162240779075,-1.5906013071532898,1.601156557413737,-3.182751850335274,-1.2031594086473536,0.0036898991103853497,-0.12373968121501844,-1.6410330805973974,1.6094386972559072,-2.9646209438277515,-1.2221903895572104,-0.08611758613248599
1780433538.008537769,-0.1029028399517955,-1.5891999342462961,1.6012268523387652,-3.1884517799831222,-1.1993869845064795,0.0039431144540862904,-0.11722685394463811,-1.6396012527600057,1.613820782001102,-2.9703144242355535,-1.2258746594245,-0.08649023050004563
1780433538.058635950,-0.1029028399517955,-1.5891999342462961,1.6012268523387652,-3.1884517799831222,-1.1993869845064795,0.0039431144540862904,-0.11213527708594234,-1.6371606289467975,1.6169320458099665,-2.9759634883871806,-1.227949868117868,-0.0868000702695792
1780433538.108497381,-0.10391851579670064,-1.5879732602477388,1.6012808304148867,-3.1934528053712237,-1.195631454413224,0.0043632851234541884,-0.10713102073326734,-1.6332771362322642,1.6193677715345889,-2.9827113284351063,-1.228932117461294,-0.08721844276585942
1780433538.158501148,-0.10491848126034675,-1.5868620742505168,1.6013201511190964,-3.197979812310378,-1.1919304660882108,0.004753694887303821,-0.10407078229756535,-1.6296743539272498,1.6203644796281496,-2.9878587898046374,-1.2286522875941446,-0.08756758355106789
1780433538.208616257,-0.10589150438942951,-1.5858620716635663,1.6013474069105254,-3.2020518618149314,-1.1883257548429054,0.005115491606692934,-0.10171999772316959,-1.6257491036049938,1.6206724196842093,-2.9927865545553427,-1.2275976610918367,-0.08792227581575393
1780433538.258699894,-0.10683432087048494,-1.5849728045188325,1.601365862127136,-3.205676778284431,-1.1848296568950483,0.005447703240525209,-0.09997473730058407,-1.6215891284795108,1.620414680547793,-2.9974996956914906,-1.2259028950022144,-0.0882773662543666
1780433538.308708191,-0.10774349584837051,-1.5841952174702794,1.6013785692794376,-3.2088566210990166,-1.1814551873075514,0.00574868321657565,-0.09874815371020369,-1.6172662909886695,1.6196964879867115,-3.00200426410647,-1.2236824974657288,-0.08862879441238514
1780433538.358615875,-0.10774349584837051,-1.5841952174702794,1.6013785692794376,-3.2088566210990166,-1.1814551873075514,0.00574868321657565,-0.09796706842519823,-1.6128388335339858,1.6186072513698266,-3.0063066108588887,-1.2210345758982444,-0.08897345716097263
1780433538.408497095,-0.10861504216520856,-1.5835314403220142,1.6013883790997396,-3.2115884147357923,-1.1782174589229273,0.006016382625730376,-0.0975244725282377,-1.6072266501133727,1.6168376259721646,-3.0114112650314926,-1.2172491249945678,-0.08939126194706576
1780433538.458579063,-0.10944474105574464,-1.5829847817248073,1.6013979987657967,-3.2138643800572497,-1.175132494624104,0.006248377698285227,-0.09752340979789094,-1.6026672055635016,1.61513579720173,-3.0152878973820196,-1.2139106503980954,-0.08971303188252654
1780433538.508581638,-0.11023439130979096,-1.582566997705917,1.6014111085566944,-3.215648081299217,-1.172193961033404,0.006440229186668767,-0.09778636292833989,-1.5981123381050626,1.6132580055037251,-3.018984523486938,-1.210372466386664,-0.09002254012541791
1780433538.558524132,-0.11098010504149514,-1.5822828957981372,1.601430105356733,-3.216925437251839,-1.169416681139733,0.006589077926493878,-0.09827686736197407,-1.5935827364288802,1.6112463781038966,-3.0225060366325955,-1.2066848768413485,-0.09031954321929418
1780433538.608811617,-0.11098010504149514,-1.5822828957981372,1.601430105356733,-3.216925437251839,-1.169416681139733,0.006589077926493878,-0.09896316303217527,-1.5891075822050542,1.6091459301992848,-3.025853842713961,-1.2028964181425184,-0.09060504625942672
1780433538.658531666,-0.11167807388077833,-1.5821251539349577,1.6014558168643303,-3.2177251438663435,-1.1668152155462739,0.006695872882046978,-0.09981894823846456,-1.584681872127721,1.6069729165256268,-3.0290328031984344,-1.1990408960832075,-0.09087897483892884
1780433538.708533764,-0.11232410653135183,-1.5821076527825397,1.6014907973478079,-3.217999079102178,-1.1644055798462976,0.006754996605115491,-0.10082089172981878,-1.5803106980105923,1.6047484277657713,-3.0320442689187623,-1.1951514765388487,-0.09114244036333914
1780433538.758615494,-0.11291449409553511,-1.582238606063159,1.601536678963332,-3.2177188115627375,-1.1622020105167366,0.0067626455825308025,-0.10194725515840551,-1.5759960460243487,1.60248842538084,-3.034887860680753,-1.1912575135073453,-0.09139701984427952
1780433538.809007883,-0.11285048559365407,-1.5828227676351494,1.601592895722769,-3.2156064209345425,-1.1624409855330686,0.004229884069529191,-0.10243885043367705,-1.5684127213644965,1.602362112924051,-3.0426258681679372,-1.1873661198068057,-0.09403147267512661
1780433538.858587742,-0.11220587315923147,-1.583704316674174,1.6016413063567694,-3.2122315635684098,-1.164846704603641,0.0005034105476673847,-0.10440840336849037,-1.5613436125444915,1.6011970479134934,-3.049223357618286,-1.1828278241646082,-0.096315179371409
1780433538.908670425,-0.11220587315923147,-1.583704316674174,1.6016413063567694,-3.2122315635684098,-1.164846704603641,0.0005034105476673847,-0.10746081304648623,-1.5548727415878831,1.5992134650339929,-3.054719736335338,-1.1779653746951246,-0.09828701785836641
1780433538.958720922,-0.11137214599098577,-1.5846823055047352,1.6016768737382454,-3.2084244164842532,-1.1679557082352083,-0.0027224375787913146,-0.1112579415395088,-1.548866827316914,1.596557438732486,-3.0592298994803957,-1.1730065790896642,-0.09997735987998554
1780433539.008736610,-0.1103766087983793,-1.5857773901502945,1.6016976834124554,-3.2041069552418913,-1.1716644663419595,-0.005500590185869569,-0.1155454618082351,-1.5432753614437962,1.593382426505675,-3.062843021704,-1.168143481681056,-0.10141093197520007
1780433539.058550358,-0.10924373338562177,-1.5870130524545258,1.6017007661445333,-3.199187750756752,-1.1758801194132333,-0.007873831994283265,-0.12129094027230079,-1.5367806321820838,1.588860511995436,-3.066205074110459,-1.162409380690128,-0.1028806333326694
1780433539.108869314,-0.10792901298366697,-1.5878367924534826,1.6016444760804138,-3.1956616511181926,-1.1807662462219088,-0.00960772143157751,-0.1266104745692739,-1.5364647920165675,1.5878266086468455,-3.067888907273562,-1.1592267142149097,-0.10369943142579634
1780433539.158590317,-0.1065038205463038,-1.5884272697276147,1.6015507179394273,-3.1929087531696707,-1.1860555714270564,-0.010829968595383654,-0.13169391759651747,-1.5358831892572562,1.586247643922892,-3.0690025506191114,-1.1565220364247026,-0.10429557516182696
1780433539.208673954,-0.1065038205463038,-1.5884272697276147,1.6015507179394273,-3.1929087531696707,-1.1860555714270564,-0.010829968595383654,-0.1364687995999126,-1.534956838572188,1.584201422463375,-3.069644322531271,-1.154327821582452,-0.10471190333083949
1780433539.258544445,-0.10502116491384506,-1.5891753446626655,1.6014439188881242,-3.189509758386685,-1.1915502201307788,-0.011764537140341425,-0.14096259946965645,-1.5337618420295014,1.5817377282588048,-3.069768978666118,-1.1526255977794202,-0.10493448611885617
1780433539.308628321,-0.10337360406289697,-1.5902278980532323,1.6013117553130145,-3.1848567841199857,-1.1976467498867374,-0.013296310283720914,-0.14251066665077244,-1.5297622744322519,1.5801565183763093,-3.0725504189236843,-1.1526632109818549,-0.10666526398924596
1780433539.358500719,-0.10145302106652831,-1.591786891087791,1.6011299864078194,-3.178106054528052,-1.20474162277314,-0.016767405649045664,-0.14332567518691705,-1.5242571254260424,1.5775625707275873,-3.0754601695165773,-1.1534146369789433,-0.1089416811393656
1780433539.408487320,-0.09957458697466848,-1.5935378413919592,1.600907807118464,-3.17054243275728,-1.2116687662470227,-0.020009446296874955,-0.14353252766038535,-1.5198975611141412,1.5748986000057053,-3.0768406042003105,-1.1543216104082834,-0.11063632377486622
1780433539.458602667,-0.09777127749705095,-1.5948124949509532,1.6006528010314025,-3.1647168117064703,-1.218308056595828,-0.022390482459996086,-0.14413022334225656,-1.519635359785454,1.5747969360183818,-3.07783291378272,-1.156028927730828,-0.11177201720483367
1780433539.508647442,-0.09777127749705095,-1.5948124949509532,1.6006528010314025,-3.1647168117064703,-1.218308056595828,-0.022390482459996086,-0.14446500427825307,-1.526390772003058,1.578823994194096,-3.0781968027716147,-1.1597665166896276,-0.11248490382420569
1780433539.558602571,-0.0960800232405532,-1.5944722740306236,1.6004160666787672,-3.165046383496735,-1.2245254779860266,-0.023857275044524506,-0.143225731094622,-1.532995723439698,1.5816826138616271,-3.077272524439204,-1.1644970031593094,-0.11359647555572505
1780433539.608660698,-0.09441835005797472,-1.594010604928486,1.6001761348313177,-3.1658191990381486,-1.2306256541834522,-0.026168416514701143,-0.141587780484501,-1.5385750459914531,1.5835445173505203,-3.0758876242596584,-1.1691443678022853,-0.11465349341988618
1780433539.658511400,-0.09289257836706444,-1.593892943413576,1.5999418239950354,-3.1653295957762637,-1.2362197312627465,-0.02755072753641663,-0.1411301821092463,-1.541063667626112,1.5843903568470277,-3.0757979105787263,-1.1725583141291425,-0.1143308600097761
1780433539.708737135,-0.09181397787852319,-1.5943702180396038,1.5997573729144112,-3.162822812982238,-1.2401702638408931,-0.027337016418533366,-0.14004066323299935,-1.5415605814492563,1.5841237517112299,-3.075536525716404,-1.1752073278334854,-0.11364309524118382
1780433539.758758307,-0.0908431461146062,-1.5948572058751225,1.5995818655779541,-3.160325679495444,-1.2437232831821063,-0.027494956627048595,-0.13799830679744107,-1.5424375358085873,1.5833535462254056,-3.074092765282079,-1.1784902514788962,-0.11318130882840347
1780433539.808520079,-0.0908431461146062,-1.5948572058751225,1.5995818655779541,-3.160325679495444,-1.2437232831821063,-0.027494956627048595,-0.13529213684284358,-1.5435904279353005,1.5822063832637479,-3.071640886559033,-1.1821650809400834,-0.11290919541718351
1780433539.858654499,-0.08994495655105617,-1.5953557888478693,1.5994105734652433,-3.157811839484551,-1.2470081371313384,-0.027964610553176783,-0.13213434815021535,-1.5449409224740398,1.5807754342403593,-3.0683142761241795,-1.18605784073777,-0.11281033347362722
1780433539.908758402,-0.08909383031431162,-1.5958733420858113,1.5992394207325848,-3.1552378624131796,-1.2501188583834049,-0.028700585431567838,-0.12873693489261692,-1.546515821954464,1.5790869747196166,-3.064109106656219,-1.1900324658863264,-0.1128352583910205
1780433539.958485842,-0.08826507535696937,-1.5964146270317112,1.5990639261896824,-3.1525691454875515,-1.2531459670673382,-0.029717138615855454,-0.12426324786194833,-1.548714613278749,1.576709210438429,-3.0577556933185446,-1.1950277005419658,-0.11305001172869063
1780433540.008699417,-0.08744561808360718,-1.5969787003024232,1.5988815094288205,-3.1497998875898334,-1.2561373516428125,-0.030970816997832884,-0.12134843907583626,-1.5500008665535683,1.5746226073694092,-3.0523808541681023,-1.1983589431094892,-0.11300338710749608
1780433540.058656216,-0.08672973270032802,-1.5980683549723125,1.5986769438180741,-3.1450330853196427,-1.258749241095015,-0.030222157047329112,-0.12122405204032334,-1.5492506973675235,1.5723533288659182,-3.0481931869283048,-1.1994040329636455,-0.11176369521192704
1780433540.108632088,-0.08672973270032802,-1.5980683549723125,1.5986769438180741,-3.1450330853196427,-1.258749241095015,-0.030222157047329112,-0.11983520813762433,-1.5521466681235143,1.5736890757633637,-3.0445372596854505,-1.2023948844436065,-0.11103041225254223
1780433540.158924580,-0.08601712869113243,-1.5985820996665838,1.5985011409396224,-3.1424965160855534,-1.2613478718493267,-0.030104431999415482,-0.11691865316184157,-1.557579693444417,1.5776213640351724,-3.040761914598376,-1.2072991644543198,-0.11059569401693972
1780433540.208659172,-0.08537728095594765,-1.5988647002781562,1.5983520484705769,-3.1409089938678476,-1.2636801067629477,-0.03026630299834121,-0.11520128035628631,-1.5617614589737734,1.5801658385417032,-3.0373166013972206,-1.2106954113050719,-0.10997509196992497
1780433540.258508444,-0.08485454424187555,-1.5991318978916516,1.5982248512065722,-3.139462324464909,-1.2655847270708067,-0.029983064222347977,-0.11388234515813417,-1.5657733117942616,1.5822450189376345,-3.0335338772582054,-1.213749870987623,-0.10912241385618962
1780433540.308822155,-0.08446830695868268,-1.5994015750201829,1.598123216190979,-3.1381041196667097,-1.266991577516345,-0.02926276103502623,-0.11286264111628035,-1.569601895499983,1.5839095293614103,-3.029440670440508,-1.2165476605763628,-0.10804437759014485
1780433540.358605623,-0.08423478450412514,-1.5996891197067846,1.5980501011678665,-3.1367887228987503,-1.2678419972602146,-0.02810159372546117,-0.11207335966525732,-1.5732375522438558,1.5851962765124576,-3.0250547474003326,-1.2191488692822134,-0.10674453367290904
1780433540.408731937,-0.08423478450412514,-1.5996891197067846,1.5980501011678665,-3.1367887228987503,-1.2678419972602146,-0.02810159372546117,-0.11114888408798143,-1.5768387967280146,1.5865498960930438,-3.0206606681330004,-1.2218233901207491,-0.10537678543472397
1780433540.458637714,-0.0841260153780663,-1.5999299378662055,1.598006084404183,-3.135752014685336,-1.2682380576387988,-0.027038253132297463,-0.10835459585930325,-1.5809736946865653,1.590211601476142,-3.018052308850188,-1.2256881083760005,-0.10491637582148032
1780433540.508796453,-0.08399704138708675,-1.6000710010000763,1.597966276210421,-3.1350934285071173,-1.2687076532491552,-0.02696311626696346,-0.10579371355817495,-1.5849064309416532,1.5934800619856793,-3.0146433567858693,-1.2294879785164436,-0.10416437830099545
1780433540.558731794,-0.08391315751565909,-1.600300842995166,1.5979274097632679,-3.134117068652825,-1.2690130540003342,-0.026709361163153034,-0.10453531906111473,-1.586908851690957,1.5950565115941464,-3.0125590282598433,-1.2314521186525547,-0.1036619061118398
1780433540.608495712,-0.08389600259310548,-1.6005037179797919,1.597904686565882,-3.1332985677107614,-1.269075508834451,-0.02614778236960813,-0.10334233159926066,-1.5907728313488212,1.597337626532698,-3.0085512034541737,-1.2343706690728122,-0.10248370443848015
1780433540.658557177,-0.08368625843008637,-1.6002334756443615,1.5978856725918664,-3.1342073443642016,-1.2698390545698128,-0.024815582398141522,-0.10360266510302422,-1.5950667827718137,1.5992801961882113,-3.0048889220427166,-1.2367686066494168,-0.10119988893960127
1780433540.708718300,-0.08368625843008637,-1.6002334756443615,1.5978856725918664,-3.1342073443642016,-1.2698390545698128,-0.024815582398141522,-0.10476278547319669,-1.598345047929314,1.600050171272738,-3.000974205236193,-1.2387464551073446,-0.0995935756925267
1780433540.758703947,-0.08326100092835453,-1.5999604580834,1.5978205822602987,-3.1349565775537367,-1.271386829009403,-0.022943893154520723,-0.10536013386921787,-1.5988676842003526,1.6001059819275383,-2.9983204443666467,-1.2405672890385109,-0.09843677848330201
1780433540.808622122,-0.08232969365183074,-1.6001126052304322,1.5976057699519328,-3.133614477831904,-1.2747749559248431,-0.02311995304917147,-0.10369847919021906,-1.5978934017435131,1.6037465875875534,-3.000427356628539,-1.2433024308907008,-0.09897033683789308
1780433540.858740807,-0.08107413681161013,-1.5999783216758594,1.5973425832940316,-3.13313267634107,-1.2793395705361377,-0.024948273740366567,-0.10164975199380166,-1.5986150737187357,1.60657581799658,-3.000763134447677,-1.2466600785290516,-0.09979255193247638
1780433540.908553123,-0.07979874641836027,-1.5996401316074387,1.5970891794675728,-3.133423942499972,-1.283972692191016,-0.026820802857623782,-0.10011805867859898,-1.5995332909505642,1.6086351230408698,-3.0004419180703423,-1.2496931904547377,-0.10050284377253135
1780433540.958590746,-0.07979874641836027,-1.5996401316074387,1.5970891794675728,-3.133423942499972,-1.283972692191016,-0.026820802857623782,-0.09967076460764022,-1.599629077664929,1.6099756118757556,-3.000238398678828,-1.251843356307108,-0.10080610922721123
1780433541.008702517,-0.07857266329076662,-1.5994313433779226,1.596828686367723,-3.1332217104344364,-1.2884233746618543,-0.028022098044029775,-0.09949548182217516,-1.5997930345384033,1.6107895070687732,-2.9995921852876037,-1.2538808915540693,-0.10093990191609595
1780433541.058494091,-0.07740839472977434,-1.599208203409006,1.5965788204063296,-3.1331104640937126,-1.2926467441458955,-0.02890451278070838,-0.09951716988682341,-1.6001140506825777,1.6112173678770956,-2.998219241206124,-1.2563836367675192,-0.10087047712987858
1780433541.108659029,-0.07632642758034969,-1.5989774695173216,1.596344674864851,-3.1330842968442822,-1.2965690821948606,-0.02946517892889755,-0.09965037476074029,-1.6004760357856451,1.6111854393547422,-2.9967071430034347,-1.2584127105772074,-0.10062504325161323
1780433541.158710480,-0.07534396614742889,-1.5987447499352978,1.5961308790903639,-3.133139803419431,-1.300128674731802,-0.029694338482626925,-0.09984207080005515,-1.6009396172847845,1.6108898551412687,-2.9948555319713006,-1.260503253409248,-0.10020891694339143
1780433541.208620548,-0.074475588041226,-1.5985145868701265,1.59594163828213,-3.133275917012919,-1.3032733676258532,-0.029576196937535215,-0.10006853735929243,-1.6015101494195703,1.6103806890465011,-2.9926858328180153,-1.2626768102067443,-0.09961902023548977
1780433541.258737564,-0.074475588041226,-1.5985145868701265,1.59594163828213,-3.133275917012919,-1.3032733676258532,-0.029576196937535215,-0.10031850961641443,-1.6021912906664824,1.6096971444371417,-2.9902155541787145,-1.2649459044456286,-0.09885116218576043
1780433541.308770657,-0.07373369582917721,-1.5982904805460532,1.5957807462277571,-3.1334938651032456,-1.3059588780213556,-0.029089450853733823,-0.10066353784875695,-1.6032017462513872,1.6086404111708517,-2.98672439890588,-1.2679259700102812,-0.09763198339817232
1780433541.358500004,-0.0731288560360488,-1.5980747612586796,1.5956515990979572,-3.1337976802545793,-1.3081475260657784,-0.028205811555410243,-0.10097562738258017,-1.6041385723183925,1.60765668411553,-2.983619696456594,-1.270426192115316,-0.09644007354846489
1780433541.408675909,-0.07244335805451119,-1.5979117390263777,1.5954952628897254,-3.1338122505925172,-1.3106272317111802,-0.028345720372595196,-0.09798008104219638,-1.603099705218452,1.6097630637380465,-2.984859861775048,-1.2741403970141358,-0.09730098770170077
1780433541.458591461,-0.07143014841921413,-1.5977706102745266,1.5952506770467136,-3.13342543190996,-1.3142908530753097,-0.03031253493715802,-0.09589485768663301,-1.6022063270670213,1.6111440455050667,-2.9855703387660437,-1.2773041804449798,-0.09800509926376984
1780433541.508605242,-0.07039573705473146,-1.5975953567376457,1.5950003618895725,-3.133140822411602,-1.3180292870267163,-0.03193724549969623,-0.09456062551934101,-1.6014598517343908,1.6119008516862237,-2.9857941886301202,-1.2800285147868948,-0.09854571184056746
1780433541.558677197,-0.07039573705473146,-1.5975953567376457,1.5950003618895725,-3.133140822411602,-1.3180292870267163,-0.03193724549969623,-0.09376217938663833,-1.6008646494213803,1.6121641631852848,-2.985583828637282,-1.2824784461115195,-0.0989266456600276
1780433541.608646393,-0.06937343592605316,-1.5973970491536207,1.5947518611942986,-3.1329459856965585,-1.3217221695758692,-0.03324005142076647,-0.0932757883037653,-1.6003372020375721,1.6119593698738748,-2.984776430671413,-1.2853391139593124,-0.09918214387516826
1780433541.658529758,-0.06839053129644945,-1.597184928911478,1.5945117416870112,-3.1328315289575537,-1.3252711148610015,-0.03423042954498534,-0.0931583283797944,-1.6000903498981796,1.611469203054987,-2.9837370503389433,-1.2875701784791929,-0.09921044318221117
1780433541.708657265,-0.06746971487711484,-1.5969666516901615,1.5942858300916718,-3.13279108903987,-1.3285944762663675,-0.034907485732580845,-0.09319521699075928,-1.5999988464434844,1.6107603744566485,-2.9823795048028896,-1.2898152563947398,-0.09908178460857034
1780433541.758671284,-0.06662975256124781,-1.5967486473130563,1.5940792434937512,-3.1328201472497788,-1.331624871233128,-0.03526523148427252,-0.09333069061677536,-1.6000608144267394,1.6098852647978825,-2.9807288318298615,-1.292115214615563,-0.09879521652889366
1780433541.808956623,-0.06588637248059914,-1.5965362202744906,1.5938965187972323,-3.1329161377279884,-1.3343059256409582,-0.03529245591768326,-0.0935278484585313,-1.6002735878172922,1.6088848054193567,-2.978805692718636,-1.294496736611061,-0.09834876585865897
1780433541.858734846,-0.06588637248059914,-1.5965362202744906,1.5938965187972323,-3.1329161377279884,-1.3343059256409582,-0.03529245591768326,-0.09376448184349742,-1.6006338881131832,1.6077902669385145,-2.976626866258332,-1.296975770374905,-0.0977395319441332
1780433541.908690453,-0.06525288302347132,-1.596333604513557,1.59374168934399,-3.133078528162578,-1.336590004541807,-0.03497272645662264,-0.09402934624891165,-1.6011378328773542,1.6066246168600262,-2.974205677803967,-1.2995611332028045,-0.09696369771427855
1780433541.958877802,-0.0647405671171839,-1.5961439920716831,1.5936183149988996,-3.133308826653182,-1.3384367592485376,-0.03428480639772058,-0.09439708669860539,-1.6019631378115262,1.6050912214237156,-2.970853682654139,-1.3029468292183863,-0.09575220166153899
1780433542.008593082,-0.0643589954143966,-1.5959694586211786,1.593529511013999,-3.1336109565768333,-1.3398119740245127,-0.03320157643452415,-0.09477403852325977,-1.6027808778544896,1.6037718356905157,-2.9678805900291643,-1.3057559888046115,-0.0945618564572194
1780433542.058465719,-0.06411856181879205,-1.5958078272057437,1.5934789526262174,-3.1340061671269597,-1.3406784102339948,-0.0316245776836972,-0.09522070659883974,-1.6037298829787305,1.6023638620210607,-2.9646437500361422,-1.3086570533314574,-0.09316111602551512
1780433542.109096766,-0.06411856181879205,-1.5958078272057437,1.5934789526262174,-3.1340061671269597,-1.3406784102339948,-0.0316245776836972,-0.09574371003422881,-1.604808437573932,1.6008547489162044,-2.9611266155936993,-1.3116506897121196,-0.09153084173357974
1780433542.158824444,-0.06403371637061461,-1.5956627150061085,1.5934706360989304,-3.1344961699914755,-1.3409841433802345,-0.02954384611896188,-0.09636131816616147,-1.606014266075233,1.5992254471693685,-2.957308328073167,-1.3147331967756606,-0.08964965617443912
1780433542.208496571,-0.0641149089569577,-1.5955303733027781,1.5935079579452154,-3.1351069889004015,-1.3406915732091127,-0.026854237151273885,-0.09714125986766509,-1.6073519433022536,1.5974329116646684,-2.953144246399345,-1.3178874283962099,-0.08748342109605543
1780433542.258728027,-0.06437199546777794,-1.5954081964609568,1.5935936617043118,-3.135858302399511,-1.3397651241905395,-0.02349128976723147,-0.09803308071402536,-1.6088055273251163,1.5954896619514207,-2.9486460881766643,-1.3211413614598089,-0.08502491999827536
1780433542.308583021,-0.06481356591860532,-1.5952859095933114,1.5937304894730075,-3.1367975164619,-1.3381736421494441,-0.01936407975755383,-0.09914165224118883,-1.6104071402529883,1.5933062284722972,-2.9437112525998494,-1.3244719966869534,-0.08222751846785764
1780433542.358709574,-0.06540581232262088,-1.5950410706035854,1.5939200495463257,-3.138371744996502,-1.3360386638737936,-0.014809147113803434,-0.09981627551707789,-1.6127229595175168,1.5920678176047691,-2.9391160927897197,-1.3283411657230375,-0.07939997268782048
1780433542.409061193,-0.06540581232262088,-1.5950410706035854,1.5939200495463257,-3.138371744996502,-1.3360386638737936,-0.014809147113803434,-0.0959950289446217,-1.6187501964897093,1.5985646598581296,-2.9397471376858904,-1.3352398212404724,-0.0787605274144834
1780433542.458622932,-0.06574739823047349,-1.5937298469877916,1.594136096048857,-3.1438933699131146,-1.3348070549648527,-0.013889080898349171,-0.09344481553183782,-1.6232340885393644,1.603410931835876,-2.9404305407021885,-1.3408120569511692,-0.07798581620443688
1780433542.508614540,-0.06606965006316123,-1.5924808194472213,1.5943250664299695,-3.149114054580987,-1.3336449984914793,-0.01264268964662385,-0.0918599689548871,-1.6264632507320815,1.6068509979841747,-2.9410891216910953,-1.3453774218386045,-0.07706319779500201
1780433542.558583260,-0.06641509960737313,-1.5912887859076132,1.5945010368912356,-3.154101632736297,-1.3323991179657888,-0.01104973906800133,-0.09084895840283155,-1.629116919309043,1.6095249607761155,-2.9417945461250397,-1.3500670649356121,-0.0756842387167417
1780433542.608498096,-0.06681747607226729,-1.5901524263879985,1.594674443312355,-3.158897680744526,-1.330947700916604,-0.009072312123608484,-0.09061785865278744,-1.630362979751049,1.610559346862685,-2.942196005172291,-1.3532225992347244,-0.07437712455298622
1780433542.658629417,-0.06729898193648065,-1.5890601240200937,1.5948524884458415,-3.163570376479653,-1.3292105303054935,-0.006690396352607486,-0.09072747913187602,-1.6310359171451267,1.6108243131766073,-2.942438357391854,-1.3560236820541423,-0.07288470983338675
1780433542.708708048,-0.06729898193648065,-1.5890601240200937,1.5948524884458415,-3.163570376479653,-1.3292105303054935,-0.006690396352607486,-0.09106796700138318,-1.631262870775811,1.6104500519249847,-2.9425005678047618,-1.3585749783816674,-0.07119810328816227
1780433542.758647442,-0.06788278010671522,-1.588010095423332,1.5950412750536744,-3.1681488478896718,-1.327103828783427,-0.0038749536563624787,-0.0915741766196795,-1.6311394338258376,1.6095309840562273,-2.9423652625351955,-1.3609389987443021,-0.0693078387692801
1780433542.808591366,-0.06858623820354026,-1.587000434045125,1.595244857449849,-3.172655578614979,-1.3245646063391758,-0.0005940415755638639,-0.09234805565904362,-1.6306219836391556,1.6077550909931788,-2.9419019356324405,-1.3637138789401155,-0.06664655687585422
1780433542.858538151,-0.06934844970129372,-1.5863580357319655,1.5954421445182165,-3.1757956088350507,-1.32181240613951,0.001989516101550854,-0.0892695249376509,-1.6239940600275862,1.6065918270287716,-2.945754540074295,-1.3652875575172185,-0.06631392047285221
1780433542.908482790,-0.06997795241388971,-1.5869786849242615,1.5955777161002362,-3.1740170064822415,-1.31953867172769,0.00189940404024759,-0.08633026517730714,-1.6145249184981134,1.6039033617812462,-2.9502109363703295,-1.365395153925976,-0.06631482880898784
1780433542.958777189,-0.07060388700116338,-1.5882926908907118,1.5956899099362338,-3.1695866160721646,-1.3172771664228478,0.001667754606043875,-0.08396973005275662,-1.6035354923093488,1.5998353055818302,-2.9544815900330232,-1.3642581757241157,-0.06637588831476515
1780433543.008600950,-0.07060388700116338,-1.5882926908907118,1.5956899099362338,-3.1695866160721646,-1.3172771664228478,0.001667754606043875,-0.07943244112535336,-1.5940480710498495,1.598797701274347,-2.960662936773297,-1.363948258766525,-0.06747300397808544
1780433543.058672667,-0.07125150166781502,-1.5894774035848087,1.5958015726289403,-3.1656443262501597,-1.3149366267880414,-0.0008191403502388896,-0.07403403672699266,-1.5897846702717402,1.6027327459825156,-2.968682771633145,-1.3649949206562337,-0.06960406740986494
1780433543.108583689,-0.07157475743858921,-1.58974368579565,1.5958674910267616,-3.1649153636837664,-1.313768078409682,-0.004318008907984172,-0.07076987960916924,-1.5865222084433528,1.6058886430264536,-2.976314632627255,-1.3644198354076755,-0.07153561959142242
1780433543.158617020,-0.0717717767284336,-1.5897663938465865,1.5959130273078943,-3.165005469707891,-1.313055776823619,-0.006773169170053883,-0.07017133340902658,-1.5851095970534255,1.6072439198549495,-2.9808666825990398,-1.3629481460492496,-0.07255439618413372
1780433543.208500862,-0.07189161090101592,-1.5896015008918,1.5959476069743819,-3.1657447970645345,-1.3126224960858748,-0.008337751597752074,-0.07081986457222732,-1.5844619775511726,1.6077612586305206,-2.984292723576958,-1.360932601327236,-0.07314519012277224
1780433543.258987427,-0.07197332021557834,-1.589285916425692,1.595978358056432,-3.1670257269329074,-1.3123270476616593,-0.009145677987884682,-0.07230477558160031,-1.5844052089658751,1.6076529109310247,-2.98681180112874,-1.3586488465250381,-0.07335239346751865
1780433543.308556318,-0.07197332021557834,-1.589285916425692,1.595978358056432,-3.1670257269329074,-1.3123270476616593,-0.009145677987884682,-0.07432906508309534,-1.5847864211272542,1.6070608003868834,-2.9885833473895658,-1.3562863416985507,-0.07320592511712917
1780433543.358757019,-0.07205083244681187,-1.588852769047027,1.5960110273047767,-3.168749705604018,-1.3120467643075822,-0.009284775608239038,-0.0766525539387517,-1.5855060560426582,1.6061301362319798,-2.9897535941841236,-1.3539952996756714,-0.0727395779436482
1780433543.408629179,-0.07215314084235125,-1.5883290418060962,1.5960503208493269,-3.170837022862049,-1.3116768019511476,-0.008817206941214017,-0.07915681289925316,-1.5864268355277522,1.6048763244252882,-2.9903846084698245,-1.3518294026654398,-0.07195590799198927
1780433543.458661795,-0.07230391751989629,-1.5877361570186643,1.596099872875724,-3.173224426339811,-1.311131537067376,-0.007784774468215794,-0.08170320674355226,-1.5874962534412749,1.6034020718701572,-2.990575704109817,-1.349865150293853,-0.07088072043901289
1780433543.508803129,-0.07252437794302757,-1.587092280945262,1.5961628526775344,-3.1758588884866032,-1.3103341964056776,-0.006214135555843825,-0.08420351069161658,-1.5886592069247865,1.6017640246854576,-2.9903907361365825,-1.348140728982552,-0.06952823825461425
1780433543.558666706,-0.07252437794302757,-1.587092280945262,1.5961628526775344,-3.1758588884866032,-1.3103341964056776,-0.006214135555843825,-0.08657219703106209,-1.5899070720830517,1.6000488850362806,-2.9898955450708677,-1.3466998518023987,-0.06791817613716325
1780433543.608892679,-0.07283268608290516,-1.5864110038835477,1.5962418230178632,-3.1787019691701293,-1.309218989460784,-0.00411666130231314,-0.08882282090063745,-1.5911652623941706,1.5982143489750347,-2.9890893336666715,-1.345507749005828,-0.06604054632140337
1780433543.658840656,-0.07324444726265078,-1.5857032939083355,1.5963387483258422,-3.181722647537579,-1.3077293045542042,-0.001493166329641582,-0.09091114914511407,-1.5924329760552105,1.596317035079069,-2.9880169480087324,-1.3445762481391295,-0.06391025878703362
1780433543.708626509,-0.0736617572665228,-1.5847851300875453,1.5964306893019804,-3.1855230194778006,-1.3062192273378423,0.0008318929929374062,-0.09126519344270569,-1.594729896678854,1.596924602712705,-2.9885530134843012,-1.3450323921123335,-0.062393270813781855
1780433543.758602619,-0.07396628018399731,-1.5836843920979655,1.5964880950312141,-3.189889438774447,-1.30511707746063,0.0027362416777466773,-0.09172479968524869,-1.5965712583567608,1.5973256940983016,-2.98928493091772,-1.3453845929387502,-0.060830307611211096
1780433543.808924198,-0.07396628018399731,-1.5836843920979655,1.5964880950312141,-3.189889438774447,-1.30511707746063,0.0027362416777466773,-0.09012826435514067,-1.5934642546146032,1.5969099930773907,-2.9925221384709637,-1.345241635730735,-0.06034023066666428
1780433543.858711004,-0.07416749917507204,-1.5835038216797166,1.5965283141706204,-3.1907303843620145,-1.304388716995187,0.002784381873626914,-0.08863704958904724,-1.5879041890089587,1.5948955361546413,-2.995888571826688,-1.344082839672053,-0.05996502236582777
1780433543.908749104,-0.07437555949328356,-1.5838313690530983,1.5965759834090796,-3.1896854415678604,-1.3036355126048136,0.002539687003126376,-0.08720445650671595,-1.5833005797394062,1.5933215000947354,-2.998962774650174,-1.3429201266557982,-0.05959270118144468
1780433543.958648443,-0.07462517652855549,-1.5840657222228698,1.5966308376570286,-3.1890208631741643,-1.3027317596176289,0.0026678012774463797,-0.08621505845371044,-1.5793921964722744,1.5916415457530673,-3.0014025296804903,-1.341504685050459,-0.05903843420194455
1780433544.008556128,-0.07490059845723884,-1.584618047128589,1.5966931888156828,-3.187189903304432,-1.3017344408339202,0.0025729036664289694,-0.08503312893536645,-1.5746400182025146,1.5895614111605016,-3.0039277721573083,-1.3397325510221914,-0.058622886097371034
1780433544.058567286,-0.07490059845723884,-1.584618047128589,1.5966931888156828,-3.187189903304432,-1.3017344408339202,0.0025729036664289694,-0.08386273548142509,-1.5697843524944064,1.5873033194681285,-3.0062242899727907,-1.3376927257177584,-0.05822368081527378
1780433544.108694553,-0.0752261938359462,-1.5854068963090686,1.5967648389357145,-3.1845105465327865,-1.300555253387233,0.002432491819881245,-0.08270174985690026,-1.5648309083806895,1.5848834930828857,-3.0082829719257256,-1.3353900574775486,-0.05784278419611585
1780433544.158713341,-0.0756057007636377,-1.586451031511272,1.59684297863451,-3.180907107177557,-1.2991805591913392,0.0022405492215283387,-0.08154745901137746,-1.5597936929441012,1.5823174554142012,-3.010089236413817,-1.3328294156972162,-0.05748174819077583
1780433544.208517075,-0.07604318829022993,-1.5877600866716612,1.596923211344205,-3.176334537928753,-1.2975954918127464,0.001993486925079533,-0.08041567955988467,-1.5546654504748743,1.5795990897268808,-3.0116304731577466,-1.330000784642049,-0.057141987957051305
1780433544.258706331,-0.07653253273925653,-1.5892897501659604,1.5969984847183876,-3.170940319646575,-1.2958220929591908,0.001407516054149953,-0.078751889999426,-1.5497552257698706,1.5774263730074942,-3.0133322731878636,-1.3273355822421808,-0.057034239513675075
1780433544.308566332,-0.07653253273925653,-1.5892897501659604,1.5969984847183876,-3.170940319646575,-1.2958220929591908,0.001407516054149953,-0.07606350796341706,-1.5467135599043917,1.5773177547538266,-3.015544964143121,-1.3255781865940304,-0.05734681113056654
1780433544.358823776,-0.07704921911391427,-1.5906526975395892,1.5970702138161557,-3.1661706681393396,-1.2939490865438996,0.0001265877003256968,-0.07447597287218521,-1.5448390411293715,1.576974468032256,-3.016686210957431,-1.3231942868580915,-0.057331164329227295
1780433544.408508062,-0.07762397898132622,-1.591951602759802,1.5971453023279572,-3.161666263030317,-1.2918649262745063,-0.0004530752943274763,-0.0736703056879574,-1.5437284272086753,1.5761696640723655,-3.016737123114137,-1.3195575706177536,-0.05685666824464296
1780433544.458691120,-0.07829407868104887,-1.5932259104136524,1.5972315316683556,-3.157308503154783,-1.2894341930912203,-0.0003799952133896056,-0.07287834059269893,-1.5439889259566613,1.5772550014750117,-3.017780723992256,-1.3180009441417038,-0.05705732436344257
1780433544.508758545,-0.07759691568863047,-1.5934146133174991,1.5970694304932878,-3.156000513725,-1.291963076732758,-0.004251061304326065,-0.07086343191847841,-1.545977366243859,1.5835121449262257,-3.0238274293216856,-1.3171553820228574,-0.0593343030117899
1780433544.558490992,-0.07669114117101739,-1.593512940192376,1.596862767262752,-3.1548576939651998,-1.295247188854841,-0.007554565798332469,-0.07092030333678805,-1.5475185855549656,1.5869142211099043,-3.0274873936414455,-1.3154228202639084,-0.06082170801838801
1780433544.608661413,-0.07669114117101739,-1.593512940192376,1.596862767262752,-3.1548576939651998,-1.295247188854841,-0.007554565798332469,-0.07197335670401456,-1.5489268184238414,1.589248393678825,-3.030379135211835,-1.3131247471475476,-0.06204080798243178
1780433544.658575773,-0.07563244231288913,-1.5935566388842721,1.5966204375076845,-3.153782785933358,-1.2990836822632188,-0.010395799120169968,-0.07359441632927001,-1.5502318181431507,1.590717316344447,-3.032563523375222,-1.3105888783534891,-0.06303916175374386
1780433544.708803654,-0.07447405686182051,-1.5935659516374558,1.5963520053558211,-3.152737987829064,-1.3032789112755072,-0.012877640973127491,-0.07550854060445186,-1.5514316445166667,1.5915104277040055,-3.034139644504219,-1.3080158660087995,-0.06384669727313298
1780433544.758481503,-0.07325681940432816,-1.5935608125113045,1.5960647412842845,-3.1516780139281,-1.307684539360892,-0.015063166687182772,-0.07751883467795971,-1.5525319765900152,1.5917799587233328,-3.0351837032993965,-1.3055440548216688,-0.0644874160422537
1780433544.808822870,-0.07325681940432816,-1.5935608125113045,1.5960647412842845,-3.1516780139281,-1.307684539360892,-0.015063166687182772,-0.07900508876349478,-1.553298088067093,1.5917128371435323,-3.0356533504033196,-1.3038132417201644,-0.06487009548551936
1780433544.858727455,-0.0720139891953453,-1.5935573486540706,1.5957648597841403,-3.1505675896223506,-1.3121799904195237,-0.016993951496118598,-0.08088046688760944,-1.5542511501653307,1.5913446103791198,-3.035899045785065,-1.3017176552869885,-0.0652620421528862
1780433544.908603907,-0.07077277908525836,-1.5935687442780155,1.5954577525054539,-3.149379149591925,-1.3166668442627296,-0.018695649004417447,-0.08257474618556673,-1.5551392637915242,1.590731618290517,-3.035742584253668,-1.2998989447275493,-0.06553002665595575
1780433544.958682060,-0.0695555912360426,-1.5936059049265747,1.5951481511864665,-3.1480910099881667,-1.3210642931955991,-0.020181823856121106,-0.08404845214781302,-1.555977421639584,1.5899383524037638,-3.035211510738154,-1.2983758649627524,-0.06568321194405698
1780433545.008539438,-0.06838100107810519,-1.5936779612447474,1.5948402418757357,-3.1466859505746916,-1.3253055177017652,-0.021456561856877165,-0.08528276957900457,-1.556780572772495,1.5890151165241457,-3.0343263396897626,-1.297152728659424,-0.0657279391183118
1780433545.058725834,-0.06838100107810519,-1.5936779612447474,1.5948402418757357,-3.1466859505746916,-1.3253055177017652,-0.021456561856877165,-0.0864850531562959,-1.5577570229840738,1.587736090279696,-3.0327442987435123,-1.2960357846950008,-0.06563699026187139
1780433545.108532667,-0.067264522693538,-1.593792662202862,1.5945377408867227,-3.1451500626768896,-1.3293348637802254,-0.022516251409529175,-0.08718495102350177,-1.5585323641833053,1.5866464792536883,-3.0311098681791027,-1.295456412004852,-0.06544856694130612
1780433545.158905268,-0.0662191946163544,-1.5939566831098402,1.5942439415404988,-3.1434718037098897,-1.33310568075742,-0.023350775483923947,-0.08767080409709117,-1.5593154200055448,1.5855183775914483,-3.0291537599124236,-1.295137479015879,-0.06515661385623002
1780433545.208624125,-0.06525601851275198,-1.5941758671007031,1.5939617375934045,-3.141641211632697,-1.3365787008182402,-0.023944272968882352,-0.08796593985540214,-1.560116535592706,1.5843632989770227,-3.0268780556661956,-1.2950592918023456,-0.06475853714642166
1780433545.258679390,-0.06438427765644317,-1.5944554143801506,1.5936936273911115,-3.1396492419739452,-1.3397208611917595,-0.024275574085974583,-0.0880979482614084,-1.5609444333896034,1.583186697227213,-3.0242819348250585,-1.295200858411884,-0.06424998330794311
1780433545.308697462,-0.06355446801573006,-1.5947446341278564,1.593431103548835,-3.1376474853404033,-1.3427108851733687,-0.024536943209573003,-0.08786559513826,-1.5619576861055728,1.5824412585457956,-3.021729981640004,-1.295766405381993,-0.06380118964703771
1780433545.358518839,-0.06218534250581875,-1.5945588581279404,1.5930578937042714,-3.1369506333891515,-1.3476421537364631,-0.026459976634080284,-0.08612330563803348,-1.5642750003396415,1.584899335031168,-3.0212967901303895,-1.2982062735549058,-0.06460166737351257
1780433545.408630610,-0.06218534250581875,-1.5945588581279404,1.5930578937042714,-3.1369506333891515,-1.3476421537364631,-0.026459976634080284,-0.08552147980014607,-1.5657235325325818,1.5860395024267089,-3.0205225150458093,-1.299709947407999,-0.0650898356870595
1780433545.458710432,-0.06070619665893773,-1.5943658841317285,1.5926459110023403,-3.1361395729636556,-1.352966936119051,-0.028097654915776538,-0.08537369977765234,-1.5668863142441483,1.5866012198273711,-3.0193975074516124,-1.3010241485076481,-0.06545456801241967
1780433545.508614779,-0.059152060980187215,-1.5941760218614842,1.5922026569121543,-3.135205206253758,-1.358558753093976,-0.02947114029753717,-0.08565471255108478,-1.5682530569905317,1.5867890970327945,-3.0177325997328968,-1.3023260465229152,-0.065610131467529
1780433545.558597565,-0.05761729427997597,-1.5937745583873593,1.591779711643594,-3.1351038450364466,-1.3640781073439507,-0.03005256764475739,-0.08658356391853536,-1.57076985370915,1.5869217122933172,-3.0151555835483483,-1.3037874296525416,-0.06532398600499736
1780433545.608707905,-0.05611197985920846,-1.5933100351824532,1.5913647586189912,-3.135257603358066,-1.3694890278125627,-0.03015259236475476,-0.08751268618263713,-1.5730937659647282,1.5867652375490042,-3.012325124225015,-1.3054513814384086,-0.06487235363788285
1780433545.658706903,-0.05611197985920846,-1.5933100351824532,1.5913647586189912,-3.135257603358066,-1.3694890278125627,-0.03015259236475476,-0.08846866769891763,-1.5753227690633596,1.5863482401243079,-3.009189041280699,-1.3073374660397008,-0.06422338957680047
1780433545.708624125,-0.0546415095241235,-1.592825016062541,1.5909553197084902,-3.1355049429706425,-1.3747724417087888,-0.029830007115168478,-0.08972698451835645,-1.5779586182349457,1.5854986227942056,-3.0048856849424777,-1.3100349356919532,-0.06313958476157663
1780433545.758766890,-0.053189071424770695,-1.5923197198124264,1.59054648570428,-3.135827202843563,-1.3799890158668244,-0.02907165690123037,-0.09073596308879257,-1.5799561543358216,1.58458738588445,-3.001139338809735,-1.3125042550682067,-0.06204445274520476
1780433545.808499813,-0.05176726227834205,-1.5918017075971882,1.5901418056200058,-3.136210228193328,-1.38509374232469,-0.027847063616895262,-0.09178616176824367,-1.5818746728828659,1.5834651335801349,-2.9971046421948193,-1.31524710535868,-0.06072937876536397
1780433545.858670235,-0.050378135846462335,-1.591262547112061,1.5897433264756147,-3.1366916261819147,-1.3900794924416795,-0.02606023806149782,-0.09287875654835953,-1.583750024880131,1.5821442430277552,-2.9927587291248448,-1.318284333632465,-0.05917316421939264
1780433545.908536911,-0.04902674505590632,-1.5907142198823019,1.589351853571173,-3.1372315036108733,-1.3949283670983021,-0.023699870445559768,-0.09403483382252023,-1.5855727570714109,1.5806038694548374,-2.98808725764157,-1.3216061629273328,-0.05735910112423486
1780433545.958603144,-0.04902674505590632,-1.5907142198823019,1.589351853571173,-3.1372315036108733,-1.3949283670983021,-0.023699870445559768,-0.09536464125230651,-1.587424150440607,1.5787983243192325,-2.982995195232936,-1.3251918374316067,-0.05522878071473983
1780433546.008529425,-0.04772630501108743,-1.5901484516753985,1.5889732775658005,-3.13788089846327,-1.39959319109889,-0.02060586870603487,-0.09729487315073702,-1.5896794603171394,1.5761005853465075,-2.9760327849120536,-1.3300470404699987,-0.052094155033009994
1780433546.058574677,-0.04647372258166804,-1.5895710573792678,1.5886064937459297,-3.1386150843060134,-1.4040852894356561,-0.016707822600906752,-0.09908921856627378,-1.5915514185030117,1.5735864313127612,-2.9698942912843513,-1.3342479141578616,-0.049152436956319816
1780433546.108502150,-0.045308330449840284,-1.588980394657458,1.588265902668238,-3.1394923529773444,-1.4082638464984027,-0.011819586600762655,-0.10132438023332838,-1.5934536531565682,1.570572375545442,-2.9631103782552324,-1.3386447400767174,-0.04573913787209612
1780433546.158638000,-0.044222054145165224,-1.5883739159725438,1.5879497909307978,-3.1405158027644906,-1.4121580523026074,-0.005725052280193488,-0.10411849389344738,-1.5953761444801104,1.566936744894446,-2.9555663616451606,-1.3432160679484844,-0.04178098957487473
1780433546.208598375,-0.04316619247792808,-1.5877938080895735,1.587637238210264,-3.141458422323686,-1.415942650990874,0.0001963386864302849,-0.10474547137864822,-1.5966539558306776,1.56492868868166,-2.94974309969394,-1.349082179695787,-0.03840971315199194
1780433546.258647919,-0.04316619247792808,-1.5877938080895735,1.587637238210264,-3.141458422323686,-1.415942650990874,0.0001963386864302849,-0.09707662799115672,-1.5955735711973054,1.5696994096287697,-2.9516571738717183,-1.3583331942859465,-0.03849049115178342
1780433546.308852196,-0.04182783591416239,-1.5873540831240138,1.5872049276747195,-3.141463148880384,-1.420739084119683,0.00017809980006066198,-0.0887589472977587,-1.594473263109066,1.5749510267659612,-2.953709317814959,-1.3685161233352552,-0.03868361160105766
1780433546.358680725,-0.040557257403937896,-1.5869314492819449,1.5867892725379464,-3.1414677080113838,-1.4252919430904631,0.00016096857887685633,-0.08297153534024655,-1.5937851597576396,1.5786303938817954,-2.9550939089448325,-1.375681703926872,-0.038894975381294626
1780433546.408487082,-0.03936782311414966,-1.5865312239640081,1.5863955374963055,-3.1414720937416036,-1.4295535269450497,0.00014549358945594584,-0.07784416814728848,-1.5932373933206847,1.5818927890222008,-2.9562826781595613,-1.3820933112921694,-0.03914306249123346
1780433546.458714008,-0.038257149104543586,-1.5861535038891637,1.586023832656966,-3.1414762772805807,-1.4335325420499672,0.00013151329235334646,-0.07329085528266056,-1.5928059225607791,1.584777529112219,-2.9573020417099856,-1.3878448639713397,-0.0394170056940268
1780433546.508733273,-0.037222343883385633,-1.5857981157910466,1.5856740032228542,-3.141480240451944,-1.4372394770213388,0.00011888211497239484,-0.06923824520255437,-1.5924700704770123,1.5873204861730013,-2.958175268955302,-1.3930181088527234,-0.03970745316780238
1780433546.558680773,-0.037222343883385633,-1.5857981157910466,1.5856740032228542,-3.141480240451944,-1.4372394770213388,0.00011888211497239484,-0.06562374464879403,-1.5922121127545106,1.5895543837958908,-2.958922845316416,-1.3976841381812612,-0.04000635355051356
1780433546.608688354,-0.03626016645707164,-1.5854646702571662,1.5853456816635472,-3.141483973379191,-1.440686042320002,0.0001074688522161325,-0.06239323164358768,-1.5920167193620527,1.5915088746913306,-2.95956276652355,-1.40190597054676,-0.04030675855447834
1780433546.658627272,-0.03536715433886428,-1.5851526090118666,1.585038333668975,-3.1414874725579067,-1.4438847170972657,9.715522538769275e-05,-0.05950015351250127,-1.59187076397511,1.5932109209243854,-2.9601108362977833,-1.4057389104284503,-0.04060268384342625
1780433546.708627939,-0.034539724952298734,-1.5848612454768212,1.5847512976786249,-3.1414907392792686,-1.4468483907759895,8.783458580773706e-05,-0.05690437674736539,-1.5917630456995484,1.5946850292435408,-2.960580913431754,-1.4092315670129998,-0.04088898021682201
1780433546.758690357,-0.033774254819822325,-1.584589799097663,1.584483818426191,-3.1414937783583134,-1.4495900835537672,7.941074994520724e-05,-0.054571328301632936,-1.5916840772747936,1.5959535005792806,-2.9609851344423217,-1.4124265368354527,-0.041161229267273065
1780433546.808491945,-0.03306713988941734,-1.5843374238408874,1.584235074861748,-3.1414965971238717,-1.4521227338120752,7.179695329761176e-05,-0.051979392396387804,-1.5916137465245743,1.5972806465833396,-2.9614138261042733,-1.4160580981887854,-0.041476081261515425
1780433546.858587742,-0.03306713988941734,-1.5843374238408874,1.584235074861748,-3.1414965971238717,-1.4521227338120752,7.179695329761176e-05,-0.05013396485675577,-1.5915720823483621,1.5981577180357467,-2.9617065766472077,-1.4187137376807069,-0.04170373301059352
1780433546.908652067,-0.03241484111247317,-1.5841032317603485,1.584004203306519,-3.1414992046234054,-1.4544590377385367,6.49149111577671e-05,-0.04846730327763167,-1.5915374792027892,1.5988884260614142,-2.9619631734571974,-1.4211785876668115,-0.04190696701755379
1780433546.958571196,-0.03181391796887567,-1.583886312211816,1.5837903163852913,-3.1415016110052316,-1.4566113315705804,5.869397529302579e-05,-0.046960094499338315,-1.5915054426902557,1.599487537214747,-2.9621903179078077,-1.4234780038012005,-0.04208356746177948
1780433547.008577824,-0.03126105173010707,-1.583685747097551,1.5835925180928538,-3.141503827048243,-1.4585915101204687,5.307037676007434e-05,-0.04559540765004925,-1.5914722930887448,1.5999684597932666,-2.9623937879334017,-1.425634402774438,-0.04223168762619402
1780433547.058645964,-0.03075306135700906,-1.5835006230209245,1.5834099158456951,-3.141505863805785,-1.4604109712814202,4.7986545618166436e-05,-0.04435843200453105,-1.59143507801378,1.6003433901151638,-2.9625785459608673,-1.4276674743151534,-0.04234981066853877
1780433547.108828545,-0.03075306135700906,-1.5835006230209245,1.5834099158456951,-3.141505863805785,-1.4604109712814202,4.7986545618166436e-05,-0.043236205672186875,-1.5913914795534287,1.600623424180935,-2.962748831580577,-1.4295944381075807,-0.04243670966377411
1780433547.158893108,-0.030286913712109786,-1.5833300408714193,1.5832416300200054,-3.141507732340057,-1.4620805805676937,4.339049971681431e-05,-0.04197708690149797,-1.5913251940534865,1.6008551587512907,-2.962946749085682,-1.4318775748653463,-0.04249996028825998
1780433547.208556414,-0.029859728532730223,-1.5831731229582715,1.5830868010835601,-3.141509443531919,-1.4636106541526397,3.923529517577254e-05,-0.04107243175835032,-1.5912611169161597,1.6009568797936058,-2.9630967446764416,-1.4336198724419835,-0.042513393090198096
1780433547.258513927,-0.029468780183176335,-1.5830290184189586,1.5829445950306762,-3.1415110079455,-1.4650109532295286,3.5478532148331e-05,-0.040249254640911766,-1.5911861735353474,1.6009929942619219,-2.9632419710002567,-1.4353001117563864,-0.042493244148250855
1780433547.308681250,-0.029111496959570715,-1.5828969072023797,1.5828142074112819,-3.141512435735112,-1.4662906869696908,3.20819101362612e-05,-0.039499597468513184,-1.5910997398261957,1.6009707971512133,-2.963384413216236,-1.4369285465415742,-0.042439203714773874
1780433547.358629942,-0.028785458123811836,-1.5827760027187017,1.582694866041622,-3.1415137365870005,-1.4674585234832342,2.90108276665531e-05,-0.03881640503239066,-1.5910014753490795,1.600896923831304,-2.9635256862117507,-1.4385140414683248,-0.042351126563965606
1780433547.408484221,-0.028785458123811836,-1.5827760027187017,1.582694866041622,-3.1415137365870005,-1.4674585234832342,2.90108276665531e-05,-0.03819342659531609,-1.590891281415293,1.6007774085663313,-2.9636670801990737,-1.440064181733113,-0.04222901288789793
1780433547.458645344,-0.02848838986616542,-1.5826655536340901,1.5825858328660405,-3.141514919684383,-1.4685226045163784,2.623402178972154e-05,-0.03776225906927766,-1.5908008336834403,1.600661107781669,-2.963773816468331,-1.4412076573843895,-0.042115160532229245
1780433547.508565903,-0.028218160362699862,-1.5825648449128327,1.5824864050697576,-3.1415159936907635,-1.4694905633143742,2.3723243295350527e-05,-0.03710570926087371,-1.5906354139487044,1.6004226118975802,-2.963953976960287,-1.4430846195985156,-0.04188327575577594
1780433547.558569908,-0.027972773437980436,-1.5824731979634832,1.5823959153004663,-3.141516966750572,-1.4703695474231235,2.145296402314073e-05,-0.03663117730592411,-1.5904902638013905,1.6001966997120507,-2.964100770253564,-1.4445656895043766,-0.04166023812140006
1780433547.608715057,-0.027750362307912724,-1.5823899704770685,1.582313731578564,-3.141517846497189,-1.4711662411617255,1.9400112946183097e-05,-0.03619718083776696,-1.5903341884283595,1.5999439830476483,-2.964250329746026,-1.4460330687358982,-0.04140431571624188
1780433547.658665895,-0.027750362307912724,-1.5823899704770685,1.582313731578564,-3.141517846497189,-1.4711662411617255,1.9400112946183097e-05,-0.03580002689804756,-1.5901677223336037,1.599668137861738,-2.9644028545097867,-1.4474900692896924,-0.041116038383773104
1780433547.708717823,-0.027549183490789275,-1.5823145560306742,1.5822392569685777,-3.141518640066038,-1.471886887462146,1.754383823575279e-05,-0.035441115172298865,-1.5899973484257375,1.5993782110273569,-2.9645579622658778,-1.4489391818527226,-0.040796929448249926
1780433547.758656263,-0.027371691640521334,-1.582247917771392,1.5821734432649537,-3.141519334080477,-1.4725226911065832,1.5865281651582023e-05,-0.03510280580442016,-1.5898671178560377,1.5991191213051692,-2.9647083818227933,-1.4503930087417853,-0.04045166165520922
1780433547.808650255,-0.02723607185474286,-1.5821969402433211,1.5821230869827676,-3.1415198395027555,-1.4730085069359768,1.4347456323976183e-05,-0.03478040569266875,-1.5897749366203566,1.5988909847656283,-2.964854734388733,-1.4518510604617176,-0.04008130093947349
1780433547.858586073,-0.027130847970938454,-1.5821573536444804,1.582083975718906,-3.141520211702663,-1.4733854416240284,1.2974846092685214e-05,-0.03449486375905388,-1.5896933079618378,1.5986691688476151,-2.9650029097685677,-1.4533032254033278,-0.03968549078338561
1780433547.908793688,-0.027130847970938454,-1.5821573536444804,1.582083975718906,-3.141520211702663,-1.4733854416240284,1.2974846092685214e-05,-0.03416272428766563,-1.5895526061908125,1.5983510500906826,-2.965194917964725,-1.4551142438567384,-0.03914836760223366
1780433547.958539009,-0.02704269828513617,-1.5821241663497654,1.5820511833041404,-3.141520514276238,-1.4737012147361588,1.1733511795817671e-05,-0.03391044945614286,-1.5894101941478338,1.598066414193859,-2.9653530774123547,-1.45655981937203,-0.03868527606026547
1780433548.008535862,-0.02697115364577929,-1.5820972157719684,1.58202454949034,-3.1415207482827827,-1.473957505916335,1.0610963884386685e-05,-0.03367163138113985,-1.5892446958398594,1.5977594911787354,-2.9655147997166384,-1.4580001587709734,-0.03819374028692034
1780433548.058675051,-0.026914485410442168,-1.5820758609224406,1.5820034417179056,-3.141520921081811,-1.4741605068463306,9.595824266904416e-06,-0.03344705943183419,-1.5890590175713752,1.5974339929728978,-2.965679569198528,-1.4594334236786721,-0.037674904306148733
1780433548.108551979,-0.026871148590172922,-1.5820595266727144,1.5819872923123268,-3.1415210391916943,-1.4743157515461487,8.677806969023828e-06,-0.033237097423480924,-1.5888558255217786,1.5970932507578994,-2.965846826295538,-1.4608579758231708,-0.037129915286417875
1780433548.158601999,-0.0268397567394425,-1.5820476951165592,1.5819755899931267,-3.1415211084173627,-1.4744282062728464,7.847612826292069e-06,-0.033041790811164665,-1.5886375652522613,1.5967402558349075,-2.9660159848002485,-1.4622723007599008,-0.03655992854317004
1780433548.208611250,-0.0268397567394425,-1.5820476951165592,1.5819755899931267,-3.1415211084173627,-1.4744282062728464,7.847612826292069e-06,-0.03286094016142566,-1.5884064742609594,1.5963776873539182,-2.9661864446601305,-1.4636749692195186,-0.03596610820253345
1780433548.258714914,-0.026819061362866492,-1.5820398984479853,1.5819678728709627,-3.141521133953403,-1.4745023432486857,7.0968344775361574e-06,-0.03269414647818184,-1.5881645902844204,1.5960079341541158,-2.966357601960012,-1.4650646342193152,-0.03534962708596384
1780433548.308649540,-0.026807934996591065,-1.5820357130811562,1.5819637226642786,-3.1415211204673588,-1.4745422012336782,6.41787049685496e-06,-0.03254088026277843,-1.5879137689600409,1.5956331213289636,-2.966528857669911,-1.4664399706666442,-0.034711664468597726
1780433548.358583212,-0.02680535712766563,-1.582034754729083,1.5819627598574504,-3.141521072167825,-1.4745514359384053,5.8038479759377945e-06,-0.032367375420361603,-1.5875902330738585,1.5951603515663126,-2.9667421746566824,-1.4681369741310581,-0.03388581366281233
1780433548.408534288,-0.02681040218897124,-1.5820366741779397,1.5819646395417293,-3.141520992861411,-1.4745333630072155,5.248552462764773e-06,-0.03224220363106161,-1.587325244912499,1.594780749778765,-2.966911538059953,-1.4694752259811474,-0.033203874597608665
1780433548.458601236,-0.026822229529876118,-1.5820411537382304,1.5819690479213238,-3.141520885999453,-1.4744909939284572,4.746364780345454e-06,-0.03212837465187168,-1.5870562597279472,1.5944014864622094,-2.9670791695712175,-1.4707948273532185,-0.03250434280349527
1780433548.508695126,-0.026822229529876118,-1.5820411537382304,1.5819690479213238,-3.141520885999453,-1.4744909939284572,4.746364780345454e-06,-0.03202515323757576,-1.5867844998401575,1.594023824051511,-2.967244557202185,-1.4720944397245432,-0.031788425783888755
1780433548.558750153,-0.026840074817403803,-1.5820479041815476,1.5819756992964367,-3.141520754717247,-1.4744270668240516,4.292203884169486e-06,-0.03193180914913481,-1.5865110680848122,1.5936488709977588,-2.9674072187224816,-1.4733727098447573,-0.031057335036877548
1780433548.608716249,-0.026863242509344687,-1.5820566620388972,1.5819843334013466,-3.1415206018677697,-1.4743440734022162,3.881475209465906e-06,-0.031847626553801446,-1.5862369561640062,1.5932775939422283,-2.9675667030121815,-1.4746282737219607,-0.03031228325281331
1780433548.658805132,-0.0268910993882594,-1.5820671872653698,1.581994713102668,-3.1415204300500967,-1.4742442821123607,3.5100240717987957e-06,-0.031754224950027096,-1.5858947053225698,1.5928199344311555,-2.96776095588965,-1.4761637163263832,-0.02936318370794907
1780433548.708628893,-0.026923068825913,-1.5820792611535097,1.5820066223419254,-3.1415202416340637,-1.474129758685467,3.1740934600680106e-06,-0.03168815006759666,-1.5856221696121224,1.5924598202867488,-2.9679118113794045,-1.4773632067160065,-0.028591151954261464
1780433548.758481503,-0.02695862572305696,-1.5820926844801955,1.5820198643077652,-3.1415200387817404,-1.4740023842568775,2.870285919029124e-06,-0.03162907470816197,-1.5853515085240115,1.592105703301656,-2.9680582510691087,-1.478535577285601,-0.027809093699050533
1780433548.808639526,-0.02695862572305696,-1.5820926844801955,1.5820198643077652,-3.1415200387817404,-1.4740023842568775,2.870285919029124e-06,-0.031576386636250696,-1.5850833268090083,1.5917580826657505,-2.9681999645444535,-1.4796795203601993,-0.027018211106413743
1780433548.858676434,-0.026997292006640805,-1.5821072758470827,1.582034259798521,-3.141519823466133,-1.4738638714935597,2.595529144580043e-06,-0.03152952128969732,-1.58481816197295,1.5914173806922831,-2.9683366754533638,-1.4807937302085186,-0.026219701129662824
1780433548.908607244,-0.027038632564535092,-1.5821228701729444,1.582049645734215,-3.1415195974879437,-1.4737157791551585,2.34704478012925e-06,-0.031487950596380584,-1.5845564864841801,1.5910839468905493,-2.9684681403568245,-1.4818769303711732,-0.025414753321112274
1780433548.958895445,-0.027082251630954346,-1.582139317345864,1.582065873825914,-3.141519362490097,-1.473559525041333,2.1223202991176686e-06,-0.03146875036092427,-1.5847026925666752,1.5910134095940036,-2.968590209957451,-1.4830367698925175,-0.024601618564861965
1780433549.008499622,-0.02674329737423342,-1.5817940124931749,1.5819620411847382,-3.1423811599498843,-1.4747737531850955,1.8494460424884755e-05,-0.03487015448366477,-1.5838619073338966,1.589862113546934,-2.969566576408684,-1.4824812011846977,-0.02389583648035393
1780433549.058485985,-0.02601357170571994,-1.5815756073849094,1.5816829719772476,-3.1421544948679885,-1.4773879279905238,1.3547171992189628e-05,-0.03869782159807723,-1.5803180747351284,1.5866005237189929,-2.9709704655948808,-1.4806185429254715,-0.02346841810749969
1780433549.108633995,-0.02601357170571994,-1.5815756073849094,1.5816829719772476,-3.1421544948679885,-1.4773879279905238,1.3547171992189628e-05,-0.04198607084261292,-1.574867840298361,1.5816814099051335,-2.9726811555276256,-1.4782556133399745,-0.02303896091358177
1780433549.158535719,-0.02544306261613638,-1.5815366905559323,1.5814497997133101,-3.141450878088397,-1.4794318231058172,1.7947526044857952e-07,-0.04380199103583319,-1.5689569334122258,1.5758376634673465,-2.9748265786088903,-1.4754502065757658,-0.022585245809000076
1780433549.208576918,-0.025420295761634293,-1.581506635667365,1.5814434341277814,-3.14153554300982,-1.4795133891378622,1.581998605325758e-06,-0.045336182035091946,-1.561675418155418,1.568666248745212,-2.9772877302021126,-1.4719037812930278,-0.02211979250937842
1780433549.258620977,-0.025420295761634293,-1.5815071796308908,1.5814433766148686,-3.141533386266519,-1.4795133891378622,1.405557186208776e-06,-0.046745312522728025,-1.5533034306728624,1.560400990979833,-2.979997387169791,-1.4676707848056552,-0.021639021463840592
1780433549.308501720,-0.025420295761634293,-1.5815081086286327,1.5814432794845539,-3.141529706868768,-1.4795134011220519,1.2141920836072594e-06,-0.048023487764986765,-1.5441162533085198,1.551281840284886,-2.9828855279197355,-1.46282910184789,-0.02114394681230481
1780433549.358638048,-0.025420295761634293,-1.5815081086286327,1.5814432794845539,-3.141529706868768,-1.4795134011220519,1.2141920836072594e-06,-0.04916809815171332,-1.5343381119957824,1.5415234904587516,-2.9858759970000506,-1.4574587739691522,-0.02063781107057782
1780433549.408597708,-0.025420295761634293,-1.581505857116003,1.581443513879524,-3.141538620600691,-1.4795134011220519,1.2659993357557434e-06,-0.05017908558315278,-1.5241677601023236,1.5312898762308689,-2.988913050935151,-1.4516226025172185,-0.020121782699927995
1780433549.458514452,-0.025420295761634293,-1.5815077306942307,1.581443319792051,-3.1415312065847494,-1.4795134011220519,1.0285439466438246e-06,-0.05125943340819849,-1.5111286868212428,1.5180606489698178,-2.992670826396141,-1.4437763564599855,-0.0194699890586424
1780433549.508495569,-0.025420295761634293,-1.5815062611378794,1.5814434737616272,-3.141537028098408,-1.4795133833786203,1.0439177483369004e-06,-0.05198302022171235,-1.5005863164968662,1.5072710847179434,-2.995579975641384,-1.4371268650112554,-0.018947963916994902
1780433549.558652163,-0.025420295761634293,-1.5815086210805553,1.5814432300237824,-3.141527692136261,-1.47951336796861,7.895839981655621e-07,-0.05258765645235025,-1.4900640581654603,1.4963837292202895,-2.9983637190249666,-1.4301919363502837,-0.01842704780605635
1780433549.608729124,-0.02542030587465849,-1.5815087399992906,1.581443219403513,-3.14152722770087,-1.4795133529062419,7.061572376843523e-07,-0.05308079248546783,-1.4796347733248858,1.4854820769055272,-3.000972865448979,-1.4230211217214168,-0.01791258654553224
1780433549.658465385,-0.02542030587465849,-1.5815108496497494,1.5814430003948043,-3.1415188779015524,-1.4795133529062419,4.85029553988833e-07,-0.05353674805016622,-1.4669945452652993,1.472106936873319,-3.0039169118988163,-1.413866698133693,-0.017287591040185003
1780433549.708702564,-0.02542030587465849,-1.5815108496497494,1.5814430003948043,-3.1415188779015524,-1.4795133529062419,4.85029553988833e-07,-0.05363817299624913,-1.4588948402598492,1.463475617671926,-3.0058066385162454,-1.4072320951367168,-0.016844043095976185
1780433549.758659840,-0.02542030587465849,-1.581510650897335,1.5814430210906076,-3.141519664769699,-1.4795133529062419,4.3829485228544054e-07,-0.053513069136179196,-1.4527618505432516,1.4569007005878967,-3.00726624067047,-1.4013564413413389,-0.0164630801699146
1780433549.808532953,-0.02542030587465849,-1.581510471188185,1.5814430398020543,-3.1415203762401576,-1.4795133529062419,3.960516399343221e-07,-0.05310286263459804,-1.4474654350127079,1.451156490877364,-3.008547303949326,-1.3949712926448294,-0.016074683766109637
1780433549.858664513,-0.02542030587465849,-1.5815103086959166,1.5814430567196198,-3.14152101954461,-1.4795133529062419,3.5786638890508037e-07,-0.05261529199004677,-1.4448458114712714,1.4482497720997396,-3.0091867366164506,-1.3905542160066102,-0.01583293983977703
1780433549.908703327,-0.02542030587465849,-1.581510161770261,1.5814430720153758,-3.1415216012172813,-1.4795133529062419,3.2334775755753515e-07,-0.052018649798909224,-1.4434461438969848,1.446617870293834,-3.0095260099535084,-1.3866913242477092,-0.015650665864625494
1780433549.958725452,-0.02542030587465849,-1.581510028919066,1.5814430858449082,-3.1415221271663523,-1.4795133529062419,2.9214221224182235e-07,-0.051338116882769395,-1.4430897487222172,1.4460780759431517,-3.0096020570790385,-1.3833338662808272,-0.015525722059678638
1780433550.008759975,-0.02542030587465849,-1.581509908793203,1.581443098348887,-3.1415226027336947,-1.4795133529062419,2.6393041925979416e-07,-0.05040144179699459,-1.4438750541832492,1.4466952938032798,-3.009378989012498,-1.3797826618101068,-0.015446481160609956
1780433550.058701515,-0.02542030587465849,-1.581509908793203,1.581443098348887,-3.1415226027336947,-1.4795133529062419,2.6393041925979416e-07,-0.049604469144651706,-1.4453223443507612,1.4480518947854426,-3.008983971542941,-1.3774125800522896,-0.015441495407357857
1780433550.108662844,-0.02542030587465849,-1.5815098001728831,1.5814431096544843,-3.1415230327490327,-1.4795133529062419,2.384239520727706e-07,-0.04878063944466551,-1.4473690340526053,1.45004272924463,-3.008426829635805,-1.3754256126233506,-0.01548554312235967
1780433550.158714294,-0.02542030587465849,-1.581509701955282,1.581443119876671,-3.141523421578942,-1.4795133529062419,2.1536230839897764e-07,-0.047941624225492835,-1.4499115864872278,1.4525607915208985,-3.007732579033327,-1.3737931416852867,-0.015575935440760089
1780433550.208554745,-0.02542030587465849,-1.581509613143349,1.581443119876671,-3.141523773171154,-1.4795133529062419,1.9451020728131645e-07,-0.04688593037096702,-1.4536497642582402,1.4563074933712796,-3.0067057016548637,-1.3722128251870944,-0.015750017399753583
1780433550.258496046,-0.02542030587465849,-1.5815095328356543,1.581443137476553,-3.1415240910947615,-1.4795133529062419,1.7565513360392128e-07,-0.04604511148224153,-1.4569929295462485,1.459685005761238,-3.005780689327892,-1.3712898900598554,-0.015934930257379753
1780433550.308840513,-0.02542030587465849,-1.5815094602172222,1.581443137476553,-3.1415243785765186,-1.4795133529062419,1.5860511674809654e-07,-0.04521415528668799,-1.4605762051332078,1.4633238871370449,-3.0047821106428194,-1.370649256324209,-0.016157597338148626
1780433550.358761311,-0.02542030587465849,-1.5815094602172222,1.581443137476553,-3.1415243785765186,-1.4795133529062419,1.5860511674809654e-07,-0.04439778406257002,-1.4643412232777262,1.4671629432058912,-3.003724767554202,-1.3702736571903515,-0.01641546146224078
1780433550.408714533,-0.02542030587465849,-1.5815093945512402,1.5814431518658842,-3.1415246385336713,-1.4795133529062419,1.4318674487811617e-07,-0.043599682038891474,-1.4682373850863923,1.4711488823137562,-3.002621582662086,-1.3701475846658637,-0.016706009281925255
1780433550.458724737,-0.02542030587465849,-1.5815093351715603,1.5814431518658842,-3.141524873603664,-1.4795133529062419,1.2924335219209621e-07,-0.042631970366267403,-1.473225966087906,1.4762679507724519,-3.0011951262270467,-1.3703196304293552,-0.01711139258504237
1780433550.508730412,-0.02542030587465849,-1.581509281475915,1.5814431636308754,-3.1415250861709936,-1.4795133529062419,1.1663338979266282e-07,-0.04188418979825564,-1.4772665064092791,1.480424598867851,-3.0000276616241877,-1.3707055563321757,-0.017466494896593188
1780433550.558482170,-0.02542030587465849,-1.581509232919787,1.5814431636308754,-3.1415252783914815,-1.4795133529062419,1.052289546245268e-07,-0.040984674029403735,-1.48232843284113,1.485642709365477,-2.9985487955971246,-1.371479447696757,-0.017944936036990634
1780433550.608766079,-0.02542030587465849,-1.5815091890108706,1.5814431636308754,-3.141525452214239,-1.4795133529062419,9.491445553280184e-08,-0.04029423115577282,-1.486355533652925,1.489801155764158,-2.9973584465720373,-1.372318860917884,-0.01835245494618335
1780433550.658575535,-0.02542030587465849,-1.5815091493040523,1.5814431773812598,-3.1415256094014947,-1.4795133529062419,9.491445553280184e-08,-0.03963016960461014,-1.4903393619423495,1.49392004608539,-2.9961679755448833,-1.3733434108915032,-0.01877944898725902
1780433550.708461285,-0.02542030587465849,-1.5815091133968968,1.5814431773812598,-3.1415257515465256,-1.4795133529062419,7.714749832234296e-08,-0.038837301791070034,-1.495231513980686,1.4989837753161677,-2.9946871797715167,-1.374870358658146,-0.0193370386796496
1780433550.758683681,-0.02542030587465849,-1.5815091133968968,1.5814431773812598,-3.1415257515465256,-1.4795133529062419,7.714749832234296e-08,-0.03823255301707162,-1.4990576327740985,1.5029475952411704,-2.9935134226988604,-1.3762782118381478,-0.019799376555426483
1780433550.808499336,-0.02542030587465849,-1.5815090809255397,1.5814431773812598,-3.141525880089866,-1.4795133529062419,7.714749832234296e-08,-0.03765365086534928,-1.5027933841065053,1.5068200637105296,-2.99235310900081,-1.3778425393557532,-0.020273690292541113
1780433550.858649731,-0.02542030587465849,-1.5815090515609915,1.5814431875486603,-3.141525996333988,-1.4795133529062419,6.261173226287179e-08,-0.03710005582947109,-1.506429676281666,1.5105909891987528,-2.9912091567351857,-1.3795552139292862,-0.02075770267351434
1780433550.908708096,-0.02542030587465849,-1.5815090250057944,1.5814431875486603,-3.1415261014565155,-1.4795133529062419,6.261173226287179e-08,-0.03644265532678596,-1.5108245110437162,1.5151497547679165,-2.989805940486545,-1.3818926245171403,-0.02137291177488703
1780433550.958573341,-0.02542030587465849,-1.5815090009909936,1.5814431875486603,-3.1415261965222223,-1.4795133529062419,5.071822688515634e-08,-0.03594351031966244,-1.5142136336780956,1.5186655719240127,-2.9887072162126667,-1.3839103861170448,-0.02187049896124591
1780433551.008489132,-0.02542030587465849,-1.5815089792734005,1.5814431875486603,-3.141526282493871,-1.4795133529062419,5.071822688515634e-08,-0.03535173877622282,-1.518285777663193,1.522889469455169,-2.987366337309622,-1.386604927905957,-0.022495611392898955
1780433551.058647394,-0.02542030587465849,-1.5815089596331307,1.5814431875486603,-3.1415263602419614,-1.4795133529062419,5.071822688515634e-08,-0.03490302870569093,-1.5214094579617612,1.5261286434811323,-2.986321285919328,-1.3888893200203856,-0.022995525726375372
1780433551.108671188,-0.02542030587465849,-1.5815089596331307,1.5814431875486603,-3.1415263602419614,-1.4795133529062419,5.071822688515634e-08,-0.03447535074188869,-1.524412874926715,1.5292418770078577,-2.9853019856012475,-1.391280157526148,-0.023492932902776036
1780433551.158603430,-0.02542030587465849,-1.5815089418713573,1.5814431989572348,-3.141526430553622,-1.4795133529062419,3.680385956850358e-08,-0.03406783669617425,-1.5272959558067205,1.5322288074869677,-2.984309295683597,-1.3937701282147907,-0.023985693862287435
1780433551.208643675,-0.02542030587465849,-1.581508925808298,1.5814431989572348,-3.1415264941405865,-1.4795133529062419,3.680385956850358e-08,-0.03358548582980384,-1.5307316636787762,1.53578563651638,-2.9831068800745486,-1.397010941168556,-0.02459190946663247
1780433551.258559227,-0.02542030587465849,-1.5815089112813885,1.5814431989572348,-3.1415265516464146,-1.4795133529062419,3.680385956850358e-08,-0.033220202949016016,-1.5333473794092658,1.5384911562249777,-2.982176329171793,-1.3996974906206294,-0.02506658339654688
1780433551.308674097,-0.02542030587465849,-1.5815088981436407,1.5814431989572348,-3.141526603653015,-1.4795133529062419,2.6501629520163673e-08,-0.032872329945680394,-1.535847069528728,1.5410742988196533,-2.9812740773740143,-1.4024597549131206,-0.025529923641772572
1780433551.358593941,-0.02542030587465849,-1.581508886262136,1.5814431989572348,-3.141526650686574,-1.4795133529062419,2.6501629520163673e-08,-0.03246074205835174,-1.5388121472689118,1.5441347923283502,-2.9801864301954533,-1.4060082557120226,-0.026090180867789088
1780433551.408623934,-0.02542030587465849,-1.5815088755166826,1.5814431989572348,-3.141526693222914,-1.4795133529062419,2.6501629520163673e-08,-0.03214912649807835,-1.5410598971552387,1.5464518460162877,-2.9793486195538046,-1.4089150147042824,-0.026520940847050516
1780433551.458543777,-0.02542030587465849,-1.5815088755166826,1.5814431989572348,-3.141526731692279,-1.4795133529062419,2.6501629520163673e-08,-0.03178045150771617,-1.5437191268203012,1.549189118948351,-2.978341816856203,-1.4126219759907,-0.02703458486469141
1780433551.508657932,-0.02542030587465849,-1.5815088755166826,1.5814431989572348,-3.141526731692279,-1.4795133529062419,2.6501629520163673e-08,-0.031501316597837524,-1.5457300807494025,1.5512558324145835,-2.9775686973023396,-1.4156379603297817,-0.02742351772053335
1780433551.558627367,-0.02542030587465849,-1.5815088570095988,1.5814431989572348,-3.141526766483749,-1.4795133529062419,2.6501629520163673e-08,-0.031235489694116585,-1.5476412099574972,1.553216990782777,-2.9768241919137757,-1.4186913932747105,-0.027791091489375787
1780433551.608651876,-0.02542030587465849,-1.5815088570095988,1.5814431989572348,-3.1415267979491435,-1.4795133529062419,1.4919796358253665e-08,-0.030982318200698866,-1.549456006120172,1.5550762959923887,-2.9761081311229503,-1.4217755737868707,-0.02813570667560999
1780433551.658576727,-0.02542030587465849,-1.5815088418718766,1.5814432093559858,-3.141526826406607,-1.4795133529062419,1.4919796358253665e-08,-0.030682706405357047,-1.5515944368307073,1.557262949154526,-2.975252716586777,-1.425663987236831,-0.02853188405294572
1780433551.708650589,-0.02542030587465849,-1.5815088418718766,1.5814432093559858,-3.1415268521438384,-1.4795133529062419,1.4919796358253665e-08,-0.03045578283785027,-1.5532054806511635,1.5589069359996452,-2.974599785653103,-1.4287933679815945,-0.028819417542608715
1780433551.758733988,-0.02542030587465849,-1.581508829489807,1.5814432093559858,-3.141526875420999,-1.4795133529062419,1.4919796358253665e-08,-0.030239601759551874,-1.5547317734220503,1.5604614346518453,-2.9739744266936436,-1.431932447975443,-0.029079368207360092
1780433551.808531046,-0.02542030587465849,-1.581508829489807,1.5814432093559858,-3.1415268956462996,-1.4795133529062419,0.0,-0.02998367786987011,-1.556525864745434,1.5622845113741466,-2.973230960679872,-1.4358604954316683,-0.0293636463889741
1780433551.858577013,-0.02542030587465849,-1.581508829489807,1.5814432093559858,-3.1415268956462996,-1.4795133529062419,0.0,-0.029789772335987008,-1.5578743836121847,1.563651515695935,-2.9726663004963387,-1.4389989226764976,-0.02955716625145493
1780433551.908650875,-0.02542030587465849,-1.581508829489807,1.5814432093559858,-3.141526914790864,-1.4795133529062419,0.0,-0.029604986579948672,-1.5591495043828818,1.564941222247546,-2.9721279541670818,-1.4421274081862911,-0.029719441942753607
1780433551.958771229,-0.02542030587465849,-1.5815088152304169,1.5814432093559858,-3.141526932105845,-1.4795133529062419,0.0,-0.02938615312131078,-1.5606452926774521,1.566450148654798,-2.9714913434138954,-1.4460153491839491,-0.029876961745463247
1780433552.008613348,-0.02542030587465849,-1.5815088152304169,1.5814432093559858,-3.141526947766189,-1.4795133529062419,0.0,-0.02922029306049924,-1.5617674146718992,1.5675790102603822,-2.9710105357329777,-1.4491008497414224,-0.029965738160864393
1780433552.058672428,-0.02542030587465849,-1.5815088152304169,1.5814432093559858,-3.1415269619301056,-1.4795133529062419,0.0,-0.02906218651722233,-1.5628267420805093,1.5686419890250762,-2.970554507618709,-1.452158496620297,-0.03002066094519021
1780433552.108683825,-0.02542030587465849,-1.5815088044375143,1.5814432093559858,-3.1415269747406467,-1.4795133529062419,0.0,-0.02887488826996521,-1.5640672570229839,1.569883085295394,-2.9700185330759625,-1.4559336058173464,-0.030040830725330387
1780433552.158505440,-0.02542030587465849,-1.5815088044375143,1.5814432093559858,-3.1415269863271837,-1.4795133529062419,0.0,-0.028732887812642594,-1.5649963524119626,1.570809736709409,-2.969616351721242,-1.4589101669339397,-0.03001761405850407
1780433552.208707333,-0.02542030587465849,-1.5815088044375143,1.5814432093559858,-3.1415269863271837,-1.4795133529062419,0.0,-0.028597493840648375,-1.565872245463778,1.571680836560436,-2.969237218552394,-1.4618429697109196,-0.029959036475942728
1780433552.258480072,-0.02542030587465849,-1.5815088044375143,1.5814432093559858,-3.1415269968067303,-1.4795133529062419,0.0,-0.028437063839338073,-1.5668964461832404,1.5726960586063712,-2.968794854941201,-1.465440672595483,-0.029835733197595464
1780433552.308504581,-0.02542030587465849,-1.5815088044375143,1.5814432093559858,-3.1415269968067303,-1.4795133529062419,0.0,-0.028315408363305126,-1.5676624576328342,1.573452737842151,-2.9684655047864372,-1.4682590623938943,-0.029696877405791657
1780433552.358672142,-0.02542030587465849,-1.5815087942818469,1.5814432093559858,-3.1415270148579904,-1.4795133529062419,0.0,-0.028199395009573736,-1.5683837534803642,1.5741629942502544,-2.9681573344243337,-1.4710200121813186,-0.029522265609992028
1780433552.408568859,-0.02542030587465849,-1.5815087942818469,1.5814432093559858,-3.1415270148579904,-1.4795133529062419,0.0,-0.02808875899750095,-1.5690627203113081,1.5748293913240563,-2.9678697496675657,-1.4737197829333448,-0.02931199710222818
1780433552.458481073,-0.02542030587465849,-1.5815087942818469,1.5814432093559858,-3.1415270296251947,-1.4795133529062419,0.0,-0.02795764425185911,-1.5698553721894601,1.5756044324166338,-2.9675383010431173,-1.4770031350528785,-0.028999334791621173
1780433552.508688450,-0.02542030587465849,-1.5815087942818469,1.5814432093559858,-3.1415270296251947,-1.4795133529062419,0.0,-0.027858208142729643,-1.570447290191482,1.5761809336793726,-2.967294828491147,-1.4795527614090176,-0.028709725777903074
1780433552.558707237,-0.02542030587465849,-1.5815087942818469,1.5814432093559858,-3.1415270296251947,-1.4795133529062419,0.0,-0.02776337896177752,-1.5710039271784986,1.5767211322926349,-2.9670699708301846,-1.4820306338758966,-0.028385476545057447
1780433552.608683825,-0.02542030587465849,-1.5815087942818469,1.5814432093559858,-3.1415270417060506,-1.4795133529062419,0.0,-0.02767294483153984,-1.5715272412532517,1.5772271234266078,-2.9668631141829054,-1.4844339888924027,-0.028027106055024478
1780433552.658645868,-0.02542030587465849,-1.5815087942818469,1.5814432093559858,-3.1415270417060506,-1.4795133529062419,0.0,-0.02756577666769728,-1.5721373556875236,1.5778145338899716,-2.9666289191313937,-1.487329557593864,-0.027532099488923135
1780433552.708659649,-0.02542030587465849,-1.5815087942818469,1.5814432093559858,-3.1415270417060506,-1.4795133529062419,0.0,-0.027484509360666053,-1.5725923741958656,1.5782506918074506,-2.9664603120408293,-1.489556344015804,-0.027099325981930097
1780433552.758733988,-0.02542030587465849,-1.581508783908541,1.5814432093559858,-3.1415270558350503,-1.4795133529062419,0.0,-0.027407016896350056,-1.573019804885278,1.5786587587865668,-2.9663077029628293,-1.4917012286820213,-0.02663473826221676
1780433552.808631182,-0.02542030587465849,-1.581508783908541,1.5814432093559858,-3.1415270558350503,-1.4795133529062419,0.0,-0.027333127324082603,-1.5734212304013697,1.579040415975448,-2.966170476903005,-1.4937624264241096,-0.02613922493035778
1780433552.858553648,-0.02542030587465849,-1.581508783908541,1.5814432093559858,-3.1415270558350503,-1.4795133529062419,0.0,-0.027262677245238724,-1.573798151240407,1.5793972553264704,-2.9660480218310634,-1.4957383774975461,-0.02561375363092903
1780433552.908678055,-0.02542030587465849,-1.581508783908541,1.5814432093559858,-3.1415270558350503,-1.4795133529062419,0.0,-0.027195511224672717,-1.5741519893762295,1.579730783278801,-2.965939729404886,-1.4976277449619786,-0.025059367129098457
1780433552.958651304,-0.02542030587465849,-1.581508783908541,1.5814432093559858,-3.141527066290492,-1.4795133529062419,0.0,-0.027131481354299117,-1.574484091397193,1.580042424278112,-2.9658449958656594,-1.4994294115054452,-0.024477179432184155
1780433553.008645773,-0.02542030587465849,-1.581508783908541,1.5814432093559858,-3.141527066290492,-1.4795133529062419,0.0,-0.02705563937386067,-1.5748705908543732,1.580403241082915,-2.965744733873014,-1.5015568117128621,-0.02371215265285613
1780433553.058618069,-0.02542030587465849,-1.581508783908541,1.5814432093559858,-3.141527066290492,-1.4795133529062419,0.0,-0.026998159371820592,-1.575158347890671,1.5806704452929488,-2.9656783272243485,-1.5031581769346944,-0.023071822068165215
1780433553.108633757,-0.02542030587465849,-1.581508783908541,1.5814432093559858,-3.141527066290492,-1.4795133529062419,0.0,-0.026943380951735065,-1.5754282664835326,1.5809198690152264,-2.9656235573560883,-1.5046696796511374,-0.02240775020560843
1780433553.158593178,-0.02542030587465849,-1.581508783908541,1.5814432093559858,-3.141527066290492,-1.4795133529062419,0.0,-0.02689118332742889,-1.5756814096935328,1.5811526273041556,-2.9655798480059397,-1.506091090239129,-0.021721305670597664
