Time_sec,Roll_deg,Pitch_deg,Yaw_deg
33.06,2.621e-07,5.78861e-08,1.48462e-15
33.07,2.621e-07,5.78861e-08,1.48525e-15
33.08,2.621e-07,5.78861e-08,1.48529e-15
33.09,2.621e-07,5.78861e-08,1.48731e-15
33.1,2.621e-07,5.78861e-08,1.48697e-15
33.11,2.621e-07,5.78862e-08,1.48837e-15
33.12,2.621e-07,5.7886e-08,1.49031e-15
33.13,2.621e-07,5.78861e-08,1.49133e-15
33.14,2.621e-07,5.7886e-08,1.49295e-15
33.15,2.621e-07,5.7886e-08,1.49297e-15
33.16,2.621e-07,5.78862e-08,1.49342e-15
33.17,2.621e-07,5.78861e-08,1.49474e-15
33.18,2.621e-07,5.78861e-08,1.49536e-15
33.19,2.621e-07,5.78861e-08,1.49628e-15
33.2,2.621e-07,5.78861e-08,1.4982e-15
33.21,2.621e-07,5.78861e-08,1.49881e-15
33.22,2.621e-07,5.78861e-08,1.49933e-15
33.23,2.621e-07,5.78862e-08,1.50098e-15
33.24,2.621e-07,5.78861e-08,1.50287e-15
33.25,2.621e-07,5.7886e-08,1.50325e-15
33.26,2.621e-07,5.78861e-08,1.50325e-15
33.27,2.621e-07,5.78861e-08,1.50523e-15
33.28,2.621e-07,5.7886e-08,1.50538e-15
33.29,2.621e-07,5.78861e-08,1.50594e-15
33.3,2.621e-07,5.78862e-08,1.50619e-15
33.31,2.621e-07,5.78862e-08,1.50793e-15
33.32,2.621e-07,5.78861e-08,1.50847e-15
33.33,2.621e-07,5.7886e-08,1.50975e-15
33.34,2.621e-07,5.7886e-08,1.51044e-15
33.35,2.621e-07,5.78861e-08,1.5119e-15
33.36,2.621e-07,5.7886e-08,1.51244e-15
33.37,2.621e-07,5.78861e-08,1.5128e-15
33.38,2.621e-07,5.78861e-08,1.51414e-15
33.39,2.621e-07,5.78861e-08,1.51536e-15
33.4,2.621e-07,5.78862e-08,1.51651e-15
33.41,2.621e-07,5.78861e-08,1.51731e-15
33.42,2.621e-07,5.78862e-08,1.51831e-15
33.43,2.621e-07,5.78861e-08,1.51983e-15
33.44,2.621e-07,5.78861e-08,1.52012e-15
33.45,2.621e-07,5.78861e-08,1.52155e-15
33.46,2.621e-07,5.78862e-08,1.5224e-15
33.47,2.621e-07,5.78861e-08,1.52395e-15
33.48,2.621e-07,5.78862e-08,1.52372e-15
33.49,2.621e-07,5.78861e-08,1.52455e-15
33.5,2.621e-07,5.7886e-08,1.52573e-15
33.51,2.621e-07,5.78861e-08,1.5271e-15
33.52,2.621e-07,5.78861e-08,1.52811e-15
33.53,2.621e-07,5.78861e-08,1.52937e-15
33.54,2.621e-07,5.78861e-08,1.53137e-15
33.55,2.621e-07,5.7886e-08,1.53196e-15
33.56,2.621e-07,5.78861e-08,1.5315e-15
33.57,2.621e-07,5.78861e-08,1.53317e-15
33.58,2.621e-07,5.78861e-08,1.53318e-15
33.59,2.621e-07,5.78861e-08,1.53454e-15
33.6,2.621e-07,5.78861e-08,1.53527e-15
33.61,2.621e-07,5.78861e-08,1.53698e-15
33.62,2.621e-07,5.78861e-08,1.53791e-15
33.63,2.621e-07,5.78861e-08,1.539e-15
33.64,2.621e-07,5.7886e-08,1.54142e-15
33.65,2.621e-07,5.78861e-08,1.54117e-15
33.66,2.621e-07,5.7886e-08,1.54223e-15
33.67,2.621e-07,5.78861e-08,1.54225e-15
33.68,2.621e-07,5.78861e-08,1.54226e-15
33.69,2.621e-07,5.7886e-08,1.5419e-15
33.7,2.621e-07,5.78861e-08,1.54257e-15
33.71,2.621e-07,5.78862e-08,1.54365e-15
33.72,2.621e-07,5.78861e-08,1.54533e-15
33.73,2.621e-07,5.78861e-08,1.5448e-15
33.74,2.621e-07,5.78861e-08,1.5461e-15
33.75,2.621e-07,5.78861e-08,1.54633e-15
33.76,2.621e-07,5.78861e-08,1.54835e-15
33.77,2.621e-07,5.78861e-08,1.54873e-15
33.78,2.621e-07,5.78861e-08,1.54906e-15
33.79,2.621e-07,5.78861e-08,1.54893e-15
33.8,2.621e-07,5.78861e-08,1.54936e-15
33.81,2.621e-07,5.78861e-08,1.55034e-15
33.82,2.621e-07,5.78861e-08,1.55212e-15
33.83,2.621e-07,5.78861e-08,1.55309e-15
33.84,2.621e-07,5.7886e-08,1.55383e-15
33.85,2.621e-07,5.78861e-08,1.55463e-15
33.86,2.621e-07,5.78861e-08,1.55517e-15
33.87,2.621e-07,5.78861e-08,1.55712e-15
33.88,2.621e-07,5.78861e-08,1.5567e-15
33.89,2.621e-07,5.78861e-08,1.55875e-15
33.9,2.621e-07,5.78861e-08,1.55957e-15
33.91,2.621e-07,5.78861e-08,1.56099e-15
33.92,2.621e-07,5.78861e-08,1.5626e-15
33.93,2.621e-07,5.78861e-08,1.5633e-15
33.94,2.621e-07,5.78861e-08,1.56421e-15
33.95,2.621e-07,5.78862e-08,1.56451e-15
33.96,2.621e-07,5.78861e-08,1.56545e-15
33.97,2.621e-07,5.78861e-08,1.56545e-15
33.98,2.621e-07,5.78861e-08,1.5662e-15
33.99,2.621e-07,5.78861e-08,1.56629e-15
34,2.621e-07,5.78861e-08,1.56747e-15
34.01,2.621e-07,5.78861e-08,1.56764e-15
34.02,2.621e-07,5.78861e-08,1.56925e-15
34.03,2.621e-07,5.78861e-08,1.5689e-15
34.04,2.621e-07,5.78861e-08,1.57057e-15
34.05,2.621e-07,5.78861e-08,1.57188e-15
34.06,2.621e-07,5.78861e-08,1.57224e-15
34.07,2.621e-07,5.78861e-08,1.5725e-15
34.08,2.621e-07,5.78861e-08,1.57324e-15
34.09,2.621e-07,5.78861e-08,1.57348e-15
34.1,2.621e-07,5.78861e-08,1.57355e-15
34.11,2.621e-07,5.78861e-08,1.57565e-15
34.12,2.621e-07,5.78861e-08,1.57641e-15
34.13,2.621e-07,5.78861e-08,1.57846e-15
34.14,2.621e-07,5.78861e-08,1.57815e-15
34.15,2.621e-07,5.78861e-08,1.57941e-15
34.16,2.621e-07,5.78861e-08,1.5806e-15
34.17,2.621e-07,5.78861e-08,1.58098e-15
34.18,2.621e-07,5.78861e-08,1.58286e-15
34.19,2.621e-07,5.78861e-08,1.58393e-15
34.2,2.621e-07,5.78861e-08,1.5843e-15
34.21,2.621e-07,5.78861e-08,1.58403e-15
34.22,2.621e-07,5.78861e-08,1.58565e-15
34.23,2.621e-07,5.78861e-08,1.58556e-15
34.24,2.621e-07,5.78861e-08,1.5867e-15
34.25,2.621e-07,5.78862e-08,1.58796e-15
34.26,2.621e-07,5.78861e-08,1.5885e-15
34.27,2.621e-07,5.78861e-08,1.58888e-15
34.28,2.621e-07,5.78862e-08,1.58997e-15
34.29,2.621e-07,5.78861e-08,1.59111e-15
34.3,2.621e-07,5.7886e-08,1.59148e-15
34.31,2.621e-07,5.78861e-08,1.5916e-15
34.32,2.621e-07,5.7886e-08,1.59264e-15
34.33,2.621e-07,5.78862e-08,1.59326e-15
34.34,2.621e-07,5.78861e-08,1.59421e-15
34.35,2.621e-07,5.78861e-08,1.59498e-15
34.36,2.621e-07,5.78861e-08,1.5957e-15
34.37,2.621e-07,5.78861e-08,1.59649e-15
34.38,2.621e-07,5.78862e-08,1.59675e-15
34.39,2.621e-07,5.7886e-08,1.59793e-15
34.4,2.621e-07,5.7886e-08,1.59778e-15
34.41,2.621e-07,5.78861e-08,1.59906e-15
34.42,2.621e-07,5.78861e-08,1.59838e-15
34.43,2.621e-07,5.78861e-08,1.60046e-15
34.44,2.621e-07,5.78861e-08,1.60086e-15
34.45,2.621e-07,5.78861e-08,1.60148e-15
34.46,2.621e-07,5.78861e-08,1.60447e-15
34.47,2.621e-07,5.78861e-08,1.60452e-15
34.48,2.621e-07,5.78861e-08,1.60472e-15
34.49,2.621e-07,5.78861e-08,1.60687e-15
34.5,2.621e-07,5.78861e-08,1.607e-15
34.51,2.621e-07,5.7886e-08,1.60758e-15
34.52,2.621e-07,5.78861e-08,1.60753e-15
34.53,2.621e-07,5.78861e-08,1.60792e-15
34.54,2.621e-07,5.78861e-08,1.60855e-15
34.55,2.621e-07,5.7886e-08,1.6093e-15
34.56,2.621e-07,5.78861e-08,1.61077e-15
34.57,2.621e-07,5.78861e-08,1.61184e-15
34.58,2.621e-07,5.78861e-08,1.61246e-15
34.59,2.621e-07,5.7886e-08,1.61339e-15
34.6,2.621e-07,5.78862e-08,1.61425e-15
34.61,2.621e-07,5.78861e-08,1.61514e-15
34.62,2.621e-07,5.78862e-08,1.61627e-15
34.63,2.621e-07,5.78861e-08,1.61767e-15
34.64,2.621e-07,5.7886e-08,1.61707e-15
34.65,2.621e-07,5.78861e-08,1.61787e-15
34.66,2.621e-07,5.78861e-08,1.61805e-15
34.67,2.621e-07,5.78861e-08,1.6199e-15
34.68,2.621e-07,5.78861e-08,1.62035e-15
34.69,2.621e-07,5.78861e-08,1.62197e-15
34.7,2.621e-07,5.78861e-08,1.62356e-15
34.71,2.621e-07,5.78861e-08,1.62307e-15
34.72,2.621e-07,5.78861e-08,1.62447e-15
34.73,2.621e-07,5.78861e-08,1.62513e-15
34.74,2.621e-07,5.78861e-08,1.62542e-15
34.75,2.621e-07,5.78861e-08,1.62487e-15
34.76,2.621e-07,5.7886e-08,1.62505e-15
34.77,2.621e-07,5.78862e-08,1.62496e-15
34.78,2.621e-07,5.78861e-08,1.62443e-15
34.79,2.621e-07,5.78861e-08,1.62453e-15
34.8,2.621e-07,5.78861e-08,1.62567e-15
34.81,2.621e-07,5.78862e-08,1.62581e-15
34.82,2.621e-07,5.78861e-08,1.62603e-15
34.83,2.621e-07,5.78861e-08,1.62686e-15
34.84,2.621e-07,5.78861e-08,1.62745e-15
34.85,2.621e-07,5.78862e-08,1.62759e-15
34.86,2.621e-07,5.78861e-08,1.62848e-15
34.87,2.621e-07,5.78861e-08,1.6289e-15
34.88,2.621e-07,5.78861e-08,1.62931e-15
34.89,2.621e-07,5.78861e-08,1.63084e-15
34.9,2.621e-07,5.78861e-08,1.63027e-15
34.91,2.621e-07,5.78861e-08,1.63045e-15
34.92,2.621e-07,5.78861e-08,1.63188e-15
34.93,2.621e-07,5.78861e-08,1.63188e-15
34.94,2.621e-07,5.78861e-08,1.63285e-15
34.95,2.621e-07,5.7886e-08,1.63321e-15
34.96,2.621e-07,5.78861e-08,1.6324e-15
34.97,2.621e-07,5.78861e-08,1.63359e-15
34.98,2.621e-07,5.78861e-08,1.63482e-15
34.99,2.621e-07,5.78861e-08,1.63628e-15
35,2.621e-07,5.78861e-08,1.63682e-15
35.01,2.621e-07,5.78861e-08,1.63912e-15
35.02,2.621e-07,5.78861e-08,1.64009e-15
35.03,2.621e-07,5.78862e-08,1.64055e-15
35.04,2.621e-07,5.78861e-08,1.64228e-15
35.05,2.621e-07,5.78862e-08,1.64268e-15
35.06,2.621e-07,5.78861e-08,1.64321e-15
35.07,2.621e-07,5.78861e-08,1.6435e-15
35.08,2.621e-07,5.78861e-08,1.64547e-15
35.09,2.621e-07,5.78861e-08,1.64484e-15
35.1,2.621e-07,5.78861e-08,1.64585e-15
35.11,2.621e-07,5.78861e-08,1.64726e-15
35.12,2.621e-07,5.78861e-08,1.64787e-15
35.13,2.621e-07,5.78861e-08,1.64771e-15
35.14,2.621e-07,5.78861e-08,1.64864e-15
35.15,2.621e-07,5.78861e-08,1.6488e-15
35.16,2.621e-07,5.78861e-08,1.64969e-15
35.17,2.621e-07,5.78861e-08,1.65181e-15
35.18,2.621e-07,5.78861e-08,1.6521e-15
35.19,2.621e-07,5.7886e-08,1.65327e-15
35.2,2.621e-07,5.78861e-08,1.65314e-15
35.21,2.621e-07,5.78861e-08,1.65406e-15
35.22,2.621e-07,5.78861e-08,1.65511e-15
35.23,2.621e-07,5.78861e-08,1.65586e-15
35.24,2.621e-07,5.78861e-08,1.65685e-15
35.25,2.621e-07,5.7886e-08,1.65731e-15
35.26,2.621e-07,5.78861e-08,1.65752e-15
35.27,2.621e-07,5.7886e-08,1.65909e-15
35.28,2.621e-07,5.78861e-08,1.65949e-15
35.29,2.621e-07,5.78861e-08,1.6608e-15
35.3,2.621e-07,5.78861e-08,1.66028e-15
35.31,2.621e-07,5.78861e-08,1.66004e-15
35.32,2.621e-07,5.78861e-08,1.66106e-15
35.33,2.621e-07,5.78861e-08,1.66164e-15
35.34,2.621e-07,5.78861e-08,1.66255e-15
35.35,2.621e-07,5.78861e-08,1.66433e-15
35.36,2.621e-07,5.78861e-08,1.66493e-15
35.37,2.621e-07,5.78861e-08,1.66655e-15
35.38,2.621e-07,5.78861e-08,1.66729e-15
35.39,2.621e-07,5.78861e-08,1.6683e-15
35.4,2.621e-07,5.78861e-08,1.6695e-15
35.41,2.621e-07,5.7886e-08,1.67005e-15
35.42,2.621e-07,5.78861e-08,1.67126e-15
35.43,2.621e-07,5.78861e-08,1.6725e-15
35.44,2.621e-07,5.78861e-08,1.67308e-15
35.45,2.621e-07,5.78861e-08,1.67541e-15
35.46,2.621e-07,5.78861e-08,1.67684e-15
35.47,2.621e-07,5.7886e-08,1.67758e-15
35.48,2.621e-07,5.7886e-08,1.67787e-15
35.49,2.621e-07,5.78861e-08,1.67765e-15
35.5,2.621e-07,5.7886e-08,1.67779e-15
35.51,2.621e-07,5.78861e-08,1.67779e-15
35.52,2.621e-07,5.78861e-08,1.67942e-15
35.53,2.621e-07,5.78861e-08,1.68011e-15
35.54,2.621e-07,5.78861e-08,1.68044e-15
35.55,2.621e-07,5.78861e-08,1.68234e-15
35.56,2.621e-07,5.78861e-08,1.68218e-15
35.57,2.621e-07,5.78861e-08,1.68275e-15
35.58,2.621e-07,5.78861e-08,1.68288e-15
35.59,2.621e-07,5.7886e-08,1.68487e-15
35.6,2.621e-07,5.78861e-08,1.68593e-15
35.61,2.621e-07,5.78862e-08,1.68635e-15
35.62,2.621e-07,5.78861e-08,1.68707e-15
35.63,2.621e-07,5.78861e-08,1.68725e-15
35.64,2.621e-07,5.78861e-08,1.6861e-15
35.65,2.621e-07,5.78861e-08,1.68645e-15
35.66,2.621e-07,5.78861e-08,1.68804e-15
35.67,2.621e-07,5.7886e-08,1.68828e-15
35.68,2.621e-07,5.78861e-08,1.6893e-15
35.69,2.621e-07,5.78861e-08,1.68934e-15
35.7,2.621e-07,5.78861e-08,1.68947e-15
35.71,2.621e-07,5.78861e-08,1.69007e-15
35.72,2.621e-07,5.78861e-08,1.69124e-15
35.73,2.621e-07,5.78861e-08,1.69192e-15
35.74,2.621e-07,5.78861e-08,1.69401e-15
35.75,2.621e-07,5.78861e-08,1.69495e-15
35.76,2.621e-07,5.7886e-08,1.69591e-15
35.77,2.621e-07,5.78861e-08,1.69674e-15
35.78,2.621e-07,5.78861e-08,1.6974e-15
35.79,2.621e-07,5.78861e-08,1.69859e-15
35.8,2.621e-07,5.7886e-08,1.69858e-15
35.81,2.621e-07,5.78861e-08,1.69773e-15
35.82,2.621e-07,5.78861e-08,1.69883e-15
35.83,2.621e-07,5.78861e-08,1.69956e-15
35.84,2.621e-07,5.78861e-08,1.70002e-15
35.85,2.621e-07,5.78862e-08,1.70028e-15
35.86,2.621e-07,5.78861e-08,1.7008e-15
35.87,2.621e-07,5.78861e-08,1.70207e-15
35.88,2.621e-07,5.78861e-08,1.7029e-15
35.89,2.621e-07,5.78861e-08,1.70207e-15
35.9,2.621e-07,5.78862e-08,1.70248e-15
35.91,2.621e-07,5.78861e-08,1.70313e-15
35.92,2.621e-07,5.78861e-08,1.70338e-15
35.93,2.621e-07,5.78861e-08,1.70342e-15
35.94,2.621e-07,5.7886e-08,1.70513e-15
35.95,2.621e-07,5.78861e-08,1.70494e-15
35.96,2.621e-07,5.78861e-08,1.70519e-15
35.97,2.621e-07,5.78861e-08,1.70438e-15
35.98,2.621e-07,5.78861e-08,1.70401e-15
35.99,2.621e-07,5.78861e-08,1.70495e-15
36,2.621e-07,5.78861e-08,1.70598e-15
36.01,2.621e-07,5.78861e-08,1.7063e-15
36.02,2.621e-07,5.78861e-08,1.7055e-15
36.03,2.621e-07,5.78861e-08,1.70668e-15
36.04,2.621e-07,5.78861e-08,1.70695e-15
36.05,2.621e-07,5.78861e-08,1.70724e-15
36.06,2.621e-07,5.78861e-08,1.7084e-15
36.07,2.621e-07,5.78861e-08,1.7084e-15
36.08,2.621e-07,5.78861e-08,1.70872e-15
36.09,2.621e-07,5.78861e-08,1.70989e-15
36.1,2.621e-07,5.78861e-08,1.71103e-15
36.11,2.621e-07,5.78861e-08,1.71064e-15
36.12,2.621e-07,5.7886e-08,1.70933e-15
36.13,2.621e-07,5.78862e-08,1.70872e-15
36.14,2.621e-07,5.78861e-08,1.70944e-15
36.15,2.621e-07,5.78861e-08,1.71052e-15
36.16,2.621e-07,5.7886e-08,1.71111e-15
36.17,2.621e-07,5.78861e-08,1.71117e-15
36.18,2.621e-07,5.78861e-08,1.71192e-15
36.19,2.621e-07,5.78861e-08,1.71311e-15
36.2,2.621e-07,5.78861e-08,1.71366e-15
36.21,2.621e-07,5.78861e-08,1.71338e-15
36.22,2.621e-07,5.78861e-08,1.7141e-15
36.23,2.621e-07,5.78861e-08,1.71327e-15
36.24,2.621e-07,5.7886e-08,1.71369e-15
36.25,2.621e-07,5.78861e-08,1.71405e-15
36.26,2.621e-07,5.78862e-08,1.71496e-15
36.27,2.621e-07,5.78861e-08,1.71532e-15
36.28,2.621e-07,5.7886e-08,1.71489e-15
36.29,2.621e-07,5.78861e-08,1.71534e-15
36.3,2.621e-07,5.78862e-08,1.7157e-15
36.31,2.621e-07,5.7886e-08,1.71645e-15
36.32,2.621e-07,5.7886e-08,1.71722e-15
36.33,2.621e-07,5.78861e-08,1.71748e-15
36.34,2.621e-07,5.7886e-08,1.71838e-15
36.35,2.621e-07,5.7886e-08,1.71828e-15
36.36,2.621e-07,5.78861e-08,1.71776e-15
36.37,2.621e-07,5.7886e-08,1.71891e-15
36.38,2.621e-07,5.78861e-08,1.7181e-15
36.39,2.621e-07,5.78861e-08,1.71874e-15
36.4,2.621e-07,5.78861e-08,1.71981e-15
36.41,2.621e-07,5.78861e-08,1.71978e-15
36.42,2.621e-07,5.78861e-08,1.72041e-15
36.43,2.621e-07,5.7886e-08,1.72091e-15
36.44,2.621e-07,5.78861e-08,1.72156e-15
36.45,2.621e-07,5.78861e-08,1.72286e-15
36.46,2.621e-07,5.78861e-08,1.72277e-15
36.47,2.621e-07,5.78861e-08,1.72444e-15
36.48,2.621e-07,5.78861e-08,1.7249e-15
36.49,2.621e-07,5.7886e-08,1.72529e-15
36.5,2.621e-07,5.7886e-08,1.72514e-15
36.51,2.621e-07,5.7886e-08,1.72534e-15
36.52,2.621e-07,5.78861e-08,1.72479e-15
36.53,2.621e-07,5.78861e-08,1.72568e-15
36.54,2.621e-07,5.78861e-08,1.7261e-15
36.55,2.621e-07,5.78861e-08,1.72643e-15
36.56,2.621e-07,5.78861e-08,1.72694e-15
36.57,2.621e-07,5.78861e-08,1.72626e-15
36.58,2.621e-07,5.78861e-08,1.72589e-15
36.59,2.621e-07,5.78861e-08,1.72703e-15
36.6,2.621e-07,5.78861e-08,1.72654e-15
36.61,2.621e-07,5.78861e-08,1.72682e-15
36.62,2.621e-07,5.78861e-08,1.72631e-15
36.63,2.621e-07,5.78861e-08,1.72619e-15
36.64,2.621e-07,5.78861e-08,1.72767e-15
36.65,2.621e-07,5.78862e-08,1.72809e-15
36.66,2.621e-07,5.7886e-08,1.72954e-15
36.67,2.621e-07,5.7886e-08,1.72925e-15
36.68,2.621e-07,5.78861e-08,1.73009e-15
36.69,2.621e-07,5.78861e-08,1.72992e-15
36.7,2.621e-07,5.78861e-08,1.72924e-15
36.71,2.621e-07,5.78861e-08,1.72944e-15
36.72,2.621e-07,5.78861e-08,1.73076e-15
36.73,2.621e-07,5.78861e-08,1.73037e-15
36.74,2.621e-07,5.78861e-08,1.73063e-15
36.75,2.621e-07,5.78861e-08,1.73048e-15
36.76,2.621e-07,5.78861e-08,1.73062e-15
36.77,2.621e-07,5.78861e-08,1.73198e-15
36.78,2.621e-07,5.7886e-08,1.73313e-15
36.79,2.621e-07,5.78861e-08,1.73335e-15
36.8,2.621e-07,5.7886e-08,1.73372e-15
36.81,2.621e-07,5.78861e-08,1.73397e-15
36.82,2.621e-07,5.78861e-08,1.73485e-15
36.83,2.621e-07,5.7886e-08,1.73599e-15
36.84,2.621e-07,5.78861e-08,1.73574e-15
36.85,2.621e-07,5.78861e-08,1.73587e-15
36.86,2.621e-07,5.78861e-08,1.73631e-15
36.87,2.621e-07,5.78861e-08,1.73705e-15
36.88,2.621e-07,5.78861e-08,1.73858e-15
36.89,2.621e-07,5.7886e-08,1.73905e-15
36.9,2.621e-07,5.78861e-08,1.73895e-15
36.91,2.621e-07,5.78861e-08,1.73998e-15
36.92,2.621e-07,5.78862e-08,1.74098e-15
36.93,2.621e-07,5.78861e-08,1.74179e-15
36.94,2.621e-07,5.78862e-08,1.74135e-15
36.95,2.621e-07,5.78862e-08,1.74238e-15
36.96,2.621e-07,5.78861e-08,1.74301e-15
36.97,2.621e-07,5.7886e-08,1.74315e-15
36.98,2.621e-07,5.78861e-08,1.74294e-15
36.99,2.621e-07,5.78862e-08,1.74252e-15
37,2.621e-07,5.78861e-08,1.74237e-15
37.01,2.621e-07,5.78861e-08,1.74286e-15
37.02,2.621e-07,5.78861e-08,1.74397e-15
37.03,2.621e-07,5.78861e-08,1.74403e-15
37.04,2.621e-07,5.78861e-08,1.74523e-15
37.05,2.621e-07,5.78861e-08,1.74571e-15
37.06,2.621e-07,5.78861e-08,1.74584e-15
37.07,2.621e-07,5.7886e-08,1.74537e-15
37.08,2.621e-07,5.78862e-08,1.74471e-15
37.09,2.621e-07,5.78861e-08,1.74492e-15
37.1,2.621e-07,5.78861e-08,1.74471e-15
37.11,2.621e-07,5.78861e-08,1.74488e-15
37.12,2.621e-07,5.7886e-08,1.74477e-15
37.13,2.621e-07,5.78861e-08,1.74546e-15
37.14,2.621e-07,5.78861e-08,1.74541e-15
37.15,2.621e-07,5.78862e-08,1.74535e-15
37.16,2.621e-07,5.78861e-08,1.74599e-15
37.17,2.621e-07,5.78861e-08,1.74614e-15
37.18,2.621e-07,5.78861e-08,1.74755e-15
37.19,2.621e-07,5.78861e-08,1.74833e-15
37.2,2.621e-07,5.78861e-08,1.74884e-15
37.21,2.621e-07,5.78861e-08,1.74924e-15
37.22,2.621e-07,5.78861e-08,1.74966e-15
37.23,2.621e-07,5.7886e-08,1.75034e-15
37.24,2.621e-07,5.78862e-08,1.75025e-15
37.25,2.621e-07,5.78861e-08,1.75108e-15
37.26,2.621e-07,5.7886e-08,1.75098e-15
37.27,2.621e-07,5.78861e-08,1.75066e-15
37.28,2.621e-07,5.78862e-08,1.75053e-15
37.29,2.621e-07,5.78861e-08,1.75122e-15
37.3,2.621e-07,5.78861e-08,1.75091e-15
37.31,2.621e-07,5.78861e-08,1.75193e-15
37.32,2.621e-07,5.78862e-08,1.75257e-15
37.33,2.621e-07,5.78862e-08,1.75252e-15
37.34,2.621e-07,5.78861e-08,1.75269e-15
37.35,2.621e-07,5.78862e-08,1.75339e-15
37.36,2.621e-07,5.78861e-08,1.75349e-15
37.37,2.621e-07,5.78861e-08,1.75419e-15
37.38,2.621e-07,5.78861e-08,1.75351e-15
37.39,2.621e-07,5.78861e-08,1.7549e-15
37.4,2.621e-07,5.78862e-08,1.75539e-15
37.41,2.621e-07,5.78861e-08,1.75602e-15
37.42,2.621e-07,5.78861e-08,1.75774e-15
37.43,2.621e-07,5.78861e-08,1.7578e-15
37.44,2.621e-07,5.78861e-08,1.75808e-15
37.45,2.621e-07,5.7886e-08,1.75847e-15
37.46,2.621e-07,5.78861e-08,1.75861e-15
37.47,2.621e-07,5.7886e-08,1.75901e-15
37.48,2.621e-07,5.78861e-08,1.75941e-15
37.49,2.621e-07,5.78861e-08,1.75831e-15
37.5,2.621e-07,5.78861e-08,1.75969e-15
37.51,2.621e-07,5.78861e-08,1.7598e-15
37.52,2.621e-07,5.78861e-08,1.7602e-15
37.53,2.621e-07,5.78861e-08,1.75986e-15
37.54,2.621e-07,5.78861e-08,1.76008e-15
37.55,2.621e-07,5.78861e-08,1.76013e-15
37.56,2.621e-07,5.7886e-08,1.75995e-15
37.57,2.621e-07,5.78861e-08,1.76055e-15
37.58,2.621e-07,5.78861e-08,1.76144e-15
37.59,2.621e-07,5.78862e-08,1.76131e-15
37.6,2.621e-07,5.78862e-08,1.76165e-15
37.61,2.621e-07,5.78862e-08,1.76213e-15
37.62,2.621e-07,5.7886e-08,1.76292e-15
37.63,2.621e-07,5.78861e-08,1.76351e-15
37.64,2.621e-07,5.78861e-08,1.7647e-15
37.65,2.621e-07,5.7886e-08,1.76556e-15
37.66,2.621e-07,5.78861e-08,1.76547e-15
37.67,2.621e-07,5.78861e-08,1.76643e-15
37.68,2.621e-07,5.78861e-08,1.7665e-15
37.69,2.621e-07,5.78862e-08,1.76744e-15
37.7,2.621e-07,5.78861e-08,1.76791e-15
37.71,2.621e-07,5.78861e-08,1.76806e-15
37.72,2.621e-07,5.78861e-08,1.7686e-15
37.73,2.621e-07,5.7886e-08,1.76867e-15
37.74,2.621e-07,5.78861e-08,1.76719e-15
37.75,2.621e-07,5.78861e-08,1.76799e-15
37.76,2.621e-07,5.78861e-08,1.76907e-15
37.77,2.621e-07,5.78861e-08,1.7708e-15
37.78,2.621e-07,5.78861e-08,1.77147e-15
37.79,2.621e-07,5.78861e-08,1.77127e-15
37.8,2.621e-07,5.78861e-08,1.77245e-15
37.81,2.621e-07,5.78861e-08,1.77236e-15
37.82,2.621e-07,5.78862e-08,1.77217e-15
37.83,2.621e-07,5.78862e-08,1.77249e-15
37.84,2.621e-07,5.7886e-08,1.77226e-15
37.85,2.621e-07,5.78861e-08,1.77195e-15
37.86,2.621e-07,5.78861e-08,1.77201e-15
37.87,2.621e-07,5.78861e-08,1.77261e-15
37.88,2.621e-07,5.78861e-08,1.77256e-15
37.89,2.621e-07,5.78861e-08,1.77218e-15
37.9,2.621e-07,5.78861e-08,1.77157e-15
37.91,2.621e-07,5.78861e-08,1.77174e-15
37.92,2.621e-07,5.78861e-08,1.77204e-15
37.93,2.621e-07,5.7886e-08,1.77253e-15
37.94,2.621e-07,5.78861e-08,1.77279e-15
37.95,2.621e-07,5.78862e-08,1.77393e-15
37.96,2.621e-07,5.78861e-08,1.77511e-15
37.97,2.621e-07,5.78861e-08,1.77564e-15
37.98,2.621e-07,5.78861e-08,1.77616e-15
37.99,2.621e-07,5.78861e-08,1.77629e-15
38,2.621e-07,5.7886e-08,1.77595e-15
38.01,2.621e-07,5.78861e-08,1.77679e-15
38.02,2.621e-07,5.78861e-08,1.77644e-15
38.03,2.621e-07,5.78861e-08,1.77664e-15
38.04,2.621e-07,5.78861e-08,1.77665e-15
38.05,2.621e-07,5.78861e-08,1.77691e-15
38.06,2.621e-07,5.78861e-08,1.77644e-15
38.07,2.621e-07,5.78861e-08,1.77705e-15
38.08,2.621e-07,5.7886e-08,1.7765e-15
38.09,2.621e-07,5.7886e-08,1.77749e-15
38.1,2.621e-07,5.7886e-08,1.77688e-15
38.11,2.621e-07,5.7886e-08,1.77726e-15
38.12,2.621e-07,5.78862e-08,1.77609e-15
38.13,2.621e-07,5.78861e-08,1.77654e-15
38.14,2.621e-07,5.78861e-08,1.77554e-15
38.15,2.621e-07,5.78862e-08,1.77613e-15
38.16,2.621e-07,5.78861e-08,1.7762e-15
38.17,2.621e-07,5.78861e-08,1.77667e-15
38.18,2.621e-07,5.78861e-08,1.77728e-15
38.19,2.621e-07,5.78861e-08,1.77626e-15
38.2,2.621e-07,5.78861e-08,1.77658e-15
38.21,2.621e-07,5.78861e-08,1.77638e-15
38.22,2.621e-07,5.78861e-08,1.77653e-15
38.23,2.621e-07,5.78861e-08,1.77544e-15
38.24,2.621e-07,5.78861e-08,1.77652e-15
38.25,2.621e-07,5.78861e-08,1.77651e-15
38.26,2.621e-07,5.7886e-08,1.7762e-15
38.27,2.621e-07,5.78862e-08,1.77632e-15
38.28,2.621e-07,5.78861e-08,1.77648e-15
38.29,2.621e-07,5.78862e-08,1.77525e-15
38.3,2.621e-07,5.7886e-08,1.77501e-15
38.31,2.621e-07,5.78861e-08,1.77401e-15
38.32,2.621e-07,5.78861e-08,1.77417e-15
38.33,2.621e-07,5.7886e-08,1.7739e-15
38.34,2.621e-07,5.78862e-08,1.77355e-15
38.35,2.621e-07,5.7886e-08,1.77478e-15
38.36,2.621e-07,5.78861e-08,1.77345e-15
38.37,2.621e-07,5.7886e-08,1.77302e-15
38.38,2.621e-07,5.78862e-08,1.77339e-15
38.39,2.621e-07,5.7886e-08,1.77465e-15
38.4,2.621e-07,5.78861e-08,1.77468e-15
38.41,2.621e-07,5.7886e-08,1.77379e-15
38.42,2.621e-07,5.78861e-08,1.77339e-15
38.43,2.621e-07,5.7886e-08,1.77474e-15
38.44,2.621e-07,5.7886e-08,1.77402e-15
38.45,2.621e-07,5.78861e-08,1.77332e-15
38.46,2.621e-07,5.78861e-08,1.77334e-15
38.47,2.621e-07,5.7886e-08,1.77354e-15
38.48,2.621e-07,5.78861e-08,1.77362e-15
38.49,2.621e-07,5.7886e-08,1.77398e-15
38.5,2.621e-07,5.78861e-08,1.77447e-15
38.51,2.621e-07,5.7886e-08,1.77524e-15
38.52,2.621e-07,5.78861e-08,1.77555e-15
38.53,2.621e-07,5.7886e-08,1.77566e-15
38.54,2.621e-07,5.78861e-08,1.77539e-15
38.55,2.621e-07,5.78861e-08,1.77551e-15
38.56,2.621e-07,5.78861e-08,1.77627e-15
38.57,2.621e-07,5.78861e-08,1.77673e-15
38.58,2.621e-07,5.78861e-08,1.77536e-15
38.59,2.621e-07,5.7886e-08,1.77626e-15
38.6,2.621e-07,5.78861e-08,1.7765e-15
38.61,2.621e-07,5.78861e-08,1.77723e-15
38.62,2.621e-07,5.78861e-08,1.77692e-15
38.63,2.621e-07,5.78861e-08,1.77579e-15
38.64,2.621e-07,5.78861e-08,1.77503e-15
38.65,2.621e-07,5.78861e-08,1.77568e-15
38.66,2.621e-07,5.78861e-08,1.77675e-15
38.67,2.621e-07,5.7886e-08,1.77643e-15
38.68,2.621e-07,5.78861e-08,1.77536e-15
38.69,2.621e-07,5.7886e-08,1.77571e-15
38.7,2.621e-07,5.78861e-08,1.77572e-15
38.71,2.621e-07,5.78861e-08,1.77434e-15
38.72,2.621e-07,5.78861e-08,1.77518e-15
38.73,2.621e-07,5.78862e-08,1.77503e-15
38.74,2.621e-07,5.78861e-08,1.77495e-15
38.75,2.621e-07,5.78862e-08,1.77481e-15
38.76,2.621e-07,5.78861e-08,1.77423e-15
38.77,2.621e-07,5.78862e-08,1.77514e-15
38.78,2.621e-07,5.78861e-08,1.77481e-15
38.79,2.621e-07,5.78861e-08,1.77433e-15
38.8,2.621e-07,5.78861e-08,1.77389e-15
38.81,2.621e-07,5.78861e-08,1.77285e-15
38.82,2.621e-07,5.78861e-08,1.77141e-15
38.83,2.621e-07,5.7886e-08,1.77123e-15
38.84,2.621e-07,5.78862e-08,1.77094e-15
38.85,2.621e-07,5.78861e-08,1.77142e-15
38.86,2.621e-07,5.78861e-08,1.77092e-15
38.87,2.621e-07,5.78861e-08,1.7719e-15
38.88,2.621e-07,5.78861e-08,1.77125e-15
38.89,2.621e-07,5.78861e-08,1.77121e-15
38.9,2.621e-07,5.78861e-08,1.77067e-15
38.91,2.621e-07,5.78861e-08,1.77115e-15
38.92,2.621e-07,5.78861e-08,1.77173e-15
38.93,2.621e-07,5.7886e-08,1.77159e-15
38.94,2.621e-07,5.7886e-08,1.77112e-15
38.95,2.621e-07,5.78861e-08,1.77066e-15
38.96,2.621e-07,5.7886e-08,1.76953e-15
38.97,2.621e-07,5.78861e-08,1.76846e-15
38.98,2.621e-07,5.78861e-08,1.76919e-15
38.99,2.621e-07,5.7886e-08,1.76907e-15
39,2.621e-07,5.78861e-08,1.76963e-15
39.01,2.621e-07,5.78861e-08,1.76881e-15
39.02,2.621e-07,5.7886e-08,1.76819e-15
39.03,2.621e-07,5.78861e-08,1.76797e-15
39.04,2.621e-07,5.78862e-08,1.76787e-15
39.05,2.621e-07,5.7886e-08,1.76845e-15
39.06,2.621e-07,5.78862e-08,1.76862e-15
39.07,2.621e-07,5.7886e-08,1.7696e-15
39.08,2.621e-07,5.78861e-08,1.76924e-15
39.09,2.621e-07,5.7886e-08,1.76897e-15
39.1,2.621e-07,5.7886e-08,1.7688e-15
39.11,2.621e-07,5.78861e-08,1.76867e-15
39.12,2.621e-07,5.78861e-08,1.76759e-15
39.13,2.621e-07,5.78861e-08,1.76783e-15
39.14,2.621e-07,5.78861e-08,1.76774e-15
39.15,2.621e-07,5.78861e-08,1.76914e-15
39.16,2.621e-07,5.7886e-08,1.76971e-15
39.17,2.621e-07,5.78861e-08,1.76969e-15
39.18,2.621e-07,5.78861e-08,1.76963e-15
39.19,2.621e-07,5.78861e-08,1.76927e-15
39.2,2.621e-07,5.78862e-08,1.76801e-15
39.21,2.621e-07,5.78861e-08,1.76795e-15
39.22,2.621e-07,5.78861e-08,1.76901e-15
39.23,2.621e-07,5.78861e-08,1.76922e-15
39.24,2.621e-07,5.78862e-08,1.76926e-15
39.25,2.621e-07,5.78861e-08,1.76984e-15
39.26,2.621e-07,5.78861e-08,1.77015e-15
39.27,2.621e-07,5.78861e-08,1.77069e-15
39.28,2.621e-07,5.7886e-08,1.77041e-15
39.29,2.621e-07,5.7886e-08,1.7692e-15
39.3,2.621e-07,5.78861e-08,1.76925e-15
39.31,2.621e-07,5.78861e-08,1.7704e-15
39.32,2.621e-07,5.78861e-08,1.76978e-15
39.33,2.621e-07,5.7886e-08,1.77085e-15
39.34,2.621e-07,5.78861e-08,1.77036e-15
39.35,2.621e-07,5.78861e-08,1.77095e-15
39.36,2.621e-07,5.7886e-08,1.77121e-15
39.37,2.621e-07,5.78861e-08,1.77074e-15
39.38,2.621e-07,5.78861e-08,1.77069e-15
39.39,2.621e-07,5.78862e-08,1.77102e-15
39.4,2.621e-07,5.7886e-08,1.77192e-15
39.41,2.621e-07,5.78861e-08,1.77213e-15
39.42,2.621e-07,5.7886e-08,1.77124e-15
39.43,2.621e-07,5.78862e-08,1.77137e-15
39.44,2.621e-07,5.7886e-08,1.77159e-15
39.45,2.621e-07,5.78861e-08,1.77104e-15
39.46,2.621e-07,5.78862e-08,1.77209e-15
39.47,2.621e-07,5.78861e-08,1.7718e-15
39.48,2.621e-07,5.78861e-08,1.77172e-15
39.49,2.621e-07,5.78861e-08,1.77108e-15
39.5,2.621e-07,5.7886e-08,1.77185e-15
39.51,2.621e-07,5.78861e-08,1.77197e-15
39.52,2.621e-07,5.78861e-08,1.77115e-15
39.53,2.621e-07,5.78861e-08,1.77253e-15
39.54,2.621e-07,5.78861e-08,1.77219e-15
39.55,2.621e-07,5.78861e-08,1.77205e-15
39.56,2.621e-07,5.78862e-08,1.77196e-15
39.57,2.621e-07,5.7886e-08,1.77249e-15
39.58,2.621e-07,5.78861e-08,1.77288e-15
39.59,2.621e-07,5.78861e-08,1.77258e-15
39.6,2.621e-07,5.78861e-08,1.77264e-15
39.61,2.621e-07,5.7886e-08,1.77325e-15
39.62,2.621e-07,5.78861e-08,1.77371e-15
39.63,2.621e-07,5.78861e-08,1.77433e-15
39.64,2.621e-07,5.78861e-08,1.77404e-15
39.65,2.621e-07,5.78861e-08,1.77429e-15
39.66,2.621e-07,5.78861e-08,1.77341e-15
39.67,2.621e-07,5.78862e-08,1.77299e-15
39.68,2.621e-07,5.78861e-08,1.77255e-15
39.69,2.621e-07,5.78861e-08,1.77255e-15
39.7,2.621e-07,5.78861e-08,1.77172e-15
39.71,2.621e-07,5.78861e-08,1.77136e-15
39.72,2.621e-07,5.78861e-08,1.76977e-15
39.73,2.621e-07,5.78861e-08,1.77013e-15
39.74,2.621e-07,5.7886e-08,1.77037e-15
39.75,2.621e-07,5.7886e-08,1.7696e-15
39.76,2.621e-07,5.7886e-08,1.76969e-15
39.77,2.621e-07,5.78861e-08,1.76913e-15
39.78,2.621e-07,5.78861e-08,1.76975e-15
39.79,2.621e-07,5.78861e-08,1.77029e-15
39.8,2.621e-07,5.78861e-08,1.76942e-15
39.81,2.621e-07,5.78861e-08,1.7702e-15
39.82,2.621e-07,5.78861e-08,1.77018e-15
39.83,2.621e-07,5.7886e-08,1.76989e-15
39.84,2.621e-07,5.78861e-08,1.77065e-15
39.85,2.621e-07,5.78861e-08,1.77091e-15
39.86,2.621e-07,5.78861e-08,1.77058e-15
39.87,2.621e-07,5.78861e-08,1.77095e-15
39.88,2.621e-07,5.78861e-08,1.77163e-15
39.89,2.621e-07,5.78861e-08,1.77197e-15
39.9,2.621e-07,5.7886e-08,1.77159e-15
39.91,2.621e-07,5.78862e-08,1.77061e-15
39.92,2.621e-07,5.78861e-08,1.76984e-15
39.93,2.621e-07,5.7886e-08,1.77024e-15
39.94,2.621e-07,5.78861e-08,1.76947e-15
39.95,2.621e-07,5.78862e-08,1.77078e-15
39.96,2.621e-07,5.78861e-08,1.77096e-15
39.97,2.621e-07,5.7886e-08,1.77043e-15
39.98,2.621e-07,5.78861e-08,1.77002e-15
39.99,2.621e-07,5.7886e-08,1.76979e-15
40,2.621e-07,5.78861e-08,1.76751e-15
40.01,2.621e-07,5.78861e-08,1.76796e-15
40.02,2.621e-07,5.78862e-08,1.76759e-15
40.03,2.621e-07,5.78861e-08,1.76758e-15
40.04,2.621e-07,5.7886e-08,1.76792e-15
40.05,2.621e-07,5.78861e-08,1.769e-15
40.06,2.621e-07,5.78861e-08,1.76914e-15
40.07,2.621e-07,5.78861e-08,1.76872e-15
40.08,2.621e-07,5.78861e-08,1.76943e-15
40.09,2.621e-07,5.78861e-08,1.76979e-15
40.1,2.621e-07,5.78861e-08,1.76926e-15
40.11,2.621e-07,5.78861e-08,1.77011e-15
40.12,2.621e-07,5.78861e-08,1.77022e-15
40.13,2.621e-07,5.78861e-08,1.77093e-15
40.14,2.621e-07,5.78861e-08,1.77109e-15
40.15,2.621e-07,5.78861e-08,1.77032e-15
40.16,2.621e-07,5.78861e-08,1.76976e-15
40.17,2.621e-07,5.78861e-08,1.76966e-15
40.18,2.621e-07,5.78861e-08,1.76886e-15
40.19,2.621e-07,5.78862e-08,1.76845e-15
40.2,2.621e-07,5.78862e-08,1.76894e-15
40.21,2.621e-07,5.78861e-08,1.76905e-15
40.22,2.621e-07,5.78861e-08,1.76885e-15
40.23,2.621e-07,5.78861e-08,1.76921e-15
40.24,2.621e-07,5.78861e-08,1.77011e-15
40.25,2.621e-07,5.78862e-08,1.76965e-15
40.26,2.621e-07,5.7886e-08,1.77008e-15
40.27,2.621e-07,5.78862e-08,1.77009e-15
40.28,2.621e-07,5.7886e-08,1.77077e-15
40.29,2.621e-07,5.78861e-08,1.76982e-15
40.3,2.621e-07,5.78861e-08,1.77003e-15
40.31,2.621e-07,5.78861e-08,1.77072e-15
40.32,2.621e-07,5.78861e-08,1.76964e-15
40.33,2.621e-07,5.78861e-08,1.76928e-15
40.34,2.621e-07,5.78861e-08,1.76901e-15
40.35,2.621e-07,5.78861e-08,1.76925e-15
40.36,2.621e-07,5.78861e-08,1.76832e-15
40.37,2.621e-07,5.78861e-08,1.76849e-15
40.38,2.621e-07,5.78861e-08,1.76867e-15
40.39,2.621e-07,5.7886e-08,1.76963e-15
40.4,2.621e-07,5.78861e-08,1.76928e-15
40.41,2.621e-07,5.78862e-08,1.76996e-15
40.42,2.621e-07,5.78861e-08,1.76978e-15
40.43,2.621e-07,5.78861e-08,1.76962e-15
40.44,2.621e-07,5.78861e-08,1.77075e-15
40.45,2.621e-07,5.7886e-08,1.77156e-15
40.46,2.621e-07,5.78861e-08,1.77122e-15
40.47,2.621e-07,5.78861e-08,1.77114e-15
40.48,2.621e-07,5.78861e-08,1.77101e-15
40.49,2.621e-07,5.78861e-08,1.77006e-15
40.5,2.621e-07,5.7886e-08,1.77101e-15
40.51,2.621e-07,5.78861e-08,1.76989e-15
40.52,2.621e-07,5.78862e-08,1.77041e-15
40.53,2.621e-07,5.7886e-08,1.7709e-15
40.54,2.621e-07,5.78861e-08,1.77028e-15
40.55,2.621e-07,5.78861e-08,1.77049e-15
40.56,2.621e-07,5.78861e-08,1.77094e-15
40.57,2.621e-07,5.78861e-08,1.7714e-15
40.58,2.621e-07,5.78861e-08,1.77162e-15
40.59,2.621e-07,5.7886e-08,1.77175e-15
40.6,2.621e-07,5.7886e-08,1.77136e-15
40.61,2.621e-07,5.78861e-08,1.77051e-15
40.62,2.621e-07,5.78862e-08,1.76999e-15
40.63,2.621e-07,5.78862e-08,1.77109e-15
40.64,2.621e-07,5.78861e-08,1.77064e-15
40.65,2.621e-07,5.7886e-08,1.77201e-15
40.66,2.621e-07,5.78861e-08,1.77161e-15
40.67,2.621e-07,5.78861e-08,1.77118e-15
40.68,2.621e-07,5.78861e-08,1.77097e-15
40.69,2.621e-07,5.78861e-08,1.77149e-15
40.7,2.621e-07,5.78861e-08,1.7719e-15
40.71,2.621e-07,5.78861e-08,1.77173e-15
40.72,2.621e-07,5.78862e-08,1.7721e-15
40.73,2.621e-07,5.78861e-08,1.77151e-15
40.74,2.621e-07,5.78861e-08,1.7713e-15
40.75,2.621e-07,5.7886e-08,1.77242e-15
40.76,2.621e-07,5.78861e-08,1.77157e-15
40.77,2.621e-07,5.78861e-08,1.7716e-15
40.78,2.621e-07,5.78861e-08,1.77114e-15
40.79,2.621e-07,5.78861e-08,1.77048e-15
40.8,2.621e-07,5.7886e-08,1.77065e-15
40.81,2.621e-07,5.78861e-08,1.77053e-15
40.82,2.621e-07,5.78862e-08,1.77065e-15
40.83,2.621e-07,5.78861e-08,1.77142e-15
40.84,2.621e-07,5.78861e-08,1.7714e-15
40.85,2.621e-07,5.78861e-08,1.77165e-15
40.86,2.621e-07,5.78861e-08,1.7711e-15
40.87,2.621e-07,5.7886e-08,1.77108e-15
40.88,2.621e-07,5.78861e-08,1.77173e-15
40.89,2.621e-07,5.78861e-08,1.77174e-15
40.9,2.621e-07,5.78861e-08,1.77214e-15
40.91,2.621e-07,5.78861e-08,1.77251e-15
40.92,2.621e-07,5.78861e-08,1.77308e-15
40.93,2.621e-07,5.78861e-08,1.77326e-15
40.94,2.621e-07,5.7886e-08,1.77301e-15
40.95,2.621e-07,5.78861e-08,1.77347e-15
40.96,2.621e-07,5.78861e-08,1.77365e-15
40.97,2.621e-07,5.78861e-08,1.77342e-15
40.98,2.621e-07,5.78861e-08,1.7738e-15
40.99,2.621e-07,5.78861e-08,1.77444e-15
41,2.621e-07,5.78861e-08,1.77517e-15
41.01,2.621e-07,5.7886e-08,1.77479e-15
41.02,2.621e-07,5.78862e-08,1.77316e-15
41.03,2.621e-07,5.78861e-08,1.77326e-15
41.04,2.621e-07,5.78861e-08,1.77407e-15
41.05,2.621e-07,5.7886e-08,1.77445e-15
41.06,2.621e-07,5.78861e-08,1.77387e-15
41.07,2.621e-07,5.78862e-08,1.77491e-15
41.08,2.621e-07,5.78861e-08,1.77444e-15
41.09,2.621e-07,5.78861e-08,1.77467e-15
41.1,2.621e-07,5.78861e-08,1.77364e-15
41.11,2.621e-07,5.78862e-08,1.77321e-15
41.12,2.621e-07,5.78861e-08,1.77281e-15
41.13,2.621e-07,5.78861e-08,1.77257e-15
41.14,2.621e-07,5.7886e-08,1.77274e-15
41.15,2.621e-07,5.78862e-08,1.77349e-15
41.16,2.621e-07,5.78861e-08,1.77315e-15
41.17,2.621e-07,5.78861e-08,1.77353e-15
41.18,2.621e-07,5.7886e-08,1.7732e-15
41.19,2.621e-07,5.7886e-08,1.77343e-15
41.2,2.621e-07,5.7886e-08,1.7737e-15
41.21,2.621e-07,5.78861e-08,1.77295e-15
41.22,2.621e-07,5.78861e-08,1.77279e-15
41.23,2.621e-07,5.78861e-08,1.77361e-15
41.24,2.621e-07,5.78861e-08,1.77354e-15
41.25,2.621e-07,5.78861e-08,1.77288e-15
41.26,2.621e-07,5.78861e-08,1.77244e-15
41.27,2.621e-07,5.78861e-08,1.77293e-15
41.28,2.621e-07,5.78862e-08,1.77239e-15
41.29,2.621e-07,5.78861e-08,1.7718e-15
41.3,2.621e-07,5.78861e-08,1.77238e-15
41.31,2.621e-07,5.78862e-08,1.77256e-15
41.32,2.621e-07,5.78861e-08,1.77192e-15
41.33,2.621e-07,5.78861e-08,1.77354e-15
41.34,2.621e-07,5.78861e-08,1.77263e-15
41.35,2.621e-07,5.78862e-08,1.77347e-15
41.36,2.621e-07,5.78861e-08,1.77396e-15
41.37,2.621e-07,5.78861e-08,1.77349e-15
41.38,2.621e-07,5.78861e-08,1.77304e-15
41.39,2.621e-07,5.78862e-08,1.77348e-15
41.4,2.621e-07,5.7886e-08,1.77305e-15
41.41,2.621e-07,5.7886e-08,1.77307e-15
41.42,2.621e-07,5.78861e-08,1.77282e-15
41.43,2.621e-07,5.78861e-08,1.77432e-15
41.44,2.621e-07,5.7886e-08,1.77513e-15
41.45,2.621e-07,5.78862e-08,1.77495e-15
41.46,2.621e-07,5.7886e-08,1.77521e-15
41.47,2.621e-07,5.78861e-08,1.77525e-15
41.48,2.621e-07,5.7886e-08,1.7753e-15
41.49,2.621e-07,5.7886e-08,1.775e-15
41.5,2.621e-07,5.7886e-08,1.7754e-15
41.51,2.621e-07,5.78861e-08,1.77542e-15
41.52,2.621e-07,5.78862e-08,1.77478e-15
41.53,2.621e-07,5.78861e-08,1.77425e-15
41.54,2.621e-07,5.78861e-08,1.77448e-15
41.55,2.621e-07,5.78861e-08,1.7751e-15
41.56,2.621e-07,5.7886e-08,1.77504e-15
41.57,2.621e-07,5.7886e-08,1.77586e-15
41.58,2.621e-07,5.78861e-08,1.77553e-15
41.59,2.621e-07,5.78861e-08,1.77563e-15
41.6,2.621e-07,5.78861e-08,1.7759e-15
41.61,2.621e-07,5.78861e-08,1.77523e-15
41.62,2.621e-07,5.78861e-08,1.77602e-15
41.63,2.621e-07,5.78861e-08,1.77502e-15
41.64,2.621e-07,5.78862e-08,1.77455e-15
41.65,2.621e-07,5.78861e-08,1.7743e-15
41.66,2.621e-07,5.78861e-08,1.77367e-15
41.67,2.621e-07,5.78861e-08,1.77448e-15
41.68,2.621e-07,5.78861e-08,1.77453e-15
41.69,2.621e-07,5.78861e-08,1.77531e-15
41.7,2.621e-07,5.78861e-08,1.77506e-15
41.71,2.621e-07,5.78861e-08,1.7751e-15
41.72,2.621e-07,5.78861e-08,1.77437e-15
41.73,2.621e-07,5.78861e-08,1.77453e-15
41.74,2.621e-07,5.78861e-08,1.77406e-15
41.75,2.621e-07,5.78861e-08,1.77495e-15
41.76,2.621e-07,5.78861e-08,1.77556e-15
41.77,2.621e-07,5.78861e-08,1.77483e-15
41.78,2.621e-07,5.78861e-08,1.77607e-15
41.79,2.621e-07,5.78861e-08,1.77661e-15
41.8,2.621e-07,5.78861e-08,1.77598e-15
41.81,2.621e-07,5.78861e-08,1.77559e-15
41.82,2.621e-07,5.78861e-08,1.77532e-15
41.83,2.621e-07,5.78861e-08,1.77473e-15
41.84,2.621e-07,5.78861e-08,1.77422e-15
41.85,2.621e-07,5.78861e-08,1.77346e-15
41.86,2.621e-07,5.78861e-08,1.77417e-15
41.87,2.621e-07,5.78861e-08,1.774e-15
41.88,2.621e-07,5.7886e-08,1.77319e-15
41.89,2.621e-07,5.78861e-08,1.77267e-15
41.9,2.621e-07,5.78862e-08,1.77277e-15
41.91,2.621e-07,5.78861e-08,1.77254e-15
41.92,2.621e-07,5.78862e-08,1.77228e-15
41.93,2.621e-07,5.78861e-08,1.77304e-15
41.94,2.621e-07,5.78861e-08,1.77327e-15
41.95,2.621e-07,5.78861e-08,1.77325e-15
41.96,2.621e-07,5.7886e-08,1.77449e-15
41.97,2.621e-07,5.78861e-08,1.77364e-15
41.98,2.621e-07,5.78861e-08,1.77308e-15
41.99,2.621e-07,5.78861e-08,1.77198e-15
42,2.621e-07,5.78861e-08,1.77155e-15
42.01,2.621e-07,5.78861e-08,1.77151e-15
42.02,2.621e-07,5.78861e-08,1.77186e-15
42.03,2.621e-07,5.78861e-08,1.7717e-15
42.04,2.621e-07,5.78861e-08,1.77129e-15
42.05,2.621e-07,5.78861e-08,1.77111e-15
42.06,2.621e-07,5.78861e-08,1.77154e-15
42.07,2.621e-07,5.78861e-08,1.7721e-15
42.08,2.621e-07,5.78861e-08,1.77265e-15
42.09,2.621e-07,5.78861e-08,1.77444e-15
42.1,2.621e-07,5.78861e-08,1.77507e-15
42.11,2.621e-07,5.78861e-08,1.77566e-15
42.12,2.621e-07,5.78861e-08,1.77638e-15
42.13,2.621e-07,5.78861e-08,1.77736e-15
42.14,2.621e-07,5.7886e-08,1.77784e-15
42.15,2.621e-07,5.78861e-08,1.77732e-15
42.16,2.621e-07,5.78862e-08,1.7782e-15
42.17,2.621e-07,5.78861e-08,1.77857e-15
42.18,2.621e-07,5.78861e-08,1.77987e-15
42.19,2.621e-07,5.78862e-08,1.78018e-15
42.2,2.621e-07,5.78861e-08,1.78058e-15
42.21,2.621e-07,5.7886e-08,1.78168e-15
42.22,2.621e-07,5.78862e-08,1.78187e-15
42.23,2.621e-07,5.78861e-08,1.78251e-15
42.24,2.621e-07,5.7886e-08,1.78282e-15
42.25,2.621e-07,5.78861e-08,1.783e-15
42.26,2.621e-07,5.78862e-08,1.78357e-15
42.27,2.621e-07,5.78861e-08,1.78341e-15
42.28,2.621e-07,5.78861e-08,1.78497e-15
42.29,2.621e-07,5.78861e-08,1.78595e-15
42.3,2.621e-07,5.7886e-08,1.78631e-15
42.31,2.621e-07,5.78861e-08,1.78622e-15
42.32,2.621e-07,5.78861e-08,1.78758e-15
42.33,2.621e-07,5.78861e-08,1.78665e-15
42.34,2.621e-07,5.78861e-08,1.78804e-15
42.35,2.621e-07,5.78862e-08,1.78812e-15
42.36,2.621e-07,5.78861e-08,1.78849e-15
42.37,2.621e-07,5.78861e-08,1.78989e-15
42.38,2.621e-07,5.78861e-08,1.79012e-15
42.39,2.621e-07,5.78861e-08,1.79076e-15
42.4,2.621e-07,5.7886e-08,1.79111e-15
42.41,2.621e-07,5.78861e-08,1.79113e-15
42.42,2.621e-07,5.7886e-08,1.79187e-15
42.43,2.621e-07,5.78861e-08,1.79193e-15
42.44,2.621e-07,5.78861e-08,1.79058e-15
42.45,2.621e-07,5.78861e-08,1.79238e-15
42.46,2.621e-07,5.78861e-08,1.79235e-15
42.47,2.621e-07,5.78861e-08,1.79283e-15
42.48,2.621e-07,5.78861e-08,1.79268e-15
42.49,2.621e-07,5.78861e-08,1.7931e-15
42.5,2.621e-07,5.78861e-08,1.79337e-15
42.51,2.621e-07,5.7886e-08,1.79385e-15
42.52,2.621e-07,5.78861e-08,1.79491e-15
42.53,2.621e-07,5.78861e-08,1.79548e-15
42.54,2.621e-07,5.78862e-08,1.79564e-15
42.55,2.621e-07,5.78862e-08,1.79641e-15
42.56,2.621e-07,5.78862e-08,1.7971e-15
42.57,2.621e-07,5.7886e-08,1.79803e-15
42.58,2.621e-07,5.78861e-08,1.79845e-15
42.59,2.621e-07,5.78861e-08,1.79986e-15
42.6,2.621e-07,5.7886e-08,1.80083e-15
42.61,2.621e-07,5.78861e-08,1.80116e-15
42.62,2.621e-07,5.78861e-08,1.80176e-15
42.63,2.621e-07,5.78861e-08,1.80181e-15
42.64,2.621e-07,5.78862e-08,1.80287e-15
42.65,2.621e-07,5.78861e-08,1.80333e-15
42.66,2.621e-07,5.78861e-08,1.80336e-15
42.67,2.621e-07,5.78861e-08,1.80419e-15
42.68,2.621e-07,5.7886e-08,1.80451e-15
42.69,2.621e-07,5.78861e-08,1.8032e-15
42.7,2.621e-07,5.78861e-08,1.80433e-15
42.71,2.621e-07,5.78861e-08,1.80536e-15
42.72,2.621e-07,5.78861e-08,1.80713e-15
42.73,2.621e-07,5.78861e-08,1.80777e-15
42.74,2.621e-07,5.78861e-08,1.80804e-15
42.75,2.621e-07,5.78861e-08,1.80947e-15
42.76,2.621e-07,5.78861e-08,1.80974e-15
42.77,2.621e-07,5.78862e-08,1.80977e-15
42.78,2.621e-07,5.78862e-08,1.80974e-15
42.79,2.621e-07,5.7886e-08,1.80956e-15
42.8,2.621e-07,5.78861e-08,1.80894e-15
42.81,2.621e-07,5.78861e-08,1.80872e-15
42.82,2.621e-07,5.78861e-08,1.80986e-15
42.83,2.621e-07,5.78861e-08,1.81011e-15
42.84,2.621e-07,5.78861e-08,1.81052e-15
42.85,2.621e-07,5.78861e-08,1.81014e-15
42.86,2.621e-07,5.78861e-08,1.81062e-15
42.87,2.621e-07,5.78861e-08,1.81114e-15
42.88,2.621e-07,5.7886e-08,1.81166e-15
42.89,2.621e-07,5.78861e-08,1.81191e-15
42.9,2.621e-07,5.78862e-08,1.8128e-15
42.91,2.621e-07,5.78861e-08,1.81439e-15
42.92,2.621e-07,5.78861e-08,1.81533e-15
42.93,2.621e-07,5.78861e-08,1.81665e-15
42.94,2.621e-07,5.78861e-08,1.81728e-15
42.95,2.621e-07,5.7886e-08,1.81732e-15
42.96,2.621e-07,5.78861e-08,1.81816e-15
42.97,2.621e-07,5.78861e-08,1.81839e-15
42.98,2.621e-07,5.78861e-08,1.81891e-15
42.99,2.621e-07,5.78861e-08,1.81953e-15
43,2.621e-07,5.78861e-08,1.82058e-15
43.01,2.621e-07,5.78861e-08,1.82076e-15
43.02,2.621e-07,5.78861e-08,1.8216e-15
43.03,2.621e-07,5.7886e-08,1.82157e-15
43.04,2.621e-07,5.7886e-08,1.82278e-15
43.05,2.621e-07,5.7886e-08,1.82251e-15
43.06,2.621e-07,5.7886e-08,1.82335e-15
43.07,2.621e-07,5.78862e-08,1.8224e-15
43.08,2.621e-07,5.78861e-08,1.82369e-15
43.09,2.621e-07,5.78861e-08,1.8235e-15
43.1,2.621e-07,5.78862e-08,1.82455e-15
43.11,2.621e-07,5.78861e-08,1.82535e-15
43.12,2.621e-07,5.78861e-08,1.82633e-15
43.13,2.621e-07,5.78861e-08,1.82698e-15
43.14,2.621e-07,5.78861e-08,1.82645e-15
43.15,2.621e-07,5.78861e-08,1.82678e-15
43.16,2.621e-07,5.78861e-08,1.82742e-15
43.17,2.621e-07,5.78861e-08,1.82797e-15
43.18,2.621e-07,5.78861e-08,1.82799e-15
43.19,2.621e-07,5.78861e-08,1.82924e-15
43.2,2.621e-07,5.78861e-08,1.82989e-15
43.21,2.621e-07,5.7886e-08,1.83036e-15
43.22,2.621e-07,5.78862e-08,1.83095e-15
43.23,2.621e-07,5.78861e-08,1.83131e-15
43.24,2.621e-07,5.78862e-08,1.83055e-15
43.25,2.621e-07,5.7886e-08,1.83082e-15
43.26,2.621e-07,5.78861e-08,1.83007e-15
43.27,2.621e-07,5.78861e-08,1.83038e-15
43.28,2.621e-07,5.7886e-08,1.83041e-15
43.29,2.621e-07,5.78862e-08,1.83096e-15
43.3,2.621e-07,5.7886e-08,1.83281e-15
43.31,2.621e-07,5.78861e-08,1.83213e-15
43.32,2.621e-07,5.7886e-08,1.83211e-15
43.33,2.621e-07,5.78862e-08,1.83295e-15
43.34,2.621e-07,5.7886e-08,1.83409e-15
43.35,2.621e-07,5.78861e-08,1.83487e-15
43.36,2.621e-07,5.7886e-08,1.83437e-15
43.37,2.621e-07,5.78861e-08,1.8343e-15
43.38,2.621e-07,5.7886e-08,1.83607e-15
43.39,2.621e-07,5.7886e-08,1.8356e-15
43.4,2.621e-07,5.78861e-08,1.83549e-15
43.41,2.621e-07,5.78861e-08,1.83571e-15
43.42,2.621e-07,5.7886e-08,1.83571e-15
43.43,2.621e-07,5.78861e-08,1.83641e-15
43.44,2.621e-07,5.7886e-08,1.83754e-15
43.45,2.621e-07,5.78861e-08,1.83867e-15
43.46,2.621e-07,5.7886e-08,1.83922e-15
43.47,2.621e-07,5.78861e-08,1.83969e-15
43.48,2.621e-07,5.7886e-08,1.8405e-15
43.49,2.621e-07,5.78861e-08,1.84132e-15
43.5,2.621e-07,5.78861e-08,1.84143e-15
43.51,2.621e-07,5.78861e-08,1.84205e-15
43.52,2.621e-07,5.78861e-08,1.84323e-15
43.53,2.621e-07,5.78861e-08,1.8424e-15
43.54,2.621e-07,5.78862e-08,1.84467e-15
43.55,2.621e-07,5.78861e-08,1.84487e-15
43.56,2.621e-07,5.78861e-08,1.84522e-15
43.57,2.621e-07,5.78861e-08,1.84535e-15
43.58,2.621e-07,5.78861e-08,1.8462e-15
43.59,2.621e-07,5.78861e-08,1.84547e-15
43.6,2.621e-07,5.78862e-08,1.84559e-15
43.61,2.621e-07,5.78862e-08,1.84718e-15
43.62,2.621e-07,5.78862e-08,1.84616e-15
43.63,2.621e-07,5.7886e-08,1.84734e-15
43.64,2.621e-07,5.78861e-08,1.8479e-15
43.65,2.621e-07,5.78861e-08,1.84824e-15
43.66,2.621e-07,5.7886e-08,1.84905e-15
43.67,2.621e-07,5.7886e-08,1.8482e-15
43.68,2.621e-07,5.78862e-08,1.84933e-15
43.69,2.621e-07,5.7886e-08,1.84865e-15
43.7,2.621e-07,5.78861e-08,1.84932e-15
43.71,2.621e-07,5.78861e-08,1.84988e-15
43.72,2.621e-07,5.78861e-08,1.84986e-15
43.73,2.621e-07,5.7886e-08,1.85115e-15
43.74,2.621e-07,5.78862e-08,1.85042e-15
43.75,2.621e-07,5.78861e-08,1.85098e-15
43.76,2.621e-07,5.7886e-08,1.85109e-15
43.77,2.621e-07,5.78861e-08,1.85118e-15
43.78,2.621e-07,5.78861e-08,1.85239e-15
43.79,2.621e-07,5.78861e-08,1.85337e-15
43.8,2.621e-07,5.78861e-08,1.85368e-15
43.81,2.621e-07,5.78862e-08,1.85408e-15
43.82,2.621e-07,5.78861e-08,1.85558e-15
43.83,2.621e-07,5.78861e-08,1.85649e-15
43.84,2.621e-07,5.78861e-08,1.85668e-15
43.85,2.621e-07,5.7886e-08,1.85814e-15
43.86,2.621e-07,5.78861e-08,1.85874e-15
43.87,2.621e-07,5.78862e-08,1.85906e-15
43.88,2.621e-07,5.7886e-08,1.85947e-15
43.89,2.621e-07,5.78861e-08,1.85959e-15
43.9,2.621e-07,5.78861e-08,1.85991e-15
43.91,2.621e-07,5.78861e-08,1.86023e-15
43.92,2.621e-07,5.78861e-08,1.86002e-15
43.93,2.621e-07,5.78861e-08,1.85979e-15
43.94,2.621e-07,5.78861e-08,1.85982e-15
43.95,2.621e-07,5.78861e-08,1.86047e-15
43.96,2.621e-07,5.78861e-08,1.86017e-15
43.97,2.621e-07,5.78861e-08,1.86032e-15
43.98,2.621e-07,5.78861e-08,1.86128e-15
43.99,2.621e-07,5.78862e-08,1.86155e-15
44,2.621e-07,5.78862e-08,1.86283e-15
44.01,2.621e-07,5.78861e-08,1.86423e-15
44.02,2.621e-07,5.78862e-08,1.86405e-15
44.03,2.621e-07,5.7886e-08,1.86446e-15
44.04,2.621e-07,5.78861e-08,1.86464e-15
44.05,2.621e-07,5.78861e-08,1.8663e-15
44.06,2.621e-07,5.78861e-08,1.86674e-15
44.07,2.621e-07,5.78861e-08,1.86676e-15
44.08,2.621e-07,5.78861e-08,1.86769e-15
44.09,2.621e-07,5.78862e-08,1.8674e-15
44.1,2.621e-07,5.7886e-08,1.86741e-15
44.11,2.621e-07,5.7886e-08,1.86802e-15
44.12,2.621e-07,5.78861e-08,1.86837e-15
44.13,2.621e-07,5.78861e-08,1.87029e-15
44.14,2.621e-07,5.7886e-08,1.87138e-15
44.15,2.621e-07,5.78862e-08,1.8712e-15
44.16,2.621e-07,5.7886e-08,1.87245e-15
44.17,2.621e-07,5.78861e-08,1.87336e-15
44.18,2.621e-07,5.7886e-08,1.87373e-15
44.19,2.621e-07,5.7886e-08,1.87448e-15
44.2,2.621e-07,5.7886e-08,1.87544e-15
44.21,2.621e-07,5.78861e-08,1.87574e-15
44.22,2.621e-07,5.78862e-08,1.87588e-15
44.23,2.621e-07,5.78861e-08,1.87583e-15
44.24,2.621e-07,5.78861e-08,1.87664e-15
44.25,2.621e-07,5.78861e-08,1.87669e-15
44.26,2.621e-07,5.7886e-08,1.87726e-15
44.27,2.621e-07,5.78861e-08,1.87857e-15
44.28,2.621e-07,5.78861e-08,1.87852e-15
44.29,2.621e-07,5.78861e-08,1.88018e-15
44.3,2.621e-07,5.78861e-08,1.88027e-15
44.31,2.621e-07,5.7886e-08,1.88033e-15
44.32,2.621e-07,5.78861e-08,1.88065e-15
44.33,2.621e-07,5.78861e-08,1.8815e-15
44.34,2.621e-07,5.78861e-08,1.88181e-15
44.35,2.621e-07,5.78861e-08,1.88292e-15
44.36,2.621e-07,5.7886e-08,1.88366e-15
44.37,2.621e-07,5.7886e-08,1.88468e-15
44.38,2.621e-07,5.7886e-08,1.88529e-15
44.39,2.621e-07,5.78861e-08,1.88618e-15
44.4,2.621e-07,5.7886e-08,1.88672e-15
44.41,2.621e-07,5.78861e-08,1.88729e-15
44.42,2.621e-07,5.78861e-08,1.88792e-15
44.43,2.621e-07,5.78861e-08,1.88752e-15
44.44,2.621e-07,5.78861e-08,1.88844e-15
44.45,2.621e-07,5.78861e-08,1.88885e-15
44.46,2.621e-07,5.78861e-08,1.88993e-15
44.47,2.621e-07,5.78861e-08,1.89177e-15
44.48,2.621e-07,5.78861e-08,1.89256e-15
44.49,2.621e-07,5.78861e-08,1.89357e-15
44.5,2.621e-07,5.78861e-08,1.89472e-15
44.51,2.621e-07,5.78861e-08,1.89616e-15
44.52,2.621e-07,5.7886e-08,1.89594e-15
44.53,2.621e-07,5.7886e-08,1.89656e-15
44.54,2.621e-07,5.78861e-08,1.89747e-15
44.55,2.621e-07,5.7886e-08,1.8985e-15
44.56,2.621e-07,5.7886e-08,1.89893e-15
44.57,2.621e-07,5.78861e-08,1.89995e-15
44.58,2.621e-07,5.78861e-08,1.89927e-15
44.59,2.621e-07,5.78861e-08,1.89961e-15
44.6,2.621e-07,5.78861e-08,1.90018e-15
44.61,2.621e-07,5.78861e-08,1.90006e-15
44.62,2.621e-07,5.78861e-08,1.90155e-15
44.63,2.621e-07,5.78861e-08,1.90119e-15
44.64,2.621e-07,5.78861e-08,1.90191e-15
44.65,2.621e-07,5.78861e-08,1.90286e-15
44.66,2.621e-07,5.78861e-08,1.90359e-15
44.67,2.621e-07,5.78861e-08,1.90332e-15
44.68,2.621e-07,5.78861e-08,1.90332e-15
44.69,2.621e-07,5.78861e-08,1.90356e-15
44.7,2.621e-07,5.78861e-08,1.90407e-15
44.71,2.621e-07,5.78861e-08,1.90477e-15
44.72,2.621e-07,5.78861e-08,1.90567e-15
44.73,2.621e-07,5.78861e-08,1.90744e-15
44.74,2.621e-07,5.7886e-08,1.9079e-15
44.75,2.621e-07,5.78861e-08,1.90884e-15
44.76,2.621e-07,5.78861e-08,1.90957e-15
44.77,2.621e-07,5.78861e-08,1.90959e-15
44.78,2.621e-07,5.7886e-08,1.91033e-15
44.79,2.621e-07,5.78862e-08,1.91142e-15
44.8,2.621e-07,5.78862e-08,1.91073e-15
44.81,2.621e-07,5.78861e-08,1.91155e-15
44.82,2.621e-07,5.78861e-08,1.9118e-15
44.83,2.621e-07,5.78861e-08,1.91291e-15
44.84,2.621e-07,5.78861e-08,1.91364e-15
44.85,2.621e-07,5.78861e-08,1.91447e-15
44.86,2.621e-07,5.7886e-08,1.91574e-15
44.87,2.621e-07,5.78861e-08,1.91654e-15
44.88,2.621e-07,5.78861e-08,1.91731e-15
44.89,2.621e-07,5.78861e-08,1.91649e-15
44.9,2.621e-07,5.78861e-08,1.91739e-15
44.91,2.621e-07,5.78861e-08,1.91848e-15
44.92,2.621e-07,5.7886e-08,1.91875e-15
44.93,2.621e-07,5.78861e-08,1.92072e-15
44.94,2.621e-07,5.78861e-08,1.92163e-15
44.95,2.621e-07,5.78861e-08,1.92172e-15
44.96,2.621e-07,5.78861e-08,1.92132e-15
44.97,2.621e-07,5.78861e-08,1.9218e-15
44.98,2.621e-07,5.78862e-08,1.92161e-15
44.99,2.621e-07,5.78861e-08,1.92217e-15
45,2.621e-07,5.78862e-08,1.92282e-15
45.01,2.621e-07,5.78862e-08,1.92434e-15
45.02,2.621e-07,5.78861e-08,1.9246e-15
45.03,2.621e-07,5.78861e-08,1.92623e-15
45.04,2.621e-07,5.78861e-08,1.92598e-15
45.05,2.621e-07,5.78861e-08,1.92658e-15
45.06,2.621e-07,5.7886e-08,1.92693e-15
45.07,2.621e-07,5.7886e-08,1.92702e-15
45.08,2.621e-07,5.78861e-08,1.92748e-15
45.09,2.621e-07,5.78862e-08,1.92687e-15
45.1,2.621e-07,5.78861e-08,1.92698e-15
45.11,2.621e-07,5.78861e-08,1.92804e-15
45.12,2.621e-07,5.78861e-08,1.92915e-15
45.13,2.621e-07,5.78861e-08,1.92969e-15
45.14,2.621e-07,5.78862e-08,1.92987e-15
45.15,2.621e-07,5.78861e-08,1.93088e-15
45.16,2.621e-07,5.78861e-08,1.93145e-15
45.17,2.621e-07,5.78861e-08,1.93221e-15
45.18,2.621e-07,5.78861e-08,1.93282e-15
45.19,2.621e-07,5.78862e-08,1.93356e-15
45.2,2.621e-07,5.78861e-08,1.93504e-15
45.21,2.621e-07,5.78861e-08,1.93483e-15
45.22,2.621e-07,5.78861e-08,1.93684e-15
45.23,2.621e-07,5.78861e-08,1.93746e-15
45.24,2.621e-07,5.78862e-08,1.93782e-15
45.25,2.621e-07,5.78861e-08,1.93792e-15
45.26,2.621e-07,5.78861e-08,1.93784e-15
45.27,2.54842e-07,5.99198e-08,-0.0312943
45.28,2.49925e-07,6.06085e-08,-0.109789
45.29,2.47148e-07,6.36001e-08,-0.214119
45.3,2.45541e-07,6.70414e-08,-0.332901
45.31,2.44658e-07,7.01001e-08,-0.460007
45.32,2.44254e-07,7.2477e-08,-0.592087
45.33,2.44179e-07,7.41127e-08,-0.727274
45.34,2.44332e-07,7.51003e-08,-0.864501
45.35,2.44593e-07,7.56788e-08,-1.00313
45.36,2.4493e-07,7.59509e-08,-1.14276
45.37,2.4534e-07,7.59971e-08,-1.28313
45.38,2.458e-07,7.58679e-08,-1.42407
45.39,2.46296e-07,7.56052e-08,-1.56544
45.4,2.46813e-07,7.52429e-08,-1.70715
45.41,2.4734e-07,7.48086e-08,-1.84913
45.42,2.47869e-07,7.43239e-08,-1.99133
45.43,2.48393e-07,7.3806e-08,-2.1337
45.44,2.48906e-07,7.32684e-08,-2.27622
45.45,2.4941e-07,7.27144e-08,-2.41885
45.46,2.49905e-07,7.21506e-08,-2.56159
45.47,2.50386e-07,7.15856e-08,-2.70442
45.48,2.5085e-07,7.10259e-08,-2.84733
45.49,2.51294e-07,7.04762e-08,-2.9903
45.5,2.51717e-07,6.99399e-08,-3.13332
45.51,2.52118e-07,6.94195e-08,-3.27639
45.52,2.52496e-07,6.89168e-08,-3.41949
45.53,2.5285e-07,6.84328e-08,-3.56263
45.54,2.53181e-07,6.79679e-08,-3.7058
45.55,2.53488e-07,6.75229e-08,-3.849
45.56,2.53773e-07,6.70973e-08,-3.99222
45.57,2.54035e-07,6.66912e-08,-4.13547
45.58,2.54276e-07,6.63041e-08,-4.27873
45.59,2.54495e-07,6.59357e-08,-4.42201
45.6,2.54694e-07,6.55852e-08,-4.56531
45.61,2.54874e-07,6.5252e-08,-4.70863
45.62,2.55034e-07,6.49352e-08,-4.85197
45.63,2.55176e-07,6.46343e-08,-4.99533
45.64,2.55302e-07,6.43487e-08,-5.1387
45.65,2.5541e-07,6.40775e-08,-5.28209
45.66,2.55503e-07,6.382e-08,-5.4255
45.67,2.55581e-07,6.35758e-08,-5.56892
45.68,2.55645e-07,6.33439e-08,-5.71236
45.69,2.55695e-07,6.31238e-08,-5.85583
45.7,2.55733e-07,6.29148e-08,-5.99931
45.71,2.55757e-07,6.27162e-08,-6.1428
45.72,2.5577e-07,6.25278e-08,-6.28632
45.73,2.55773e-07,6.23488e-08,-6.42986
45.74,2.55764e-07,6.21786e-08,-6.57342
45.75,2.55745e-07,6.20167e-08,-6.71699
45.76,2.55717e-07,6.18628e-08,-6.86059
45.77,2.55679e-07,6.17163e-08,-7.00421
45.78,2.55633e-07,6.15767e-08,-7.14785
45.79,2.55578e-07,6.14438e-08,-7.29151
45.8,2.55516e-07,6.13171e-08,-7.43519
45.81,2.55446e-07,6.11963e-08,-7.5789
45.82,2.55369e-07,6.10809e-08,-7.72262
45.83,2.55285e-07,6.09708e-08,-7.86637
45.84,2.55194e-07,6.08656e-08,-8.01015
45.85,2.55098e-07,6.07647e-08,-8.15394
45.86,2.54995e-07,6.06684e-08,-8.29776
45.87,2.54886e-07,6.05759e-08,-8.44161
45.88,2.54773e-07,6.04875e-08,-8.58547
45.89,2.54653e-07,6.04027e-08,-8.72937
45.9,2.54529e-07,6.03211e-08,-8.87328
45.91,2.544e-07,6.02427e-08,-9.01723
45.92,2.54266e-07,6.01673e-08,-9.16119
45.93,2.54128e-07,6.00948e-08,-9.30519
45.94,2.53985e-07,6.00249e-08,-9.44921
45.95,2.53839e-07,5.99576e-08,-9.59325
45.96,2.53687e-07,5.98921e-08,-9.73732
45.97,2.53533e-07,5.98291e-08,-9.88142
45.98,2.53374e-07,5.97686e-08,-10.0255
45.99,2.53212e-07,5.97095e-08,-10.1697
46,2.53045e-07,5.96519e-08,-10.3139
46.01,2.52876e-07,5.95964e-08,-10.4581
46.02,2.52703e-07,5.95424e-08,-10.6023
46.03,2.52526e-07,5.94898e-08,-10.7466
46.04,2.52347e-07,5.94393e-08,-10.8909
46.05,2.52164e-07,5.93897e-08,-11.0352
46.06,2.51978e-07,5.93413e-08,-11.1796
46.07,2.51789e-07,5.92941e-08,-11.324
46.08,2.51596e-07,5.9248e-08,-11.4684
46.09,2.51401e-07,5.92031e-08,-11.6128
46.1,2.51202e-07,5.91589e-08,-11.7573
46.11,2.51001e-07,5.91158e-08,-11.9018
46.12,2.50796e-07,5.90733e-08,-12.0463
46.13,2.50589e-07,5.90318e-08,-12.1909
46.14,2.50378e-07,5.8991e-08,-12.3355
46.15,2.50165e-07,5.89509e-08,-12.4801
46.16,2.49948e-07,5.89112e-08,-12.6248
46.17,2.49728e-07,5.88722e-08,-12.7695
46.18,2.49506e-07,5.88338e-08,-12.9142
46.19,2.4928e-07,5.87961e-08,-13.059
46.2,2.49051e-07,5.87587e-08,-13.2038
46.21,2.48824e-07,5.87107e-08,-13.3487
46.22,2.48608e-07,5.86222e-08,-13.4935
46.23,2.48401e-07,5.85022e-08,-13.6382
46.24,2.48199e-07,5.83602e-08,-13.7828
46.25,2.47999e-07,5.82036e-08,-13.9273
46.26,2.478e-07,5.80382e-08,-14.0716
46.27,2.47599e-07,5.7868e-08,-14.2158
46.28,2.47396e-07,5.76957e-08,-14.3598
46.29,2.4719e-07,5.75238e-08,-14.5037
46.3,2.46981e-07,5.73541e-08,-14.6474
46.31,2.46767e-07,5.71868e-08,-14.7909
46.32,2.46548e-07,5.70231e-08,-14.9343
46.33,2.46324e-07,5.68629e-08,-15.0775
46.34,2.46095e-07,5.67067e-08,-15.2205
46.35,2.45861e-07,5.65547e-08,-15.3633
46.36,2.45621e-07,5.64067e-08,-15.5059
46.37,2.45375e-07,5.62627e-08,-15.6484
46.38,2.45124e-07,5.61223e-08,-15.7906
46.39,2.44866e-07,5.59854e-08,-15.9327
46.4,2.44603e-07,5.58517e-08,-16.0746
46.41,2.44334e-07,5.57216e-08,-16.2163
46.42,2.44058e-07,5.55949e-08,-16.3578
46.43,2.43777e-07,5.5471e-08,-16.499
46.44,2.4349e-07,5.53495e-08,-16.6401
46.45,2.43196e-07,5.52304e-08,-16.781
46.46,2.42896e-07,5.51137e-08,-16.9217
46.47,2.4259e-07,5.49995e-08,-17.0621
46.48,2.42277e-07,5.48871e-08,-17.2024
46.49,2.41958e-07,5.47761e-08,-17.3424
46.5,2.41632e-07,5.46665e-08,-17.4822
46.51,2.41299e-07,5.45584e-08,-17.6218
46.52,2.40959e-07,5.44514e-08,-17.7611
46.53,2.40612e-07,5.43457e-08,-17.9002
46.54,2.40258e-07,5.42406e-08,-18.0391
46.55,2.39897e-07,5.41364e-08,-18.1778
46.56,2.39534e-07,5.40347e-08,-18.3162
46.57,2.39194e-07,5.39442e-08,-18.4544
46.58,2.3887e-07,5.38652e-08,-18.5926
46.59,2.38555e-07,5.37945e-08,-18.7306
46.6,2.38242e-07,5.37303e-08,-18.8686
46.61,2.37927e-07,5.36697e-08,-19.0066
46.62,2.37608e-07,5.36122e-08,-19.1445
46.63,2.37282e-07,5.35557e-08,-19.2823
46.64,2.36928e-07,5.34914e-08,-19.4201
46.65,2.3651e-07,5.34046e-08,-19.5579
46.66,2.36048e-07,5.33053e-08,-19.6959
46.67,2.35553e-07,5.31993e-08,-19.8339
46.68,2.35035e-07,5.30897e-08,-19.9721
46.69,2.34497e-07,5.2978e-08,-20.1105
46.7,2.33944e-07,5.28645e-08,-20.249
46.71,2.33376e-07,5.27497e-08,-20.3877
46.72,2.32795e-07,5.26335e-08,-20.5266
46.73,2.322e-07,5.2516e-08,-20.6656
46.74,2.3155e-07,5.23773e-08,-20.8049
46.75,2.30838e-07,5.22165e-08,-20.9444
46.76,2.30086e-07,5.20429e-08,-21.0841
46.77,2.29303e-07,5.18617e-08,-21.2242
46.78,2.28497e-07,5.16753e-08,-21.3645
46.79,2.27671e-07,5.14852e-08,-21.5051
46.8,2.26826e-07,5.12912e-08,-21.6461
46.81,2.25964e-07,5.10942e-08,-21.7873
46.82,2.25083e-07,5.08939e-08,-21.9289
46.83,2.24183e-07,5.06876e-08,-22.0708
46.84,2.23283e-07,5.04264e-08,-22.2131
46.85,2.22381e-07,5.0107e-08,-22.3556
46.86,2.21469e-07,4.9747e-08,-22.4985
46.87,2.2054e-07,4.93588e-08,-22.6417
46.88,2.19588e-07,4.89681e-08,-22.7851
46.89,2.18601e-07,4.86316e-08,-22.9288
46.9,2.17573e-07,4.83217e-08,-23.0725
46.91,2.16503e-07,4.80215e-08,-23.2162
46.92,2.1539e-07,4.77219e-08,-23.36
46.93,2.14234e-07,4.74183e-08,-23.5038
46.94,2.13032e-07,4.71067e-08,-23.6477
46.95,2.11783e-07,4.67849e-08,-23.7916
46.96,2.10484e-07,4.64508e-08,-23.9355
46.97,2.0913e-07,4.6102e-08,-24.0795
46.98,2.07717e-07,4.57368e-08,-24.2235
46.99,2.06242e-07,4.53534e-08,-24.3676
47,2.04699e-07,4.49501e-08,-24.5117
47.01,2.03083e-07,4.4525e-08,-24.6559
47.02,2.01385e-07,4.40756e-08,-24.8001
47.03,1.996e-07,4.35992e-08,-24.9444
47.04,1.97719e-07,4.30937e-08,-25.0888
47.05,1.95733e-07,4.25553e-08,-25.2332
47.06,1.93623e-07,4.20178e-08,-25.3777
47.07,1.91345e-07,4.15837e-08,-25.5221
47.08,1.8889e-07,4.11929e-08,-25.6663
47.09,1.86253e-07,4.08056e-08,-25.8103
47.1,1.83423e-07,4.03979e-08,-25.9541
47.11,1.80382e-07,3.99545e-08,-26.0977
47.12,1.77107e-07,3.94624e-08,-26.241
47.13,1.7357e-07,3.89115e-08,-26.3841
47.14,1.69737e-07,3.82914e-08,-26.5269
47.15,1.65708e-07,3.76821e-08,-26.6695
47.16,1.61456e-07,3.7096e-08,-26.8119
47.17,1.56857e-07,3.64836e-08,-26.9543
47.18,1.51798e-07,3.5804e-08,-27.0965
47.19,1.46156e-07,3.502e-08,-27.2387
47.2,1.39791e-07,3.40928e-08,-27.3808
47.21,1.32525e-07,3.29775e-08,-27.5228
47.22,1.24119e-07,3.16127e-08,-27.6646
47.23,1.14498e-07,3.00836e-08,-27.8062
47.24,1.03321e-07,2.82296e-08,-27.9479
47.25,9.18718e-08,2.5272e-08,-28.0891
47.26,8.3024e-08,2.23551e-08,-28.2298
47.27,7.3054e-08,1.8438e-08,-28.3711
47.28,6.38245e-08,1.61489e-08,-28.5128
47.29,5.57687e-08,1.54126e-08,-28.6547
47.3,4.87072e-08,1.57762e-08,-28.7968
47.31,4.24919e-08,1.6901e-08,-28.9391
47.32,3.70036e-08,1.85322e-08,-29.0815
47.33,3.21415e-08,2.04819e-08,-29.224
47.34,2.78224e-08,2.2611e-08,-29.3665
47.35,2.39761e-08,2.48196e-08,-29.5091
47.36,2.05437e-08,2.70363e-08,-29.6518
47.37,1.74745e-08,2.92088e-08,-29.7945
47.38,1.47266e-08,3.13045e-08,-29.9372
47.39,1.22621e-08,3.33003e-08,-30.0799
47.4,1.00499e-08,3.51831e-08,-30.2226
47.41,8.06138e-09,3.69456e-08,-30.3653
47.42,6.27254e-09,3.85861e-08,-30.5081
47.43,4.662e-09,4.01057e-08,-30.6508
47.44,3.21124e-09,4.15074e-08,-30.7936
47.45,1.90352e-09,4.27968e-08,-30.9364
47.46,7.23956e-10,4.39791e-08,-31.0791
47.47,-3.39955e-10,4.50611e-08,-31.2219
47.48,-1.30061e-09,4.60497e-08,-31.3647
47.49,-2.16764e-09,4.6951e-08,-31.5074
47.5,-2.9506e-09,4.77723e-08,-31.6502
47.51,-3.65775e-09,4.85194e-08,-31.793
47.52,-4.29701e-09,4.91984e-08,-31.9357
47.53,-4.87411e-09,4.98151e-08,-32.0785
47.54,-5.39575e-09,5.03752e-08,-32.2213
47.55,-5.86727e-09,5.08831e-08,-32.3641
47.56,-6.29347e-09,5.13438e-08,-32.5068
47.57,-6.67875e-09,5.17615e-08,-32.6496
47.58,-7.02678e-09,5.21401e-08,-32.7924
47.59,-7.34148e-09,5.2483e-08,-32.9352
47.6,-7.62632e-09,5.27936e-08,-33.0779
47.61,-7.88384e-09,5.3075e-08,-33.2207
47.62,-8.1163e-09,5.33296e-08,-33.3635
47.63,-8.32629e-09,5.35601e-08,-33.5063
47.64,-8.51631e-09,5.37682e-08,-33.649
47.65,-8.68809e-09,5.39571e-08,-33.7918
47.66,-8.84398e-09,5.4128e-08,-33.9346
47.67,-8.98429e-09,5.42828e-08,-34.0774
47.68,-9.11141e-09,5.44223e-08,-34.2201
47.69,-9.22666e-09,5.45488e-08,-34.3629
47.7,-9.3307e-09,5.46632e-08,-34.5057
47.71,-9.42499e-09,5.47668e-08,-34.6485
47.72,-9.51036e-09,5.48609e-08,-34.7912
47.73,-9.58737e-09,5.49456e-08,-34.934
47.74,-9.65691e-09,5.50222e-08,-35.0768
47.75,-9.7198e-09,5.50913e-08,-35.2196
47.76,-9.77685e-09,5.51541e-08,-35.3623
47.77,-9.82861e-09,5.52112e-08,-35.5051
47.78,-9.87511e-09,5.52623e-08,-35.6479
47.79,-9.91711e-09,5.53086e-08,-35.7907
47.8,-9.95524e-09,5.53504e-08,-35.9334
47.81,-9.98972e-09,5.5388e-08,-36.0762
47.82,-1.00207e-08,5.54223e-08,-36.219
47.83,-1.00485e-08,5.54532e-08,-36.3618
47.84,-1.00736e-08,5.54814e-08,-36.5045
47.85,-1.00962e-08,5.55072e-08,-36.6473
47.86,-1.0117e-08,5.553e-08,-36.7901
47.87,-1.0136e-08,5.55505e-08,-36.9329
47.88,-1.01531e-08,5.55693e-08,-37.0756
47.89,-1.01685e-08,5.55865e-08,-37.2184
47.9,-1.01823e-08,5.56017e-08,-37.3612
47.91,-1.01951e-08,5.56156e-08,-37.504
47.92,-1.02066e-08,5.5628e-08,-37.6467
47.93,-1.02168e-08,5.56394e-08,-37.7895
47.94,-1.02262e-08,5.56496e-08,-37.9323
47.95,-1.02347e-08,5.56587e-08,-38.0751
47.96,-1.02426e-08,5.56674e-08,-38.2178
47.97,-1.02497e-08,5.56752e-08,-38.3606
47.98,-1.02557e-08,5.56823e-08,-38.5034
47.99,-1.02616e-08,5.56887e-08,-38.6462
48,-1.02666e-08,5.56944e-08,-38.7889
48.01,-1.02712e-08,5.56993e-08,-38.9317
48.02,-1.02755e-08,5.5704e-08,-39.0745
48.03,-1.02794e-08,5.57082e-08,-39.2173
48.04,-1.02826e-08,5.5712e-08,-39.36
48.05,-1.02857e-08,5.57155e-08,-39.5028
48.06,-1.02882e-08,5.57185e-08,-39.6456
48.07,-1.02907e-08,5.57212e-08,-39.7884
48.08,-1.0293e-08,5.57237e-08,-39.9311
48.09,-1.02953e-08,5.5726e-08,-40.0739
48.1,-1.02974e-08,5.5728e-08,-40.2167
48.11,-1.02987e-08,5.57301e-08,-40.3594
48.12,-1.03005e-08,5.57316e-08,-40.5022
48.13,-1.03019e-08,5.57334e-08,-40.645
48.14,-1.03032e-08,5.57342e-08,-40.7878
48.15,-1.03042e-08,5.57364e-08,-40.9305
48.16,-1.03052e-08,5.57362e-08,-41.0733
48.17,-1.03062e-08,5.57377e-08,-41.2161
48.18,-1.03068e-08,5.57395e-08,-41.3589
48.19,-1.03078e-08,5.57393e-08,-41.5016
48.2,-1.03089e-08,5.57392e-08,-41.6444
48.21,-1.03089e-08,5.57405e-08,-41.7872
48.22,-1.03094e-08,5.57423e-08,-41.93
48.23,-1.03094e-08,5.57432e-08,-42.0727
48.24,-1.03105e-08,5.5743e-08,-42.2155
48.25,-1.03115e-08,5.57429e-08,-42.3583
48.26,-1.03125e-08,5.57427e-08,-42.5011
48.27,-1.03135e-08,5.57426e-08,-42.6438
48.28,-1.03138e-08,5.57433e-08,-42.7866
48.29,-1.03138e-08,5.57445e-08,-42.9294
48.3,-1.03138e-08,5.57456e-08,-43.0722
48.31,-1.03131e-08,5.57461e-08,-43.2149
48.32,-1.03119e-08,5.57461e-08,-43.3577
48.33,-1.03109e-08,5.57463e-08,-43.5005
48.34,-1.031e-08,5.57466e-08,-43.6433
48.35,-1.03091e-08,5.57468e-08,-43.786
48.36,-1.03084e-08,5.57473e-08,-43.9288
48.37,-1.03077e-08,5.57478e-08,-44.0716
48.38,-1.0307e-08,5.57483e-08,-44.2144
48.39,-1.03067e-08,5.57487e-08,-44.3571
48.4,-1.03066e-08,5.57487e-08,-44.4999
48.41,-1.03065e-08,5.57488e-08,-44.6427
48.42,-1.03067e-08,5.57487e-08,-44.7855
48.43,-1.03069e-08,5.57487e-08,-44.9282
48.44,-1.03074e-08,5.57487e-08,-45.071
48.45,-1.03078e-08,5.57487e-08,-45.2138
48.46,-1.03085e-08,5.57487e-08,-45.3566
48.47,-1.03092e-08,5.57486e-08,-45.4993
48.48,-1.031e-08,5.57488e-08,-45.6421
48.49,-1.03109e-08,5.57487e-08,-45.7849
48.5,-1.03119e-08,5.57486e-08,-45.9277
48.51,-1.0313e-08,5.57484e-08,-46.0704
48.52,-1.0314e-08,5.57483e-08,-46.2132
48.53,-1.0315e-08,5.57481e-08,-46.356
48.54,-1.0316e-08,5.5748e-08,-46.4988
48.55,-1.0317e-08,5.57478e-08,-46.6415
48.56,-1.03181e-08,5.57477e-08,-46.7843
48.57,-1.03191e-08,5.57476e-08,-46.9271
48.58,-1.03201e-08,5.57474e-08,-47.0699
48.59,-1.03211e-08,5.57473e-08,-47.2126
48.6,-1.03216e-08,5.57476e-08,-47.3554
48.61,-1.0321e-08,5.57483e-08,-47.4982
48.62,-1.03198e-08,5.57483e-08,-47.641
48.63,-1.03185e-08,5.57482e-08,-47.7837
48.64,-1.03171e-08,5.5748e-08,-47.9265
48.65,-1.03158e-08,5.57479e-08,-48.0693
48.66,-1.03145e-08,5.57477e-08,-48.2121
48.67,-1.03132e-08,5.57476e-08,-48.3548
48.68,-1.03118e-08,5.57474e-08,-48.4976
48.69,-1.03105e-08,5.57473e-08,-48.6404
48.7,-1.03092e-08,5.57471e-08,-48.7832
48.71,-1.03085e-08,5.57476e-08,-48.9259
48.72,-1.03087e-08,5.57484e-08,-49.0687
48.73,-1.03097e-08,5.57484e-08,-49.2115
48.74,-1.03106e-08,5.57483e-08,-49.3543
48.75,-1.03116e-08,5.57482e-08,-49.497
48.76,-1.03126e-08,5.57481e-08,-49.6398
48.77,-1.03136e-08,5.57479e-08,-49.7826
48.78,-1.03146e-08,5.57478e-08,-49.9254
48.79,-1.03156e-08,5.57476e-08,-50.0681
48.8,-1.03167e-08,5.57475e-08,-50.2109
48.81,-1.03177e-08,5.57473e-08,-50.3537
48.82,-1.03187e-08,5.57472e-08,-50.4965
48.83,-1.03197e-08,5.5747e-08,-50.6392
48.84,-1.03207e-08,5.57469e-08,-50.782
48.85,-1.03217e-08,5.57467e-08,-50.9248
48.86,-1.03222e-08,5.57471e-08,-51.0676
48.87,-1.0322e-08,5.57482e-08,-51.2103
48.88,-1.03211e-08,5.57485e-08,-51.3531
48.89,-1.032e-08,5.57488e-08,-51.4959
48.9,-1.03191e-08,5.57487e-08,-51.6387
48.91,-1.03179e-08,5.57488e-08,-51.7814
48.92,-1.03168e-08,5.57487e-08,-51.9242
48.93,-1.03156e-08,5.57487e-08,-52.067
48.94,-1.03144e-08,5.57487e-08,-52.2098
48.95,-1.03131e-08,5.57486e-08,-52.3525
48.96,-1.03118e-08,5.57485e-08,-52.4953
48.97,-1.03105e-08,5.57483e-08,-52.6381
48.98,-1.03091e-08,5.57482e-08,-52.7809
48.99,-1.03078e-08,5.5748e-08,-52.9236
49,-1.03065e-08,5.57479e-08,-53.0664
49.01,-1.03058e-08,5.57484e-08,-53.2092
49.02,-1.03059e-08,5.57488e-08,-53.352
49.03,-1.03063e-08,5.57488e-08,-53.4947
49.04,-1.03068e-08,5.57487e-08,-53.6375
49.05,-1.03071e-08,5.57488e-08,-53.7803
49.06,-1.03075e-08,5.57488e-08,-53.9231
49.07,-1.03081e-08,5.57487e-08,-54.0658
49.08,-1.03085e-08,5.57487e-08,-54.2086
49.09,-1.03091e-08,5.57488e-08,-54.3514
49.1,-1.03098e-08,5.57488e-08,-54.4942
49.11,-1.03102e-08,5.57487e-08,-54.6369
49.12,-1.03109e-08,5.57487e-08,-54.7797
49.13,-1.03115e-08,5.57487e-08,-54.9225
49.14,-1.03123e-08,5.57488e-08,-55.0653
49.15,-1.0313e-08,5.57488e-08,-55.208
49.16,-1.03138e-08,5.57486e-08,-55.3508
49.17,-1.03146e-08,5.57488e-08,-55.4936
49.18,-1.03153e-08,5.57486e-08,-55.6364
49.19,-1.03161e-08,5.57487e-08,-55.7791
49.2,-1.03169e-08,5.57488e-08,-55.9219
49.21,-1.03177e-08,5.57487e-08,-56.0647
49.22,-1.03186e-08,5.57487e-08,-56.2075
49.23,-1.03195e-08,5.57487e-08,-56.3502
49.24,-1.03203e-08,5.57488e-08,-56.493
49.25,-1.03212e-08,5.57487e-08,-56.6358
49.26,-1.03221e-08,5.57487e-08,-56.7786
49.27,-1.0323e-08,5.57487e-08,-56.9213
49.28,-1.03239e-08,5.57487e-08,-57.0641
49.29,-1.03249e-08,5.57487e-08,-57.2069
49.3,-1.03258e-08,5.57487e-08,-57.3497
49.31,-1.03283e-08,5.57515e-08,-57.4924
49.32,-1.03319e-08,5.5757e-08,-57.6352
49.33,-1.03322e-08,5.5757e-08,-57.778
49.34,-1.03297e-08,5.57522e-08,-57.9208
49.35,-1.03249e-08,5.57433e-08,-58.0636
49.36,-1.03185e-08,5.5731e-08,-58.2064
49.37,-1.03103e-08,5.57159e-08,-58.3493
49.38,-1.03008e-08,5.56984e-08,-58.4921
49.39,-1.02901e-08,5.56789e-08,-58.635
49.4,-1.02787e-08,5.56577e-08,-58.7779
49.41,-1.02665e-08,5.5635e-08,-58.9208
49.42,-1.02537e-08,5.56109e-08,-59.0638
49.43,-1.02402e-08,5.55859e-08,-59.2067
49.44,-1.02267e-08,5.556e-08,-59.3497
49.45,-1.02128e-08,5.55331e-08,-59.4927
49.46,-1.01984e-08,5.55056e-08,-59.6358
49.47,-1.01838e-08,5.54776e-08,-59.7788
49.48,-1.01692e-08,5.54489e-08,-59.9219
49.49,-1.01541e-08,5.54199e-08,-60.065
49.5,-1.0139e-08,5.53904e-08,-60.2081
49.51,-1.01236e-08,5.53606e-08,-60.3513
49.52,-1.01082e-08,5.53305e-08,-60.4944
49.53,-1.00925e-08,5.53001e-08,-60.6376
49.54,-1.00769e-08,5.52694e-08,-60.7808
49.55,-1.00611e-08,5.52385e-08,-60.9241
49.56,-1.00453e-08,5.52074e-08,-61.0673
49.57,-1.00294e-08,5.51761e-08,-61.2106
49.58,-1.00135e-08,5.51445e-08,-61.354
49.59,-9.99728e-09,5.51129e-08,-61.4973
49.6,-9.98104e-09,5.50812e-08,-61.6407
49.61,-9.96475e-09,5.50493e-08,-61.7841
49.62,-9.94857e-09,5.50174e-08,-61.9275
49.63,-9.93203e-09,5.49852e-08,-62.071
49.64,-9.91543e-09,5.49531e-08,-62.2144
49.65,-9.899e-09,5.49207e-08,-62.3579
49.66,-9.88252e-09,5.48883e-08,-62.5015
49.67,-9.86595e-09,5.48558e-08,-62.645
49.68,-9.84906e-09,5.48235e-08,-62.7886
49.69,-9.83248e-09,5.4791e-08,-62.9322
49.7,-9.81547e-09,5.47585e-08,-63.0759
49.71,-9.79852e-09,5.4726e-08,-63.2195
49.72,-9.78177e-09,5.46931e-08,-63.3632
49.73,-9.76476e-09,5.46603e-08,-63.507
49.74,-9.74757e-09,5.46275e-08,-63.6507
49.75,-9.73054e-09,5.45946e-08,-63.7945
49.76,-9.71339e-09,5.45615e-08,-63.9383
49.77,-9.69612e-09,5.45286e-08,-64.0821
49.78,-9.67885e-09,5.44954e-08,-64.226
49.79,-9.66145e-09,5.44623e-08,-64.3699
49.8,-9.64388e-09,5.44289e-08,-64.5138
49.81,-9.62635e-09,5.43955e-08,-64.6577
49.82,-9.6086e-09,5.43622e-08,-64.8017
49.83,-9.59086e-09,5.43286e-08,-64.9457
49.84,-9.57304e-09,5.42949e-08,-65.0898
49.85,-9.55516e-09,5.42612e-08,-65.2338
49.86,-9.53718e-09,5.42274e-08,-65.3779
49.87,-9.51884e-09,5.41936e-08,-65.522
49.88,-9.50052e-09,5.41596e-08,-65.6662
49.89,-9.48195e-09,5.41255e-08,-65.8104
49.9,-9.46325e-09,5.40914e-08,-65.9546
49.91,-9.44454e-09,5.40571e-08,-66.0988
49.92,-9.42557e-09,5.40227e-08,-66.2431
49.93,-9.40655e-09,5.39882e-08,-66.3874
49.94,-9.38729e-09,5.39537e-08,-66.5317
49.95,-9.36803e-09,5.39188e-08,-66.676
49.96,-9.34832e-09,5.3884e-08,-66.8204
49.97,-9.32845e-09,5.3849e-08,-66.9648
49.98,-9.30858e-09,5.38137e-08,-67.1093
49.99,-9.28852e-09,5.37782e-08,-67.2538
50,-9.26814e-09,5.37427e-08,-67.3983
50.01,-9.24768e-09,5.37069e-08,-67.5428
50.02,-9.2271e-09,5.3671e-08,-67.6874
50.03,-9.20625e-09,5.36348e-08,-67.832
50.04,-9.18494e-09,5.35985e-08,-67.9766
50.05,-9.16345e-09,5.35622e-08,-68.1213
50.06,-9.14184e-09,5.35255e-08,-68.266
50.07,-9.12011e-09,5.34886e-08,-68.4107
50.08,-9.09806e-09,5.34515e-08,-68.5554
50.09,-9.07565e-09,5.34143e-08,-68.7002
50.1,-9.05314e-09,5.33768e-08,-68.845
50.11,-9.03027e-09,5.3339e-08,-68.9899
50.12,-9.00717e-09,5.3301e-08,-69.1348
50.13,-8.98363e-09,5.32628e-08,-69.2797
50.14,-8.95999e-09,5.32243e-08,-69.4246
50.15,-8.93575e-09,5.31855e-08,-69.5696
50.16,-8.91115e-09,5.31464e-08,-69.7146
50.17,-8.8862e-09,5.31071e-08,-69.8596
50.18,-8.86112e-09,5.30676e-08,-70.0047
50.19,-8.83562e-09,5.30277e-08,-70.1498
50.2,-8.8104e-09,5.29871e-08,-70.295
50.21,-8.78374e-09,5.29469e-08,-70.4402
50.22,-8.75666e-09,5.29065e-08,-70.5854
50.23,-8.72985e-09,5.28653e-08,-70.7306
50.24,-8.70239e-09,5.28239e-08,-70.8759
50.25,-8.6746e-09,5.2782e-08,-71.0212
50.26,-8.64613e-09,5.27398e-08,-71.1666
50.27,-8.61727e-09,5.26973e-08,-71.3119
50.28,-8.58788e-09,5.26545e-08,-71.4574
50.29,-8.55818e-09,5.26112e-08,-71.6028
50.3,-8.52778e-09,5.25676e-08,-71.7483
50.31,-8.49697e-09,5.25236e-08,-71.8938
50.32,-8.46558e-09,5.2479e-08,-72.0394
50.33,-8.43361e-09,5.24341e-08,-72.185
50.34,-8.40105e-09,5.23887e-08,-72.3306
50.35,-8.36778e-09,5.2343e-08,-72.4763
50.36,-8.33398e-09,5.22968e-08,-72.622
50.37,-8.29965e-09,5.225e-08,-72.7678
50.38,-8.26437e-09,5.22029e-08,-72.9136
50.39,-8.22848e-09,5.21552e-08,-73.0594
50.4,-8.19195e-09,5.21071e-08,-73.2053
50.41,-8.15468e-09,5.20584e-08,-73.3512
50.42,-8.11659e-09,5.20092e-08,-73.4971
50.43,-8.07771e-09,5.19594e-08,-73.6431
50.44,-8.03793e-09,5.1909e-08,-73.7892
50.45,-7.9969e-09,5.18595e-08,-73.9352
50.46,-7.94675e-09,5.1828e-08,-74.0813
50.47,-7.88973e-09,5.18115e-08,-74.2274
50.48,-7.82878e-09,5.18037e-08,-74.3735
50.49,-7.7649e-09,5.18015e-08,-74.5195
50.5,-7.69907e-09,5.18025e-08,-74.6655
50.51,-7.63172e-09,5.18049e-08,-74.8114
50.52,-7.56313e-09,5.1808e-08,-74.9573
50.53,-7.49359e-09,5.18107e-08,-75.1031
50.54,-7.42315e-09,5.18128e-08,-75.2489
50.55,-7.35157e-09,5.18141e-08,-75.3946
50.56,-7.27922e-09,5.18139e-08,-75.5403
50.57,-7.20571e-09,5.18125e-08,-75.6859
50.58,-7.13096e-09,5.18099e-08,-75.8314
50.59,-7.05475e-09,5.18062e-08,-75.9769
50.6,-6.97742e-09,5.18009e-08,-76.1224
50.61,-6.89882e-09,5.17943e-08,-76.2678
50.62,-6.81876e-09,5.17864e-08,-76.4131
50.63,-6.73694e-09,5.17775e-08,-76.5583
50.64,-6.65357e-09,5.17673e-08,-76.7035
50.65,-6.56853e-09,5.17559e-08,-76.8486
50.66,-6.48139e-09,5.17437e-08,-76.9937
50.67,-6.3924e-09,5.17304e-08,-77.1386
50.68,-6.30124e-09,5.17162e-08,-77.2835
50.69,-6.2077e-09,5.17012e-08,-77.4283
50.7,-6.11577e-09,5.16856e-08,-77.573
50.71,-6.05488e-09,5.16726e-08,-77.7177
50.72,-6.01929e-09,5.16646e-08,-77.8624
50.73,-5.99918e-09,5.16612e-08,-78.0071
50.74,-5.98788e-09,5.16619e-08,-78.1519
50.75,-5.98137e-09,5.16654e-08,-78.2967
50.76,-5.97674e-09,5.16708e-08,-78.4416
50.77,-5.97202e-09,5.16745e-08,-78.5865
50.78,-5.96783e-09,5.16472e-08,-78.7314
50.79,-5.96454e-09,5.15918e-08,-78.8763
50.8,-5.9613e-09,5.1517e-08,-79.0211
50.81,-5.95699e-09,5.14294e-08,-79.1658
50.82,-5.95012e-09,5.13333e-08,-79.3104
50.83,-5.94006e-09,5.12318e-08,-79.4548
50.84,-5.92624e-09,5.11266e-08,-79.5992
50.85,-5.90775e-09,5.10193e-08,-79.7434
50.86,-5.88442e-09,5.09108e-08,-79.8874
50.87,-5.85574e-09,5.08016e-08,-80.0314
50.88,-5.82197e-09,5.06917e-08,-80.1752
50.89,-5.78304e-09,5.05816e-08,-80.3188
50.9,-5.78378e-09,5.04734e-08,-80.4623
50.91,-5.83473e-09,5.03687e-08,-80.6057
50.92,-5.9147e-09,5.02593e-08,-80.7491
50.93,-6.01544e-09,5.00829e-08,-80.8923
50.94,-6.13128e-09,4.98517e-08,-81.0353
50.95,-6.25513e-09,4.95867e-08,-81.1781
50.96,-6.38101e-09,4.93009e-08,-81.3205
50.97,-6.46825e-09,4.89871e-08,-81.4627
50.98,-6.49995e-09,4.86459e-08,-81.6048
50.99,-6.49098e-09,4.82877e-08,-81.7469
51,-6.44773e-09,4.79174e-08,-81.8888
51.01,-6.31491e-09,4.75191e-08,-82.0309
51.02,-6.10385e-09,4.70982e-08,-82.1731
51.03,-5.83291e-09,4.66949e-08,-82.3155
51.04,-5.49619e-09,4.63952e-08,-82.4581
51.05,-5.1161e-09,4.61582e-08,-82.6007
51.06,-4.70624e-09,4.59536e-08,-82.7433
51.07,-4.27359e-09,4.57645e-08,-82.8859
51.08,-3.82099e-09,4.55796e-08,-83.0285
51.09,-3.34871e-09,4.53923e-08,-83.1711
51.1,-2.856e-09,4.51986e-08,-83.3137
51.11,-2.34048e-09,4.4995e-08,-83.4563
51.12,-1.79926e-09,4.478e-08,-83.5988
51.13,-1.22872e-09,4.45518e-08,-83.7414
51.14,-6.23709e-10,4.43086e-08,-83.8839
51.15,2.09472e-11,4.40492e-08,-84.0264
51.16,7.11559e-10,4.37718e-08,-84.1689
51.17,1.45608e-09,4.34748e-08,-84.3113
51.18,2.26368e-09,4.31556e-08,-84.4537
51.19,3.14608e-09,4.28119e-08,-84.5961
51.2,4.11727e-09,4.24411e-08,-84.7384
51.21,5.19503e-09,4.20387e-08,-84.8807
51.22,6.40179e-09,4.16003e-08,-85.023
51.23,7.76679e-09,4.112e-08,-85.1651
51.24,9.3283e-09,4.05894e-08,-85.3072
51.25,1.114e-08,3.99981e-08,-85.4491
51.26,1.3278e-08,3.93305e-08,-85.5909
51.27,1.58535e-08,3.85636e-08,-85.7325
51.28,1.90421e-08,3.76618e-08,-85.8739
51.29,2.32327e-08,3.69404e-08,-86.0147
51.3,2.95805e-08,3.88174e-08,-86.1539
51.31,4.11615e-08,4.79945e-08,-86.2927
51.32,5.65707e-08,5.32212e-08,-86.4326
51.33,7.44374e-08,5.48595e-08,-86.5735
51.34,9.12857e-08,5.61105e-08,-86.7147
51.35,1.06783e-07,5.70721e-08,-86.8563
51.36,1.21002e-07,5.78065e-08,-86.9981
51.37,1.3402e-07,5.8363e-08,-87.1401
51.38,1.45916e-07,5.87794e-08,-87.2822
51.39,1.56772e-07,5.90869e-08,-87.4245
51.4,1.66666e-07,5.93099e-08,-87.5669
51.41,1.75672e-07,5.94673e-08,-87.7093
51.42,1.83863e-07,5.9574e-08,-87.8519
51.43,1.91307e-07,5.96418e-08,-87.9944
51.44,1.98068e-07,5.96805e-08,-88.137
51.45,2.04204e-07,5.96971e-08,-88.2797
51.46,2.09771e-07,5.96979e-08,-88.4224
51.47,2.14819e-07,5.96869e-08,-88.5651
51.48,2.19394e-07,5.96667e-08,-88.7078
51.49,2.2354e-07,5.96417e-08,-88.8505
51.5,2.27297e-07,5.96127e-08,-88.9932
51.51,2.30699e-07,5.9582e-08,-89.136
51.52,2.3378e-07,5.955e-08,-89.2787
51.53,2.36569e-07,5.95187e-08,-89.4215
51.54,2.39094e-07,5.94873e-08,-89.5642
51.55,2.41379e-07,5.94571e-08,-89.707
51.56,2.43448e-07,5.94283e-08,-89.8498
51.57,2.4532e-07,5.94006e-08,-89.9925
51.58,2.47014e-07,5.93746e-08,-90.1353
51.59,2.48546e-07,5.93507e-08,-90.2781
51.6,2.49933e-07,5.93283e-08,-90.4208
51.61,2.51187e-07,5.93075e-08,-90.5636
51.62,2.52322e-07,5.92881e-08,-90.7064
51.63,2.53349e-07,5.92698e-08,-90.8491
51.64,2.54278e-07,5.92537e-08,-90.9919
51.65,2.55118e-07,5.92386e-08,-91.1347
51.66,2.55878e-07,5.92247e-08,-91.2775
51.67,2.56565e-07,5.92125e-08,-91.4202
51.68,2.57186e-07,5.9201e-08,-91.563
51.69,2.57748e-07,5.91906e-08,-91.7058
51.7,2.58257e-07,5.91812e-08,-91.8485
51.71,2.58717e-07,5.91725e-08,-91.9913
51.72,2.59133e-07,5.91645e-08,-92.1341
51.73,2.5951e-07,5.91573e-08,-92.2769
51.74,2.5985e-07,5.91505e-08,-92.4196
51.75,2.60158e-07,5.91442e-08,-92.5624
51.76,2.60436e-07,5.91387e-08,-92.7052
51.77,2.60688e-07,5.9134e-08,-92.848
51.78,2.60915e-07,5.91295e-08,-92.9907
51.79,2.61121e-07,5.91254e-08,-93.1335
51.8,2.61307e-07,5.91213e-08,-93.2763
51.81,2.61475e-07,5.91188e-08,-93.4191
51.82,2.61628e-07,5.91156e-08,-93.5618
51.83,2.61766e-07,5.91129e-08,-93.7046
51.84,2.6189e-07,5.91095e-08,-93.8474
51.85,2.62003e-07,5.91075e-08,-93.9901
51.86,2.62105e-07,5.91055e-08,-94.1329
51.87,2.62197e-07,5.91042e-08,-94.2757
51.88,2.62281e-07,5.91025e-08,-94.4185
51.89,2.62356e-07,5.91012e-08,-94.5612
51.9,2.62425e-07,5.90996e-08,-94.704
51.91,2.62487e-07,5.90985e-08,-94.8468
51.92,2.62543e-07,5.90973e-08,-94.9896
51.93,2.62593e-07,5.90965e-08,-95.1323
51.94,2.62639e-07,5.90953e-08,-95.2751
51.95,2.6268e-07,5.90945e-08,-95.4179
51.96,2.62717e-07,5.90937e-08,-95.5607
51.97,2.62751e-07,5.9093e-08,-95.7034
51.98,2.62781e-07,5.90922e-08,-95.8462
51.99,2.62809e-07,5.90918e-08,-95.989
52,2.62834e-07,5.90915e-08,-96.1318
52.01,2.62856e-07,5.9091e-08,-96.2745
52.02,2.62876e-07,5.90906e-08,-96.4173
52.03,2.62895e-07,5.90901e-08,-96.5601
52.04,2.62912e-07,5.909e-08,-96.7028
52.05,2.62927e-07,5.90896e-08,-96.8456
52.06,2.6294e-07,5.90894e-08,-96.9884
52.07,2.62952e-07,5.90892e-08,-97.1312
52.08,2.62964e-07,5.90887e-08,-97.2739
52.09,2.62974e-07,5.90887e-08,-97.4167
52.1,2.62983e-07,5.90887e-08,-97.5595
52.11,2.62991e-07,5.90887e-08,-97.7023
52.12,2.62999e-07,5.90884e-08,-97.845
52.13,2.63005e-07,5.90881e-08,-97.9878
52.14,2.63011e-07,5.90881e-08,-98.1306
52.15,2.63017e-07,5.90878e-08,-98.2734
52.16,2.63022e-07,5.90878e-08,-98.4161
52.17,2.63027e-07,5.90879e-08,-98.5589
52.18,2.6303e-07,5.90878e-08,-98.7017
52.19,2.63034e-07,5.90875e-08,-98.8445
52.2,2.63038e-07,5.90875e-08,-98.9872
52.21,2.63041e-07,5.9088e-08,-99.13
52.22,2.63043e-07,5.90868e-08,-99.2728
52.23,2.63046e-07,5.90872e-08,-99.4155
52.24,2.63049e-07,5.90877e-08,-99.5583
52.25,2.6305e-07,5.90871e-08,-99.7011
52.26,2.63051e-07,5.90876e-08,-99.8439
52.27,2.63053e-07,5.90873e-08,-99.9866
52.28,2.63055e-07,5.9087e-08,-100.129
52.29,2.63057e-07,5.90868e-08,-100.272
52.3,2.63059e-07,5.90859e-08,-100.415
52.31,2.6306e-07,5.90864e-08,-100.558
52.32,2.6306e-07,5.90868e-08,-100.701
52.33,2.63061e-07,5.90873e-08,-100.843
52.34,2.63062e-07,5.90878e-08,-100.986
52.35,2.63062e-07,5.90883e-08,-101.129
52.36,2.63063e-07,5.90888e-08,-101.272
52.37,2.63064e-07,5.90892e-08,-101.414
52.38,2.63064e-07,5.90897e-08,-101.557
52.39,2.63065e-07,5.90902e-08,-101.7
52.4,2.63066e-07,5.90907e-08,-101.843
52.41,2.63066e-07,5.90912e-08,-101.985
52.42,2.63067e-07,5.90916e-08,-102.128
52.43,2.63068e-07,5.90921e-08,-102.271
52.44,2.63068e-07,5.90926e-08,-102.414
52.45,2.63069e-07,5.90931e-08,-102.557
52.46,2.63069e-07,5.90935e-08,-102.699
52.47,2.6307e-07,5.9094e-08,-102.842
52.48,2.63071e-07,5.90945e-08,-102.985
52.49,2.63071e-07,5.9095e-08,-103.128
52.5,2.63072e-07,5.90955e-08,-103.27
52.51,2.63073e-07,5.90957e-08,-103.413
52.52,2.63072e-07,5.90953e-08,-103.556
52.53,2.63072e-07,5.90948e-08,-103.699
52.54,2.63071e-07,5.90943e-08,-103.842
52.55,2.63071e-07,5.90938e-08,-103.984
52.56,2.63071e-07,5.90933e-08,-104.127
52.57,2.6307e-07,5.90929e-08,-104.27
52.58,2.6307e-07,5.90924e-08,-104.413
52.59,2.63069e-07,5.90919e-08,-104.555
52.6,2.63069e-07,5.90914e-08,-104.698
52.61,2.63069e-07,5.90909e-08,-104.841
52.62,2.63068e-07,5.90902e-08,-104.984
52.63,2.63069e-07,5.90885e-08,-105.126
52.64,2.63068e-07,5.90874e-08,-105.269
52.65,2.63067e-07,5.90863e-08,-105.412
52.66,2.63067e-07,5.90852e-08,-105.555
52.67,2.63066e-07,5.9084e-08,-105.698
52.68,2.63066e-07,5.9084e-08,-105.84
52.69,2.63067e-07,5.90844e-08,-105.983
52.7,2.63067e-07,5.90847e-08,-106.126
52.71,2.63068e-07,5.90852e-08,-106.269
52.72,2.63069e-07,5.90856e-08,-106.411
52.73,2.63069e-07,5.90861e-08,-106.554
52.74,2.6307e-07,5.90866e-08,-106.697
52.75,2.63071e-07,5.90871e-08,-106.84
52.76,2.63071e-07,5.90875e-08,-106.983
52.77,2.63072e-07,5.9088e-08,-107.125
52.78,2.63072e-07,5.90885e-08,-107.268
52.79,2.63073e-07,5.9089e-08,-107.411
52.8,2.63074e-07,5.90894e-08,-107.554
52.81,2.63074e-07,5.90898e-08,-107.696
52.82,2.63074e-07,5.90893e-08,-107.839
52.83,2.63073e-07,5.90888e-08,-107.982
52.84,2.63073e-07,5.90884e-08,-108.125
52.85,2.63073e-07,5.90879e-08,-108.268
52.86,2.63072e-07,5.90874e-08,-108.41
52.87,2.63072e-07,5.90869e-08,-108.553
52.88,2.63071e-07,5.90868e-08,-108.696
52.89,2.63069e-07,5.90871e-08,-108.839
52.9,2.63068e-07,5.90875e-08,-108.981
52.91,2.63067e-07,5.90864e-08,-109.124
52.92,2.63067e-07,5.90853e-08,-109.267
52.93,2.63066e-07,5.90842e-08,-109.41
52.94,2.63065e-07,5.90831e-08,-109.552
52.95,2.63065e-07,5.90827e-08,-109.695
52.96,2.63066e-07,5.90829e-08,-109.838
52.97,2.63066e-07,5.90829e-08,-109.981
52.98,2.63066e-07,5.9083e-08,-110.124
52.99,2.63067e-07,5.90832e-08,-110.266
53,2.63067e-07,5.90835e-08,-110.409
53.01,2.63067e-07,5.90837e-08,-110.552
53.02,2.63068e-07,5.9084e-08,-110.695
53.03,2.63069e-07,5.90845e-08,-110.837
53.04,2.63069e-07,5.90848e-08,-110.98
53.05,2.6307e-07,5.90852e-08,-111.123
53.06,2.6307e-07,5.90855e-08,-111.266
53.07,2.63071e-07,5.9086e-08,-111.409
53.08,2.63072e-07,5.90865e-08,-111.551
53.09,2.63072e-07,5.9087e-08,-111.694
53.1,2.63073e-07,5.90874e-08,-111.837
53.11,2.63073e-07,5.90879e-08,-111.98
53.12,2.63074e-07,5.90884e-08,-112.122
53.13,2.63075e-07,5.90888e-08,-112.265
53.14,2.63075e-07,5.90893e-08,-112.408
53.15,2.63076e-07,5.90898e-08,-112.551
53.16,2.63077e-07,5.90901e-08,-112.694
53.17,2.63076e-07,5.90897e-08,-112.836
53.18,2.63076e-07,5.90893e-08,-112.979
53.19,2.63075e-07,5.90888e-08,-113.122
53.2,2.63075e-07,5.90883e-08,-113.265
53.21,2.63075e-07,5.90878e-08,-113.407
53.22,2.63074e-07,5.90873e-08,-113.55
53.23,2.63074e-07,5.90868e-08,-113.693
53.24,2.63073e-07,5.90863e-08,-113.836
53.25,2.63073e-07,5.90858e-08,-113.978
53.26,2.63073e-07,5.90854e-08,-114.121
53.27,2.63072e-07,5.90849e-08,-114.264
53.28,2.63072e-07,5.90844e-08,-114.407
53.29,2.63071e-07,5.90839e-08,-114.55
53.3,2.63071e-07,5.90834e-08,-114.692
53.31,2.6307e-07,5.90832e-08,-114.835
53.32,2.63069e-07,5.90831e-08,-114.978
53.33,2.63068e-07,5.90829e-08,-115.121
53.34,2.63066e-07,5.90806e-08,-115.263
53.35,2.6306e-07,5.90689e-08,-115.406
53.36,2.63061e-07,5.90485e-08,-115.549
53.37,2.63065e-07,5.90333e-08,-115.692
53.38,2.6306e-07,5.90244e-08,-115.835
53.39,2.63046e-07,5.90276e-08,-115.977
53.4,2.63022e-07,5.90399e-08,-116.12
53.41,2.6299e-07,5.9059e-08,-116.263
53.42,2.6295e-07,5.90828e-08,-116.406
53.43,2.62902e-07,5.91095e-08,-116.549
53.44,2.62847e-07,5.91385e-08,-116.691
53.45,2.62785e-07,5.9169e-08,-116.834
53.46,2.62716e-07,5.92001e-08,-116.977
53.47,2.62642e-07,5.92319e-08,-117.12
53.48,2.62563e-07,5.92628e-08,-117.262
53.49,2.62478e-07,5.9293e-08,-117.405
53.5,2.62388e-07,5.93227e-08,-117.548
53.51,2.62294e-07,5.93511e-08,-117.691
53.52,2.62195e-07,5.93786e-08,-117.834
53.53,2.62092e-07,5.94048e-08,-117.977
53.54,2.61986e-07,5.94299e-08,-118.12
53.55,2.61876e-07,5.94536e-08,-118.262
53.56,2.61763e-07,5.94757e-08,-118.405
53.57,2.61646e-07,5.94961e-08,-118.548
53.58,2.61527e-07,5.95153e-08,-118.691
53.59,2.61404e-07,5.9533e-08,-118.834
53.6,2.61279e-07,5.95491e-08,-118.977
53.61,2.61151e-07,5.95637e-08,-119.12
53.62,2.61021e-07,5.9577e-08,-119.263
53.63,2.60888e-07,5.95888e-08,-119.406
53.64,2.60753e-07,5.95993e-08,-119.549
53.65,2.60616e-07,5.96088e-08,-119.692
53.66,2.60477e-07,5.9617e-08,-119.835
53.67,2.60336e-07,5.96235e-08,-119.978
53.68,2.60193e-07,5.96282e-08,-120.122
53.69,2.60048e-07,5.9632e-08,-120.265
53.7,2.59901e-07,5.96343e-08,-120.408
53.71,2.59752e-07,5.96356e-08,-120.551
53.72,2.59602e-07,5.96358e-08,-120.694
53.73,2.5945e-07,5.96348e-08,-120.837
53.74,2.59296e-07,5.96327e-08,-120.981
53.75,2.59141e-07,5.96295e-08,-121.124
53.76,2.58984e-07,5.96252e-08,-121.267
53.77,2.58826e-07,5.96201e-08,-121.41
53.78,2.58667e-07,5.96139e-08,-121.554
53.79,2.58506e-07,5.96066e-08,-121.697
53.8,2.58344e-07,5.95985e-08,-121.84
53.81,2.5819e-07,5.95775e-08,-121.984
53.82,2.58057e-07,5.95289e-08,-122.127
53.83,2.57936e-07,5.94599e-08,-122.27
53.84,2.57823e-07,5.93763e-08,-122.414
53.85,2.57715e-07,5.9283e-08,-122.557
53.86,2.57608e-07,5.91835e-08,-122.699
53.87,2.57501e-07,5.90807e-08,-122.842
53.88,2.57394e-07,5.89763e-08,-122.985
53.89,2.57284e-07,5.88716e-08,-123.127
53.9,2.57173e-07,5.87679e-08,-123.27
53.91,2.57058e-07,5.86657e-08,-123.412
53.92,2.5694e-07,5.85654e-08,-123.554
53.93,2.56818e-07,5.84674e-08,-123.696
53.94,2.56694e-07,5.83719e-08,-123.837
53.95,2.56565e-07,5.82789e-08,-123.979
53.96,2.56434e-07,5.81882e-08,-124.12
53.97,2.56298e-07,5.80999e-08,-124.262
53.98,2.56159e-07,5.80139e-08,-124.403
53.99,2.56017e-07,5.79301e-08,-124.544
54,2.55871e-07,5.78488e-08,-124.685
54.01,2.55722e-07,5.77691e-08,-124.825
54.02,2.5557e-07,5.76917e-08,-124.966
54.03,2.55414e-07,5.76162e-08,-125.106
54.04,2.55256e-07,5.75425e-08,-125.247
54.05,2.55094e-07,5.74704e-08,-125.387
54.06,2.5493e-07,5.74e-08,-125.526
54.07,2.54762e-07,5.73309e-08,-125.666
54.08,2.54595e-07,5.72661e-08,-125.806
54.09,2.54441e-07,5.72164e-08,-125.945
54.1,2.54297e-07,5.71812e-08,-126.085
54.11,2.5416e-07,5.7156e-08,-126.224
54.12,2.54013e-07,5.71269e-08,-126.364
54.13,2.53842e-07,5.70843e-08,-126.503
54.14,2.53657e-07,5.70355e-08,-126.642
54.15,2.53463e-07,5.69839e-08,-126.782
54.16,2.53263e-07,5.69309e-08,-126.922
54.17,2.53058e-07,5.68775e-08,-127.062
54.18,2.52849e-07,5.68241e-08,-127.201
54.19,2.52638e-07,5.67708e-08,-127.341
54.2,2.52424e-07,5.67183e-08,-127.481
54.21,2.52208e-07,5.66663e-08,-127.622
54.22,2.51989e-07,5.66148e-08,-127.762
54.23,2.51769e-07,5.65638e-08,-127.902
54.24,2.51547e-07,5.65131e-08,-128.043
54.25,2.51323e-07,5.64639e-08,-128.183
54.26,2.51091e-07,5.64341e-08,-128.324
54.27,2.50849e-07,5.64184e-08,-128.465
54.28,2.50598e-07,5.64099e-08,-128.605
54.29,2.50341e-07,5.64048e-08,-128.746
54.3,2.5008e-07,5.64013e-08,-128.887
54.31,2.49815e-07,5.63985e-08,-129.027
54.32,2.49547e-07,5.63953e-08,-129.168
54.33,2.49277e-07,5.63913e-08,-129.309
54.34,2.49005e-07,5.63861e-08,-129.449
54.35,2.48731e-07,5.63795e-08,-129.59
54.36,2.48455e-07,5.63709e-08,-129.731
54.37,2.48178e-07,5.63609e-08,-129.872
54.38,2.47899e-07,5.63491e-08,-130.012
54.39,2.47618e-07,5.63355e-08,-130.153
54.4,2.47335e-07,5.63202e-08,-130.294
54.41,2.47049e-07,5.63031e-08,-130.435
54.42,2.46762e-07,5.62847e-08,-130.575
54.43,2.46472e-07,5.62645e-08,-130.716
54.44,2.4618e-07,5.62429e-08,-130.857
54.45,2.45885e-07,5.62196e-08,-130.998
54.46,2.45587e-07,5.61949e-08,-131.139
54.47,2.45286e-07,5.61685e-08,-131.28
54.48,2.44982e-07,5.61408e-08,-131.42
54.49,2.44675e-07,5.61118e-08,-131.561
54.5,2.44364e-07,5.60816e-08,-131.702
54.51,2.4405e-07,5.60501e-08,-131.843
54.52,2.43732e-07,5.60172e-08,-131.984
54.53,2.4341e-07,5.59832e-08,-132.125
54.54,2.43084e-07,5.59479e-08,-132.266
54.55,2.42753e-07,5.59115e-08,-132.407
54.56,2.42418e-07,5.58739e-08,-132.548
54.57,2.42078e-07,5.58351e-08,-132.689
54.58,2.41733e-07,5.57952e-08,-132.83
54.59,2.41383e-07,5.57541e-08,-132.971
54.6,2.41027e-07,5.57122e-08,-133.112
54.61,2.40666e-07,5.5669e-08,-133.253
54.62,2.403e-07,5.56249e-08,-133.394
54.63,2.39927e-07,5.55798e-08,-133.535
54.64,2.39548e-07,5.55334e-08,-133.676
54.65,2.39162e-07,5.54858e-08,-133.817
54.66,2.3877e-07,5.54374e-08,-133.958
54.67,2.3837e-07,5.5388e-08,-134.099
54.68,2.37963e-07,5.53373e-08,-134.241
54.69,2.37549e-07,5.52854e-08,-134.382
54.7,2.37126e-07,5.52327e-08,-134.523
54.71,2.36695e-07,5.51787e-08,-134.664
54.72,2.36255e-07,5.51237e-08,-134.806
54.73,2.35807e-07,5.50676e-08,-134.947
54.74,2.35349e-07,5.50101e-08,-135.088
54.75,2.34881e-07,5.49516e-08,-135.229
54.76,2.34403e-07,5.48918e-08,-135.371
54.77,2.33914e-07,5.48307e-08,-135.512
54.78,2.33414e-07,5.47684e-08,-135.654
54.79,2.32903e-07,5.47048e-08,-135.795
54.8,2.32379e-07,5.46399e-08,-135.936
54.81,2.31843e-07,5.45732e-08,-136.078
54.82,2.31294e-07,5.45056e-08,-136.219
54.83,2.3073e-07,5.44361e-08,-136.361
54.84,2.30153e-07,5.43652e-08,-136.503
54.85,2.2956e-07,5.42927e-08,-136.644
54.86,2.28951e-07,5.42186e-08,-136.786
54.87,2.28326e-07,5.41428e-08,-136.928
54.88,2.27674e-07,5.40537e-08,-137.069
54.89,2.26955e-07,5.39047e-08,-137.211
54.9,2.26185e-07,5.37132e-08,-137.353
54.91,2.25376e-07,5.34948e-08,-137.495
54.92,2.24535e-07,5.32594e-08,-137.636
54.93,2.23667e-07,5.30135e-08,-137.778
54.94,2.22773e-07,5.27608e-08,-137.92
54.95,2.21855e-07,5.25033e-08,-138.062
54.96,2.20911e-07,5.22421e-08,-138.204
54.97,2.1994e-07,5.19781e-08,-138.346
54.98,2.18942e-07,5.17114e-08,-138.488
54.99,2.17914e-07,5.14417e-08,-138.63
55,2.16873e-07,5.11479e-08,-138.772
55.01,2.15853e-07,5.07923e-08,-138.913
55.02,2.14836e-07,5.03965e-08,-139.055
55.03,2.13804e-07,4.99741e-08,-139.198
55.04,2.12744e-07,4.95328e-08,-139.34
55.05,2.11648e-07,4.90773e-08,-139.482
55.06,2.10508e-07,4.86099e-08,-139.624
55.07,2.09317e-07,4.81317e-08,-139.766
55.08,2.08072e-07,4.76422e-08,-139.908
55.09,2.06766e-07,4.7141e-08,-140.05
55.1,2.05394e-07,4.66272e-08,-140.192
55.11,2.03952e-07,4.60993e-08,-140.334
55.12,2.02431e-07,4.55548e-08,-140.477
55.13,2.00827e-07,4.49915e-08,-140.619
55.14,1.99132e-07,4.44064e-08,-140.761
55.15,1.97338e-07,4.37968e-08,-140.903
55.16,1.95436e-07,4.31585e-08,-141.045
55.17,1.93416e-07,4.24881e-08,-141.188
55.18,1.91254e-07,4.17918e-08,-141.33
55.19,1.8883e-07,4.11639e-08,-141.472
55.2,1.86144e-07,4.05769e-08,-141.614
55.21,1.83214e-07,3.99899e-08,-141.756
55.22,1.80037e-07,3.93768e-08,-141.899
55.23,1.76602e-07,3.87179e-08,-142.041
55.24,1.72882e-07,3.79961e-08,-142.183
55.25,1.68843e-07,3.71956e-08,-142.326
55.26,1.64538e-07,3.6437e-08,-142.468
55.27,1.59974e-07,3.579e-08,-142.61
55.28,1.55017e-07,3.51533e-08,-142.753
55.29,1.49545e-07,3.44612e-08,-142.895
55.3,1.43421e-07,3.36618e-08,-143.037
55.31,1.36485e-07,3.27051e-08,-143.179
55.32,1.28527e-07,3.15328e-08,-143.321
55.33,1.19316e-07,3.01531e-08,-143.463
55.34,1.08691e-07,2.88224e-08,-143.604
55.35,9.6581e-08,2.69547e-08,-143.744
55.36,8.6732e-08,2.38535e-08,-143.884
55.37,7.7668e-08,1.96083e-08,-144.025
55.38,6.79519e-08,1.63954e-08,-144.166
55.39,5.94709e-08,1.50138e-08,-144.307
55.4,5.20344e-08,1.49384e-08,-144.449
55.41,4.54872e-08,1.57761e-08,-144.592
55.42,3.97021e-08,1.72323e-08,-144.734
55.43,3.4575e-08,1.9089e-08,-144.876
55.44,3.00182e-08,2.11838e-08,-145.019
55.45,2.59587e-08,2.33995e-08,-145.162
55.46,2.2334e-08,2.56517e-08,-145.304
55.47,1.90924e-08,2.788e-08,-145.447
55.48,1.61885e-08,3.00432e-08,-145.589
55.49,1.35835e-08,3.21133e-08,-145.732
55.5,1.12437e-08,3.40743e-08,-145.875
55.51,9.14052e-09,3.59155e-08,-146.018
55.52,7.2484e-09,3.76329e-08,-146.16
55.53,5.54419e-09,3.92269e-08,-146.303
55.54,4.00911e-09,4.07003e-08,-146.446
55.55,2.62449e-09,4.20569e-08,-146.589
55.56,1.37631e-09,4.33026e-08,-146.731
55.57,2.498e-10,4.44434e-08,-146.874
55.58,-7.67245e-10,4.54866e-08,-147.017
55.59,-1.68519e-09,4.64388e-08,-147.16
55.6,-2.51428e-09,4.73058e-08,-147.303
55.61,-3.26309e-09,4.80954e-08,-147.445
55.62,-3.93936e-09,4.88134e-08,-147.588
55.63,-4.5511e-09,4.9466e-08,-147.731
55.64,-5.10336e-09,5.00584e-08,-147.874
55.65,-5.6029e-09,5.05962e-08,-148.016
55.66,-6.05419e-09,5.1084e-08,-148.159
55.67,-6.4625e-09,5.15257e-08,-148.302
55.68,-6.83132e-09,5.1927e-08,-148.445
55.69,-7.16493e-09,5.22904e-08,-148.587
55.7,-7.46623e-09,5.2619e-08,-148.73
55.71,-7.73873e-09,5.29168e-08,-148.873
55.72,-7.9854e-09,5.31864e-08,-149.016
55.73,-8.20819e-09,5.34307e-08,-149.159
55.74,-8.40958e-09,5.36515e-08,-149.301
55.75,-8.59186e-09,5.38515e-08,-149.444
55.76,-8.7567e-09,5.40328e-08,-149.587
55.77,-8.90532e-09,5.41965e-08,-149.73
55.78,-9.04022e-09,5.43447e-08,-149.872
55.79,-9.16159e-09,5.44791e-08,-150.015
55.8,-9.2719e-09,5.46001e-08,-150.158
55.81,-9.37144e-09,5.47101e-08,-150.301
55.82,-9.46166e-09,5.48091e-08,-150.444
55.83,-9.54355e-09,5.48991e-08,-150.586
55.84,-9.61736e-09,5.49798e-08,-150.729
55.85,-9.68411e-09,5.50533e-08,-150.872
55.86,-9.74432e-09,5.51198e-08,-151.015
55.87,-9.79912e-09,5.51797e-08,-151.157
55.88,-9.84814e-09,5.52341e-08,-151.3
55.89,-9.89275e-09,5.52834e-08,-151.443
55.9,-9.93299e-09,5.53273e-08,-151.586
55.91,-9.96972e-09,5.53676e-08,-151.729
55.92,-1.00029e-08,5.5404e-08,-151.871
55.93,-1.00329e-08,5.54367e-08,-152.014
55.94,-1.00597e-08,5.54661e-08,-152.157
55.95,-1.0084e-08,5.54935e-08,-152.3
55.96,-1.01056e-08,5.5517e-08,-152.442
55.97,-1.01259e-08,5.55393e-08,-152.585
55.98,-1.01442e-08,5.55591e-08,-152.728
55.99,-1.01606e-08,5.55771e-08,-152.871
56,-1.01755e-08,5.55935e-08,-153.013
56.01,-1.01887e-08,5.56084e-08,-153.156
56.02,-1.02008e-08,5.56214e-08,-153.299
56.03,-1.02116e-08,5.56334e-08,-153.442
56.04,-1.02216e-08,5.56442e-08,-153.585
56.05,-1.02304e-08,5.56541e-08,-153.727
56.06,-1.02386e-08,5.56627e-08,-153.87
56.07,-1.02459e-08,5.56708e-08,-154.013
56.08,-1.02525e-08,5.5678e-08,-154.156
56.09,-1.02585e-08,5.56845e-08,-154.298
56.1,-1.02639e-08,5.56903e-08,-154.441
56.11,-1.02687e-08,5.56958e-08,-154.584
56.12,-1.02728e-08,5.57007e-08,-154.727
56.13,-1.0277e-08,5.57053e-08,-154.87
56.14,-1.02806e-08,5.57094e-08,-155.012
56.15,-1.02838e-08,5.57127e-08,-155.155
56.16,-1.02869e-08,5.5716e-08,-155.298
56.17,-1.02897e-08,5.5719e-08,-155.441
56.18,-1.02923e-08,5.57218e-08,-155.583
56.19,-1.02945e-08,5.57242e-08,-155.726
56.2,-1.0296e-08,5.57264e-08,-155.869
56.21,-1.02979e-08,5.57285e-08,-156.012
56.22,-1.02997e-08,5.57299e-08,-156.155
56.23,-1.03009e-08,5.5732e-08,-156.297
56.24,-1.03025e-08,5.57326e-08,-156.44
56.25,-1.03036e-08,5.57349e-08,-156.583
56.26,-1.03046e-08,5.57358e-08,-156.726
56.27,-1.03055e-08,5.57362e-08,-156.868
56.28,-1.03066e-08,5.57386e-08,-157.011
56.29,-1.03072e-08,5.57391e-08,-157.154
56.3,-1.03082e-08,5.5739e-08,-157.297
56.31,-1.03086e-08,5.57396e-08,-157.44
56.32,-1.03093e-08,5.57416e-08,-157.582
56.33,-1.03092e-08,5.57428e-08,-157.725
56.34,-1.031e-08,5.57429e-08,-157.868
56.35,-1.0311e-08,5.57428e-08,-158.011
56.36,-1.0312e-08,5.57426e-08,-158.153
56.37,-1.03131e-08,5.57425e-08,-158.296
56.38,-1.03139e-08,5.57426e-08,-158.439
56.39,-1.03138e-08,5.57437e-08,-158.582
56.4,-1.03138e-08,5.57449e-08,-158.724
56.41,-1.03136e-08,5.57459e-08,-158.867
56.42,-1.03124e-08,5.57459e-08,-159.01
56.43,-1.03114e-08,5.5746e-08,-159.153
56.44,-1.03104e-08,5.57462e-08,-159.296
56.45,-1.03095e-08,5.57465e-08,-159.438
56.46,-1.03087e-08,5.57468e-08,-159.581
56.47,-1.0308e-08,5.57473e-08,-159.724
56.48,-1.03073e-08,5.57478e-08,-159.867
56.49,-1.03067e-08,5.57485e-08,-160.009
56.5,-1.03065e-08,5.57487e-08,-160.152
56.51,-1.03065e-08,5.57487e-08,-160.295
56.52,-1.03066e-08,5.57488e-08,-160.438
56.53,-1.03068e-08,5.57488e-08,-160.581
56.54,-1.03072e-08,5.57487e-08,-160.723
56.55,-1.03077e-08,5.57487e-08,-160.866
56.56,-1.03081e-08,5.57487e-08,-161.009
56.57,-1.03088e-08,5.57487e-08,-161.152
56.58,-1.03096e-08,5.57488e-08,-161.294
56.59,-1.03104e-08,5.57486e-08,-161.437
56.6,-1.03114e-08,5.57485e-08,-161.58
56.61,-1.03123e-08,5.57485e-08,-161.723
56.62,-1.03134e-08,5.57483e-08,-161.866
56.63,-1.03144e-08,5.57482e-08,-162.008
56.64,-1.03154e-08,5.5748e-08,-162.151
56.65,-1.03164e-08,5.57479e-08,-162.294
56.66,-1.03174e-08,5.57477e-08,-162.437
56.67,-1.03185e-08,5.57476e-08,-162.579
56.68,-1.03195e-08,5.57474e-08,-162.722
56.69,-1.03205e-08,5.57473e-08,-162.865
56.7,-1.03215e-08,5.57471e-08,-163.008
56.71,-1.03214e-08,5.57481e-08,-163.15
56.72,-1.03203e-08,5.57482e-08,-163.293
56.73,-1.0319e-08,5.57482e-08,-163.436
56.74,-1.03177e-08,5.57481e-08,-163.579
56.75,-1.03164e-08,5.57479e-08,-163.722
56.76,-1.03151e-08,5.57478e-08,-163.864
56.77,-1.03137e-08,5.57476e-08,-164.007
56.78,-1.03124e-08,5.57475e-08,-164.15
56.79,-1.03111e-08,5.57473e-08,-164.293
56.8,-1.03097e-08,5.57472e-08,-164.435
56.81,-1.03087e-08,5.57473e-08,-164.578
56.82,-1.03086e-08,5.57484e-08,-164.721
56.83,-1.03094e-08,5.57485e-08,-164.864
56.84,-1.03103e-08,5.57485e-08,-165.007
56.85,-1.03113e-08,5.57484e-08,-165.149
56.86,-1.03123e-08,5.57482e-08,-165.292
56.87,-1.03134e-08,5.57481e-08,-165.435
56.88,-1.03144e-08,5.57479e-08,-165.578
56.89,-1.03154e-08,5.57478e-08,-165.72
56.9,-1.03164e-08,5.57476e-08,-165.863
56.91,-1.03174e-08,5.57475e-08,-166.006
56.92,-1.03184e-08,5.57473e-08,-166.149
56.93,-1.03195e-08,5.57472e-08,-166.292
56.94,-1.03205e-08,5.5747e-08,-166.434
56.95,-1.03215e-08,5.57469e-08,-166.577
56.96,-1.03225e-08,5.57467e-08,-166.72
56.97,-1.03222e-08,5.57478e-08,-166.863
56.98,-1.03216e-08,5.57486e-08,-167.005
56.99,-1.03206e-08,5.57488e-08,-167.148
57,-1.03196e-08,5.57488e-08,-167.291
57.01,-1.03186e-08,5.57488e-08,-167.434
57.02,-1.03174e-08,5.57487e-08,-167.577
57.03,-1.03162e-08,5.57487e-08,-167.719
57.04,-1.0315e-08,5.57487e-08,-167.862
57.05,-1.03137e-08,5.57487e-08,-168.005
57.06,-1.03124e-08,5.57485e-08,-168.148
57.07,-1.03112e-08,5.57485e-08,-168.29
57.08,-1.03098e-08,5.57483e-08,-168.433
57.09,-1.03085e-08,5.57482e-08,-168.576
57.1,-1.03072e-08,5.57481e-08,-168.719
57.11,-1.0306e-08,5.5748e-08,-168.861
57.12,-1.03059e-08,5.57487e-08,-169.004
57.13,-1.03062e-08,5.57488e-08,-169.147
57.14,-1.03066e-08,5.57488e-08,-169.29
57.15,-1.03071e-08,5.57487e-08,-169.433
57.16,-1.03075e-08,5.57487e-08,-169.575
57.17,-1.03079e-08,5.57487e-08,-169.718
57.18,-1.03084e-08,5.57487e-08,-169.861
57.19,-1.03089e-08,5.57488e-08,-170.004
57.2,-1.03095e-08,5.57486e-08,-170.146
57.21,-1.031e-08,5.57488e-08,-170.289
57.22,-1.03107e-08,5.57487e-08,-170.432
57.23,-1.03114e-08,5.57487e-08,-170.575
57.24,-1.0312e-08,5.57487e-08,-170.718
57.25,-1.03127e-08,5.57487e-08,-170.86
57.26,-1.03135e-08,5.57488e-08,-171.003
57.27,-1.03143e-08,5.57487e-08,-171.146
57.28,-1.03151e-08,5.57488e-08,-171.289
57.29,-1.03158e-08,5.57487e-08,-171.431
57.3,-1.03167e-08,5.57487e-08,-171.574
57.31,-1.03175e-08,5.57488e-08,-171.717
57.32,-1.03182e-08,5.57487e-08,-171.86
57.33,-1.03191e-08,5.57487e-08,-172.003
57.34,-1.03201e-08,5.57487e-08,-172.145
57.35,-1.0321e-08,5.57486e-08,-172.288
57.36,-1.03219e-08,5.57486e-08,-172.431
57.37,-1.03227e-08,5.57487e-08,-172.574
57.38,-1.03236e-08,5.57487e-08,-172.716
57.39,-1.03245e-08,5.57487e-08,-172.859
57.4,-1.03254e-08,5.57487e-08,-173.002
57.41,-1.03266e-08,5.57491e-08,-173.145
57.42,-1.03329e-08,5.5752e-08,-173.288
57.43,-1.03359e-08,5.5753e-08,-173.43
57.44,-1.03347e-08,5.57507e-08,-173.573
57.45,-1.03302e-08,5.57456e-08,-173.716
57.46,-1.03226e-08,5.57382e-08,-173.859
57.47,-1.03131e-08,5.57285e-08,-174.001
57.48,-1.03016e-08,5.57173e-08,-174.144
57.49,-1.02886e-08,5.57044e-08,-174.287
57.5,-1.02746e-08,5.569e-08,-174.43
57.51,-1.02597e-08,5.56743e-08,-174.573
57.52,-1.02442e-08,5.56575e-08,-174.716
57.53,-1.02281e-08,5.56396e-08,-174.859
57.54,-1.02112e-08,5.56208e-08,-175.002
57.55,-1.01941e-08,5.5601e-08,-175.145
57.56,-1.01767e-08,5.55806e-08,-175.288
57.57,-1.0159e-08,5.55594e-08,-175.43
57.58,-1.01412e-08,5.55376e-08,-175.573
57.59,-1.01231e-08,5.55153e-08,-175.716
57.6,-1.0105e-08,5.54924e-08,-175.859
57.61,-1.00868e-08,5.54691e-08,-176.003
57.62,-1.00686e-08,5.5445e-08,-176.146
57.63,-1.00503e-08,5.54206e-08,-176.289
57.64,-1.0032e-08,5.53959e-08,-176.432
57.65,-1.00136e-08,5.53708e-08,-176.575
57.66,-9.99512e-09,5.53454e-08,-176.718
57.67,-9.9767e-09,5.53196e-08,-176.861
57.68,-9.95825e-09,5.52935e-08,-177.004
57.69,-9.93967e-09,5.52672e-08,-177.147
57.7,-9.9214e-09,5.52404e-08,-177.291
57.71,-9.90285e-09,5.52135e-08,-177.434
57.72,-9.88443e-09,5.51864e-08,-177.577
57.73,-9.86587e-09,5.51591e-08,-177.72
57.74,-9.84737e-09,5.51314e-08,-177.864
57.75,-9.82901e-09,5.51035e-08,-178.007
57.76,-9.81025e-09,5.50757e-08,-178.15
57.77,-9.79243e-09,5.50471e-08,-178.293
57.78,-9.7741e-09,5.50186e-08,-178.437
57.79,-9.75556e-09,5.49903e-08,-178.58
57.8,-9.7368e-09,5.49621e-08,-178.723
57.81,-9.71852e-09,5.49331e-08,-178.867
57.82,-9.70016e-09,5.49038e-08,-179.01
57.83,-9.68191e-09,5.48748e-08,-179.154
57.84,-9.66353e-09,5.48455e-08,-179.297
57.85,-9.64508e-09,5.48159e-08,-179.441
57.86,-9.62662e-09,5.47864e-08,-179.584
57.87,-9.60802e-09,5.47567e-08,-179.727
57.88,-9.58961e-09,5.47266e-08,-179.871
57.89,-9.57106e-09,5.46966e-08,179.985
57.9,-9.55258e-09,5.46663e-08,179.842
57.91,-9.53397e-09,5.4636e-08,179.698
57.92,-9.51523e-09,5.46055e-08,179.555
57.93,-9.49651e-09,5.4575e-08,179.411
57.94,-9.47775e-09,5.45442e-08,179.268
57.95,-9.45894e-09,5.45134e-08,179.124
57.96,-9.44015e-09,5.44822e-08,178.98
57.97,-9.42107e-09,5.44511e-08,178.837
57.98,-9.40215e-09,5.44197e-08,178.693
57.99,-9.38302e-09,5.43881e-08,178.549
58,-9.36376e-09,5.43566e-08,178.406
58.01,-9.34437e-09,5.4325e-08,178.262
58.02,-9.32487e-09,5.42931e-08,178.118
58.03,-9.30527e-09,5.42611e-08,177.974
58.04,-9.28569e-09,5.42289e-08,177.831
58.05,-9.26577e-09,5.41966e-08,177.687
58.06,-9.24571e-09,5.41643e-08,177.543
58.07,-9.22553e-09,5.41317e-08,177.399
58.08,-9.2056e-09,5.40986e-08,177.255
58.09,-9.18537e-09,5.40654e-08,177.111
58.1,-9.16487e-09,5.40322e-08,176.968
58.11,-9.14421e-09,5.39988e-08,176.824
58.12,-9.12318e-09,5.39653e-08,176.68
58.13,-9.10208e-09,5.39318e-08,176.536
58.14,-9.0808e-09,5.3898e-08,176.392
58.15,-9.05944e-09,5.38639e-08,176.248
58.16,-9.03778e-09,5.38296e-08,176.104
58.17,-9.01587e-09,5.37951e-08,175.96
58.18,-8.99384e-09,5.37603e-08,175.816
58.19,-8.97141e-09,5.37254e-08,175.672
58.2,-8.9488e-09,5.36904e-08,175.528
58.21,-8.92591e-09,5.36551e-08,175.384
58.22,-8.90265e-09,5.36196e-08,175.24
58.23,-8.87909e-09,5.35838e-08,175.096
58.24,-8.85546e-09,5.35479e-08,174.951
58.25,-8.8313e-09,5.35116e-08,174.807
58.26,-8.80701e-09,5.34751e-08,174.663
58.27,-8.78235e-09,5.34384e-08,174.519
58.28,-8.75733e-09,5.34013e-08,174.375
58.29,-8.7321e-09,5.33641e-08,174.231
58.3,-8.70656e-09,5.33266e-08,174.086
58.31,-8.68073e-09,5.32885e-08,173.942
58.32,-8.65459e-09,5.32502e-08,173.798
58.33,-8.6278e-09,5.3212e-08,173.654
58.34,-8.60048e-09,5.31737e-08,173.509
58.35,-8.5729e-09,5.31348e-08,173.365
58.36,-8.54477e-09,5.30955e-08,173.221
58.37,-8.51624e-09,5.30559e-08,173.076
58.38,-8.48736e-09,5.30162e-08,172.932
58.39,-8.45788e-09,5.29762e-08,172.788
58.4,-8.428e-09,5.29359e-08,172.643
58.41,-8.39756e-09,5.28952e-08,172.499
58.42,-8.36674e-09,5.2854e-08,172.354
58.43,-8.33532e-09,5.28127e-08,172.21
58.44,-8.30342e-09,5.27709e-08,172.065
58.45,-8.27089e-09,5.27287e-08,171.921
58.46,-8.23758e-09,5.26864e-08,171.776
58.47,-8.20376e-09,5.26434e-08,171.632
58.48,-8.16953e-09,5.26001e-08,171.487
58.49,-8.13459e-09,5.25564e-08,171.343
58.5,-8.09898e-09,5.25121e-08,171.198
58.51,-8.06268e-09,5.24674e-08,171.054
58.52,-8.02552e-09,5.24225e-08,170.909
58.53,-7.98762e-09,5.2377e-08,170.764
58.54,-7.94898e-09,5.23312e-08,170.62
58.55,-7.90959e-09,5.22847e-08,170.475
58.56,-7.86943e-09,5.22379e-08,170.33
58.57,-7.82848e-09,5.21904e-08,170.186
58.58,-7.78672e-09,5.21422e-08,170.041
58.59,-7.74364e-09,5.20942e-08,169.896
58.6,-7.69959e-09,5.20454e-08,169.752
58.61,-7.65448e-09,5.19959e-08,169.607
58.62,-7.60859e-09,5.19463e-08,169.462
58.63,-7.56175e-09,5.18957e-08,169.317
58.64,-7.51366e-09,5.18449e-08,169.172
58.65,-7.46438e-09,5.17935e-08,169.027
58.66,-7.41401e-09,5.17415e-08,168.883
58.67,-7.36236e-09,5.16889e-08,168.738
58.68,-7.30932e-09,5.16356e-08,168.593
58.69,-7.25507e-09,5.15818e-08,168.448
58.7,-7.19937e-09,5.15273e-08,168.303
58.71,-7.14256e-09,5.14716e-08,168.158
58.72,-7.08411e-09,5.14156e-08,168.013
58.73,-7.02383e-09,5.13592e-08,167.868
58.74,-6.96212e-09,5.13021e-08,167.723
58.75,-6.89857e-09,5.12442e-08,167.578
58.76,-6.83327e-09,5.11856e-08,167.433
58.77,-6.77664e-09,5.11219e-08,167.287
58.78,-6.76747e-09,5.10389e-08,167.142
58.79,-6.79174e-09,5.0943e-08,166.997
58.8,-6.82915e-09,5.08232e-08,166.851
58.81,-6.86209e-09,5.06519e-08,166.705
58.82,-6.89233e-09,5.04438e-08,166.56
58.83,-6.92002e-09,5.02104e-08,166.414
58.84,-6.94349e-09,4.99799e-08,166.268
58.85,-6.96438e-09,4.97936e-08,166.122
58.86,-6.98596e-09,4.9636e-08,165.976
58.87,-7.00703e-09,4.9497e-08,165.831
58.88,-7.02722e-09,4.93687e-08,165.686
58.89,-7.04523e-09,4.92469e-08,165.541
58.9,-7.06006e-09,4.91282e-08,165.396
58.91,-7.07053e-09,4.9011e-08,165.251
58.92,-7.07629e-09,4.88937e-08,165.107
58.93,-7.07449e-09,4.87757e-08,164.962
58.94,-7.02624e-09,4.86666e-08,164.818
58.95,-6.92987e-09,4.85684e-08,164.674
58.96,-6.79908e-09,4.84778e-08,164.53
58.97,-6.64388e-09,4.83918e-08,164.386
58.98,-6.47139e-09,4.83075e-08,164.242
58.99,-6.28601e-09,4.82235e-08,164.098
59,-6.09287e-09,4.81681e-08,163.954
59.01,-5.89695e-09,4.8174e-08,163.81
59.02,-5.69923e-09,4.82148e-08,163.666
59.03,-5.49941e-09,4.82739e-08,163.522
59.04,-5.2956e-09,4.83424e-08,163.378
59.05,-5.08704e-09,4.84139e-08,163.234
59.06,-4.87308e-09,4.84852e-08,163.09
59.07,-4.65922e-09,4.85507e-08,162.947
59.08,-4.51468e-09,4.85799e-08,162.803
59.09,-4.42533e-09,4.85793e-08,162.66
59.1,-4.3654e-09,4.85595e-08,162.516
59.11,-4.31854e-09,4.85265e-08,162.373
59.12,-4.27497e-09,4.84834e-08,162.229
59.13,-4.22784e-09,4.84328e-08,162.086
59.14,-4.16482e-09,4.83528e-08,161.942
59.15,-4.05688e-09,4.81686e-08,161.798
59.16,-3.91441e-09,4.79102e-08,161.655
59.17,-3.74473e-09,4.76053e-08,161.511
59.18,-3.55113e-09,4.727e-08,161.368
59.19,-3.33485e-09,4.69143e-08,161.225
59.2,-3.09557e-09,4.65432e-08,161.082
59.21,-2.79476e-09,4.61755e-08,160.94
59.22,-2.37761e-09,4.58361e-08,160.797
59.23,-1.87427e-09,4.55124e-08,160.655
59.24,-1.30392e-09,4.51939e-08,160.512
59.25,-6.75714e-10,4.48729e-08,160.37
59.26,7.20863e-12,4.45436e-08,160.227
59.27,7.46813e-10,4.42017e-08,160.085
59.28,1.54874e-09,4.38439e-08,159.942
59.29,2.42135e-09,4.34662e-08,159.8
59.3,3.37671e-09,4.3066e-08,159.658
59.31,4.42993e-09,4.26388e-08,159.515
59.32,5.60081e-09,4.21805e-08,159.373
59.33,6.91555e-09,4.16853e-08,159.231
59.34,8.4076e-09,4.11454e-08,159.089
59.35,1.01239e-08,4.05508e-08,158.947
59.36,1.21291e-08,3.98893e-08,158.805
59.37,1.45167e-08,3.91406e-08,158.663
59.38,1.74305e-08,3.82757e-08,158.522
59.39,2.12892e-08,3.7335e-08,158.38
59.4,2.72288e-08,3.76117e-08,158.239
59.41,3.56342e-08,4.30776e-08,158.1
59.42,4.79181e-08,4.96704e-08,157.964
59.43,6.48148e-08,5.2614e-08,157.826
59.44,8.28312e-08,5.47188e-08,157.686
59.45,9.93915e-08,5.63599e-08,157.545
59.46,1.14514e-07,5.76165e-08,157.404
59.47,1.28304e-07,5.85615e-08,157.263
59.48,1.40862e-07,5.92585e-08,157.121
59.49,1.52289e-07,5.97605e-08,156.979
59.5,1.62677e-07,6.01106e-08,156.837
59.51,1.72115e-07,6.03439e-08,156.694
59.52,1.80683e-07,6.04879e-08,156.552
59.53,1.8846e-07,6.05646e-08,156.41
59.54,1.95513e-07,6.05917e-08,156.267
59.55,2.01909e-07,6.05816e-08,156.124
59.56,2.07706e-07,6.05454e-08,155.982
59.57,2.1296e-07,6.0491e-08,155.839
59.58,2.17719e-07,6.04248e-08,155.697
59.59,2.2203e-07,6.03513e-08,155.554
59.6,2.25934e-07,6.02738e-08,155.411
59.61,2.29469e-07,6.01948e-08,155.268
59.62,2.32669e-07,6.01165e-08,155.126
59.63,2.35566e-07,6.00396e-08,154.983
59.64,2.38188e-07,5.99656e-08,154.84
59.65,2.40561e-07,5.98958e-08,154.697
59.66,2.42708e-07,5.98296e-08,154.555
59.67,2.44651e-07,5.97677e-08,154.412
59.68,2.46408e-07,5.97097e-08,154.269
59.69,2.47999e-07,5.96555e-08,154.126
59.7,2.49438e-07,5.9606e-08,153.984
59.71,2.5074e-07,5.95598e-08,153.841
59.72,2.51918e-07,5.95173e-08,153.698
59.73,2.52983e-07,5.94785e-08,153.555
59.74,2.53947e-07,5.94428e-08,153.413
59.75,2.54819e-07,5.94101e-08,153.27
59.76,2.55607e-07,5.93805e-08,153.127
59.77,2.5632e-07,5.93532e-08,152.984
59.78,2.56965e-07,5.93285e-08,152.841
59.79,2.57549e-07,5.9306e-08,152.699
59.8,2.58077e-07,5.92856e-08,152.556
59.81,2.58554e-07,5.92667e-08,152.413
59.82,2.58985e-07,5.925e-08,152.27
59.83,2.59376e-07,5.92348e-08,152.128
59.84,2.59729e-07,5.92209e-08,151.985
59.85,2.60048e-07,5.92084e-08,151.842
59.86,2.60337e-07,5.91972e-08,151.699
59.87,2.60598e-07,5.91868e-08,151.556
59.88,2.60834e-07,5.91774e-08,151.414
59.89,2.61048e-07,5.91689e-08,151.271
59.9,2.61241e-07,5.9161e-08,151.128
59.91,2.61416e-07,5.91541e-08,150.985
59.92,2.61574e-07,5.91476e-08,150.843
59.93,2.61717e-07,5.91418e-08,150.7
59.94,2.61846e-07,5.91365e-08,150.557
59.95,2.61963e-07,5.91314e-08,150.414
59.96,2.62069e-07,5.91273e-08,150.271
59.97,2.62165e-07,5.91234e-08,150.129
59.98,2.62251e-07,5.91204e-08,149.986
59.99,2.62329e-07,5.91175e-08,149.843
60,2.624e-07,5.91146e-08,149.7
60.01,2.62464e-07,5.91124e-08,149.558
60.02,2.62522e-07,5.91099e-08,149.415
60.03,2.62574e-07,5.91077e-08,149.272
60.04,2.62621e-07,5.91056e-08,149.129
60.05,2.62664e-07,5.91037e-08,148.987
60.06,2.62703e-07,5.91019e-08,148.844
60.07,2.62738e-07,5.91004e-08,148.701
60.08,2.62769e-07,5.90992e-08,148.558
60.09,2.62798e-07,5.90979e-08,148.415
60.1,2.62824e-07,5.90968e-08,148.273
60.11,2.62847e-07,5.90958e-08,148.13
60.12,2.62869e-07,5.90945e-08,147.987
60.13,2.62888e-07,5.90936e-08,147.844
60.14,2.62905e-07,5.90931e-08,147.702
60.15,2.62921e-07,5.90926e-08,147.559
60.16,2.62935e-07,5.90921e-08,147.416
60.17,2.62948e-07,5.90917e-08,147.273
60.18,2.6296e-07,5.90912e-08,147.13
60.19,2.6297e-07,5.90907e-08,146.988
60.2,2.6298e-07,5.90905e-08,146.845
60.21,2.62988e-07,5.90902e-08,146.702
60.22,2.62996e-07,5.90897e-08,146.559
60.23,2.63003e-07,5.90895e-08,146.417
60.24,2.63009e-07,5.90891e-08,146.274
60.25,2.63015e-07,5.90887e-08,146.131
60.26,2.6302e-07,5.90891e-08,145.988
60.27,2.63025e-07,5.90884e-08,145.846
60.28,2.63029e-07,5.90883e-08,145.703
60.29,2.63033e-07,5.90884e-08,145.56
60.3,2.63036e-07,5.90878e-08,145.417
60.31,2.63039e-07,5.90883e-08,145.274
60.32,2.63042e-07,5.90874e-08,145.132
60.33,2.63045e-07,5.90874e-08,144.989
60.34,2.63048e-07,5.90879e-08,144.846
60.35,2.6305e-07,5.90874e-08,144.703
60.36,2.63051e-07,5.90876e-08,144.561
60.37,2.63052e-07,5.90876e-08,144.418
60.38,2.63054e-07,5.90871e-08,144.275
60.39,2.63057e-07,5.90873e-08,144.132
60.4,2.63059e-07,5.90863e-08,143.989
60.41,2.63059e-07,5.90864e-08,143.847
60.42,2.6306e-07,5.90868e-08,143.704
60.43,2.63061e-07,5.90873e-08,143.561
60.44,2.63061e-07,5.90878e-08,143.418
60.45,2.63062e-07,5.90883e-08,143.276
60.46,2.63063e-07,5.90887e-08,143.133
60.47,2.63063e-07,5.90892e-08,142.99
60.48,2.63064e-07,5.90897e-08,142.847
60.49,2.63065e-07,5.90902e-08,142.704
60.5,2.63065e-07,5.90907e-08,142.562
60.51,2.63066e-07,5.90911e-08,142.419
60.52,2.63067e-07,5.90916e-08,142.276
60.53,2.63067e-07,5.90921e-08,142.133
60.54,2.63068e-07,5.90926e-08,141.991
60.55,2.63069e-07,5.90931e-08,141.848
60.56,2.63069e-07,5.90935e-08,141.705
60.57,2.6307e-07,5.9094e-08,141.562
60.58,2.63071e-07,5.90945e-08,141.42
60.59,2.63071e-07,5.9095e-08,141.277
60.6,2.63072e-07,5.90954e-08,141.134
60.61,2.63073e-07,5.90959e-08,140.991
60.62,2.63072e-07,5.90956e-08,140.848
60.63,2.63072e-07,5.90952e-08,140.706
60.64,2.63072e-07,5.90947e-08,140.563
60.65,2.63071e-07,5.90942e-08,140.42
60.66,2.63071e-07,5.90937e-08,140.277
60.67,2.6307e-07,5.90932e-08,140.135
60.68,2.6307e-07,5.90928e-08,139.992
60.69,2.6307e-07,5.90923e-08,139.849
60.7,2.63069e-07,5.90918e-08,139.706
60.71,2.63069e-07,5.90913e-08,139.563
60.72,2.63068e-07,5.90908e-08,139.421
60.73,2.63069e-07,5.90892e-08,139.278
60.74,2.63068e-07,5.90879e-08,139.135
60.75,2.63068e-07,5.90868e-08,138.992
60.76,2.63067e-07,5.90857e-08,138.85
60.77,2.63066e-07,5.90846e-08,138.707
60.78,2.63066e-07,5.90839e-08,138.564
60.79,2.63067e-07,5.90843e-08,138.421
60.8,2.63067e-07,5.90846e-08,138.278
60.81,2.63068e-07,5.90851e-08,138.136
60.82,2.63069e-07,5.90855e-08,137.993
60.83,2.63069e-07,5.9086e-08,137.85
60.84,2.6307e-07,5.90865e-08,137.707
60.85,2.6307e-07,5.9087e-08,137.565
60.86,2.63071e-07,5.90874e-08,137.422
60.87,2.63072e-07,5.90879e-08,137.279
60.88,2.63072e-07,5.90884e-08,137.136
60.89,2.63073e-07,5.90889e-08,136.994
60.9,2.63074e-07,5.90893e-08,136.851
60.91,2.63074e-07,5.90898e-08,136.708
60.92,2.63074e-07,5.90895e-08,136.565
60.93,2.63074e-07,5.9089e-08,136.422
60.94,2.63073e-07,5.90885e-08,136.28
60.95,2.63073e-07,5.90881e-08,136.137
60.96,2.63072e-07,5.90876e-08,135.994
60.97,2.63072e-07,5.90871e-08,135.851
60.98,2.63072e-07,5.90867e-08,135.709
60.99,2.6307e-07,5.9087e-08,135.566
61,2.63069e-07,5.90873e-08,135.423
61.01,2.63067e-07,5.9087e-08,135.28
61.02,2.63067e-07,5.90859e-08,135.137
61.03,2.63066e-07,5.90848e-08,134.995
61.04,2.63065e-07,5.90837e-08,134.852
61.05,2.63065e-07,5.90829e-08,134.709
61.06,2.63065e-07,5.90829e-08,134.566
61.07,2.63066e-07,5.9083e-08,134.424
61.08,2.63066e-07,5.9083e-08,134.281
61.09,2.63066e-07,5.90832e-08,134.138
61.1,2.63067e-07,5.90835e-08,133.995
61.11,2.63067e-07,5.90836e-08,133.853
61.12,2.63068e-07,5.90839e-08,133.71
61.13,2.63068e-07,5.90843e-08,133.567
61.14,2.63069e-07,5.90846e-08,133.424
61.15,2.63069e-07,5.9085e-08,133.281
61.16,2.6307e-07,5.90855e-08,133.139
61.17,2.63071e-07,5.9086e-08,132.996
61.18,2.63071e-07,5.90864e-08,132.853
61.19,2.63072e-07,5.90869e-08,132.71
61.2,2.63073e-07,5.90874e-08,132.568
61.21,2.63073e-07,5.90879e-08,132.425
61.22,2.63074e-07,5.90883e-08,132.282
61.23,2.63074e-07,5.90888e-08,132.139
61.24,2.63075e-07,5.90893e-08,131.996
61.25,2.63076e-07,5.90897e-08,131.854
61.26,2.63076e-07,5.90902e-08,131.711
61.27,2.63076e-07,5.909e-08,131.568
61.28,2.63076e-07,5.90896e-08,131.425
61.29,2.63076e-07,5.90891e-08,131.283
61.3,2.63075e-07,5.90886e-08,131.14
61.31,2.63075e-07,5.90881e-08,130.997
61.32,2.63074e-07,5.90877e-08,130.854
61.33,2.63074e-07,5.90872e-08,130.711
61.34,2.63074e-07,5.90867e-08,130.569
61.35,2.63073e-07,5.90862e-08,130.426
61.36,2.63073e-07,5.90857e-08,130.283
61.37,2.63072e-07,5.90852e-08,130.14
61.38,2.63072e-07,5.90847e-08,129.998
61.39,2.63071e-07,5.90842e-08,129.855
61.4,2.63071e-07,5.90837e-08,129.712
61.41,2.63071e-07,5.90833e-08,129.569
61.42,2.6307e-07,5.90831e-08,129.427
61.43,2.63069e-07,5.9083e-08,129.284
61.44,2.63068e-07,5.90829e-08,129.141
61.45,2.63062e-07,5.90825e-08,128.998
61.46,2.63049e-07,5.90762e-08,128.855
61.47,2.63037e-07,5.90616e-08,128.713
61.48,2.63021e-07,5.90499e-08,128.57
61.49,2.63007e-07,5.9047e-08,128.427
61.5,2.62996e-07,5.90505e-08,128.284
61.51,2.62985e-07,5.90584e-08,128.141
61.52,2.62972e-07,5.90692e-08,127.999
61.53,2.62957e-07,5.90815e-08,127.856
61.54,2.62938e-07,5.90948e-08,127.713
61.55,2.62915e-07,5.91084e-08,127.57
61.56,2.62888e-07,5.91222e-08,127.427
61.57,2.62856e-07,5.91355e-08,127.285
61.58,2.62819e-07,5.91486e-08,127.142
61.59,2.62777e-07,5.91609e-08,126.999
61.6,2.62731e-07,5.91723e-08,126.856
61.61,2.6268e-07,5.9183e-08,126.713
61.62,2.62625e-07,5.91928e-08,126.57
61.63,2.62565e-07,5.92017e-08,126.427
61.64,2.62501e-07,5.92096e-08,126.284
61.65,2.62433e-07,5.92166e-08,126.141
61.66,2.6236e-07,5.92227e-08,125.999
61.67,2.62284e-07,5.92276e-08,125.856
61.68,2.62204e-07,5.92316e-08,125.713
61.69,2.62119e-07,5.92344e-08,125.57
61.7,2.62032e-07,5.92364e-08,125.427
61.71,2.61941e-07,5.92373e-08,125.284
61.72,2.61846e-07,5.92373e-08,125.141
61.73,2.61749e-07,5.92364e-08,124.998
61.74,2.61648e-07,5.92346e-08,124.855
61.75,2.61544e-07,5.92319e-08,124.712
61.76,2.61437e-07,5.92285e-08,124.569
61.77,2.61327e-07,5.92239e-08,124.426
61.78,2.61215e-07,5.92185e-08,124.282
61.79,2.611e-07,5.92127e-08,124.139
61.8,2.60983e-07,5.9206e-08,123.996
61.81,2.60863e-07,5.91985e-08,123.853
61.82,2.6074e-07,5.91903e-08,123.71
61.83,2.60615e-07,5.91814e-08,123.567
61.84,2.60488e-07,5.91718e-08,123.424
61.85,2.60359e-07,5.91614e-08,123.281
61.86,2.60227e-07,5.91503e-08,123.137
61.87,2.60093e-07,5.91385e-08,122.994
61.88,2.59957e-07,5.91262e-08,122.851
61.89,2.5982e-07,5.91135e-08,122.708
61.9,2.5968e-07,5.91e-08,122.565
61.91,2.59539e-07,5.90859e-08,122.421
61.92,2.59395e-07,5.90712e-08,122.278
61.93,2.5925e-07,5.90561e-08,122.135
61.94,2.59102e-07,5.90403e-08,121.991
61.95,2.58954e-07,5.90242e-08,121.848
61.96,2.58803e-07,5.90076e-08,121.705
61.97,2.58651e-07,5.89907e-08,121.561
61.98,2.58497e-07,5.89732e-08,121.418
61.99,2.58341e-07,5.89551e-08,121.275
62,2.58183e-07,5.89359e-08,121.131
62.01,2.58022e-07,5.89092e-08,120.988
62.02,2.57857e-07,5.88754e-08,120.844
62.03,2.57689e-07,5.88365e-08,120.701
62.04,2.57519e-07,5.87934e-08,120.558
62.05,2.57348e-07,5.87478e-08,120.414
62.06,2.57174e-07,5.87003e-08,120.271
62.07,2.56999e-07,5.86515e-08,120.128
62.08,2.56823e-07,5.86021e-08,119.985
62.09,2.56646e-07,5.85521e-08,119.841
62.1,2.56468e-07,5.8502e-08,119.698
62.11,2.56288e-07,5.84516e-08,119.555
62.12,2.56107e-07,5.84015e-08,119.412
62.13,2.55924e-07,5.83513e-08,119.269
62.14,2.5574e-07,5.83013e-08,119.126
62.15,2.55555e-07,5.82516e-08,118.983
62.16,2.55368e-07,5.82021e-08,118.84
62.17,2.5518e-07,5.81531e-08,118.697
62.18,2.5499e-07,5.81038e-08,118.554
62.19,2.548e-07,5.80552e-08,118.411
62.2,2.54607e-07,5.80071e-08,118.268
62.21,2.54414e-07,5.7959e-08,118.125
62.22,2.54218e-07,5.79108e-08,117.983
62.23,2.5402e-07,5.78624e-08,117.84
62.24,2.53821e-07,5.78142e-08,117.697
62.25,2.5362e-07,5.77662e-08,117.555
62.26,2.53418e-07,5.77182e-08,117.412
62.27,2.53213e-07,5.76704e-08,117.269
62.28,2.53007e-07,5.76225e-08,117.127
62.29,2.528e-07,5.75747e-08,116.984
62.3,2.5259e-07,5.75266e-08,116.842
62.31,2.52379e-07,5.74785e-08,116.699
62.32,2.52165e-07,5.74302e-08,116.557
62.33,2.5195e-07,5.73817e-08,116.415
62.34,2.51733e-07,5.73331e-08,116.273
62.35,2.51513e-07,5.72844e-08,116.13
62.36,2.51292e-07,5.72355e-08,115.988
62.37,2.51069e-07,5.71863e-08,115.846
62.38,2.50843e-07,5.71371e-08,115.704
62.39,2.50607e-07,5.70901e-08,115.562
62.4,2.50351e-07,5.70491e-08,115.42
62.41,2.50081e-07,5.70129e-08,115.278
62.42,2.49802e-07,5.69803e-08,115.136
62.43,2.49515e-07,5.69499e-08,114.994
62.44,2.49223e-07,5.69211e-08,114.852
62.45,2.48927e-07,5.68931e-08,114.71
62.46,2.48628e-07,5.6865e-08,114.568
62.47,2.48325e-07,5.68367e-08,114.426
62.48,2.48021e-07,5.68078e-08,114.283
62.49,2.47714e-07,5.67782e-08,114.141
62.5,2.47405e-07,5.67474e-08,113.999
62.51,2.47094e-07,5.67158e-08,113.857
62.52,2.46781e-07,5.66829e-08,113.715
62.53,2.46465e-07,5.66487e-08,113.572
62.54,2.46147e-07,5.66138e-08,113.43
62.55,2.45826e-07,5.65775e-08,113.288
62.56,2.45503e-07,5.65398e-08,113.146
62.57,2.45177e-07,5.65009e-08,113.003
62.58,2.44848e-07,5.64606e-08,112.861
62.59,2.44516e-07,5.64193e-08,112.718
62.6,2.44181e-07,5.63765e-08,112.576
62.61,2.43842e-07,5.63327e-08,112.434
62.62,2.43499e-07,5.62878e-08,112.291
62.63,2.43152e-07,5.62414e-08,112.149
62.64,2.428e-07,5.61938e-08,112.006
62.65,2.42445e-07,5.61453e-08,111.864
62.66,2.42085e-07,5.60956e-08,111.721
62.67,2.41719e-07,5.60447e-08,111.578
62.68,2.41349e-07,5.59923e-08,111.436
62.69,2.40973e-07,5.59386e-08,111.293
62.7,2.40592e-07,5.58842e-08,111.15
62.71,2.40205e-07,5.58283e-08,111.008
62.72,2.39812e-07,5.57714e-08,110.865
62.73,2.39413e-07,5.57131e-08,110.722
62.74,2.39006e-07,5.56533e-08,110.579
62.75,2.38593e-07,5.55923e-08,110.436
62.76,2.38173e-07,5.55299e-08,110.293
62.77,2.37745e-07,5.54662e-08,110.15
62.78,2.3731e-07,5.54012e-08,110.007
62.79,2.36865e-07,5.53343e-08,109.864
62.8,2.36413e-07,5.52663e-08,109.721
62.81,2.35951e-07,5.51968e-08,109.578
62.82,2.35481e-07,5.5126e-08,109.435
62.83,2.35e-07,5.50531e-08,109.292
62.84,2.34509e-07,5.49786e-08,109.149
62.85,2.34008e-07,5.49023e-08,109.006
62.86,2.33496e-07,5.48244e-08,108.862
62.87,2.32972e-07,5.47444e-08,108.719
62.88,2.32435e-07,5.46601e-08,108.575
62.89,2.31873e-07,5.45228e-08,108.432
62.9,2.31284e-07,5.43318e-08,108.289
62.91,2.30673e-07,5.41052e-08,108.145
62.92,2.30043e-07,5.38559e-08,108.002
62.93,2.29395e-07,5.35917e-08,107.859
62.94,2.28729e-07,5.33185e-08,107.715
62.95,2.28048e-07,5.30398e-08,107.572
62.96,2.27349e-07,5.27578e-08,107.429
62.97,2.26634e-07,5.24744e-08,107.286
62.98,2.259e-07,5.21895e-08,107.143
62.99,2.25148e-07,5.19038e-08,107
63,2.24375e-07,5.16172e-08,106.857
63.01,2.23581e-07,5.13293e-08,106.714
63.02,2.22766e-07,5.10402e-08,106.572
63.03,2.21926e-07,5.07489e-08,106.429
63.04,2.21061e-07,5.04555e-08,106.286
63.05,2.2017e-07,5.01589e-08,106.144
63.06,2.19252e-07,4.9858e-08,106.001
63.07,2.18371e-07,4.95666e-08,105.859
63.08,2.17541e-07,4.92944e-08,105.717
63.09,2.1673e-07,4.90302e-08,105.575
63.1,2.15917e-07,4.87679e-08,105.433
63.11,2.15086e-07,4.8504e-08,105.291
63.12,2.14228e-07,4.82354e-08,105.149
63.13,2.13333e-07,4.79602e-08,105.008
63.14,2.12396e-07,4.76778e-08,104.867
63.15,2.11412e-07,4.73868e-08,104.725
63.16,2.10376e-07,4.7086e-08,104.584
63.17,2.09302e-07,4.67651e-08,104.443
63.18,2.08198e-07,4.64221e-08,104.303
63.19,2.0705e-07,4.60629e-08,104.162
63.2,2.05848e-07,4.56886e-08,104.021
63.21,2.04582e-07,4.5298e-08,103.881
63.22,2.03245e-07,4.48899e-08,103.74
63.23,2.01829e-07,4.44618e-08,103.599
63.24,2.00321e-07,4.40126e-08,103.459
63.25,1.98599e-07,4.35613e-08,103.318
63.26,1.9666e-07,4.31097e-08,103.178
63.27,1.94538e-07,4.2647e-08,103.037
63.28,1.9225e-07,4.21631e-08,102.896
63.29,1.89798e-07,4.16501e-08,102.755
63.3,1.87175e-07,4.10997e-08,102.614
63.31,1.84371e-07,4.05047e-08,102.472
63.32,1.81365e-07,3.98577e-08,102.33
63.33,1.78173e-07,3.92538e-08,102.187
63.34,1.74797e-07,3.87761e-08,102.045
63.35,1.71171e-07,3.8332e-08,101.902
63.36,1.67236e-07,3.78703e-08,101.76
63.37,1.62933e-07,3.73585e-08,101.617
63.38,1.58196e-07,3.67706e-08,101.475
63.39,1.5294e-07,3.60828e-08,101.333
63.4,1.47064e-07,3.52694e-08,101.191
63.41,1.40434e-07,3.42985e-08,101.049
63.42,1.32872e-07,3.31268e-08,100.907
63.43,1.24131e-07,3.16926e-08,100.765
63.44,1.13855e-07,2.98999e-08,100.623
63.45,1.01603e-07,2.78306e-08,100.482
63.46,9.04806e-08,2.49053e-08,100.341
63.47,8.2479e-08,2.11407e-08,100.199
63.48,7.24879e-08,1.76789e-08,100.057
63.49,6.35188e-08,1.60652e-08,99.9146
63.5,5.56461e-08,1.5797e-08,99.7724
63.51,4.87117e-08,1.64768e-08,99.63
63.52,4.25842e-08,1.78049e-08,99.4876
63.53,3.71537e-08,1.95581e-08,99.3451
63.54,3.23278e-08,2.15698e-08,99.2026
63.55,2.80299e-08,2.37185e-08,99.06
63.56,2.41939e-08,2.59169e-08,98.9174
63.57,2.07637e-08,2.81011e-08,98.7747
63.58,1.76912e-08,3.02288e-08,98.632
63.59,1.49361e-08,3.22706e-08,98.4893
63.6,1.24622e-08,3.42074e-08,98.3466
63.61,1.02388e-08,3.60296e-08,98.2038
63.62,8.23843e-09,3.77313e-08,98.0611
63.63,6.43741e-09,3.93121e-08,97.9184
63.64,4.81453e-09,4.07738e-08,97.7756
63.65,3.35175e-09,4.21211e-08,97.6328
63.66,2.03273e-09,4.33588e-08,97.4901
63.67,8.42932e-10,4.44927e-08,97.3473
63.68,-2.31354e-10,4.55296e-08,97.2045
63.69,-1.20137e-09,4.64765e-08,97.0618
63.7,-2.07736e-09,4.73399e-08,96.919
63.71,-2.86884e-09,4.81253e-08,96.7762
63.72,-3.58288e-09,4.88401e-08,96.6335
63.73,-4.22865e-09,4.94899e-08,96.4907
63.74,-4.81204e-09,5.00802e-08,96.3479
63.75,-5.33953e-09,5.06157e-08,96.2051
63.76,-5.81603e-09,5.11013e-08,96.0624
63.77,-6.24689e-09,5.15418e-08,95.9196
63.78,-6.63658e-09,5.19408e-08,95.7768
63.79,-6.98877e-09,5.23021e-08,95.634
63.8,-7.30729e-09,5.26291e-08,95.4913
63.81,-7.59514e-09,5.29258e-08,95.3485
63.82,-7.85552e-09,5.31943e-08,95.2057
63.83,-8.09085e-09,5.34374e-08,95.0629
63.84,-8.30364e-09,5.36575e-08,94.9202
63.85,-8.49635e-09,5.38571e-08,94.7774
63.86,-8.67035e-09,5.40371e-08,94.6346
63.87,-8.82746e-09,5.41998e-08,94.4918
63.88,-8.9695e-09,5.43476e-08,94.3491
63.89,-9.09816e-09,5.44815e-08,94.2063
63.9,-9.21425e-09,5.46023e-08,94.0635
63.91,-9.31942e-09,5.47118e-08,93.9207
63.92,-9.41436e-09,5.48108e-08,93.778
63.93,-9.5004e-09,5.49002e-08,93.6352
63.94,-9.57832e-09,5.49812e-08,93.4924
63.95,-9.64849e-09,5.5055e-08,93.3496
63.96,-9.71211e-09,5.5121e-08,93.2069
63.97,-9.76952e-09,5.51807e-08,93.0641
63.98,-9.82143e-09,5.52348e-08,92.9213
63.99,-9.86825e-09,5.52838e-08,92.7785
64,-9.91082e-09,5.53281e-08,92.6358
64.01,-9.94955e-09,5.53683e-08,92.493
64.02,-9.9845e-09,5.54044e-08,92.3502
64.03,-1.00162e-08,5.54372e-08,92.2074
64.04,-1.00449e-08,5.5467e-08,92.0647
64.05,-1.00707e-08,5.54937e-08,91.9219
64.06,-1.00945e-08,5.55184e-08,91.7791
64.07,-1.01158e-08,5.55405e-08,91.6363
64.08,-1.01349e-08,5.55602e-08,91.4936
64.09,-1.01523e-08,5.5578e-08,91.3508
64.1,-1.01679e-08,5.55941e-08,91.208
64.11,-1.01816e-08,5.56084e-08,91.0653
64.12,-1.01945e-08,5.56214e-08,90.9225
64.13,-1.02062e-08,5.56336e-08,90.7797
64.14,-1.02168e-08,5.56445e-08,90.6369
64.15,-1.02264e-08,5.56544e-08,90.4942
64.16,-1.02348e-08,5.56633e-08,90.3514
64.17,-1.02423e-08,5.56711e-08,90.2086
64.18,-1.02492e-08,5.56784e-08,90.0658
64.19,-1.02554e-08,5.56851e-08,89.9231
64.2,-1.0261e-08,5.56909e-08,89.7803
64.21,-1.02663e-08,5.56964e-08,89.6375
64.22,-1.02709e-08,5.57013e-08,89.4947
64.23,-1.02748e-08,5.57059e-08,89.352
64.24,-1.02787e-08,5.57095e-08,89.2092
64.25,-1.02822e-08,5.57133e-08,89.0664
64.26,-1.02853e-08,5.57167e-08,88.9236
64.27,-1.02882e-08,5.57196e-08,88.7809
64.28,-1.02908e-08,5.57221e-08,88.6381
64.29,-1.02928e-08,5.57245e-08,88.4953
64.3,-1.02951e-08,5.57268e-08,88.3525
64.31,-1.02973e-08,5.57284e-08,88.2098
64.32,-1.02987e-08,5.57305e-08,88.067
64.33,-1.03003e-08,5.5732e-08,87.9242
64.34,-1.03017e-08,5.57335e-08,87.7814
64.35,-1.03029e-08,5.57346e-08,87.6387
64.36,-1.03041e-08,5.57363e-08,87.4959
64.37,-1.03051e-08,5.57362e-08,87.3531
64.38,-1.0306e-08,5.57379e-08,87.2103
64.39,-1.03067e-08,5.57394e-08,87.0676
64.4,-1.03077e-08,5.57393e-08,86.9248
64.41,-1.03086e-08,5.57393e-08,86.782
64.42,-1.03088e-08,5.57407e-08,86.6392
64.43,-1.03092e-08,5.57424e-08,86.4965
64.44,-1.03095e-08,5.5743e-08,86.3537
64.45,-1.03105e-08,5.57429e-08,86.2109
64.46,-1.03115e-08,5.57427e-08,86.0681
64.47,-1.03125e-08,5.57426e-08,85.9254
64.48,-1.03136e-08,5.57424e-08,85.7826
64.49,-1.03137e-08,5.57433e-08,85.6398
64.5,-1.03137e-08,5.57444e-08,85.497
64.51,-1.03137e-08,5.57456e-08,85.3543
64.52,-1.03128e-08,5.57459e-08,85.2115
64.53,-1.03118e-08,5.57461e-08,85.0687
64.54,-1.03107e-08,5.57462e-08,84.9259
64.55,-1.03098e-08,5.57464e-08,84.7832
64.56,-1.0309e-08,5.57468e-08,84.6404
64.57,-1.03083e-08,5.57473e-08,84.4976
64.58,-1.03076e-08,5.57478e-08,84.3548
64.59,-1.0307e-08,5.57484e-08,84.2121
64.6,-1.03067e-08,5.57488e-08,84.0693
64.61,-1.03067e-08,5.57487e-08,83.9265
64.62,-1.03067e-08,5.57487e-08,83.7837
64.63,-1.03068e-08,5.57488e-08,83.641
64.64,-1.03071e-08,5.57487e-08,83.4982
64.65,-1.03074e-08,5.57488e-08,83.3554
64.66,-1.0308e-08,5.57486e-08,83.2126
64.67,-1.03085e-08,5.57487e-08,83.0699
64.68,-1.03092e-08,5.57487e-08,82.9271
64.69,-1.03101e-08,5.57487e-08,82.7843
64.7,-1.03111e-08,5.57487e-08,82.6415
64.71,-1.03121e-08,5.57485e-08,82.4988
64.72,-1.03131e-08,5.57484e-08,82.356
64.73,-1.03141e-08,5.57482e-08,82.2132
64.74,-1.03151e-08,5.57481e-08,82.0704
64.75,-1.03162e-08,5.57479e-08,81.9277
64.76,-1.03172e-08,5.57478e-08,81.7849
64.77,-1.03182e-08,5.57476e-08,81.6421
64.78,-1.03192e-08,5.57475e-08,81.4993
64.79,-1.03202e-08,5.57473e-08,81.3566
64.8,-1.03212e-08,5.57472e-08,81.2138
64.81,-1.03216e-08,5.57477e-08,81.071
64.82,-1.03209e-08,5.57483e-08,80.9282
64.83,-1.03197e-08,5.57483e-08,80.7855
64.84,-1.03184e-08,5.57481e-08,80.6427
64.85,-1.03171e-08,5.5748e-08,80.4999
64.86,-1.03157e-08,5.57478e-08,80.3571
64.87,-1.03144e-08,5.57477e-08,80.2144
64.88,-1.03131e-08,5.57475e-08,80.0716
64.89,-1.03117e-08,5.57474e-08,79.9288
64.9,-1.03104e-08,5.57472e-08,79.7861
64.91,-1.03091e-08,5.57471e-08,79.6433
64.92,-1.03086e-08,5.57478e-08,79.5005
64.93,-1.0309e-08,5.57485e-08,79.3577
64.94,-1.03099e-08,5.57484e-08,79.215
64.95,-1.03108e-08,5.57484e-08,79.0722
64.96,-1.03119e-08,5.57483e-08,78.9294
64.97,-1.03129e-08,5.57481e-08,78.7866
64.98,-1.03139e-08,5.5748e-08,78.6439
64.99,-1.03149e-08,5.57478e-08,78.5011
65,-1.03159e-08,5.57477e-08,78.3583
65.01,-1.03169e-08,5.57475e-08,78.2155
65.02,-1.03179e-08,5.57474e-08,78.0728
65.03,-1.0319e-08,5.57472e-08,77.93
65.04,-1.032e-08,5.57471e-08,77.7872
65.05,-1.0321e-08,5.57469e-08,77.6444
65.06,-1.0322e-08,5.57468e-08,77.5017
65.07,-1.03224e-08,5.57473e-08,77.3589
65.08,-1.03221e-08,5.57484e-08,77.2161
65.09,-1.03211e-08,5.57486e-08,77.0733
65.1,-1.032e-08,5.57487e-08,76.9306
65.11,-1.0319e-08,5.57487e-08,76.7878
65.12,-1.03179e-08,5.57488e-08,76.645
65.13,-1.03168e-08,5.57486e-08,76.5022
65.14,-1.03155e-08,5.57486e-08,76.3595
65.15,-1.03143e-08,5.57486e-08,76.2167
65.16,-1.03131e-08,5.57486e-08,76.0739
65.17,-1.03117e-08,5.57484e-08,75.9311
65.18,-1.03104e-08,5.57483e-08,75.7884
65.19,-1.03091e-08,5.57481e-08,75.6456
65.2,-1.03077e-08,5.5748e-08,75.5028
65.21,-1.03064e-08,5.57478e-08,75.36
65.22,-1.03058e-08,5.57485e-08,75.2173
65.23,-1.03061e-08,5.57487e-08,75.0745
65.24,-1.03064e-08,5.57488e-08,74.9317
65.25,-1.03068e-08,5.57488e-08,74.7889
65.26,-1.03071e-08,5.57486e-08,74.6462
65.27,-1.03077e-08,5.57487e-08,74.5034
65.28,-1.03081e-08,5.57487e-08,74.3606
65.29,-1.03086e-08,5.57487e-08,74.2178
65.3,-1.03093e-08,5.57487e-08,74.0751
65.31,-1.03098e-08,5.57488e-08,73.9323
65.32,-1.03104e-08,5.57487e-08,73.7895
65.33,-1.03109e-08,5.57488e-08,73.6467
65.34,-1.03116e-08,5.57488e-08,73.504
65.35,-1.03125e-08,5.57487e-08,73.3612
65.36,-1.03132e-08,5.57487e-08,73.2184
65.37,-1.03138e-08,5.57487e-08,73.0756
65.38,-1.03146e-08,5.57488e-08,72.9329
65.39,-1.03154e-08,5.57487e-08,72.7901
65.4,-1.03162e-08,5.57488e-08,72.6473
65.41,-1.03171e-08,5.57488e-08,72.5045
65.42,-1.03179e-08,5.57486e-08,72.3618
65.43,-1.03187e-08,5.57487e-08,72.219
65.44,-1.03196e-08,5.57487e-08,72.0762
65.45,-1.03205e-08,5.57487e-08,71.9334
65.46,-1.03214e-08,5.57487e-08,71.7907
65.47,-1.03222e-08,5.57488e-08,71.6479
65.48,-1.03231e-08,5.57488e-08,71.5051
65.49,-1.0324e-08,5.57487e-08,71.3623
65.5,-1.03249e-08,5.57487e-08,71.2196
65.51,-1.03258e-08,5.57487e-08,71.0768
65.52,-1.033e-08,5.57491e-08,70.934
65.53,-1.03361e-08,5.57481e-08,70.7912
65.54,-1.03368e-08,5.57466e-08,70.6485
65.55,-1.03333e-08,5.57442e-08,70.5057
65.56,-1.03265e-08,5.5741e-08,70.3629
65.57,-1.0317e-08,5.5737e-08,70.2201
65.58,-1.03054e-08,5.57318e-08,70.0773
65.59,-1.02924e-08,5.57253e-08,69.9345
65.6,-1.02779e-08,5.5718e-08,69.7917
65.61,-1.02623e-08,5.57096e-08,69.6489
65.62,-1.02459e-08,5.57003e-08,69.506
65.63,-1.02291e-08,5.56898e-08,69.3632
65.64,-1.02115e-08,5.56788e-08,69.2204
65.65,-1.01936e-08,5.56668e-08,69.0775
65.66,-1.01753e-08,5.56538e-08,68.9347
65.67,-1.01567e-08,5.56401e-08,68.7918
65.68,-1.01379e-08,5.56256e-08,68.649
65.69,-1.01189e-08,5.56105e-08,68.5061
65.7,-1.00997e-08,5.55947e-08,68.3632
65.71,-1.00806e-08,5.55783e-08,68.2203
65.72,-1.00614e-08,5.55612e-08,68.0775
65.73,-1.00422e-08,5.55436e-08,67.9346
65.74,-1.00229e-08,5.55253e-08,67.7917
65.75,-1.00037e-08,5.55066e-08,67.6488
65.76,-9.98444e-09,5.54873e-08,67.5059
65.77,-9.96531e-09,5.54676e-08,67.3629
65.78,-9.94617e-09,5.54474e-08,67.22
65.79,-9.92704e-09,5.54268e-08,67.0771
65.8,-9.90803e-09,5.54056e-08,66.9342
65.81,-9.88899e-09,5.53841e-08,66.7912
65.82,-9.86995e-09,5.53623e-08,66.6483
65.83,-9.85108e-09,5.53399e-08,66.5054
65.84,-9.83212e-09,5.53173e-08,66.3624
65.85,-9.81325e-09,5.52944e-08,66.2195
65.86,-9.79452e-09,5.5271e-08,66.0765
65.87,-9.77581e-09,5.52473e-08,65.9335
65.88,-9.75685e-09,5.52236e-08,65.7906
65.89,-9.73769e-09,5.52e-08,65.6476
65.9,-9.7187e-09,5.51757e-08,65.5046
65.91,-9.70049e-09,5.51503e-08,65.3616
65.92,-9.68179e-09,5.51252e-08,65.2186
65.93,-9.66322e-09,5.50995e-08,65.0757
65.94,-9.64467e-09,5.50736e-08,64.9327
65.95,-9.62611e-09,5.50476e-08,64.7897
65.96,-9.60755e-09,5.50215e-08,64.6467
65.97,-9.58903e-09,5.49949e-08,64.5037
65.98,-9.57043e-09,5.49682e-08,64.3607
65.99,-9.55185e-09,5.49412e-08,64.2176
66,-9.5332e-09,5.49142e-08,64.0746
66.01,-9.51466e-09,5.48867e-08,63.9316
66.02,-9.496e-09,5.48592e-08,63.7886
66.03,-9.47734e-09,5.48314e-08,63.6456
66.04,-9.45865e-09,5.48035e-08,63.5026
66.05,-9.43992e-09,5.47753e-08,63.3595
66.06,-9.42116e-09,5.47469e-08,63.2165
66.07,-9.40235e-09,5.47182e-08,63.0735
66.08,-9.3836e-09,5.46893e-08,62.9304
66.09,-9.36473e-09,5.46602e-08,62.7874
66.1,-9.34571e-09,5.46309e-08,62.6444
66.11,-9.32661e-09,5.46016e-08,62.5013
66.12,-9.30754e-09,5.45719e-08,62.3583
66.13,-9.28832e-09,5.4542e-08,62.2152
66.14,-9.26896e-09,5.4512e-08,62.0722
66.15,-9.24947e-09,5.44818e-08,61.9291
66.16,-9.23e-09,5.44512e-08,61.7861
66.17,-9.2104e-09,5.44206e-08,61.6431
66.18,-9.19067e-09,5.43898e-08,61.5
66.19,-9.17083e-09,5.43587e-08,61.357
66.2,-9.1507e-09,5.43277e-08,61.2139
66.21,-9.13051e-09,5.42965e-08,61.0709
66.22,-9.11022e-09,5.42649e-08,60.9278
66.23,-9.08968e-09,5.42333e-08,60.7848
66.24,-9.06909e-09,5.42013e-08,60.6417
66.25,-9.04831e-09,5.41691e-08,60.4987
66.26,-9.02721e-09,5.41368e-08,60.3556
66.27,-9.00601e-09,5.41042e-08,60.2126
66.28,-8.9846e-09,5.40715e-08,60.0695
66.29,-8.96293e-09,5.40385e-08,59.9265
66.3,-8.94112e-09,5.40053e-08,59.7834
66.31,-8.919e-09,5.3972e-08,59.6404
66.32,-8.89665e-09,5.39383e-08,59.4974
66.33,-8.87407e-09,5.39045e-08,59.3543
66.34,-8.85137e-09,5.38703e-08,59.2113
66.35,-8.82825e-09,5.3836e-08,59.0683
66.36,-8.80511e-09,5.38026e-08,58.9252
66.37,-8.7765e-09,5.37812e-08,58.7822
66.38,-8.73621e-09,5.37601e-08,58.6394
66.39,-8.69644e-09,5.37316e-08,58.4968
66.4,-8.68729e-09,5.36757e-08,58.3543
66.41,-8.69987e-09,5.36007e-08,58.212
66.42,-8.72569e-09,5.35137e-08,58.0698
66.43,-8.75944e-09,5.34194e-08,57.9277
66.44,-8.79752e-09,5.33206e-08,57.7857
66.45,-8.83725e-09,5.32196e-08,57.6438
66.46,-8.87725e-09,5.31175e-08,57.5021
66.47,-8.91644e-09,5.30151e-08,57.3605
66.48,-8.95421e-09,5.29134e-08,57.219
66.49,-8.99018e-09,5.28119e-08,57.0777
66.5,-9.01636e-09,5.27179e-08,56.9364
66.51,-9.02014e-09,5.26417e-08,56.7952
66.52,-9.00711e-09,5.25792e-08,56.654
66.53,-8.9823e-09,5.25261e-08,56.5128
66.54,-8.9497e-09,5.24791e-08,56.3716
66.55,-8.91184e-09,5.24359e-08,56.2304
66.56,-8.87058e-09,5.23951e-08,56.0892
66.57,-8.8272e-09,5.23554e-08,55.948
66.58,-8.78238e-09,5.23163e-08,55.8068
66.59,-8.7366e-09,5.22773e-08,55.6655
66.6,-8.69029e-09,5.22379e-08,55.5243
66.61,-8.6434e-09,5.2198e-08,55.383
66.62,-8.59634e-09,5.21577e-08,55.2417
66.63,-8.54911e-09,5.21168e-08,55.1004
66.64,-8.50131e-09,5.20749e-08,54.9592
66.65,-8.45367e-09,5.20324e-08,54.8179
66.66,-8.4057e-09,5.1989e-08,54.6766
66.67,-8.35736e-09,5.19449e-08,54.5352
66.68,-8.3091e-09,5.18995e-08,54.3939
66.69,-8.2601e-09,5.18537e-08,54.2526
66.7,-8.21082e-09,5.18068e-08,54.1112
66.71,-8.16126e-09,5.17592e-08,53.9699
66.72,-8.11102e-09,5.17105e-08,53.8285
66.73,-8.06021e-09,5.16611e-08,53.6871
66.74,-8.00869e-09,5.16108e-08,53.5458
66.75,-7.95647e-09,5.15596e-08,53.4044
66.76,-7.90367e-09,5.15074e-08,53.2629
66.77,-7.84994e-09,5.14543e-08,53.1215
66.78,-7.79531e-09,5.14005e-08,52.9801
66.79,-7.73976e-09,5.13451e-08,52.8386
66.8,-7.68322e-09,5.1289e-08,52.6972
66.81,-7.62565e-09,5.1232e-08,52.5557
66.82,-7.56713e-09,5.11737e-08,52.4142
66.83,-7.50738e-09,5.11147e-08,52.2727
66.84,-7.44619e-09,5.10548e-08,52.1312
66.85,-7.38363e-09,5.09937e-08,51.9897
66.86,-7.31971e-09,5.09314e-08,51.8482
66.87,-7.25416e-09,5.08682e-08,51.7066
66.88,-7.18713e-09,5.08038e-08,51.565
66.89,-7.11831e-09,5.07382e-08,51.4235
66.9,-7.04742e-09,5.06715e-08,51.2819
66.91,-6.97485e-09,5.06037e-08,51.1402
66.92,-6.9004e-09,5.05343e-08,50.9986
66.93,-6.82364e-09,5.0464e-08,50.857
66.94,-6.74495e-09,5.03924e-08,50.7153
66.95,-6.66373e-09,5.03196e-08,50.5736
66.96,-6.57992e-09,5.02453e-08,50.4319
66.97,-6.49352e-09,5.01697e-08,50.2902
66.98,-6.40451e-09,5.00926e-08,50.1484
66.99,-6.31272e-09,5.00139e-08,50.0067
67,-6.21764e-09,4.9934e-08,49.8649
67.01,-6.11931e-09,4.98523e-08,49.7231
67.02,-6.0175e-09,4.97691e-08,49.5813
67.03,-5.91213e-09,4.96843e-08,49.4394
67.04,-5.80304e-09,4.95976e-08,49.2976
67.05,-5.68957e-09,4.95095e-08,49.1557
67.06,-5.57179e-09,4.942e-08,49.0137
67.07,-5.44932e-09,4.93285e-08,48.8718
67.08,-5.32182e-09,4.92354e-08,48.7298
67.09,-5.18942e-09,4.914e-08,48.5878
67.1,-5.05128e-09,4.90431e-08,48.4458
67.11,-4.90738e-09,4.89441e-08,48.3037
67.12,-4.7573e-09,4.88427e-08,48.1617
67.13,-4.60035e-09,4.87398e-08,48.0195
67.14,-4.43637e-09,4.86345e-08,47.8774
67.15,-4.26449e-09,4.85271e-08,47.7352
67.16,-4.08414e-09,4.84175e-08,47.593
67.17,-3.89494e-09,4.83062e-08,47.4507
67.18,-3.69632e-09,4.81923e-08,47.3085
67.19,-3.50803e-09,4.81057e-08,47.1661
67.2,-3.35584e-09,4.8083e-08,47.0238
67.21,-3.22329e-09,4.80989e-08,46.8815
67.22,-3.10055e-09,4.8133e-08,46.7391
67.23,-3.04171e-09,4.81052e-08,46.5968
67.24,-3.03898e-09,4.80108e-08,46.4545
67.25,-3.06424e-09,4.78726e-08,46.3121
67.26,-3.09985e-09,4.77056e-08,46.1698
67.27,-3.13377e-09,4.75181e-08,46.0274
67.28,-3.15863e-09,4.73157e-08,45.8851
67.29,-3.14318e-09,4.70696e-08,45.7427
67.3,-3.0244e-09,4.67083e-08,45.6003
67.31,-2.82857e-09,4.62716e-08,45.4579
67.32,-2.5752e-09,4.57866e-08,45.3155
67.33,-2.27451e-09,4.52686e-08,45.173
67.34,-1.87493e-09,4.4791e-08,45.0305
67.35,-1.34189e-09,4.44e-08,44.8881
67.36,-7.10397e-10,4.40534e-08,44.7456
67.37,1.31992e-12,4.3725e-08,44.6031
67.38,7.87261e-10,4.33986e-08,44.4607
67.39,1.64786e-09,4.30629e-08,44.3183
67.4,2.58925e-09,4.27101e-08,44.1759
67.41,3.62298e-09,4.23337e-08,44.0336
67.42,4.76595e-09,4.19282e-08,43.8913
67.43,6.0403e-09,4.14876e-08,43.7491
67.44,7.47559e-09,4.10043e-08,43.607
67.45,9.11253e-09,4.04703e-08,43.4649
67.46,1.10067e-08,3.98741e-08,43.323
67.47,1.32371e-08,3.91991e-08,43.1812
67.48,1.59225e-08,3.84208e-08,43.0396
67.49,1.93662e-08,3.76438e-08,42.8983
67.5,2.43976e-08,3.78417e-08,42.7574
67.51,3.07009e-08,3.97124e-08,42.6172
67.52,4.21845e-08,4.62747e-08,42.479
67.53,5.85117e-08,4.92038e-08,42.3437
67.54,7.65444e-08,5.15356e-08,42.2079
67.55,9.31123e-08,5.40471e-08,42.07
67.56,1.08393e-07,5.60701e-08,41.9307
67.57,1.22431e-07,5.7646e-08,41.7904
67.58,1.35292e-07,5.88412e-08,41.6495
67.59,1.4705e-07,5.97229e-08,41.5082
67.6,1.57782e-07,6.03545e-08,41.3665
67.61,1.67564e-07,6.07894e-08,41.2246
67.62,1.76471e-07,6.10719e-08,41.0825
67.63,1.84573e-07,6.12381e-08,40.9402
67.64,1.91937e-07,6.1317e-08,40.7979
67.65,1.98627e-07,6.13304e-08,40.6555
67.66,2.047e-07,6.12971e-08,40.5129
67.67,2.10211e-07,6.123e-08,40.3704
67.68,2.1521e-07,6.11403e-08,40.2278
67.69,2.19742e-07,6.10359e-08,40.0851
67.7,2.2385e-07,6.09226e-08,39.9425
67.71,2.27572e-07,6.08057e-08,39.7998
67.72,2.30944e-07,6.06874e-08,39.6571
67.73,2.33999e-07,6.05715e-08,39.5143
67.74,2.36764e-07,6.04591e-08,39.3716
67.75,2.39269e-07,6.03515e-08,39.2289
67.76,2.41536e-07,6.02492e-08,39.0861
67.77,2.43588e-07,6.01529e-08,38.9434
67.78,2.45445e-07,6.00629e-08,38.8006
67.79,2.47126e-07,5.99786e-08,38.6579
67.8,2.48647e-07,5.99008e-08,38.5151
67.81,2.50024e-07,5.98291e-08,38.3723
67.82,2.51269e-07,5.97632e-08,38.2296
67.83,2.52396e-07,5.97028e-08,38.0868
67.84,2.53415e-07,5.96471e-08,37.944
67.85,2.54337e-07,5.95962e-08,37.8013
67.86,2.55171e-07,5.95494e-08,37.6585
67.87,2.55926e-07,5.9507e-08,37.5157
67.88,2.56608e-07,5.94682e-08,37.3729
67.89,2.57226e-07,5.94326e-08,37.2302
67.9,2.57784e-07,5.94003e-08,37.0874
67.91,2.58289e-07,5.93713e-08,36.9446
67.92,2.58745e-07,5.93443e-08,36.8018
67.93,2.59159e-07,5.932e-08,36.6591
67.94,2.59533e-07,5.92981e-08,36.5163
67.95,2.59871e-07,5.92783e-08,36.3735
67.96,2.60176e-07,5.92603e-08,36.2308
67.97,2.60453e-07,5.92441e-08,36.088
67.98,2.60703e-07,5.92287e-08,35.9452
67.99,2.60929e-07,5.92151e-08,35.8024
68,2.61134e-07,5.92032e-08,35.6597
68.01,2.61319e-07,5.91914e-08,35.5169
68.02,2.61487e-07,5.91814e-08,35.3741
68.03,2.61638e-07,5.91725e-08,35.2313
68.04,2.61775e-07,5.91643e-08,35.0886
68.05,2.61898e-07,5.91571e-08,34.9458
68.06,2.6201e-07,5.91503e-08,34.803
68.07,2.62112e-07,5.91444e-08,34.6602
68.08,2.62203e-07,5.91387e-08,34.5175
68.09,2.62286e-07,5.91337e-08,34.3747
68.1,2.62361e-07,5.91291e-08,34.2319
68.11,2.62429e-07,5.9125e-08,34.0891
68.12,2.6249e-07,5.91207e-08,33.9464
68.13,2.62545e-07,5.91173e-08,33.8036
68.14,2.62595e-07,5.91142e-08,33.6608
68.15,2.62641e-07,5.91117e-08,33.5181
68.16,2.62682e-07,5.91097e-08,33.3753
68.17,2.62719e-07,5.91072e-08,33.2325
68.18,2.62752e-07,5.91052e-08,33.0897
68.19,2.62782e-07,5.91036e-08,32.947
68.2,2.6281e-07,5.91021e-08,32.8042
68.21,2.62834e-07,5.91006e-08,32.6614
68.22,2.62857e-07,5.90992e-08,32.5186
68.23,2.62877e-07,5.90982e-08,32.3759
68.24,2.62896e-07,5.90971e-08,32.2331
68.25,2.62912e-07,5.90962e-08,32.0903
68.26,2.62927e-07,5.90954e-08,31.9475
68.27,2.62941e-07,5.90946e-08,31.8048
68.28,2.62953e-07,5.90938e-08,31.662
68.29,2.62964e-07,5.90931e-08,31.5192
68.3,2.62974e-07,5.90926e-08,31.3764
68.31,2.62983e-07,5.90919e-08,31.2337
68.32,2.62991e-07,5.90915e-08,31.0909
68.33,2.62999e-07,5.90911e-08,30.9481
68.34,2.63006e-07,5.90907e-08,30.8054
68.35,2.63012e-07,5.90907e-08,30.6626
68.36,2.63017e-07,5.909e-08,30.5198
68.37,2.63022e-07,5.90894e-08,30.377
68.38,2.63027e-07,5.90894e-08,30.2343
68.39,2.63031e-07,5.90892e-08,30.0915
68.4,2.63035e-07,5.90885e-08,29.9487
68.41,2.63038e-07,5.90887e-08,29.8059
68.42,2.63041e-07,5.90889e-08,29.6632
68.43,2.63043e-07,5.90876e-08,29.5204
68.44,2.63046e-07,5.90881e-08,29.3776
68.45,2.63049e-07,5.90882e-08,29.2348
68.46,2.6305e-07,5.90876e-08,29.0921
68.47,2.63051e-07,5.90881e-08,28.9493
68.48,2.63053e-07,5.90876e-08,28.8065
68.49,2.63055e-07,5.90873e-08,28.6637
68.5,2.63058e-07,5.9087e-08,28.521
68.51,2.63059e-07,5.90862e-08,28.3782
68.52,2.6306e-07,5.90867e-08,28.2354
68.53,2.6306e-07,5.90872e-08,28.0926
68.54,2.63061e-07,5.90877e-08,27.9499
68.55,2.63062e-07,5.90881e-08,27.8071
68.56,2.63062e-07,5.90886e-08,27.6643
68.57,2.63063e-07,5.90891e-08,27.5216
68.58,2.63064e-07,5.90896e-08,27.3788
68.59,2.63064e-07,5.909e-08,27.236
68.6,2.63065e-07,5.90905e-08,27.0932
68.61,2.63066e-07,5.9091e-08,26.9505
68.62,2.63066e-07,5.90915e-08,26.8077
68.63,2.63067e-07,5.9092e-08,26.6649
68.64,2.63068e-07,5.90924e-08,26.5221
68.65,2.63068e-07,5.90929e-08,26.3794
68.66,2.63069e-07,5.90934e-08,26.2366
68.67,2.6307e-07,5.90939e-08,26.0938
68.68,2.6307e-07,5.90943e-08,25.951
68.69,2.63071e-07,5.90948e-08,25.8083
68.7,2.63071e-07,5.90953e-08,25.6655
68.71,2.63072e-07,5.90958e-08,25.5227
68.72,2.63072e-07,5.9096e-08,25.3799
68.73,2.63072e-07,5.90955e-08,25.2372
68.74,2.63072e-07,5.9095e-08,25.0944
68.75,2.63071e-07,5.90945e-08,24.9516
68.76,2.63071e-07,5.90941e-08,24.8089
68.77,2.6307e-07,5.90936e-08,24.6661
68.78,2.6307e-07,5.90931e-08,24.5233
68.79,2.6307e-07,5.90926e-08,24.3805
68.8,2.63069e-07,5.90921e-08,24.2378
68.81,2.63069e-07,5.90917e-08,24.095
68.82,2.63068e-07,5.90912e-08,23.9522
68.83,2.63068e-07,5.90901e-08,23.8094
68.84,2.63069e-07,5.90884e-08,23.6667
68.85,2.63068e-07,5.90873e-08,23.5239
68.86,2.63067e-07,5.90862e-08,23.3811
68.87,2.63067e-07,5.90851e-08,23.2383
68.88,2.63066e-07,5.90839e-08,23.0956
68.89,2.63067e-07,5.90841e-08,22.9528
68.9,2.63067e-07,5.90844e-08,22.81
68.91,2.63068e-07,5.90847e-08,22.6672
68.92,2.63068e-07,5.90852e-08,22.5245
68.93,2.63069e-07,5.90857e-08,22.3817
68.94,2.6307e-07,5.90862e-08,22.2389
68.95,2.6307e-07,5.90866e-08,22.0961
68.96,2.63071e-07,5.90871e-08,21.9534
68.97,2.63071e-07,5.90876e-08,21.8106
68.98,2.63072e-07,5.90881e-08,21.6678
68.99,2.63073e-07,5.90885e-08,21.5251
69,2.63073e-07,5.9089e-08,21.3823
69.01,2.63074e-07,5.90895e-08,21.2395
69.02,2.63074e-07,5.90897e-08,21.0967
69.03,2.63074e-07,5.90892e-08,20.954
69.04,2.63074e-07,5.90887e-08,20.8112
69.05,2.63073e-07,5.90882e-08,20.6684
69.06,2.63073e-07,5.90877e-08,20.5256
69.07,2.63072e-07,5.90873e-08,20.3829
69.08,2.63072e-07,5.90868e-08,20.2401
69.09,2.63071e-07,5.90869e-08,20.0973
69.1,2.63069e-07,5.90871e-08,19.9545
69.11,2.63068e-07,5.90875e-08,19.8118
69.12,2.63067e-07,5.90864e-08,19.669
69.13,2.63066e-07,5.90853e-08,19.5262
69.14,2.63066e-07,5.90842e-08,19.3834
69.15,2.63065e-07,5.9083e-08,19.2407
69.16,2.63065e-07,5.90829e-08,19.0979
69.17,2.63066e-07,5.9083e-08,18.9551
69.18,2.63066e-07,5.9083e-08,18.8124
69.19,2.63066e-07,5.90832e-08,18.6696
69.2,2.63067e-07,5.90833e-08,18.5268
69.21,2.63067e-07,5.90837e-08,18.384
69.22,2.63067e-07,5.90838e-08,18.2413
69.23,2.63068e-07,5.90841e-08,18.0985
69.24,2.63069e-07,5.90846e-08,17.9557
69.25,2.63069e-07,5.90849e-08,17.8129
69.26,2.6307e-07,5.90854e-08,17.6702
69.27,2.6307e-07,5.90858e-08,17.5274
69.28,2.63071e-07,5.90863e-08,17.3846
69.29,2.63072e-07,5.90868e-08,17.2418
69.3,2.63072e-07,5.90872e-08,17.0991
69.31,2.63073e-07,5.90877e-08,16.9563
69.32,2.63074e-07,5.90882e-08,16.8135
69.33,2.63074e-07,5.90887e-08,16.6707
69.34,2.63075e-07,5.90891e-08,16.528
69.35,2.63075e-07,5.90896e-08,16.3852
69.36,2.63076e-07,5.90901e-08,16.2424
69.37,2.63076e-07,5.90902e-08,16.0996
69.38,2.63076e-07,5.90899e-08,15.9569
69.39,2.63076e-07,5.90894e-08,15.8141
69.4,2.63075e-07,5.90889e-08,15.6713
69.41,2.63075e-07,5.90884e-08,15.5286
69.42,2.63074e-07,5.90879e-08,15.3858
69.43,2.63074e-07,5.90874e-08,15.243
69.44,2.63074e-07,5.90869e-08,15.1002
69.45,2.63073e-07,5.90864e-08,14.9575
69.46,2.63073e-07,5.90859e-08,14.8147
69.47,2.63072e-07,5.90854e-08,14.6719
69.48,2.63072e-07,5.9085e-08,14.5291
69.49,2.63072e-07,5.90845e-08,14.3864
69.5,2.63071e-07,5.9084e-08,14.2436
69.51,2.63071e-07,5.90835e-08,14.1008
69.52,2.6307e-07,5.90832e-08,13.958
69.53,2.63069e-07,5.90831e-08,13.8153
69.54,2.63068e-07,5.9083e-08,13.6725
69.55,2.63065e-07,5.9081e-08,13.5297
69.56,2.63056e-07,5.90736e-08,13.387
69.57,2.63047e-07,5.90546e-08,13.2442
69.58,2.6304e-07,5.90389e-08,13.1014
69.59,2.63027e-07,5.90309e-08,12.9586
69.6,2.63014e-07,5.90344e-08,12.8158
69.61,2.62999e-07,5.9046e-08,12.673
69.62,2.6298e-07,5.90631e-08,12.5302
69.63,2.62957e-07,5.90841e-08,12.3874
69.64,2.62929e-07,5.91078e-08,12.2446
69.65,2.62897e-07,5.91332e-08,12.1018
69.66,2.62859e-07,5.91596e-08,11.959
69.67,2.62816e-07,5.91862e-08,11.8161
69.68,2.62768e-07,5.92126e-08,11.6733
69.69,2.62715e-07,5.92389e-08,11.5304
69.7,2.62657e-07,5.92647e-08,11.3876
69.71,2.62594e-07,5.92898e-08,11.2447
69.72,2.62527e-07,5.93137e-08,11.1018
69.73,2.62455e-07,5.93367e-08,10.9589
69.74,2.62379e-07,5.93584e-08,10.816
69.75,2.62299e-07,5.9379e-08,10.6731
69.76,2.62215e-07,5.93984e-08,10.5302
69.77,2.62127e-07,5.94164e-08,10.3872
69.78,2.62035e-07,5.94332e-08,10.2442
69.79,2.6194e-07,5.94487e-08,10.1013
69.8,2.61841e-07,5.94629e-08,9.95827
69.81,2.61739e-07,5.94757e-08,9.81526
69.82,2.61634e-07,5.94874e-08,9.67223
69.83,2.61526e-07,5.94977e-08,9.52918
69.84,2.61415e-07,5.95067e-08,9.38612
69.85,2.61301e-07,5.95146e-08,9.24304
69.86,2.61185e-07,5.95215e-08,9.09994
69.87,2.61065e-07,5.95265e-08,8.95683
69.88,2.60943e-07,5.95305e-08,8.8137
69.89,2.6082e-07,5.95341e-08,8.67054
69.9,2.60693e-07,5.95362e-08,8.52737
69.91,2.60564e-07,5.95373e-08,8.38419
69.92,2.60433e-07,5.95374e-08,8.24098
69.93,2.603e-07,5.95364e-08,8.09775
69.94,2.60165e-07,5.95345e-08,7.95451
69.95,2.60027e-07,5.95316e-08,7.81124
69.96,2.59888e-07,5.95278e-08,7.66796
69.97,2.59747e-07,5.95231e-08,7.52465
69.98,2.59604e-07,5.95176e-08,7.38133
69.99,2.59459e-07,5.95111e-08,7.23798
70,2.59312e-07,5.95039e-08,7.09461
70.01,2.59163e-07,5.94957e-08,6.95123
70.02,2.59013e-07,5.94868e-08,6.80782
70.03,2.58861e-07,5.94771e-08,6.66439
70.04,2.58707e-07,5.94669e-08,6.52094
70.05,2.58552e-07,5.94557e-08,6.37747
70.06,2.58395e-07,5.9444e-08,6.23397
70.07,2.58236e-07,5.94315e-08,6.09046
70.08,2.58076e-07,5.94184e-08,5.94692
70.09,2.57914e-07,5.94047e-08,5.80336
70.1,2.57751e-07,5.93906e-08,5.65978
70.11,2.57587e-07,5.93758e-08,5.51617
70.12,2.57421e-07,5.93605e-08,5.37254
70.13,2.57253e-07,5.93446e-08,5.22889
70.14,2.57084e-07,5.93281e-08,5.08522
70.15,2.56914e-07,5.93113e-08,4.94152
70.16,2.56742e-07,5.92941e-08,4.79779
70.17,2.56568e-07,5.92763e-08,4.65405
70.18,2.56393e-07,5.92581e-08,4.51028
70.19,2.56217e-07,5.92393e-08,4.36648
70.2,2.56039e-07,5.922e-08,4.22266
70.21,2.5586e-07,5.92005e-08,4.07882
70.22,2.55679e-07,5.91807e-08,3.93494
70.23,2.55497e-07,5.91601e-08,3.79105
70.24,2.55313e-07,5.91396e-08,3.64713
70.25,2.55128e-07,5.91187e-08,3.50318
70.26,2.54941e-07,5.90971e-08,3.35921
70.27,2.54752e-07,5.90751e-08,3.21521
70.28,2.54562e-07,5.9053e-08,3.07118
70.29,2.5437e-07,5.90306e-08,2.92713
70.3,2.54177e-07,5.90083e-08,2.78304
70.31,2.53983e-07,5.89854e-08,2.63894
70.32,2.53786e-07,5.89621e-08,2.4948
70.33,2.53588e-07,5.89387e-08,2.35064
70.34,2.53388e-07,5.8915e-08,2.20644
70.35,2.53187e-07,5.88915e-08,2.06222
70.36,2.52985e-07,5.88673e-08,1.91797
70.37,2.5278e-07,5.88429e-08,1.77369
70.38,2.52573e-07,5.88183e-08,1.62938
70.39,2.52365e-07,5.87938e-08,1.48505
70.4,2.52154e-07,5.87688e-08,1.34068
70.41,2.51942e-07,5.87439e-08,1.19628
70.42,2.51728e-07,5.87188e-08,1.05185
70.43,2.51511e-07,5.86934e-08,0.907383
70.44,2.51293e-07,5.86678e-08,0.76289
70.45,2.51072e-07,5.86421e-08,0.618364
70.46,2.5085e-07,5.86162e-08,0.473806
70.47,2.50625e-07,5.85903e-08,0.329215
70.48,2.50398e-07,5.85642e-08,0.184591
70.49,2.50169e-07,5.85378e-08,0.0399331
70.5,2.49937e-07,5.85114e-08,-0.104759
70.51,2.49703e-07,5.8485e-08,-0.249485
70.52,2.49466e-07,5.84582e-08,-0.394246
70.53,2.49227e-07,5.84313e-08,-0.539043
70.54,2.48986e-07,5.84042e-08,-0.683876
70.55,2.48741e-07,5.83772e-08,-0.828745
70.56,2.48494e-07,5.83498e-08,-0.973651
70.57,2.48244e-07,5.83226e-08,-1.11859
70.58,2.47991e-07,5.8295e-08,-1.26358
70.59,2.47735e-07,5.82674e-08,-1.4086
70.6,2.47476e-07,5.82398e-08,-1.55365
70.61,2.47213e-07,5.8212e-08,-1.69875
70.62,2.46948e-07,5.81841e-08,-1.84389
70.63,2.46679e-07,5.81564e-08,-1.98907
70.64,2.46407e-07,5.81287e-08,-2.13429
70.65,2.46131e-07,5.81004e-08,-2.27955
70.66,-2.84423e-07,0.00122454,-2.43224
70.67,-5.93464e-07,0.0011074,-2.59375
70.68,-9.0559e-07,0.00100147,-2.76055
70.69,-1.22125e-06,0.000905664,-2.93071
70.7,-1.5397e-06,0.000819026,-3.10274
70.71,-1.86016e-06,0.000740675,-3.2756
70.72,-2.18187e-06,0.000669819,-3.44852
70.73,-2.5041e-06,0.000605742,-3.62102
70.74,-2.82613e-06,0.000547794,-3.79274
70.75,-3.1473e-06,0.000495391,-3.96234
70.76,-3.46701e-06,0.000448003,-4.12818
70.77,-3.78468e-06,0.000405149,-4.28906
70.78,-4.09974e-06,0.000366396,-4.44418
70.79,-4.41161e-06,0.000331352,-4.593
70.8,-4.71974e-06,0.000299661,-4.73522
70.81,-5.02361e-06,0.000271004,-4.87068
70.82,-5.32226e-06,0.000245089,-4.9994
70.83,-5.60953e-06,0.000221645,-5.1226
70.84,-5.88121e-06,0.000200431,-5.24049
70.85,-6.13687e-06,0.000181232,-5.35253
70.86,-6.3703e-06,0.000163851,-5.45747
70.87,-6.58058e-06,0.000148115,-5.55417
70.88,-6.7628e-06,0.000133868,-5.63976
70.89,-6.91565e-06,0.00012097,-5.71373
70.9,-7.02635e-06,0.000109303,-5.77633
70.91,-7.09164e-06,9.87524e-05,-5.82896
70.92,-7.11523e-06,8.92113e-05,-5.8729
70.93,-7.10054e-06,8.05834e-05,-5.90929
70.94,-6.97914e-06,7.28359e-05,-5.94009
70.95,-6.7704e-06,6.58766e-05,-5.97046
70.96,-6.54901e-06,5.95796e-05,-6.00072
70.97,-6.31419e-06,5.38827e-05,-6.03056
70.98,-6.06607e-06,4.87292e-05,-6.05974
70.99,-5.80509e-06,4.40677e-05,-6.08799
71,-5.53148e-06,3.98518e-05,-6.11455
71.01,-5.24554e-06,3.6039e-05,-6.13932
71.02,-4.94768e-06,3.2591e-05,-6.16241
71.03,-4.63904e-06,2.94733e-05,-6.18396
71.04,-4.32103e-06,2.66545e-05,-6.20398
71.05,-3.99437e-06,2.41056e-05,-6.22191
71.06,-3.65963e-06,2.18013e-05,-6.23755
71.07,-3.31754e-06,1.97183e-05,-6.25115
71.08,-2.96878e-06,1.78354e-05,-6.263
71.09,-2.614e-06,1.61336e-05,-6.27332
71.1,-2.25384e-06,1.45955e-05,-6.28233
71.11,-1.88889e-06,1.32053e-05,-6.2902
71.12,-1.51974e-06,1.19491e-05,-6.29708
71.13,-1.14697e-06,1.08138e-05,-6.3031
71.14,-7.71133e-07,9.78809e-06,-6.30838
71.15,-3.92758e-07,8.86134e-06,-6.31302
71.16,-1.23767e-08,8.02413e-06,-6.31709
71.17,3.69497e-07,7.26791e-06,-6.32068
71.18,7.52357e-07,6.58493e-06,-6.32383
71.19,1.13571e-06,5.96822e-06,-6.32662
71.2,1.51906e-06,5.41146e-06,-6.32908
71.21,1.90194e-06,4.90894e-06,-6.33125
71.22,2.28386e-06,4.45552e-06,-6.33318
71.23,2.66435e-06,4.04654e-06,-6.33489
71.24,3.04294e-06,3.67781e-06,-6.3364
71.25,3.41916e-06,3.34554e-06,-6.33775
71.26,3.79254e-06,3.04632e-06,-6.33895
71.27,4.1626e-06,2.7771e-06,-6.34002
71.28,4.52878e-06,2.53501e-06,-6.34096
71.29,4.88483e-06,2.31226e-06,-6.34169
71.3,5.22749e-06,2.1043e-06,-6.34217
71.31,5.55728e-06,1.91004e-06,-6.3425
71.32,5.87512e-06,1.72884e-06,-6.3428
71.33,6.18061e-06,1.55952e-06,-6.34308
71.34,6.47292e-06,1.40079e-06,-6.34333
71.35,6.75063e-06,1.25118e-06,-6.34357
71.36,7.0077e-06,1.10295e-06,-6.34383
71.37,7.23647e-06,9.53007e-07,-6.34413
71.38,7.42734e-06,8.02903e-07,-6.34449
71.39,7.57272e-06,6.47309e-07,-6.34488
71.4,7.65571e-06,4.77936e-07,-6.34528
71.41,7.68656e-06,3.16608e-07,-6.34574
71.42,7.57684e-06,2.61219e-07,-6.34618
71.43,7.40755e-06,2.44081e-07,-6.34652
71.44,7.22579e-06,2.27098e-07,-6.34681
71.45,7.03029e-06,2.11967e-07,-6.34709
71.46,6.82179e-06,1.98629e-07,-6.34736
71.47,6.60112e-06,1.86919e-07,-6.34761
71.48,6.36904e-06,1.76688e-07,-6.34785
71.49,6.1263e-06,1.678e-07,-6.34808
71.5,5.87379e-06,1.59839e-07,-6.3483
71.51,5.61244e-06,1.52376e-07,-6.34852
71.52,5.34281e-06,1.4538e-07,-6.34874
71.53,5.06547e-06,1.38821e-07,-6.34894
71.54,4.78096e-06,1.32673e-07,-6.34915
71.55,4.48978e-06,1.2691e-07,-6.34934
71.56,4.19245e-06,1.21507e-07,-6.34951
71.57,3.88946e-06,1.16441e-07,-6.34968
71.58,3.58126e-06,1.11691e-07,-6.34984
71.59,3.26834e-06,1.07235e-07,-6.34999
71.6,2.95113e-06,1.03055e-07,-6.35012
71.61,2.63009e-06,9.91333e-08,-6.35025
71.62,2.30564e-06,9.54512e-08,-6.35036
71.63,1.97823e-06,9.19938e-08,-6.35047
71.64,1.64826e-06,8.87449e-08,-6.35057
71.65,1.31617e-06,8.56901e-08,-6.35066
71.66,9.82366e-07,8.28156e-08,-6.35074
71.67,6.47256e-07,8.01082e-08,-6.35082
71.68,3.11251e-07,7.75557e-08,-6.35089
71.69,-2.52399e-08,7.51461e-08,-6.35095
71.7,-3.61812e-07,7.28679e-08,-6.35101
71.71,-6.98057e-07,7.07104e-08,-6.35107
71.72,-1.03357e-06,6.86623e-08,-6.35112
71.73,-1.36793e-06,6.67139e-08,-6.35116
71.74,-1.70073e-06,6.48544e-08,-6.3512
71.75,-2.03153e-06,6.30738e-08,-6.35124
71.76,-2.35992e-06,6.13618e-08,-6.35127
71.77,-2.68542e-06,5.97073e-08,-6.3513
71.78,-3.00759e-06,5.80998e-08,-6.35133
71.79,-3.32592e-06,5.65269e-08,-6.35136
71.8,-3.63986e-06,5.49753e-08,-6.35138
71.81,-3.94884e-06,5.34295e-08,-6.35141
71.82,-4.25218e-06,5.18713e-08,-6.35143
71.83,-4.54907e-06,5.02767e-08,-6.35144
71.84,-4.83854e-06,4.86166e-08,-6.35146
71.85,-5.11928e-06,4.68487e-08,-6.35147
71.86,-5.38943e-06,4.49115e-08,-6.35149
71.87,-5.64606e-06,4.27394e-08,-6.3515
71.88,-5.8763e-06,4.09252e-08,-6.35151
71.89,-6.06092e-06,3.74446e-08,-6.35152
71.9,-6.16615e-06,2.81306e-08,-6.35152
71.91,-6.09865e-06,2.45202e-08,-6.35153
71.92,-5.99736e-06,2.94965e-08,-6.35153
71.93,-5.88355e-06,3.4167e-08,-6.35153
71.94,-5.75803e-06,3.85469e-08,-6.35153
71.95,-5.62157e-06,4.2651e-08,-6.35153
71.96,-5.47486e-06,4.64935e-08,-6.35153
71.97,-5.31855e-06,5.00877e-08,-6.35153
71.98,-5.15326e-06,5.34466e-08,-6.35153
71.99,-4.97957e-06,5.65826e-08,-6.35153
72,-4.79801e-06,5.9507e-08,-6.35153
72.01,-4.60909e-06,6.22309e-08,-6.35153
72.02,-4.4133e-06,6.47651e-08,-6.35152
72.03,-4.21109e-06,6.71194e-08,-6.35152
72.04,0.0826056,0.00234697,-6.22767
72.05,0.259283,0.00141925,-5.90014
72.06,0.394425,0.00124375,-5.54649
72.07,0.492897,0.00109379,-5.16776
72.08,0.558524,0.000967219,-4.76514
72.09,0.594343,0.000862082,-4.34001
72.1,0.602725,0.000776573,-3.89383
72.11,0.585471,0.000709061,-3.42807
72.12,0.543952,0.000658049,-2.9443
72.13,0.479528,0.000606549,-2.44479
72.14,0.392147,0.000531816,-1.92973
72.15,0.282014,0.000426132,-1.40041
72.16,0.148587,-0.000276724,-0.857025
72.17,-0.00825962,7.46067e-06,-0.301706
72.18,-0.040361,-0.00576984,0.173711
72.19,-0.181419,-0.0201819,0.326441
72.2,-0.283764,-0.0193346,0.401927
72.21,-0.35064,-0.00570847,0.405117
72.22,-0.355812,-0.0156972,0.36108
72.23,-0.314419,-0.0801708,0.32865
72.24,-0.230897,-0.143751,0.247213
72.25,-0.111635,-0.209808,0.117869
72.26,0.0280187,-0.269687,-0.0416707
72.27,0.0582836,-0.215878,-0.140355
72.28,0.0702317,-0.127224,-0.171413
72.29,0.0599097,-0.0141969,-0.143481
72.3,-0.00755404,-0.000299531,-0.0788749
72.31,-0.00683122,-0.000270983,-0.0138087
72.32,-0.0061775,-0.000245142,0.0250682
72.33,-0.00558628,-0.000221758,0.0432258
72.34,-0.00505156,-0.000200598,0.045129
72.35,0.00407881,-0.0173032,-0.0100605
72.36,0.0109291,-0.0325904,-0.0189411
72.37,-5.52598e-05,-0.0395998,0.00118684
72.38,3.2534e-05,-0.022304,-0.000390717
72.39,3.01073e-05,-0.00260936,-0.000353626
72.4,6.42842e-05,0.00103195,0.000384367
72.41,5.88098e-05,-0.00557314,0.000346298
72.42,5.38562e-05,-0.0164505,0.000311904
72.43,4.93903e-05,-0.0292552,0.000280719
72.44,4.53623e-05,-0.0381019,0.000252352
72.45,4.17149e-05,-0.0421334,0.000226582
72.46,3.83885e-05,-0.0419725,0.000203212
72.47,3.53492e-05,-0.0381397,0.000182035
72.48,3.25689e-05,-0.0310699,0.000162854
72.49,3.0022e-05,-0.0211257,0.000145489
72.5,2.76856e-05,-0.00860939,0.000129768
72.51,3.15368e-05,2.7543e-05,-0.00238518
72.52,2.89719e-05,-0.00178169,-0.000160459
72.53,2.66471e-05,-0.00134907,-0.000146367
72.54,2.4491e-05,0.00032281,-0.000176338
72.55,2.24871e-05,0.000291843,-0.000160727
72.56,2.06405e-05,0.000263837,-0.000146617
72.57,1.8936e-05,0.000238509,-0.000133863
72.58,1.73598e-05,0.000215603,-0.000122334
72.59,1.58994e-05,0.000194887,-0.000111913
72.6,1.45436e-05,0.000176152,-0.000102492
72.61,1.32824e-05,0.000159209,-9.39749e-05
72.62,1.21066e-05,0.000143886,-8.62738e-05
72.63,1.1008e-05,0.000130027,-7.93041e-05
72.64,9.97928e-06,0.000117494,-7.2971e-05
72.65,9.01374e-06,0.00010616,-6.721e-05
72.66,8.1054e-06,9.5909e-05,-6.19654e-05
72.67,7.2489e-06,8.66384e-05,-5.71753e-05
72.68,6.43939e-06,7.82543e-05,-5.27661e-05
72.69,5.67255e-06,7.06719e-05,-4.86992e-05
72.7,4.94447e-06,6.38145e-05,-4.49408e-05
72.71,4.25167e-06,5.76128e-05,-4.1461e-05
72.72,3.59102e-06,5.20042e-05,-3.82323e-05
72.73,2.95973e-06,4.69318e-05,-3.52303e-05
72.74,2.35531e-06,4.23445e-05,-3.24328e-05
72.75,1.77552e-06,3.81958e-05,-2.98198e-05
72.76,1.21839e-06,3.44438e-05,-2.73734e-05
72.77,6.82145e-07,3.10506e-05,-2.50774e-05
72.78,1.65224e-07,2.79819e-05,-2.29173e-05
72.79,-3.33764e-07,2.52066e-05,-2.08799e-05
72.8,-8.16042e-07,2.26967e-05,-1.89535e-05
72.81,-1.28269e-06,2.04268e-05,-1.71276e-05
72.82,-1.73466e-06,1.83739e-05,-1.53927e-05
72.83,-2.17279e-06,1.65174e-05,-1.37402e-05
72.84,-2.59564e-06,1.48384e-05,-1.21648e-05
72.85,-2.99687e-06,1.33146e-05,-1.06727e-05
72.86,-3.3749e-06,1.19275e-05,-9.2634e-06
72.87,-3.73119e-06,1.06639e-05,-7.92961e-06
72.88,-4.06699e-06,9.51205e-06,-6.66495e-06
72.89,-4.38332e-06,8.46099e-06,-5.46384e-06
72.9,-4.68044e-06,-0.000149898,-4.31123e-06
72.91,-4.97806e-06,-0.00152061,-3.14838e-06
72.92,-5.26475e-06,-0.00424894,-2.02554e-06
72.93,-5.54283e-06,-0.00805261,-9.31635e-07
72.94,-5.81525e-06,-0.0116386,1.47483e-07
72.95,-6.08179e-06,-0.0134128,1.21646e-06
72.96,-6.33775e-06,-0.0127058,2.27264e-06
72.97,-6.5682e-06,-0.0118607,3.2876e-06
72.98,-6.76258e-06,-0.0134729,4.24975e-06
72.99,-6.90069e-06,-0.0198747,5.13703e-06
73,-6.87908e-06,-0.0335109,5.83789e-06
73.01,-6.69617e-06,-0.0481309,0.000158807
73.02,-6.50925e-06,-0.0596567,0.000144909
73.03,-6.30926e-06,-0.066141,0.000132288
73.04,-6.08957e-06,-0.0682494,0.000120826
73.05,-5.85173e-06,-0.0665381,0.000110427
73.06,-5.59717e-06,-0.0614721,0.000101
73.07,-5.32719e-06,-0.0534399,9.24603e-05
73.08,-5.04301e-06,-0.0427654,8.4728e-05
73.09,-4.74575e-06,-0.0297182,7.77304e-05
73.1,-4.43645e-06,-0.0145219,7.13999e-05
73.11,-4.11976e-06,0.000830392,-0.00033696
73.12,-0.000612731,-0.000835384,0.000804145
73.13,-0.000554224,-0.00806932,0.000729304
73.14,-0.000501259,-0.0136119,0.000661293
73.15,-0.000453317,-0.0157679,0.000599363
73.16,-0.000409919,-0.0140524,0.000542953
73.17,-0.000370632,-0.00871426,0.000491613
73.18,-0.000335063,-0.000173733,0.000444933
73.19,-0.000135407,-0.00160785,-0.000198466
73.2,-0.000122254,-0.00140304,-0.000178679
73.21,-0.00011032,0.00017378,-0.000160842
73.22,-9.94925e-05,0.000157083,-0.000144766
73.23,-8.96629e-05,0.000141983,-0.000130274
73.24,-8.07365e-05,0.000128326,-0.000117212
73.25,-7.26272e-05,0.000115975,-0.00010544
73.26,-6.52573e-05,0.000104804,-9.48314e-05
73.27,-5.85566e-05,9.47007e-05,-8.52718e-05
73.28,-5.24615e-05,8.5563e-05,-7.66571e-05
73.29,-4.69149e-05,7.72982e-05,-6.88932e-05
73.3,-4.18686e-05,6.98188e-05,-6.18915e-05
73.31,-3.7276e-05,6.30491e-05,-5.55751e-05
73.32,-3.30902e-05,5.6926e-05,-4.98807e-05
73.33,-2.92726e-05,5.13882e-05,-4.47461e-05
73.34,-2.57888e-05,4.63799e-05,-4.01141e-05
73.35,-2.26076e-05,4.18502e-05,-3.59332e-05
73.36,-1.9701e-05,3.77535e-05,-3.21568e-05
73.37,-1.70438e-05,3.40483e-05,-2.87429e-05
73.38,-1.45798e-05,-7.58104e-06,-2.56735e-05
73.39,-1.23188e-05,-6.8607e-06,-2.38636e-05
73.4,-1.02502e-05,-6.21042e-06,-2.23971e-05
73.41,-8.35577e-06,-5.62274e-06,-2.11426e-05
73.42,-6.62059e-06,-5.09178e-06,-2.00781e-05
73.43,-5.03138e-06,-4.61227e-06,-1.91835e-05
73.44,-3.57655e-06,-4.17949e-06,-1.844e-05
73.45,-2.24576e-06,-3.78871e-06,-1.78307e-05
73.46,-1.0294e-06,-3.43441e-06,-1.73407e-05
73.47,7.82043e-08,-3.11283e-06,-1.69535e-05
73.48,1.0673e-06,-2.81954e-06,-1.66394e-05
73.49,1.92534e-06,-2.55014e-06,-1.63682e-05
73.5,2.62486e-06,-2.29931e-06,-1.60969e-05
73.51,3.04847e-06,-2.05458e-06,-1.56978e-05
73.52,3.34302e-06,-1.82796e-06,-1.52978e-05
73.53,3.57765e-06,-1.623e-06,-1.49511e-05
73.54,3.75764e-06,-1.43764e-06,-1.46515e-05
73.55,3.88781e-06,-1.27001e-06,-1.43935e-05
73.56,3.97254e-06,-1.1184e-06,-1.41723e-05
73.57,4.01583e-06,-9.81295e-07,-1.39832e-05
73.58,4.02132e-06,-8.57296e-07,-1.38222e-05
73.59,3.92843e-06,-8.3471e-07,-1.36059e-05
73.6,3.77331e-06,-8.66022e-07,-1.33642e-05
73.61,3.59821e-06,-8.94873e-07,-1.3143e-05
73.62,3.41805e-06,-9.03e-07,-1.29573e-05
73.63,3.20789e-06,-9.27785e-07,-1.27716e-05
73.64,2.98254e-06,-9.50734e-07,-1.26009e-05
73.65,2.75642e-06,-9.53701e-07,-1.24602e-05
73.66,2.50453e-06,-9.73908e-07,-1.23144e-05
73.67,2.31834e-06,-1.25878e-06,-1.22763e-05
73.68,2.13943e-06,-1.1274e-06,-1.22671e-05
73.69,1.89131e-06,-0.000981897,-1.22057e-05
73.7,1.59911e-06,-0.00574754,-1.21163e-05
73.71,1.30217e-06,-0.017502,0.000473292
73.72,9.95388e-07,-0.0293433,0.000427599
73.73,6.90284e-07,-0.0359481,0.000386132
73.74,3.81854e-07,-0.0380074,0.000348547
73.75,7.06715e-08,-0.0360987,0.000314512
73.76,-2.42149e-07,-0.0307489,0.000283717
73.77,-5.54377e-07,-0.0228402,0.000255879
73.78,-8.65267e-07,-0.0134033,0.00023074
73.79,-1.17431e-06,-0.00336851,0.000208061
73.8,-1.48046e-06,-0.000811352,0.000197174
73.81,-1.78042e-06,-0.00572225,0.000178185
73.82,-2.07728e-06,-0.0106072,0.00016109
73.83,-2.37047e-06,-0.0163609,0.000145726
73.84,-2.65945e-06,-0.0237937,0.000131944
73.85,-2.94375e-06,-0.0336495,0.000119597
73.86,-3.22343e-06,-0.0466209,0.000108509
73.87,-3.49867e-06,-0.0632955,9.85521e-05
73.88,-3.7717e-06,-0.0835675,8.95524e-05
73.89,-4.04617e-06,-0.106997,8.09552e-05
73.9,-4.30696e-06,-0.132551,-0.000398685
73.91,-4.56016e-06,-0.15945,-0.000359563
73.92,-4.81178e-06,-0.186816,-0.00032401
73.93,-5.06102e-06,-0.212524,-0.000291637
73.94,-5.30607e-06,-0.234199,-0.000262116
73.95,-5.53105e-06,-0.250566,-0.000235217
73.96,-5.71664e-06,-0.262245,-0.000210772
73.97,-5.84694e-06,-0.269884,-0.000188608
73.98,-5.86807e-06,-0.274027,-0.000168603
73.99,-5.77491e-06,-0.27513,-0.000150589
74,-5.66833e-06,-0.273574,-0.000134295
74.01,-5.54922e-06,-0.269682,-0.000119566
74.02,-5.41839e-06,-0.263719,-0.000106258
74.03,-5.27655e-06,-0.255913,-9.42376e-05
74.04,-5.13002e-06,-0.247679,-8.33794e-05
74.05,-4.9822e-06,-0.243788,-7.35989e-05
74.06,-4.83506e-06,-0.246439,-6.5113e-05
74.07,-4.69982e-06,-0.256514,-5.81316e-05
74.08,-4.54918e-06,-0.271893,0.000415077
74.09,-4.37124e-06,-0.283475,0.000375085
74.1,-4.18505e-06,-0.291134,0.000338776
74.11,-3.99158e-06,-0.2954,0.000305841
74.12,-3.79129e-06,-0.296715,0.00027599
74.13,-3.58464e-06,-0.295453,0.00024895
74.14,-3.37209e-06,-0.291924,0.000224469
74.15,-3.1541e-06,-0.286391,0.00020231
74.16,-2.93111e-06,-0.279072,0.000182256
74.17,-2.71158e-06,-0.271638,0.000164137
74.18,-2.50143e-06,-0.272313,0.000147868
74.19,-2.2868e-06,-0.282591,0.000133221
74.2,-2.05211e-06,-0.299023,0.000119856
74.21,-1.79863e-06,-0.312382,0.000107453
74.22,-1.54607e-06,-0.321832,9.80773e-05
74.23,-1.30895e-06,-0.333314,8.96285e-05
74.24,-1.05727e-06,-0.353184,-0.000268546
74.25,-8.12134e-07,-0.379075,-0.000242556
74.26,-5.57247e-07,-0.407106,-0.000219117
74.27,-2.98229e-07,-0.434483,-0.000197935
74.28,-3.88201e-08,-0.460648,-0.000178786
74.29,2.17757e-07,-0.486481,-0.00016149
74.3,4.66995e-07,-0.514436,-0.000145894
74.31,7.11326e-07,-0.547716,-0.000131885
74.32,9.51358e-07,-0.580193,0.000444101
74.33,1.20967e-06,-0.607777,0.000401556
74.34,1.4649e-06,-0.631571,0.000362713
74.35,1.71691e-06,-0.65257,0.000327293
74.36,1.96552e-06,-0.671637,0.000295026
74.37,2.21049e-06,-0.689536,0.000265649
74.38,2.45154e-06,-0.706947,0.000238915
74.39,2.68837e-06,-0.724491,0.000214586
74.4,2.92063e-06,-0.742737,0.00019244
74.41,3.14795e-06,-0.762221,0.000172262
74.42,3.37028e-06,-0.783451,0.000153848
74.43,3.59758e-06,-0.807495,-0.000260642
74.44,3.82201e-06,-0.835089,-0.000236777
74.45,4.03519e-06,-0.865679,-0.000215248
74.46,4.24245e-06,-0.899792,-0.000195848
74.47,4.44385e-06,-0.937909,-0.000178376
74.48,4.64036e-06,-0.979902,-0.000162645
74.49,4.83188e-06,-1.02533,-0.000148481
74.5,4.99157e-06,-1.07412,0.000497727
74.51,5.17145e-06,-1.12519,0.000450449
74.52,5.34461e-06,-1.17881,0.000407393
74.53,5.53957e-06,-1.23552,-5.22625e-05
74.54,5.70611e-06,-1.29302,-4.86348e-05
74.55,5.86952e-06,-1.34887,-4.54217e-05
74.56,6.02964e-06,-1.40097,-4.25795e-05
74.57,6.17613e-06,-1.44907,-4.00479e-05
74.58,6.28233e-06,-1.49387,-3.77665e-05
74.59,6.29488e-06,-1.53598,-3.56444e-05
74.6,6.19071e-06,-1.57591,-3.36266e-05
74.61,6.06485e-06,-1.61411,-3.18044e-05
74.62,5.91766e-06,-1.6511,-3.01579e-05
74.63,-0.000320184,-1.68815,0.000597593
74.64,-0.000289208,-1.72487,0.000542375
74.65,-0.000261228,-1.76084,0.000492052
74.66,-0.000235958,-1.79628,0.000446211
74.67,-0.000213138,-1.83138,0.000404469
74.68,-0.000192535,-1.86633,0.000366473
74.69,-0.000173937,-1.90126,0.0003315
74.7,-0.000157152,-1.9363,0.000299717
74.71,-0.000142008,-1.97157,0.000270843
74.72,-0.000128341,-2.00743,0.000244634
74.73,-0.000115988,-2.04699,0.000220916
74.74,-0.000104844,-2.09314,-0.000197028
74.75,-9.4826e-05,-2.14017,-0.000180097
74.76,-2.73273e-05,-2.18679,0.000374204
74.77,-2.48045e-05,-2.23291,0.000339515
74.78,-2.25563e-05,-2.27885,0.000307991
74.79,-2.05563e-05,-2.32478,0.000279364
74.8,-1.87737e-05,-2.37108,0.000253392
74.81,-1.71625e-05,-2.42054,0.000229893
74.82,-0.000135786,-2.47286,3.18083e-05
74.83,-0.000123146,-2.52781,2.90842e-05
74.84,-0.000111746,-2.58562,2.66728e-05
74.85,-0.000299471,-2.64441,0.00105999
74.86,-0.000271298,-2.70791,0.000650962
74.87,-0.000245868,-2.77557,0.000598791
74.88,-0.000222903,-2.84698,0.000551846
74.89,-0.000202138,-2.92167,0.000154453
74.9,-0.000183408,-2.99894,0.000143976
74.91,0.000235251,-3.07499,0.00013651
74.92,0.000212703,-3.14937,-0.000184943
74.93,0.00019157,-3.22534,-0.000172321
74.94,0.000172427,-3.30246,-0.000548004
74.95,0.000155113,-3.37756,7.5182e-05
74.96,0.000139446,-3.45356,-0.000343819
74.97,0.000125317,-3.53111,-0.000318348
74.98,-0.000168212,-3.61185,0.00100143
74.99,-0.000152866,-3.69092,0.000530628
75,-0.000139008,-3.76905,0.000494543
75.01,-0.000125637,-3.84793,2.4815e-06
75.02,-0.000113566,-3.92777,0.000489955
75.03,-0.000102625,-4.00732,-1.79018e-05
75.04,-9.27384e-05,-4.08502,0.000454478
75.05,-8.37139e-05,-4.16142,-7.30297e-05
75.06,-7.55883e-05,-4.23614,0.000152909
75.07,-6.81539e-05,-4.30933,0.000420967
75.08,-6.13713e-05,-4.38146,-0.000101935
75.09,-5.52791e-05,-4.45247,0.000116367
75.1,-5.05292e-05,-4.52177,0.000191512
75.11,-4.61945e-05,-4.59118,0.000179909
75.12,-4.2238e-05,-4.65991,0.000169344
75.13,-3.8623e-05,-4.72788,0.000159741
75.14,-3.53163e-05,-4.79495,0.000151031
75.15,-3.22864e-05,-4.86011,0.000228721
75.16,-2.95087e-05,-4.9249,0.000216973
75.17,-2.69578e-05,-4.98836,0.000206484
75.18,-2.46112e-05,-5.0503,0.000197201
75.19,-0.000866675,-5.11005,0.000275676
75.2,-0.000580855,-5.16899,0.000535558
75.21,-0.000320263,-5.22643,0.000775173
75.22,-8.49072e-05,-5.28169,0.000998144
75.23,-4.27872e-05,-5.33352,0.000334409
75.24,-3.89161e-05,-5.38367,0.000335907
75.25,9.22303e-06,-5.43023,0.000160664
75.26,8.92522e-06,-5.4713,0.000131778
75.27,8.22721e-06,-5.50833,0.000137319
75.28,8.59426e-06,-5.53933,9.23697e-05
75.29,9.00145e-06,-5.5674,4.07211e-05
75.3,8.45996e-06,-5.596,3.4996e-05
75.31,8.00255e-06,-5.62528,2.99617e-05
75.32,7.62148e-06,-5.65521,2.55402e-05
75.33,7.30968e-06,-5.68574,2.16618e-05
75.34,7.06069e-06,-5.71682,1.82642e-05
75.35,6.86861e-06,-5.74842,1.52914e-05
75.36,6.72804e-06,-5.7805,1.26937e-05
75.37,6.63404e-06,-5.81303,1.04267e-05
75.38,6.58208e-06,-5.84597,8.45065e-06
75.39,6.56803e-06,-5.87931,6.73021e-06
75.4,6.58809e-06,-5.913,5.23386e-06
75.41,6.63876e-06,-5.94702,3.93354e-06
75.42,6.71684e-06,-5.98136,2.80428e-06
75.43,6.8194e-06,-6.01598,1.82392e-06
75.44,6.94373e-06,-6.05088,9.72728e-07
75.45,7.08733e-06,-6.08602,2.33216e-07
75.46,7.17664e-06,-6.12144,1.05759e-06
75.47,7.24908e-06,-6.1572,2.25057e-06
75.48,7.32897e-06,-6.1933,3.20339e-06
75.49,7.36578e-06,-6.22979,4.87099e-06
75.5,7.45023e-06,-6.26661,5.23631e-06
75.51,7.53458e-06,-6.30367,5.11435e-06
75.52,7.6143e-06,-6.34094,4.62921e-06
75.53,7.71569e-06,-6.37835,3.14677e-06
75.54,7.79577e-06,-6.41584,1.58621e-06
75.55,7.85121e-06,-6.4534,4.67446e-08
75.56,7.88238e-06,-6.49103,-1.4562e-06
75.57,7.88919e-06,-6.52872,-2.90242e-06
75.58,7.87059e-06,-6.56646,-4.26111e-06
75.59,7.82305e-06,-6.60426,-5.47073e-06
75.6,7.7234e-06,-6.6421,-6.20572e-06
75.61,1.64032e-05,-6.68006,-0.000117159
75.62,1.54304e-05,-6.71813,-0.000107859
75.63,1.45225e-05,-6.75634,-9.9478e-05
75.64,1.36727e-05,-6.79466,-9.19269e-05
75.65,1.2875e-05,-6.83309,-8.51258e-05
75.66,1.2124e-05,-6.87162,-7.90019e-05
75.67,1.14146e-05,-6.91023,-7.34893e-05
75.68,1.07425e-05,-6.94893,-6.85282e-05
75.69,1.01037e-05,-6.98771,-6.40646e-05
75.7,9.49466e-06,-7.02655,-6.00495e-05
75.71,8.91215e-06,-7.06546,-5.64382e-05
75.72,8.35331e-06,-7.10443,-5.31907e-05
75.73,7.81558e-06,-7.14345,-5.02704e-05
75.74,7.29667e-06,-7.18252,-4.76442e-05
75.75,6.79453e-06,-7.22163,-4.52824e-05
75.76,6.30735e-06,-7.26079,-4.31576e-05
75.77,-2.45748e-06,-7.29997,6.25015e-05
75.78,-2.20658e-06,-7.3391,5.57274e-05
75.79,-2.01425e-06,-7.3782,4.96058e-05
75.8,-1.87491e-06,-7.41727,4.40752e-05
75.81,-1.78345e-06,-7.45629,3.90801e-05
75.82,-1.73525e-06,-7.49529,3.45704e-05
75.83,-1.72608e-06,-7.53426,3.05006e-05
75.84,-1.75209e-06,-7.57321,2.68297e-05
75.85,-1.80978e-06,-7.61213,2.35205e-05
75.86,-1.89593e-06,-7.65102,2.05395e-05
75.87,-2.01171e-06,-7.6899,1.79505e-05
75.88,-2.18566e-06,-7.72881,1.64587e-05
75.89,-2.37992e-06,-7.76778,1.51999e-05
75.9,-2.59243e-06,-7.80681,1.41204e-05
75.91,-2.81944e-06,-7.8459,1.31834e-05
75.92,-3.04477e-06,-7.88504,1.20066e-05
75.93,-3.24949e-06,-7.92431,1.01322e-05
75.94,-3.45326e-06,-7.96376,8.21776e-06
75.95,-3.66507e-06,-8.00338,6.55612e-06
75.96,-3.88375e-06,-8.04314,5.12771e-06
75.97,-4.10852e-06,-8.08304,3.92067e-06
75.98,-4.33867e-06,-8.12306,2.92651e-06
75.99,5.27755e-06,-8.16315,-0.000120898
76,4.17507e-06,-8.20325,-0.00011095
76.01,3.1527e-06,-8.24339,-0.000101804
76.02,2.19165e-06,-8.28354,-9.30813e-05
76.03,1.28476e-06,-8.32367,-8.45554e-05
76.04,4.40633e-07,-8.36375,-7.63581e-05
76.05,-3.46559e-07,-8.40381,-6.83205e-05
76.06,-1.08208e-06,-8.44383,-6.02075e-05
76.07,-1.77075e-06,-8.48382,-5.16757e-05
76.08,-9.94046e-06,-8.52379,5.07923e-05
76.09,-9.52826e-06,-8.56368,4.64193e-05
76.1,-9.13466e-06,-8.60348,4.24672e-05
76.11,-8.75742e-06,-8.64321,3.88958e-05
76.12,-8.39455e-06,-8.68287,3.56688e-05
76.13,-8.04429e-06,-8.72246,3.2753e-05
76.14,-7.70502e-06,-8.762,3.01187e-05
76.15,-7.37532e-06,-8.80148,2.77386e-05
76.16,-7.05393e-06,-8.8409,2.55883e-05
76.17,-6.73971e-06,-8.88028,2.36456e-05
76.18,-6.43166e-06,-8.91962,2.18902e-05
76.19,-6.12889e-06,-8.95892,2.03039e-05
76.2,-5.83061e-06,-8.99818,1.88701e-05
76.21,-5.53642e-06,-9.03741,1.75774e-05
76.22,-5.24883e-06,-9.0766,1.64508e-05
76.23,-4.98004e-06,-9.11578,1.58041e-05
76.24,-4.72968e-06,-9.155,1.5634e-05
76.25,-4.47661e-06,-9.01124,1.55208e-05
76.26,-4.15802e-06,-8.77838,1.51278e-05
76.27,-3.81899e-06,-8.5657,1.46366e-05
76.28,-3.47638e-06,-8.37072,1.40985e-05
76.29,-3.1303e-06,-8.19181,1.35126e-05
76.3,-2.78074e-06,-8.0275,1.28781e-05
76.31,-2.42772e-06,-7.87642,1.21943e-05
76.32,-2.0713e-06,-7.73737,1.14609e-05
76.33,-1.71157e-06,-7.60923,1.06775e-05
76.34,-1.34868e-06,-7.49099,9.84437e-06
76.35,-9.82755e-07,-7.38172,8.96163e-06
76.36,-6.13988e-07,-7.28061,8.02973e-06
76.37,-2.51801e-07,-7.18689,7.14754e-06
76.38,2.88659e-08,-7.09994,7.11946e-06
76.39,3.02934e-07,-7.01893,7.08533e-06
76.4,5.59861e-07,-6.94179,7.07663e-06
76.41,8.17952e-07,-6.86731,7.04159e-06
76.42,1.08939e-06,-6.79533,6.94275e-06
76.43,1.39618e-06,-6.7268,6.7037e-06
76.44,1.71353e-06,-6.66236,6.36875e-06
76.45,2.03287e-06,-6.60168,5.963e-06
76.46,2.35435e-06,-6.54439,5.48339e-06
76.47,2.67691e-06,-6.49013,4.94162e-06
76.48,3.00036e-06,-6.43862,4.33868e-06
76.49,3.32462e-06,-6.38955,3.67388e-06
76.5,3.64857e-06,-6.34266,2.95313e-06
76.51,3.95838e-06,-6.29743,2.23806e-06
76.52,4.24782e-06,-6.25292,1.55312e-06
76.53,4.49991e-06,-6.20826,1.11006e-06
76.54,4.74569e-06,-6.16293,6.20893e-07
76.55,4.98851e-06,-6.11691,7.07815e-08
76.56,5.2281e-06,-6.07018,-5.37425e-07
76.57,5.46412e-06,-6.02275,-1.20122e-06
76.58,5.6961e-06,-5.97462,-1.91839e-06
76.59,5.92346e-06,-5.9258,-2.68693e-06
76.6,6.14567e-06,-5.8763,-3.50634e-06
76.61,6.38695e-06,-5.82648,-4.51104e-06
76.62,6.65402e-06,-5.77744,-5.75424e-06
76.63,6.88808e-06,-5.72954,-6.99374e-06
76.64,7.07224e-06,-5.68265,-8.18086e-06
76.65,7.18782e-06,-5.63664,-9.27073e-06
76.66,-7.80066e-05,-5.59139,0.000192848
76.67,-6.779e-05,-5.54693,0.000171138
76.68,-5.81405e-05,-5.50306,0.000149977
76.69,7.4754e-07,-5.46085,-0.000223777
76.7,8.76696e-06,-5.41822,-0.000227339
76.71,1.29802e-05,-5.37599,-0.000223355
76.72,1.71794e-05,-5.33412,-0.000221298
76.73,2.13687e-05,-5.2926,-0.000221113
76.74,6.37006e-05,-5.25142,-0.000330217
76.75,2.241e-05,-5.21079,-0.000205024
76.76,-6.18159e-06,-5.17066,-0.000108519
76.77,1.81148e-06,-5.13114,-0.000124129
76.78,9.48822e-06,-5.09199,-0.000140995
76.79,-2.09697e-05,-5.0534,0.000612862
76.8,4.58542e-05,-5.01576,0.000205064
76.81,-0.000898544,-4.97879,4.04936e-05
76.82,-0.000649337,-4.94146,8.08689e-05
76.83,-0.000536835,-4.90402,-0.000108825
76.84,-0.000350678,-4.86716,-1.66867e-05
76.85,-0.000166892,-4.83105,-6.80335e-07
76.86,-6.47496e-06,-4.79612,5.3838e-05
76.87,-0.000795239,-4.76317,0.000124745
76.88,-0.000556886,-4.73209,-0.000656784
76.89,-0.000230952,-4.70295,-0.00104319
76.9,0.00010158,-4.67607,-0.00138893
76.91,0.000348284,-4.6519,-0.00131607
76.92,-0.000913534,-4.63084,0.000743478
76.93,-0.0005816,-4.61357,0.000885988
76.94,-0.000290786,-4.59978,0.00107851
76.95,-0.00102403,-4.59023,0.00143086
76.96,-0.00110451,-4.58462,0.00353113
76.97,-0.00108905,-4.58373,0.00784703
76.98,-0.000843606,-4.58373,0.00532051
76.99,-5.68536e-05,-4.58372,-0.00403203
77,0.0011538,-4.58372,-0.0187364
77.01,0.00269293,-4.58371,-0.037594
77.02,0.00448321,-4.5837,-0.0596332
77.03,0.00646218,-4.5837,-0.0840685
77.04,0.00857955,-4.58369,-0.110267
77.05,0.0110326,-4.58368,-0.140695
77.06,0.0142185,-4.58367,-0.18032
77.07,0.0179005,-4.58365,-0.226174
77.08,0.0214064,-4.58364,-0.269848
77.09,0.0245113,-4.58362,-0.30852
77.1,0.0272476,-4.5836,-0.342599
77.11,0.029645,-4.58358,-0.372451
77.12,0.0317434,-4.58357,-0.398575
77.13,0.0335826,-4.58355,-0.421469
77.14,0.0351971,-4.58354,-0.441562
77.15,0.0366169,-4.58353,-0.459228
77.16,0.0378676,-4.58352,-0.474788
77.17,0.0389717,-4.58351,-0.488522
77.18,0.0399486,-4.5835,-0.50067
77.19,0.0408149,-4.58349,-0.511443
77.2,0.0415852,-4.58348,-0.52102
77.21,0.0422721,-4.58347,-0.529558
77.22,0.0428864,-4.58347,-0.537193
77.23,0.0434375,-4.58346,-0.544042
77.24,0.0439336,-4.58346,-0.550207
77.25,0.0443819,-4.58345,-0.555776
77.26,0.0447883,-4.58345,-0.560825
77.27,0.0451582,-4.58344,-0.565421
77.28,0.0454963,-4.58344,-0.569622
77.29,0.0458066,-4.58344,-0.573475
77.3,0.0460924,-4.58343,-0.577026
77.31,0.0463568,-4.58343,-0.580311
77.32,0.0466024,-4.58343,-0.583362
77.33,0.0468315,-4.58343,-0.586208
77.34,0.047046,-4.58342,-0.588873
77.35,0.0472477,-4.58342,-0.591379
77.36,0.0474378,-4.58342,-0.593742
77.37,0.0476179,-4.58342,-0.595979
77.38,0.0477888,-4.58342,-0.598104
77.39,0.0479517,-4.58341,-0.600128
77.4,0.0481072,-4.58341,-0.602061
77.41,0.048256,-4.58341,-0.603912
77.42,0.0483988,-4.58341,-0.605688
77.43,0.0485361,-4.58341,-0.607395
77.44,0.0486639,-4.58341,-0.608984
77.45,0.0487002,-4.58341,-0.609429
77.46,0.0485586,-4.58341,-0.607647
77.47,0.0482595,-4.58341,-0.603897
77.48,0.0478309,-4.58341,-0.598524
77.49,0.0472953,-4.58342,-0.591815
77.5,0.0466718,-4.58343,-0.584004
77.51,0.0459756,-4.58343,-0.575286
77.52,0.0452195,-4.58344,-0.565817
77.53,0.0444137,-4.58345,-0.555727
77.54,0.0435664,-4.58346,-0.545118
77.55,0.0426841,-4.58346,-0.53407
77.56,0.0417717,-4.58347,-0.522648
77.57,0.0408329,-4.58348,-0.510894
77.58,0.03987,-4.58349,-0.49884
77.59,0.0388841,-4.5835,-0.486498
77.6,0.0379396,-4.58351,-0.474673
77.61,0.0371616,-4.58351,-0.464934
77.62,0.0365919,-4.58352,-0.457802
77.63,0.0361877,-4.58352,-0.452741
77.64,0.0359415,-4.58352,-0.449661
77.65,0.0357369,-4.58352,-0.447103
77.66,0.0355251,-4.58353,-0.444454
77.67,0.0353065,-4.58353,-0.441721
77.68,0.0350815,-4.58353,-0.438907
77.69,0.0348503,-4.58353,-0.436016
77.7,0.0346133,-4.58353,-0.433054
77.71,0.0343709,-4.58353,-0.430023
77.72,0.0341415,-4.58354,-0.427155
77.73,0.0339922,-4.58354,-0.42529
77.74,0.0339869,-4.58354,-0.425226
77.75,0.0341773,-4.58354,-0.427613
77.76,0.0345902,-4.58353,-0.432784
77.77,0.0351971,-4.58353,-0.440382
77.78,0.0359652,-4.58352,-0.449997
77.79,0.036888,-4.58351,-0.461548
77.8,0.0379778,-4.58351,-0.47519
77.81,0.0392453,-4.58349,-0.491054
77.82,0.0406992,-4.58348,-0.509252
77.83,0.0423468,-4.58347,-0.529874
77.84,0.0441812,-4.58345,-0.552833
77.85,0.046163,-4.58343,-0.577637
77.86,0.0482566,-4.58341,-0.60384
77.87,0.0504341,-4.58339,-0.631095
77.88,0.0526741,-4.58336,-0.659131
77.89,0.0549599,-4.58333,-0.687739
77.9,0.0572785,-4.58331,-0.716759
77.91,0.0596203,-4.58328,-0.746069
77.92,0.0619776,-4.58324,-0.775574
77.93,0.064345,-4.58321,-0.805204
77.94,0.0667182,-4.58318,-0.834908
77.95,0.0690942,-4.58314,-0.864647
77.96,0.0714708,-4.58311,-0.894395
77.97,0.0738466,-4.58307,-0.924132
77.98,0.0762206,-4.58303,-0.953846
77.99,0.0785923,-4.58299,-0.983533
78,0.0809615,-4.58295,-1.01319
78.01,0.0833282,-4.58291,-1.04281
78.02,0.0856928,-4.58286,-1.07241
78.03,0.0880557,-4.58282,-1.10199
78.04,0.0904176,-4.58277,-1.13155
78.05,0.0927663,-4.58273,-1.16095
78.06,0.0950633,-4.58268,-1.1897
78.07,0.0972847,-4.58263,-1.21751
78.08,0.099409,-4.58259,-1.2441
78.09,0.101408,-4.58254,-1.26913
78.1,0.103089,-4.58251,-1.29017
78.11,0.104268,-4.58248,-1.30493
78.12,0.105036,-4.58246,-1.31454
78.13,0.105505,-4.58245,-1.32041
78.14,0.105793,-4.58244,-1.32402
78.15,0.105944,-4.58244,-1.32591
78.16,0.105984,-4.58244,-1.32641
78.17,0.105936,-4.58244,-1.3258
78.18,0.105815,-4.58244,-1.32429
78.19,0.105636,-4.58245,-1.32205
78.2,0.10541,-4.58245,-1.31922
78.21,0.105146,-4.58246,-1.31591
78.22,0.104851,-4.58247,-1.31221
78.23,0.10453,-4.58247,-1.3082
78.24,0.104189,-4.58248,-1.30392
78.25,0.103831,-4.58249,-1.29943
78.26,0.10345,-4.5825,-1.29467
78.27,0.103038,-4.58251,-1.2895
78.28,0.102584,-4.58252,-1.28383
78.29,0.102082,-4.58253,-1.27754
78.3,0.101524,-4.58254,-1.27054
78.31,0.100901,-4.58255,-1.26274
78.32,0.100207,-4.58257,-1.25406
78.33,0.0994352,-4.58259,-1.2444
78.34,0.0985795,-4.5826,-1.23368
78.35,0.0976332,-4.58262,-1.22184
78.36,0.0965912,-4.58265,-1.20879
78.37,0.0954643,-4.58267,-1.19468
78.38,0.0942745,-4.58269,-1.17979
78.39,0.0930389,-4.58272,-1.16432
78.4,0.0917705,-4.58275,-1.14844
78.41,0.0904789,-4.58277,-1.13227
78.42,0.0891714,-4.5828,-1.11591
78.43,0.0878535,-4.58282,-1.09941
78.44,0.086529,-4.58285,-1.08283
78.45,0.0852011,-4.58287,-1.06621
78.46,0.0838718,-4.5829,-1.04957
78.47,0.0825428,-4.58292,-1.03293
78.48,0.0812151,-4.58294,-1.01631
78.49,0.0798897,-4.58297,-0.999718
78.5,0.0785669,-4.58299,-0.983161
78.51,0.0772473,-4.58301,-0.966643
78.52,0.0759312,-4.58303,-0.950168
78.53,0.0746186,-4.58306,-0.933738
78.54,0.0733097,-4.58308,-0.917354
78.55,0.0720047,-4.5831,-0.901019
78.56,0.0707036,-4.58312,-0.884733
78.57,0.0694074,-4.58314,-0.868508
78.58,0.0681363,-4.58316,-0.852598
78.59,0.0669168,-4.58318,-0.837333
78.6,0.0657632,-4.58319,-0.822894
78.61,0.0646869,-4.58321,-0.809421
78.62,0.0636964,-4.58322,-0.797024
78.63,0.0627988,-4.58323,-0.785787
78.64,0.0619989,-4.58324,-0.775775
78.65,0.0613004,-4.58325,-0.767031
78.66,0.0607053,-4.58326,-0.759582
78.67,0.0602144,-4.58327,-0.753437
78.68,0.0598262,-4.58327,-0.748576
78.69,0.0595347,-4.58328,-0.744926
78.7,0.0593474,-4.58328,-0.74258
78.71,0.0595398,-4.58328,-0.744987
78.72,0.0602338,-4.58327,-0.753671
78.73,0.0613705,-4.58325,-0.767895
78.74,0.0628217,-4.58323,-0.786058
78.75,0.0644376,-4.58321,-0.806284
78.76,0.0662055,-4.58319,-0.828411
78.77,0.0681137,-4.58316,-0.852294
78.78,0.0701517,-4.58313,-0.877801
78.79,0.0723098,-4.58309,-0.904813
78.8,0.0745806,-4.58306,-0.933235
78.81,0.0769755,-4.58302,-0.96321
78.82,0.0795358,-4.58297,-0.995257
78.83,0.0823008,-4.58293,-1.02986
78.84,0.0853002,-4.58287,-1.06741
78.85,0.0885535,-4.58281,-1.10813
78.86,0.0920405,-4.58274,-1.15177
78.87,0.0957217,-4.58267,-1.19785
78.88,0.0995655,-4.58258,-1.24596
78.89,0.103552,-4.5825,-1.29587
78.9,0.107667,-4.5824,-1.34737
78.91,0.111895,-4.5823,-1.40031
78.92,0.116238,-4.58219,-1.45467
78.93,0.120705,-4.58208,-1.51059
78.94,0.125307,-4.58195,-1.5682
78.95,0.130047,-4.58182,-1.62754
78.96,0.134904,-4.58168,-1.68834
78.97,0.139846,-4.58153,-1.75022
78.98,0.144852,-4.58138,-1.8129
78.99,0.149906,-4.58122,-1.87617
79,0.154995,-4.58105,-1.93989
79.01,0.160111,-4.58087,-2.00395
79.02,0.165246,-4.58069,-2.06825
79.03,0.170395,-4.5805,-2.13274
79.04,0.175556,-4.58031,-2.19736
79.05,0.180724,-4.58011,-2.26209
79.06,0.185899,-4.5799,-2.3269
79.07,0.191078,-4.57969,-2.39176
79.08,0.19626,-4.57947,-2.45666
79.09,0.201444,-4.57924,-2.5216
79.1,0.206629,-4.57901,-2.58656
79.11,0.211816,-4.57878,-2.65153
79.12,0.217003,-4.57853,-2.71651
79.13,0.222189,-4.57829,-2.78149
79.14,0.227375,-4.57803,-2.84646
79.15,0.23256,-4.57777,-2.91143
79.16,0.237744,-4.57751,-2.97638
79.17,0.242925,-4.57723,-3.04131
79.18,0.248091,-4.57696,-3.10605
79.19,0.253187,-4.57668,-3.16992
79.2,0.25801,-4.57641,-3.23037
79.21,0.262405,-4.57616,-3.28545
79.22,0.26635,-4.57593,-3.3349
79.23,0.269857,-4.57573,-3.37886
79.24,0.273143,-4.57553,-3.42004
79.25,0.276267,-4.57535,-3.4592
79.26,0.279204,-4.57517,-3.49602
79.27,0.281929,-4.575,-3.53018
79.28,0.284423,-4.57485,-3.56143
79.29,0.286668,-4.57471,-3.58958
79.3,0.288651,-4.57458,-3.61445
79.31,0.290357,-4.57448,-3.63583
79.32,0.291773,-4.57439,-3.65358
79.33,0.292918,-4.57431,-3.66793
79.34,0.29381,-4.57426,-3.67912
79.35,0.294467,-4.57421,-3.68734
79.36,0.294899,-4.57419,-3.69276
79.37,0.295118,-4.57417,-3.69551
79.38,0.295141,-4.57417,-3.69579
79.39,0.295001,-4.57418,-3.69402
79.4,0.294725,-4.5742,-3.69057
79.41,0.294339,-4.57422,-3.68572
79.42,0.293862,-4.57425,-3.67973
79.43,0.29331,-4.57429,-3.6728
79.44,0.292697,-4.57433,-3.66511
79.45,0.292034,-4.57437,-3.6568
79.46,0.291331,-4.57441,-3.64797
79.47,0.290595,-4.57446,-3.63874
79.48,0.289832,-4.57451,-3.62916
79.49,0.289047,-4.57456,-3.61932
79.5,0.288244,-4.57461,-3.60926
79.51,0.287428,-4.57466,-3.59901
79.52,0.286599,-4.57471,-3.58862
79.53,0.285762,-4.57477,-3.57811
79.54,0.284916,-4.57482,-3.5675
79.55,0.284064,-4.57487,-3.55681
79.56,0.283206,-4.57492,-3.54605
79.57,0.282343,-4.57498,-3.53523
79.58,0.281475,-4.57503,-3.52434
79.59,0.280603,-4.57508,-3.51341
79.6,0.279726,-4.57514,-3.50241
79.61,0.278845,-4.57519,-3.49136
79.62,0.27796,-4.57525,-3.48026
79.63,0.277094,-4.5753,-3.46941
79.64,0.276273,-4.57535,-3.45911
79.65,0.27552,-4.57539,-3.44967
79.66,0.274861,-4.57543,-3.44139
79.67,0.274326,-4.57546,-3.43469
79.68,0.274029,-4.57548,-3.43097
79.69,0.274101,-4.57548,-3.43187
79.7,0.274487,-4.57545,-3.4367
79.71,0.275107,-4.57542,-3.44447
79.72,0.275993,-4.57536,-3.45557
79.73,0.277152,-4.57529,-3.47011
79.74,0.278529,-4.57521,-3.48738
79.75,0.28008,-4.57512,-3.50683
79.76,0.281771,-4.57501,-3.52802
79.77,0.283572,-4.5749,-3.55061
79.78,0.285463,-4.57478,-3.57432
79.79,0.287426,-4.57466,-3.59893
79.8,0.289446,-4.57453,-3.62426
79.81,0.291512,-4.5744,-3.65017
79.82,0.293616,-4.57427,-3.67655
79.83,0.29575,-4.57413,-3.70332
79.84,0.297909,-4.57399,-3.7304
79.85,0.300088,-4.57385,-3.75773
79.86,0.302284,-4.57371,-3.78527
79.87,0.304494,-4.57356,-3.81298
79.88,0.306715,-4.57341,-3.84084
79.89,0.308945,-4.57326,-3.86881
79.9,0.311184,-4.57311,-3.89689
79.91,0.313429,-4.57296,-3.92506
79.92,0.31568,-4.5728,-3.9533
79.93,0.317936,-4.57265,-3.9816
79.94,0.320197,-4.57249,-4.00997
79.95,0.322462,-4.57233,-4.03838
79.96,0.32473,-4.57217,-4.06684
79.97,0.327002,-4.57201,-4.09534
79.98,0.329277,-4.57185,-4.12388
79.99,0.331554,-4.57168,-4.15246
80,0.333835,-4.57152,-4.18108
80.01,0.336118,-4.57135,-4.20973
80.02,0.338404,-4.57118,-4.23842
80.03,0.340692,-4.57101,-4.26714
80.04,0.342984,-4.57084,-4.29589
80.05,0.345278,-4.57067,-4.32468
80.06,0.347575,-4.57049,-4.35351
80.07,0.349875,-4.57032,-4.38238
80.08,0.352178,-4.57014,-4.41129
80.09,0.354485,-4.56996,-4.44025
80.1,0.356796,-4.56978,-4.46925
80.11,0.35911,-4.5696,-4.49831
80.12,0.36143,-4.56942,-4.52743
80.13,0.363752,-4.56924,-4.55659
80.14,0.366044,-4.56905,-4.58536
80.15,0.368273,-4.56888,-4.61334
80.16,0.370409,-4.5687,-4.64016
80.17,0.372388,-4.56854,-4.66501
80.18,0.373915,-4.56842,-4.68418
80.19,0.374955,-4.56833,-4.69725
80.2,0.375619,-4.56828,-4.70558
80.21,0.376034,-4.56824,-4.71079
80.22,0.376283,-4.56822,-4.71391
80.23,0.376397,-4.56821,-4.71535
80.24,0.376404,-4.56821,-4.71543
80.25,0.376323,-4.56822,-4.71441
80.26,0.376172,-4.56823,-4.71251
80.27,0.375963,-4.56825,-4.70989
80.28,0.375709,-4.56827,-4.7067
80.29,0.375417,-4.56829,-4.70303
80.3,0.375094,-4.56832,-4.69898
80.31,0.374747,-4.56835,-4.69461
80.32,0.374379,-4.56838,-4.68999
80.33,0.373995,-4.56841,-4.68516
80.34,0.373588,-4.56844,-4.68005
80.35,0.37315,-4.56848,-4.67455
80.36,0.372672,-4.56852,-4.66855
80.37,0.372146,-4.56856,-4.66194
80.38,0.371565,-4.56861,-4.65465
80.39,0.370922,-4.56866,-4.64657
80.4,0.370211,-4.56872,-4.63764
80.41,0.369425,-4.56878,-4.62777
80.42,0.368559,-4.56885,-4.61689
80.43,0.367606,-4.56893,-4.60493
80.44,0.366565,-4.56901,-4.59185
80.45,0.365451,-4.5691,-4.57786
80.46,0.364283,-4.56919,-4.56321
80.47,0.363077,-4.56929,-4.54806
80.48,0.361844,-4.56939,-4.53258
80.49,0.360591,-4.56949,-4.51685
80.5,0.359326,-4.56959,-4.50097
80.51,0.358052,-4.56969,-4.48498
80.52,0.356774,-4.56979,-4.46893
80.53,0.355493,-4.56989,-4.45285
80.54,0.354211,-4.56998,-4.43676
80.55,0.352931,-4.57008,-4.42069
80.56,0.351652,-4.57018,-4.40463
80.57,0.350376,-4.57028,-4.38861
80.58,0.349102,-4.57038,-4.37263
80.59,0.347832,-4.57047,-4.35668
80.6,0.346565,-4.57057,-4.34078
80.61,0.345302,-4.57067,-4.32493
80.62,0.344042,-4.57076,-4.30912
80.63,0.342787,-4.57085,-4.29336
80.64,0.341537,-4.57095,-4.27768
80.65,0.340318,-4.57104,-4.26238
80.66,0.339154,-4.57112,-4.24777
80.67,0.338057,-4.57121,-4.23401
80.68,0.337037,-4.57128,-4.2212
80.69,0.336102,-4.57135,-4.20946
80.7,0.335257,-4.57141,-4.19886
80.71,0.334507,-4.57147,-4.18945
80.72,0.333855,-4.57151,-4.18127
80.73,0.333304,-4.57155,-4.17435
80.74,0.332854,-4.57159,-4.1687
80.75,0.332504,-4.57161,-4.1643
80.76,0.33225,-4.57163,-4.16112
80.77,0.332083,-4.57164,-4.15903
80.78,0.332119,-4.57164,-4.15947
80.79,0.332632,-4.5716,-4.16591
80.8,0.333591,-4.57153,-4.17794
80.81,0.334938,-4.57144,-4.19484
80.82,0.336491,-4.57132,-4.21433
80.83,0.338202,-4.5712,-4.2358
80.84,0.34006,-4.57106,-4.25912
80.85,0.342054,-4.57091,-4.28414
80.86,0.344173,-4.57075,-4.31074
80.87,0.346409,-4.57058,-4.3388
80.88,0.348763,-4.5704,-4.36834
80.89,0.351266,-4.57021,-4.39975
80.9,0.353958,-4.57,-4.43354
80.91,0.356869,-4.56978,-4.47008
80.92,0.360023,-4.56953,-4.50967
80.93,0.363411,-4.56926,-4.55221
80.94,0.366997,-4.56898,-4.59722
80.95,0.370747,-4.56868,-4.6443
80.96,0.374643,-4.56836,-4.69322
80.97,0.378673,-4.56803,-4.74383
80.98,0.382826,-4.56768,-4.79598
80.99,0.387102,-4.56732,-4.84968
81,0.391512,-4.56695,-4.90507
81.01,0.396065,-4.56656,-4.96225
81.02,0.400765,-4.56615,-5.02129
81.03,0.405589,-4.56572,-5.08189
81.04,0.410504,-4.56528,-5.14364
81.05,0.415488,-4.56483,-5.20627
81.06,0.420523,-4.56437,-5.26955
81.07,0.425597,-4.5639,-5.33331
81.08,0.430699,-4.56343,-5.39744
81.09,0.435823,-4.56294,-5.46184
81.1,0.440963,-4.56245,-5.52646
81.11,0.446114,-4.56195,-5.59123
81.12,0.451275,-4.56144,-5.65612
81.13,0.456443,-4.56093,-5.72111
81.14,0.461615,-4.56041,-5.78616
81.15,0.466791,-4.55988,-5.85127
81.16,0.471969,-4.55935,-5.91641
81.17,0.47715,-4.55881,-5.98159
81.18,0.482331,-4.55827,-6.04678
81.19,0.487513,-4.55772,-6.112
81.2,0.492695,-4.55716,-6.17722
81.21,0.497877,-4.5566,-6.24244
81.22,0.503057,-4.55603,-6.30766
81.23,0.508237,-4.55546,-6.37287
81.24,0.513414,-4.55488,-6.43806
81.25,0.518589,-4.55429,-6.50323
81.26,0.523748,-4.5537,-6.56821
81.27,0.528774,-4.55312,-6.63152
81.28,0.533421,-4.55258,-6.69007
81.29,0.537641,-4.55209,-6.74324
81.3,0.54139,-4.55164,-6.79048
81.31,0.544822,-4.55124,-6.83373
81.32,0.548085,-4.55084,-6.87484
81.33,0.551185,-4.55047,-6.91392
81.34,0.55409,-4.55012,-6.95053
81.35,0.556776,-4.54979,-6.98438
81.36,0.559221,-4.54949,-7.0152
81.37,0.561408,-4.54922,-7.04278
81.38,0.563323,-4.54899,-7.06691
81.39,0.564949,-4.54879,-7.08741
81.4,0.566283,-4.54862,-7.10423
81.41,0.567349,-4.54849,-7.11767
81.42,0.568169,-4.54839,-7.128
81.43,0.568761,-4.54831,-7.13547
81.44,0.569139,-4.54827,-7.14023
81.45,0.569316,-4.54824,-7.14246
81.46,0.569315,-4.54824,-7.14244
81.47,0.569168,-4.54826,-7.14058
81.48,0.568899,-4.5483,-7.13718
81.49,0.568531,-4.54834,-7.13254
81.5,0.568082,-4.5484,-7.12687
81.51,0.567565,-4.54846,-7.12035
81.52,0.566995,-4.54853,-7.11315
81.53,0.566379,-4.54861,-7.10538
81.54,0.565728,-4.54869,-7.09716
81.55,0.565047,-4.54878,-7.08857
81.56,0.564342,-4.54886,-7.07968
81.57,0.563617,-4.54895,-7.07054
81.58,0.562877,-4.54904,-7.0612
81.59,0.562124,-4.54914,-7.0517
81.6,0.56136,-4.54923,-7.04207
81.61,0.560588,-4.54933,-7.03232
81.62,0.559808,-4.54942,-7.02249
81.63,0.559023,-4.54952,-7.01258
81.64,0.558232,-4.54962,-7.00261
81.65,0.557436,-4.54971,-6.99257
81.66,0.556636,-4.54981,-6.98248
81.67,0.555831,-4.54991,-6.97232
81.68,0.555021,-4.55001,-6.96211
81.69,0.554212,-4.55011,-6.95192
81.7,0.55343,-4.5502,-6.94205
81.71,0.552695,-4.55029,-6.93278
81.72,0.552024,-4.55037,-6.92432
81.73,0.551438,-4.55044,-6.91693
81.74,0.550963,-4.5505,-6.91094
81.75,0.550638,-4.55054,-6.90684
81.76,0.550624,-4.55054,-6.90666
81.77,0.550932,-4.5505,-6.91054
81.78,0.551495,-4.55044,-6.91763
81.79,0.552279,-4.55034,-6.92752
81.8,0.553355,-4.55021,-6.94108
81.81,0.554668,-4.55005,-6.95763
81.82,0.556171,-4.54987,-6.97658
81.83,0.557826,-4.54967,-6.99745
81.84,0.559602,-4.54945,-7.01985
81.85,0.561476,-4.54922,-7.04348
81.86,0.563428,-4.54898,-7.06809
81.87,0.565443,-4.54873,-7.0935
81.88,0.567509,-4.54847,-7.11956
81.89,0.569616,-4.54821,-7.14613
81.9,0.571756,-4.54794,-7.17312
81.91,0.573924,-4.54767,-7.20046
81.92,0.576113,-4.54739,-7.22808
81.93,0.578321,-4.54711,-7.25593
81.94,0.580544,-4.54683,-7.28397
81.95,0.582779,-4.54654,-7.31217
81.96,0.585024,-4.54625,-7.3405
81.97,0.587278,-4.54596,-7.36895
81.98,0.58954,-4.54567,-7.39748
81.99,0.591808,-4.54538,-7.42611
82,0.594081,-4.54508,-7.4548
82.01,0.596359,-4.54478,-7.48355
82.02,0.598642,-4.54448,-7.51236
82.03,0.600928,-4.54418,-7.54122
82.04,0.603218,-4.54388,-7.57012
82.05,0.60551,-4.54358,-7.59907
82.06,0.607806,-4.54327,-7.62806
82.07,0.610105,-4.54296,-7.65708
82.08,0.612406,-4.54265,-7.68614
82.09,0.61471,-4.54234,-7.71523
82.1,0.617016,-4.54203,-7.74436
82.11,0.619325,-4.54172,-7.77352
82.12,0.621637,-4.5414,-7.80272
82.13,0.623951,-4.54109,-7.83195
82.14,0.626268,-4.54077,-7.86123
82.15,0.628588,-4.54045,-7.89054
82.16,0.630912,-4.54013,-7.9199
82.17,0.633239,-4.5398,-7.9493
82.18,0.63557,-4.53948,-7.97875
82.19,0.637905,-4.53915,-8.00826
82.2,0.640245,-4.53882,-8.03783
82.21,0.642588,-4.53849,-8.06744
82.22,0.644901,-4.53816,-8.09668
82.23,0.647149,-4.53784,-8.1251
82.24,0.649296,-4.53754,-8.15224
82.25,0.65115,-4.53727,-8.17567
82.26,0.652474,-4.53708,-8.19242
82.27,0.653354,-4.53696,-8.20354
82.28,0.653908,-4.53688,-8.21055
82.29,0.654257,-4.53683,-8.21495
82.3,0.654447,-4.5368,-8.21736
82.31,0.65451,-4.53679,-8.21815
82.32,0.65447,-4.5368,-8.21765
82.33,0.654348,-4.53681,-8.2161
82.34,0.654158,-4.53684,-8.2137
82.35,0.653914,-4.53688,-8.21062
82.36,0.653627,-4.53692,-8.20698
82.37,0.653303,-4.53696,-8.20289
82.38,0.652951,-4.53701,-8.19843
82.39,0.652575,-4.53707,-8.19367
82.4,0.652179,-4.53713,-8.18866
82.41,0.651768,-4.53718,-8.18346
82.42,0.651337,-4.53725,-8.17801
82.43,0.650876,-4.53731,-8.17219
82.44,0.650379,-4.53738,-8.1659
82.45,0.649835,-4.53746,-8.15903
82.46,0.64924,-4.53755,-8.1515
82.47,0.648586,-4.53764,-8.14323
82.48,0.647868,-4.53774,-8.13415
82.49,0.647079,-4.53785,-8.12417
82.5,0.646214,-4.53798,-8.11324
82.51,0.645268,-4.53811,-8.10128
82.52,0.644242,-4.53826,-8.08831
82.53,0.643155,-4.53841,-8.07457
82.54,0.642023,-4.53857,-8.06026
82.55,0.640859,-4.53874,-8.04554
82.56,0.639672,-4.5389,-8.03054
82.57,0.63847,-4.53907,-8.01535
82.58,0.637257,-4.53924,-8.00002
82.59,0.636038,-4.53941,-7.98461
82.6,0.634816,-4.53958,-7.96917
82.61,0.633592,-4.53975,-7.9537
82.62,0.632368,-4.53992,-7.93824
82.63,0.631146,-4.54009,-7.92279
82.64,0.629926,-4.54026,-7.90738
82.65,0.628708,-4.54043,-7.892
82.66,0.627494,-4.5406,-7.87665
82.67,0.626283,-4.54077,-7.86135
82.68,0.625076,-4.54093,-7.8461
82.69,0.623872,-4.5411,-7.83089
82.7,0.622672,-4.54126,-7.81573
82.71,0.621479,-4.54142,-7.80067
82.72,0.620324,-4.54158,-7.78607
82.73,0.619225,-4.54173,-7.77219
82.74,0.618193,-4.54187,-7.75916
82.75,0.617238,-4.542,-7.74709
82.76,0.616364,-4.54212,-7.73605
82.77,0.615577,-4.54223,-7.72612
82.78,0.614882,-4.54232,-7.71734
82.79,0.614281,-4.5424,-7.70974
82.8,0.613776,-4.54247,-7.70336
82.81,0.613367,-4.54253,-7.6982
82.82,0.613055,-4.54257,-7.69425
82.83,0.612836,-4.5426,-7.69149
82.84,0.612705,-4.54261,-7.68984
82.85,0.612673,-4.54262,-7.68943
82.86,0.613002,-4.54257,-7.69358
82.87,0.613781,-4.54247,-7.70342
82.88,0.614964,-4.54231,-7.71835
82.89,0.616426,-4.54211,-7.73682
82.9,0.618055,-4.54189,-7.75739
82.91,0.619837,-4.54165,-7.7799
82.92,0.621762,-4.54139,-7.80421
82.93,0.623818,-4.5411,-7.83018
82.94,0.625997,-4.54081,-7.8577
82.95,0.628291,-4.54049,-7.88669
82.96,0.630719,-4.54015,-7.91736
82.97,0.633319,-4.53979,-7.95021
82.98,0.636121,-4.5394,-7.98562
82.99,0.63915,-4.53898,-8.0239
83,0.642412,-4.53852,-8.06511
83.01,0.645872,-4.53803,-8.10885
83.02,0.649499,-4.53751,-8.15469
83.03,0.653273,-4.53697,-8.20241
83.04,0.657186,-4.53641,-8.25189
83.05,0.66123,-4.53582,-8.30302
83.06,0.665407,-4.53521,-8.35585
83.07,0.669727,-4.53457,-8.41049
83.08,0.674197,-4.53391,-8.46704
83.09,0.678823,-4.53322,-8.52556
83.1,0.683578,-4.53251,-8.58574
83.11,0.688431,-4.53178,-8.64715
83.12,0.693356,-4.53103,-8.7095
83.13,0.698336,-4.53027,-8.77254
83.14,0.703356,-4.52949,-8.83612
83.15,0.708407,-4.5287,-8.90009
83.16,0.713482,-4.52791,-8.96436
83.17,0.718573,-4.52711,-9.02887
83.18,0.723678,-4.52629,-9.09355
83.19,0.728793,-4.52547,-9.15837
83.2,0.733915,-4.52465,-9.2233
83.21,0.739042,-4.52382,-9.28831
83.22,0.744174,-4.52298,-9.35338
83.23,0.749309,-4.52213,-9.4185
83.24,0.754445,-4.52128,-9.48366
83.25,0.759583,-4.52042,-9.54885
83.26,0.764722,-4.51955,-9.61406
83.27,0.76986,-4.51868,-9.67928
83.28,0.774999,-4.51781,-9.74451
83.29,0.780137,-4.51692,-9.80974
83.3,0.785273,-4.51604,-9.87498
83.31,0.790408,-4.51514,-9.9402
83.32,0.79554,-4.51424,-10.0054
83.33,0.800669,-4.51334,-10.0706
83.34,0.805769,-4.51243,-10.1354
83.35,0.810615,-4.51156,-10.197
83.36,0.815057,-4.51077,-10.2535
83.37,0.819061,-4.51004,-10.3044
83.38,0.822623,-4.50939,-10.3497
83.39,0.825977,-4.50878,-10.3924
83.4,0.829176,-4.5082,-10.433
83.41,0.832213,-4.50764,-10.4717
83.42,0.835054,-4.50711,-10.5078
83.43,0.837673,-4.50663,-10.5412
83.44,0.840047,-4.50619,-10.5714
83.45,0.842157,-4.50579,-10.5982
83.46,0.843983,-4.50545,-10.6215
83.47,0.845504,-4.50517,-10.6408
83.48,0.846736,-4.50494,-10.6565
83.49,0.847708,-4.50476,-10.6689
83.5,0.848443,-4.50462,-10.6782
83.51,0.848961,-4.50452,-10.6848
83.52,0.849278,-4.50446,-10.6888
83.53,0.84941,-4.50444,-10.6905
83.54,0.849386,-4.50444,-10.6902
83.55,0.849234,-4.50447,-10.6883
83.56,0.848975,-4.50452,-10.685
83.57,0.84863,-4.50458,-10.6806
83.58,0.848213,-4.50466,-10.6753
83.59,0.847738,-4.50475,-10.6692
83.6,0.847215,-4.50485,-10.6626
83.61,0.846654,-4.50495,-10.6554
83.62,0.84606,-4.50507,-10.6478
83.63,0.845441,-4.50518,-10.64
83.64,0.844801,-4.5053,-10.6318
83.65,0.844144,-4.50543,-10.6234
83.66,0.843473,-4.50555,-10.6149
83.67,0.842791,-4.50568,-10.6062
83.68,0.842099,-4.50581,-10.5974
83.69,0.8414,-4.50594,-10.5885
83.7,0.840694,-4.50607,-10.5795
83.71,0.839982,-4.5062,-10.5704
83.72,0.839265,-4.50633,-10.5613
83.73,0.838544,-4.50647,-10.5521
83.74,0.837818,-4.5066,-10.5429
83.75,0.837088,-4.50674,-10.5336
83.76,0.836366,-4.50687,-10.5244
83.77,0.835675,-4.507,-10.5156
83.78,0.83503,-4.50712,-10.5074
83.79,0.834446,-4.50723,-10.4999
83.8,0.83394,-4.50732,-10.4935
83.81,0.83353,-4.5074,-10.4883
83.82,0.833237,-4.50745,-10.4845
83.83,0.833143,-4.50747,-10.4833
83.84,0.833367,-4.50743,-10.4862
83.85,0.833856,-4.50734,-10.4924
83.86,0.834542,-4.50721,-10.5011
83.87,0.835492,-4.50704,-10.5132
83.88,0.836705,-4.50681,-10.5287
83.89,0.838128,-4.50655,-10.5468
83.9,0.839718,-4.50625,-10.567
83.91,0.841443,-4.50593,-10.589
83.92,0.843276,-4.50559,-10.6123
83.93,0.845195,-4.50523,-10.6367
83.94,0.847184,-4.50486,-10.6621
83.95,0.84923,-4.50447,-10.6881
83.96,0.85132,-4.50408,-10.7147
83.97,0.853447,-4.50368,-10.7418
83.98,0.855604,-4.50327,-10.7693
83.99,0.857786,-4.50285,-10.7971
84,0.859988,-4.50243,-10.8251
84.01,0.862206,-4.50201,-10.8534
84.02,0.864437,-4.50158,-10.8818
84.03,0.86668,-4.50115,-10.9104
84.04,0.868933,-4.50072,-10.9391
84.05,0.871193,-4.50028,-10.9679
84.06,0.873461,-4.49984,-10.9968
84.07,0.875734,-4.4994,-11.0258
84.08,0.878012,-4.49896,-11.0549
84.09,0.880295,-4.49852,-11.084
84.1,0.882581,-4.49807,-11.1131
84.11,0.884872,-4.49762,-11.1423
84.12,0.887165,-4.49717,-11.1716
84.13,0.889461,-4.49671,-11.2009
84.14,0.891761,-4.49626,-11.2302
84.15,0.894062,-4.4958,-11.2596
84.16,0.896367,-4.49535,-11.289
84.17,0.898673,-4.49489,-11.3184
84.18,0.900983,-4.49442,-11.3479
84.19,0.903294,-4.49396,-11.3774
84.2,0.905609,-4.4935,-11.407
84.21,0.907925,-4.49303,-11.4365
84.22,0.910245,-4.49256,-11.4661
84.23,0.912568,-4.49209,-11.4958
84.24,0.914893,-4.49162,-11.5255
84.25,0.917222,-4.49114,-11.5552
84.26,0.919555,-4.49067,-11.585
84.27,0.921893,-4.49019,-11.6149
84.28,0.924235,-4.48971,-11.6448
84.29,0.92658,-4.48923,-11.6748
84.3,0.928898,-4.48875,-11.7044
84.31,0.931147,-4.48828,-11.7332
84.32,0.933249,-4.48785,-11.76
84.33,0.934893,-4.48751,-11.781
84.34,0.936029,-4.48727,-11.7956
84.35,0.936766,-4.48712,-11.805
84.36,0.937236,-4.48702,-11.811
84.37,0.93752,-4.48696,-11.8146
84.38,0.937654,-4.48693,-11.8163
84.39,0.937668,-4.48693,-11.8165
84.4,0.937585,-4.48695,-11.8154
84.41,0.937423,-4.48698,-11.8134
84.42,0.937198,-4.48703,-11.8105
84.43,0.936922,-4.48708,-11.807
84.44,0.936604,-4.48715,-11.8029
84.45,0.936252,-4.48722,-11.7984
84.46,0.935873,-4.4873,-11.7935
84.47,0.935471,-4.48739,-11.7884
84.48,0.935051,-4.48747,-11.783
84.49,0.934616,-4.48756,-11.7775
84.5,0.934164,-4.48766,-11.7717
84.51,0.933685,-4.48776,-11.7656
84.52,0.933171,-4.48786,-11.759
84.53,0.932614,-4.48798,-11.7519
84.54,0.932009,-4.48811,-11.7441
84.55,0.931349,-4.48824,-11.7357
84.56,0.93063,-4.48839,-11.7265
84.57,0.929845,-4.48855,-11.7165
84.58,0.92899,-4.48873,-11.7055
84.59,0.92806,-4.48892,-11.6937
84.6,0.927062,-4.48913,-11.6809
84.61,0.926014,-4.48934,-11.6675
84.62,0.924929,-4.48957,-11.6536
84.63,0.923818,-4.4898,-11.6394
84.64,0.922688,-4.49003,-11.625
84.65,0.921547,-4.49026,-11.6104
84.66,0.920398,-4.4905,-11.5958
84.67,0.919244,-4.49073,-11.581
84.68,0.918089,-4.49097,-11.5663
84.69,0.916933,-4.4912,-11.5515
84.7,0.915778,-4.49144,-11.5367
84.71,0.914624,-4.49167,-11.522
84.72,0.913473,-4.49191,-11.5073
84.73,0.912325,-4.49214,-11.4926
84.74,0.91118,-4.49237,-11.478
84.75,0.910039,-4.4926,-11.4634
84.76,0.908901,-4.49283,-11.4489
84.77,0.907766,-4.49306,-11.4344
84.78,0.906642,-4.49329,-11.4201
84.79,0.90556,-4.49351,-11.4063
84.8,0.904535,-4.49371,-11.3932
84.81,0.903576,-4.49391,-11.3809
84.82,0.90269,-4.49408,-11.3696
84.83,0.901883,-4.49425,-11.3593
84.84,0.901159,-4.49439,-11.3501
84.85,0.900521,-4.49452,-11.3419
84.86,0.899972,-4.49463,-11.3349
84.87,0.899513,-4.49472,-11.3291
84.88,0.899146,-4.49479,-11.3244
84.89,0.898869,-4.49485,-11.3208
84.9,0.898682,-4.49489,-11.3185
84.91,0.898575,-4.49491,-11.3171
84.92,0.898535,-4.49492,-11.3166
84.93,0.898687,-4.49489,-11.3185
84.94,0.899271,-4.49477,-11.326
84.95,0.900255,-4.49457,-11.3385
84.96,0.901587,-4.49431,-11.3555
84.97,0.903113,-4.494,-11.375
84.98,0.9048,-4.49366,-11.3965
84.99,0.906636,-4.49329,-11.42
85,0.908608,-4.49289,-11.4451
85.01,0.910708,-4.49247,-11.472
85.02,0.912926,-4.49202,-11.5003
85.03,0.915265,-4.49154,-11.5302
85.04,0.917758,-4.49104,-11.562
85.05,0.920435,-4.49049,-11.5962
85.06,0.923322,-4.4899,-11.6331
85.07,0.92643,-4.48926,-11.6728
85.08,0.929739,-4.48858,-11.715
85.09,0.933214,-4.48786,-11.7595
85.1,0.936837,-4.4871,-11.8058
85.11,0.940602,-4.48632,-11.8539
85.12,0.944505,-4.4855,-11.9038
85.13,0.948549,-4.48465,-11.9555
85.14,0.952744,-4.48376,-12.0092
85.15,0.957097,-4.48283,-12.0649
85.16,0.961612,-4.48187,-12.1226
85.17,0.966262,-4.48087,-12.1822
85.18,0.971013,-4.47985,-12.243
85.19,0.975841,-4.4788,-12.3048
85.2,0.980726,-4.47773,-12.3674
85.21,0.985654,-4.47665,-12.4305
85.22,0.990614,-4.47556,-12.4941
85.23,0.995599,-4.47446,-12.558
85.24,1.0006,-4.47334,-12.6221
85.25,1.00562,-4.47222,-12.6865
85.26,1.01065,-4.47109,-12.751
85.27,1.01568,-4.46995,-12.8156
85.28,1.02073,-4.4688,-12.8803
85.29,1.02577,-4.46765,-12.9451
85.3,1.03082,-4.46649,-13.0099
85.31,1.03588,-4.46532,-13.0748
85.32,1.04093,-4.46415,-13.1397
85.33,1.04598,-4.46297,-13.2047
85.34,1.05104,-4.46178,-13.2696
85.35,1.056,-4.46061,-13.3335
85.36,1.06047,-4.45955,-13.3909
85.37,1.06448,-4.4586,-13.4425
85.38,1.06811,-4.45773,-13.4891
85.39,1.07142,-4.45694,-13.5317
85.4,1.07446,-4.45621,-13.571
85.41,1.07729,-4.45553,-13.6074
85.42,1.07994,-4.45489,-13.6415
85.43,1.08241,-4.45429,-13.6732
85.44,1.08447,-4.45379,-13.6998
85.45,1.08609,-4.4534,-13.7206
85.46,1.08728,-4.4531,-13.736
85.47,1.08809,-4.45291,-13.7465
85.48,1.08857,-4.45279,-13.7526
85.49,1.08874,-4.45275,-13.7548
85.5,1.08863,-4.45277,-13.7534
85.51,1.08828,-4.45286,-13.7489
85.52,1.08771,-4.453,-13.7415
85.53,1.08693,-4.45319,-13.7315
85.54,1.08597,-4.45342,-13.7192
85.55,1.08485,-4.4537,-13.7047
85.56,1.08359,-4.454,-13.6884
85.57,1.08219,-4.45434,-13.6704
85.58,1.08067,-4.45471,-13.6508
85.59,1.07904,-4.45511,-13.6298
85.6,1.07731,-4.45552,-13.6076
85.61,1.07549,-4.45596,-13.5842
85.62,1.07359,-4.45642,-13.5597
85.63,1.07162,-4.45689,-13.5343
85.64,1.06958,-4.45738,-13.5081
85.65,1.06748,-4.45788,-13.481
85.66,1.06532,-4.4584,-13.4533
85.67,1.06311,-4.45893,-13.4248
85.68,1.06086,-4.45946,-13.3958
85.69,1.05855,-4.46001,-13.3662
85.7,1.05619,-4.46056,-13.3359
85.71,1.05408,-4.46106,-13.3087
85.72,1.05233,-4.46147,-13.2862
85.73,1.05076,-4.46181,-13.2663
85.74,1.04941,-4.46207,-13.2495
85.75,1.04846,-4.46229,-13.2372
85.76,1.04767,-4.45667,-13.2236
85.77,1.04585,-4.44242,-13.2005
85.78,1.04255,-4.41653,-13.1676
85.79,1.03484,-4.39251,-13.1332
85.8,1.0331,-4.37704,-13.0986
85.81,1.03587,-4.35613,-13.0607
85.82,1.03294,-4.32297,-13.0244
85.83,1.03013,-4.28949,-12.9897
85.84,1.02743,-4.25576,-12.9561
85.85,1.02479,-4.22177,-12.9233
85.86,1.0222,-4.18753,-12.8909
85.87,1.01964,-4.15305,-12.8588
85.88,1.01708,-4.11833,-12.8267
85.89,1.01452,-4.08337,-12.7945
85.9,1.01194,-4.04818,-12.762
85.91,1.00933,-4.01276,-12.729
85.92,1.00668,-3.97712,-12.6955
85.93,1.00399,-3.94126,-12.6614
85.94,1.00125,-3.90519,-12.6265
85.95,0.998451,-3.86892,-12.591
85.96,0.995594,-3.83245,-12.5546
85.97,0.992675,-3.79578,-12.5174
85.98,0.98969,-3.75892,-12.4793
85.99,0.986638,-3.72187,-12.4404
86,0.983516,-3.68465,-12.4005
86.01,0.98032,-3.64725,-12.3596
86.02,0.976931,-3.60967,-12.3163
86.03,0.973088,-3.5719,-12.2671
86.04,0.968725,-3.53393,-12.2113
86.05,0.963878,-3.49578,-12.1492
86.06,0.958579,-3.45746,-12.0814
86.07,0.952858,-3.41898,-12.0082
86.08,0.946735,-3.38034,-11.9298
86.09,0.940131,-3.34144,-11.8467
86.1,0.933582,-3.30267,-11.7616
86.11,0.926598,-3.26359,-11.673
86.12,0.91979,-3.22459,-11.5852
86.13,0.912803,-3.18542,-11.4959
86.14,0.904619,-3.14664,-11.403
86.15,0.897671,-3.10728,-11.3131
86.16,0.891198,-3.06795,-11.2293
86.17,0.88513,-3.02861,-11.1508
86.18,0.879405,-2.98925,-11.0768
86.19,0.873969,-2.94987,-11.0065
86.2,0.868777,-2.91045,-10.9395
86.21,0.86379,-2.87099,-10.8751
86.22,0.858974,-2.83148,-10.813
86.23,0.8543,-2.79191,-10.7528
86.24,0.849743,-2.75228,-10.6941
86.25,0.845283,-2.71259,-10.6367
86.26,0.8409,-2.67284,-10.5803
86.27,0.836579,-2.63301,-10.5247
86.28,0.832307,-2.59312,-10.4698
86.29,0.828073,-2.55316,-10.4155
86.3,0.823867,-2.51312,-10.3615
86.31,0.819681,-2.47302,-10.3078
86.32,0.815509,-2.43285,-10.2542
86.33,0.811343,-2.39261,-10.2008
86.34,0.807182,-2.35229,-10.1475
86.35,0.803031,-2.31187,-10.0944
86.36,0.798706,-2.27129,-10.039
86.37,0.793961,-2.23053,-9.97836
86.38,0.788843,-2.18961,-9.91297
86.39,0.783397,-2.14856,-9.84345
86.4,0.777663,-2.10738,-9.77029
86.41,0.771677,-2.0661,-9.69397
86.42,0.76547,-2.02473,-9.61485
86.43,0.759067,-1.98327,-9.53329
86.44,0.752494,-1.94174,-9.44959
86.45,0.745769,-1.90015,-9.364
86.46,0.738912,-1.8585,-9.27675
86.47,0.731937,-1.8168,-9.18805
86.48,0.724859,-1.77505,-9.09806
86.49,0.717689,-1.73326,-9.00694
86.5,0.710438,-1.69143,-8.91482
86.51,0.703115,-1.64957,-8.82183
86.52,0.695728,-1.60768,-8.72805
86.53,0.688285,-1.56576,-8.63359
86.54,0.680791,-1.52381,-8.53851
86.55,0.673252,-1.48184,-8.4429
86.56,0.665673,-1.43984,-8.34681
86.57,0.658058,-1.39782,-8.25029
86.58,0.65041,-1.35578,-8.15339
86.59,0.641767,-1.31352,-8.05729
86.6,0.632635,-1.2694,-7.96121
86.61,0.625512,-1.22761,-7.8678
86.62,0.618761,-1.18586,-7.77943
86.63,0.61233,-1.14414,-7.69538
86.64,0.606172,-1.10243,-7.61505
86.65,0.600248,-1.06073,-7.5379
86.66,0.594523,-1.01903,-7.4635
86.67,0.588968,-0.977318,-7.39143
86.68,0.583557,-0.935594,-7.32136
86.69,0.578269,-0.89385,-7.253
86.7,0.573085,-0.852084,-7.18609
86.71,0.567913,-0.810255,-7.12019
86.72,0.562312,-0.768181,-7.0508
86.73,0.553807,-0.723225,-6.97658
86.74,0.537801,-0.670998,-6.89844
86.75,0.508982,-0.613023,-6.82274
86.76,0.468267,-0.551172,-6.75502
86.77,0.41473,-0.48765,-6.69704
86.78,0.360276,-0.406867,-6.63744
86.79,0.292426,-0.31981,-6.57956
86.8,0.21041,-0.228125,-6.52672
86.81,0.118372,-0.128338,-6.47897
86.82,0.0176315,-0.0191231,-6.43562
86.83,-0.00400312,0.0129954,-6.38756
86.84,0.00964986,-0.0113262,-6.34451
86.85,0.016626,-0.018807,-6.30365
86.86,0.0152242,-0.0172125,-6.26649
86.87,0.0137675,-0.0155656,-6.23246
86.88,0.0124503,-0.0140764,-6.20125
86.89,0.0112593,-0.0127298,-6.17259
86.9,-0.000478143,0.000752864,-6.14713
86.91,-0.000130938,-3.33362e-05,-6.12394
86.92,-0.000117724,-3.01559e-05,-6.10521
86.93,-0.000105792,-2.72689e-05,-6.09016
86.94,-9.50089e-05,-2.46602e-05,-6.07803
86.95,-8.52607e-05,-2.2306e-05,-6.06823
86.96,-7.64504e-05,-2.01804e-05,-6.06032
86.97,-6.84987e-05,-1.825e-05,-6.0541
86.98,-6.1335e-05,-1.65016e-05,-6.04951
86.99,-5.48867e-05,-1.49201e-05,-6.04631
87,-4.90859e-05,-1.34897e-05,-6.04425
87.01,-4.38713e-05,-1.21959e-05,-6.04311
87.02,-3.91873e-05,-1.10257e-05,-6.04272
87.03,-3.49835e-05,-9.96719e-06,-6.04292
87.04,-3.12144e-05,-9.00983e-06,-6.04359
87.05,-2.78389e-05,-8.14391e-06,-6.04463
87.06,-2.48196e-05,-7.3607e-06,-6.04595
87.07,-2.21228e-05,-6.65231e-06,-6.04748
87.08,-1.97179e-05,-6.01157e-06,-6.04917
87.09,-1.75773e-05,-5.43204e-06,-6.05097
87.1,-1.56759e-05,-4.90786e-06,-6.05284
87.11,-1.3991e-05,-4.43375e-06,-6.05475
87.12,-1.2502e-05,-4.00493e-06,-6.05667
87.13,-1.11903e-05,-3.61706e-06,-6.05858
87.14,-1.00392e-05,-3.26624e-06,-6.06048
87.15,-9.03315e-06,-2.94893e-06,-6.06233
87.16,-8.15844e-06,-2.66193e-06,-6.06414
87.17,-7.40248e-06,-2.40233e-06,-6.0659
87.18,-6.75385e-06,-2.16753e-06,-6.0676
87.19,-6.20222e-06,-1.95515e-06,-6.06924
87.2,-5.7382e-06,-1.76305e-06,-6.07082
87.21,-5.35329e-06,-1.5893e-06,-6.07233
87.22,-5.03973e-06,-1.43214e-06,-6.07377
87.23,-4.7905e-06,-1.28998e-06,-6.07515
87.24,-4.59922e-06,-1.1614e-06,-6.07647
87.25,-4.46007e-06,-1.04509e-06,-6.07772
87.26,-4.36777e-06,-9.39894e-07,-6.07891
87.27,-4.31751e-06,-8.44737e-07,-6.08005
87.28,-4.30492e-06,-7.58664e-07,-6.08112
87.29,-4.326e-06,-6.80807e-07,-6.08214
87.3,-4.37711e-06,-6.10381e-07,-6.0831
87.31,-4.45493e-06,-5.46677e-07,-6.08402
87.32,-4.55643e-06,-4.89053e-07,-6.08488
87.33,-4.67883e-06,-4.36929e-07,-6.0857
87.34,-4.81961e-06,-3.89778e-07,-6.08647
87.35,-4.97645e-06,-3.47126e-07,-6.0872
87.36,-5.14721e-06,-3.08544e-07,-6.08789
87.37,-5.32995e-06,-2.73642e-07,-6.08854
87.38,-5.52289e-06,-2.4207e-07,-6.08915
87.39,-5.72207e-06,-2.15447e-07,-6.08974
87.4,-5.92237e-06,-1.92665e-07,-6.09033
87.41,-6.12172e-06,-1.71581e-07,-6.0909
87.42,-6.31943e-06,-1.52075e-07,-6.09146
87.43,-6.51472e-06,-1.34031e-07,-6.09199
87.44,-6.70676e-06,-1.17344e-07,-6.0925
87.45,-6.89458e-06,-1.01911e-07,-6.09299
87.46,-7.07705e-06,-8.76364e-08,-6.09345
87.47,-7.25096e-06,-7.34612e-08,-6.09388
87.48,-7.40394e-06,-5.93999e-08,-6.09428
87.49,-7.53051e-06,-4.62052e-08,-6.09464
87.5,-7.62516e-06,-3.37319e-08,-6.09497
87.51,-7.67738e-06,-2.17064e-08,-6.09528
87.52,-7.65708e-06,-9.09934e-09,-6.09557
87.53,-7.47748e-06,-2.16041e-09,-6.09583
87.54,-7.26404e-06,9.31076e-10,-6.09607
87.55,-7.03401e-06,3.72925e-09,-6.09629
87.56,-6.78855e-06,6.26204e-09,-6.09649
87.57,-6.5287e-06,8.55469e-09,-6.09668
87.58,-6.25562e-06,1.05051e-08,-6.09685
87.59,-5.97074e-06,1.18042e-08,-6.097
87.6,-5.67523e-06,1.29158e-08,-6.09712
87.61,-5.3699e-06,1.39526e-08,-6.09721
87.62,-5.05547e-06,1.49184e-08,-6.09729
87.63,-4.7326e-06,1.5817e-08,-6.09735
87.64,-4.40196e-06,1.66519e-08,-6.0974
87.65,-4.06415e-06,1.74264e-08,-6.09743
87.66,-3.71978e-06,1.81436e-08,-6.09746
87.67,-3.36945e-06,1.88066e-08,-6.09748
87.68,-3.01371e-06,1.94181e-08,-6.09749
87.69,-2.65312e-06,1.99807e-08,-6.0975
87.7,-2.28821e-06,2.04969e-08,-6.09751
87.71,-1.91952e-06,2.09691e-08,-6.09751
87.72,-1.54756e-06,2.13993e-08,-6.09751
87.73,-1.17284e-06,2.17896e-08,-6.09751
87.74,-7.95845e-07,2.21418e-08,-6.09751
87.75,-4.17081e-07,2.24576e-08,-6.09751
87.76,-3.70276e-08,2.27385e-08,-6.0975
87.77,3.43833e-07,2.29859e-08,-6.0975
87.78,7.25026e-07,2.32009e-08,-6.09749
87.79,1.10608e-06,2.33846e-08,-6.09749
87.8,1.48652e-06,2.35379e-08,-6.09749
87.81,1.86587e-06,2.36615e-08,-6.09748
87.82,2.24367e-06,2.37557e-08,-6.09748
87.83,2.61943e-06,2.38209e-08,-6.09747
87.84,2.99268e-06,2.3857e-08,-6.09747
87.85,3.36294e-06,2.38637e-08,-6.09747
87.86,3.7297e-06,2.38403e-08,-6.09746
87.87,4.09244e-06,2.37857e-08,-6.09746
87.88,4.45064e-06,2.36984e-08,-6.09746
87.89,4.80371e-06,2.35761e-08,-6.09745
87.9,5.15107e-06,2.34156e-08,-6.09745
87.91,5.49202e-06,2.32127e-08,-6.09745
87.92,5.8258e-06,2.29614e-08,-6.09744
87.93,6.15153e-06,2.26536e-08,-6.09744
87.94,6.46809e-06,2.22777e-08,-6.09744
87.95,6.77405e-06,2.18167e-08,-6.09744
87.96,7.06741e-06,2.12445e-08,-6.09744
87.97,7.34519e-06,2.0571e-08,-6.09744
87.98,7.59882e-06,2.014e-08,-6.09743
87.99,7.80587e-06,1.91126e-08,-6.09743
88,7.94132e-06,1.63052e-08,-6.09743
88.01,7.89561e-06,1.02145e-08,-6.09743
88.02,7.73062e-06,1.30869e-08,-6.09743
88.03,7.55075e-06,1.57672e-08,-6.09744
88.04,7.35698e-06,1.82665e-08,-6.09744
88.05,7.15018e-06,2.05949e-08,-6.09744
88.06,6.9312e-06,2.27623e-08,-6.09744
88.07,6.70081e-06,2.4778e-08,-6.09744
88.08,6.45977e-06,2.66508e-08,-6.09744
88.09,6.20877e-06,2.83889e-08,-6.09744
88.1,5.94846e-06,3.00004e-08,-6.09744
88.11,5.67948e-06,3.14924e-08,-6.09744
88.12,5.40241e-06,3.28721e-08,-6.09744
88.13,5.11784e-06,3.41458e-08,-6.09744
88.14,4.82632e-06,3.53199e-08,-6.09744
88.15,4.52836e-06,3.64e-08,-6.09744
88.16,4.22448e-06,3.73915e-08,-6.09744
88.17,3.91518e-06,3.82995e-08,-6.09745
88.18,3.60092e-06,3.91287e-08,-6.09745
88.19,3.28218e-06,3.98834e-08,-6.09745
88.2,2.95942e-06,4.05677e-08,-6.09745
88.21,2.63306e-06,4.11854e-08,-6.09745
88.22,2.30356e-06,4.17399e-08,-6.09745
88.23,1.97134e-06,4.22343e-08,-6.09745
88.24,1.63682e-06,4.26715e-08,-6.09745
88.25,1.30042e-06,4.30542e-08,-6.09745
88.26,9.62545e-07,4.33847e-08,-6.09745
88.27,6.23612e-07,4.36648e-08,-6.09745
88.28,2.84024e-07,4.38965e-08,-6.09745
88.29,-5.58157e-08,4.40811e-08,-6.09745
88.3,-3.95504e-07,4.42197e-08,-6.09745
88.31,-7.34636e-07,4.43131e-08,-6.09745
88.32,-1.07281e-06,4.43616e-08,-6.09745
88.33,-1.40961e-06,4.43654e-08,-6.09745
88.34,-1.74463e-06,4.43237e-08,-6.09745
88.35,-2.07744e-06,4.42357e-08,-6.09745
88.36,-2.40762e-06,4.40996e-08,-6.09745
88.37,-2.73471e-06,4.39128e-08,-6.09745
88.38,-3.05825e-06,4.36718e-08,-6.09745
88.39,-3.37773e-06,4.33718e-08,-6.09745
88.4,-3.69262e-06,4.30061e-08,-6.09745
88.41,-4.0023e-06,4.25658e-08,-6.09745
88.42,-4.30611e-06,4.20386e-08,-6.09745
88.43,-4.6032e-06,4.14073e-08,-6.09745
88.44,-4.89255e-06,4.06471e-08,-6.09745
88.45,-5.17278e-06,3.97211e-08,-6.09745
88.46,-5.44185e-06,3.85712e-08,-6.09745
88.47,-5.69622e-06,3.73118e-08,-6.09745
88.48,-5.9198e-06,3.61346e-08,-6.09745
88.49,-6.09307e-06,3.29914e-08,-6.09745
88.5,-6.16536e-06,2.06712e-08,-6.09745
88.51,-6.07685e-06,2.38806e-08,-6.09745
88.52,-5.97252e-06,2.88952e-08,-6.09745
88.53,-5.85587e-06,3.36014e-08,-6.09745
88.54,-5.7277e-06,3.80145e-08,-6.09745
88.55,-5.58875e-06,4.21496e-08,-6.09745
88.56,-5.43971e-06,4.60208e-08,-6.09745
88.57,-5.28122e-06,4.96418e-08,-6.09745
88.58,-5.11389e-06,5.30255e-08,-6.09745
88.59,-4.93829e-06,5.61842e-08,-6.09745
88.6,-4.75494e-06,5.91299e-08,-6.09745
88.61,-4.56435e-06,6.18735e-08,-6.09745
88.62,-4.36699e-06,6.44259e-08,-6.09745
88.63,-4.16333e-06,6.67971e-08,-6.09745
88.64,-3.95379e-06,6.89967e-08,-6.09745
88.65,-3.73878e-06,7.10339e-08,-6.09745
88.66,-3.51871e-06,7.29172e-08,-6.09745
88.67,-3.29395e-06,7.46548e-08,-6.09745
88.68,-3.06488e-06,7.62544e-08,-6.09745
88.69,-2.83185e-06,7.77233e-08,-6.09745
88.7,-2.59521e-06,7.90683e-08,-6.09745
88.71,-2.3553e-06,8.02958e-08,-6.09745
88.72,-2.11245e-06,8.14118e-08,-6.09745
88.73,-1.86697e-06,8.2422e-08,-6.09745
88.74,-1.6192e-06,8.33317e-08,-6.09745
88.75,-1.36942e-06,8.41458e-08,-6.09745
88.76,-1.11796e-06,8.48688e-08,-6.09745
88.77,-8.65113e-07,8.55049e-08,-6.09745
88.78,-6.1117e-07,8.6058e-08,-6.09745
88.79,-3.56427e-07,8.65315e-08,-6.09745
88.8,-1.01172e-07,8.69286e-08,-6.09745
88.81,1.54306e-07,8.72522e-08,-6.09745
88.82,4.09726e-07,8.75047e-08,-6.09745
88.83,6.64805e-07,8.76883e-08,-6.09745
88.84,9.19264e-07,8.78047e-08,-6.09745
88.85,1.17283e-06,8.78552e-08,-6.09745
88.86,1.42521e-06,8.78409e-08,-6.09745
88.87,1.67615e-06,8.77623e-08,-6.09745
88.88,1.92536e-06,8.76195e-08,-6.09745
88.89,2.17258e-06,8.74121e-08,-6.09745
88.9,2.41752e-06,8.71391e-08,-6.09745
88.91,2.65991e-06,8.67987e-08,-6.09745
88.92,2.89948e-06,8.63886e-08,-6.09745
88.93,3.13594e-06,8.59056e-08,-6.09745
88.94,3.36902e-06,8.53451e-08,-6.09745
88.95,3.59843e-06,8.47015e-08,-6.09745
88.96,3.82386e-06,8.39675e-08,-6.09745
88.97,4.04502e-06,8.31339e-08,-6.09745
88.98,4.26159e-06,8.21886e-08,-6.09745
88.99,4.47324e-06,8.11163e-08,-6.09745
89,4.67959e-06,7.98969e-08,-6.09745
89.01,4.88025e-06,7.8504e-08,-6.09745
89.02,5.07481e-06,7.69318e-08,-6.09745
89.03,5.26285e-06,7.52165e-08,-6.09745
89.04,5.44372e-06,7.32736e-08,-6.09745
89.05,5.61655e-06,7.09691e-08,-6.09745
89.06,5.78019e-06,6.80939e-08,-6.09745
89.07,5.93289e-06,6.42933e-08,-6.09745
89.08,6.06815e-06,5.90813e-08,-6.09745
89.09,6.16449e-06,5.03521e-08,-6.09745
89.1,6.19644e-06,3.34586e-08,-6.09745
89.11,6.07863e-06,1.84527e-08,-6.09745
89.12,5.90388e-06,2.22232e-08,-6.09745
89.13,5.71252e-06,2.56332e-08,-6.09745
89.14,5.5058e-06,2.87171e-08,-6.09745
89.15,5.28491e-06,3.15062e-08,-6.09745
89.16,5.05096e-06,3.40286e-08,-6.09745
89.17,4.80495e-06,3.63098e-08,-6.09745
89.18,4.54785e-06,3.83728e-08,-6.09745
89.19,4.28063e-06,4.01826e-08,-6.09745
89.2,4.0045e-06,4.14892e-08,-6.09745
89.21,3.72039e-06,4.24984e-08,-6.09745
89.22,3.42914e-06,4.34209e-08,-6.09745
89.23,3.1314e-06,4.42621e-08,-6.09745
89.24,2.82778e-06,4.50272e-08,-6.09745
89.25,2.51889e-06,4.57207e-08,-6.09745
89.26,2.20528e-06,4.63471e-08,-6.09745
89.27,1.88752e-06,4.69103e-08,-6.09745
89.28,1.56613e-06,4.7414e-08,-6.09745
89.29,1.24162e-06,4.78615e-08,-6.09745
89.3,9.14491e-07,4.82559e-08,-6.09745
89.31,5.85227e-07,4.86e-08,-6.09745
89.32,2.54299e-07,4.88963e-08,-6.09745
89.33,-7.7834e-08,4.9147e-08,-6.09745
89.34,-4.10723e-07,4.9354e-08,-6.09745
89.35,-7.43928e-07,4.95189e-08,-6.09745
89.36,-1.07702e-06,4.96432e-08,-6.09745
89.37,-1.40957e-06,4.97278e-08,-6.09745
89.38,-1.74116e-06,4.97737e-08,-6.09745
89.39,-2.07139e-06,4.97812e-08,-6.09745
89.4,-2.39984e-06,4.97503e-08,-6.09745
89.41,-2.72611e-06,4.96808e-08,-6.09745
89.42,-3.04981e-06,4.95719e-08,-6.09745
89.43,-3.37052e-06,4.94222e-08,-6.09745
89.44,-3.68786e-06,4.92298e-08,-6.09745
89.45,-4.00142e-06,4.89919e-08,-6.09745
89.46,-4.31079e-06,4.87049e-08,-6.09745
89.47,-4.61557e-06,4.83638e-08,-6.09745
89.48,-4.91532e-06,4.79621e-08,-6.09745
89.49,-5.2096e-06,4.74912e-08,-6.09745
89.5,-5.49794e-06,4.69394e-08,-6.09745
89.51,-5.77983e-06,4.62909e-08,-6.09745
89.52,-6.0547e-06,4.55237e-08,-6.09745
89.53,-6.32187e-06,4.46066e-08,-6.09745
89.54,-6.58052e-06,4.34925e-08,-6.09745
89.55,-6.8296e-06,4.21082e-08,-6.09745
89.56,-7.06757e-06,4.03295e-08,-6.09745
89.57,-7.2908e-06,3.81097e-08,-6.09745
89.58,-7.48276e-06,3.46848e-08,-6.09745
89.59,-7.62504e-06,2.79428e-08,-6.09745
89.6,-7.62798e-06,8.52647e-09,-6.09745
89.61,-7.41739e-06,1.06355e-08,-6.09745
89.62,-7.19018e-06,1.25428e-08,-6.09745
89.63,-6.94745e-06,1.42678e-08,-6.09745
89.64,-6.69052e-06,1.56328e-08,-6.09745
89.65,-6.4208e-06,1.65434e-08,-6.09745
89.66,-6.13941e-06,1.73777e-08,-6.09745
89.67,-5.84716e-06,1.81518e-08,-6.09745
89.68,-5.54481e-06,1.88691e-08,-6.09745
89.69,-5.23308e-06,1.95326e-08,-6.09745
89.7,-4.91265e-06,2.01455e-08,-6.09745
89.71,-4.58418e-06,2.07103e-08,-6.09745
89.72,-4.24832e-06,2.12298e-08,-6.09745
89.73,-3.90568e-06,2.17064e-08,-6.09745
89.74,-3.55684e-06,2.21425e-08,-6.09745
89.75,-3.20238e-06,2.25401e-08,-6.09745
89.76,-2.84286e-06,2.29013e-08,-6.09745
89.77,-2.47882e-06,2.3228e-08,-6.09745
89.78,-2.1108e-06,2.35218e-08,-6.09745
89.79,-1.73931e-06,2.37844e-08,-6.09745
89.8,-1.36486e-06,2.40172e-08,-6.09745
89.81,-9.87959e-07,2.42215e-08,-6.09745
89.82,-6.09093e-07,2.43985e-08,-6.09745
89.83,-2.2875e-07,2.45493e-08,-6.09745
89.84,1.52588e-07,2.46748e-08,-6.09745
89.85,5.34445e-07,2.47759e-08,-6.09745
89.86,9.16347e-07,2.4853e-08,-6.09745
89.87,1.29782e-06,2.49068e-08,-6.09745
89.88,1.6784e-06,2.49375e-08,-6.09745
89.89,2.05762e-06,2.49453e-08,-6.09745
89.9,2.435e-06,2.49302e-08,-6.09745
89.91,2.81006e-06,2.48918e-08,-6.09745
89.92,3.18233e-06,2.48297e-08,-6.09745
89.93,3.55131e-06,2.4743e-08,-6.09745
89.94,3.9165e-06,2.46306e-08,-6.09745
89.95,4.27738e-06,2.44906e-08,-6.09745
89.96,4.63339e-06,2.4321e-08,-6.09745
89.97,4.98394e-06,2.41186e-08,-6.09745
89.98,5.3284e-06,2.38795e-08,-6.09745
89.99,5.66605e-06,2.35984e-08,-6.09745
90,5.99607e-06,2.32678e-08,-6.09745
90.01,6.31747e-06,2.28777e-08,-6.09745
90.02,6.62898e-06,2.24136e-08,-6.09745
90.03,6.92893e-06,2.18538e-08,-6.09745
90.04,7.21482e-06,2.11644e-08,-6.09745
90.05,7.48273e-06,2.05653e-08,-6.09745
90.06,7.71443e-06,1.99242e-08,-6.09745
90.07,7.88885e-06,1.81434e-08,-6.09745
90.08,7.95775e-06,1.24276e-08,-6.09745
90.09,7.8109e-06,1.1789e-08,-6.09745
90.1,7.63785e-06,1.45569e-08,-6.09745
90.11,7.45046e-06,1.71386e-08,-6.09745
90.12,7.24963e-06,1.95447e-08,-6.09745
90.13,7.03624e-06,2.17854e-08,-6.09745
90.14,6.81109e-06,2.38701e-08,-6.09745
90.15,6.57494e-06,2.58078e-08,-6.09745
90.16,6.32851e-06,2.76072e-08,-6.09745
90.17,6.07247e-06,2.92762e-08,-6.09745
90.18,5.80746e-06,3.08224e-08,-6.09745
90.19,5.5341e-06,3.22531e-08,-6.09745
90.2,5.25298e-06,3.35749e-08,-6.09745
90.21,4.96464e-06,3.47942e-08,-6.09745
90.22,4.66962e-06,3.59169e-08,-6.09745
90.23,4.36845e-06,3.69486e-08,-6.09745
90.24,4.06162e-06,3.78945e-08,-6.09745
90.25,3.74962e-06,3.87595e-08,-6.09745
90.26,3.43293e-06,3.9548e-08,-6.09745
90.27,3.11198e-06,4.02643e-08,-6.09745
90.28,2.78725e-06,4.09122e-08,-6.09745
90.29,2.45917e-06,4.14954e-08,-6.09745
90.3,2.12816e-06,4.20171e-08,-6.09745
90.31,1.79466e-06,4.24804e-08,-6.09745
90.32,1.45909e-06,4.2888e-08,-6.09745
90.33,1.12185e-06,4.32422e-08,-6.09745
90.34,7.8336e-07,4.35454e-08,-6.09745
90.35,4.44023e-07,4.37992e-08,-6.09745
90.36,1.04246e-07,4.40054e-08,-6.09745
90.37,-2.35569e-07,4.41651e-08,-6.09745
90.38,-5.75019e-07,4.42794e-08,-6.09745
90.39,-9.13699e-07,4.43487e-08,-6.09745
90.4,-1.2512e-06,4.43732e-08,-6.09745
90.41,-1.58712e-06,4.43527e-08,-6.09745
90.42,-1.92103e-06,4.42864e-08,-6.09745
90.43,-2.2525e-06,4.4173e-08,-6.09745
90.44,-2.58111e-06,4.40101e-08,-6.09745
90.45,-2.90638e-06,4.3795e-08,-6.09745
90.46,-3.22784e-06,4.35232e-08,-6.09745
90.47,-3.54496e-06,4.31892e-08,-6.09745
90.48,-3.85718e-06,4.27851e-08,-6.09745
90.49,-4.16385e-06,4.23004e-08,-6.09745
90.5,-4.46421e-06,4.17205e-08,-6.09745
90.51,-4.75736e-06,4.10244e-08,-6.09745
90.52,-5.04209e-06,4.0182e-08,-6.09745
90.53,-5.31672e-06,3.91466e-08,-6.09745
90.54,-5.57869e-06,3.78419e-08,-6.09745
90.55,-5.81962e-06,3.6837e-08,-6.09745
90.56,-6.0193e-06,3.48621e-08,-6.09745
90.57,-6.15224e-06,2.91669e-08,-6.09745
90.58,-6.12121e-06,2.12107e-08,-6.09745
90.59,-6.023e-06,2.6388e-08,-6.09745
90.6,-5.91207e-06,3.12486e-08,-6.09745
90.61,-5.78924e-06,3.58082e-08,-6.09745
90.62,-5.65529e-06,4.00823e-08,-6.09745
90.63,-5.51094e-06,4.40854e-08,-6.09745
90.64,-5.35683e-06,4.78313e-08,-6.09745
90.65,-5.19361e-06,5.13335e-08,-6.09745
90.66,-5.02184e-06,5.46045e-08,-6.09745
90.67,-4.84208e-06,5.76565e-08,-6.09745
90.68,-4.65485e-06,6.05009e-08,-6.09745
90.69,-4.46063e-06,6.31486e-08,-6.09745
90.7,-4.25989e-06,6.56101e-08,-6.09745
90.71,-4.05307e-06,6.78952e-08,-6.09745
90.72,-3.84059e-06,7.00132e-08,-6.09745
90.73,-3.62286e-06,7.19731e-08,-6.09745
90.74,-3.40027e-06,7.37832e-08,-6.09745
90.75,-3.17319e-06,7.54514e-08,-6.09745
90.76,-2.94198e-06,7.69853e-08,-6.09745
90.77,-2.70701e-06,7.83918e-08,-6.09745
90.78,-2.4686e-06,7.96776e-08,-6.09745
90.79,-2.22709e-06,8.0849e-08,-6.09745
90.8,-1.98282e-06,8.19117e-08,-6.09745
90.81,-1.73609e-06,8.28713e-08,-6.09745
90.82,-1.48722e-06,8.37328e-08,-6.09745
90.83,-1.23651e-06,8.45009e-08,-6.09745
90.84,-9.84283e-07,8.518e-08,-6.09745
90.85,-7.3082e-07,8.57742e-08,-6.09745
90.86,-4.76419e-07,8.6287e-08,-6.09745
90.87,-2.21371e-07,8.67219e-08,-6.09745
90.88,3.40367e-08,8.70818e-08,-6.09745
90.89,2.89518e-07,8.73694e-08,-6.09745
90.9,5.44791e-07,8.75869e-08,-6.09745
90.91,7.99576e-07,8.77364e-08,-6.09745
90.92,1.05359e-06,8.78193e-08,-6.09745
90.93,1.30657e-06,8.78369e-08,-6.09745
90.94,1.55822e-06,8.77899e-08,-6.09745
90.95,1.80828e-06,8.76787e-08,-6.09745
90.96,2.05647e-06,8.7503e-08,-6.09745
90.97,2.30251e-06,8.72621e-08,-6.09745
90.98,2.54614e-06,8.69547e-08,-6.09745
90.99,2.78707e-06,8.65788e-08,-6.09745
91,3.02503e-06,8.61315e-08,-6.09745
91.01,3.25974e-06,8.56089e-08,-6.09745
91.02,3.49091e-06,8.50061e-08,-6.09745
91.03,3.71825e-06,8.43165e-08,-6.09745
91.04,3.94146e-06,8.35318e-08,-6.09745
91.05,4.16023e-06,8.26414e-08,-6.09745
91.06,4.37424e-06,8.16316e-08,-6.09745
91.07,4.58313e-06,8.04849e-08,-6.09745
91.08,4.78652e-06,7.91781e-08,-6.09745
91.09,4.984e-06,7.7683e-08,-6.09745
91.1,5.17518e-06,7.60417e-08,-6.09745
91.11,5.35951e-06,7.422e-08,-6.09745
91.12,5.53625e-06,7.21066e-08,-6.09745
91.13,5.7044e-06,6.95333e-08,-6.09745
91.14,5.86251e-06,6.62272e-08,-6.09745
91.15,6.00814e-06,6.17768e-08,-6.09745
91.16,6.12509e-06,5.50972e-08,-6.09745
91.17,6.19242e-06,4.30408e-08,-6.09745
91.18,6.15499e-06,1.59806e-08,-6.09745
91.19,5.98851e-06,1.99874e-08,-6.09745
91.2,5.80479e-06,2.36112e-08,-6.09745
91.21,5.60513e-06,2.68885e-08,-6.09745
91.22,5.39075e-06,2.98524e-08,-6.09745
91.23,5.1628e-06,3.25329e-08,-6.09745
91.24,4.92233e-06,3.49571e-08,-6.09745
91.25,4.67032e-06,3.71495e-08,-6.09745
91.26,4.40771e-06,3.91312e-08,-6.09745
91.27,4.13565e-06,4.07086e-08,-6.09745
91.28,3.85516e-06,4.18232e-08,-6.09745
91.29,3.56718e-06,4.28013e-08,-6.09745
91.3,3.27241e-06,4.36946e-08,-6.09745
91.31,2.97148e-06,4.45083e-08,-6.09745
91.32,2.66499e-06,4.52474e-08,-6.09745
91.33,2.35353e-06,4.59164e-08,-6.09745
91.34,2.03765e-06,4.65197e-08,-6.09745
91.35,1.7179e-06,4.70609e-08,-6.09745
91.36,1.39479e-06,4.75438e-08,-6.09745
91.37,1.06883e-06,4.79715e-08,-6.09745
91.38,7.40504e-07,4.83469e-08,-6.09745
91.39,4.10299e-07,4.86729e-08,-6.09745
91.4,7.86737e-08,4.89517e-08,-6.09745
91.41,-2.53917e-07,4.91854e-08,-6.09745
91.42,-5.8703e-07,4.93759e-08,-6.09745
91.43,-9.2023e-07,4.95247e-08,-6.09745
91.44,-1.25309e-06,4.9633e-08,-6.09745
91.45,-1.58519e-06,4.97018e-08,-6.09745
91.46,-1.91611e-06,4.97317e-08,-6.09745
91.47,-2.24545e-06,4.9723e-08,-6.09745
91.48,-2.5728e-06,4.96756e-08,-6.09745
91.49,-2.89775e-06,4.95889e-08,-6.09745
91.5,-3.21992e-06,4.94618e-08,-6.09745
91.51,-3.5389e-06,4.92928e-08,-6.09745
91.52,-3.85429e-06,4.90796e-08,-6.09745
91.53,-4.16569e-06,4.88188e-08,-6.09745
91.54,-4.47268e-06,4.85063e-08,-6.09745
91.55,-4.77485e-06,4.81363e-08,-6.09745
91.56,-5.07177e-06,4.77013e-08,-6.09745
91.57,-5.36297e-06,4.71912e-08,-6.09745
91.58,-5.64796e-06,4.65923e-08,-6.09745
91.59,-5.92621e-06,4.58859e-08,-6.09745
91.6,-6.19709e-06,4.50457e-08,-6.09745
91.61,-6.45987e-06,4.4033e-08,-6.09745
91.62,-6.71361e-06,4.27888e-08,-6.09745
91.63,-6.95705e-06,4.12175e-08,-6.09745
91.64,-7.18824e-06,3.91486e-08,-6.09745
91.65,-7.39727e-06,3.65521e-08,-6.09745
91.66,-7.56604e-06,3.17528e-08,-6.09745
91.67,-7.66441e-06,2.09093e-08,-6.09745
91.68,-7.51876e-06,9.78936e-09,-6.09745
91.69,-7.29922e-06,1.17776e-08,-6.09745
91.7,-7.06365e-06,1.35757e-08,-6.09745
91.71,-6.8132e-06,1.51601e-08,-6.09745
91.72,-6.54933e-06,1.62137e-08,-6.09745
91.73,-6.27332e-06,1.7072e-08,-6.09745
91.74,-5.98608e-06,1.78689e-08,-6.09745
91.75,-5.68839e-06,1.86076e-08,-6.09745
91.76,-5.38098e-06,1.92915e-08,-6.09745
91.77,-5.06455e-06,1.99235e-08,-6.09745
91.78,-4.73979e-06,2.05065e-08,-6.09745
91.79,-4.40733e-06,2.10432e-08,-6.09745
91.8,-4.0678e-06,2.15362e-08,-6.09745
91.81,-3.7218e-06,2.19877e-08,-6.09745
91.82,-3.36991e-06,2.24e-08,-6.09745
91.83,-3.06944e-06,6.21188e-08,-6.09745
91.84,-2.84807e-06,1.56832e-07,-6.09745
91.85,-2.61288e-06,2.42797e-07,-6.09745
91.86,-2.36493e-06,3.20724e-07,-6.09745
91.87,-2.10522e-06,3.91255e-07,-6.09745
91.88,-1.83471e-06,4.54973e-07,-6.09745
91.89,-1.55434e-06,5.12403e-07,-6.09745
91.9,-1.26501e-06,5.64019e-07,-6.09745
91.91,-9.676e-07,6.10251e-07,-6.09745
91.92,-6.62934e-07,6.51483e-07,-6.09745
91.93,-2.46278e-06,7.68662e-06,-6.09745
91.94,-7.3869e-05,8.86028e-05,-6.09745
91.95,-0.000184678,0.00424397,-6.0967
91.96,6.79914e-06,0.0219059,-6.09174
91.97,-0.00865946,0.0511411,-6.08327
91.98,-0.0150902,0.0774864,-6.07266
91.99,-0.00982605,0.105117,-6.05422
92,0.000894439,0.138586,-6.02589
92.01,0.000802421,0.185374,-5.99125
92.02,0.000719414,0.232902,-5.95011
92.03,0.000644544,0.28113,-5.90302
92.04,0.000577023,0.330024,-5.85047
92.05,0.000516138,0.379549,-5.79288
92.06,0.000461243,0.429675,-5.73065
92.07,0.000411756,0.480372,-5.6641
92.08,0.000367147,0.531613,-5.59355
92.09,0.000326939,0.583374,-5.51926
92.1,0.000290696,0.63563,-5.44147
92.11,0.000258021,0.688359,-5.36039
92.12,0.00022855,0.741541,-5.27621
92.13,0.000201946,0.795156,-5.18911
92.14,0.000138812,0.849233,-5.09922
92.15,-0.00018885,0.904076,-5.00576
92.16,-1.92411e-05,0.958724,-4.90911
92.17,-0.000967806,1.01348,-4.81054
92.18,-0.000878404,1.06911,-4.70937
92.19,-0.000797389,1.12505,-4.60675
92.2,-0.000723955,1.18128,-4.50273
92.21,-0.000657371,1.2378,-4.39734
92.22,-0.000596977,1.2946,-4.29063
92.23,-0.000542176,1.35166,-4.18264
92.24,-0.00049243,1.40897,-4.07341
92.25,-0.000447249,1.46653,-3.96298
92.26,-0.000406194,1.52432,-3.85139
92.27,-0.000368866,1.58234,-3.7387
92.28,-0.000334904,1.64058,-3.62494
92.29,-0.000303984,1.69903,-3.51015
92.3,-0.000275809,1.75767,-3.39437
92.31,-0.000250116,1.81651,-3.27764
92.32,-0.000226662,1.87554,-3.16001
92.33,-0.000205231,1.93474,-3.04151
92.34,-0.000185626,1.99411,-2.92218
92.35,-0.00016767,2.05364,-2.80205
92.36,-0.000151202,2.11333,-2.68116
92.37,-0.000136078,2.17316,-2.55954
92.38,-0.000122166,2.23314,-2.43724
92.39,-0.000116546,2.29327,-2.31427
92.4,-0.000185505,2.35362,-2.19069
92.41,-0.000428089,2.41432,-2.06647
92.42,-0.000993511,2.47562,-1.94096
92.43,-0.0019658,2.53764,-1.8141
92.44,-0.00341016,2.60046,-1.68602
92.45,-0.00570751,2.66449,-1.55758
92.46,-0.00908489,2.73,-1.42928
92.47,-0.0130332,2.79642,-1.29996
92.48,-0.0176148,2.8638,-1.16973
92.49,-0.0228902,2.93224,-1.0387
92.5,-0.0289177,3.00179,-0.90695
92.51,-0.035753,3.07252,-0.774577
92.52,-0.0434462,3.14448,-0.641659
92.53,-0.0411887,3.2033,-0.509094
92.54,-0.0266288,3.24716,-0.376546
92.55,-0.014684,3.29442,-0.243348
92.56,-0.00532961,3.34504,-0.10982
92.57,0.00154256,3.4002,0.0236863
92.58,0.0109652,3.46196,0.141087
92.59,0.0185077,3.52247,0.235033
92.6,0.0243189,3.58188,0.307376
92.61,0.0285826,3.64033,0.360407
92.62,0.0314898,3.69796,0.396508
92.63,0.0332075,3.75484,0.417763
92.64,0.0338817,3.81109,0.425991
92.65,0.0336399,3.86677,0.422784
92.66,0.0325938,3.92195,0.409536
92.67,0.030841,3.9767,0.387465
92.68,0.0284669,4.03105,0.357636
92.69,0.0255297,4.08506,0.320776
92.7,0.0221202,4.13877,0.278018
92.71,0.0182994,4.19222,0.230125
92.72,0.0141221,4.24545,0.177777
92.73,0.00980685,4.29866,0.121868
92.74,0.00504392,4.35152,0.0623874
92.75,2.7645e-05,4.40423,-0.000273745
92.76,-0.0028212,4.4603,-0.0551074
92.77,-0.00819442,4.50932,-0.0957405
92.78,-0.00557773,4.5312,-0.123052
92.79,-0.0119284,4.57485,-0.140309
92.8,-0.0123656,4.58373,-0.149956
92.81,-0.0124944,4.58372,-0.152077
92.82,-0.0119694,4.58371,-0.14597
92.83,-0.0108659,4.5837,-0.132582
92.84,-0.00925049,4.5837,-0.112749
92.85,-0.0071815,4.58369,-0.0872063
92.86,-0.00471059,4.58368,-0.0566028
92.87,-0.00188345,4.58368,-0.0215131
92.88,0.00111724,4.58367,0.0158015
92.89,0.0036035,4.58367,0.0467284
92.9,0.00571727,4.58367,0.0730056
92.91,0.00752347,4.58366,0.095456
92.92,0.00905174,4.58366,0.114446
92.93,0.0106317,4.58365,0.134096
92.94,0.0126615,4.58365,0.159388
92.95,0.0150782,4.58364,0.189531
92.96,0.0178202,4.58363,0.223757
92.97,0.0208268,4.58362,0.261301
92.98,0.0240612,4.5836,0.301702
92.99,0.0274972,4.58358,0.344634
93,0.0311122,4.58356,0.389812
93.01,0.0348506,4.58353,0.43654
93.02,0.0379447,4.58351,0.475212
93.03,0.0402534,4.58349,0.504059
93.04,0.041946,4.58347,0.525202
93.05,0.0431561,4.58346,0.54031
93.06,0.0439885,4.58345,0.550694
93.07,0.0445257,4.58345,0.557387
93.08,0.0448157,4.58344,0.560989
93.09,0.0447364,4.58345,0.559972
93.1,0.0442498,4.58345,0.55386
93.11,0.0434598,4.58346,0.543954
93.12,0.0424509,4.58347,0.53131
93.13,0.0412868,4.58348,0.516725
93.14,0.0400156,4.58349,0.500802
93.15,0.0386736,4.5835,0.483994
93.16,0.0372883,4.58351,0.466646
93.17,0.0358807,4.58352,0.449019
93.18,0.0344667,4.58353,0.431313
93.19,0.0330592,4.58354,0.41369
93.2,0.0316692,4.58355,0.396288
93.21,0.0303935,4.58356,0.380316
93.22,0.0294994,4.58357,0.36912
93.23,0.0290884,4.58357,0.363971
93.24,0.0291309,4.58357,0.364498
93.25,0.029611,4.58357,0.370503
93.26,0.030479,4.58356,0.381363
93.27,0.0316829,4.58355,0.396426
93.28,0.033178,4.58354,0.415134
93.29,0.0349264,4.58353,0.437012
93.3,0.0368955,4.58351,0.461653
93.31,0.0390573,4.5835,0.488705
93.32,0.0413879,4.58348,0.517871
93.33,0.0438668,4.58345,0.548892
93.34,0.0464761,4.58343,0.581546
93.35,0.0492005,4.5834,0.615641
93.36,0.0520269,4.58337,0.651013
93.37,0.0549438,4.58333,0.687518
93.38,0.0579413,4.5833,0.725032
93.39,0.0610107,4.58326,0.763446
93.4,0.0641444,4.58321,0.802666
93.41,0.0673359,4.58317,0.842609
93.42,0.0705794,4.58312,0.883204
93.43,0.0738698,4.58307,0.924387
93.44,0.0772027,4.58301,0.966101
93.45,0.080574,4.58296,1.0083
93.46,0.0839803,4.58289,1.05093
93.47,0.0874185,4.58283,1.09397
93.48,0.0908857,4.58276,1.13736
93.49,0.0943801,4.58269,1.1811
93.5,0.0979164,4.58262,1.22537
93.51,0.10157,4.58254,1.2711
93.52,0.105447,4.58245,1.31963
93.53,0.10966,4.58235,1.37236
93.54,0.11424,4.58224,1.42971
93.55,0.119118,4.58212,1.49076
93.56,0.124204,4.58198,1.55443
93.57,0.129435,4.58184,1.61993
93.58,0.134765,4.58169,1.68665
93.59,0.140158,4.58152,1.75417
93.6,0.14559,4.58135,1.82218
93.61,0.151043,4.58118,1.89046
93.62,0.156504,4.581,1.95883
93.63,0.161964,4.58081,2.02719
93.64,0.167416,4.58061,2.09546
93.65,0.172856,4.58041,2.16358
93.66,0.17828,4.5802,2.23152
93.67,0.183688,4.57999,2.29924
93.68,0.189058,4.57977,2.36649
93.69,0.194344,4.57955,2.43271
93.7,0.199504,4.57933,2.49734
93.71,0.204509,4.57911,2.56003
93.72,0.209146,4.5789,2.61811
93.73,0.213258,4.57871,2.66963
93.74,0.216866,4.57854,2.71482
93.75,0.219962,4.57839,2.75361
93.76,0.22275,4.57826,2.78853
93.77,0.225619,4.57812,2.82448
93.78,0.228534,4.57797,2.861
93.79,0.231326,4.57783,2.89598
93.8,0.233876,4.5777,2.92791
93.81,0.236156,4.57759,2.95648
93.82,0.238139,4.57749,2.98133
93.83,0.239791,4.5774,3.00202
93.84,0.241116,4.57733,3.01862
93.85,0.242138,4.57728,3.03142
93.86,0.242873,4.57724,3.04063
93.87,0.243338,4.57721,3.04645
93.88,0.243552,4.5772,3.04913
93.89,0.243554,4.5772,3.04915
93.9,0.243381,4.57721,3.04698
93.91,0.243063,4.57723,3.04299
93.92,0.242626,4.57725,3.03751
93.93,0.242091,4.57728,3.03079
93.94,0.241474,4.57731,3.02306
93.95,0.24079,4.57735,3.01449
93.96,0.240052,4.57739,3.00524
93.97,0.239269,4.57743,2.99542
93.98,0.23845,4.57747,2.98515
93.99,0.237601,4.57751,2.9745
94,0.236727,4.57756,2.96355
94.01,0.235833,4.5776,2.95234
94.02,0.234923,4.57765,2.94094
94.03,0.234,4.5777,2.92937
94.04,0.233066,4.57775,2.91766
94.05,0.232123,4.57779,2.90584
94.06,0.231172,4.57784,2.89393
94.07,0.230216,4.57789,2.88193
94.08,0.229253,4.57794,2.86987
94.09,0.228287,4.57799,2.85776
94.1,0.227315,4.57803,2.84558
94.11,0.22634,4.57808,2.83335
94.12,0.225374,4.57813,2.82125
94.13,0.224445,4.57818,2.8096
94.14,0.223564,4.57822,2.79857
94.15,0.222743,4.57826,2.78828
94.16,0.221993,4.5783,2.77888
94.17,0.221327,4.57833,2.77053
94.18,0.220761,4.57835,2.76343
94.19,0.220317,4.57838,2.75787
94.2,0.220026,4.57839,2.75422
94.21,0.220059,4.57839,2.75463
94.22,0.220398,4.57837,2.75888
94.23,0.220973,4.57834,2.76608
94.24,0.221764,4.57831,2.77599
94.25,0.222822,4.57826,2.78925
94.26,0.224097,4.57819,2.80522
94.27,0.225544,4.57812,2.82336
94.28,0.22713,4.57804,2.84322
94.29,0.228826,4.57796,2.86448
94.3,0.230612,4.57787,2.88686
94.31,0.23247,4.57778,2.91014
94.32,0.234385,4.57768,2.93414
94.33,0.236347,4.57758,2.95872
94.34,0.238347,4.57747,2.98379
94.35,0.240377,4.57737,3.00923
94.36,0.242433,4.57726,3.03499
94.37,0.244509,4.57715,3.06101
94.38,0.246601,4.57704,3.08724
94.39,0.248708,4.57692,3.11364
94.4,0.250826,4.57681,3.14019
94.41,0.252954,4.57669,3.16686
94.42,0.255089,4.57657,3.19362
94.43,0.257232,4.57645,3.22048
94.44,0.25938,4.57633,3.2474
94.45,0.261533,4.57621,3.27439
94.46,0.26369,4.57609,3.30143
94.47,0.265851,4.57596,3.32852
94.48,0.268015,4.57584,3.35566
94.49,0.270182,4.57571,3.38282
94.5,0.272352,4.57558,3.41003
94.51,0.274524,4.57545,3.43726
94.52,0.276699,4.57532,3.46453
94.53,0.278875,4.57519,3.49182
94.54,0.281054,4.57506,3.51914
94.55,0.283235,4.57492,3.54649
94.56,0.285418,4.57479,3.57386
94.57,0.287604,4.57465,3.60126
94.58,0.289791,4.57451,3.62869
94.59,0.291981,4.57437,3.65615
94.6,0.294173,4.57423,3.68365
94.61,0.296368,4.57409,3.71118
94.62,0.298566,4.57395,3.73874
94.63,0.300768,4.5738,3.76636
94.64,0.302972,4.57366,3.794
94.65,0.305151,4.57352,3.82133
94.66,0.30726,4.57337,3.84778
94.67,0.309276,4.57324,3.87307
94.68,0.311177,4.57311,3.89691
94.69,0.312933,4.57299,3.91894
94.7,0.314341,4.57289,3.93661
94.71,0.315256,4.57283,3.94808
94.72,0.315782,4.57279,3.95468
94.73,0.315958,4.57278,3.95689
94.74,0.315862,4.57279,3.95569
94.75,0.315576,4.57281,3.9521
94.76,0.315138,4.57284,3.9466
94.77,0.314574,4.57288,3.93953
94.78,0.313903,4.57292,3.93111
94.79,0.313143,4.57298,3.92157
94.8,0.312319,4.57303,3.91124
94.81,0.31145,4.57309,3.90033
94.82,0.310547,4.57315,3.889
94.83,0.309615,4.57322,3.87732
94.84,0.308659,4.57328,3.86532
94.85,0.307676,4.57335,3.85299
94.86,0.306664,4.57341,3.8403
94.87,0.305618,4.57348,3.82718
94.88,0.304534,4.57356,3.81358
94.89,0.303405,4.57363,3.79941
94.9,0.302223,4.57371,3.7846
94.91,0.30099,4.57379,3.76913
94.92,0.299719,4.57387,3.75318
94.93,0.298418,4.57396,3.73687
94.94,0.297096,4.57404,3.72029
94.95,0.29576,4.57413,3.70353
94.96,0.294413,4.57422,3.68664
94.97,0.29306,4.5743,3.66967
94.98,0.291702,4.57439,3.65263
94.99,0.290341,4.57448,3.63557
95,0.288979,4.57456,3.61849
95.01,0.287617,4.57465,3.60141
95.02,0.286255,4.57473,3.58433
95.03,0.284894,4.57482,3.56727
95.04,0.283535,4.5749,3.55023
95.05,0.282178,4.57499,3.53321
95.06,0.280822,4.57507,3.51621
95.07,0.279469,4.57515,3.49924
95.08,0.278118,4.57524,3.4823
95.09,0.276769,4.57532,3.46538
95.1,0.275422,4.5754,3.4485
95.11,0.274078,4.57548,3.43165
95.12,0.272737,4.57556,3.41482
95.13,0.271399,4.57564,3.39805
95.14,0.270085,4.57572,3.38158
95.15,0.268826,4.57579,3.3658
95.16,0.267633,4.57586,3.35083
95.17,0.26651,4.57592,3.33676
95.18,0.265462,4.57599,3.32362
95.19,0.264492,4.57604,3.31147
95.2,0.263606,4.57609,3.30035
95.21,0.262805,4.57614,3.29031
95.22,0.262094,4.57618,3.28139
95.23,0.261475,4.57621,3.27364
95.24,0.260953,4.57624,3.26709
95.25,0.260531,4.57627,3.26179
95.26,0.260214,4.57629,3.25782
95.27,0.259994,4.5763,3.25506
95.28,0.25985,4.57631,3.25326
95.29,0.259766,4.57631,3.2522
95.3,0.259772,4.57631,3.25227
95.31,0.260175,4.57629,3.25732
95.32,0.261005,4.57624,3.26773
95.33,0.262222,4.57617,3.28298
95.34,0.263694,4.57609,3.30143
95.35,0.265312,4.57599,3.32172
95.36,0.267068,4.57589,3.34373
95.37,0.268951,4.57578,3.36733
95.38,0.270952,4.57566,3.39242
95.39,0.273064,4.57554,3.4189
95.4,0.275281,4.57541,3.44669
95.41,0.277603,4.57527,3.4758
95.42,0.280057,4.57512,3.50658
95.43,0.282678,4.57496,3.53943
95.44,0.285492,4.57478,3.57472
95.45,0.288531,4.57459,3.61283
95.46,0.291828,4.57438,3.65417
95.47,0.295385,4.57416,3.69877
95.48,0.29919,4.57391,3.74649
95.49,0.303234,4.57364,3.7972
95.5,0.3075,4.57336,3.85071
95.51,0.311945,4.57306,3.90646
95.52,0.316523,4.57274,3.96389
95.53,0.321203,4.57242,4.02259
95.54,0.325959,4.57208,4.08226
95.55,0.330774,4.57174,4.14267
95.56,0.335633,4.57138,4.20365
95.57,0.340528,4.57102,4.26506
95.58,0.345449,4.57065,4.32681
95.59,0.35039,4.57028,4.38883
95.6,0.355348,4.5699,4.45106
95.61,0.360319,4.56951,4.51346
95.62,0.365301,4.56911,4.57599
95.63,0.37029,4.56871,4.63863
95.64,0.375286,4.56831,4.70136
95.65,0.380287,4.56789,4.76416
95.66,0.385293,4.56747,4.82701
95.67,0.390301,4.56705,4.88992
95.68,0.395312,4.56662,4.95286
95.69,0.400325,4.56618,5.01583
95.7,0.405339,4.56574,5.07882
95.71,0.410354,4.5653,5.14182
95.72,0.415369,4.56484,5.20484
95.73,0.420384,4.56438,5.26786
95.74,0.425399,4.56392,5.33087
95.75,0.430412,4.56345,5.39388
95.76,0.435417,4.56298,5.45679
95.77,0.440373,4.5625,5.51909
95.78,0.445228,4.56203,5.58014
95.79,0.449943,4.56157,5.63942
95.8,0.454264,4.56114,5.69376
95.81,0.458065,4.56076,5.74156
95.82,0.461372,4.56043,5.78315
95.83,0.46416,4.56015,5.81822
95.84,0.4669,4.55987,5.85268
95.85,0.469625,4.55959,5.88696
95.86,0.472226,4.55932,5.91967
95.87,0.474622,4.55907,5.94981
95.88,0.476796,4.55885,5.97716
95.89,0.478722,4.55865,6.00139
95.9,0.480352,4.55848,6.02189
95.91,0.481664,4.55834,6.0384
95.92,0.482668,4.55823,6.05102
95.93,0.483385,4.55816,6.06004
95.94,0.483834,4.55811,6.06569
95.95,0.484033,4.55809,6.06818
95.96,0.484012,4.55809,6.06792
95.97,0.483811,4.55811,6.06538
95.98,0.48346,4.55815,6.06096
95.99,0.482985,4.5582,6.05499
96,0.482409,4.55826,6.04773
96.01,0.48175,4.55833,6.03943
96.02,0.481022,4.55841,6.03027
96.03,0.480238,4.55849,6.0204
96.04,0.479409,4.55858,6.00996
96.05,0.478542,4.55867,5.99905
96.06,0.477644,4.55876,5.98775
96.07,0.476722,4.55886,5.97614
96.08,0.47578,4.55896,5.96428
96.09,0.474821,4.55906,5.95222
96.1,0.47385,4.55916,5.93999
96.11,0.472867,4.55926,5.92763
96.12,0.471876,4.55936,5.91516
96.13,0.470878,4.55946,5.90259
96.14,0.469874,4.55957,5.88995
96.15,0.468864,4.55967,5.87725
96.16,0.46785,4.55977,5.86449
96.17,0.466832,4.55988,5.85168
96.18,0.465812,4.55998,5.83884
96.19,0.464808,4.56009,5.82622
96.2,0.463846,4.56018,5.81411
96.21,0.462934,4.56028,5.80264
96.22,0.462081,4.56036,5.7919
96.23,0.461295,4.56044,5.78202
96.24,0.460588,4.56051,5.77311
96.25,0.45997,4.56057,5.76534
96.26,0.45946,4.56063,5.75892
96.27,0.459066,4.56067,5.75396
96.28,0.4589,4.56068,5.75187
96.29,0.459053,4.56067,5.75379
96.3,0.459462,4.56063,5.75894
96.31,0.460061,4.56057,5.76647
96.32,0.460918,4.56048,5.77725
96.33,0.462019,4.56037,5.7911
96.34,0.463315,4.56024,5.8074
96.35,0.464767,4.56009,5.82567
96.36,0.466343,4.55993,5.8455
96.37,0.46802,4.55976,5.8666
96.38,0.469778,4.55958,5.88871
96.39,0.471601,4.55939,5.91164
96.4,0.473476,4.5592,5.93523
96.41,0.475393,4.559,5.95936
96.42,0.477346,4.55879,5.98392
96.43,0.479326,4.55859,6.00884
96.44,0.481329,4.55837,6.03405
96.45,0.48335,4.55816,6.05949
96.46,0.485387,4.55794,6.08513
96.47,0.487437,4.55773,6.11093
96.48,0.489498,4.55751,6.13686
96.49,0.491567,4.55728,6.16291
96.5,0.493644,4.55706,6.18905
96.51,0.495727,4.55683,6.21527
96.52,0.497815,4.55661,6.24156
96.53,0.499908,4.55638,6.26791
96.54,0.502005,4.55615,6.29431
96.55,0.504105,4.55592,6.32076
96.56,0.506209,4.55568,6.34725
96.57,0.508315,4.55545,6.37377
96.58,0.510424,4.55521,6.40033
96.59,0.512535,4.55498,6.42691
96.6,0.514649,4.55474,6.45353
96.61,0.516764,4.5545,6.48017
96.62,0.518882,4.55426,6.50685
96.63,0.521001,4.55402,6.53355
96.64,0.523123,4.55378,6.56027
96.65,0.525247,4.55353,6.58703
96.66,0.527373,4.55329,6.61381
96.67,0.529501,4.55304,6.64063
96.68,0.531632,4.55279,6.66748
96.69,0.533766,4.55254,6.69436
96.7,0.535903,4.55229,6.72129
96.71,0.538043,4.55204,6.74826
96.72,0.540186,4.55179,6.77526
96.73,0.542298,4.55154,6.80189
96.74,0.544338,4.55129,6.8276
96.75,0.546281,4.55106,6.85208
96.76,0.548098,4.55084,6.87499
96.77,0.549707,4.55065,6.89527
96.78,0.550821,4.55052,6.90931
96.79,0.551483,4.55044,6.91767
96.8,0.551789,4.5504,6.92152
96.81,0.551765,4.5504,6.92121
96.82,0.551551,4.55043,6.91851
96.83,0.551185,4.55047,6.9139
96.84,0.550693,4.55053,6.9077
96.85,0.550093,4.5506,6.90014
96.86,0.549397,4.55069,6.89136
96.87,0.548616,4.55078,6.88152
96.88,0.547773,4.55088,6.87089
96.89,0.546883,4.55099,6.85967
96.9,0.545958,4.5511,6.848
96.91,0.545001,4.55121,6.83595
96.92,0.544017,4.55133,6.82354
96.93,0.543003,4.55145,6.81076
96.94,0.541957,4.55158,6.79757
96.95,0.540875,4.55171,6.78394
96.96,0.539752,4.55184,6.76978
96.97,0.538582,4.55198,6.75504
96.98,0.537359,4.55212,6.73963
96.99,0.536088,4.55227,6.72361
97,0.53478,4.55242,6.70713
97.01,0.533446,4.55258,6.69032
97.02,0.532093,4.55274,6.67327
97.03,0.530726,4.5529,6.65605
97.04,0.529351,4.55306,6.63872
97.05,0.52797,4.55322,6.62132
97.06,0.526584,4.55338,6.60386
97.07,0.525197,4.55354,6.58639
97.08,0.52381,4.5537,6.56891
97.09,0.522422,4.55386,6.55143
97.1,0.521036,4.55402,6.53396
97.11,0.519651,4.55417,6.51652
97.12,0.518267,4.55433,6.49909
97.13,0.516886,4.55449,6.48169
97.14,0.515507,4.55464,6.46432
97.15,0.51413,4.5548,6.44698
97.16,0.512756,4.55495,6.42967
97.17,0.511384,4.55511,6.41239
97.18,0.510014,4.55526,6.39514
97.19,0.508647,4.55541,6.37793
97.2,0.507285,4.55556,6.36077
97.21,0.50595,4.55571,6.34397
97.22,0.504673,4.55585,6.32788
97.23,0.503463,4.55599,6.31264
97.24,0.502323,4.55611,6.2983
97.25,0.501257,4.55623,6.28487
97.26,0.500268,4.55634,6.27242
97.27,0.499358,4.55644,6.26096
97.28,0.49853,4.55653,6.25053
97.29,0.497787,4.55661,6.24118
97.3,0.497131,4.55668,6.23293
97.31,0.496567,4.55674,6.22582
97.32,0.496096,4.55679,6.21989
97.33,0.495724,4.55683,6.2152
97.34,0.495444,4.55687,6.21167
97.35,0.495236,4.55689,6.20905
97.36,0.495084,4.5569,6.20715
97.37,0.494981,4.55692,6.20585
97.38,0.495109,4.5569,6.20745
97.39,0.495679,4.55684,6.21462
97.4,0.49664,4.55674,6.22672
97.41,0.497941,4.55659,6.2431
97.42,0.499417,4.55643,6.26168
97.43,0.501035,4.55626,6.28205
97.44,0.502786,4.55606,6.30409
97.45,0.50466,4.55586,6.32769
97.46,0.506648,4.55564,6.35272
97.47,0.508743,4.5554,6.3791
97.48,0.510939,4.55516,6.40676
97.49,0.513251,4.5549,6.43587
97.5,0.51571,4.55462,6.46685
97.51,0.518347,4.55432,6.50006
97.52,0.521195,4.554,6.53592
97.53,0.524291,4.55364,6.57492
97.54,0.527655,4.55326,6.6173
97.55,0.531275,4.55284,6.6629
97.56,0.53514,4.55238,6.71161
97.57,0.53924,4.5519,6.76327
97.58,0.543532,4.55139,6.81736
97.59,0.547969,4.55086,6.87328
97.6,0.552516,4.55031,6.9306
97.61,0.557146,4.54975,6.98897
97.62,0.56184,4.54917,7.04815
97.63,0.566583,4.54858,7.10795
97.64,0.571362,4.54799,7.16823
97.65,0.576171,4.54738,7.22888
97.66,0.581003,4.54677,7.28983
97.67,0.585853,4.54615,7.35102
97.68,0.590716,4.54552,7.41239
97.69,0.595591,4.54488,7.4739
97.7,0.600475,4.54424,7.53554
97.71,0.605365,4.5436,7.59728
97.72,0.610262,4.54294,7.6591
97.73,0.615163,4.54228,7.72098
97.74,0.620067,4.54162,7.78292
97.75,0.624974,4.54095,7.8449
97.76,0.629883,4.54027,7.90691
97.77,0.634794,4.53959,7.96895
97.78,0.639705,4.5389,8.03101
97.79,0.644617,4.5382,8.09309
97.8,0.649528,4.5375,8.15517
97.81,0.654439,4.5368,8.21725
97.82,0.659348,4.53609,8.27932
97.83,0.664256,4.53538,8.34139
97.84,0.669151,4.53466,8.40331
97.85,0.673987,4.53394,8.46448
97.86,0.678715,4.53324,8.5243
97.87,0.683211,4.53257,8.58118
97.88,0.687212,4.53196,8.63182
97.89,0.690693,4.53143,8.67588
97.9,0.693649,4.53098,8.7133
97.91,0.696345,4.53057,8.74742
97.92,0.699073,4.53015,8.78195
97.93,0.701829,4.52973,8.81685
97.94,0.704548,4.5293,8.85127
97.95,0.707089,4.52891,8.88345
97.96,0.709359,4.52856,8.91219
97.97,0.711325,4.52825,8.9371
97.98,0.712948,4.52799,8.95765
97.99,0.714225,4.52779,8.97382
98,0.715183,4.52764,8.98595
98.01,0.715849,4.52754,8.99438
98.02,0.716243,4.52747,8.99937
98.03,0.716387,4.52745,9.00119
98.04,0.716318,4.52746,9.00031
98.05,0.716071,4.5275,8.99718
98.06,0.715679,4.52756,8.99221
98.07,0.715166,4.52764,8.98571
98.08,0.714554,4.52774,8.97795
98.09,0.71386,4.52785,8.96915
98.1,0.713098,4.52797,8.9595
98.11,0.712281,4.5281,8.94914
98.12,0.711419,4.52823,8.93822
98.13,0.71052,4.52837,8.92682
98.14,0.70959,4.52852,8.91504
98.15,0.708635,4.52867,8.90295
98.16,0.707661,4.52882,8.8906
98.17,0.70667,4.52898,8.87804
98.18,0.705665,4.52913,8.86531
98.19,0.704649,4.52929,8.85245
98.2,0.703624,4.52945,8.83947
98.21,0.702592,4.52961,8.82639
98.22,0.701553,4.52977,8.81323
98.23,0.700509,4.52993,8.8
98.24,0.69946,4.53009,8.78671
98.25,0.698414,4.53025,8.77346
98.26,0.697397,4.53041,8.76059
98.27,0.696426,4.53056,8.74829
98.28,0.695505,4.5307,8.73663
98.29,0.694641,4.53083,8.72569
98.3,0.69384,4.53096,8.71555
98.31,0.693111,4.53107,8.70632
98.32,0.692464,4.53117,8.69811
98.33,0.69191,4.53125,8.6911
98.34,0.69146,4.53132,8.68539
98.35,0.691134,4.53137,8.68128
98.36,0.691105,4.53137,8.6809
98.37,0.691344,4.53134,8.68393
98.38,0.691788,4.53127,8.68955
98.39,0.692448,4.53117,8.6979
98.4,0.693375,4.53103,8.70964
98.41,0.694517,4.53085,8.72409
98.42,0.69583,4.53065,8.74072
98.43,0.69728,4.53043,8.75908
98.44,0.698841,4.53019,8.77884
98.45,0.700491,4.52993,8.79973
98.46,0.702212,4.52967,8.82153
98.47,0.703991,4.52939,8.84406
98.48,0.705816,4.52911,8.86718
98.49,0.70768,4.52882,8.89079
98.5,0.709575,4.52852,8.91479
98.51,0.711495,4.52822,8.93911
98.52,0.713435,4.52792,8.96369
98.53,0.715393,4.52761,8.98849
98.54,0.717364,4.5273,9.01347
98.55,0.719347,4.52698,9.0386
98.56,0.72134,4.52667,9.06386
98.57,0.723341,4.52635,9.08922
98.58,0.725349,4.52603,9.11466
98.59,0.727363,4.52571,9.14019
98.6,0.729382,4.52538,9.16578
98.61,0.731405,4.52506,9.19143
98.62,0.733432,4.52473,9.21712
98.63,0.735463,4.5244,9.24286
98.64,0.737496,4.52407,9.26864
98.65,0.739532,4.52374,9.29446
98.66,0.741533,4.52341,9.31982
98.67,0.743094,4.52316,9.33958
98.68,0.744417,4.52295,9.3563
98.69,0.745815,4.52289,9.3723
98.7,0.75573,4.53188,9.39012
98.71,0.778773,4.55477,9.41133
98.72,0.814004,4.59193,9.43584
98.73,0.862996,4.64217,9.46365
98.74,0.924461,4.70567,9.49411
98.75,0.99831,4.78236,9.52709
98.76,1.0845,4.8722,9.56249
98.77,1.18304,4.97518,9.60024
98.78,1.29397,5.09137,9.6403
98.79,1.41738,5.22085,9.68268
98.8,1.55341,5.36376,9.72738
98.81,1.70223,5.52028,9.77447
98.82,1.86081,5.69212,9.8233
98.83,2.01784,5.88376,9.86936
98.84,2.16972,6.09499,9.90804
98.85,2.31389,6.32534,9.93525
98.86,2.44832,6.57417,9.94731
98.87,2.57454,6.84152,9.94108
98.88,2.69941,7.12952,9.91733
98.89,2.82689,7.44289,9.87693
98.9,2.9578,7.7871,9.82099
98.91,3.09054,8.16739,9.75109
98.92,3.21611,8.58626,9.66458
98.93,2.98382,8.7606,9.42124
98.94,2.55683,8.88213,9.095
98.95,2.04363,8.95531,8.73893
98.96,1.45056,8.97103,8.35728
98.97,0.779698,8.92943,7.95135
98.98,0.129224,8.91568,7.55157
98.99,-0.00580517,9.10001,7.33553
99,-0.00525574,9.13828,7.17714
99.01,-0.00474771,9.10007,7.02414
99.02,-0.00427824,8.98703,6.8765
99.03,-0.00384474,8.80064,6.73416
99.04,0.0399292,8.58841,6.6118
99.05,0.116154,8.41917,6.50715
99.06,0.176542,8.27106,6.40315
99.07,0.222041,8.14282,6.29972
99.08,0.253504,8.0333,6.19673
99.09,0.271737,7.94142,6.0941
99.1,0.278571,7.86497,5.99225
99.11,0.275164,7.8025,5.89131
99.12,0.262031,7.7533,5.79109
99.13,0.23952,7.71687,5.69116
99.14,0.207844,7.69288,5.59093
99.15,0.167705,7.68039,5.491
99.16,0.119415,7.67895,5.39124
99.17,0.0632504,7.68816,5.2915
99.18,1.9245e-05,7.70694,5.19189
99.19,-0.0061798,7.66733,5.10969
99.2,0.00848392,7.56645,5.03275
99.21,0.0291099,7.47652,4.95867
99.22,0.040155,7.39946,4.88269
99.23,0.0421173,7.33458,4.8049
99.24,0.0352918,7.28148,4.72496
99.25,0.0202662,7.23935,4.64329
99.26,-0.00255625,7.20764,4.56004
99.27,-0.00230718,7.1482,4.48571
99.28,-0.00208208,7.08722,4.41728
99.29,-0.00187882,7.02694,4.35408
99.3,-0.00169526,6.9673,4.29543
99.31,-0.00152949,6.90826,4.24073
99.32,-0.00137973,6.84973,4.18858
99.33,-0.00124418,6.79145,4.13368
99.34,-0.00112138,6.73325,4.07415
99.35,-0.00101014,6.67512,4.01045
99.36,-0.000909191,6.61706,3.943
99.37,-0.000817507,6.55909,3.87219
99.38,-0.000734219,6.50121,3.79838
99.39,-0.000658589,6.44344,3.72212
99.4,-0.000590423,6.38636,3.65105
99.41,0.000911126,6.32708,3.58373
99.42,-0.000103156,6.27193,3.51428
99.43,-8.72646e-05,6.21548,3.44281
99.44,-7.25436e-05,6.15903,3.3684
99.45,-5.88821e-05,6.10258,3.29134
99.46,-4.61952e-05,6.04614,3.2119
99.47,-3.44047e-05,5.98971,3.13031
99.48,-2.34386e-05,5.9333,3.04681
99.49,-1.32309e-05,5.87691,2.96156
99.5,-3.72103e-06,5.82055,2.87475
99.51,5.14676e-06,5.76421,2.78652
99.52,1.34235e-05,5.7079,2.697
99.53,2.11559e-05,5.65162,2.60633
99.54,2.83868e-05,5.59536,2.5146
99.55,3.51004e-05,5.53908,2.42202
99.56,-0.000813313,5.46671,2.33195
99.57,0.000395431,5.36559,2.24441
99.58,-0.000573647,5.23807,2.153
99.59,-0.000101073,5.0778,2.05673
99.6,-0.000526169,4.88496,1.95164
99.61,0.000103346,4.6561,1.84079
99.62,-0.000614693,4.38984,1.72235
99.63,-0.000172018,4.08098,1.59718
99.64,-6.17366e-05,3.72537,1.46318
99.65,-9.5426e-06,3.32321,1.33028
99.66,4.35737e-05,2.86919,1.19691
99.67,-0.000175258,2.35459,1.05888
99.68,-9.19398e-05,1.77304,0.921697
99.69,-1.13464e-05,1.12179,0.789348
99.7,6.57781e-05,0.395403,0.663618
99.71,0.000110062,-0.0757045,0.557673
99.72,0.000109903,-0.0745984,0.501821
99.73,0.000109784,-0.0734911,0.47981
99.74,0.000109707,-0.0723827,0.488623
99.75,0.000107944,-0.0712712,0.515323
99.76,0.000105224,-0.0701577,0.536992
99.77,0.000102863,-0.0690437,0.553907
99.78,0.000100693,-0.0679293,0.566917
99.79,9.8694e-05,-0.0668144,0.576673
99.8,9.68373e-05,-0.065699,0.583779
99.81,9.51111e-05,-0.0645833,0.588749
99.82,9.35044e-05,-0.0634672,0.592009
99.83,9.20071e-05,-0.0623508,0.593909
99.84,9.06092e-05,-0.0612341,0.594741
99.85,8.9331e-05,-0.0601171,0.594921
99.86,8.8188e-05,-0.059,0.59473
99.87,8.71608e-05,-0.0578827,0.594238
99.88,8.62322e-05,-0.0567652,0.593513
99.89,8.53912e-05,-0.0556475,0.592614
99.9,8.46228e-05,-0.0545297,0.591579
99.91,8.39129e-05,-0.0534118,0.590439
99.92,8.32486e-05,-0.0522937,0.589223
99.93,8.26186e-05,-0.0511755,0.587953
99.94,8.20125e-05,-0.0500572,0.586648
99.95,8.14209e-05,-0.0489387,0.585325
99.96,8.08356e-05,-0.0478202,0.583997
99.97,8.0249e-05,-0.0467015,0.582675
99.98,7.96545e-05,-0.0455827,0.581368
99.99,7.9046e-05,-0.0444639,0.580084
100,7.84181e-05,-0.0433449,0.578828
100.01,7.77662e-05,-0.0422258,0.577604
100.02,7.70861e-05,-0.0411067,0.576417
100.03,7.63739e-05,-0.0399874,0.575268
100.04,7.56264e-05,-0.0388681,0.57416
100.05,7.48408e-05,-0.0377487,0.573093
100.06,7.40146e-05,-0.0366292,0.572068
100.07,7.31456e-05,-0.0355096,0.571086
100.08,7.22321e-05,-0.03439,0.570145
100.09,7.12726e-05,-0.0332703,0.569246
100.1,7.02657e-05,-0.0321505,0.568388
100.11,6.92106e-05,-0.0310306,0.567569
100.12,6.81109e-05,-0.0299107,0.566794
100.13,6.69918e-05,-0.0287907,0.566091
100.14,6.58548e-05,-0.0276707,0.565458
100.15,6.46985e-05,-0.0265507,0.564889
100.16,6.35218e-05,-0.0254306,0.564377
100.17,6.23235e-05,-0.0243105,0.563916
100.18,6.11029e-05,-0.0231903,0.563502
100.19,5.98592e-05,-0.0220701,0.56313
100.2,5.85918e-05,-0.0209499,0.562795
100.21,5.73003e-05,-0.0198296,0.562495
100.22,5.59843e-05,-0.0187093,0.562224
100.23,5.46435e-05,-0.017589,0.561982
100.24,5.32779e-05,-0.0164686,0.561764
100.25,5.18874e-05,-0.0153482,0.561568
100.26,5.0472e-05,-0.0142278,0.561392
100.27,4.9032e-05,-0.0131073,0.561235
100.28,4.75677e-05,-0.0119868,0.561093
100.29,4.54398e-05,-0.0108698,0.560969
100.3,4.15921e-05,-0.00983035,0.560888
100.31,3.81465e-05,-0.00889025,0.560852
100.32,3.50638e-05,-0.00804005,0.560856
100.33,3.23086e-05,-0.00727113,0.560895
100.34,2.98471e-05,-0.00657574,0.560962
100.35,2.76362e-05,-0.00594686,0.561042
100.36,2.56434e-05,-0.00537812,0.561128
100.37,2.36872e-05,-0.00486361,0.561196
100.38,2.16888e-05,-0.00439808,0.561239
100.39,1.96518e-05,-0.00397683,0.56126
100.4,1.75798e-05,-0.00359565,0.561261
100.41,1.54762e-05,-0.00325069,0.561246
100.42,1.33441e-05,-0.0029385,0.561216
100.43,1.11868e-05,-0.00265594,0.561173
100.44,9.39725e-06,-0.00240058,0.561119
100.45,9.15488e-06,-0.00217106,0.561062
100.46,8.90498e-06,-0.00196348,0.561005
100.47,8.64779e-06,-0.00177575,0.560948
100.48,8.38357e-06,-0.00160597,0.560893
100.49,8.11255e-06,-0.00145242,0.560841
100.5,7.835e-06,-0.00131356,0.560792
100.51,7.55117e-06,-0.00118797,0.560746
100.52,7.26131e-06,-0.00107439,0.560703
100.53,6.96568e-06,-0.000971668,0.560663
100.54,6.66453e-06,-0.000878768,0.560626
100.55,6.35814e-06,-0.000794751,0.560593
100.56,6.04676e-06,-0.000718768,0.560563
100.57,5.73067e-06,-0.000650049,0.560535
100.58,5.41014e-06,-0.000587901,0.56051
100.59,5.08545e-06,-0.000531695,0.560488
100.6,4.75688e-06,-0.000480863,0.560468
100.61,4.42472e-06,-0.000434891,0.56045
100.62,4.08924e-06,-0.000393315,0.560434
100.63,3.75075e-06,-0.000355715,0.56042
100.64,3.40954e-06,-0.000321709,0.560407
100.65,3.06591e-06,-0.000290956,0.560396
100.66,2.72016e-06,-0.000263143,0.560387
100.67,2.3726e-06,-0.000237989,0.560378
100.68,2.02353e-06,-0.000215241,0.560371
100.69,1.67326e-06,-0.000194668,0.560364
100.7,1.32213e-06,-0.000176063,0.560359
100.71,9.7043e-07,-0.000159237,0.560354
100.72,6.18496e-07,-0.00014402,0.56035
100.73,2.66651e-07,-0.000130259,0.560346
100.74,-8.47777e-08,-0.000117813,0.560343
100.75,-4.35457e-07,-0.000106559,0.560341
100.76,-7.85051e-07,-9.63809e-05,0.560339
100.77,-1.13322e-06,-8.71768e-05,0.560337
100.78,-1.47961e-06,-7.88536e-05,0.560336
100.79,-1.82388e-06,-7.13269e-05,0.560335
100.8,-2.16566e-06,-6.45208e-05,0.560334
100.81,-2.50458e-06,-5.83666e-05,0.560334
100.82,-2.84025e-06,-5.28018e-05,0.560333
100.83,-3.17228e-06,-4.77705e-05,0.560333
100.84,-3.49952e-06,-4.32208e-05,0.560333
100.85,-3.81233e-06,-3.90957e-05,0.560334
100.86,-4.10934e-06,-3.53522e-05,0.560336
100.87,-4.39245e-06,-3.19551e-05,0.560338
100.88,-4.6613e-06,-2.88702e-05,0.560339
100.89,-4.91235e-06,-2.60597e-05,0.56034
100.9,-5.14515e-06,-2.34962e-05,0.56034
100.91,-5.35544e-06,-2.11607e-05,0.56034
100.92,-5.54147e-06,-1.90341e-05,0.56034
100.93,-5.70372e-06,-1.70975e-05,0.560339
100.94,-5.84217e-06,-1.53341e-05,0.560339
100.95,-5.95289e-06,-1.3732e-05,0.560338
100.96,-5.88729e-06,-1.23994e-05,0.560337
100.97,-5.79425e-06,-1.12038e-05,0.560337
100.98,-5.68778e-06,-1.01225e-05,0.560337
100.99,-5.56876e-06,-9.14467e-06,0.560337
101,-5.43799e-06,-8.26031e-06,0.560338
101.01,-5.29623e-06,-7.46051e-06,0.560338
101.02,-5.14416e-06,-6.73718e-06,0.560339
101.03,-4.98246e-06,-6.08302e-06,0.560339
101.04,-4.81173e-06,-5.49141e-06,0.56034
101.05,-4.63265e-06,-4.9565e-06,0.560341
101.06,-4.44592e-06,-4.4731e-06,0.560341
101.07,-4.25205e-06,-4.0363e-06,0.560342
101.08,-4.05151e-06,-3.64167e-06,0.560342
101.09,-3.84476e-06,-3.28518e-06,0.560342
101.1,-3.63224e-06,-2.9632e-06,0.560342
101.11,-3.41435e-06,-2.67244e-06,0.560342
101.12,-3.1915e-06,-2.40993e-06,0.560342
101.13,-2.96408e-06,-2.17297e-06,0.560342
101.14,-2.73246e-06,-1.95914e-06,0.560342
101.15,-2.49699e-06,-1.76624e-06,0.560342
101.16,-2.25804e-06,-1.59228e-06,0.560342
101.17,-2.01593e-06,-1.43546e-06,0.560341
101.18,-1.77102e-06,-1.29415e-06,0.560341
101.19,-1.52361e-06,-1.16689e-06,0.560341
101.2,-1.27404e-06,-1.05235e-06,0.560341
101.21,-1.02262e-06,-9.49327e-07,0.560341
101.22,-7.69652e-07,-8.56735e-07,0.560341
101.23,-5.15442e-07,-7.73596e-07,0.560341
101.24,-2.60289e-07,-6.99023e-07,0.560341
101.25,-4.48744e-09,-6.32219e-07,0.560341
101.26,2.5167e-07,-5.72462e-07,0.56034
101.27,5.07897e-07,-5.19103e-07,0.56034
101.28,7.63907e-07,-4.71555e-07,0.56034
101.29,1.01942e-06,-4.29293e-07,0.56034
101.3,1.2741e-06,-3.9171e-07,0.56034
101.31,1.52701e-06,-3.56972e-07,0.56034
101.32,1.7778e-06,-3.24508e-07,0.56034
101.33,2.02628e-06,-2.94184e-07,0.56034
101.34,2.27225e-06,-2.65872e-07,0.56034
101.35,2.51551e-06,-2.39453e-07,0.56034
101.36,2.75585e-06,-2.14815e-07,0.56034
101.37,2.99304e-06,-1.91851e-07,0.560339
101.38,3.22685e-06,-1.70463e-07,0.560339
101.39,3.45705e-06,-1.50559e-07,0.560339
101.4,3.68337e-06,-1.3205e-07,0.560339
101.41,3.90556e-06,-1.14856e-07,0.560339
101.42,4.12333e-06,-9.8903e-08,0.560339
101.43,4.33639e-06,-8.41206e-08,0.560339
101.44,4.54441e-06,-7.04464e-08,0.560339
101.45,4.74704e-06,-5.78239e-08,0.560339
101.46,4.94389e-06,-4.62051e-08,0.560339
101.47,5.13458e-06,-3.56032e-08,0.560339
101.48,5.31862e-06,-2.60122e-08,0.560338
101.49,5.49529e-06,-1.73856e-08,0.560338
101.5,5.66366e-06,-9.68552e-09,0.560338
101.51,5.82243e-06,-2.8858e-09,0.560338
101.52,5.96957e-06,3.07894e-09,0.560338
101.53,6.09361e-06,1.01137e-08,0.560338
101.54,6.17447e-06,1.40859e-08,0.560338
101.55,6.18126e-06,1.16272e-08,0.560338
101.56,6.03711e-06,1.06371e-08,0.560337
101.57,5.86051e-06,1.51551e-08,0.560337
101.58,5.66742e-06,1.92412e-08,0.560337
101.59,5.45908e-06,2.29363e-08,0.560337
101.6,5.23669e-06,2.62781e-08,0.560337
101.61,5.00132e-06,2.93006e-08,0.560337
101.62,4.754e-06,3.20342e-08,0.560337
101.63,4.49569e-06,3.45059e-08,0.560336
101.64,4.22733e-06,3.6696e-08,0.560336
101.65,3.95014e-06,3.83522e-08,0.560336
101.66,3.66501e-06,3.9599e-08,0.560336
101.67,3.37284e-06,4.07323e-08,0.560336
101.68,3.07428e-06,4.17697e-08,0.560336
101.69,2.76993e-06,4.27169e-08,0.560336
101.7,2.4604e-06,4.35798e-08,0.560336
101.71,2.14625e-06,4.43632e-08,0.560336
101.72,1.82802e-06,4.50718e-08,0.560336
101.73,1.50624e-06,4.57113e-08,0.560335
101.74,1.18142e-06,4.62845e-08,0.560335
101.75,8.54065e-07,4.67953e-08,0.560335
101.76,5.24647e-07,4.72477e-08,0.560335
101.77,1.93637e-07,4.76438e-08,0.560335
101.78,-1.38507e-07,4.79873e-08,0.560335
101.79,-4.71335e-07,4.82799e-08,0.560335
101.8,-8.04412e-07,4.85241e-08,0.560335
101.81,-1.1373e-06,4.87215e-08,0.560335
101.82,-1.46959e-06,4.88736e-08,0.560335
101.83,-1.80086e-06,4.89818e-08,0.560335
101.84,-2.13069e-06,4.90466e-08,0.560335
101.85,-2.45868e-06,4.90683e-08,0.560335
101.86,-2.78442e-06,4.90472e-08,0.560335
101.87,-3.10752e-06,4.89825e-08,0.560335
101.88,-3.42758e-06,4.88727e-08,0.560335
101.89,-3.7442e-06,4.8716e-08,0.560335
101.9,-4.05697e-06,4.85103e-08,0.560335
101.91,-4.36549e-06,4.82522e-08,0.560335
101.92,-4.66934e-06,4.79361e-08,0.560336
101.93,-4.9681e-06,4.7555e-08,0.560336
101.94,-5.26131e-06,4.71009e-08,0.560336
101.95,-5.54849e-06,4.65616e-08,0.560336
101.96,-5.82913e-06,4.59201e-08,0.560336
101.97,-6.10263e-06,4.51539e-08,0.560336
101.98,-6.36832e-06,4.42292e-08,0.560336
101.99,-6.62533e-06,4.30954e-08,0.560336
102,-6.87254e-06,4.16734e-08,0.560336
102.01,-7.10829e-06,3.98265e-08,0.560336
102.02,-7.32742e-06,3.75405e-08,0.560336
102.03,-7.51217e-06,3.37447e-08,0.560337
102.04,-7.64218e-06,2.60271e-08,0.560337
102.05,-7.59056e-06,9.26106e-09,0.560337
102.06,-7.37714e-06,1.12999e-08,0.560337
102.07,-7.14728e-06,1.31438e-08,0.560337
102.08,-6.90208e-06,1.48113e-08,0.560338
102.09,-6.64294e-06,1.60446e-08,0.560338
102.1,-6.37122e-06,1.69158e-08,0.560338
102.11,-6.08797e-06,1.77247e-08,0.560338
102.12,-5.79399e-06,1.8475e-08,0.560338
102.13,-5.49003e-06,1.91698e-08,0.560338
102.14,-5.17679e-06,1.98121e-08,0.560339
102.15,-4.85498e-06,2.04051e-08,0.560339
102.16,-4.52523e-06,2.09512e-08,0.560339
102.17,-4.18819e-06,2.14535e-08,0.560339
102.18,-3.84447e-06,2.19137e-08,0.560339
102.19,-3.49465e-06,2.23346e-08,0.560339
102.2,-3.13931e-06,2.27174e-08,0.560339
102.21,-2.77899e-06,2.30648e-08,0.560339
102.22,-2.41425e-06,2.33784e-08,0.560339
102.23,-2.04562e-06,2.36596e-08,0.560339
102.24,-1.6736e-06,2.39103e-08,0.56034
102.25,-1.29871e-06,2.41322e-08,0.56034
102.26,-9.2145e-07,2.4326e-08,0.56034
102.27,-5.4231e-07,2.44929e-08,0.56034
102.28,-1.61776e-07,2.46339e-08,0.56034
102.29,2.19671e-07,2.47506e-08,0.56034
102.3,6.01555e-07,2.48433e-08,0.56034
102.31,9.83403e-07,2.49124e-08,0.56034
102.32,1.36474e-06,2.49584e-08,0.56034
102.33,1.74511e-06,2.49819e-08,0.56034
102.34,2.12403e-06,2.49824e-08,0.56034
102.35,2.50102e-06,2.49605e-08,0.56034
102.36,2.87562e-06,2.49149e-08,0.56034
102.37,3.24735e-06,2.48462e-08,0.56034
102.38,3.61569e-06,2.47528e-08,0.56034
102.39,3.98016e-06,2.46331e-08,0.56034
102.4,4.34021e-06,2.44857e-08,0.56034
102.41,4.6953e-06,2.43088e-08,0.56034
102.42,5.04483e-06,2.40986e-08,0.56034
102.43,5.38815e-06,2.38507e-08,0.56034
102.44,5.72452e-06,2.35597e-08,0.56034
102.45,6.05311e-06,2.32181e-08,0.56034
102.46,6.37287e-06,2.28151e-08,0.56034
102.47,6.68249e-06,2.23347e-08,0.560339
102.48,6.98018e-06,2.17541e-08,0.560339
102.49,7.26327e-06,2.10452e-08,0.560339
102.5,7.52668e-06,2.05208e-08,0.560339
102.51,7.74983e-06,1.97341e-08,0.560339
102.52,7.91123e-06,1.76187e-08,0.560339
102.53,7.94144e-06,9.25715e-09,0.560339
102.54,7.78103e-06,1.21933e-08,0.560339
102.55,7.60546e-06,1.49342e-08,0.560338
102.56,7.4157e-06,1.74903e-08,0.560338
102.57,7.21265e-06,1.98719e-08,0.560338
102.58,6.99718e-06,2.20894e-08,0.560338
102.59,6.77009e-06,2.41523e-08,0.560338
102.6,6.53212e-06,2.60695e-08,0.560338
102.61,6.28399e-06,2.78498e-08,0.560337
102.62,6.02636e-06,2.95008e-08,0.560337
102.63,5.75987e-06,3.103e-08,0.560337
102.64,5.48514e-06,3.24449e-08,0.560337
102.65,5.20273e-06,3.37516e-08,0.560337
102.66,4.9132e-06,3.49568e-08,0.560337
102.67,4.61708e-06,3.60662e-08,0.560337
102.68,4.3149e-06,3.70854e-08,0.560337
102.69,4.00715e-06,3.8019e-08,0.560336
102.7,3.6943e-06,3.88726e-08,0.560336
102.71,3.37684e-06,3.96502e-08,0.560336
102.72,3.05521e-06,4.03564e-08,0.560336
102.73,2.72987e-06,4.09949e-08,0.560336
102.74,2.40125e-06,4.15691e-08,0.560336
102.75,2.06979e-06,4.20819e-08,0.560336
102.76,1.7359e-06,4.25372e-08,0.560336
102.77,1.40001e-06,4.29366e-08,0.560336
102.78,1.06253e-06,4.32834e-08,0.560336
102.79,7.23864e-07,4.35789e-08,0.560336
102.8,3.84425e-07,4.38254e-08,0.560336
102.81,4.46163e-08,4.40244e-08,0.560336
102.82,-2.9516e-07,4.41769e-08,0.560336
102.83,-6.345e-07,4.4284e-08,0.560336
102.84,-9.73e-07,4.43462e-08,0.560336
102.85,-1.31025e-06,4.43634e-08,0.560336
102.86,-1.64584e-06,4.43357e-08,0.560336
102.87,-1.97935e-06,4.4262e-08,0.560336
102.88,-2.31036e-06,4.41412e-08,0.560336
102.89,-2.63841e-06,4.397e-08,0.560336
102.9,-2.96305e-06,4.37459e-08,0.560336
102.91,-3.28378e-06,4.34645e-08,0.560336
102.92,-3.60008e-06,4.31194e-08,0.560336
102.93,-3.91138e-06,4.27025e-08,0.560336
102.94,-4.217e-06,4.22026e-08,0.560336
102.95,-4.51617e-06,4.16047e-08,0.560336
102.96,-4.80794e-06,4.08858e-08,0.560336
102.97,-5.09103e-06,4.00142e-08,0.560336
102.98,-5.36367e-06,3.89381e-08,0.560336
102.99,-5.62303e-06,3.75746e-08,0.560336
103,-5.85808e-06,3.66121e-08,0.560336
103.01,-6.04863e-06,3.42711e-08,0.560336
103.02,-6.16355e-06,2.70448e-08,0.560337
103.03,-6.10519e-06,2.2281e-08,0.560337
103.04,-6.00466e-06,2.73935e-08,0.560337
103.05,-5.89157e-06,3.21923e-08,0.560337
103.06,-5.76672e-06,3.66936e-08,0.560337
103.07,-5.63088e-06,4.09122e-08,0.560337
103.08,-5.48475e-06,4.48624e-08,0.560338
103.09,-5.32899e-06,4.85586e-08,0.560338
103.1,-5.16422e-06,5.20134e-08,0.560338
103.11,-4.991e-06,5.52396e-08,0.560338
103.12,-4.80988e-06,5.82494e-08,0.560338
103.13,-4.62138e-06,6.10533e-08,0.560338
103.14,-4.42598e-06,6.36631e-08,0.560338
103.15,-4.22413e-06,6.60885e-08,0.560338
103.16,-4.01628e-06,6.83394e-08,0.560339
103.17,-3.80285e-06,7.0425e-08,0.560339
103.18,-3.58423e-06,7.23545e-08,0.560339
103.19,-3.36082e-06,7.41356e-08,0.560339
103.2,-3.13299e-06,7.57766e-08,0.560339
103.21,-2.90109e-06,7.72846e-08,0.560339
103.22,-2.66548e-06,7.86668e-08,0.560339
103.23,-2.42651e-06,7.99292e-08,0.560339
103.24,-2.18449e-06,8.10785e-08,0.560339
103.25,-1.93975e-06,8.21204e-08,0.560339
103.26,-1.69262e-06,8.30604e-08,0.560339
103.27,-1.44341e-06,8.39033e-08,0.560339
103.28,-1.19242e-06,8.46535e-08,0.560339
103.29,-9.39945e-07,8.53155e-08,0.560339
103.3,-6.86294e-07,8.58932e-08,0.56034
103.31,-4.31757e-07,8.63906e-08,0.56034
103.32,-1.76624e-07,8.68109e-08,0.56034
103.33,7.88182e-08,8.71566e-08,0.56034
103.34,3.34285e-07,8.74303e-08,0.56034
103.35,5.89493e-07,8.76345e-08,0.56034
103.36,8.44165e-07,8.77711e-08,0.56034
103.37,1.09802e-06,8.78413e-08,0.56034
103.38,1.35078e-06,8.78468e-08,0.56034
103.39,1.60218e-06,8.77878e-08,0.56034
103.4,1.85193e-06,8.76641e-08,0.56034
103.41,2.09976e-06,8.74761e-08,0.56034
103.42,2.3454e-06,8.7223e-08,0.560339
103.43,2.58858e-06,8.6903e-08,0.560339
103.44,2.82901e-06,8.65144e-08,0.560339
103.45,3.06642e-06,8.6053e-08,0.560339
103.46,3.30053e-06,8.55161e-08,0.560339
103.47,3.53105e-06,8.4898e-08,0.560339
103.48,3.75769e-06,8.41914e-08,0.560339
103.49,3.98014e-06,8.33887e-08,0.560339
103.5,4.19811e-06,8.24777e-08,0.560339
103.51,4.41124e-06,8.1445e-08,0.560339
103.52,4.61919e-06,8.02717e-08,0.560339
103.53,4.82158e-06,7.89336e-08,0.560339
103.54,5.01798e-06,7.74077e-08,0.560339
103.55,5.20801e-06,7.57407e-08,0.560339
103.56,5.39107e-06,7.38767e-08,0.560339
103.57,5.56639e-06,7.16969e-08,0.560338
103.58,5.73289e-06,6.9019e-08,0.560338
103.59,5.88905e-06,6.55429e-08,0.560338
103.6,6.03143e-06,6.08491e-08,0.560338
103.61,6.14114e-06,5.34775e-08,0.560338
103.62,6.19673e-06,3.99204e-08,0.560338
103.63,6.12694e-06,1.71664e-08,0.560338
103.64,5.95735e-06,2.10598e-08,0.560337
103.65,5.77076e-06,2.4581e-08,0.560337
103.66,5.56844e-06,2.77655e-08,0.560337
103.67,5.35162e-06,3.06454e-08,0.560337
103.68,5.12141e-06,3.32498e-08,0.560337
103.69,4.87886e-06,3.56055e-08,0.560337
103.7,4.62494e-06,3.77361e-08,0.560337
103.71,4.36058e-06,3.96513e-08,0.560336
103.72,4.08698e-06,4.11164e-08,0.560336
103.73,3.80512e-06,4.21726e-08,0.560336
103.74,3.51591e-06,4.31227e-08,0.560336
103.75,3.22002e-06,4.39898e-08,0.560336
103.76,2.91808e-06,4.47792e-08,0.560336
103.77,2.61068e-06,4.54958e-08,0.560336
103.78,2.29841e-06,4.61434e-08,0.560336
103.79,1.98182e-06,4.67265e-08,0.560336
103.8,1.66144e-06,4.72492e-08,0.560335
103.81,1.3378e-06,4.77146e-08,0.560335
103.82,1.01139e-06,4.81261e-08,0.560335
103.83,6.82709e-07,4.84863e-08,0.560335
103.84,3.52224e-07,4.87979e-08,0.560335
103.85,2.03989e-08,4.90628e-08,0.560335
103.86,-3.12313e-07,4.92838e-08,0.560335
103.87,-6.45471e-07,4.94617e-08,0.560335
103.88,-9.7864e-07,4.95987e-08,0.560335
103.89,-1.31139e-06,4.96962e-08,0.560335
103.9,-1.64331e-06,4.97544e-08,0.560335
103.91,-1.97399e-06,4.97739e-08,0.560335
103.92,-2.303e-06,4.97552e-08,0.560335
103.93,-2.62996e-06,4.96976e-08,0.560335
103.94,-2.95446e-06,4.96011e-08,0.560335
103.95,-3.2761e-06,4.94642e-08,0.560335
103.96,-3.59447e-06,4.92853e-08,0.560335
103.97,-3.90919e-06,4.90621e-08,0.560335
103.98,-4.21985e-06,4.87903e-08,0.560335
103.99,-4.52602e-06,4.84665e-08,0.560335
104,-4.82731e-06,4.80836e-08,0.560335
104.01,-5.12325e-06,4.76342e-08,0.560335
104.02,-5.4134e-06,4.7108e-08,0.560336
104.03,-5.69725e-06,4.64905e-08,0.560336
104.04,-5.97426e-06,4.57613e-08,0.560336
104.05,-6.24377e-06,4.48927e-08,0.560336
104.06,-6.50504e-06,4.38432e-08,0.560336
104.07,-6.75709e-06,4.25491e-08,0.560336
104.08,-6.99854e-06,4.09049e-08,0.560336
104.09,-7.22721e-06,3.87801e-08,0.560336
104.1,-7.43021e-06,3.59216e-08,0.560336
104.11,-7.58996e-06,3.0506e-08,0.560336
104.12,-7.66567e-06,1.67369e-08,0.560337
104.13,-7.48159e-06,9.98992e-09,0.560337
104.14,-7.25915e-06,1.19592e-08,0.560337
104.15,-7.02088e-06,1.37399e-08,0.560337
104.16,-6.76796e-06,1.5263e-08,0.560337
104.17,-6.50187e-06,1.62545e-08,0.560338
104.18,-6.22383e-06,1.71092e-08,0.560338
104.19,-5.9347e-06,1.79029e-08,0.560338
104.2,-5.63525e-06,1.86383e-08,0.560338
104.21,-5.3262e-06,1.93192e-08,0.560338
104.22,-5.00826e-06,1.99481e-08,0.560338
104.23,-4.6821e-06,2.05283e-08,0.560339
104.24,-4.34835e-06,2.10622e-08,0.560339
104.25,-4.00764e-06,2.15526e-08,0.560339
104.26,-3.66056e-06,2.20016e-08,0.560339
104.27,-3.3077e-06,2.24117e-08,0.560339
104.28,-2.94962e-06,2.27844e-08,0.560339
104.29,-2.58685e-06,2.31221e-08,0.560339
104.3,-2.21995e-06,2.34268e-08,0.560339
104.31,-1.84943e-06,2.36992e-08,0.560339
104.32,-1.4758e-06,2.39411e-08,0.560339
104.33,-1.09957e-06,2.41546e-08,0.560339
104.34,-7.21227e-07,2.43402e-08,0.56034
104.35,-3.41268e-07,2.44994e-08,0.56034
104.36,3.98274e-08,2.46325e-08,0.56034
104.37,4.21582e-07,2.47412e-08,0.56034
104.38,8.03522e-07,2.48259e-08,0.56034
104.39,1.18517e-06,2.48871e-08,0.56034
104.4,1.56607e-06,2.49251e-08,0.56034
104.41,1.94574e-06,2.494e-08,0.56034
104.42,2.32371e-06,2.49322e-08,0.56034
104.43,2.69951e-06,2.49014e-08,0.56034
104.44,3.07266e-06,2.48468e-08,0.56034
104.45,3.44266e-06,2.47677e-08,0.56034
104.46,3.80903e-06,2.46634e-08,0.56034
104.47,4.17123e-06,2.45319e-08,0.56034
104.48,4.52874e-06,2.43715e-08,0.56034
104.49,4.88097e-06,2.41795e-08,0.56034
104.5,5.2273e-06,2.39519e-08,0.56034
104.51,5.56704e-06,2.3684e-08,0.560339
104.52,5.89941e-06,2.33693e-08,0.560339
104.53,6.22347e-06,2.29981e-08,0.560339
104.54,6.53806e-06,2.25578e-08,0.560339
104.55,6.84163e-06,2.20296e-08,0.560339
104.56,7.13201e-06,2.1383e-08,0.560339
104.57,7.40595e-06,2.06745e-08,0.560339
104.58,7.65099e-06,2.01962e-08,0.560339
104.59,7.84486e-06,1.88548e-08,0.560339
104.6,7.95601e-06,1.51169e-08,0.560339
104.61,7.85919e-06,1.09638e-08,0.560339
104.62,7.69057e-06,1.37871e-08,0.560338
104.63,7.50731e-06,1.64208e-08,0.560338
104.64,7.31036e-06,1.88759e-08,0.560338
104.65,7.10059e-06,2.11629e-08,0.560338
104.66,6.87882e-06,2.32912e-08,0.560338
104.67,6.64584e-06,2.527e-08,0.560337
104.68,6.40237e-06,2.7108e-08,0.560337
104.69,6.1491e-06,2.88136e-08,0.560337
104.7,5.88668e-06,3.03945e-08,0.560337
104.71,5.61572e-06,3.18576e-08,0.560337
104.72,5.33683e-06,3.32098e-08,0.560337
104.73,5.05056e-06,3.44577e-08,0.560337
104.74,4.75746e-06,3.56076e-08,0.560337
104.75,4.45806e-06,3.66645e-08,0.560336
104.76,4.15285e-06,3.76346e-08,0.560336
104.77,3.84233e-06,3.85223e-08,0.560336
104.78,3.52697e-06,3.93325e-08,0.560336
104.79,3.20723e-06,4.0069e-08,0.560336
104.8,2.88357e-06,4.07361e-08,0.560336
104.81,2.55643e-06,4.13373e-08,0.560336
104.82,2.22625e-06,4.18762e-08,0.560336
104.83,1.89344e-06,4.23557e-08,0.560336
104.84,1.55843e-06,4.2779e-08,0.560336
104.85,1.22164e-06,4.31485e-08,0.560336
104.86,8.83478e-07,4.34662e-08,0.560336
104.87,5.44349e-07,4.37337e-08,0.560336
104.88,2.04659e-07,4.39536e-08,0.560336
104.89,-1.35187e-07,4.41269e-08,0.560335
104.9,-4.74787e-07,4.42543e-08,0.560335
104.91,-8.13736e-07,4.43366e-08,0.560335
104.92,-1.15163e-06,4.43743e-08,0.560335
104.93,-1.48806e-06,4.4367e-08,0.560335
104.94,-1.8226e-06,4.43141e-08,0.560335
104.95,-2.15484e-06,4.42145e-08,0.560335
104.96,-2.48434e-06,4.40662e-08,0.560335
104.97,-2.81065e-06,4.38667e-08,0.560336
104.98,-3.13329e-06,4.3612e-08,0.560336
104.99,-3.45175e-06,4.3297e-08,0.560336
105,-3.76548e-06,4.29148e-08,0.560336
105.01,-4.07386e-06,4.24553e-08,0.560336
105.02,-4.37617e-06,4.1905e-08,0.560336
105.03,-4.67156e-06,4.12457e-08,0.560336
105.04,-4.95893e-06,4.04506e-08,0.560336
105.05,-5.23676e-06,3.94781e-08,0.560336
105.06,-5.50282e-06,3.82631e-08,0.560336
105.07,-5.75202e-06,3.71367e-08,0.560336
105.08,-5.96563e-06,3.56532e-08,0.560336
105.09,-6.12298e-06,3.16265e-08,0.560336
105.1,-6.14764e-06,1.97273e-08,0.560336
105.11,-6.05336e-06,2.49949e-08,0.560337
105.12,-5.9461e-06,2.99412e-08,0.560337
105.13,-5.82671e-06,3.45823e-08,0.560337
105.14,-5.69597e-06,3.89334e-08,0.560337
105.15,-5.55462e-06,4.30099e-08,0.560337
105.16,-5.40333e-06,4.68254e-08,0.560337
105.17,-5.24274e-06,5.03939e-08,0.560338
105.18,-5.07344e-06,5.37276e-08,0.560338
105.19,-4.89599e-06,5.6839e-08,0.560338
105.2,-4.71091e-06,5.97398e-08,0.560338
105.21,-4.51871e-06,6.24408e-08,0.560338
105.22,-4.31985e-06,6.49528e-08,0.560338
105.23,-4.11478e-06,6.72854e-08,0.560338
105.24,-3.90393e-06,6.94489e-08,0.560338
105.25,-3.68771e-06,7.14519e-08,0.560339
105.26,-3.46652e-06,7.3303e-08,0.560339
105.27,-3.24072e-06,7.50098e-08,0.560339
105.28,-3.0107e-06,7.65804e-08,0.560339
105.29,-2.7768e-06,7.80217e-08,0.560339
105.3,-2.53937e-06,7.93404e-08,0.560339
105.31,-2.29875e-06,8.05427e-08,0.560339
105.32,-2.05525e-06,8.1635e-08,0.560339
105.33,-1.80922e-06,8.26231e-08,0.560339
105.34,-1.56095e-06,8.35113e-08,0.560339
105.35,-1.31076e-06,8.4305e-08,0.560339
105.36,-1.05895e-06,8.50083e-08,0.560339
105.37,-8.05815e-07,8.56256e-08,0.560339
105.38,-5.5166e-07,8.61608e-08,0.560339
105.39,-2.96774e-07,8.66173e-08,0.560339
105.4,-4.14426e-08,8.69979e-08,0.560339
105.41,2.14046e-07,8.73053e-08,0.560339
105.42,4.6941e-07,8.75422e-08,0.560339
105.43,7.24368e-07,8.77107e-08,0.560339
105.44,9.78641e-07,8.78124e-08,0.560339
105.45,1.23195e-06,8.78483e-08,0.560339
105.46,1.48402e-06,8.78196e-08,0.560339
105.47,1.73458e-06,8.77266e-08,0.560339
105.48,1.98335e-06,8.75695e-08,0.560339
105.49,2.23006e-06,8.73474e-08,0.560339
105.5,2.47443e-06,8.70591e-08,0.560339
105.51,2.71618e-06,8.67034e-08,0.560339
105.52,2.95505e-06,8.62769e-08,0.560339
105.53,3.19075e-06,8.57765e-08,0.560339
105.54,3.42299e-06,8.51978e-08,0.560339
105.55,3.6515e-06,8.45342e-08,0.560339
105.56,3.87596e-06,8.37785e-08,0.560339
105.57,4.09608e-06,8.29202e-08,0.560339
105.58,4.31153e-06,8.19469e-08,0.560339
105.59,4.52197e-06,8.08423e-08,0.560339
105.6,4.72702e-06,7.95853e-08,0.560339
105.61,4.92629e-06,7.81477e-08,0.560339
105.62,5.11938e-06,7.65439e-08,0.560338
105.63,5.3058e-06,7.47854e-08,0.560338
105.64,5.48488e-06,7.27726e-08,0.560338
105.65,5.65569e-06,7.03572e-08,0.560338
105.66,5.81695e-06,6.73045e-08,0.560338
105.67,5.96673e-06,6.32089e-08,0.560338
105.68,6.09479e-06,5.74766e-08,0.560338
105.69,6.17928e-06,4.74501e-08,0.560338
105.7,6.18696e-06,2.66501e-08,0.560338
105.71,6.03956e-06,1.87883e-08,0.560337
105.72,5.86079e-06,2.25267e-08,0.560337
105.73,5.6657e-06,2.59077e-08,0.560337
105.74,5.45555e-06,2.89655e-08,0.560337
105.75,5.2315e-06,3.1731e-08,0.560337
105.76,4.99462e-06,3.42319e-08,0.560337
105.77,4.74592e-06,3.64935e-08,0.560336
105.78,4.48635e-06,3.85394e-08,0.560336
105.79,4.21695e-06,4.02736e-08,0.560336
105.8,3.93885e-06,4.14942e-08,0.560336
105.81,3.653e-06,4.25e-08,0.560336
105.82,3.36017e-06,4.34194e-08,0.560336
105.83,3.06099e-06,4.42575e-08,0.560336
105.84,2.75609e-06,4.50193e-08,0.560336
105.85,2.44604e-06,4.57098e-08,0.560335
105.86,2.13141e-06,4.63335e-08,0.560335
105.87,1.81274e-06,4.6894e-08,0.560335
105.88,1.49057e-06,4.73948e-08,0.560335
105.89,1.1654e-06,4.78391e-08,0.560335
105.9,8.37727e-07,4.82304e-08,0.560335
105.91,5.08029e-07,4.85715e-08,0.560335
105.92,1.76776e-07,4.88647e-08,0.560335
105.93,-1.55576e-07,4.9112e-08,0.560335
105.94,-4.88581e-07,4.9316e-08,0.560335
105.95,-8.218e-07,4.94779e-08,0.560335
105.96,-1.1548e-06,4.95987e-08,0.560335
105.97,-1.48717e-06,4.96796e-08,0.560335
105.98,-1.81848e-06,4.97211e-08,0.560335
105.99,-2.14833e-06,4.97242e-08,0.560335
106,-2.47631e-06,4.9689e-08,0.560335
106.01,-2.80202e-06,4.96142e-08,0.560335
106.02,-3.12505e-06,4.94997e-08,0.560335
106.03,-3.44501e-06,4.93434e-08,0.560335
106.04,-3.7615e-06,4.91441e-08,0.560335
106.05,-4.07412e-06,4.88982e-08,0.560335
106.06,-4.38246e-06,4.86016e-08,0.560335
106.07,-4.6861e-06,4.82497e-08,0.560335
106.08,-4.98461e-06,4.78352e-08,0.560335
106.09,-5.27755e-06,4.73486e-08,0.560335
106.1,-5.56443e-06,4.67777e-08,0.560335
106.11,-5.84474e-06,4.6106e-08,0.560335
106.12,-6.11786e-06,4.53089e-08,0.560335
106.13,-6.38312e-06,4.43525e-08,0.560336
106.14,-6.63965e-06,4.31847e-08,0.560336
106.15,-6.88629e-06,4.17232e-08,0.560336
106.16,-7.12136e-06,3.98262e-08,0.560336
106.17,-7.33906e-06,3.74782e-08,0.560336
106.18,-7.52142e-06,3.35168e-08,0.560336
106.19,-7.64704e-06,2.53858e-08,0.560336
106.2,-7.57999e-06,9.36582e-09,0.560336
106.21,-7.36544e-06,1.13947e-08,0.560337
106.22,-7.13453e-06,1.32293e-08,0.560337
106.23,-6.88837e-06,1.48859e-08,0.560337
106.24,-6.62834e-06,1.60871e-08,0.560337
106.25,-6.35583e-06,1.69551e-08,0.560337
106.26,-6.07185e-06,1.77612e-08,0.560338
106.27,-5.77718e-06,1.85089e-08,0.560338
106.28,-5.47259e-06,1.9201e-08,0.560338
106.29,-5.15877e-06,1.98407e-08,0.560338
106.3,-4.83641e-06,2.0431e-08,0.560338
106.31,-4.50617e-06,2.0975e-08,0.560338
106.32,-4.16868e-06,2.14749e-08,0.560338
106.33,-3.82454e-06,2.19328e-08,0.560339
106.34,-3.47435e-06,2.23516e-08,0.560339
106.35,-3.11866e-06,2.27329e-08,0.560339
106.36,-2.75805e-06,2.30789e-08,0.560339
106.37,-2.39304e-06,2.33911e-08,0.560339
106.38,-2.02417e-06,2.36711e-08,0.560339
106.39,-1.65194e-06,2.39207e-08,0.560339
106.4,-1.27688e-06,2.41411e-08,0.560339
106.41,-8.99483e-07,2.43338e-08,0.560339
106.42,-5.20233e-07,2.44997e-08,0.560339
106.43,-1.39619e-07,2.464e-08,0.560339
106.44,2.41879e-07,2.47554e-08,0.560339
106.45,6.23784e-07,2.48469e-08,0.560339
106.46,1.00563e-06,2.49147e-08,0.560339
106.47,1.38693e-06,2.49596e-08,0.560339
106.48,1.76723e-06,2.49814e-08,0.560339
106.49,2.14606e-06,2.49809e-08,0.56034
106.5,2.52294e-06,2.49573e-08,0.56034
106.51,2.89739e-06,2.49106e-08,0.560339
106.52,3.26893e-06,2.48403e-08,0.560339
106.53,3.63707e-06,2.47458e-08,0.560339
106.54,4.0013e-06,2.46247e-08,0.560339
106.55,4.36108e-06,2.44763e-08,0.560339
106.56,4.71587e-06,2.42972e-08,0.560339
106.57,5.06505e-06,2.40849e-08,0.560339
106.58,5.40799e-06,2.38347e-08,0.560339
106.59,5.74393e-06,2.35411e-08,0.560339
106.6,6.07203e-06,2.3196e-08,0.560339
106.61,6.39124e-06,2.27887e-08,0.560339
106.62,6.70022e-06,2.23036e-08,0.560339
106.63,6.99714e-06,2.17156e-08,0.560339
106.64,7.27928e-06,2.1003e-08,0.560339
106.65,7.54102e-06,2.0495e-08,0.560339
106.66,7.76121e-06,1.96574e-08,0.560339
106.67,7.91795e-06,1.74167e-08,0.560339
106.68,7.93302e-06,9.93139e-09,0.560338
106.69,7.77165e-06,1.28236e-08,0.560338
106.7,7.59518e-06,1.55227e-08,0.560338
106.71,7.40457e-06,1.80395e-08,0.560338
106.72,7.20075e-06,2.03847e-08,0.560338
106.73,6.98454e-06,2.25678e-08,0.560338
106.74,6.75676e-06,2.45985e-08,0.560337
106.75,6.51816e-06,2.64859e-08,0.560337
106.76,6.26942e-06,2.82376e-08,0.560337
106.77,6.01124e-06,2.98619e-08,0.560337
106.78,5.74423e-06,3.1366e-08,0.560337
106.79,5.46901e-06,3.27569e-08,0.560337
106.8,5.18616e-06,3.40413e-08,0.560336
106.81,4.89621e-06,3.52257e-08,0.560336
106.82,4.59972e-06,3.63155e-08,0.560336
106.83,4.29718e-06,3.73159e-08,0.560336
106.84,3.98911e-06,3.82325e-08,0.560336
106.85,3.67597e-06,3.907e-08,0.560336
106.86,3.35824e-06,3.98327e-08,0.560336
106.87,3.03638e-06,4.05248e-08,0.560336
106.88,2.71082e-06,4.11495e-08,0.560336
106.89,2.38202e-06,4.1711e-08,0.560336
106.9,2.0504e-06,4.22122e-08,0.560336
106.91,1.71638e-06,4.26565e-08,0.560335
106.92,1.38038e-06,4.30455e-08,0.560335
106.93,1.04281e-06,4.33823e-08,0.560335
106.94,7.04085e-07,4.3669e-08,0.560335
106.95,3.6461e-07,4.39068e-08,0.560335
106.96,2.47882e-08,4.4098e-08,0.560335
106.97,-3.14977e-07,4.42432e-08,0.560335
106.98,-6.54282e-07,4.43432e-08,0.560335
106.99,-9.92722e-07,4.43985e-08,0.560335
107,-1.32989e-06,4.44092e-08,0.560335
107.01,-1.66537e-06,4.43754e-08,0.560335
107.02,-1.99875e-06,4.42953e-08,0.560335
107.03,-2.3296e-06,4.41682e-08,0.560335
107.04,-2.65746e-06,4.39912e-08,0.560335
107.05,-2.98189e-06,4.37609e-08,0.560335
107.06,-3.30238e-06,4.34729e-08,0.560335
107.07,-3.61841e-06,4.31213e-08,0.560335
107.08,-3.92939e-06,4.26978e-08,0.560335
107.09,-4.23466e-06,4.21903e-08,0.560335
107.1,-4.53343e-06,4.15832e-08,0.560336
107.11,-4.82473e-06,4.08545e-08,0.560336
107.12,-5.10727e-06,3.99704e-08,0.560336
107.13,-5.37922e-06,3.88787e-08,0.560336
107.14,-5.63769e-06,3.74953e-08,0.560336
107.15,-5.87059e-06,3.65323e-08,0.560336
107.16,-6.05793e-06,3.40518e-08,0.560336
107.17,-6.16597e-06,2.61569e-08,0.560336
107.18,-6.09914e-06,2.31474e-08,0.560336
107.19,-5.99791e-06,2.82078e-08,0.560337
107.2,-5.88415e-06,3.29575e-08,0.560337
107.21,-5.75868e-06,3.74119e-08,0.560337
107.22,-5.62226e-06,4.15865e-08,0.560337
107.23,-5.47558e-06,4.54952e-08,0.560337
107.24,-5.31931e-06,4.91518e-08,0.560337
107.25,-5.15405e-06,5.25692e-08,0.560337
107.26,-4.98038e-06,5.57603e-08,0.560338
107.27,-4.79885e-06,5.87366e-08,0.560338
107.28,-4.60995e-06,6.15094e-08,0.560338
107.29,-4.41417e-06,6.40895e-08,0.560338
107.3,-4.21198e-06,6.64871e-08,0.560338
107.31,-4.00381e-06,6.87118e-08,0.560338
107.32,-3.79008e-06,7.0773e-08,0.560338
107.33,-3.57118e-06,7.26784e-08,0.560338
107.34,-3.34751e-06,7.44374e-08,0.560338
107.35,-3.11944e-06,7.60573e-08,0.560339
107.36,-2.88733e-06,7.75452e-08,0.560339
107.37,-2.65152e-06,7.89084e-08,0.560339
107.38,-2.41237e-06,8.01538e-08,0.560339
107.39,-2.17019e-06,8.12864e-08,0.560339
107.4,-1.92531e-06,8.23128e-08,0.560339
107.41,-1.67806e-06,8.32381e-08,0.560339
107.42,-1.42874e-06,8.40669e-08,0.560339
107.43,-1.17765e-06,8.48041e-08,0.560339
107.44,-9.25109e-07,8.54536e-08,0.560339
107.45,-6.71402e-07,8.60199e-08,0.560339
107.46,-4.16826e-07,8.65063e-08,0.560339
107.47,-1.6167e-07,8.69158e-08,0.560339
107.48,9.37786e-08,8.72515e-08,0.560339
107.49,3.49235e-07,8.75159e-08,0.560339
107.5,6.04418e-07,8.7711e-08,0.560339
107.51,8.59046e-07,8.78388e-08,0.560339
107.52,1.11284e-06,8.79008e-08,0.560339
107.53,1.36553e-06,8.78983e-08,0.560339
107.54,1.61684e-06,8.78316e-08,0.560339
107.55,1.86648e-06,8.77011e-08,0.560339
107.56,2.11419e-06,8.75059e-08,0.560339
107.57,2.3597e-06,8.72458e-08,0.560339
107.58,2.60272e-06,8.69189e-08,0.560339
107.59,2.84298e-06,8.65231e-08,0.560339
107.6,3.0802e-06,8.60556e-08,0.560339
107.61,3.31411e-06,8.55117e-08,0.560339
107.62,3.54441e-06,8.48862e-08,0.560339
107.63,3.77081e-06,8.41728e-08,0.560339
107.64,3.99302e-06,8.33622e-08,0.560339
107.65,4.2107e-06,8.2443e-08,0.560339
107.66,4.42354e-06,8.1401e-08,0.560339
107.67,4.63118e-06,8.02171e-08,0.560338
107.68,4.83323e-06,7.88663e-08,0.560338
107.69,5.02927e-06,7.7329e-08,0.560338
107.7,5.21891e-06,7.56517e-08,0.560338
107.71,5.40154e-06,7.37715e-08,0.560338
107.72,5.57637e-06,7.1567e-08,0.560338
107.73,5.74232e-06,6.88507e-08,0.560338
107.74,5.89782e-06,6.53132e-08,0.560338
107.75,6.03895e-06,6.05438e-08,0.560338
107.76,6.14614e-06,5.29194e-08,0.560338
107.77,6.1975e-06,3.87902e-08,0.560337
107.78,6.11752e-06,1.68394e-08,0.560337
107.79,5.94691e-06,2.07647e-08,0.560337
107.8,5.75936e-06,2.43143e-08,0.560337
107.81,5.55616e-06,2.75241e-08,0.560337
107.82,5.33853e-06,3.04273e-08,0.560337
107.83,5.10757e-06,3.3053e-08,0.560336
107.84,4.86432e-06,3.54276e-08,0.560336
107.85,4.60977e-06,3.75749e-08,0.560336
107.86,4.34484e-06,3.9498e-08,0.560336
107.87,4.07073e-06,4.09538e-08,0.560336
107.88,3.78842e-06,4.2016e-08,0.560336
107.89,3.49881e-06,4.29773e-08,0.560336
107.9,3.20254e-06,4.38545e-08,0.560335
107.91,2.90027e-06,4.4653e-08,0.560335
107.92,2.59257e-06,4.53779e-08,0.560335
107.93,2.28003e-06,4.60335e-08,0.560335
107.94,1.9632e-06,4.66239e-08,0.560335
107.95,1.64262e-06,4.71535e-08,0.560335
107.96,1.31881e-06,4.76249e-08,0.560335
107.97,9.92252e-07,4.80422e-08,0.560335
107.98,6.63451e-07,4.84076e-08,0.560335
107.99,3.32875e-07,4.87244e-08,0.560335
108,9.851e-10,4.89937e-08,0.560335
108.01,-3.31766e-07,4.92186e-08,0.560335
108.02,-6.64936e-07,4.94006e-08,0.560335
108.03,-9.98093e-07,4.95407e-08,0.560335
108.04,-1.33081e-06,4.96408e-08,0.560335
108.05,-1.66267e-06,4.97016e-08,0.560335
108.06,-1.99326e-06,4.97236e-08,0.560335
108.07,-2.32217e-06,4.97066e-08,0.560335
108.08,-2.64899e-06,4.96512e-08,0.560335
108.09,-2.97333e-06,4.95555e-08,0.560335
108.1,-3.29479e-06,4.94194e-08,0.560335
108.11,-3.61297e-06,4.92408e-08,0.560335
108.12,-3.92746e-06,4.90173e-08,0.560335
108.13,-4.23786e-06,4.87456e-08,0.560335
108.14,-4.54376e-06,4.84207e-08,0.560335
108.15,-4.84475e-06,4.80368e-08,0.560335
108.16,-5.14037e-06,4.7586e-08,0.560335
108.17,-5.43016e-06,4.70567e-08,0.560335
108.18,-5.71363e-06,4.64351e-08,0.560335
108.19,-5.99022e-06,4.57005e-08,0.560335
108.2,-6.25928e-06,4.48239e-08,0.560335
108.21,-6.52004e-06,4.37632e-08,0.560335
108.22,-6.7715e-06,4.24536e-08,0.560336
108.23,-7.01228e-06,4.07854e-08,0.560336
108.24,-7.24001e-06,3.86531e-08,0.560336
108.25,-7.44091e-06,3.56919e-08,0.560336
108.26,-7.59745e-06,3.00471e-08,0.560336
108.27,-7.66341e-06,1.47315e-08,0.560336
108.28,-7.46651e-06,1.10304e-08,0.560336
108.29,-7.24335e-06,1.28998e-08,0.560337
108.3,-7.00441e-06,1.45907e-08,0.560337
108.31,-6.75087e-06,1.60208e-08,0.560337
108.32,-6.48423e-06,1.69431e-08,0.560337
108.33,-6.20568e-06,1.77528e-08,0.560337
108.34,-5.91607e-06,1.85038e-08,0.560338
108.35,-5.61617e-06,1.91992e-08,0.560338
108.36,-5.3067e-06,1.98422e-08,0.560338
108.37,-4.98837e-06,2.04358e-08,0.560338
108.38,-4.66185e-06,2.09828e-08,0.560338
108.39,-4.32777e-06,2.14856e-08,0.560338
108.4,-3.98675e-06,2.19467e-08,0.560338
108.41,-3.63939e-06,2.23683e-08,0.560338
108.42,-3.28627e-06,2.27525e-08,0.560339
108.43,-2.92796e-06,2.31012e-08,0.560339
108.44,-2.565e-06,2.34161e-08,0.560339
108.45,-2.19792e-06,2.36995e-08,0.560339
108.46,-1.82724e-06,2.3952e-08,0.560339
108.47,-1.45349e-06,2.41757e-08,0.560339
108.48,-1.07716e-06,2.43715e-08,0.560339
108.49,-6.98741e-07,2.45408e-08,0.560339
108.5,-3.18732e-07,2.46843e-08,0.560339
108.51,6.2388e-08,2.48034e-08,0.560339
108.52,4.44142e-07,2.48985e-08,0.560339
108.53,8.26055e-07,2.49704e-08,0.560339
108.54,1.20766e-06,2.50199e-08,0.560339
108.55,1.58847e-06,2.50466e-08,0.560339
108.56,1.96804e-06,2.5051e-08,0.560339
108.57,2.34588e-06,2.50332e-08,0.560339
108.58,2.72153e-06,2.49928e-08,0.560339
108.59,3.09449e-06,2.49291e-08,0.560339
108.6,3.46429e-06,2.48419e-08,0.560339
108.61,3.83041e-06,2.47297e-08,0.560339
108.62,4.19235e-06,2.45905e-08,0.560339
108.63,4.54955e-06,2.4423e-08,0.560339
108.64,4.90145e-06,2.42233e-08,0.560339
108.65,5.24741e-06,2.39886e-08,0.560339
108.66,5.58674e-06,2.37131e-08,0.560339
108.67,5.91864e-06,2.33908e-08,0.560339
108.68,6.24218e-06,2.30119e-08,0.560339
108.69,6.55617e-06,2.25629e-08,0.560339
108.7,6.85903e-06,2.2024e-08,0.560339
108.71,7.14854e-06,2.13655e-08,0.560339
108.72,7.4214e-06,2.06555e-08,0.560339
108.73,7.66394e-06,2.01781e-08,0.560339
108.74,7.85416e-06,1.87532e-08,0.560338
108.75,7.95818e-06,1.47213e-08,0.560338
108.76,7.84917e-06,1.13544e-08,0.560338
108.77,7.67972e-06,1.41514e-08,0.560338
108.78,7.49569e-06,1.6761e-08,0.560338
108.79,7.29801e-06,1.91936e-08,0.560338
108.8,7.08756e-06,2.14592e-08,0.560337
108.81,6.86516e-06,2.35671e-08,0.560337
108.82,6.63158e-06,2.55268e-08,0.560337
108.83,6.38755e-06,2.73473e-08,0.560337
108.84,6.13375e-06,2.9036e-08,0.560337
108.85,5.87084e-06,3.06007e-08,0.560337
108.86,5.59943e-06,3.2049e-08,0.560336
108.87,5.32011e-06,3.33877e-08,0.560336
108.88,5.03344e-06,3.46225e-08,0.560336
108.89,4.73998e-06,3.57598e-08,0.560336
108.9,4.44023e-06,3.68053e-08,0.560336
108.91,4.13472e-06,3.77643e-08,0.560336
108.92,3.82391e-06,3.8642e-08,0.560336
108.93,3.50829e-06,3.94425e-08,0.560336
108.94,3.18833e-06,4.01702e-08,0.560336
108.95,2.86446e-06,4.08289e-08,0.560336
108.96,2.53714e-06,4.14224e-08,0.560335
108.97,2.20679e-06,4.19539e-08,0.560335
108.98,1.87385e-06,4.2427e-08,0.560335
108.99,1.53874e-06,4.28439e-08,0.560335
109,1.20186e-06,4.32071e-08,0.560335
109.01,8.63635e-07,4.35187e-08,0.560335
109.02,5.24466e-07,4.3781e-08,0.560335
109.03,1.8476e-07,4.39957e-08,0.560335
109.04,-1.55079e-07,4.41636e-08,0.560335
109.05,-4.94649e-07,4.42862e-08,0.560335
109.06,-8.33545e-07,4.43635e-08,0.560335
109.07,-1.17136e-06,4.43967e-08,0.560335
109.08,-1.50769e-06,4.43847e-08,0.560335
109.09,-1.84211e-06,4.43275e-08,0.560335
109.1,-2.1742e-06,4.4224e-08,0.560335
109.11,-2.50352e-06,4.40715e-08,0.560335
109.12,-2.82963e-06,4.38671e-08,0.560335
109.13,-3.15203e-06,4.36076e-08,0.560335
109.14,-3.47023e-06,4.32875e-08,0.560335
109.15,-3.78366e-06,4.28993e-08,0.560335
109.16,-4.09171e-06,4.24338e-08,0.560335
109.17,-4.39365e-06,4.18771e-08,0.560335
109.18,-4.6886e-06,4.12102e-08,0.560335
109.19,-4.97545e-06,4.04052e-08,0.560335
109.2,-5.25266e-06,3.94204e-08,0.560336
109.21,-5.51794e-06,3.81879e-08,0.560336
109.22,-5.76567e-06,3.70845e-08,0.560336
109.23,-5.97665e-06,3.55144e-08,0.560336
109.24,-6.12961e-06,3.12195e-08,0.560336
109.25,-6.14274e-06,2.02423e-08,0.560336
109.26,-6.04766e-06,2.54793e-08,0.560336
109.27,-5.93964e-06,3.03962e-08,0.560336
109.28,-5.81955e-06,3.50094e-08,0.560337
109.29,-5.68816e-06,3.93344e-08,0.560337
109.3,-5.54619e-06,4.33859e-08,0.560337
109.31,-5.39433e-06,4.71778e-08,0.560337
109.32,-5.2332e-06,5.07238e-08,0.560337
109.33,-5.06339e-06,5.40364e-08,0.560337
109.34,-4.88547e-06,5.71279e-08,0.560337
109.35,-4.69996e-06,6.00097e-08,0.560338
109.36,-4.50734e-06,6.26926e-08,0.560338
109.37,-4.3081e-06,6.51877e-08,0.560338
109.38,-4.10268e-06,6.75046e-08,0.560338
109.39,-3.8915e-06,6.96528e-08,0.560338
109.4,-3.67497e-06,7.16412e-08,0.560338
109.41,-3.45349e-06,7.34783e-08,0.560338
109.42,-3.22744e-06,7.51723e-08,0.560338
109.43,-2.99718e-06,7.67306e-08,0.560338
109.44,-2.76306e-06,7.81605e-08,0.560338
109.45,-2.52543e-06,7.94685e-08,0.560339
109.46,-2.28462e-06,8.06611e-08,0.560339
109.47,-2.04097e-06,8.17442e-08,0.560339
109.48,-1.79479e-06,8.27229e-08,0.560339
109.49,-1.5464e-06,8.36027e-08,0.560339
109.5,-1.2961e-06,8.43881e-08,0.560339
109.51,-1.04421e-06,8.50837e-08,0.560339
109.52,-7.91006e-07,8.56938e-08,0.560339
109.53,-5.36799e-07,8.6222e-08,0.560339
109.54,-2.81877e-07,8.66721e-08,0.560339
109.55,-2.65277e-08,8.70464e-08,0.560339
109.56,2.28963e-07,8.73482e-08,0.560339
109.57,4.84312e-07,8.75794e-08,0.560339
109.58,7.39239e-07,8.77423e-08,0.560339
109.59,9.93464e-07,8.78385e-08,0.560339
109.6,1.24671e-06,8.78688e-08,0.560339
109.61,1.4987e-06,8.78348e-08,0.560339
109.62,1.74916e-06,8.77368e-08,0.560339
109.63,1.99782e-06,8.75748e-08,0.560339
109.64,2.2444e-06,8.73476e-08,0.560339
109.65,2.48862e-06,8.70544e-08,0.560339
109.66,2.73022e-06,8.66932e-08,0.560339
109.67,2.96891e-06,8.62621e-08,0.560339
109.68,3.20442e-06,8.57568e-08,0.560339
109.69,3.43645e-06,8.51725e-08,0.560339
109.7,3.66473e-06,8.45027e-08,0.560339
109.71,3.88894e-06,8.37402e-08,0.560339
109.72,4.1088e-06,8.28747e-08,0.560338
109.73,4.32396e-06,8.18934e-08,0.560338
109.74,4.5341e-06,8.07802e-08,0.560338
109.75,4.73883e-06,7.95126e-08,0.560338
109.76,4.93775e-06,7.80625e-08,0.560338
109.77,5.13046e-06,7.64511e-08,0.560338
109.78,5.31648e-06,7.46795e-08,0.560338
109.79,5.4951e-06,7.26474e-08,0.560338
109.8,5.66539e-06,7.02021e-08,0.560338
109.81,5.82604e-06,6.7103e-08,0.560338
109.82,5.97506e-06,6.29269e-08,0.560337
109.83,6.10109e-06,5.7027e-08,0.560337
109.84,6.1824e-06,4.66415e-08,0.560337
109.85,6.18278e-06,2.45554e-08,0.560337
109.86,6.02925e-06,1.97573e-08,0.560337
109.87,5.84952e-06,2.34032e-08,0.560337
109.88,5.65355e-06,2.67004e-08,0.560337
109.89,5.44258e-06,2.96823e-08,0.560336
109.9,5.21777e-06,3.23793e-08,0.560336
109.91,4.9802e-06,3.48181e-08,0.560336
109.92,4.73086e-06,3.70237e-08,0.560336
109.93,4.4707e-06,3.90182e-08,0.560336
109.94,4.20077e-06,4.06914e-08,0.560336
109.95,3.92221e-06,4.18604e-08,0.560336
109.96,3.63595e-06,4.28386e-08,0.560335
109.97,3.34274e-06,4.37324e-08,0.560335
109.98,3.04322e-06,4.45469e-08,0.560335
109.99,2.73801e-06,4.52864e-08,0.560335
110,2.42768e-06,4.59562e-08,0.560335
110.01,2.11281e-06,4.65604e-08,0.560335
110.02,1.79394e-06,4.71026e-08,0.560335
110.03,1.47158e-06,4.75865e-08,0.560335
110.04,1.14626e-06,4.80152e-08,0.560335
110.05,8.18461e-07,4.83922e-08,0.560335
110.06,4.88664e-07,4.872e-08,0.560335
110.07,1.57339e-07,4.90006e-08,0.560335
110.08,-1.7506e-07,4.92362e-08,0.560335
110.09,-5.08085e-07,4.94288e-08,0.560334
110.1,-8.413e-07,4.95802e-08,0.560334
110.11,-1.17427e-06,4.9691e-08,0.560334
110.12,-1.50659e-06,4.97626e-08,0.560334
110.13,-1.83782e-06,4.97956e-08,0.560334
110.14,-2.16757e-06,4.97904e-08,0.560334
110.15,-2.49543e-06,4.97471e-08,0.560334
110.16,-2.82099e-06,4.96651e-08,0.560334
110.17,-3.14385e-06,4.95433e-08,0.560334
110.18,-3.46362e-06,4.93806e-08,0.560335
110.19,-3.77989e-06,4.91744e-08,0.560335
110.2,-4.09227e-06,4.89216e-08,0.560335
110.21,-4.40035e-06,4.86189e-08,0.560335
110.22,-4.7037e-06,4.82603e-08,0.560335
110.23,-5.0019e-06,4.78392e-08,0.560335
110.24,-5.2945e-06,4.73452e-08,0.560335
110.25,-5.58101e-06,4.67665e-08,0.560335
110.26,-5.86091e-06,4.60853e-08,0.560335
110.27,-6.1336e-06,4.52781e-08,0.560335
110.28,-6.39837e-06,4.43085e-08,0.560335
110.29,-6.65435e-06,4.31243e-08,0.560335
110.3,-6.90037e-06,4.16402e-08,0.560335
110.31,-7.1347e-06,3.97096e-08,0.560335
110.32,-7.35084e-06,3.73167e-08,0.560336
110.33,-7.53065e-06,3.32039e-08,0.560336
110.34,-7.65156e-06,2.46455e-08,0.560336
110.35,-7.56779e-06,9.26665e-09,0.560336
110.36,-7.35226e-06,1.13053e-08,0.560336
110.37,-7.12044e-06,1.31485e-08,0.560336
110.38,-6.87344e-06,1.48082e-08,0.560337
110.39,-6.61266e-06,1.59842e-08,0.560337
110.4,-6.33947e-06,1.68587e-08,0.560337
110.41,-6.05486e-06,1.76709e-08,0.560337
110.42,-5.7596e-06,1.8424e-08,0.560337
110.43,-5.45446e-06,1.91214e-08,0.560338
110.44,-5.14013e-06,1.97664e-08,0.560338
110.45,-4.8173e-06,2.03615e-08,0.560338
110.46,-4.48663e-06,2.09096e-08,0.560338
110.47,-4.14874e-06,2.14134e-08,0.560338
110.48,-3.80423e-06,2.18751e-08,0.560338
110.49,-3.45371e-06,2.2297e-08,0.560338
110.5,-3.09772e-06,2.26815e-08,0.560338
110.51,-2.73684e-06,2.30303e-08,0.560338
110.52,-2.37159e-06,2.33449e-08,0.560339
110.53,-2.00251e-06,2.36273e-08,0.560339
110.54,-1.63011e-06,2.38793e-08,0.560339
110.55,-1.2549e-06,2.41017e-08,0.560339
110.56,-8.77379e-07,2.42962e-08,0.560339
110.57,-4.98036e-07,2.44639e-08,0.560339
110.58,-1.17357e-07,2.46058e-08,0.560339
110.59,2.64177e-07,2.47227e-08,0.560339
110.6,6.46093e-07,2.48152e-08,0.560339
110.61,1.02792e-06,2.48844e-08,0.560339
110.62,1.40918e-06,2.49304e-08,0.560339
110.63,1.7894e-06,2.49536e-08,0.560339
110.64,2.16813e-06,2.49537e-08,0.560339
110.65,2.54488e-06,2.49311e-08,0.560339
110.66,2.91917e-06,2.48851e-08,0.560339
110.67,3.29053e-06,2.48154e-08,0.560339
110.68,3.65846e-06,2.47206e-08,0.560339
110.69,4.02244e-06,2.45997e-08,0.560339
110.7,4.38195e-06,2.44506e-08,0.560339
110.71,4.73642e-06,2.42713e-08,0.560339
110.72,5.08527e-06,2.4058e-08,0.560339
110.73,5.42781e-06,2.38072e-08,0.560339
110.74,5.76333e-06,2.35121e-08,0.560339
110.75,6.09094e-06,2.31648e-08,0.560339
110.76,6.40959e-06,2.27545e-08,0.560339
110.77,6.71792e-06,2.22647e-08,0.560339
110.78,7.01407e-06,2.16708e-08,0.560339
110.79,7.29524e-06,2.09559e-08,0.560338
110.8,7.55523e-06,2.04543e-08,0.560338
110.81,7.77239e-06,1.95663e-08,0.560338
110.82,7.92432e-06,1.71931e-08,0.560338
110.83,7.92401e-06,9.66203e-09,0.560338
110.84,7.76173e-06,1.25714e-08,0.560338
110.85,7.58441e-06,1.5287e-08,0.560338
110.86,7.39301e-06,1.78194e-08,0.560337
110.87,7.18843e-06,2.0179e-08,0.560337
110.88,6.97153e-06,2.23756e-08,0.560337
110.89,6.7431e-06,2.44188e-08,0.560337
110.9,6.50388e-06,2.63174e-08,0.560337
110.91,6.25458e-06,2.80795e-08,0.560337
110.92,5.99586e-06,2.9714e-08,0.560336
110.93,5.72836e-06,3.12274e-08,0.560336
110.94,5.45268e-06,3.26275e-08,0.560336
110.95,5.16939e-06,3.39202e-08,0.560336
110.96,4.87905e-06,3.5112e-08,0.560336
110.97,4.58219e-06,3.62092e-08,0.560336
110.98,4.27932e-06,3.72164e-08,0.560336
110.99,3.97094e-06,3.81392e-08,0.560336
111,3.65752e-06,3.89825e-08,0.560336
111.01,3.33953e-06,3.97506e-08,0.560335
111.02,3.01744e-06,4.04475e-08,0.560335
111.03,2.69169e-06,4.10771e-08,0.560335
111.04,2.36271e-06,4.16427e-08,0.560335
111.05,2.03093e-06,4.2148e-08,0.560335
111.06,1.69679e-06,4.25957e-08,0.560335
111.07,1.36068e-06,4.29883e-08,0.560335
111.08,1.02304e-06,4.33282e-08,0.560335
111.09,6.84259e-07,4.36173e-08,0.560335
111.1,3.44753e-07,4.38578e-08,0.560335
111.11,4.92408e-09,4.40507e-08,0.560335
111.12,-3.34825e-07,4.41974e-08,0.560335
111.13,-6.74091e-07,4.42988e-08,0.560335
111.14,-1.01247e-06,4.43554e-08,0.560335
111.15,-1.34955e-06,4.4367e-08,0.560335
111.16,-1.68492e-06,4.43335e-08,0.560335
111.17,-2.01816e-06,4.42543e-08,0.560335
111.18,-2.34885e-06,4.41269e-08,0.560335
111.19,-2.67652e-06,4.39493e-08,0.560335
111.2,-3.00073e-06,4.37186e-08,0.560335
111.21,-3.32098e-06,4.34293e-08,0.560335
111.22,-3.63673e-06,4.30759e-08,0.560335
111.23,-3.9474e-06,4.26498e-08,0.560335
111.24,-4.25231e-06,4.21394e-08,0.560335
111.25,-4.55067e-06,4.15281e-08,0.560335
111.26,-4.8415e-06,4.07933e-08,0.560335
111.27,-5.12348e-06,3.99003e-08,0.560335
111.28,-5.39473e-06,3.87963e-08,0.560335
111.29,-5.65227e-06,3.74179e-08,0.560335
111.3,-5.88297e-06,3.64409e-08,0.560336
111.31,-6.067e-06,3.38142e-08,0.560336
111.32,-6.16757e-06,2.51368e-08,0.560336
111.33,-6.09393e-06,2.27002e-08,0.560336
111.34,-5.99191e-06,2.77869e-08,0.560336
111.35,-5.87742e-06,3.25613e-08,0.560336
111.36,-5.75126e-06,3.70391e-08,0.560336
111.37,-5.6142e-06,4.12354e-08,0.560337
111.38,-5.46692e-06,4.51645e-08,0.560337
111.39,-5.31009e-06,4.88406e-08,0.560337
111.4,-5.1443e-06,5.22761e-08,0.560337
111.41,-4.97014e-06,5.54841e-08,0.560337
111.42,-4.78815e-06,5.84761e-08,0.560337
111.43,-4.59882e-06,6.12641e-08,0.560337
111.44,-4.40265e-06,6.38584e-08,0.560338
111.45,-4.20008e-06,6.62693e-08,0.560338
111.46,-3.99157e-06,6.85059e-08,0.560338
111.47,-3.77751e-06,7.05783e-08,0.560338
111.48,-3.55832e-06,7.2495e-08,0.560338
111.49,-3.33438e-06,7.42643e-08,0.560338
111.5,-3.10605e-06,7.58939e-08,0.560338
111.51,-2.87371e-06,7.73913e-08,0.560338
111.52,-2.63769e-06,7.87632e-08,0.560338
111.53,-2.39834e-06,8.00161e-08,0.560338
111.54,-2.15599e-06,8.11562e-08,0.560338
111.55,-1.91096e-06,8.21893e-08,0.560338
111.56,-1.66358e-06,8.31204e-08,0.560339
111.57,-1.41414e-06,8.3955e-08,0.560339
111.58,-1.16296e-06,8.46975e-08,0.560339
111.59,-9.10337e-07,8.53519e-08,0.560339
111.6,-6.56569e-07,8.59227e-08,0.560339
111.61,-4.01949e-07,8.64131e-08,0.560339
111.62,-1.46766e-07,8.68265e-08,0.560339
111.63,1.08693e-07,8.71655e-08,0.560339
111.64,3.64143e-07,8.74332e-08,0.560339
111.65,6.19303e-07,8.76313e-08,0.560339
111.66,8.73892e-07,8.77618e-08,0.560339
111.67,1.12763e-06,8.78261e-08,0.560339
111.68,1.38025e-06,8.78249e-08,0.560339
111.69,1.63146e-06,8.77595e-08,0.560339
111.7,1.88101e-06,8.76297e-08,0.560339
111.71,2.1286e-06,8.74355e-08,0.560339
111.72,2.37396e-06,8.71758e-08,0.560339
111.73,2.61683e-06,8.68489e-08,0.560339
111.74,2.85692e-06,8.64528e-08,0.560339
111.75,3.09396e-06,8.59842e-08,0.560339
111.76,3.32767e-06,8.54389e-08,0.560338
111.77,3.55775e-06,8.48117e-08,0.560338
111.78,3.78391e-06,8.40956e-08,0.560338
111.79,4.00586e-06,8.32815e-08,0.560338
111.8,4.22328e-06,8.2358e-08,0.560338
111.81,4.43582e-06,8.13104e-08,0.560338
111.82,4.64315e-06,8.01198e-08,0.560338
111.83,4.84486e-06,7.87608e-08,0.560338
111.84,5.04053e-06,7.7216e-08,0.560338
111.85,5.22978e-06,7.55308e-08,0.560338
111.86,5.41198e-06,7.36377e-08,0.560338
111.87,5.58633e-06,7.14113e-08,0.560338
111.88,5.75172e-06,6.86586e-08,0.560337
111.89,5.90653e-06,6.50606e-08,0.560337
111.9,6.04634e-06,6.01913e-08,0.560337
111.91,6.15095e-06,5.23121e-08,0.560337
111.92,6.19788e-06,3.75795e-08,0.560337
111.93,6.10817e-06,1.73022e-08,0.560337
111.94,5.93652e-06,2.11823e-08,0.560337
111.95,5.74801e-06,2.46918e-08,0.560336
111.96,5.54393e-06,2.78656e-08,0.560336
111.97,5.32547e-06,3.07359e-08,0.560336
111.98,5.09376e-06,3.33316e-08,0.560336
111.99,4.84982e-06,3.56794e-08,0.560336
112,4.59462e-06,3.78027e-08,0.560336
112.01,4.32912e-06,3.96971e-08,0.560336
112.02,4.0545e-06,4.1114e-08,0.560335
112.03,3.77173e-06,4.21592e-08,0.560335
112.04,3.48171e-06,4.3109e-08,0.560335
112.05,3.18507e-06,4.39757e-08,0.560335
112.06,2.88245e-06,4.47644e-08,0.560335
112.07,2.57445e-06,4.548e-08,0.560335
112.08,2.26165e-06,4.61272e-08,0.560335
112.09,1.94458e-06,4.67096e-08,0.560335
112.1,1.6238e-06,4.72315e-08,0.560335
112.11,1.2998e-06,4.7696e-08,0.560335
112.12,9.73102e-07,4.81067e-08,0.560334
112.13,6.44182e-07,4.84658e-08,0.560334
112.14,3.13514e-07,4.87761e-08,0.560334
112.15,-1.84391e-08,4.90403e-08,0.560334
112.16,-3.51227e-07,4.926e-08,0.560334
112.17,-6.8441e-07,4.94372e-08,0.560334
112.18,-1.01755e-06,4.95728e-08,0.560334
112.19,-1.35023e-06,4.96688e-08,0.560334
112.2,-1.68203e-06,4.97253e-08,0.560334
112.21,-2.01253e-06,4.97431e-08,0.560334
112.22,-2.34133e-06,4.97223e-08,0.560334
112.23,-2.66802e-06,4.96626e-08,0.560334
112.24,-2.9922e-06,4.95635e-08,0.560334
112.25,-3.31348e-06,4.94241e-08,0.560334
112.26,-3.63145e-06,4.92419e-08,0.560334
112.27,-3.94572e-06,4.90147e-08,0.560334
112.28,-4.25587e-06,4.87388e-08,0.560334
112.29,-4.5615e-06,4.84098e-08,0.560334
112.3,-4.86218e-06,4.80211e-08,0.560335
112.31,-5.15747e-06,4.75649e-08,0.560335
112.32,-5.44691e-06,4.703e-08,0.560335
112.33,-5.72999e-06,4.64015e-08,0.560335
112.34,-6.00616e-06,4.56589e-08,0.560335
112.35,-6.27475e-06,4.47726e-08,0.560335
112.36,-6.535e-06,4.36993e-08,0.560335
112.37,-6.78588e-06,4.23717e-08,0.560335
112.38,-7.02598e-06,4.0677e-08,0.560335
112.39,-7.2527e-06,3.85252e-08,0.560335
112.4,-7.45146e-06,3.54561e-08,0.560335
112.41,-7.60468e-06,2.95654e-08,0.560336
112.42,-7.65875e-06,1.20212e-08,0.560336
112.43,-7.45664e-06,1.02297e-08,0.560336
112.44,-7.23227e-06,1.21757e-08,0.560336
112.45,-6.9922e-06,1.39357e-08,0.560336
112.46,-6.73766e-06,1.54031e-08,0.560337
112.47,-6.4701e-06,1.63582e-08,0.560337
112.48,-6.19071e-06,1.72055e-08,0.560337
112.49,-5.90032e-06,1.7992e-08,0.560337
112.5,-5.59969e-06,1.87209e-08,0.560337
112.51,-5.28956e-06,1.93952e-08,0.560337
112.52,-4.97062e-06,2.00186e-08,0.560338
112.53,-4.64353e-06,2.05934e-08,0.560338
112.54,-4.30893e-06,2.11221e-08,0.560338
112.55,-3.96744e-06,2.16074e-08,0.560338
112.56,-3.61965e-06,2.20518e-08,0.560338
112.57,-3.26614e-06,2.2457e-08,0.560338
112.58,-2.90748e-06,2.28253e-08,0.560338
112.59,-2.5442e-06,2.31592e-08,0.560338
112.6,-2.17684e-06,2.34595e-08,0.560338
112.61,-1.80593e-06,2.37287e-08,0.560338
112.62,-1.43197e-06,2.39674e-08,0.560339
112.63,-1.05546e-06,2.41772e-08,0.560339
112.64,-6.76906e-07,2.43597e-08,0.560339
112.65,-2.96787e-07,2.4516e-08,0.560339
112.66,8.44123e-08,2.46463e-08,0.560339
112.67,4.66215e-07,2.47521e-08,0.560339
112.68,8.48146e-07,2.48338e-08,0.560339
112.69,1.22974e-06,2.48924e-08,0.560339
112.7,1.61051e-06,2.4928e-08,0.560339
112.71,1.99001e-06,2.49403e-08,0.560339
112.72,2.36775e-06,2.49298e-08,0.560339
112.73,2.74327e-06,2.48958e-08,0.560339
112.74,3.11607e-06,2.48386e-08,0.560339
112.75,3.48568e-06,2.47567e-08,0.560339
112.76,3.85159e-06,2.46493e-08,0.560339
112.77,4.21327e-06,2.45146e-08,0.560339
112.78,4.57019e-06,2.43506e-08,0.560339
112.79,4.92176e-06,2.41548e-08,0.560339
112.8,5.26736e-06,2.3923e-08,0.560339
112.81,5.60629e-06,2.36501e-08,0.560339
112.82,5.93774e-06,2.33297e-08,0.560339
112.83,6.26076e-06,2.29515e-08,0.560338
112.84,6.57414e-06,2.25017e-08,0.560338
112.85,6.87631e-06,2.19611e-08,0.560338
112.86,7.16495e-06,2.12978e-08,0.560338
112.87,7.43669e-06,2.06131e-08,0.560338
112.88,7.67663e-06,2.01015e-08,0.560338
112.89,7.86313e-06,1.86001e-08,0.560338
112.9,7.95953e-06,1.42484e-08,0.560338
112.91,7.84029e-06,1.14719e-08,0.560338
112.92,7.6699e-06,1.42611e-08,0.560337
112.93,7.48499e-06,1.68631e-08,0.560337
112.94,7.28649e-06,1.9289e-08,0.560337
112.95,7.07528e-06,2.15478e-08,0.560337
112.96,6.85217e-06,2.36495e-08,0.560337
112.97,6.61792e-06,2.56034e-08,0.560337
112.98,6.37327e-06,2.74177e-08,0.560336
112.99,6.1189e-06,2.91012e-08,0.560336
113,5.85544e-06,3.06612e-08,0.560336
113.01,5.58353e-06,3.21049e-08,0.560336
113.02,5.30375e-06,3.34391e-08,0.560336
113.03,5.01665e-06,3.46702e-08,0.560336
113.04,4.72279e-06,3.5804e-08,0.560336
113.05,4.42268e-06,3.6846e-08,0.560336
113.06,4.11682e-06,3.78019e-08,0.560335
113.07,3.80571e-06,3.86759e-08,0.560335
113.08,3.48982e-06,3.94731e-08,0.560335
113.09,3.1696e-06,4.01975e-08,0.560335
113.1,2.84551e-06,4.08534e-08,0.560335
113.11,2.51799e-06,4.14439e-08,0.560335
113.12,2.18748e-06,4.19729e-08,0.560335
113.13,1.85439e-06,4.24431e-08,0.560335
113.14,1.51915e-06,4.28572e-08,0.560335
113.15,1.18218e-06,4.32182e-08,0.560335
113.16,8.43885e-07,4.3528e-08,0.560335
113.17,5.04669e-07,4.37882e-08,0.560335
113.18,1.6494e-07,4.40003e-08,0.560335
113.19,-1.74899e-07,4.4166e-08,0.560335
113.2,-5.14443e-07,4.42863e-08,0.560335
113.21,-8.5329e-07,4.43618e-08,0.560335
113.22,-1.19103e-06,4.43927e-08,0.560335
113.23,-1.52726e-06,4.43789e-08,0.560335
113.24,-1.86156e-06,4.43192e-08,0.560335
113.25,-2.19351e-06,4.42129e-08,0.560335
113.26,-2.52266e-06,4.40578e-08,0.560335
113.27,-2.84856e-06,4.38508e-08,0.560335
113.28,-3.17073e-06,4.35879e-08,0.560335
113.29,-3.48867e-06,4.32643e-08,0.560335
113.3,-3.80181e-06,4.28724e-08,0.560335
113.31,-4.10952e-06,4.24019e-08,0.560335
113.32,-4.41108e-06,4.18388e-08,0.560335
113.33,-4.70559e-06,4.11642e-08,0.560335
113.34,-4.99193e-06,4.03499e-08,0.560335
113.35,-5.26852e-06,3.93528e-08,0.560335
113.36,-5.533e-06,3.81033e-08,0.560335
113.37,-5.77916e-06,3.70291e-08,0.560335
113.38,-5.98746e-06,3.5367e-08,0.560335
113.39,-6.13585e-06,3.07761e-08,0.560336
113.4,-6.13696e-06,2.08998e-08,0.560336
113.41,-6.04115e-06,2.6097e-08,0.560336
113.42,-5.93246e-06,3.09764e-08,0.560336
113.43,-5.81173e-06,3.55543e-08,0.560336
113.44,-5.67974e-06,3.98457e-08,0.560336
113.45,-5.53722e-06,4.38656e-08,0.560336
113.46,-5.38483e-06,4.76274e-08,0.560337
113.47,-5.22321e-06,5.11448e-08,0.560337
113.48,-5.05294e-06,5.44306e-08,0.560337
113.49,-4.87459e-06,5.74961e-08,0.560337
113.5,-4.68867e-06,6.0354e-08,0.560337
113.51,-4.49568e-06,6.30143e-08,0.560337
113.52,-4.29608e-06,6.54882e-08,0.560337
113.53,-4.09032e-06,6.77849e-08,0.560337
113.54,-3.87884e-06,6.9914e-08,0.560338
113.55,-3.66203e-06,7.18846e-08,0.560338
113.56,-3.44028e-06,7.37048e-08,0.560338
113.57,-3.21398e-06,7.53827e-08,0.560338
113.58,-2.98349e-06,7.6926e-08,0.560338
113.59,-2.74917e-06,7.83416e-08,0.560338
113.6,-2.51135e-06,7.9636e-08,0.560338
113.61,-2.27038e-06,8.08157e-08,0.560338
113.62,-2.02658e-06,8.18863e-08,0.560338
113.63,-1.78027e-06,8.28535e-08,0.560338
113.64,-1.53176e-06,8.37223e-08,0.560338
113.65,-1.28137e-06,8.44977e-08,0.560338
113.66,-1.02939e-06,8.51838e-08,0.560338
113.67,-7.76131e-07,8.57847e-08,0.560338
113.68,-5.21878e-07,8.63042e-08,0.560338
113.69,-2.66926e-07,8.67457e-08,0.560338
113.7,-1.15645e-08,8.71122e-08,0.560339
113.71,2.43923e-07,8.74064e-08,0.560339
113.72,4.99252e-07,8.76304e-08,0.560339
113.73,7.54143e-07,8.77863e-08,0.560339
113.74,1.00832e-06,8.78761e-08,0.560339
113.75,1.2615e-06,8.79005e-08,0.560339
113.76,1.5134e-06,8.78607e-08,0.560339
113.77,1.76376e-06,8.77565e-08,0.560338
113.78,2.01231e-06,8.75885e-08,0.560338
113.79,2.25875e-06,8.73557e-08,0.560338
113.8,2.50283e-06,8.70566e-08,0.560338
113.81,2.74426e-06,8.66901e-08,0.560338
113.82,2.98278e-06,8.62525e-08,0.560338
113.83,3.21808e-06,8.57406e-08,0.560338
113.84,3.44991e-06,8.51501e-08,0.560338
113.85,3.67795e-06,8.4474e-08,0.560338
113.86,3.90192e-06,8.37046e-08,0.560338
113.87,4.12151e-06,8.2832e-08,0.560338
113.88,4.33639e-06,8.18428e-08,0.560338
113.89,4.54622e-06,8.07199e-08,0.560338
113.9,4.75063e-06,7.94416e-08,0.560338
113.91,4.94919e-06,7.79788e-08,0.560338
113.92,5.14152e-06,7.63597e-08,0.560338
113.93,5.32713e-06,7.4576e-08,0.560337
113.94,5.50529e-06,7.25236e-08,0.560337
113.95,5.67506e-06,7.00478e-08,0.560337
113.96,5.8351e-06,6.68985e-08,0.560337
113.97,5.98335e-06,6.26388e-08,0.560337
113.98,6.10725e-06,5.65945e-08,0.560337
113.99,6.18528e-06,4.58241e-08,0.560337
114,6.17763e-06,2.22542e-08,0.560337
114.01,6.01946e-06,1.9052e-08,0.560336
114.02,5.83872e-06,2.27652e-08,0.560336
114.03,5.64182e-06,2.61232e-08,0.560336
114.04,5.43e-06,2.916e-08,0.560336
114.05,5.2044e-06,3.1907e-08,0.560336
114.06,4.96609e-06,3.4391e-08,0.560336
114.07,4.71608e-06,3.66375e-08,0.560336
114.08,4.4553e-06,3.86695e-08,0.560335
114.09,4.18484e-06,4.03532e-08,0.560335
114.1,3.90579e-06,4.15347e-08,0.560335
114.11,3.61909e-06,4.25362e-08,0.560335
114.12,3.32549e-06,4.34516e-08,0.560335
114.13,3.02562e-06,4.42856e-08,0.560335
114.14,2.72008e-06,4.50437e-08,0.560335
114.15,2.40947e-06,4.57309e-08,0.560335
114.16,2.09434e-06,4.6351e-08,0.560334
114.17,1.77524e-06,4.69081e-08,0.560334
114.18,1.4527e-06,4.74057e-08,0.560334
114.19,1.12721e-06,4.78475e-08,0.560334
114.2,7.99279e-07,4.82359e-08,0.560334
114.21,4.69377e-07,4.85742e-08,0.560334
114.22,1.37972e-07,4.88647e-08,0.560334
114.23,-1.94478e-07,4.91093e-08,0.560334
114.24,-5.27529e-07,4.93104e-08,0.560334
114.25,-8.60744e-07,4.94692e-08,0.560334
114.26,-1.19369e-06,4.95875e-08,0.560334
114.27,-1.52596e-06,4.96657e-08,0.560334
114.28,-1.85712e-06,4.97049e-08,0.560334
114.29,-2.18677e-06,4.97048e-08,0.560334
114.3,-2.5145e-06,4.96664e-08,0.560334
114.31,-2.83992e-06,4.95881e-08,0.560334
114.32,-3.16261e-06,4.94697e-08,0.560334
114.33,-3.48219e-06,4.93095e-08,0.560334
114.34,-3.79825e-06,4.91059e-08,0.560334
114.35,-4.11039e-06,4.8855e-08,0.560334
114.36,-4.4182e-06,4.85533e-08,0.560334
114.37,-4.72126e-06,4.81949e-08,0.560334
114.38,-5.01915e-06,4.77731e-08,0.560334
114.39,-5.31141e-06,4.72789e-08,0.560334
114.4,-5.59755e-06,4.66981e-08,0.560334
114.41,-5.87704e-06,4.60133e-08,0.560335
114.42,-6.14929e-06,4.52005e-08,0.560335
114.43,-6.41358e-06,4.42228e-08,0.560335
114.44,-6.66902e-06,4.30263e-08,0.560335
114.45,-6.91441e-06,4.15232e-08,0.560335
114.46,-7.14798e-06,3.95617e-08,0.560335
114.47,-7.36248e-06,3.71294e-08,0.560335
114.48,-7.53968e-06,3.28623e-08,0.560335
114.49,-7.65559e-06,2.38411e-08,0.560335
114.5,-7.55328e-06,1.11506e-08,0.560336
114.51,-7.337e-06,1.30084e-08,0.560336
114.52,-7.10447e-06,1.46886e-08,0.560336
114.53,-6.8568e-06,1.61992e-08,0.560336
114.54,-6.59541e-06,1.72405e-08,0.560336
114.55,-6.32167e-06,1.80327e-08,0.560337
114.56,-6.03655e-06,1.87672e-08,0.560337
114.57,-5.74082e-06,1.94475e-08,0.560337
114.58,-5.43522e-06,2.00766e-08,0.560337
114.59,-5.12048e-06,2.06576e-08,0.560337
114.6,-4.79727e-06,2.11926e-08,0.560337
114.61,-4.46624e-06,2.16841e-08,0.560338
114.62,-4.12802e-06,2.2135e-08,0.560338
114.63,-3.78321e-06,2.2547e-08,0.560338
114.64,-3.43241e-06,2.29225e-08,0.560338
114.65,-3.07618e-06,2.32632e-08,0.560338
114.66,-2.71508e-06,2.35711e-08,0.560338
114.67,-2.34964e-06,2.38474e-08,0.560338
114.68,-1.98039e-06,2.40939e-08,0.560338
114.69,-1.60785e-06,2.43121e-08,0.560338
114.7,-1.23253e-06,2.45029e-08,0.560338
114.71,-8.5492e-07,2.46679e-08,0.560338
114.72,-4.75516e-07,2.48082e-08,0.560338
114.73,-9.48007e-08,2.4924e-08,0.560339
114.74,2.86745e-07,2.50165e-08,0.560339
114.75,6.68645e-07,2.50862e-08,0.560339
114.76,1.05043e-06,2.5134e-08,0.560339
114.77,1.43162e-06,2.51602e-08,0.560339
114.78,1.81176e-06,2.51647e-08,0.560339
114.79,2.19037e-06,2.51471e-08,0.560339
114.8,2.56697e-06,2.51078e-08,0.560339
114.81,2.9411e-06,2.5046e-08,0.560339
114.82,3.31225e-06,2.49614e-08,0.560339
114.83,3.67995e-06,2.48526e-08,0.560339
114.84,4.04368e-06,2.47185e-08,0.560339
114.85,4.4029e-06,2.45574e-08,0.560339
114.86,4.75706e-06,2.43657e-08,0.560339
114.87,5.10554e-06,2.41405e-08,0.560338
114.88,5.44769e-06,2.38782e-08,0.560338
114.89,5.78276e-06,2.35719e-08,0.560338
114.9,6.10987e-06,2.32133e-08,0.560338
114.91,6.42796e-06,2.27913e-08,0.560338
114.92,6.73563e-06,2.22891e-08,0.560338
114.93,7.03098e-06,2.16809e-08,0.560338
114.94,7.31117e-06,2.09584e-08,0.560338
114.95,7.56931e-06,2.04741e-08,0.560338
114.96,7.78339e-06,1.95217e-08,0.560338
114.97,7.9303e-06,1.69925e-08,0.560338
114.98,7.91449e-06,1.0485e-08,0.560338
114.99,7.75135e-06,1.33406e-08,0.560337
115,7.57322e-06,1.60053e-08,0.560337
115.01,7.38106e-06,1.84896e-08,0.560337
115.02,7.17578e-06,2.08045e-08,0.560337
115.03,6.95821e-06,2.29587e-08,0.560337
115.04,6.72916e-06,2.49624e-08,0.560336
115.05,6.48936e-06,2.68238e-08,0.560336
115.06,6.23951e-06,2.85515e-08,0.560336
115.07,5.98028e-06,3.01533e-08,0.560336
115.08,5.7123e-06,3.16365e-08,0.560336
115.09,5.43618e-06,3.30078e-08,0.560336
115.1,5.15248e-06,3.42736e-08,0.560336
115.11,4.86176e-06,3.54403e-08,0.560336
115.12,4.56454e-06,3.65135e-08,0.560335
115.13,4.26135e-06,3.74988e-08,0.560335
115.14,3.95266e-06,3.84009e-08,0.560335
115.15,3.63897e-06,3.92246e-08,0.560335
115.16,3.32075e-06,3.99746e-08,0.560335
115.17,2.99844e-06,4.06545e-08,0.560335
115.18,2.67249e-06,4.12681e-08,0.560335
115.19,2.34334e-06,4.18188e-08,0.560335
115.2,2.01142e-06,4.23102e-08,0.560335
115.21,1.67715e-06,4.27443e-08,0.560335
115.22,1.34095e-06,4.31245e-08,0.560335
115.23,1.00323e-06,4.34525e-08,0.560335
115.24,6.64402e-07,4.37305e-08,0.560334
115.25,3.24869e-07,4.39608e-08,0.560334
115.26,-1.49636e-08,4.41443e-08,0.560334
115.27,-3.54693e-07,4.42817e-08,0.560334
115.28,-6.93916e-07,4.43745e-08,0.560334
115.29,-1.03223e-06,4.44227e-08,0.560334
115.3,-1.36922e-06,4.44267e-08,0.560334
115.31,-1.70447e-06,4.43858e-08,0.560334
115.32,-2.03758e-06,4.42986e-08,0.560334
115.33,-2.3681e-06,4.41639e-08,0.560334
115.34,-2.69558e-06,4.39793e-08,0.560334
115.35,-3.01957e-06,4.37415e-08,0.560334
115.36,-3.33957e-06,4.34455e-08,0.560335
115.37,-3.65504e-06,4.30848e-08,0.560335
115.38,-3.96539e-06,4.26512e-08,0.560335
115.39,-4.26994e-06,4.21327e-08,0.560335
115.4,-4.56789e-06,4.15126e-08,0.560335
115.41,-4.85824e-06,4.07674e-08,0.560335
115.42,-5.13965e-06,3.98615e-08,0.560335
115.43,-5.41021e-06,3.87403e-08,0.560335
115.44,-5.66677e-06,3.7396e-08,0.560335
115.45,-5.89519e-06,3.63529e-08,0.560335
115.46,-6.07581e-06,3.35671e-08,0.560335
115.47,-6.16819e-06,2.39524e-08,0.560335
115.48,-6.08834e-06,2.35233e-08,0.560336
115.49,-5.98557e-06,2.85603e-08,0.560336
115.5,-5.87037e-06,3.32877e-08,0.560336
115.51,-5.74355e-06,3.77211e-08,0.560336
115.52,-5.60587e-06,4.18755e-08,0.560336
115.53,-5.45802e-06,4.5765e-08,0.560336
115.54,-5.30064e-06,4.94034e-08,0.560336
115.55,-5.13436e-06,5.28035e-08,0.560337
115.56,-4.95972e-06,5.59781e-08,0.560337
115.57,-4.77728e-06,5.89387e-08,0.560337
115.58,-4.58754e-06,6.16965e-08,0.560337
115.59,-4.39099e-06,6.42624e-08,0.560337
115.6,-4.18806e-06,6.66466e-08,0.560337
115.61,-3.97921e-06,6.88586e-08,0.560337
115.62,-3.76484e-06,7.09072e-08,0.560337
115.63,-3.54536e-06,7.28017e-08,0.560338
115.64,-3.32115e-06,7.45496e-08,0.560338
115.65,-3.09258e-06,7.61591e-08,0.560338
115.66,-2.86001e-06,7.76374e-08,0.560338
115.67,-2.62379e-06,7.89915e-08,0.560338
115.68,-2.38426e-06,8.02277e-08,0.560338
115.69,-2.14174e-06,8.13518e-08,0.560338
115.7,-1.89657e-06,8.23698e-08,0.560338
115.71,-1.64906e-06,8.3287e-08,0.560338
115.72,-1.39951e-06,8.41084e-08,0.560338
115.73,-1.14823e-06,8.48382e-08,0.560338
115.74,-8.95537e-07,8.54809e-08,0.560338
115.75,-6.41711e-07,8.60408e-08,0.560338
115.76,-3.8705e-07,8.65209e-08,0.560338
115.77,-1.31843e-07,8.69242e-08,0.560338
115.78,1.23623e-07,8.72537e-08,0.560338
115.79,3.79065e-07,8.75117e-08,0.560338
115.8,6.34198e-07,8.77012e-08,0.560338
115.81,8.88746e-07,8.78232e-08,0.560338
115.82,1.14243e-06,8.78795e-08,0.560338
115.83,1.39497e-06,8.78707e-08,0.560338
115.84,1.6461e-06,8.7798e-08,0.560338
115.85,1.89553e-06,8.76607e-08,0.560338
115.86,2.143e-06,8.74596e-08,0.560338
115.87,2.38823e-06,8.71934e-08,0.560338
115.88,2.63094e-06,8.68595e-08,0.560338
115.89,2.87086e-06,8.6457e-08,0.560338
115.9,3.10772e-06,8.59818e-08,0.560338
115.91,3.34122e-06,8.54294e-08,0.560338
115.92,3.57108e-06,8.47953e-08,0.560338
115.93,3.797e-06,8.40718e-08,0.560338
115.94,4.0187e-06,8.32498e-08,0.560338
115.95,4.23583e-06,8.23178e-08,0.560338
115.96,4.44809e-06,8.12611e-08,0.560338
115.97,4.65509e-06,8.00602e-08,0.560338
115.98,4.85646e-06,7.86891e-08,0.560338
115.99,5.05177e-06,7.71337e-08,0.560337
116,5.24063e-06,7.54382e-08,0.560337
116.01,5.4224e-06,7.35284e-08,0.560337
116.02,5.59625e-06,7.1276e-08,0.560337
116.03,5.76107e-06,6.84841e-08,0.560337
116.04,5.9152e-06,6.48208e-08,0.560337
116.05,6.05361e-06,5.9845e-08,0.560337
116.06,6.15558e-06,5.16979e-08,0.560337
116.07,6.19787e-06,3.6312e-08,0.560337
116.08,6.09834e-06,1.79581e-08,0.560336
116.09,5.92569e-06,2.17758e-08,0.560336
116.1,5.73626e-06,2.52286e-08,0.560336
116.11,5.53133e-06,2.83517e-08,0.560336
116.12,5.3121e-06,3.11757e-08,0.560336
116.13,5.07966e-06,3.37298e-08,0.560336
116.14,4.83505e-06,3.60395e-08,0.560335
116.15,4.57924e-06,3.81284e-08,0.560335
116.16,4.31318e-06,3.99833e-08,0.560335
116.17,4.03807e-06,4.13524e-08,0.560335
116.18,3.75487e-06,4.23758e-08,0.560335
116.19,3.46445e-06,4.33088e-08,0.560335
116.2,3.16746e-06,4.41598e-08,0.560335
116.21,2.86452e-06,4.4934e-08,0.560335
116.22,2.55623e-06,4.56361e-08,0.560334
116.23,2.24317e-06,4.62706e-08,0.560334
116.24,1.92588e-06,4.68414e-08,0.560334
116.25,1.6049e-06,4.73525e-08,0.560334
116.26,1.28074e-06,4.78068e-08,0.560334
116.27,9.539e-07,4.82076e-08,0.560334
116.28,6.24869e-07,4.85581e-08,0.560334
116.29,2.94117e-07,4.88602e-08,0.560334
116.3,-3.78941e-08,4.91169e-08,0.560334
116.31,-3.70715e-07,4.93293e-08,0.560334
116.32,-7.03904e-07,4.94994e-08,0.560334
116.33,-1.03703e-06,4.96288e-08,0.560334
116.34,-1.36967e-06,4.97183e-08,0.560334
116.35,-1.7014e-06,4.97686e-08,0.560334
116.36,-2.03181e-06,4.97808e-08,0.560334
116.37,-2.36049e-06,4.97548e-08,0.560334
116.38,-2.68705e-06,4.96903e-08,0.560334
116.39,-3.01107e-06,4.95861e-08,0.560334
116.4,-3.33217e-06,4.94414e-08,0.560334
116.41,-3.64993e-06,4.92539e-08,0.560334
116.42,-3.96396e-06,4.90217e-08,0.560334
116.43,-4.27386e-06,4.87412e-08,0.560334
116.44,-4.57921e-06,4.84072e-08,0.560334
116.45,-4.87959e-06,4.80132e-08,0.560334
116.46,-5.17456e-06,4.75514e-08,0.560334
116.47,-5.46364e-06,4.70101e-08,0.560334
116.48,-5.74633e-06,4.63744e-08,0.560334
116.49,-6.02207e-06,4.56231e-08,0.560334
116.5,-6.2902e-06,4.47265e-08,0.560335
116.51,-6.54993e-06,4.36395e-08,0.560335
116.52,-6.80023e-06,4.22928e-08,0.560335
116.53,-7.03964e-06,4.05706e-08,0.560335
116.54,-7.26529e-06,3.84011e-08,0.560335
116.55,-7.46187e-06,3.52189e-08,0.560335
116.56,-7.61165e-06,2.90634e-08,0.560335
116.57,-7.65071e-06,8.55338e-09,0.560335
116.58,-7.44233e-06,1.06592e-08,0.560336
116.59,-7.21717e-06,1.25643e-08,0.560336
116.6,-6.97636e-06,1.42872e-08,0.560336
116.61,-6.72115e-06,1.57009e-08,0.560336
116.62,-6.45299e-06,1.66229e-08,0.560336
116.63,-6.17304e-06,1.74525e-08,0.560337
116.64,-5.88213e-06,1.82225e-08,0.560337
116.65,-5.58102e-06,1.8936e-08,0.560337
116.66,-5.27043e-06,1.95959e-08,0.560337
116.67,-4.95106e-06,2.02056e-08,0.560337
116.68,-4.62358e-06,2.07674e-08,0.560337
116.69,-4.28862e-06,2.1284e-08,0.560337
116.7,-3.9468e-06,2.17579e-08,0.560338
116.71,-3.59871e-06,2.21914e-08,0.560338
116.72,-3.24493e-06,2.25868e-08,0.560338
116.73,-2.88602e-06,2.29458e-08,0.560338
116.74,-2.52252e-06,2.32707e-08,0.560338
116.75,-2.15497e-06,2.35626e-08,0.560338
116.76,-1.7839e-06,2.38237e-08,0.560338
116.77,-1.4098e-06,2.40551e-08,0.560338
116.78,-1.03318e-06,2.42584e-08,0.560338
116.79,-6.54541e-07,2.44342e-08,0.560338
116.8,-2.74365e-07,2.45841e-08,0.560338
116.81,1.06866e-07,2.47086e-08,0.560338
116.82,4.88674e-07,2.48088e-08,0.560338
116.83,8.70585e-07,2.48853e-08,0.560338
116.84,1.25213e-06,2.49388e-08,0.560338
116.85,1.63283e-06,2.49693e-08,0.560338
116.86,2.01223e-06,2.49773e-08,0.560338
116.87,2.38985e-06,2.49623e-08,0.560338
116.88,2.76521e-06,2.49243e-08,0.560338
116.89,3.13783e-06,2.48633e-08,0.560338
116.9,3.50723e-06,2.47779e-08,0.560338
116.91,3.8729e-06,2.46666e-08,0.560338
116.92,4.23431e-06,2.45286e-08,0.560338
116.93,4.59093e-06,2.43612e-08,0.560338
116.94,4.94217e-06,2.41612e-08,0.560338
116.95,5.2874e-06,2.39255e-08,0.560338
116.96,5.62591e-06,2.36485e-08,0.560338
116.97,5.95689e-06,2.33232e-08,0.560338
116.98,6.27938e-06,2.29394e-08,0.560338
116.99,6.59215e-06,2.24839e-08,0.560338
117,6.8936e-06,2.19358e-08,0.560338
117.01,7.18135e-06,2.12636e-08,0.560338
117.02,7.45192e-06,2.06095e-08,0.560338
117.03,7.68921e-06,2.0055e-08,0.560338
117.04,7.87188e-06,1.84657e-08,0.560338
117.05,7.96006e-06,1.37397e-08,0.560337
117.06,7.83019e-06,1.13443e-08,0.560337
117.07,7.65898e-06,1.41421e-08,0.560337
117.08,7.4733e-06,1.67516e-08,0.560337
117.09,7.27407e-06,1.9184e-08,0.560337
117.1,7.06218e-06,2.14491e-08,0.560337
117.11,6.83843e-06,2.35572e-08,0.560336
117.12,6.60359e-06,2.55169e-08,0.560336
117.13,6.35839e-06,2.73369e-08,0.560336
117.14,6.10349e-06,2.90254e-08,0.560336
117.15,5.83955e-06,3.059e-08,0.560336
117.16,5.56718e-06,3.20378e-08,0.560336
117.17,5.28697e-06,3.3376e-08,0.560335
117.18,4.99949e-06,3.46105e-08,0.560335
117.19,4.70526e-06,3.57475e-08,0.560335
117.2,4.40482e-06,3.67929e-08,0.560335
117.21,4.09865e-06,3.77512e-08,0.560335
117.22,3.78726e-06,3.86277e-08,0.560335
117.23,3.47111e-06,3.9427e-08,0.560335
117.24,3.15067e-06,4.0154e-08,0.560335
117.25,2.82637e-06,4.0812e-08,0.560335
117.26,2.49868e-06,4.14047e-08,0.560335
117.27,2.16801e-06,4.19356e-08,0.560335
117.28,1.83479e-06,4.24071e-08,0.560334
117.29,1.49945e-06,4.28223e-08,0.560334
117.3,1.16239e-06,4.31846e-08,0.560334
117.31,8.24033e-07,4.34953e-08,0.560334
117.32,4.8478e-07,4.37563e-08,0.560334
117.33,1.45038e-07,4.39694e-08,0.560334
117.34,-1.94791e-07,4.41359e-08,0.560334
117.35,-5.34303e-07,4.42564e-08,0.560334
117.36,-8.73093e-07,4.4332e-08,0.560334
117.37,-1.21076e-06,4.43627e-08,0.560334
117.38,-1.54688e-06,4.43487e-08,0.560334
117.39,-1.88105e-06,4.42886e-08,0.560334
117.4,-2.21284e-06,4.41817e-08,0.560334
117.41,-2.54181e-06,4.40255e-08,0.560334
117.42,-2.86751e-06,4.38171e-08,0.560334
117.43,-3.18945e-06,4.35531e-08,0.560334
117.44,-3.50712e-06,4.32276e-08,0.560334
117.45,-3.81996e-06,4.28333e-08,0.560334
117.46,-4.12733e-06,4.23591e-08,0.560334
117.47,-4.4285e-06,4.17919e-08,0.560334
117.48,-4.72257e-06,4.1112e-08,0.560335
117.49,-5.00838e-06,4.02895e-08,0.560335
117.5,-5.28434e-06,3.92811e-08,0.560335
117.51,-5.54802e-06,3.80146e-08,0.560335
117.52,-5.79256e-06,3.69722e-08,0.560335
117.53,-5.9981e-06,3.52136e-08,0.560335
117.54,-6.14169e-06,3.02984e-08,0.560335
117.55,-6.13233e-06,2.06498e-08,0.560335
117.56,-6.03569e-06,2.58615e-08,0.560335
117.57,-5.92622e-06,3.07544e-08,0.560336
117.58,-5.80477e-06,3.53451e-08,0.560336
117.59,-5.6721e-06,3.96487e-08,0.560336
117.6,-5.52894e-06,4.36797e-08,0.560336
117.61,-5.37596e-06,4.74523e-08,0.560336
117.62,-5.21379e-06,5.09792e-08,0.560336
117.63,-5.04301e-06,5.42739e-08,0.560336
117.64,-4.86418e-06,5.73483e-08,0.560337
117.65,-4.67781e-06,6.02139e-08,0.560337
117.66,-4.48439e-06,6.28821e-08,0.560337
117.67,-4.2844e-06,6.53628e-08,0.560337
117.68,-4.07829e-06,6.76662e-08,0.560337
117.69,-3.86646e-06,6.98015e-08,0.560337
117.7,-3.64934e-06,7.17777e-08,0.560337
117.71,-3.4273e-06,7.36032e-08,0.560337
117.72,-3.20074e-06,7.52858e-08,0.560337
117.73,-2.97e-06,7.68336e-08,0.560338
117.74,-2.73546e-06,7.82536e-08,0.560338
117.75,-2.49744e-06,7.9552e-08,0.560338
117.76,-2.25629e-06,8.07352e-08,0.560338
117.77,-2.01232e-06,8.1809e-08,0.560338
117.78,-1.76587e-06,8.27793e-08,0.560338
117.79,-1.51724e-06,8.36511e-08,0.560338
117.8,-1.26674e-06,8.44289e-08,0.560338
117.81,-1.01467e-06,8.51174e-08,0.560338
117.82,-7.61339e-07,8.57207e-08,0.560338
117.83,-5.07034e-07,8.62421e-08,0.560338
117.84,-2.52047e-07,8.66856e-08,0.560338
117.85,3.33365e-09,8.70534e-08,0.560338
117.86,2.58822e-07,8.73485e-08,0.560338
117.87,5.14136e-07,8.75737e-08,0.560338
117.88,7.68995e-07,8.77307e-08,0.560338
117.89,1.02312e-06,8.78212e-08,0.560338
117.9,1.27623e-06,8.7846e-08,0.560338
117.91,1.52806e-06,8.78059e-08,0.560338
117.92,1.77833e-06,8.77018e-08,0.560338
117.93,2.02675e-06,8.75336e-08,0.560338
117.94,2.27307e-06,8.73e-08,0.560338
117.95,2.517e-06,8.70004e-08,0.560338
117.96,2.75828e-06,8.66327e-08,0.560338
117.97,2.99661e-06,8.61934e-08,0.560338
117.98,3.23172e-06,8.56795e-08,0.560338
117.99,3.46333e-06,8.50862e-08,0.560338
118,3.69115e-06,8.44074e-08,0.560338
118.01,3.91487e-06,8.36347e-08,0.560338
118.02,4.1342e-06,8.27572e-08,0.560338
118.03,4.34879e-06,8.17623e-08,0.560338
118.04,4.55832e-06,8.06329e-08,0.560337
118.05,4.76239e-06,7.93463e-08,0.560337
118.06,4.9606e-06,7.78736e-08,0.560337
118.07,5.15256e-06,7.62482e-08,0.560337
118.08,5.33775e-06,7.44529e-08,0.560337
118.09,5.51545e-06,7.23817e-08,0.560337
118.1,5.68469e-06,6.98753e-08,0.560337
118.11,5.84411e-06,6.6677e-08,0.560337
118.12,5.99158e-06,6.23439e-08,0.560337
118.13,6.11325e-06,5.61036e-08,0.560336
118.14,6.1879e-06,4.49403e-08,0.560336
118.15,6.17129e-06,1.96433e-08,0.560336
118.16,6.00933e-06,1.98537e-08,0.560336
118.17,5.82761e-06,2.34905e-08,0.560336
118.18,5.62981e-06,2.67795e-08,0.560336
118.19,5.41715e-06,2.9754e-08,0.560336
118.2,5.19079e-06,3.2444e-08,0.560335
118.21,4.95177e-06,3.48766e-08,0.560335
118.22,4.70111e-06,3.70764e-08,0.560335
118.23,4.43973e-06,3.90659e-08,0.560335
118.24,4.16873e-06,4.06952e-08,0.560335
118.25,3.88921e-06,4.18359e-08,0.560335
118.26,3.6021e-06,4.28146e-08,0.560335
118.27,3.30811e-06,4.37085e-08,0.560334
118.28,3.00789e-06,4.4523e-08,0.560334
118.29,2.70204e-06,4.52628e-08,0.560334
118.3,2.39115e-06,4.59325e-08,0.560334
118.31,2.07578e-06,4.65364e-08,0.560334
118.32,1.75647e-06,4.70787e-08,0.560334
118.33,1.43374e-06,4.75624e-08,0.560334
118.34,1.10809e-06,4.79911e-08,0.560334
118.35,7.80033e-07,4.83673e-08,0.560334
118.36,4.50031e-07,4.86946e-08,0.560334
118.37,1.18554e-07,4.89744e-08,0.560334
118.38,-2.13943e-07,4.92092e-08,0.560334
118.39,-5.47015e-07,4.9401e-08,0.560334
118.4,-8.80225e-07,4.95509e-08,0.560334
118.41,-1.21315e-06,4.96606e-08,0.560334
118.42,-1.54536e-06,4.97308e-08,0.560334
118.43,-1.87644e-06,4.97624e-08,0.560334
118.44,-2.20599e-06,4.97557e-08,0.560334
118.45,-2.5336e-06,4.97104e-08,0.560334
118.46,-2.85886e-06,4.96264e-08,0.560334
118.47,-3.18139e-06,4.95022e-08,0.560334
118.48,-3.50077e-06,4.93367e-08,0.560334
118.49,-3.81661e-06,4.91274e-08,0.560334
118.5,-4.12851e-06,4.8871e-08,0.560334
118.51,-4.43605e-06,4.85633e-08,0.560334
118.52,-4.73882e-06,4.81987e-08,0.560334
118.53,-5.03639e-06,4.77705e-08,0.560334
118.54,-5.32831e-06,4.72685e-08,0.560334
118.55,-5.61407e-06,4.66805e-08,0.560334
118.56,-5.89316e-06,4.5987e-08,0.560334
118.57,-6.16497e-06,4.51637e-08,0.560334
118.58,-6.42876e-06,4.41732e-08,0.560334
118.59,-6.68365e-06,4.29601e-08,0.560334
118.6,-6.92841e-06,4.1434e-08,0.560335
118.61,-7.16121e-06,3.94373e-08,0.560335
118.62,-7.374e-06,3.69523e-08,0.560335
118.63,-7.54852e-06,3.25187e-08,0.560335
118.64,-7.65911e-06,2.29732e-08,0.560335
118.65,-7.54425e-06,9.34015e-09,0.560335
118.66,-7.32669e-06,1.13709e-08,0.560335
118.67,-7.09297e-06,1.32079e-08,0.560336
118.68,-6.84421e-06,1.48474e-08,0.560336
118.69,-6.58187e-06,1.59699e-08,0.560336
118.7,-6.30725e-06,1.68449e-08,0.560336
118.71,-6.02131e-06,1.76573e-08,0.560336
118.72,-5.72482e-06,1.84107e-08,0.560337
118.73,-5.41852e-06,1.91084e-08,0.560337
118.74,-5.10314e-06,1.97532e-08,0.560337
118.75,-4.77933e-06,2.03485e-08,0.560337
118.76,-4.44775e-06,2.08968e-08,0.560337
118.77,-4.10903e-06,2.14007e-08,0.560337
118.78,-3.76377e-06,2.18624e-08,0.560337
118.79,-3.41256e-06,2.22846e-08,0.560337
118.8,-3.05595e-06,2.26688e-08,0.560338
118.81,-2.69451e-06,2.30176e-08,0.560338
118.82,-2.32878e-06,2.33321e-08,0.560338
118.83,-1.95927e-06,2.36144e-08,0.560338
118.84,-1.5865e-06,2.38661e-08,0.560338
118.85,-1.21098e-06,2.40878e-08,0.560338
118.86,-8.33214e-07,2.42816e-08,0.560338
118.87,-4.53682e-07,2.44488e-08,0.560338
118.88,-7.28707e-08,2.45902e-08,0.560338
118.89,3.0874e-07,2.47067e-08,0.560338
118.9,6.90675e-07,2.47991e-08,0.560338
118.91,1.07246e-06,2.48677e-08,0.560338
118.92,1.45363e-06,2.49128e-08,0.560338
118.93,1.83371e-06,2.49352e-08,0.560338
118.94,2.21224e-06,2.49344e-08,0.560338
118.95,2.58873e-06,2.4911e-08,0.560338
118.96,2.96271e-06,2.48635e-08,0.560338
118.97,3.33369e-06,2.47921e-08,0.560338
118.98,3.70119e-06,2.46957e-08,0.560338
118.99,4.06468e-06,2.45725e-08,0.560338
119,4.42363e-06,2.44211e-08,0.560338
119.01,4.77748e-06,2.42388e-08,0.560338
119.02,5.12563e-06,2.40222e-08,0.560338
119.03,5.46739e-06,2.3767e-08,0.560338
119.04,5.80203e-06,2.34672e-08,0.560338
119.05,6.12865e-06,2.3114e-08,0.560338
119.06,6.44618e-06,2.26963e-08,0.560338
119.07,6.7532e-06,2.21964e-08,0.560338
119.08,7.04776e-06,2.15891e-08,0.560338
119.09,7.32695e-06,2.08724e-08,0.560338
119.1,7.58317e-06,2.0394e-08,0.560337
119.11,7.7941e-06,1.93914e-08,0.560337
119.12,7.9358e-06,1.67146e-08,0.560337
119.13,7.9061e-06,1.01366e-08,0.560337
119.14,7.74199e-06,1.30148e-08,0.560337
119.15,7.56295e-06,1.57008e-08,0.560337
119.16,7.36994e-06,1.8205e-08,0.560337
119.17,7.16387e-06,2.0538e-08,0.560336
119.18,6.94557e-06,2.271e-08,0.560336
119.19,6.71582e-06,2.47301e-08,0.560336
119.2,6.47537e-06,2.66069e-08,0.560336
119.21,6.22493e-06,2.8349e-08,0.560336
119.22,5.96514e-06,2.99638e-08,0.560336
119.23,5.69664e-06,3.1459e-08,0.560335
119.24,5.42003e-06,3.2842e-08,0.560335
119.25,5.13589e-06,3.41186e-08,0.560335
119.26,4.84475e-06,3.52954e-08,0.560335
119.27,4.54715e-06,3.6378e-08,0.560335
119.28,4.24361e-06,3.73718e-08,0.560335
119.29,3.9346e-06,3.82823e-08,0.560335
119.3,3.62062e-06,3.91136e-08,0.560335
119.31,3.30213e-06,3.98706e-08,0.560335
119.32,2.97959e-06,4.05574e-08,0.560334
119.33,2.65343e-06,4.11768e-08,0.560334
119.34,2.3241e-06,4.17333e-08,0.560334
119.35,1.99202e-06,4.22296e-08,0.560334
119.36,1.65762e-06,4.26684e-08,0.560334
119.37,1.32131e-06,4.30528e-08,0.560334
119.38,9.83511e-07,4.33852e-08,0.560334
119.39,6.44625e-07,4.36669e-08,0.560334
119.4,3.05058e-07,4.39003e-08,0.560334
119.41,-3.47843e-08,4.40865e-08,0.560334
119.42,-3.74499e-07,4.42268e-08,0.560334
119.43,-7.13683e-07,4.43221e-08,0.560334
119.44,-1.05193e-06,4.43723e-08,0.560334
119.45,-1.38883e-06,4.43777e-08,0.560334
119.46,-1.72398e-06,4.43384e-08,0.560334
119.47,-2.05695e-06,4.42528e-08,0.560334
119.48,-2.3873e-06,4.41188e-08,0.560334
119.49,-2.7146e-06,4.39347e-08,0.560334
119.5,-3.03837e-06,4.36968e-08,0.560334
119.51,-3.35812e-06,4.33997e-08,0.560334
119.52,-3.67331e-06,4.30373e-08,0.560334
119.53,-3.98334e-06,4.26013e-08,0.560334
119.54,-4.28753e-06,4.20796e-08,0.560334
119.55,-4.58507e-06,4.14549e-08,0.560334
119.56,-4.87494e-06,4.07026e-08,0.560334
119.57,-5.15578e-06,3.97879e-08,0.560334
119.58,-5.42562e-06,3.86529e-08,0.560335
119.59,-5.68114e-06,3.7355e-08,0.560335
119.6,-5.90723e-06,3.62483e-08,0.560335
119.61,-6.08434e-06,3.32958e-08,0.560335
119.62,-6.16762e-06,2.25334e-08,0.560335
119.63,-6.08255e-06,2.35898e-08,0.560335
119.64,-5.97904e-06,2.86225e-08,0.560335
119.65,-5.86316e-06,3.33455e-08,0.560335
119.66,-5.7357e-06,3.77749e-08,0.560336
119.67,-5.59741e-06,4.19254e-08,0.560336
119.68,-5.44899e-06,4.58112e-08,0.560336
119.69,-5.29109e-06,4.94459e-08,0.560336
119.7,-5.1243e-06,5.28429e-08,0.560336
119.71,-4.94921e-06,5.60142e-08,0.560336
119.72,-4.76633e-06,5.89712e-08,0.560336
119.73,-4.57619e-06,6.1726e-08,0.560337
119.74,-4.37925e-06,6.42887e-08,0.560337
119.75,-4.17597e-06,6.66699e-08,0.560337
119.76,-3.96679e-06,6.88788e-08,0.560337
119.77,-3.75212e-06,7.09248e-08,0.560337
119.78,-3.53235e-06,7.28166e-08,0.560337
119.79,-3.30788e-06,7.45625e-08,0.560337
119.8,-3.07907e-06,7.61698e-08,0.560337
119.81,-2.84628e-06,7.76459e-08,0.560337
119.82,-2.60986e-06,7.89978e-08,0.560337
119.83,-2.37014e-06,8.02315e-08,0.560337
119.84,-2.12747e-06,8.13539e-08,0.560338
119.85,-1.88215e-06,8.23701e-08,0.560338
119.86,-1.63451e-06,8.32855e-08,0.560338
119.87,-1.38485e-06,8.41049e-08,0.560338
119.88,-1.13349e-06,8.48332e-08,0.560338
119.89,-8.80719e-07,8.54744e-08,0.560338
119.9,-6.26837e-07,8.60321e-08,0.560338
119.91,-3.72137e-07,8.651e-08,0.560338
119.92,-1.16908e-07,8.69114e-08,0.560338
119.93,1.38564e-07,8.72391e-08,0.560338
119.94,3.93994e-07,8.74958e-08,0.560338
119.95,6.491e-07,8.76832e-08,0.560338
119.96,9.03604e-07,8.78033e-08,0.560338
119.97,1.15723e-06,8.78575e-08,0.560338
119.98,1.40969e-06,8.78465e-08,0.560338
119.99,1.66073e-06,8.77719e-08,0.560338
120,1.91005e-06,8.76328e-08,0.560338
120.01,2.1574e-06,8.74293e-08,0.560338
120.02,2.40249e-06,8.716e-08,0.560338
120.03,2.64505e-06,8.68238e-08,0.560338
120.04,2.8848e-06,8.6418e-08,0.560338
120.05,3.12146e-06,8.59393e-08,0.560338
120.06,3.35475e-06,8.53838e-08,0.560338
120.07,3.58439e-06,8.4745e-08,0.560338
120.08,3.81008e-06,8.40165e-08,0.560337
120.09,4.03152e-06,8.31893e-08,0.560337
120.1,4.24838e-06,8.22516e-08,0.560337
120.11,4.46033e-06,8.11874e-08,0.560337
120.12,4.66702e-06,7.99777e-08,0.560337
120.13,4.86805e-06,7.85963e-08,0.560337
120.14,5.063e-06,7.70331e-08,0.560337
120.15,5.25146e-06,7.53283e-08,0.560337
120.16,5.43279e-06,7.34029e-08,0.560337
120.17,5.60615e-06,7.11258e-08,0.560337
120.18,5.7704e-06,6.82939e-08,0.560337
120.19,5.92383e-06,6.45645e-08,0.560336
120.2,6.06076e-06,5.94923e-08,0.560336
120.21,6.16003e-06,5.10643e-08,0.560336
120.22,6.19742e-06,3.49728e-08,0.560336
120.23,6.08905e-06,1.75501e-08,0.560336
120.24,5.91535e-06,2.14065e-08,0.560336
120.25,5.72496e-06,2.48947e-08,0.560336
120.26,5.51913e-06,2.80494e-08,0.560335
120.27,5.29907e-06,3.09023e-08,0.560335
120.28,5.06588e-06,3.34822e-08,0.560335
120.29,4.82057e-06,3.58157e-08,0.560335
120.3,4.56412e-06,3.7926e-08,0.560335
120.31,4.29748e-06,3.97885e-08,0.560335
120.32,4.02186e-06,4.11527e-08,0.560335
120.33,3.73821e-06,4.21878e-08,0.560334
120.34,3.44737e-06,4.31342e-08,0.560334
120.35,3.15001e-06,4.39973e-08,0.560334
120.36,2.84673e-06,4.47827e-08,0.560334
120.37,2.53814e-06,4.54955e-08,0.560334
120.38,2.22481e-06,4.61397e-08,0.560334
120.39,1.90728e-06,4.67197e-08,0.560334
120.4,1.58609e-06,4.72385e-08,0.560334
120.41,1.26176e-06,4.77008e-08,0.560334
120.42,9.34771e-07,4.81089e-08,0.560334
120.43,6.05622e-07,4.84652e-08,0.560334
120.44,2.7478e-07,4.87729e-08,0.560334
120.45,-5.72944e-08,4.90348e-08,0.560333
120.46,-3.90152e-07,4.9252e-08,0.560333
120.47,-7.23352e-07,4.94265e-08,0.560333
120.48,-1.05646e-06,4.95597e-08,0.560333
120.49,-1.38906e-06,4.96529e-08,0.560333
120.5,-1.72073e-06,4.97068e-08,0.560333
120.51,-2.05105e-06,4.97219e-08,0.560333
120.52,-2.37963e-06,4.96986e-08,0.560333
120.53,-2.70604e-06,4.96358e-08,0.560333
120.54,-3.02991e-06,4.95335e-08,0.560333
120.55,-3.35082e-06,4.93904e-08,0.560333
120.56,-3.66838e-06,4.92046e-08,0.560333
120.57,-3.98218e-06,4.8973e-08,0.560334
120.58,-4.29183e-06,4.86924e-08,0.560334
120.59,-4.5969e-06,4.83577e-08,0.560334
120.6,-4.89698e-06,4.79627e-08,0.560334
120.61,-5.19161e-06,4.74985e-08,0.560334
120.62,-5.48033e-06,4.69539e-08,0.560334
120.63,-5.76264e-06,4.63141e-08,0.560334
120.64,-6.03795e-06,4.55568e-08,0.560334
120.65,-6.30562e-06,4.4652e-08,0.560334
120.66,-6.56483e-06,4.35535e-08,0.560334
120.67,-6.81454e-06,4.21905e-08,0.560334
120.68,-7.05325e-06,4.04422e-08,0.560334
120.69,-7.27775e-06,3.8252e-08,0.560335
120.7,-7.47211e-06,3.49562e-08,0.560335
120.71,-7.61831e-06,2.85259e-08,0.560335
120.72,-7.63937e-06,9.08943e-09,0.560335
120.73,-7.42994e-06,1.11446e-08,0.560335
120.74,-7.20381e-06,1.30036e-08,0.560335
120.75,-6.96209e-06,1.46852e-08,0.560336
120.76,-6.70605e-06,1.6045e-08,0.560336
120.77,-6.43714e-06,1.69354e-08,0.560336
120.78,-6.1565e-06,1.77444e-08,0.560336
120.79,-5.86495e-06,1.84948e-08,0.560336
120.8,-5.56324e-06,1.91899e-08,0.560336
120.81,-5.2521e-06,1.98323e-08,0.560337
120.82,-4.93223e-06,2.04256e-08,0.560337
120.83,-4.60428e-06,2.09721e-08,0.560337
120.84,-4.26889e-06,2.14739e-08,0.560337
120.85,-3.92667e-06,2.19344e-08,0.560337
120.86,-3.57822e-06,2.23554e-08,0.560337
120.87,-3.22412e-06,2.27387e-08,0.560337
120.88,-2.86492e-06,2.30866e-08,0.560337
120.89,-2.50116e-06,2.3401e-08,0.560337
120.9,-2.13339e-06,2.36832e-08,0.560338
120.91,-1.76212e-06,2.39352e-08,0.560338
120.92,-1.38785e-06,2.41577e-08,0.560338
120.93,-1.0111e-06,2.43527e-08,0.560338
120.94,-6.32357e-07,2.45211e-08,0.560338
120.95,-2.52103e-07,2.46637e-08,0.560338
120.96,1.29176e-07,2.47818e-08,0.560338
120.97,5.11004e-07,2.48758e-08,0.560338
120.98,8.92907e-07,2.49464e-08,0.560338
120.99,1.27441e-06,2.49943e-08,0.560338
121,1.65506e-06,2.50193e-08,0.560338
121.01,2.03436e-06,2.5022e-08,0.560338
121.02,2.41186e-06,2.50024e-08,0.560338
121.03,2.78707e-06,2.49601e-08,0.560338
121.04,3.15952e-06,2.48942e-08,0.560338
121.05,3.52872e-06,2.4804e-08,0.560338
121.06,3.89415e-06,2.46886e-08,0.560338
121.07,4.2553e-06,2.45461e-08,0.560338
121.08,4.61162e-06,2.43741e-08,0.560338
121.09,4.96253e-06,2.41699e-08,0.560338
121.1,5.30738e-06,2.39299e-08,0.560338
121.11,5.64547e-06,2.36481e-08,0.560338
121.12,5.97598e-06,2.33177e-08,0.560338
121.13,6.29794e-06,2.29292e-08,0.560338
121.14,6.61011e-06,2.24676e-08,0.560338
121.15,6.91082e-06,2.19116e-08,0.560337
121.16,7.19768e-06,2.12291e-08,0.560337
121.17,7.46699e-06,2.06068e-08,0.560337
121.18,7.70158e-06,2.00081e-08,0.560337
121.19,7.8803e-06,1.83259e-08,0.560337
121.2,7.95956e-06,1.31579e-08,0.560337
121.21,7.8208e-06,1.20726e-08,0.560337
121.22,7.6487e-06,1.48217e-08,0.560337
121.23,7.46219e-06,1.73863e-08,0.560336
121.24,7.26219e-06,1.97765e-08,0.560336
121.25,7.04957e-06,2.2002e-08,0.560336
121.26,6.82514e-06,2.40725e-08,0.560336
121.27,6.58966e-06,2.59969e-08,0.560336
121.28,6.34386e-06,2.77841e-08,0.560336
121.29,6.0884e-06,2.94417e-08,0.560335
121.3,5.82395e-06,3.09774e-08,0.560335
121.31,5.5511e-06,3.2398e-08,0.560335
121.32,5.27044e-06,3.37104e-08,0.560335
121.33,4.98254e-06,3.49212e-08,0.560335
121.34,4.68793e-06,3.6036e-08,0.560335
121.35,4.38713e-06,3.70601e-08,0.560335
121.36,4.08065e-06,3.79988e-08,0.560335
121.37,3.76896e-06,3.88573e-08,0.560334
121.38,3.45254e-06,3.96398e-08,0.560334
121.39,3.13185e-06,4.03503e-08,0.560334
121.4,2.80735e-06,4.09929e-08,0.560334
121.41,2.47946e-06,4.15712e-08,0.560334
121.42,2.14863e-06,4.20888e-08,0.560334
121.43,1.81527e-06,4.2548e-08,0.560334
121.44,1.47982e-06,4.29522e-08,0.560334
121.45,1.14267e-06,4.3303e-08,0.560334
121.46,8.04247e-07,4.36029e-08,0.560334
121.47,4.64953e-07,4.3854e-08,0.560334
121.48,1.25193e-07,4.40576e-08,0.560334
121.49,-2.1463e-07,4.42154e-08,0.560334
121.5,-5.54112e-07,4.43277e-08,0.560334
121.51,-8.9285e-07,4.43955e-08,0.560334
121.52,-1.23044e-06,4.44187e-08,0.560334
121.53,-1.56646e-06,4.43975e-08,0.560334
121.54,-1.9005e-06,4.43303e-08,0.560334
121.55,-2.23214e-06,4.42165e-08,0.560334
121.56,-2.56094e-06,4.40535e-08,0.560334
121.57,-2.88643e-06,4.38389e-08,0.560334
121.58,-3.20813e-06,4.35685e-08,0.560334
121.59,-3.52554e-06,4.32363e-08,0.560334
121.6,-3.83807e-06,4.28345e-08,0.560334
121.61,-4.14511e-06,4.23533e-08,0.560334
121.62,-4.44589e-06,4.17776e-08,0.560334
121.63,-4.73951e-06,4.10877e-08,0.560334
121.64,-5.0248e-06,4.02539e-08,0.560334
121.65,-5.30012e-06,3.92306e-08,0.560334
121.66,-5.56297e-06,3.79434e-08,0.560334
121.67,-5.80579e-06,3.69125e-08,0.560334
121.68,-6.00852e-06,3.50501e-08,0.560335
121.69,-6.14708e-06,2.97753e-08,0.560335
121.7,-6.12664e-06,2.153e-08,0.560335
121.71,-6.02926e-06,2.66887e-08,0.560335
121.72,-5.91911e-06,3.1532e-08,0.560335
121.73,-5.79701e-06,3.60752e-08,0.560335
121.74,-5.66374e-06,4.03336e-08,0.560335
121.75,-5.52002e-06,4.43221e-08,0.560336
121.76,-5.36651e-06,4.80547e-08,0.560336
121.77,-5.20384e-06,5.15442e-08,0.560336
121.78,-5.03259e-06,5.48035e-08,0.560336
121.79,-4.85332e-06,5.78444e-08,0.560336
121.8,-4.66654e-06,6.06783e-08,0.560336
121.81,-4.47274e-06,6.33162e-08,0.560336
121.82,-4.2724e-06,6.57687e-08,0.560337
121.83,-4.06594e-06,6.8045e-08,0.560337
121.84,-3.85381e-06,7.0155e-08,0.560337
121.85,-3.6364e-06,7.21073e-08,0.560337
121.86,-3.4141e-06,7.39103e-08,0.560337
121.87,-3.18729e-06,7.55721e-08,0.560337
121.88,-2.95633e-06,7.70996e-08,0.560337
121.89,-2.72158e-06,7.85003e-08,0.560337
121.9,-2.48337e-06,7.9781e-08,0.560337
121.91,-2.24205e-06,8.09475e-08,0.560337
121.92,-1.99794e-06,8.20059e-08,0.560337
121.93,-1.75135e-06,8.2961e-08,0.560337
121.94,-1.50261e-06,8.38181e-08,0.560337
121.95,-1.25201e-06,8.45829e-08,0.560338
121.96,-9.99866e-07,8.52587e-08,0.560338
121.97,-7.46472e-07,8.58502e-08,0.560338
121.98,-4.92121e-07,8.63605e-08,0.560338
121.99,-2.37106e-07,8.67929e-08,0.560338
122,1.82863e-08,8.71509e-08,0.560338
122.01,2.7377e-07,8.74366e-08,0.560338
122.02,5.29064e-07,8.76526e-08,0.560338
122.03,7.83886e-07,8.78009e-08,0.560338
122.04,1.03796e-06,8.78826e-08,0.560338
122.05,1.291e-06,8.78994e-08,0.560338
122.06,1.54274e-06,8.7852e-08,0.560338
122.07,1.79291e-06,8.77402e-08,0.560338
122.08,2.04122e-06,8.75646e-08,0.560338
122.09,2.28741e-06,8.73243e-08,0.560338
122.1,2.53119e-06,8.70174e-08,0.560338
122.11,2.7723e-06,8.66427e-08,0.560338
122.12,3.01045e-06,8.61967e-08,0.560337
122.13,3.24536e-06,8.56762e-08,0.560337
122.14,3.47676e-06,8.5076e-08,0.560337
122.15,3.70434e-06,8.43895e-08,0.560337
122.16,3.92782e-06,8.36086e-08,0.560337
122.17,4.14687e-06,8.27229e-08,0.560337
122.18,4.36118e-06,8.17192e-08,0.560337
122.19,4.5704e-06,8.05793e-08,0.560337
122.2,4.77414e-06,7.92811e-08,0.560337
122.21,4.972e-06,7.77958e-08,0.560337
122.22,5.16358e-06,7.61613e-08,0.560337
122.23,5.34835e-06,7.43523e-08,0.560337
122.24,5.52559e-06,7.22596e-08,0.560337
122.25,5.6943e-06,6.97202e-08,0.560336
122.26,5.85309e-06,6.64688e-08,0.560336
122.27,5.9997e-06,6.20859e-08,0.560336
122.28,6.1191e-06,5.56323e-08,0.560336
122.29,6.19025e-06,4.40435e-08,0.560336
122.3,6.16371e-06,1.70493e-08,0.560336
122.31,5.99912e-06,1.97849e-08,0.560336
122.32,5.81644e-06,2.3428e-08,0.560335
122.33,5.61774e-06,2.6723e-08,0.560335
122.34,5.40425e-06,2.97026e-08,0.560335
122.35,5.17712e-06,3.23973e-08,0.560335
122.36,4.9374e-06,3.48344e-08,0.560335
122.37,4.68609e-06,3.70386e-08,0.560335
122.38,4.42411e-06,3.90317e-08,0.560334
122.39,4.15261e-06,4.06408e-08,0.560334
122.4,3.87262e-06,4.17723e-08,0.560334
122.41,3.58509e-06,4.27547e-08,0.560334
122.42,3.29072e-06,4.36523e-08,0.560334
122.43,2.99016e-06,4.44699e-08,0.560334
122.44,2.684e-06,4.52129e-08,0.560334
122.45,2.37284e-06,4.58854e-08,0.560334
122.46,2.05722e-06,4.64918e-08,0.560334
122.47,1.73769e-06,4.70364e-08,0.560334
122.48,1.41478e-06,4.75222e-08,0.560333
122.49,1.08898e-06,4.79528e-08,0.560333
122.5,7.60798e-07,4.83308e-08,0.560333
122.51,4.30697e-07,4.86592e-08,0.560333
122.52,9.9148e-08,4.89408e-08,0.560333
122.53,-2.33395e-07,4.91774e-08,0.560333
122.54,-5.66486e-07,4.93705e-08,0.560333
122.55,-8.99691e-07,4.95212e-08,0.560333
122.56,-1.23258e-06,4.96317e-08,0.560333
122.57,-1.56474e-06,4.97026e-08,0.560333
122.58,-1.89574e-06,4.97346e-08,0.560333
122.59,-2.22519e-06,4.97278e-08,0.560333
122.6,-2.55267e-06,4.96825e-08,0.560333
122.61,-2.87779e-06,4.9598e-08,0.560333
122.62,-3.20014e-06,4.94732e-08,0.560333
122.63,-3.51933e-06,4.93069e-08,0.560333
122.64,-3.83495e-06,4.90961e-08,0.560333
122.65,-4.1466e-06,4.88381e-08,0.560333
122.66,-4.45388e-06,4.8529e-08,0.560333
122.67,-4.75636e-06,4.81625e-08,0.560333
122.68,-5.05361e-06,4.77318e-08,0.560334
122.69,-5.34518e-06,4.72266e-08,0.560334
122.7,-5.63057e-06,4.66336e-08,0.560334
122.71,-5.90925e-06,4.59342e-08,0.560334
122.72,-6.18061e-06,4.51031e-08,0.560334
122.73,-6.44391e-06,4.41021e-08,0.560334
122.74,-6.69825e-06,4.28737e-08,0.560334
122.75,-6.94236e-06,4.13265e-08,0.560334
122.76,-7.17439e-06,3.92953e-08,0.560334
122.77,-7.38539e-06,3.67622e-08,0.560334
122.78,-7.55716e-06,3.21557e-08,0.560334
122.79,-7.66205e-06,2.20237e-08,0.560335
122.8,-7.52931e-06,1.00631e-08,0.560335
122.81,-7.31103e-06,1.20251e-08,0.560335
122.82,-7.07663e-06,1.37997e-08,0.560335
122.83,-6.82724e-06,1.53753e-08,0.560335
122.84,-6.56434e-06,1.64323e-08,0.560336
122.85,-6.28921e-06,1.72766e-08,0.560336
122.86,-6.00278e-06,1.80602e-08,0.560336
122.87,-5.70584e-06,1.87866e-08,0.560336
122.88,-5.39913e-06,1.94591e-08,0.560336
122.89,-5.08334e-06,2.00806e-08,0.560336
122.9,-4.75917e-06,2.06533e-08,0.560337
122.91,-4.42725e-06,2.11803e-08,0.560337
122.92,-4.08822e-06,2.16647e-08,0.560337
122.93,-3.74267e-06,2.2108e-08,0.560337
122.94,-3.3912e-06,2.25125e-08,0.560337
122.95,-3.03436e-06,2.28803e-08,0.560337
122.96,-2.67271e-06,2.32132e-08,0.560337
122.97,-2.30679e-06,2.3513e-08,0.560337
122.98,-1.93713e-06,2.3782e-08,0.560337
122.99,-1.56423e-06,2.40213e-08,0.560337
123,-1.1886e-06,2.4232e-08,0.560338
123.01,-8.10751e-07,2.4415e-08,0.560338
123.02,-4.31162e-07,2.4572e-08,0.560338
123.03,-5.03189e-08,2.47036e-08,0.560338
123.04,3.31298e-07,2.48109e-08,0.560338
123.05,7.13214e-07,2.48941e-08,0.560338
123.06,1.09496e-06,2.49541e-08,0.560338
123.07,1.47606e-06,2.49916e-08,0.560338
123.08,1.85604e-06,2.50065e-08,0.560338
123.09,2.23445e-06,2.49985e-08,0.560338
123.1,2.61079e-06,2.49684e-08,0.560338
123.11,2.9846e-06,2.49149e-08,0.560338
123.12,3.35538e-06,2.48374e-08,0.560338
123.13,3.72264e-06,2.47349e-08,0.560338
123.14,4.08587e-06,2.46063e-08,0.560338
123.15,4.44454e-06,2.44495e-08,0.560338
123.16,4.79806e-06,2.42621e-08,0.560338
123.17,5.14585e-06,2.40404e-08,0.560338
123.18,5.48721e-06,2.37797e-08,0.560338
123.19,5.8214e-06,2.3474e-08,0.560338
123.2,6.14752e-06,2.31149e-08,0.560337
123.21,6.46447e-06,2.26906e-08,0.560337
123.22,6.77082e-06,2.21828e-08,0.560337
123.23,7.06457e-06,2.15658e-08,0.560337
123.24,7.34275e-06,2.08493e-08,0.560337
123.25,7.59695e-06,2.03827e-08,0.560337
123.26,7.80466e-06,1.93151e-08,0.560337
123.27,7.9409e-06,1.64609e-08,0.560337
123.28,7.89628e-06,1.03601e-08,0.560337
123.29,7.73134e-06,1.32233e-08,0.560336
123.3,7.55151e-06,1.5895e-08,0.560336
123.31,7.35777e-06,1.83864e-08,0.560336
123.32,7.151e-06,2.07071e-08,0.560336
123.33,6.93205e-06,2.28675e-08,0.560336
123.34,6.7017e-06,2.48764e-08,0.560336
123.35,6.46068e-06,2.67431e-08,0.560335
123.36,6.2097e-06,2.84751e-08,0.560335
123.37,5.94942e-06,3.00808e-08,0.560335
123.38,5.68046e-06,3.15676e-08,0.560335
123.39,5.40341e-06,3.29422e-08,0.560335
123.4,5.11886e-06,3.42115e-08,0.560335
123.41,4.82735e-06,3.53813e-08,0.560335
123.42,4.52941e-06,3.64573e-08,0.560335
123.43,4.22555e-06,3.74448e-08,0.560334
123.44,3.91626e-06,3.83492e-08,0.560334
123.45,3.60201e-06,3.91753e-08,0.560334
123.46,3.28328e-06,3.99272e-08,0.560334
123.47,2.96052e-06,4.06082e-08,0.560334
123.48,2.63418e-06,4.12229e-08,0.560334
123.49,2.30468e-06,4.17746e-08,0.560334
123.5,1.97247e-06,4.22665e-08,0.560334
123.51,1.63795e-06,4.27015e-08,0.560334
123.52,1.30155e-06,4.30818e-08,0.560334
123.53,9.63679e-07,4.34102e-08,0.560334
123.54,6.24747e-07,4.36887e-08,0.560334
123.55,2.85157e-07,4.39188e-08,0.560334
123.56,-5.46846e-08,4.41019e-08,0.560334
123.57,-3.94376e-07,4.42389e-08,0.560334
123.58,-7.33513e-07,4.43308e-08,0.560334
123.59,-1.07169e-06,4.43785e-08,0.560334
123.6,-1.4085e-06,4.43809e-08,0.560334
123.61,-1.74353e-06,4.43383e-08,0.560334
123.62,-2.07635e-06,4.42493e-08,0.560334
123.63,-2.40654e-06,4.41123e-08,0.560334
123.64,-2.73364e-06,4.39245e-08,0.560334
123.65,-3.05719e-06,4.36828e-08,0.560334
123.66,-3.37669e-06,4.33821e-08,0.560334
123.67,-3.69159e-06,4.30153e-08,0.560334
123.68,-4.0013e-06,4.25747e-08,0.560334
123.69,-4.30512e-06,4.2047e-08,0.560334
123.7,-4.60224e-06,4.14153e-08,0.560334
123.71,-4.89162e-06,4.06551e-08,0.560334
123.72,-5.17188e-06,3.97292e-08,0.560334
123.73,-5.441e-06,3.85798e-08,0.560334
123.74,-5.69543e-06,3.73148e-08,0.560334
123.75,-5.91914e-06,3.61417e-08,0.560334
123.76,-6.09262e-06,3.30078e-08,0.560334
123.77,-6.16553e-06,2.07807e-08,0.560335
123.78,-6.07716e-06,2.39035e-08,0.560335
123.79,-5.97287e-06,2.89168e-08,0.560335
123.8,-5.85626e-06,3.36216e-08,0.560335
123.81,-5.72813e-06,3.80337e-08,0.560335
123.82,-5.58921e-06,4.21676e-08,0.560335
123.83,-5.4402e-06,4.60382e-08,0.560336
123.84,-5.28174e-06,4.9658e-08,0.560336
123.85,-5.11444e-06,5.30406e-08,0.560336
123.86,-4.93887e-06,5.61983e-08,0.560336
123.87,-4.75554e-06,5.9143e-08,0.560336
123.88,-4.56497e-06,6.18859e-08,0.560336
123.89,-4.36764e-06,6.44376e-08,0.560336
123.9,-4.164e-06,6.68084e-08,0.560336
123.91,-3.95447e-06,6.90075e-08,0.560336
123.92,-3.73949e-06,7.1044e-08,0.560337
123.93,-3.51943e-06,7.2927e-08,0.560337
123.94,-3.29469e-06,7.46642e-08,0.560337
123.95,-3.06563e-06,7.62633e-08,0.560337
123.96,-2.83261e-06,7.77318e-08,0.560337
123.97,-2.59599e-06,7.90763e-08,0.560337
123.98,-2.35608e-06,8.03034e-08,0.560337
123.99,-2.11324e-06,8.1419e-08,0.560337
124,-1.86777e-06,8.2429e-08,0.560337
124.01,-1.62e-06,8.33382e-08,0.560337
124.02,-1.37024e-06,8.41521e-08,0.560337
124.03,-1.11878e-06,8.48747e-08,0.560337
124.04,-8.65934e-07,8.55106e-08,0.560337
124.05,-6.11994e-07,8.60633e-08,0.560337
124.06,-3.57253e-07,8.65368e-08,0.560337
124.07,-1.02e-07,8.69336e-08,0.560337
124.08,1.53479e-07,8.72573e-08,0.560337
124.09,4.08899e-07,8.75099e-08,0.560337
124.1,6.6398e-07,8.76932e-08,0.560337
124.11,9.18441e-07,8.78093e-08,0.560337
124.12,1.17201e-06,8.786e-08,0.560337
124.13,1.4244e-06,8.78455e-08,0.560337
124.14,1.67534e-06,8.77668e-08,0.560337
124.15,1.92456e-06,8.7624e-08,0.560337
124.16,2.17178e-06,8.74164e-08,0.560337
124.17,2.41673e-06,8.71434e-08,0.560337
124.18,2.65913e-06,8.68032e-08,0.560337
124.19,2.89871e-06,8.63933e-08,0.560337
124.2,3.13518e-06,8.59106e-08,0.560337
124.21,3.36827e-06,8.53501e-08,0.560337
124.22,3.59769e-06,8.47065e-08,0.560337
124.23,3.82314e-06,8.39723e-08,0.560337
124.24,4.04432e-06,8.31388e-08,0.560337
124.25,4.2609e-06,8.21934e-08,0.560337
124.26,4.47256e-06,8.11214e-08,0.560337
124.27,4.67893e-06,7.99025e-08,0.560337
124.28,4.87961e-06,7.85101e-08,0.560337
124.29,5.07419e-06,7.6938e-08,0.560337
124.3,5.26225e-06,7.52229e-08,0.560336
124.31,5.44314e-06,7.32811e-08,0.560336
124.32,5.61601e-06,7.09781e-08,0.560336
124.33,5.77968e-06,6.81051e-08,0.560336
124.34,5.93241e-06,6.43086e-08,0.560336
124.35,6.06776e-06,5.91029e-08,0.560336
124.36,6.16426e-06,5.03904e-08,0.560336
124.37,6.19651e-06,3.354e-08,0.560336
124.38,6.07912e-06,1.85084e-08,0.560335
124.39,5.90443e-06,2.2274e-08,0.560335
124.4,5.71312e-06,2.56792e-08,0.560335
124.41,5.50646e-06,2.8759e-08,0.560335
124.42,5.28562e-06,3.15443e-08,0.560335
124.43,5.0517e-06,3.40631e-08,0.560335
124.44,4.80574e-06,3.6341e-08,0.560335
124.45,4.54867e-06,3.84013e-08,0.560334
124.46,4.28149e-06,4.02089e-08,0.560334
124.47,4.00539e-06,4.15148e-08,0.560334
124.48,3.7213e-06,4.25221e-08,0.560334
124.49,3.43008e-06,4.34428e-08,0.560334
124.5,3.13236e-06,4.42824e-08,0.560334
124.51,2.82876e-06,4.50455e-08,0.560334
124.52,2.51989e-06,4.57379e-08,0.560334
124.53,2.2063e-06,4.63631e-08,0.560333
124.54,1.88855e-06,4.69252e-08,0.560333
124.55,1.56717e-06,4.74278e-08,0.560333
124.56,1.24267e-06,4.78744e-08,0.560333
124.57,9.15549e-07,4.8268e-08,0.560333
124.58,5.86292e-07,4.86112e-08,0.560333
124.59,2.55369e-07,4.89067e-08,0.560333
124.6,-7.67598e-08,4.91567e-08,0.560333
124.61,-4.09647e-07,4.93632e-08,0.560333
124.62,-7.42851e-07,4.95272e-08,0.560333
124.63,-1.07594e-06,4.96508e-08,0.560333
124.64,-1.40849e-06,4.97349e-08,0.560333
124.65,-1.74009e-06,4.97803e-08,0.560333
124.66,-2.07032e-06,4.97876e-08,0.560333
124.67,-2.39878e-06,4.97566e-08,0.560333
124.68,-2.72506e-06,4.96866e-08,0.560333
124.69,-3.04876e-06,4.95771e-08,0.560333
124.7,-3.36949e-06,4.9427e-08,0.560333
124.71,-3.68684e-06,4.92346e-08,0.560333
124.72,-4.00041e-06,4.89968e-08,0.560333
124.73,-4.3098e-06,4.87097e-08,0.560333
124.74,-4.61459e-06,4.83685e-08,0.560333
124.75,-4.91436e-06,4.79664e-08,0.560333
124.76,-5.20866e-06,4.74953e-08,0.560333
124.77,-5.49702e-06,4.69436e-08,0.560333
124.78,-5.77893e-06,4.6295e-08,0.560333
124.79,-6.05382e-06,4.55281e-08,0.560334
124.8,-6.32101e-06,4.46113e-08,0.560334
124.81,-6.5797e-06,4.34983e-08,0.560334
124.82,-6.82881e-06,4.21151e-08,0.560334
124.83,-7.06682e-06,4.03383e-08,0.560334
124.84,-7.29012e-06,3.81196e-08,0.560334
124.85,-7.48221e-06,3.47017e-08,0.560334
124.86,-7.62469e-06,2.79765e-08,0.560334
124.87,-7.62846e-06,8.5601e-09,0.560335
124.88,-7.41795e-06,1.06662e-08,0.560335
124.89,-7.1908e-06,1.25706e-08,0.560335
124.9,-6.94814e-06,1.42929e-08,0.560335
124.91,-6.69126e-06,1.56574e-08,0.560335
124.92,-6.42159e-06,1.65667e-08,0.560336
124.93,-6.14025e-06,1.73992e-08,0.560336
124.94,-5.84804e-06,1.8172e-08,0.560336
124.95,-5.54573e-06,1.88878e-08,0.560336
124.96,-5.23403e-06,1.95501e-08,0.560336
124.97,-4.91363e-06,2.01615e-08,0.560336
124.98,-4.5852e-06,2.07252e-08,0.560336
124.99,-4.24937e-06,2.12437e-08,0.560337
125,-3.90675e-06,2.17194e-08,0.560337
125.01,-3.55793e-06,2.21545e-08,0.560337
125.02,-3.2035e-06,2.25514e-08,0.560337
125.03,-2.844e-06,2.29119e-08,0.560337
125.04,-2.47998e-06,2.32381e-08,0.560337
125.05,-2.11197e-06,2.35312e-08,0.560337
125.06,-1.74049e-06,2.37931e-08,0.560337
125.07,-1.36606e-06,2.40254e-08,0.560337
125.08,-9.89164e-07,2.42294e-08,0.560337
125.09,-6.10305e-07,2.4406e-08,0.560337
125.1,-2.29968e-07,2.45563e-08,0.560337
125.11,1.51366e-07,2.46813e-08,0.560337
125.12,5.3322e-07,2.4782e-08,0.560338
125.13,9.15122e-07,2.48588e-08,0.560338
125.14,1.2966e-06,2.49122e-08,0.560338
125.15,1.67718e-06,2.49429e-08,0.560338
125.16,2.0564e-06,2.49496e-08,0.560338
125.17,2.43379e-06,2.49344e-08,0.560338
125.18,2.80886e-06,2.48957e-08,0.560338
125.19,3.18114e-06,2.48336e-08,0.560338
125.2,3.55013e-06,2.47469e-08,0.560338
125.21,3.91533e-06,2.46341e-08,0.560338
125.22,4.27622e-06,2.44941e-08,0.560338
125.23,4.63225e-06,2.43241e-08,0.560337
125.24,4.98282e-06,2.41219e-08,0.560337
125.25,5.3273e-06,2.38822e-08,0.560337
125.26,5.66497e-06,2.36007e-08,0.560337
125.27,5.99502e-06,2.32701e-08,0.560337
125.28,6.31644e-06,2.28802e-08,0.560337
125.29,6.62799e-06,2.24163e-08,0.560337
125.3,6.92798e-06,2.18565e-08,0.560337
125.31,7.21392e-06,2.11673e-08,0.560337
125.32,7.48191e-06,2.05658e-08,0.560337
125.33,7.71376e-06,1.9927e-08,0.560337
125.34,7.88842e-06,1.81512e-08,0.560337
125.35,7.95788e-06,1.24662e-08,0.560337
125.36,7.81138e-06,1.17563e-08,0.560336
125.37,7.63839e-06,1.45264e-08,0.560336
125.38,7.45104e-06,1.71102e-08,0.560336
125.39,7.25026e-06,1.95182e-08,0.560336
125.4,7.03691e-06,2.17606e-08,0.560336
125.41,6.8118e-06,2.38472e-08,0.560335
125.42,6.57569e-06,2.57866e-08,0.560335
125.43,6.32929e-06,2.75871e-08,0.560335
125.44,6.07328e-06,2.92575e-08,0.560335
125.45,5.80831e-06,3.08052e-08,0.560335
125.46,5.53498e-06,3.22372e-08,0.560335
125.47,5.25388e-06,3.35602e-08,0.560335
125.48,4.96556e-06,3.47805e-08,0.560334
125.49,4.67057e-06,3.59043e-08,0.560334
125.5,4.36942e-06,3.69369e-08,0.560334
125.51,4.06261e-06,3.78834e-08,0.560334
125.52,3.75063e-06,3.87491e-08,0.560334
125.53,3.43395e-06,3.95383e-08,0.560334
125.54,3.11302e-06,4.02556e-08,0.560334
125.55,2.7883e-06,4.09042e-08,0.560334
125.56,2.46023e-06,4.14881e-08,0.560334
125.57,2.12923e-06,4.20105e-08,0.560334
125.58,1.79574e-06,4.24746e-08,0.560334
125.59,1.46017e-06,4.28829e-08,0.560334
125.6,1.12294e-06,4.32376e-08,0.560333
125.61,7.84453e-07,4.35409e-08,0.560333
125.62,4.45119e-07,4.37951e-08,0.560333
125.63,1.05343e-07,4.40017e-08,0.560333
125.64,-2.34472e-07,4.41619e-08,0.560333
125.65,-5.73923e-07,4.42765e-08,0.560333
125.66,-9.12606e-07,4.43459e-08,0.560333
125.67,-1.25011e-06,4.43708e-08,0.560333
125.68,-1.58603e-06,4.43507e-08,0.560333
125.69,-1.91995e-06,4.42849e-08,0.560333
125.7,-2.25143e-06,4.41716e-08,0.560333
125.71,-2.58005e-06,4.4009e-08,0.560333
125.72,-2.90533e-06,4.37941e-08,0.560333
125.73,-3.2268e-06,4.35225e-08,0.560333
125.74,-3.54394e-06,4.3189e-08,0.560333
125.75,-3.85617e-06,4.27855e-08,0.560334
125.76,-4.16286e-06,4.23007e-08,0.560334
125.77,-4.46325e-06,4.17217e-08,0.560334
125.78,-4.75642e-06,4.10263e-08,0.560334
125.79,-5.04118e-06,4.0184e-08,0.560334
125.8,-5.31585e-06,3.91492e-08,0.560334
125.81,-5.57787e-06,3.78452e-08,0.560334
125.82,-5.8189e-06,3.68399e-08,0.560334
125.83,-6.01874e-06,3.48706e-08,0.560334
125.84,-6.15199e-06,2.91987e-08,0.560334
125.85,-6.1215e-06,2.11221e-08,0.560334
125.86,-6.02333e-06,2.63047e-08,0.560335
125.87,-5.91244e-06,3.11702e-08,0.560335
125.88,-5.78966e-06,3.57348e-08,0.560335
125.89,-5.65574e-06,4.00135e-08,0.560335
125.9,-5.51142e-06,4.40208e-08,0.560335
125.91,-5.35735e-06,4.77708e-08,0.560335
125.92,-5.19415e-06,5.12768e-08,0.560335
125.93,-5.02241e-06,5.45514e-08,0.560336
125.94,-4.84268e-06,5.76069e-08,0.560336
125.95,-4.65547e-06,6.04542e-08,0.560336
125.96,-4.46127e-06,6.31048e-08,0.560336
125.97,-4.26055e-06,6.5569e-08,0.560336
125.98,-4.05375e-06,6.78572e-08,0.560336
125.99,-3.84129e-06,6.99781e-08,0.560336
126,-3.62358e-06,7.19404e-08,0.560336
126.01,-3.401e-06,7.37525e-08,0.560337
126.02,-3.17393e-06,7.54231e-08,0.560337
126.03,-2.94274e-06,7.6959e-08,0.560337
126.04,-2.70777e-06,7.83673e-08,0.560337
126.05,-2.46937e-06,7.96548e-08,0.560337
126.06,-2.22788e-06,8.08277e-08,0.560337
126.07,-1.98361e-06,8.18921e-08,0.560337
126.08,-1.73689e-06,8.28534e-08,0.560337
126.09,-1.48802e-06,8.37159e-08,0.560337
126.1,-1.23733e-06,8.44853e-08,0.560337
126.11,-9.85101e-07,8.51654e-08,0.560337
126.12,-7.31642e-07,8.57608e-08,0.560337
126.13,-4.77243e-07,8.62746e-08,0.560337
126.14,-2.22197e-07,8.67103e-08,0.560337
126.15,3.32092e-08,8.70711e-08,0.560337
126.16,2.88691e-07,8.73595e-08,0.560337
126.17,5.43965e-07,8.75783e-08,0.560337
126.18,7.98752e-07,8.77289e-08,0.560337
126.19,1.05277e-06,8.78126e-08,0.560337
126.2,1.30575e-06,8.78308e-08,0.560337
126.21,1.55741e-06,8.77844e-08,0.560337
126.22,1.80747e-06,8.76738e-08,0.560337
126.23,2.05567e-06,8.74984e-08,0.560337
126.24,2.30172e-06,8.72581e-08,0.560337
126.25,2.54535e-06,8.69514e-08,0.560337
126.26,2.78629e-06,8.6576e-08,0.560337
126.27,3.02427e-06,8.61291e-08,0.560337
126.28,3.25898e-06,8.56074e-08,0.560337
126.29,3.49017e-06,8.50051e-08,0.560337
126.3,3.71752e-06,8.4316e-08,0.560337
126.31,3.94075e-06,8.35318e-08,0.560337
126.32,4.15953e-06,8.2642e-08,0.560337
126.33,4.37355e-06,8.16332e-08,0.560337
126.34,4.58246e-06,8.0487e-08,0.560337
126.35,4.78587e-06,7.91808e-08,0.560336
126.36,4.98337e-06,7.76865e-08,0.560336
126.37,5.17457e-06,7.60459e-08,0.560336
126.38,5.35893e-06,7.42253e-08,0.560336
126.39,5.53569e-06,7.21132e-08,0.560336
126.4,5.70387e-06,6.95418e-08,0.560336
126.41,5.86202e-06,6.62389e-08,0.560336
126.42,6.0077e-06,6.17907e-08,0.560336
126.43,6.12478e-06,5.51237e-08,0.560336
126.44,6.19232e-06,4.30932e-08,0.560335
126.45,6.15549e-06,1.60115e-08,0.560335
126.46,5.98907e-06,2.00155e-08,0.560335
126.47,5.8054e-06,2.36366e-08,0.560335
126.48,5.60579e-06,2.69114e-08,0.560335
126.49,5.39146e-06,2.98733e-08,0.560335
126.5,5.16355e-06,3.2552e-08,0.560335
126.51,4.92312e-06,3.49743e-08,0.560334
126.52,4.67115e-06,3.7165e-08,0.560334
126.53,4.40857e-06,3.91452e-08,0.560334
126.54,4.13654e-06,4.07229e-08,0.560334
126.55,3.85608e-06,4.1837e-08,0.560334
126.56,3.56812e-06,4.28141e-08,0.560334
126.57,3.27337e-06,4.37064e-08,0.560334
126.58,2.97246e-06,4.45196e-08,0.560333
126.59,2.66599e-06,4.52577e-08,0.560333
126.6,2.35454e-06,4.59258e-08,0.560333
126.61,2.03868e-06,4.65284e-08,0.560333
126.62,1.71893e-06,4.70691e-08,0.560333
126.63,1.39584e-06,4.75516e-08,0.560333
126.64,1.06988e-06,4.79788e-08,0.560333
126.65,7.41569e-07,4.8354e-08,0.560333
126.66,4.11369e-07,4.86798e-08,0.560333
126.67,7.97482e-08,4.89583e-08,0.560333
126.68,-2.5284e-07,4.91917e-08,0.560333
126.69,-5.85952e-07,4.9382e-08,0.560333
126.7,-9.19151e-07,4.95301e-08,0.560333
126.71,-1.25201e-06,4.96381e-08,0.560333
126.72,-1.58411e-06,4.97063e-08,0.560333
126.73,-1.91504e-06,4.97358e-08,0.560333
126.74,-2.24438e-06,4.97268e-08,0.560333
126.75,-2.57174e-06,4.9679e-08,0.560333
126.76,-2.89671e-06,4.95921e-08,0.560333
126.77,-3.21888e-06,4.9465e-08,0.560333
126.78,-3.53787e-06,4.92961e-08,0.560333
126.79,-3.85327e-06,4.90828e-08,0.560333
126.8,-4.16468e-06,4.88222e-08,0.560333
126.81,-4.47169e-06,4.85096e-08,0.560333
126.82,-4.77388e-06,4.81397e-08,0.560333
126.83,-5.07081e-06,4.77049e-08,0.560333
126.84,-5.36203e-06,4.71949e-08,0.560333
126.85,-5.64705e-06,4.6596e-08,0.560333
126.86,-5.92532e-06,4.58897e-08,0.560333
126.87,-6.19623e-06,4.50498e-08,0.560333
126.88,-6.45903e-06,4.40377e-08,0.560334
126.89,-6.71281e-06,4.2794e-08,0.560334
126.9,-6.95628e-06,4.12239e-08,0.560334
126.91,-7.18751e-06,3.91563e-08,0.560334
126.92,-7.39665e-06,3.65628e-08,0.560334
126.93,-7.56558e-06,3.17742e-08,0.560334
126.94,-7.66431e-06,2.09693e-08,0.560334
126.95,-7.51962e-06,9.68764e-09,0.560334
126.96,-7.30012e-06,1.16857e-08,0.560335
126.97,-7.06459e-06,1.34924e-08,0.560335
126.98,-6.81417e-06,1.50848e-08,0.560335
126.99,-6.55033e-06,1.6145e-08,0.560335
127,-6.27435e-06,1.70076e-08,0.560335
127.01,-5.98713e-06,1.78086e-08,0.560336
127.02,-5.68946e-06,1.85514e-08,0.560336
127.03,-5.38207e-06,1.9239e-08,0.560336
127.04,-5.06567e-06,1.98745e-08,0.560336
127.05,-4.74092e-06,2.04611e-08,0.560336
127.06,-4.40848e-06,2.10006e-08,0.560336
127.07,-4.06897e-06,2.14967e-08,0.560336
127.08,-3.72298e-06,2.19513e-08,0.560337
127.09,-3.37111e-06,2.2366e-08,0.560337
127.1,-3.01392e-06,2.27436e-08,0.560337
127.11,-2.65195e-06,2.30859e-08,0.560337
127.12,-2.28574e-06,2.33944e-08,0.560337
127.13,-1.91583e-06,2.36711e-08,0.560337
127.14,-1.54272e-06,2.39171e-08,0.560337
127.15,-1.16691e-06,2.41341e-08,0.560337
127.16,-7.88914e-07,2.43234e-08,0.560337
127.17,-4.09209e-07,2.4486e-08,0.560337
127.18,-2.82801e-08,2.46231e-08,0.560337
127.19,3.53392e-07,2.47353e-08,0.560337
127.2,7.35333e-07,2.4823e-08,0.560337
127.21,1.11707e-06,2.48876e-08,0.560337
127.22,1.49814e-06,2.49289e-08,0.560337
127.23,1.87806e-06,2.49475e-08,0.560337
127.24,2.25637e-06,2.49429e-08,0.560337
127.25,2.63259e-06,2.49153e-08,0.560337
127.26,3.00625e-06,2.48647e-08,0.560337
127.27,3.37685e-06,2.47896e-08,0.560337
127.28,3.7439e-06,2.46895e-08,0.560337
127.29,4.10689e-06,2.45626e-08,0.560337
127.3,4.46527e-06,2.44069e-08,0.560337
127.31,4.81849e-06,2.42202e-08,0.560337
127.32,5.16592e-06,2.39989e-08,0.560337
127.33,5.5069e-06,2.37384e-08,0.560337
127.34,5.84065e-06,2.34322e-08,0.560337
127.35,6.16627e-06,2.30717e-08,0.560337
127.36,6.48264e-06,2.26447e-08,0.560337
127.37,6.78832e-06,2.21339e-08,0.560337
127.38,7.08126e-06,2.15121e-08,0.560337
127.39,7.35841e-06,2.07989e-08,0.560337
127.4,7.61049e-06,2.03301e-08,0.560337
127.41,7.81492e-06,1.92022e-08,0.560337
127.42,7.94545e-06,1.61655e-08,0.560336
127.43,7.88765e-06,1.06756e-08,0.560336
127.44,7.72175e-06,1.35179e-08,0.560336
127.45,7.54103e-06,1.61701e-08,0.560336
127.46,7.34646e-06,1.86427e-08,0.560336
127.47,7.13892e-06,2.09462e-08,0.560336
127.48,6.91924e-06,2.30901e-08,0.560335
127.49,6.68821e-06,2.50839e-08,0.560335
127.5,6.44657e-06,2.69359e-08,0.560335
127.51,6.195e-06,2.86548e-08,0.560335
127.52,5.93417e-06,3.02478e-08,0.560335
127.53,5.66469e-06,3.17225e-08,0.560335
127.54,5.38718e-06,3.3086e-08,0.560334
127.55,5.10219e-06,3.43445e-08,0.560334
127.56,4.81027e-06,3.55039e-08,0.560334
127.57,4.51195e-06,3.65705e-08,0.560334
127.58,4.20775e-06,3.75491e-08,0.560334
127.59,3.89814e-06,3.84455e-08,0.560334
127.6,3.58361e-06,3.92636e-08,0.560334
127.61,3.26462e-06,4.0008e-08,0.560334
127.62,2.94163e-06,4.06825e-08,0.560334
127.63,2.61508e-06,4.1291e-08,0.560334
127.64,2.28541e-06,4.1837e-08,0.560333
127.65,1.95304e-06,4.23235e-08,0.560333
127.66,1.61839e-06,4.27531e-08,0.560333
127.67,1.28189e-06,4.31286e-08,0.560333
127.68,9.43944e-07,4.34518e-08,0.560333
127.69,6.04958e-07,4.37254e-08,0.560333
127.7,2.65339e-07,4.3951e-08,0.560333
127.71,-7.45088e-08,4.41298e-08,0.560333
127.72,-4.14182e-07,4.42627e-08,0.560333
127.73,-7.53277e-07,4.43505e-08,0.560333
127.74,-1.09139e-06,4.43938e-08,0.560333
127.75,-1.42811e-06,4.43926e-08,0.560333
127.76,-1.76302e-06,4.43462e-08,0.560333
127.77,-2.0957e-06,4.42534e-08,0.560333
127.78,-2.42573e-06,4.41129e-08,0.560333
127.79,-2.75264e-06,4.39213e-08,0.560333
127.8,-3.07597e-06,4.36757e-08,0.560333
127.81,-3.39521e-06,4.33707e-08,0.560333
127.82,-3.70983e-06,4.29995e-08,0.560333
127.83,-4.01921e-06,4.25534e-08,0.560333
127.84,-4.32267e-06,4.20195e-08,0.560333
127.85,-4.61937e-06,4.13802e-08,0.560333
127.86,-4.90826e-06,4.06109e-08,0.560334
127.87,-5.18793e-06,3.96735e-08,0.560334
127.88,-5.45631e-06,3.85077e-08,0.560334
127.89,-5.70955e-06,3.72794e-08,0.560334
127.9,-5.93086e-06,3.60336e-08,0.560334
127.91,-6.10058e-06,3.27048e-08,0.560334
127.92,-6.16251e-06,1.94816e-08,0.560334
127.93,-6.07069e-06,2.4765e-08,0.560334
127.94,-5.96573e-06,2.97262e-08,0.560334
127.95,-5.84849e-06,3.43819e-08,0.560335
127.96,-5.71976e-06,3.87476e-08,0.560335
127.97,-5.58028e-06,4.28376e-08,0.560335
127.98,-5.43075e-06,4.66662e-08,0.560335
127.99,-5.2718e-06,5.0247e-08,0.560335
128,-5.10404e-06,5.35925e-08,0.560335
128.01,-4.92803e-06,5.67153e-08,0.560335
128.02,-4.7443e-06,5.96267e-08,0.560336
128.03,-4.55335e-06,6.23382e-08,0.560336
128.04,-4.35566e-06,6.48605e-08,0.560336
128.05,-4.15169e-06,6.72032e-08,0.560336
128.06,-3.94185e-06,6.9376e-08,0.560336
128.07,-3.72658e-06,7.1388e-08,0.560336
128.08,-3.50625e-06,7.32474e-08,0.560336
128.09,-3.28126e-06,7.49625e-08,0.560336
128.1,-3.05198e-06,7.65407e-08,0.560336
128.11,-2.81875e-06,7.79894e-08,0.560337
128.12,-2.58194e-06,7.93153e-08,0.560337
128.13,-2.34187e-06,8.05248e-08,0.560337
128.14,-2.09887e-06,8.1624e-08,0.560337
128.15,-1.85327e-06,8.26183e-08,0.560337
128.16,-1.60538e-06,8.35129e-08,0.560337
128.17,-1.35551e-06,8.43129e-08,0.560337
128.18,-1.10398e-06,8.50226e-08,0.560337
128.19,-8.51062e-07,8.56464e-08,0.560337
128.2,-5.97073e-07,8.61877e-08,0.560337
128.21,-3.42299e-07,8.665e-08,0.560337
128.22,-8.70293e-08,8.70362e-08,0.560337
128.23,1.6845e-07,8.73497e-08,0.560337
128.24,4.23854e-07,8.75926e-08,0.560337
128.25,6.78903e-07,8.7767e-08,0.560337
128.26,9.33317e-07,8.78744e-08,0.560337
128.27,1.18682e-06,8.79167e-08,0.560337
128.28,1.43913e-06,8.78944e-08,0.560337
128.29,1.68998e-06,8.78079e-08,0.560337
128.3,1.93908e-06,8.76577e-08,0.560337
128.31,2.18618e-06,8.74432e-08,0.560337
128.32,2.43098e-06,8.71634e-08,0.560337
128.33,2.67323e-06,8.6816e-08,0.560337
128.34,2.91263e-06,8.63991e-08,0.560337
128.35,3.14891e-06,8.59089e-08,0.560337
128.36,3.3818e-06,8.53416e-08,0.560337
128.37,3.61099e-06,8.46907e-08,0.560337
128.38,3.83619e-06,8.39491e-08,0.560337
128.39,4.05711e-06,8.31078e-08,0.560337
128.4,4.27342e-06,8.21541e-08,0.560336
128.41,4.48478e-06,8.10722e-08,0.560336
128.42,4.69082e-06,7.98422e-08,0.560336
128.43,4.89116e-06,7.84371e-08,0.560336
128.44,5.08537e-06,7.68557e-08,0.560336
128.45,5.27303e-06,7.51293e-08,0.560336
128.46,5.45348e-06,7.31689e-08,0.560336
128.47,5.62584e-06,7.08379e-08,0.560336
128.48,5.78893e-06,6.79214e-08,0.560336
128.49,5.94095e-06,6.40533e-08,0.560336
128.5,6.07464e-06,5.87437e-08,0.560335
128.51,6.1683e-06,4.97223e-08,0.560335
128.52,6.19509e-06,3.20335e-08,0.560335
128.53,6.06951e-06,1.78338e-08,0.560335
128.54,5.8938e-06,2.16638e-08,0.560335
128.55,5.70155e-06,2.51275e-08,0.560335
128.56,5.49402e-06,2.82598e-08,0.560335
128.57,5.27238e-06,3.10923e-08,0.560334
128.58,5.03772e-06,3.36539e-08,0.560334
128.59,4.79107e-06,3.59713e-08,0.560334
128.6,4.53338e-06,3.80669e-08,0.560334
128.61,4.26565e-06,3.98914e-08,0.560334
128.62,3.98905e-06,4.12018e-08,0.560334
128.63,3.70452e-06,4.22314e-08,0.560334
128.64,3.4129e-06,4.31727e-08,0.560333
128.65,3.11481e-06,4.40317e-08,0.560333
128.66,2.81089e-06,4.48134e-08,0.560333
128.67,2.50172e-06,4.55219e-08,0.560333
128.68,2.18787e-06,4.61622e-08,0.560333
128.69,1.86989e-06,4.67382e-08,0.560333
128.7,1.54831e-06,4.72539e-08,0.560333
128.71,1.22365e-06,4.77126e-08,0.560333
128.72,8.96385e-07,4.81167e-08,0.560333
128.73,5.67017e-07,4.847e-08,0.560333
128.74,2.36009e-07,4.87746e-08,0.560333
128.75,-9.61789e-08,4.90327e-08,0.560333
128.76,-4.29098e-07,4.92472e-08,0.560333
128.77,-7.62309e-07,4.94188e-08,0.560333
128.78,-1.09538e-06,4.95497e-08,0.560333
128.79,-1.42789e-06,4.96399e-08,0.560333
128.8,-1.75942e-06,4.9691e-08,0.560333
128.81,-2.08956e-06,4.9703e-08,0.560333
128.82,-2.4179e-06,4.96763e-08,0.560333
128.83,-2.74404e-06,4.96104e-08,0.560333
128.84,-3.06758e-06,4.95048e-08,0.560333
128.85,-3.38812e-06,4.93581e-08,0.560333
128.86,-3.70526e-06,4.91676e-08,0.560333
128.87,-4.0186e-06,4.89315e-08,0.560333
128.88,-4.32773e-06,4.8646e-08,0.560333
128.89,-4.63224e-06,4.83055e-08,0.560333
128.9,-4.93171e-06,4.79039e-08,0.560333
128.91,-5.22567e-06,4.7432e-08,0.560333
128.92,-5.51367e-06,4.68781e-08,0.560333
128.93,-5.79519e-06,4.62263e-08,0.560333
128.94,-6.06965e-06,4.54542e-08,0.560333
128.95,-6.33637e-06,4.45302e-08,0.560333
128.96,-6.59453e-06,4.34059e-08,0.560333
128.97,-6.84304e-06,4.20061e-08,0.560333
128.98,-7.08034e-06,4.02022e-08,0.560334
128.99,-7.30236e-06,3.79616e-08,0.560334
129,-7.49213e-06,3.4419e-08,0.560334
129.01,-7.63075e-06,2.73868e-08,0.560334
129.02,-7.61408e-06,1.0224e-08,0.560334
129.03,-7.40281e-06,1.21705e-08,0.560334
129.04,-7.17494e-06,1.39314e-08,0.560335
129.05,-6.93161e-06,1.55234e-08,0.560335
129.06,-6.6741e-06,1.67593e-08,0.560335
129.07,-6.40388e-06,1.75884e-08,0.560335
129.08,-6.12203e-06,1.83542e-08,0.560335
129.09,-5.82934e-06,1.90637e-08,0.560335
129.1,-5.52658e-06,1.97205e-08,0.560336
129.11,-5.21446e-06,2.03271e-08,0.560336
129.12,-4.89368e-06,2.08863e-08,0.560336
129.13,-4.56489e-06,2.14008e-08,0.560336
129.14,-4.22872e-06,2.18735e-08,0.560336
129.15,-3.88579e-06,2.23059e-08,0.560336
129.16,-3.5367e-06,2.27005e-08,0.560336
129.17,-3.18201e-06,2.30592e-08,0.560336
129.18,-2.82229e-06,2.33839e-08,0.560337
129.19,-2.45807e-06,2.36764e-08,0.560337
129.2,-2.08989e-06,2.39382e-08,0.560337
129.21,-1.71827e-06,2.41708e-08,0.560337
129.22,-1.34371e-06,2.43754e-08,0.560337
129.23,-9.66726e-07,2.45534e-08,0.560337
129.24,-5.87798e-07,2.47054e-08,0.560337
129.25,-2.07418e-07,2.48332e-08,0.560337
129.26,1.73934e-07,2.49367e-08,0.560337
129.27,5.55781e-07,2.50173e-08,0.560337
129.28,9.37649e-07,2.50755e-08,0.560337
129.29,1.31907e-06,2.51115e-08,0.560337
129.3,1.69957e-06,2.51253e-08,0.560337
129.31,2.07868e-06,2.51175e-08,0.560337
129.32,2.45592e-06,2.50875e-08,0.560337
129.33,2.83083e-06,2.50353e-08,0.560337
129.34,3.20292e-06,2.49597e-08,0.560337
129.35,3.57169e-06,2.48605e-08,0.560337
129.36,3.93665e-06,2.47366e-08,0.560337
129.37,4.29726e-06,2.45853e-08,0.560337
129.38,4.65297e-06,2.44048e-08,0.560337
129.39,5.0032e-06,2.41924e-08,0.560337
129.4,5.3473e-06,2.3943e-08,0.560337
129.41,5.68454e-06,2.36522e-08,0.560337
129.42,6.01411e-06,2.3312e-08,0.560337
129.43,6.33499e-06,2.29116e-08,0.560337
129.44,6.64591e-06,2.24367e-08,0.560337
129.45,6.94514e-06,2.1865e-08,0.560337
129.46,7.23017e-06,2.11627e-08,0.560337
129.47,7.49674e-06,2.05942e-08,0.560336
129.48,7.72579e-06,1.99032e-08,0.560336
129.49,7.89625e-06,1.80161e-08,0.560336
129.5,7.95477e-06,1.1675e-08,0.560336
129.51,7.80119e-06,1.23968e-08,0.560336
129.52,7.62738e-06,1.51248e-08,0.560336
129.53,7.43927e-06,1.76688e-08,0.560336
129.54,7.23777e-06,2.00397e-08,0.560335
129.55,7.02375e-06,2.22471e-08,0.560335
129.56,6.79801e-06,2.43006e-08,0.560335
129.57,6.5613e-06,2.62092e-08,0.560335
129.58,6.31435e-06,2.7981e-08,0.560335
129.59,6.05782e-06,2.96242e-08,0.560335
129.6,5.79237e-06,3.11459e-08,0.560334
129.61,5.51859e-06,3.25541e-08,0.560334
129.62,5.23706e-06,3.38546e-08,0.560334
129.63,4.94836e-06,3.50539e-08,0.560334
129.64,4.65301e-06,3.61578e-08,0.560334
129.65,4.35153e-06,3.7172e-08,0.560334
129.66,4.04441e-06,3.81014e-08,0.560334
129.67,3.73216e-06,3.89511e-08,0.560334
129.68,3.41522e-06,3.97248e-08,0.560334
129.69,3.09407e-06,4.04275e-08,0.560333
129.7,2.76915e-06,4.10626e-08,0.560333
129.71,2.4409e-06,4.16338e-08,0.560333
129.72,2.10975e-06,4.21446e-08,0.560333
129.73,1.77613e-06,4.25975e-08,0.560333
129.74,1.44046e-06,4.29954e-08,0.560333
129.75,1.10315e-06,4.334e-08,0.560333
129.76,7.64604e-07,4.36346e-08,0.560333
129.77,4.25237e-07,4.38799e-08,0.560333
129.78,8.54503e-08,4.40783e-08,0.560333
129.79,-2.54352e-07,4.42306e-08,0.560333
129.8,-5.93766e-07,4.43379e-08,0.560333
129.81,-9.32389e-07,4.44002e-08,0.560333
129.82,-1.26981e-06,4.44182e-08,0.560333
129.83,-1.60563e-06,4.43919e-08,0.560333
129.84,-1.93941e-06,4.43196e-08,0.560333
129.85,-2.27074e-06,4.42002e-08,0.560333
129.86,-2.59917e-06,4.40314e-08,0.560333
129.87,-2.92424e-06,4.38105e-08,0.560333
129.88,-3.24547e-06,4.35326e-08,0.560333
129.89,-3.56234e-06,4.31922e-08,0.560333
129.9,-3.87427e-06,4.2782e-08,0.560333
129.91,-4.18061e-06,4.22905e-08,0.560333
129.92,-4.4806e-06,4.17026e-08,0.560333
129.93,-4.77332e-06,4.09974e-08,0.560333
129.94,-5.05753e-06,4.01436e-08,0.560333
129.95,-5.33155e-06,3.90935e-08,0.560333
129.96,-5.59271e-06,3.77691e-08,0.560334
129.97,-5.83188e-06,3.67733e-08,0.560334
129.98,-6.02876e-06,3.46895e-08,0.560334
129.99,-6.15639e-06,2.85709e-08,0.560334
130,-6.11626e-06,2.19141e-08,0.560334
130.01,-6.01732e-06,2.70492e-08,0.560334
130.02,-5.9057e-06,3.18698e-08,0.560334
130.03,-5.78223e-06,3.63917e-08,0.560335
130.04,-5.64768e-06,4.06296e-08,0.560335
130.05,-5.50276e-06,4.45985e-08,0.560335
130.06,-5.34813e-06,4.83123e-08,0.560335
130.07,-5.18441e-06,5.1784e-08,0.560335
130.08,-5.01218e-06,5.50261e-08,0.560335
130.09,-4.83199e-06,5.8051e-08,0.560335
130.1,-4.64436e-06,6.08695e-08,0.560335
130.11,-4.44976e-06,6.34932e-08,0.560336
130.12,-4.24867e-06,6.59319e-08,0.560336
130.13,-4.04152e-06,6.81955e-08,0.560336
130.14,-3.82874e-06,7.02933e-08,0.560336
130.15,-3.61073e-06,7.2234e-08,0.560336
130.16,-3.38788e-06,7.40263e-08,0.560336
130.17,-3.16056e-06,7.56774e-08,0.560336
130.18,-2.92913e-06,7.71953e-08,0.560336
130.19,-2.69395e-06,7.85867e-08,0.560336
130.2,-2.45536e-06,7.9858e-08,0.560336
130.21,-2.2137e-06,8.1016e-08,0.560336
130.22,-1.96927e-06,8.20659e-08,0.560337
130.23,-1.72242e-06,8.30133e-08,0.560337
130.24,-1.47344e-06,8.38634e-08,0.560337
130.25,-1.22264e-06,8.46207e-08,0.560337
130.26,-9.70333e-07,8.52896e-08,0.560337
130.27,-7.16809e-07,8.58739e-08,0.560337
130.28,-4.62364e-07,8.63778e-08,0.560337
130.29,-2.07287e-07,8.68041e-08,0.560337
130.3,4.8132e-08,8.71555e-08,0.560337
130.31,3.0361e-07,8.74351e-08,0.560337
130.32,5.58864e-07,8.7645e-08,0.560337
130.33,8.13614e-07,8.77873e-08,0.560337
130.34,1.06758e-06,8.78635e-08,0.560337
130.35,1.32049e-06,8.78748e-08,0.560337
130.36,1.57206e-06,8.78217e-08,0.560337
130.37,1.82202e-06,8.77043e-08,0.560337
130.38,2.0701e-06,8.75224e-08,0.560337
130.39,2.31602e-06,8.72757e-08,0.560337
130.4,2.55951e-06,8.69624e-08,0.560337
130.41,2.80028e-06,8.65808e-08,0.560337
130.42,3.03807e-06,8.61277e-08,0.560337
130.43,3.27259e-06,8.55989e-08,0.560337
130.44,3.50356e-06,8.49896e-08,0.560336
130.45,3.73068e-06,8.42937e-08,0.560336
130.46,3.95365e-06,8.35019e-08,0.560336
130.47,4.17217e-06,8.26037e-08,0.560336
130.48,4.3859e-06,8.15857e-08,0.560336
130.49,4.5945e-06,8.04296e-08,0.560336
130.5,4.79758e-06,7.91121e-08,0.560336
130.51,4.99472e-06,7.76062e-08,0.560336
130.52,5.18554e-06,7.59562e-08,0.560336
130.53,5.36947e-06,7.41207e-08,0.560336
130.54,5.54577e-06,7.19856e-08,0.560336
130.55,5.7134e-06,6.93797e-08,0.560336
130.56,5.87091e-06,6.60209e-08,0.560335
130.57,6.01559e-06,6.14938e-08,0.560335
130.58,6.13031e-06,5.46041e-08,0.560335
130.59,6.19409e-06,4.21051e-08,0.560335
130.6,6.14586e-06,1.69625e-08,0.560335
130.61,5.97844e-06,2.08756e-08,0.560335
130.62,5.79383e-06,2.44142e-08,0.560335
130.63,5.59336e-06,2.76146e-08,0.560334
130.64,5.37824e-06,3.05092e-08,0.560334
130.65,5.1496e-06,3.31269e-08,0.560334
130.66,4.90849e-06,3.5494e-08,0.560334
130.67,4.65589e-06,3.76349e-08,0.560334
130.68,4.39274e-06,3.95682e-08,0.560334
130.69,4.12021e-06,4.10856e-08,0.560333
130.7,3.8393e-06,4.21604e-08,0.560333
130.71,3.55094e-06,4.31132e-08,0.560333
130.72,3.25583e-06,4.39828e-08,0.560333
130.73,2.95459e-06,4.47746e-08,0.560333
130.74,2.64782e-06,4.5493e-08,0.560333
130.75,2.33611e-06,4.61426e-08,0.560333
130.76,2.02002e-06,4.6728e-08,0.560333
130.77,1.70007e-06,4.72528e-08,0.560333
130.78,1.3768e-06,4.772e-08,0.560333
130.79,1.0507e-06,4.81335e-08,0.560333
130.8,7.22271e-07,4.84957e-08,0.560333
130.81,3.9198e-07,4.8809e-08,0.560332
130.82,6.02946e-08,4.90759e-08,0.560332
130.83,-2.72332e-07,4.92989e-08,0.560332
130.84,-6.05458e-07,4.94789e-08,0.560332
130.85,-9.38646e-07,4.96183e-08,0.560332
130.86,-1.27147e-06,4.97178e-08,0.560332
130.87,-1.60351e-06,4.9778e-08,0.560332
130.88,-1.93435e-06,4.98001e-08,0.560332
130.89,-2.26359e-06,4.97837e-08,0.560332
130.9,-2.59082e-06,4.97291e-08,0.560332
130.91,-2.91563e-06,4.96358e-08,0.560332
130.92,-3.23763e-06,4.95019e-08,0.560332
130.93,-3.55642e-06,4.93267e-08,0.560332
130.94,-3.8716e-06,4.91069e-08,0.560332
130.95,-4.18276e-06,4.88402e-08,0.560332
130.96,-4.4895e-06,4.85218e-08,0.560333
130.97,-4.79139e-06,4.81455e-08,0.560333
130.98,-5.088e-06,4.77039e-08,0.560333
130.99,-5.37887e-06,4.71864e-08,0.560333
131,-5.66351e-06,4.65799e-08,0.560333
131.01,-5.94136e-06,4.58646e-08,0.560333
131.02,-6.21182e-06,4.50135e-08,0.560333
131.03,-6.47413e-06,4.39873e-08,0.560333
131.04,-6.72734e-06,4.27264e-08,0.560333
131.05,-6.97015e-06,4.11315e-08,0.560333
131.06,-7.20059e-06,3.90257e-08,0.560333
131.07,-7.40779e-06,3.63682e-08,0.560334
131.08,-7.57381e-06,3.13851e-08,0.560334
131.09,-7.6658e-06,1.97955e-08,0.560334
131.1,-7.50604e-06,9.99553e-09,0.560334
131.11,-7.28569e-06,1.19639e-08,0.560334
131.12,-7.04936e-06,1.37444e-08,0.560334
131.13,-6.79821e-06,1.52998e-08,0.560335
131.14,-6.53371e-06,1.63226e-08,0.560335
131.15,-6.25713e-06,1.71735e-08,0.560335
131.16,-5.96936e-06,1.79634e-08,0.560335
131.17,-5.67117e-06,1.86956e-08,0.560335
131.18,-5.36329e-06,1.93733e-08,0.560335
131.19,-5.04644e-06,1.99996e-08,0.560336
131.2,-4.72127e-06,2.05771e-08,0.560336
131.21,-4.38844e-06,2.11088e-08,0.560336
131.22,-4.04857e-06,2.15966e-08,0.560336
131.23,-3.70226e-06,2.20437e-08,0.560336
131.24,-3.3501e-06,2.24515e-08,0.560336
131.25,-2.99264e-06,2.28225e-08,0.560336
131.26,-2.63043e-06,2.31586e-08,0.560336
131.27,-2.26402e-06,2.34615e-08,0.560336
131.28,-1.89393e-06,2.37329e-08,0.560337
131.29,-1.52066e-06,2.39743e-08,0.560337
131.3,-1.14473e-06,2.41866e-08,0.560337
131.31,-7.66635e-07,2.43715e-08,0.560337
131.32,-3.86858e-07,2.45299e-08,0.560337
131.33,-5.88533e-09,2.46628e-08,0.560337
131.34,3.75805e-07,2.47712e-08,0.560337
131.35,7.57737e-07,2.48558e-08,0.560337
131.36,1.13944e-06,2.4917e-08,0.560337
131.37,1.52044e-06,2.49545e-08,0.560337
131.38,1.90028e-06,2.49698e-08,0.560337
131.39,2.27847e-06,2.49623e-08,0.560337
131.4,2.65455e-06,2.49315e-08,0.560337
131.41,3.02804e-06,2.48778e-08,0.560337
131.42,3.39844e-06,2.47995e-08,0.560337
131.43,3.76527e-06,2.46967e-08,0.560337
131.44,4.128e-06,2.4567e-08,0.560337
131.45,4.48609e-06,2.44087e-08,0.560337
131.46,4.83898e-06,2.42188e-08,0.560337
131.47,5.18606e-06,2.39943e-08,0.560337
131.48,5.52663e-06,2.37307e-08,0.560337
131.49,5.85993e-06,2.34206e-08,0.560337
131.5,6.18504e-06,2.30555e-08,0.560337
131.51,6.50083e-06,2.26238e-08,0.560337
131.52,6.80583e-06,2.21062e-08,0.560336
131.53,7.09794e-06,2.14752e-08,0.560336
131.54,7.37405e-06,2.07636e-08,0.560336
131.55,7.62394e-06,2.02919e-08,0.560336
131.56,7.82499e-06,1.90967e-08,0.560336
131.57,7.94952e-06,1.58534e-08,0.560336
131.58,7.878e-06,1.04946e-08,0.560336
131.59,7.71124e-06,1.33487e-08,0.560336
131.6,7.52973e-06,1.60118e-08,0.560335
131.61,7.3344e-06,1.84949e-08,0.560335
131.62,7.12615e-06,2.08078e-08,0.560335
131.63,6.90582e-06,2.29607e-08,0.560335
131.64,6.67417e-06,2.49624e-08,0.560335
131.65,6.43195e-06,2.6822e-08,0.560335
131.66,6.17983e-06,2.85477e-08,0.560334
131.67,5.91849e-06,3.01474e-08,0.560334
131.68,5.64855e-06,3.16286e-08,0.560334
131.69,5.37059e-06,3.29976e-08,0.560334
131.7,5.0852e-06,3.42616e-08,0.560334
131.71,4.7929e-06,3.54263e-08,0.560334
131.72,4.49424e-06,3.64972e-08,0.560334
131.73,4.18971e-06,3.74805e-08,0.560334
131.74,3.87981e-06,3.83807e-08,0.560333
131.75,3.56501e-06,3.92028e-08,0.560333
131.76,3.24579e-06,3.99504e-08,0.560333
131.77,2.92258e-06,4.06282e-08,0.560333
131.78,2.59584e-06,4.12397e-08,0.560333
131.79,2.266e-06,4.17879e-08,0.560333
131.8,1.9335e-06,4.22765e-08,0.560333
131.81,1.59874e-06,4.27082e-08,0.560333
131.82,1.26214e-06,4.30856e-08,0.560333
131.83,9.24125e-07,4.3411e-08,0.560333
131.84,5.85093e-07,4.36863e-08,0.560333
131.85,2.45453e-07,4.39131e-08,0.560333
131.86,-9.43935e-08,4.40926e-08,0.560333
131.87,-4.34042e-07,4.42267e-08,0.560333
131.88,-7.73089e-07,4.43156e-08,0.560333
131.89,-1.11113e-06,4.43598e-08,0.560333
131.9,-1.44775e-06,4.43587e-08,0.560333
131.91,-1.78254e-06,4.43122e-08,0.560333
131.92,-2.11508e-06,4.42194e-08,0.560333
131.93,-2.44493e-06,4.40781e-08,0.560333
131.94,-2.77165e-06,4.38858e-08,0.560333
131.95,-3.09475e-06,4.36387e-08,0.560333
131.96,-3.41374e-06,4.33315e-08,0.560333
131.97,-3.72807e-06,4.29579e-08,0.560333
131.98,-4.03713e-06,4.25086e-08,0.560333
131.99,-4.34021e-06,4.1971e-08,0.560333
132,-4.63649e-06,4.13266e-08,0.560333
132.01,-4.92488e-06,4.05502e-08,0.560333
132.02,-5.20396e-06,3.96022e-08,0.560333
132.03,-5.47159e-06,3.84215e-08,0.560333
132.04,-5.72359e-06,3.72352e-08,0.560333
132.05,-5.94243e-06,3.59161e-08,0.560333
132.06,-6.10826e-06,3.23781e-08,0.560334
132.07,-6.15826e-06,1.89888e-08,0.560334
132.08,-6.06558e-06,2.43011e-08,0.560334
132.09,-5.95981e-06,2.92901e-08,0.560334
132.1,-5.84182e-06,3.39714e-08,0.560334
132.11,-5.71239e-06,3.83609e-08,0.560334
132.12,-5.57226e-06,4.24734e-08,0.560335
132.13,-5.42212e-06,4.63236e-08,0.560335
132.14,-5.26261e-06,4.99244e-08,0.560335
132.15,-5.09431e-06,5.32889e-08,0.560335
132.16,-4.9178e-06,5.64295e-08,0.560335
132.17,-4.73361e-06,5.93577e-08,0.560335
132.18,-4.54223e-06,6.2085e-08,0.560335
132.19,-4.34414e-06,6.46218e-08,0.560335
132.2,-4.13979e-06,6.6978e-08,0.560336
132.21,-3.9296e-06,6.91636e-08,0.560336
132.22,-3.714e-06,7.11874e-08,0.560336
132.23,-3.49338e-06,7.30582e-08,0.560336
132.24,-3.26812e-06,7.47839e-08,0.560336
132.25,-3.03858e-06,7.6372e-08,0.560336
132.26,-2.80512e-06,7.78302e-08,0.560336
132.27,-2.5681e-06,7.91649e-08,0.560336
132.28,-2.32784e-06,8.03824e-08,0.560336
132.29,-2.08467e-06,8.14894e-08,0.560336
132.3,-1.83892e-06,8.24909e-08,0.560336
132.31,-1.5909e-06,8.3392e-08,0.560336
132.32,-1.34092e-06,8.41979e-08,0.560336
132.33,-1.08929e-06,8.49131e-08,0.560336
132.34,-8.36298e-07,8.55418e-08,0.560337
132.35,-5.8225e-07,8.60874e-08,0.560337
132.36,-3.27434e-07,8.6554e-08,0.560337
132.37,-7.21404e-08,8.69446e-08,0.560337
132.38,1.83346e-07,8.72613e-08,0.560337
132.39,4.38741e-07,8.75078e-08,0.560337
132.4,6.93763e-07,8.76852e-08,0.560337
132.41,9.48133e-07,8.77955e-08,0.560337
132.42,1.20157e-06,8.78396e-08,0.560337
132.43,1.45381e-06,8.78189e-08,0.560337
132.44,1.70457e-06,8.77343e-08,0.560337
132.45,1.95356e-06,8.75856e-08,0.560337
132.46,2.20053e-06,8.73717e-08,0.560337
132.47,2.4452e-06,8.70921e-08,0.560336
132.48,2.68729e-06,8.67451e-08,0.560336
132.49,2.92652e-06,8.63278e-08,0.560336
132.5,3.16261e-06,8.58368e-08,0.560336
132.51,3.39529e-06,8.52683e-08,0.560336
132.52,3.62425e-06,8.46152e-08,0.560336
132.53,3.84922e-06,8.38711e-08,0.560336
132.54,4.06987e-06,8.30263e-08,0.560336
132.55,4.2859e-06,8.20679e-08,0.560336
132.56,4.49696e-06,8.09806e-08,0.560336
132.57,4.70269e-06,7.97435e-08,0.560336
132.58,4.90268e-06,7.83297e-08,0.560336
132.59,5.09652e-06,7.67417e-08,0.560336
132.6,5.28378e-06,7.50063e-08,0.560336
132.61,5.46378e-06,7.30302e-08,0.560335
132.62,5.63564e-06,7.06733e-08,0.560335
132.63,5.79814e-06,6.77152e-08,0.560335
132.64,5.94943e-06,6.37766e-08,0.560335
132.65,6.08137e-06,5.83252e-08,0.560335
132.66,6.17212e-06,4.89937e-08,0.560335
132.67,6.1931e-06,3.03974e-08,0.560335
132.68,6.05978e-06,1.8616e-08,0.560335
132.69,5.88307e-06,2.2371e-08,0.560334
132.7,5.68988e-06,2.57671e-08,0.560334
132.71,5.48149e-06,2.88381e-08,0.560334
132.72,5.25905e-06,3.16157e-08,0.560334
132.73,5.02366e-06,3.4128e-08,0.560334
132.74,4.77634e-06,3.63994e-08,0.560334
132.75,4.51803e-06,3.84538e-08,0.560333
132.76,4.24974e-06,4.02295e-08,0.560333
132.77,3.97264e-06,4.1492e-08,0.560333
132.78,3.68768e-06,4.24995e-08,0.560333
132.79,3.39566e-06,4.34204e-08,0.560333
132.8,3.09722e-06,4.426e-08,0.560333
132.81,2.79297e-06,4.50236e-08,0.560333
132.82,2.48351e-06,4.57154e-08,0.560333
132.83,2.1694e-06,4.63405e-08,0.560333
132.84,1.85119e-06,4.69022e-08,0.560333
132.85,1.52942e-06,4.74044e-08,0.560332
132.86,1.20459e-06,4.78504e-08,0.560332
132.87,8.77188e-07,4.82436e-08,0.560332
132.88,5.4771e-07,4.85866e-08,0.560332
132.89,2.1662e-07,4.88817e-08,0.560332
132.9,-1.15623e-07,4.91309e-08,0.560332
132.91,-4.48571e-07,4.93363e-08,0.560332
132.92,-7.81786e-07,4.94996e-08,0.560332
132.93,-1.11484e-06,4.96218e-08,0.560332
132.94,-1.4473e-06,4.97047e-08,0.560332
132.95,-1.77876e-06,4.97488e-08,0.560332
132.96,-2.10881e-06,4.97537e-08,0.560332
132.97,-2.43703e-06,4.97204e-08,0.560332
132.98,-2.76303e-06,4.96488e-08,0.560332
132.99,-3.08641e-06,4.95371e-08,0.560332
133,-3.40676e-06,4.93842e-08,0.560332
133.01,-3.72369e-06,4.91882e-08,0.560332
133.02,-4.03679e-06,4.89464e-08,0.560332
133.03,-4.34566e-06,4.86547e-08,0.560332
133.04,-4.64989e-06,4.83087e-08,0.560332
133.05,-4.94904e-06,4.79009e-08,0.560332
133.06,-5.24268e-06,4.74227e-08,0.560332
133.07,-5.53031e-06,4.68621e-08,0.560333
133.08,-5.81143e-06,4.62021e-08,0.560333
133.09,-6.08546e-06,4.54202e-08,0.560333
133.1,-6.3517e-06,4.44839e-08,0.560333
133.11,-6.60933e-06,4.33446e-08,0.560333
133.12,-6.85724e-06,4.19234e-08,0.560333
133.13,-7.09382e-06,4.0089e-08,0.560333
133.14,-7.3145e-06,3.78138e-08,0.560333
133.15,-7.5019e-06,3.41401e-08,0.560333
133.16,-7.63647e-06,2.67714e-08,0.560334
133.17,-7.60537e-06,8.6875e-09,0.560334
133.18,-7.39279e-06,1.07808e-08,0.560334
133.19,-7.16372e-06,1.26739e-08,0.560334
133.2,-6.91927e-06,1.43862e-08,0.560334
133.21,-6.66078e-06,1.56877e-08,0.560335
133.22,-6.38966e-06,1.65852e-08,0.560335
133.23,-6.10697e-06,1.74164e-08,0.560335
133.24,-5.81351e-06,1.81874e-08,0.560335
133.25,-5.51004e-06,1.89015e-08,0.560335
133.26,-5.19726e-06,1.9562e-08,0.560335
133.27,-4.87587e-06,2.01721e-08,0.560335
133.28,-4.54652e-06,2.07343e-08,0.560336
133.29,-4.20984e-06,2.12512e-08,0.560336
133.3,-3.86645e-06,2.17256e-08,0.560336
133.31,-3.51693e-06,2.2159e-08,0.560336
133.32,-3.16186e-06,2.25544e-08,0.560336
133.33,-2.80179e-06,2.29136e-08,0.560336
133.34,-2.43726e-06,2.32381e-08,0.560336
133.35,-2.06881e-06,2.35301e-08,0.560336
133.36,-1.69696e-06,2.37909e-08,0.560336
133.37,-1.3222e-06,2.4022e-08,0.560336
133.38,-9.45043e-07,2.42249e-08,0.560337
133.39,-5.65979e-07,2.43999e-08,0.560337
133.4,-1.85494e-07,2.45491e-08,0.560337
133.41,1.95931e-07,2.46731e-08,0.560337
133.42,5.7782e-07,2.47724e-08,0.560337
133.43,9.59701e-07,2.48476e-08,0.560337
133.44,1.3411e-06,2.48995e-08,0.560337
133.45,1.72156e-06,2.49288e-08,0.560337
133.46,2.10059e-06,2.49348e-08,0.560337
133.47,2.47773e-06,2.4918e-08,0.560337
133.48,2.8525e-06,2.48776e-08,0.560337
133.49,3.22442e-06,2.48137e-08,0.560337
133.5,3.593e-06,2.47246e-08,0.560337
133.51,3.95773e-06,2.46097e-08,0.560337
133.52,4.31808e-06,2.4467e-08,0.560337
133.53,4.6735e-06,2.42945e-08,0.560337
133.54,5.0234e-06,2.40885e-08,0.560337
133.55,5.36712e-06,2.38455e-08,0.560337
133.56,5.70395e-06,2.35598e-08,0.560336
133.57,6.03305e-06,2.32231e-08,0.560336
133.58,6.35339e-06,2.28258e-08,0.560336
133.59,6.66368e-06,2.23523e-08,0.560336
133.6,6.96218e-06,2.17806e-08,0.560336
133.61,7.24627e-06,2.10781e-08,0.560336
133.62,7.51134e-06,2.05292e-08,0.560336
133.63,7.73756e-06,1.9798e-08,0.560336
133.64,7.90369e-06,1.78098e-08,0.560336
133.65,7.94971e-06,1.06613e-08,0.560336
133.66,7.7921e-06,1.22237e-08,0.560335
133.67,7.61736e-06,1.49624e-08,0.560335
133.68,7.42838e-06,1.75169e-08,0.560335
133.69,7.22608e-06,1.98974e-08,0.560335
133.7,7.0113e-06,2.21139e-08,0.560335
133.71,6.78486e-06,2.41762e-08,0.560335
133.72,6.5475e-06,2.60923e-08,0.560334
133.73,6.29993e-06,2.78713e-08,0.560334
133.74,6.04284e-06,2.95211e-08,0.560334
133.75,5.77685e-06,3.10497e-08,0.560334
133.76,5.50258e-06,3.24636e-08,0.560334
133.77,5.2206e-06,3.37698e-08,0.560334
133.78,4.93147e-06,3.49744e-08,0.560334
133.79,4.63573e-06,3.60833e-08,0.560334
133.8,4.33389e-06,3.71019e-08,0.560333
133.81,4.02644e-06,3.80353e-08,0.560333
133.82,3.71388e-06,3.88887e-08,0.560333
133.83,3.39668e-06,3.96664e-08,0.560333
133.84,3.07528e-06,4.03724e-08,0.560333
133.85,2.75015e-06,4.10105e-08,0.560333
133.86,2.42171e-06,4.15843e-08,0.560333
133.87,2.0904e-06,4.20976e-08,0.560333
133.88,1.75664e-06,4.25528e-08,0.560333
133.89,1.42085e-06,4.29525e-08,0.560333
133.9,1.08345e-06,4.32993e-08,0.560333
133.91,7.4484e-07,4.35953e-08,0.560333
133.92,4.05432e-07,4.38423e-08,0.560333
133.93,6.56293e-08,4.40418e-08,0.560333
133.94,-2.74165e-07,4.4195e-08,0.560332
133.95,-6.13548e-07,4.43029e-08,0.560332
133.96,-9.52115e-07,4.4366e-08,0.560332
133.97,-1.28946e-06,4.43848e-08,0.560332
133.98,-1.62517e-06,4.4358e-08,0.560332
133.99,-1.95882e-06,4.42856e-08,0.560332
134,-2.29e-06,4.41656e-08,0.560332
134.01,-2.61824e-06,4.39962e-08,0.560333
134.02,-2.94311e-06,4.37737e-08,0.560333
134.03,-3.2641e-06,4.34948e-08,0.560333
134.04,-3.5807e-06,4.31524e-08,0.560333
134.05,-3.89232e-06,4.27392e-08,0.560333
134.06,-4.19831e-06,4.22434e-08,0.560333
134.07,-4.49791e-06,4.16511e-08,0.560333
134.08,-4.79017e-06,4.094e-08,0.560333
134.09,-5.07384e-06,4.0078e-08,0.560333
134.1,-5.34719e-06,3.90163e-08,0.560333
134.11,-5.60749e-06,3.76725e-08,0.560333
134.12,-5.84469e-06,3.66948e-08,0.560333
134.13,-6.03853e-06,3.44901e-08,0.560333
134.14,-6.1602e-06,2.78678e-08,0.560333
134.15,-6.11057e-06,2.21737e-08,0.560334
134.16,-6.01089e-06,2.72929e-08,0.560334
134.17,-5.89858e-06,3.20982e-08,0.560334
134.18,-5.77446e-06,3.66057e-08,0.560334
134.19,-5.63931e-06,4.08303e-08,0.560334
134.2,-5.49382e-06,4.47868e-08,0.560334
134.21,-5.33865e-06,4.84882e-08,0.560335
134.22,-5.17443e-06,5.19483e-08,0.560335
134.23,-5.00174e-06,5.51794e-08,0.560335
134.24,-4.82111e-06,5.81937e-08,0.560335
134.25,-4.63307e-06,6.10027e-08,0.560335
134.26,-4.43809e-06,6.36168e-08,0.560335
134.27,-4.23664e-06,6.60467e-08,0.560335
134.28,-4.02916e-06,6.83017e-08,0.560335
134.29,-3.81607e-06,7.03914e-08,0.560335
134.3,-3.59777e-06,7.23243e-08,0.560336
134.31,-3.37465e-06,7.4109e-08,0.560336
134.32,-3.14709e-06,7.57532e-08,0.560336
134.33,-2.91544e-06,7.72641e-08,0.560336
134.34,-2.68006e-06,7.86493e-08,0.560336
134.35,-2.44128e-06,7.99149e-08,0.560336
134.36,-2.19945e-06,8.10673e-08,0.560336
134.37,-1.95488e-06,8.2112e-08,0.560336
134.38,-1.70789e-06,8.30545e-08,0.560336
134.39,-1.4588e-06,8.38998e-08,0.560336
134.4,-1.20791e-06,8.46526e-08,0.560336
134.41,-9.55524e-07,8.53172e-08,0.560336
134.42,-7.0194e-07,8.58972e-08,0.560336
134.43,-4.47452e-07,8.63968e-08,0.560336
134.44,-1.9235e-07,8.68192e-08,0.560336
134.45,6.30796e-08,8.71669e-08,0.560336
134.46,3.18551e-07,8.74431e-08,0.560336
134.47,5.73782e-07,8.76496e-08,0.560336
134.48,8.28493e-07,8.77886e-08,0.560336
134.49,1.08241e-06,8.78614e-08,0.560336
134.5,1.33524e-06,8.78692e-08,0.560336
134.51,1.58673e-06,8.78124e-08,0.560336
134.52,1.83659e-06,8.76916e-08,0.560336
134.53,2.08454e-06,8.75062e-08,0.560336
134.54,2.33033e-06,8.72561e-08,0.560336
134.55,2.57366e-06,8.6939e-08,0.560336
134.56,2.81427e-06,8.65533e-08,0.560336
134.57,3.05188e-06,8.60962e-08,0.560336
134.58,3.2862e-06,8.55634e-08,0.560336
134.59,3.51694e-06,8.49495e-08,0.560336
134.6,3.74383e-06,8.42482e-08,0.560336
134.61,3.96655e-06,8.34507e-08,0.560336
134.62,4.1848e-06,8.25464e-08,0.560336
134.63,4.39824e-06,8.15208e-08,0.560336
134.64,4.60653e-06,8.03563e-08,0.560336
134.65,4.80927e-06,7.90285e-08,0.560336
134.66,5.00605e-06,7.75124e-08,0.560336
134.67,5.19648e-06,7.5854e-08,0.560335
134.68,5.38e-06,7.40049e-08,0.560335
134.69,5.55582e-06,7.18481e-08,0.560335
134.7,5.7229e-06,6.92072e-08,0.560335
134.71,5.87976e-06,6.57917e-08,0.560335
134.72,6.02336e-06,6.12043e-08,0.560335
134.73,6.13567e-06,5.40802e-08,0.560335
134.74,6.19555e-06,4.10795e-08,0.560335
134.75,6.13695e-06,1.62777e-08,0.560334
134.76,5.96845e-06,2.02561e-08,0.560334
134.77,5.78285e-06,2.38545e-08,0.560334
134.78,5.58146e-06,2.71082e-08,0.560334
134.79,5.36549e-06,3.00511e-08,0.560334
134.8,5.13607e-06,3.27125e-08,0.560334
134.81,4.89424e-06,3.51194e-08,0.560333
134.82,4.64098e-06,3.72962e-08,0.560333
134.83,4.37723e-06,3.92577e-08,0.560333
134.84,4.10417e-06,4.07804e-08,0.560333
134.85,3.82279e-06,4.18705e-08,0.560333
134.86,3.534e-06,4.28435e-08,0.560333
134.87,3.2385e-06,4.37321e-08,0.560333
134.88,2.93691e-06,4.45415e-08,0.560333
134.89,2.62983e-06,4.52766e-08,0.560333
134.9,2.31784e-06,4.5942e-08,0.560332
134.91,2.00149e-06,4.65414e-08,0.560332
134.92,1.68133e-06,4.70787e-08,0.560332
134.93,1.35788e-06,4.75581e-08,0.560332
134.94,1.03162e-06,4.79824e-08,0.560332
134.95,7.03064e-07,4.83548e-08,0.560332
134.96,3.72675e-07,4.86779e-08,0.560332
134.97,4.09177e-08,4.89535e-08,0.560332
134.98,-2.91754e-07,4.91847e-08,0.560332
134.99,-6.24899e-07,4.93721e-08,0.560332
135,-9.58081e-07,4.9518e-08,0.560332
135.01,-1.29087e-06,4.96236e-08,0.560332
135.02,-1.62286e-06,4.96894e-08,0.560332
135.03,-1.95362e-06,4.97162e-08,0.560332
135.04,-2.28275e-06,4.97046e-08,0.560332
135.05,-2.60985e-06,4.96542e-08,0.560332
135.06,-2.93451e-06,4.95639e-08,0.560332
135.07,-3.25634e-06,4.94335e-08,0.560332
135.08,-3.57493e-06,4.92608e-08,0.560332
135.09,-3.88989e-06,4.90432e-08,0.560332
135.1,-4.2008e-06,4.87772e-08,0.560332
135.11,-4.50727e-06,4.84593e-08,0.560332
135.12,-4.80887e-06,4.80829e-08,0.560332
135.13,-5.10515e-06,4.76406e-08,0.560332
135.14,-5.39568e-06,4.71215e-08,0.560332
135.15,-5.67993e-06,4.65122e-08,0.560332
135.16,-5.95738e-06,4.57926e-08,0.560332
135.17,-6.22738e-06,4.49358e-08,0.560333
135.18,-6.48918e-06,4.39007e-08,0.560333
135.19,-6.74183e-06,4.26254e-08,0.560333
135.2,-6.98398e-06,4.10088e-08,0.560333
135.21,-7.21359e-06,3.88991e-08,0.560333
135.22,-7.41876e-06,3.6148e-08,0.560333
135.23,-7.58178e-06,3.0962e-08,0.560333
135.24,-7.66635e-06,1.84364e-08,0.560333
135.25,-7.4926e-06,1.11991e-08,0.560334
135.26,-7.27138e-06,1.30524e-08,0.560334
135.27,-7.03424e-06,1.47282e-08,0.560334
135.28,-6.78234e-06,1.61839e-08,0.560334
135.29,-6.51716e-06,1.71254e-08,0.560334
135.3,-6.23996e-06,1.79236e-08,0.560335
135.31,-5.95161e-06,1.86637e-08,0.560335
135.32,-5.65288e-06,1.93495e-08,0.560335
135.33,-5.3445e-06,1.99836e-08,0.560335
135.34,-5.02718e-06,2.05686e-08,0.560335
135.35,-4.70159e-06,2.11076e-08,0.560335
135.36,-4.36836e-06,2.16028e-08,0.560335
135.37,-4.02813e-06,2.20567e-08,0.560336
135.38,-3.68149e-06,2.2472e-08,0.560336
135.39,-3.32903e-06,2.28501e-08,0.560336
135.4,-2.9713e-06,2.31932e-08,0.560336
135.41,-2.60886e-06,2.35028e-08,0.560336
135.42,-2.24224e-06,2.3781e-08,0.560336
135.43,-1.87196e-06,2.40294e-08,0.560336
135.44,-1.49855e-06,2.42488e-08,0.560336
135.45,-1.12249e-06,2.44408e-08,0.560336
135.46,-7.443e-07,2.46068e-08,0.560336
135.47,-3.64454e-07,2.47474e-08,0.560336
135.48,1.6561e-08,2.48636e-08,0.560336
135.49,3.98266e-07,2.49559e-08,0.560336
135.5,7.80187e-07,2.50254e-08,0.560336
135.51,1.16185e-06,2.50726e-08,0.560337
135.52,1.54279e-06,2.50976e-08,0.560337
135.53,1.92253e-06,2.51003e-08,0.560337
135.54,2.30061e-06,2.50814e-08,0.560337
135.55,2.67654e-06,2.50402e-08,0.560337
135.56,3.04985e-06,2.49758e-08,0.560337
135.57,3.42005e-06,2.48881e-08,0.560337
135.58,3.78665e-06,2.4776e-08,0.560336
135.59,4.14912e-06,2.46371e-08,0.560336
135.6,4.50692e-06,2.44703e-08,0.560336
135.61,4.85948e-06,2.42722e-08,0.560336
135.62,5.20619e-06,2.40397e-08,0.560336
135.63,5.54636e-06,2.37674e-08,0.560336
135.64,5.8792e-06,2.34487e-08,0.560336
135.65,6.2038e-06,2.30753e-08,0.560336
135.66,6.519e-06,2.26337e-08,0.560336
135.67,6.82331e-06,2.21062e-08,0.560336
135.68,7.11457e-06,2.14631e-08,0.560336
135.69,7.38963e-06,2.07491e-08,0.560336
135.7,7.63721e-06,2.02774e-08,0.560336
135.71,7.83481e-06,1.90073e-08,0.560336
135.72,7.95302e-06,1.55294e-08,0.560336
135.73,7.86858e-06,1.13227e-08,0.560335
135.74,7.70094e-06,1.41225e-08,0.560335
135.75,7.5186e-06,1.67343e-08,0.560335
135.76,7.32251e-06,1.91693e-08,0.560335
135.77,7.11354e-06,2.14373e-08,0.560335
135.78,6.89253e-06,2.35478e-08,0.560334
135.79,6.66025e-06,2.55099e-08,0.560334
135.8,6.41743e-06,2.73319e-08,0.560334
135.81,6.16477e-06,2.90226e-08,0.560334
135.82,5.90292e-06,3.05896e-08,0.560334
135.83,5.63249e-06,3.20399e-08,0.560334
135.84,5.35409e-06,3.338e-08,0.560334
135.85,5.06827e-06,3.46169e-08,0.560333
135.86,4.7756e-06,3.57562e-08,0.560333
135.87,4.47658e-06,3.6804e-08,0.560333
135.88,4.17173e-06,3.77649e-08,0.560333
135.89,3.86153e-06,3.8644e-08,0.560333
135.9,3.54646e-06,3.94462e-08,0.560333
135.91,3.22699e-06,4.01755e-08,0.560333
135.92,2.90357e-06,4.08355e-08,0.560333
135.93,2.57664e-06,4.14309e-08,0.560333
135.94,2.24663e-06,4.19639e-08,0.560333
135.95,1.91398e-06,4.24388e-08,0.560333
135.96,1.57911e-06,4.28571e-08,0.560332
135.97,1.24242e-06,4.32222e-08,0.560332
135.98,9.04331e-07,4.35362e-08,0.560332
135.99,5.65253e-07,4.38005e-08,0.560332
136,2.2559e-07,4.40171e-08,0.560332
136.01,-1.14255e-07,4.41874e-08,0.560332
136.02,-4.53879e-07,4.4312e-08,0.560332
136.03,-7.92878e-07,4.43917e-08,0.560332
136.04,-1.13085e-06,4.44273e-08,0.560332
136.05,-1.46737e-06,4.44181e-08,0.560332
136.06,-1.80205e-06,4.43638e-08,0.560332
136.07,-2.13444e-06,4.42631e-08,0.560332
136.08,-2.46412e-06,4.41147e-08,0.560332
136.09,-2.79064e-06,4.39151e-08,0.560332
136.1,-3.11351e-06,4.36609e-08,0.560332
136.11,-3.43224e-06,4.33467e-08,0.560332
136.12,-3.74628e-06,4.29658e-08,0.560332
136.13,-4.05501e-06,4.25087e-08,0.560332
136.14,-4.35773e-06,4.19621e-08,0.560333
136.15,-4.65357e-06,4.13079e-08,0.560333
136.16,-4.94146e-06,4.05204e-08,0.560333
136.17,-5.21994e-06,3.95584e-08,0.560333
136.18,-5.48682e-06,3.83595e-08,0.560333
136.19,-5.73749e-06,3.71951e-08,0.560333
136.2,-5.95381e-06,3.57978e-08,0.560333
136.21,-6.1156e-06,3.20317e-08,0.560333
136.22,-6.15295e-06,1.98732e-08,0.560333
136.23,-6.05951e-06,2.51325e-08,0.560333
136.24,-5.95303e-06,3.00709e-08,0.560334
136.25,-5.83437e-06,3.47046e-08,0.560334
136.26,-5.70431e-06,3.90499e-08,0.560334
136.27,-5.5636e-06,4.312e-08,0.560334
136.28,-5.4129e-06,4.69298e-08,0.560334
136.29,-5.25287e-06,5.04926e-08,0.560334
136.3,-5.0841e-06,5.38214e-08,0.560335
136.31,-4.90713e-06,5.69281e-08,0.560335
136.32,-4.72252e-06,5.98244e-08,0.560335
136.33,-4.53074e-06,6.25213e-08,0.560335
136.34,-4.33228e-06,6.50297e-08,0.560335
136.35,-4.12758e-06,6.73591e-08,0.560335
136.36,-3.91708e-06,6.95193e-08,0.560335
136.37,-3.70118e-06,7.15193e-08,0.560335
136.38,-3.48028e-06,7.33673e-08,0.560335
136.39,-3.25477e-06,7.50713e-08,0.560336
136.4,-3.02499e-06,7.66393e-08,0.560336
136.41,-2.79133e-06,7.80783e-08,0.560336
136.42,-2.5541e-06,7.93951e-08,0.560336
136.43,-2.31367e-06,8.0596e-08,0.560336
136.44,-2.07035e-06,8.16865e-08,0.560336
136.45,-1.82446e-06,8.2673e-08,0.560336
136.46,-1.57632e-06,8.35601e-08,0.560336
136.47,-1.32623e-06,8.43525e-08,0.560336
136.48,-1.07452e-06,8.50551e-08,0.560336
136.49,-8.21459e-07,8.56718e-08,0.560336
136.5,-5.67359e-07,8.62065e-08,0.560336
136.51,-3.1251e-07,8.66626e-08,0.560336
136.52,-5.71982e-08,8.70433e-08,0.560336
136.53,1.98289e-07,8.73506e-08,0.560336
136.54,4.53668e-07,8.75876e-08,0.560336
136.55,7.08659e-07,8.77563e-08,0.560336
136.56,9.62982e-07,8.7858e-08,0.560336
136.57,1.21636e-06,8.78945e-08,0.560336
136.58,1.46852e-06,8.78665e-08,0.560336
136.59,1.71917e-06,8.77742e-08,0.560336
136.6,1.96806e-06,8.76177e-08,0.560336
136.61,2.2149e-06,8.73971e-08,0.560336
136.62,2.45943e-06,8.71106e-08,0.560336
136.63,2.70135e-06,8.67563e-08,0.560336
136.64,2.94041e-06,8.63322e-08,0.560336
136.65,3.17631e-06,8.58346e-08,0.560336
136.66,3.40877e-06,8.52586e-08,0.560336
136.67,3.63752e-06,8.45984e-08,0.560336
136.68,3.86224e-06,8.38468e-08,0.560336
136.69,4.08263e-06,8.29934e-08,0.560336
136.7,4.29838e-06,8.20263e-08,0.560336
136.71,4.50914e-06,8.09292e-08,0.560336
136.72,4.71454e-06,7.96809e-08,0.560335
136.73,4.91418e-06,7.82541e-08,0.560335
136.74,5.10765e-06,7.66571e-08,0.560335
136.75,5.29451e-06,7.49093e-08,0.560335
136.76,5.47406e-06,7.29146e-08,0.560335
136.77,5.64541e-06,7.05291e-08,0.560335
136.78,5.80731e-06,6.7525e-08,0.560335
136.79,5.95787e-06,6.35099e-08,0.560335
136.8,6.08798e-06,5.79256e-08,0.560335
136.81,6.17572e-06,4.82628e-08,0.560334
136.82,6.19049e-06,2.86528e-08,0.560334
136.83,6.04981e-06,1.87966e-08,0.560334
136.84,5.87211e-06,2.25343e-08,0.560334
136.85,5.67801e-06,2.59149e-08,0.560334
136.86,5.46878e-06,2.89721e-08,0.560334
136.87,5.24556e-06,3.17366e-08,0.560334
136.88,5.00946e-06,3.42372e-08,0.560333
136.89,4.76147e-06,3.64983e-08,0.560333
136.9,4.50256e-06,3.85433e-08,0.560333
136.91,4.23373e-06,4.02946e-08,0.560333
136.92,3.95615e-06,4.15315e-08,0.560333
136.93,3.67077e-06,4.25353e-08,0.560333
136.94,3.37835e-06,4.34527e-08,0.560333
136.95,3.07956e-06,4.42891e-08,0.560332
136.96,2.77499e-06,4.50498e-08,0.560332
136.97,2.46525e-06,4.57392e-08,0.560332
136.98,2.15089e-06,4.63612e-08,0.560332
136.99,1.83247e-06,4.69204e-08,0.560332
137,1.5105e-06,4.74203e-08,0.560332
137.01,1.18551e-06,4.78642e-08,0.560332
137.02,8.57976e-07,4.8255e-08,0.560332
137.03,5.28392e-07,4.85951e-08,0.560332
137.04,1.97223e-07,4.88879e-08,0.560332
137.05,-1.35072e-07,4.91353e-08,0.560332
137.06,-4.68047e-07,4.9339e-08,0.560332
137.07,-8.01262e-07,4.95007e-08,0.560332
137.08,-1.13429e-06,4.96214e-08,0.560332
137.09,-1.46671e-06,4.97026e-08,0.560332
137.1,-1.79809e-06,4.97448e-08,0.560332
137.11,-2.12804e-06,4.97488e-08,0.560332
137.12,-2.45615e-06,4.97138e-08,0.560332
137.13,-2.78201e-06,4.96397e-08,0.560332
137.14,-3.10521e-06,4.95254e-08,0.560332
137.15,-3.42538e-06,4.93707e-08,0.560332
137.16,-3.74209e-06,4.91723e-08,0.560332
137.17,-4.05496e-06,4.8928e-08,0.560332
137.18,-4.36357e-06,4.86335e-08,0.560332
137.19,-4.66752e-06,4.8284e-08,0.560332
137.2,-4.96636e-06,4.78726e-08,0.560332
137.21,-5.25966e-06,4.73898e-08,0.560332
137.22,-5.54693e-06,4.68237e-08,0.560332
137.23,-5.82765e-06,4.61573e-08,0.560332
137.24,-6.10124e-06,4.53679e-08,0.560332
137.25,-6.36701e-06,4.44217e-08,0.560332
137.26,-6.6241e-06,4.32688e-08,0.560333
137.27,-6.8714e-06,4.1828e-08,0.560333
137.28,-7.10725e-06,3.99636e-08,0.560333
137.29,-7.32652e-06,3.76581e-08,0.560333
137.3,-7.51149e-06,3.38461e-08,0.560333
137.31,-7.64182e-06,2.61214e-08,0.560333
137.32,-7.59094e-06,9.32871e-09,0.560333
137.33,-7.3776e-06,1.13611e-08,0.560334
137.34,-7.14781e-06,1.31992e-08,0.560334
137.35,-6.90269e-06,1.48615e-08,0.560334
137.36,-6.64361e-06,1.60922e-08,0.560334
137.37,-6.37194e-06,1.69601e-08,0.560334
137.38,-6.08875e-06,1.77665e-08,0.560334
137.39,-5.79482e-06,1.85137e-08,0.560335
137.4,-5.4909e-06,1.92058e-08,0.560335
137.41,-5.17771e-06,1.98457e-08,0.560335
137.42,-4.85593e-06,2.04361e-08,0.560335
137.43,-4.52622e-06,2.09802e-08,0.560335
137.44,-4.18921e-06,2.148e-08,0.560335
137.45,-3.84552e-06,2.19384e-08,0.560335
137.46,-3.49572e-06,2.2357e-08,0.560336
137.47,-3.1404e-06,2.27386e-08,0.560336
137.48,-2.78011e-06,2.30844e-08,0.560336
137.49,-2.41539e-06,2.33966e-08,0.560336
137.5,-2.04677e-06,2.36767e-08,0.560336
137.51,-1.67477e-06,2.39264e-08,0.560336
137.52,-1.29989e-06,2.4147e-08,0.560336
137.53,-9.22641e-07,2.43398e-08,0.560336
137.54,-5.4351e-07,2.45058e-08,0.560336
137.55,-1.62983e-07,2.46461e-08,0.560336
137.56,2.18459e-07,2.4762e-08,0.560336
137.57,6.0034e-07,2.48539e-08,0.560336
137.58,9.82186e-07,2.49221e-08,0.560336
137.59,1.36353e-06,2.49676e-08,0.560336
137.6,1.74389e-06,2.49905e-08,0.560336
137.61,2.12282e-06,2.49908e-08,0.560336
137.62,2.49982e-06,2.49681e-08,0.560336
137.63,2.87443e-06,2.49224e-08,0.560336
137.64,3.24616e-06,2.48527e-08,0.560336
137.65,3.61452e-06,2.47585e-08,0.560336
137.66,3.97899e-06,2.46384e-08,0.560336
137.67,4.33906e-06,2.44911e-08,0.560336
137.68,4.69417e-06,2.43137e-08,0.560336
137.69,5.04372e-06,2.41034e-08,0.560336
137.7,5.38706e-06,2.38552e-08,0.560336
137.71,5.72345e-06,2.35643e-08,0.560336
137.72,6.05206e-06,2.32223e-08,0.560336
137.73,6.37185e-06,2.28188e-08,0.560336
137.74,6.68151e-06,2.23383e-08,0.560336
137.75,6.97924e-06,2.17575e-08,0.560336
137.76,7.26239e-06,2.10482e-08,0.560336
137.77,7.52589e-06,2.0523e-08,0.560336
137.78,7.7492e-06,1.97395e-08,0.560335
137.79,7.91085e-06,1.76304e-08,0.560335
137.8,7.94197e-06,9.33964e-09,0.560335
137.81,7.78161e-06,1.22708e-08,0.560335
137.82,7.60609e-06,1.50065e-08,0.560335
137.83,7.41636e-06,1.75579e-08,0.560335
137.84,7.21336e-06,1.99354e-08,0.560335
137.85,6.99793e-06,2.2149e-08,0.560334
137.86,6.77087e-06,2.42082e-08,0.560334
137.87,6.53293e-06,2.61218e-08,0.560334
137.88,6.28483e-06,2.78985e-08,0.560334
137.89,6.02723e-06,2.95461e-08,0.560334
137.9,5.76077e-06,3.10722e-08,0.560334
137.91,5.48605e-06,3.2484e-08,0.560333
137.92,5.20366e-06,3.37878e-08,0.560333
137.93,4.91416e-06,3.49902e-08,0.560333
137.94,4.61806e-06,3.60971e-08,0.560333
137.95,4.3159e-06,3.71137e-08,0.560333
137.96,4.00816e-06,3.80456e-08,0.560333
137.97,3.69533e-06,3.88972e-08,0.560333
137.98,3.37788e-06,3.96734e-08,0.560333
137.99,3.05627e-06,4.03777e-08,0.560333
138,2.73094e-06,4.10143e-08,0.560333
138.01,2.40233e-06,4.1587e-08,0.560332
138.02,2.07087e-06,4.20986e-08,0.560332
138.03,1.73699e-06,4.25523e-08,0.560332
138.04,1.4011e-06,4.29506e-08,0.560332
138.05,1.06363e-06,4.32961e-08,0.560332
138.06,7.24967e-07,4.35909e-08,0.560332
138.07,3.8553e-07,4.38368e-08,0.560332
138.08,4.57215e-08,4.40347e-08,0.560332
138.09,-2.94056e-07,4.41867e-08,0.560332
138.1,-6.33398e-07,4.42934e-08,0.560332
138.11,-9.71902e-07,4.43549e-08,0.560332
138.12,-1.30916e-06,4.43718e-08,0.560332
138.13,-1.64476e-06,4.43437e-08,0.560332
138.14,-1.97827e-06,4.42694e-08,0.560332
138.15,-2.30929e-06,4.41476e-08,0.560332
138.16,-2.63735e-06,4.39761e-08,0.560332
138.17,-2.962e-06,4.37518e-08,0.560332
138.18,-3.28275e-06,4.34697e-08,0.560332
138.19,-3.59907e-06,4.31241e-08,0.560332
138.2,-3.91038e-06,4.27073e-08,0.560332
138.21,-4.21602e-06,4.22078e-08,0.560332
138.22,-4.51521e-06,4.16096e-08,0.560332
138.23,-4.807e-06,4.08912e-08,0.560332
138.24,-5.09013e-06,4.00195e-08,0.560333
138.25,-5.36281e-06,3.89438e-08,0.560333
138.26,-5.62222e-06,3.75818e-08,0.560333
138.27,-5.85738e-06,3.66168e-08,0.560333
138.28,-6.04811e-06,3.42831e-08,0.560333
138.29,-6.16339e-06,2.70895e-08,0.560333
138.3,-6.1055e-06,2.23032e-08,0.560333
138.31,-6.00501e-06,2.74141e-08,0.560333
138.32,-5.89196e-06,3.22119e-08,0.560334
138.33,-5.76715e-06,3.67117e-08,0.560334
138.34,-5.63134e-06,4.09291e-08,0.560334
138.35,-5.48524e-06,4.48786e-08,0.560334
138.36,-5.32951e-06,4.85739e-08,0.560334
138.37,-5.16477e-06,5.2028e-08,0.560334
138.38,-4.99157e-06,5.52535e-08,0.560334
138.39,-4.81048e-06,5.82623e-08,0.560335
138.4,-4.62201e-06,6.10659e-08,0.560335
138.41,-4.42662e-06,6.36749e-08,0.560335
138.42,-4.2248e-06,6.60997e-08,0.560335
138.43,-4.01697e-06,6.83503e-08,0.560335
138.44,-3.80355e-06,7.04353e-08,0.560335
138.45,-3.58495e-06,7.23644e-08,0.560335
138.46,-3.36155e-06,7.41454e-08,0.560335
138.47,-3.13373e-06,7.57861e-08,0.560335
138.48,-2.90185e-06,7.72936e-08,0.560335
138.49,-2.66625e-06,7.86752e-08,0.560335
138.5,-2.42729e-06,7.99371e-08,0.560336
138.51,-2.18528e-06,8.1086e-08,0.560336
138.52,-1.94055e-06,8.21277e-08,0.560336
138.53,-1.69343e-06,8.30668e-08,0.560336
138.54,-1.44422e-06,8.39096e-08,0.560336
138.55,-1.19323e-06,8.46596e-08,0.560336
138.56,-9.40765e-07,8.53214e-08,0.560336
138.57,-6.87118e-07,8.5899e-08,0.560336
138.58,-4.32583e-07,8.6396e-08,0.560336
138.59,-1.77451e-07,8.68158e-08,0.560336
138.6,7.79906e-08,8.7161e-08,0.560336
138.61,3.33457e-07,8.74346e-08,0.560336
138.62,5.88668e-07,8.76385e-08,0.560336
138.63,8.43341e-07,8.77753e-08,0.560336
138.64,1.0972e-06,8.78454e-08,0.560336
138.65,1.34997e-06,8.785e-08,0.560336
138.66,1.60136e-06,8.7791e-08,0.560336
138.67,1.85112e-06,8.76675e-08,0.560336
138.68,2.09896e-06,8.74794e-08,0.560336
138.69,2.34461e-06,8.72262e-08,0.560336
138.7,2.58779e-06,8.69061e-08,0.560336
138.71,2.82823e-06,8.65172e-08,0.560336
138.72,3.06566e-06,8.60564e-08,0.560336
138.73,3.29978e-06,8.55196e-08,0.560336
138.74,3.53031e-06,8.49016e-08,0.560336
138.75,3.75696e-06,8.41958e-08,0.560336
138.76,3.97943e-06,8.33932e-08,0.560336
138.77,4.19741e-06,8.24826e-08,0.560335
138.78,4.41056e-06,8.14503e-08,0.560335
138.79,4.61853e-06,8.02777e-08,0.560335
138.8,4.82093e-06,7.89399e-08,0.560335
138.81,5.01736e-06,7.74145e-08,0.560335
138.82,5.2074e-06,7.57484e-08,0.560335
138.83,5.39049e-06,7.38851e-08,0.560335
138.84,5.56583e-06,7.17064e-08,0.560335
138.85,5.73237e-06,6.90299e-08,0.560335
138.86,5.88857e-06,6.55567e-08,0.560335
138.87,6.03101e-06,6.08671e-08,0.560334
138.88,6.14085e-06,5.35084e-08,0.560334
138.89,6.19668e-06,3.99828e-08,0.560334
138.9,6.12742e-06,1.7226e-08,0.560334
138.91,5.95789e-06,2.11138e-08,0.560334
138.92,5.77135e-06,2.46296e-08,0.560334
138.93,5.56909e-06,2.78094e-08,0.560334
138.94,5.35232e-06,3.06854e-08,0.560333
138.95,5.12215e-06,3.32865e-08,0.560333
138.96,4.87964e-06,3.56385e-08,0.560333
138.97,4.62576e-06,3.77659e-08,0.560333
138.98,4.36143e-06,3.96785e-08,0.560333
138.99,4.08787e-06,4.11425e-08,0.560333
139,3.80603e-06,4.21971e-08,0.560333
139.01,3.51685e-06,4.31454e-08,0.560332
139.02,3.22098e-06,4.4011e-08,0.560332
139.03,2.91905e-06,4.47987e-08,0.560332
139.04,2.61168e-06,4.55138e-08,0.560332
139.05,2.29942e-06,4.61605e-08,0.560332
139.06,1.98284e-06,4.67428e-08,0.560332
139.07,1.66248e-06,4.72644e-08,0.560332
139.08,1.33885e-06,4.77286e-08,0.560332
139.09,1.01245e-06,4.81388e-08,0.560332
139.1,6.83773e-07,4.84983e-08,0.560332
139.11,3.53293e-07,4.88091e-08,0.560332
139.12,2.14724e-08,4.90733e-08,0.560332
139.13,-3.11238e-07,4.92929e-08,0.560332
139.14,-6.44394e-07,4.94706e-08,0.560332
139.15,-9.77563e-07,4.96071e-08,0.560331
139.16,-1.31032e-06,4.97036e-08,0.560331
139.17,-1.64224e-06,4.97613e-08,0.560331
139.18,-1.97292e-06,4.97804e-08,0.560331
139.19,-2.30194e-06,4.97609e-08,0.560331
139.2,-2.62891e-06,4.97034e-08,0.560331
139.21,-2.95341e-06,4.96065e-08,0.560332
139.22,-3.27506e-06,4.94695e-08,0.560332
139.23,-3.59345e-06,4.92904e-08,0.560332
139.24,-3.90818e-06,4.90666e-08,0.560332
139.25,-4.21885e-06,4.87951e-08,0.560332
139.26,-4.52504e-06,4.84707e-08,0.560332
139.27,-4.82634e-06,4.80878e-08,0.560332
139.28,-5.1223e-06,4.76385e-08,0.560332
139.29,-5.41247e-06,4.71126e-08,0.560332
139.3,-5.69634e-06,4.64954e-08,0.560332
139.31,-5.97337e-06,4.57668e-08,0.560332
139.32,-6.24291e-06,4.48984e-08,0.560332
139.33,-6.50421e-06,4.38495e-08,0.560332
139.34,-6.75628e-06,4.25556e-08,0.560332
139.35,-6.99777e-06,4.09119e-08,0.560332
139.36,-7.2265e-06,3.8788e-08,0.560333
139.37,-7.42962e-06,3.59356e-08,0.560333
139.38,-7.58954e-06,3.05323e-08,0.560333
139.39,-7.66575e-06,1.68403e-08,0.560333
139.4,-7.48214e-06,1.00152e-08,0.560333
139.41,-7.25977e-06,1.19815e-08,0.560333
139.42,-7.02156e-06,1.37601e-08,0.560334
139.43,-6.7687e-06,1.52821e-08,0.560334
139.44,-6.50266e-06,1.62729e-08,0.560334
139.45,-6.22466e-06,1.71263e-08,0.560334
139.46,-5.93558e-06,1.79188e-08,0.560334
139.47,-5.63616e-06,1.86532e-08,0.560334
139.48,-5.32715e-06,1.93333e-08,0.560335
139.49,-5.00925e-06,1.99617e-08,0.560335
139.5,-4.68311e-06,2.05411e-08,0.560335
139.51,-4.3494e-06,2.10742e-08,0.560335
139.52,-4.00871e-06,2.15637e-08,0.560335
139.53,-3.66166e-06,2.20121e-08,0.560335
139.54,-3.30882e-06,2.24211e-08,0.560335
139.55,-2.95075e-06,2.27934e-08,0.560335
139.56,-2.58801e-06,2.31304e-08,0.560336
139.57,-2.22112e-06,2.3434e-08,0.560336
139.58,-1.85061e-06,2.3706e-08,0.560336
139.59,-1.47699e-06,2.39477e-08,0.560336
139.6,-1.10077e-06,2.41605e-08,0.560336
139.61,-7.2244e-07,2.43461e-08,0.560336
139.62,-3.42487e-07,2.45049e-08,0.560336
139.63,3.86043e-08,2.46379e-08,0.560336
139.64,4.20356e-07,2.47462e-08,0.560336
139.65,8.02295e-07,2.48307e-08,0.560336
139.66,1.18395e-06,2.48916e-08,0.560336
139.67,1.56485e-06,2.49296e-08,0.560336
139.68,1.94452e-06,2.49442e-08,0.560336
139.69,2.3225e-06,2.49358e-08,0.560336
139.7,2.6983e-06,2.49043e-08,0.560336
139.71,3.07146e-06,2.48494e-08,0.560336
139.72,3.44147e-06,2.47703e-08,0.560336
139.73,3.80785e-06,2.46658e-08,0.560336
139.74,4.17007e-06,2.45342e-08,0.560336
139.75,4.52759e-06,2.43736e-08,0.560336
139.76,4.87984e-06,2.41815e-08,0.560336
139.77,5.22619e-06,2.39539e-08,0.560336
139.78,5.56596e-06,2.36859e-08,0.560336
139.79,5.89835e-06,2.3371e-08,0.560336
139.8,6.22244e-06,2.30005e-08,0.560336
139.81,6.53706e-06,2.25602e-08,0.560336
139.82,6.84067e-06,2.20323e-08,0.560336
139.83,7.13109e-06,2.13861e-08,0.560336
139.84,7.40509e-06,2.06772e-08,0.560335
139.85,7.65027e-06,2.01982e-08,0.560335
139.86,7.84434e-06,1.88612e-08,0.560335
139.87,7.95587e-06,1.51387e-08,0.560335
139.88,7.85968e-06,1.09346e-08,0.560335
139.89,7.69111e-06,1.37595e-08,0.560335
139.9,7.5079e-06,1.6395e-08,0.560335
139.91,7.31099e-06,1.88521e-08,0.560334
139.92,7.10126e-06,2.11406e-08,0.560334
139.93,6.87954e-06,2.32704e-08,0.560334
139.94,6.64659e-06,2.52502e-08,0.560334
139.95,6.40316e-06,2.70896e-08,0.560334
139.96,6.14992e-06,2.87963e-08,0.560334
139.97,5.88753e-06,3.03783e-08,0.560333
139.98,5.6166e-06,3.18425e-08,0.560333
139.99,5.33773e-06,3.31957e-08,0.560333
140,5.05149e-06,3.44448e-08,0.560333
140.01,4.75841e-06,3.55956e-08,0.560333
140.02,4.45903e-06,3.66538e-08,0.560333
140.03,4.15384e-06,3.76245e-08,0.560333
140.04,3.84333e-06,3.8513e-08,0.560333
140.05,3.52799e-06,3.93236e-08,0.560333
140.06,3.20827e-06,4.00606e-08,0.560332
140.07,2.88462e-06,4.07283e-08,0.560332
140.08,2.55749e-06,4.13301e-08,0.560332
140.09,2.22732e-06,4.18698e-08,0.560332
140.1,1.89452e-06,4.23501e-08,0.560332
140.11,1.55952e-06,4.2774e-08,0.560332
140.12,1.22273e-06,4.31438e-08,0.560332
140.13,8.84573e-07,4.34619e-08,0.560332
140.14,5.45447e-07,4.37302e-08,0.560332
140.15,2.05759e-07,4.39505e-08,0.560332
140.16,-1.34087e-07,4.41239e-08,0.560332
140.17,-4.73688e-07,4.42515e-08,0.560332
140.18,-8.12641e-07,4.4334e-08,0.560332
140.19,-1.15054e-06,4.43719e-08,0.560332
140.2,-1.48697e-06,4.43648e-08,0.560332
140.21,-1.82152e-06,4.43126e-08,0.560332
140.22,-2.15377e-06,4.42132e-08,0.560332
140.23,-2.48328e-06,4.40654e-08,0.560332
140.24,-2.8096e-06,4.38663e-08,0.560332
140.25,-3.13225e-06,4.36117e-08,0.560332
140.26,-3.45072e-06,4.32968e-08,0.560332
140.27,-3.76447e-06,4.29146e-08,0.560332
140.28,-4.07287e-06,4.24555e-08,0.560332
140.29,-4.37521e-06,4.19057e-08,0.560332
140.3,-4.67062e-06,4.12466e-08,0.560332
140.31,-4.95801e-06,4.04514e-08,0.560332
140.32,-5.23588e-06,3.94802e-08,0.560332
140.33,-5.50198e-06,3.82667e-08,0.560332
140.34,-5.75126e-06,3.71396e-08,0.560333
140.35,-5.96501e-06,3.56612e-08,0.560333
140.36,-6.1226e-06,3.16491e-08,0.560333
140.37,-6.14794e-06,1.96277e-08,0.560333
140.38,-6.0537e-06,2.49011e-08,0.560333
140.39,-5.94648e-06,2.98532e-08,0.560333
140.4,-5.82713e-06,3.44994e-08,0.560333
140.41,-5.69643e-06,3.8856e-08,0.560334
140.42,-5.5551e-06,4.29375e-08,0.560334
140.43,-5.40385e-06,4.67576e-08,0.560334
140.44,-5.24328e-06,5.03301e-08,0.560334
140.45,-5.07401e-06,5.36675e-08,0.560334
140.46,-4.89658e-06,5.67826e-08,0.560334
140.47,-4.71153e-06,5.96867e-08,0.560334
140.48,-4.51935e-06,6.23911e-08,0.560334
140.49,-4.32051e-06,6.49061e-08,0.560335
140.5,-4.11546e-06,6.72421e-08,0.560335
140.51,-3.90463e-06,6.94083e-08,0.560335
140.52,-3.68842e-06,7.14138e-08,0.560335
140.53,-3.46724e-06,7.3267e-08,0.560335
140.54,-3.24147e-06,7.49763e-08,0.560335
140.55,-3.01145e-06,7.65487e-08,0.560335
140.56,-2.77757e-06,7.79919e-08,0.560335
140.57,-2.54015e-06,7.93129e-08,0.560335
140.58,-2.29953e-06,8.05172e-08,0.560335
140.59,-2.05605e-06,8.16114e-08,0.560335
140.6,-1.81002e-06,8.26008e-08,0.560336
140.61,-1.56176e-06,8.34908e-08,0.560336
140.62,-1.31157e-06,8.42861e-08,0.560336
140.63,-1.05977e-06,8.49908e-08,0.560336
140.64,-8.06639e-07,8.56098e-08,0.560336
140.65,-5.52487e-07,8.61462e-08,0.560336
140.66,-2.97603e-07,8.66038e-08,0.560336
140.67,-4.22728e-08,8.6985e-08,0.560336
140.68,2.13216e-07,8.72938e-08,0.560336
140.69,4.68582e-07,8.75317e-08,0.560336
140.7,7.23541e-07,8.77014e-08,0.560336
140.71,9.77817e-07,8.78038e-08,0.560336
140.72,1.23113e-06,8.78403e-08,0.560336
140.73,1.48321e-06,8.78124e-08,0.560336
140.74,1.73377e-06,8.772e-08,0.560336
140.75,1.98255e-06,8.75634e-08,0.560336
140.76,2.22926e-06,8.7342e-08,0.560336
140.77,2.47364e-06,8.70545e-08,0.560336
140.78,2.7154e-06,8.66994e-08,0.560336
140.79,2.95428e-06,8.62736e-08,0.560336
140.8,3.18999e-06,8.5774e-08,0.560336
140.81,3.42225e-06,8.51953e-08,0.560335
140.82,3.65076e-06,8.45322e-08,0.560335
140.83,3.87524e-06,8.37766e-08,0.560335
140.84,4.09537e-06,8.29191e-08,0.560335
140.85,4.31084e-06,8.19468e-08,0.560335
140.86,4.52129e-06,8.08431e-08,0.560335
140.87,4.72637e-06,7.95869e-08,0.560335
140.88,4.92566e-06,7.81499e-08,0.560335
140.89,5.11876e-06,7.65469e-08,0.560335
140.9,5.30521e-06,7.47888e-08,0.560335
140.91,5.48431e-06,7.27768e-08,0.560335
140.92,5.65515e-06,7.03633e-08,0.560335
140.93,5.81645e-06,6.73146e-08,0.560334
140.94,5.96626e-06,6.32231e-08,0.560334
140.95,6.09443e-06,5.74978e-08,0.560334
140.96,6.1791e-06,4.74914e-08,0.560334
140.97,6.18717e-06,2.67556e-08,0.560334
140.98,6.04011e-06,1.8811e-08,0.560334
140.99,5.8614e-06,2.25476e-08,0.560334
141,5.66636e-06,2.59263e-08,0.560333
141.01,5.45626e-06,2.89822e-08,0.560333
141.02,5.23225e-06,3.17456e-08,0.560333
141.03,4.99541e-06,3.42453e-08,0.560333
141.04,4.74675e-06,3.65057e-08,0.560333
141.05,4.48721e-06,3.85504e-08,0.560333
141.06,4.21783e-06,4.02847e-08,0.560332
141.07,3.93976e-06,4.15054e-08,0.560332
141.08,3.65394e-06,4.25103e-08,0.560332
141.09,3.36113e-06,4.34291e-08,0.560332
141.1,3.06197e-06,4.42666e-08,0.560332
141.11,2.75708e-06,4.50281e-08,0.560332
141.12,2.44705e-06,4.57182e-08,0.560332
141.13,2.13243e-06,4.63411e-08,0.560332
141.14,1.81378e-06,4.69008e-08,0.560332
141.15,1.49162e-06,4.74013e-08,0.560332
141.16,1.16646e-06,4.78451e-08,0.560332
141.17,8.38792e-07,4.82359e-08,0.560331
141.18,5.091e-07,4.85769e-08,0.560331
141.19,1.7785e-07,4.88694e-08,0.560331
141.2,-1.545e-07,4.91164e-08,0.560331
141.21,-4.87503e-07,4.93197e-08,0.560331
141.22,-8.20721e-07,4.94812e-08,0.560331
141.23,-1.15373e-06,4.9602e-08,0.560331
141.24,-1.48609e-06,4.96826e-08,0.560331
141.25,-1.81741e-06,4.97239e-08,0.560331
141.26,-2.14727e-06,4.97268e-08,0.560331
141.27,-2.47525e-06,4.96913e-08,0.560331
141.28,-2.80097e-06,4.96166e-08,0.560331
141.29,-3.12401e-06,4.95016e-08,0.560331
141.3,-3.44398e-06,4.93459e-08,0.560331
141.31,-3.76048e-06,4.91466e-08,0.560331
141.32,-4.07312e-06,4.89006e-08,0.560331
141.33,-4.38147e-06,4.86043e-08,0.560331
141.34,-4.68512e-06,4.82523e-08,0.560332
141.35,-4.98366e-06,4.78376e-08,0.560332
141.36,-5.27661e-06,4.73517e-08,0.560332
141.37,-5.56352e-06,4.67815e-08,0.560332
141.38,-5.84384e-06,4.61098e-08,0.560332
141.39,-6.11699e-06,4.53126e-08,0.560332
141.4,-6.38228e-06,4.43562e-08,0.560332
141.41,-6.63884e-06,4.31895e-08,0.560332
141.42,-6.88551e-06,4.1729e-08,0.560332
141.43,-7.12062e-06,3.9834e-08,0.560332
141.44,-7.33841e-06,3.7488e-08,0.560332
141.45,-7.5209e-06,3.35344e-08,0.560333
141.46,-7.64678e-06,2.54246e-08,0.560333
141.47,-7.58097e-06,9.19763e-09,0.560333
141.48,-7.36645e-06,1.12428e-08,0.560333
141.49,-7.13556e-06,1.30923e-08,0.560333
141.5,-6.88942e-06,1.47619e-08,0.560334
141.51,-6.62942e-06,1.59742e-08,0.560334
141.52,-6.35692e-06,1.685e-08,0.560334
141.53,-6.07296e-06,1.76631e-08,0.560334
141.54,-5.77832e-06,1.84172e-08,0.560334
141.55,-5.47373e-06,1.91155e-08,0.560334
141.56,-5.15993e-06,1.97609e-08,0.560335
141.57,-4.83759e-06,2.03569e-08,0.560335
141.58,-4.50737e-06,2.09059e-08,0.560335
141.59,-4.16989e-06,2.14107e-08,0.560335
141.6,-3.82576e-06,2.18732e-08,0.560335
141.61,-3.47558e-06,2.22959e-08,0.560335
141.62,-3.1199e-06,2.26811e-08,0.560335
141.63,-2.7593e-06,2.30304e-08,0.560335
141.64,-2.39429e-06,2.33458e-08,0.560335
141.65,-2.02543e-06,2.36291e-08,0.560335
141.66,-1.65321e-06,2.38813e-08,0.560336
141.67,-1.27815e-06,2.41045e-08,0.560336
141.68,-9.00754e-07,2.43e-08,0.560336
141.69,-5.21505e-07,2.44682e-08,0.560336
141.7,-1.40891e-07,2.46106e-08,0.560336
141.71,2.40608e-07,2.47283e-08,0.560336
141.72,6.22517e-07,2.48217e-08,0.560336
141.73,1.00436e-06,2.48915e-08,0.560336
141.74,1.38567e-06,2.49378e-08,0.560336
141.75,1.76598e-06,2.49617e-08,0.560336
141.76,2.14481e-06,2.49627e-08,0.560336
141.77,2.5217e-06,2.49406e-08,0.560336
141.78,2.89616e-06,2.48955e-08,0.560336
141.79,3.26771e-06,2.48267e-08,0.560336
141.8,3.63587e-06,2.47332e-08,0.560336
141.81,4.00011e-06,2.46134e-08,0.560336
141.82,4.35991e-06,2.4466e-08,0.560336
141.83,4.71471e-06,2.42879e-08,0.560336
141.84,5.06392e-06,2.40767e-08,0.560336
141.85,5.40688e-06,2.38274e-08,0.560336
141.86,5.74285e-06,2.35346e-08,0.560336
141.87,6.07097e-06,2.31903e-08,0.560336
141.88,6.39021e-06,2.27839e-08,0.560335
141.89,6.69923e-06,2.22995e-08,0.560335
141.9,6.9962e-06,2.17126e-08,0.560335
141.91,7.27839e-06,2.10003e-08,0.560335
141.92,7.54022e-06,2.04911e-08,0.560335
141.93,7.76058e-06,1.96576e-08,0.560335
141.94,7.91759e-06,1.74252e-08,0.560335
141.95,7.93359e-06,9.86767e-09,0.560335
141.96,7.77227e-06,1.27642e-08,0.560335
141.97,7.59584e-06,1.54672e-08,0.560334
141.98,7.40527e-06,1.7988e-08,0.560334
141.99,7.20148e-06,2.03365e-08,0.560334
142,6.98531e-06,2.2523e-08,0.560334
142.01,6.75756e-06,2.45569e-08,0.560334
142.02,6.51898e-06,2.64466e-08,0.560334
142.03,6.27028e-06,2.82009e-08,0.560333
142.04,6.01212e-06,2.98275e-08,0.560333
142.05,5.74514e-06,3.13335e-08,0.560333
142.06,5.46994e-06,3.27268e-08,0.560333
142.07,5.18711e-06,3.40136e-08,0.560333
142.08,4.89718e-06,3.51998e-08,0.560333
142.09,4.60071e-06,3.62915e-08,0.560333
142.1,4.29819e-06,3.72944e-08,0.560333
142.11,3.99013e-06,3.82131e-08,0.560332
142.12,3.67701e-06,3.90523e-08,0.560332
142.13,3.35929e-06,3.98167e-08,0.560332
142.14,3.03744e-06,4.051e-08,0.560332
142.15,2.71189e-06,4.11359e-08,0.560332
142.16,2.3831e-06,4.16986e-08,0.560332
142.17,2.05148e-06,4.2201e-08,0.560332
142.18,1.71747e-06,4.26459e-08,0.560332
142.19,1.38147e-06,4.3036e-08,0.560332
142.2,1.04391e-06,4.33735e-08,0.560332
142.21,7.05189e-07,4.36608e-08,0.560332
142.22,3.65715e-07,4.38995e-08,0.560332
142.23,2.58938e-08,4.40912e-08,0.560332
142.24,-3.13872e-07,4.4237e-08,0.560332
142.25,-6.5318e-07,4.43374e-08,0.560332
142.26,-9.91624e-07,4.43933e-08,0.560332
142.27,-1.3288e-06,4.44049e-08,0.560332
142.28,-1.66429e-06,4.43709e-08,0.560332
142.29,-1.99767e-06,4.42914e-08,0.560332
142.3,-2.32853e-06,4.41645e-08,0.560332
142.31,-2.65641e-06,4.39877e-08,0.560332
142.32,-2.98084e-06,4.37576e-08,0.560332
142.33,-3.30135e-06,4.347e-08,0.560332
142.34,-3.61739e-06,4.31188e-08,0.560332
142.35,-3.92839e-06,4.26957e-08,0.560332
142.36,-4.23368e-06,4.21895e-08,0.560332
142.37,-4.53247e-06,4.15835e-08,0.560332
142.38,-4.8238e-06,4.08555e-08,0.560332
142.39,-5.10637e-06,3.99718e-08,0.560332
142.4,-5.37836e-06,3.88813e-08,0.560332
142.41,-5.63688e-06,3.74989e-08,0.560332
142.42,-5.8699e-06,3.6536e-08,0.560332
142.43,-6.05742e-06,3.40633e-08,0.560332
142.44,-6.16586e-06,2.62053e-08,0.560333
142.45,-6.09936e-06,2.31738e-08,0.560333
142.46,-5.99818e-06,2.82323e-08,0.560333
142.47,-5.88447e-06,3.29805e-08,0.560333
142.48,-5.75904e-06,3.7434e-08,0.560333
142.49,-5.62266e-06,4.16071e-08,0.560333
142.5,-5.47602e-06,4.55144e-08,0.560334
142.51,-5.31978e-06,4.91699e-08,0.560334
142.52,-5.15456e-06,5.25863e-08,0.560334
142.53,-4.98092e-06,5.57763e-08,0.560334
142.54,-4.79941e-06,5.87518e-08,0.560334
142.55,-4.61054e-06,6.15238e-08,0.560334
142.56,-4.41479e-06,6.41032e-08,0.560334
142.57,-4.21262e-06,6.65001e-08,0.560334
142.58,-4.00447e-06,6.87238e-08,0.560335
142.59,-3.79076e-06,7.07839e-08,0.560335
142.6,-3.57188e-06,7.2689e-08,0.560335
142.61,-3.34823e-06,7.44472e-08,0.560335
142.62,-3.12017e-06,7.60667e-08,0.560335
142.63,-2.88807e-06,7.75542e-08,0.560335
142.64,-2.65228e-06,7.89171e-08,0.560335
142.65,-2.41313e-06,8.01617e-08,0.560335
142.66,-2.17097e-06,8.12942e-08,0.560335
142.67,-1.9261e-06,8.232e-08,0.560335
142.68,-1.67885e-06,8.32448e-08,0.560335
142.69,-1.42954e-06,8.40734e-08,0.560335
142.7,-1.17846e-06,8.48102e-08,0.560335
142.71,-9.25922e-07,8.54598e-08,0.560335
142.72,-6.72219e-07,8.60257e-08,0.560335
142.73,-4.17645e-07,8.65117e-08,0.560336
142.74,-1.62492e-07,8.6921e-08,0.560336
142.75,9.29558e-08,8.72565e-08,0.560336
142.76,3.48412e-07,8.75208e-08,0.560336
142.77,6.03596e-07,8.77156e-08,0.560336
142.78,8.58227e-07,8.78434e-08,0.560336
142.79,1.11203e-06,8.79051e-08,0.560336
142.8,1.36472e-06,8.79022e-08,0.560336
142.81,1.61603e-06,8.78355e-08,0.560336
142.82,1.86568e-06,8.7705e-08,0.560336
142.83,2.1134e-06,8.75101e-08,0.560335
142.84,2.35891e-06,8.72498e-08,0.560335
142.85,2.60194e-06,8.69228e-08,0.560335
142.86,2.84221e-06,8.6527e-08,0.560335
142.87,3.07944e-06,8.6059e-08,0.560335
142.88,3.31336e-06,8.55151e-08,0.560335
142.89,3.54367e-06,8.48897e-08,0.560335
142.9,3.77009e-06,8.4176e-08,0.560335
142.91,3.9923e-06,8.3365e-08,0.560335
142.92,4.21001e-06,8.24461e-08,0.560335
142.93,4.42286e-06,8.14044e-08,0.560335
142.94,4.63052e-06,8.02207e-08,0.560335
142.95,4.83259e-06,7.8871e-08,0.560335
142.96,5.02865e-06,7.73342e-08,0.560335
142.97,5.21831e-06,7.56572e-08,0.560335
142.98,5.40096e-06,7.37778e-08,0.560334
142.99,5.57582e-06,7.15744e-08,0.560334
143,5.7418e-06,6.88606e-08,0.560334
143.01,5.89733e-06,6.53262e-08,0.560334
143.02,6.03854e-06,6.05632e-08,0.560334
143.03,6.14587e-06,5.29528e-08,0.560334
143.04,6.19746e-06,3.88565e-08,0.560334
143.05,6.11805e-06,1.6722e-08,0.560334
143.06,5.94749e-06,2.06579e-08,0.560333
143.07,5.75999e-06,2.42177e-08,0.560333
143.08,5.55685e-06,2.74369e-08,0.560333
143.09,5.33926e-06,3.03484e-08,0.560333
143.1,5.10834e-06,3.29815e-08,0.560333
143.11,4.86513e-06,3.5363e-08,0.560333
143.12,4.61061e-06,3.75168e-08,0.560332
143.13,4.34571e-06,3.94457e-08,0.560332
143.14,4.07164e-06,4.0907e-08,0.560332
143.15,3.78935e-06,4.19728e-08,0.560332
143.16,3.49976e-06,4.29367e-08,0.560332
143.17,3.20352e-06,4.38169e-08,0.560332
143.18,2.90126e-06,4.46184e-08,0.560332
143.19,2.59358e-06,4.53461e-08,0.560332
143.2,2.28105e-06,4.60044e-08,0.560332
143.21,1.96424e-06,4.65974e-08,0.560331
143.22,1.64367e-06,4.71289e-08,0.560331
143.23,1.31986e-06,4.76025e-08,0.560331
143.24,9.93316e-07,4.80212e-08,0.560331
143.25,6.6452e-07,4.8388e-08,0.560331
143.26,3.33949e-07,4.8706e-08,0.560331
143.27,2.06256e-09,4.89767e-08,0.560331
143.28,-3.30687e-07,4.92027e-08,0.560331
143.29,-6.63857e-07,4.93858e-08,0.560331
143.3,-9.97014e-07,4.95274e-08,0.560331
143.31,-1.32973e-06,4.96284e-08,0.560331
143.32,-1.6616e-06,4.96899e-08,0.560331
143.33,-1.99219e-06,4.97127e-08,0.560331
143.34,-2.3211e-06,4.9697e-08,0.560331
143.35,-2.64794e-06,4.9642e-08,0.560331
143.36,-2.97229e-06,4.95477e-08,0.560331
143.37,-3.29375e-06,4.94124e-08,0.560331
143.38,-3.61194e-06,4.92349e-08,0.560331
143.39,-3.92644e-06,4.90119e-08,0.560331
143.4,-4.23686e-06,4.87407e-08,0.560331
143.41,-4.54278e-06,4.84166e-08,0.560331
143.42,-4.84378e-06,4.8033e-08,0.560331
143.43,-5.13942e-06,4.75823e-08,0.560331
143.44,-5.42923e-06,4.7054e-08,0.560331
143.45,-5.71272e-06,4.6433e-08,0.560332
143.46,-5.98933e-06,4.56994e-08,0.560332
143.47,-6.25842e-06,4.4824e-08,0.560332
143.48,-6.51921e-06,4.37647e-08,0.560332
143.49,-6.7707e-06,4.24557e-08,0.560332
143.5,-7.01152e-06,4.07893e-08,0.560332
143.51,-7.2393e-06,3.86579e-08,0.560332
143.52,-7.44032e-06,3.57026e-08,0.560332
143.53,-7.59704e-06,3.00716e-08,0.560332
143.54,-7.66359e-06,1.4859e-08,0.560333
143.55,-7.46714e-06,1.1279e-08,0.560333
143.56,-7.24404e-06,1.31249e-08,0.560333
143.57,-7.00516e-06,1.47943e-08,0.560333
143.58,-6.75167e-06,1.62081e-08,0.560333
143.59,-6.48507e-06,1.71174e-08,0.560334
143.6,-6.20656e-06,1.79153e-08,0.560334
143.61,-5.91698e-06,1.86553e-08,0.560334
143.62,-5.61712e-06,1.93404e-08,0.560334
143.63,-5.30768e-06,1.9974e-08,0.560334
143.64,-4.98938e-06,2.05592e-08,0.560334
143.65,-4.66289e-06,2.10978e-08,0.560334
143.66,-4.32883e-06,2.15929e-08,0.560335
143.67,-3.98783e-06,2.2047e-08,0.560335
143.68,-3.6405e-06,2.24617e-08,0.560335
143.69,-3.2874e-06,2.28396e-08,0.560335
143.7,-2.92911e-06,2.3182e-08,0.560335
143.71,-2.56616e-06,2.34914e-08,0.560335
143.72,-2.19909e-06,2.37696e-08,0.560335
143.73,-1.82843e-06,2.40172e-08,0.560335
143.74,-1.45469e-06,2.42361e-08,0.560335
143.75,-1.07836e-06,2.44274e-08,0.560335
143.76,-6.99954e-07,2.45925e-08,0.560335
143.77,-3.19951e-07,2.47324e-08,0.560336
143.78,6.11655e-08,2.4848e-08,0.560336
143.79,4.42917e-07,2.49399e-08,0.560336
143.8,8.24829e-07,2.50088e-08,0.560336
143.81,1.20643e-06,2.50549e-08,0.560336
143.82,1.58725e-06,2.50791e-08,0.560336
143.83,1.96682e-06,2.50808e-08,0.560336
143.84,2.34467e-06,2.50605e-08,0.560336
143.85,2.72032e-06,2.50177e-08,0.560336
143.86,3.0933e-06,2.4952e-08,0.560336
143.87,3.4631e-06,2.48623e-08,0.560336
143.88,3.82924e-06,2.47481e-08,0.560336
143.89,4.19119e-06,2.46074e-08,0.560336
143.9,4.54841e-06,2.44379e-08,0.560336
143.91,4.90032e-06,2.42373e-08,0.560336
143.92,5.2463e-06,2.40013e-08,0.560335
143.93,5.58565e-06,2.3725e-08,0.560335
143.94,5.91758e-06,2.34016e-08,0.560335
143.95,6.24115e-06,2.30217e-08,0.560335
143.96,6.55517e-06,2.25719e-08,0.560335
143.97,6.85807e-06,2.20332e-08,0.560335
143.98,7.14763e-06,2.13743e-08,0.560335
143.99,7.42055e-06,2.06635e-08,0.560335
144,7.66322e-06,2.01849e-08,0.560335
144.01,7.85366e-06,1.87638e-08,0.560335
144.02,7.95808e-06,1.47464e-08,0.560335
144.03,7.84969e-06,1.14351e-08,0.560334
144.04,7.68029e-06,1.42271e-08,0.560334
144.05,7.4963e-06,1.68317e-08,0.560334
144.06,7.29866e-06,1.92595e-08,0.560334
144.07,7.08825e-06,2.15204e-08,0.560334
144.08,6.86589e-06,2.36243e-08,0.560334
144.09,6.63235e-06,2.55803e-08,0.560333
144.1,6.38835e-06,2.73967e-08,0.560333
144.11,6.13458e-06,2.90819e-08,0.560333
144.12,5.8717e-06,3.06435e-08,0.560333
144.13,5.60031e-06,3.2089e-08,0.560333
144.14,5.63358e-06,0.0101893,0.556176
144.15,5.86995e-06,-0.00220192,0.538503
144.16,5.84931e-06,-0.000170537,0.505004
144.17,5.88434e-06,-0.000132998,0.438918
144.18,5.91943e-06,-0.000120187,0.334445
144.19,5.95419e-06,-0.000108623,0.206563
144.2,5.98859e-06,-9.81817e-05,0.0665359
144.21,6.02241e-06,-8.87517e-05,-0.0794988
144.22,6.05558e-06,-8.02336e-05,-0.228494
144.23,6.08813e-06,-7.2538e-05,-0.379004
144.24,6.12013e-06,-6.55848e-05,-0.530354
144.25,6.15172e-06,-5.93025e-05,-0.681469
144.26,6.18286e-06,-5.36256e-05,-0.831403
144.27,6.21382e-06,-4.84955e-05,-0.979955
144.28,6.24463e-06,-4.3859e-05,-1.12724
144.29,6.27517e-06,-3.96683e-05,-1.27346
144.3,6.30533e-06,-3.58804e-05,-1.41883
144.31,6.33506e-06,-3.24564e-05,-1.56356
144.32,6.36429e-06,-2.93613e-05,-1.7078
144.33,6.39299e-06,-2.65635e-05,-1.85166
144.34,6.42111e-06,-2.40345e-05,-1.99524
144.35,6.4486e-06,-2.17486e-05,-2.13861
144.36,6.47513e-06,-1.96819e-05,-2.2818
144.37,6.49777e-06,-1.78087e-05,-2.42395
144.38,6.51717e-06,-1.611e-05,-2.56357
144.39,6.53512e-06,-1.45708e-05,-2.70078
144.4,6.55192e-06,-1.31769e-05,-2.83661
144.41,6.56727e-06,-1.19143e-05,-2.97159
144.42,6.58091e-06,-1.07704e-05,-3.10601
144.43,6.59261e-06,-9.73419e-06,-3.24005
144.44,6.60214e-06,-8.79559e-06,-3.37382
144.45,6.60944e-06,-7.94587e-06,-3.50737
144.46,6.61444e-06,-7.17745e-06,-3.64075
144.47,6.61707e-06,-6.48387e-06,-3.77397
144.48,6.61728e-06,-5.8604e-06,-3.90862
144.49,6.61426e-06,-5.3003e-06,-4.04723
144.5,6.60492e-06,-4.79631e-06,-4.18833
144.51,6.58505e-06,-4.33929e-06,-4.33046
144.52,6.55548e-06,-3.92487e-06,-4.47303
144.53,6.51705e-06,-3.54925e-06,-4.61575
144.54,6.47049e-06,-3.20893e-06,-4.75845
144.55,6.41651e-06,-2.90067e-06,-4.90104
144.56,6.35575e-06,-2.62152e-06,-5.04351
144.57,6.28882e-06,-2.36879e-06,-5.18585
144.58,6.21625e-06,-2.14001e-06,-5.32807
144.59,6.13874e-06,-1.93306e-06,-5.47018
144.6,6.0569e-06,-1.746e-06,-5.6122
144.61,5.9711e-06,-1.57696e-06,-5.75411
144.62,5.88162e-06,-1.42419e-06,-5.89591
144.63,5.78877e-06,-1.28614e-06,-6.0376
144.64,5.69279e-06,-1.1614e-06,-6.17916
144.65,5.59395e-06,-1.04869e-06,-6.32059
144.66,5.49246e-06,-9.46858e-07,-6.46188
144.67,5.38854e-06,-8.54862e-07,-6.60303
144.68,5.28238e-06,-7.71756e-07,-6.74403
144.69,5.17415e-06,-6.96688e-07,-6.88489
144.7,5.06404e-06,-6.28886e-07,-7.02559
144.71,4.95218e-06,-5.67652e-07,-7.16615
144.72,4.83871e-06,-5.12357e-07,-7.30656
144.73,4.72377e-06,-4.6243e-07,-7.44681
144.74,4.60747e-06,-4.17354e-07,-7.58692
144.75,4.48991e-06,-3.76666e-07,-7.72688
144.76,4.37119e-06,-3.39942e-07,-7.86669
144.77,4.25141e-06,-3.06803e-07,-8.00636
144.78,4.13065e-06,-2.76905e-07,-8.14588
144.79,4.00898e-06,-2.49935e-07,-8.28525
144.8,3.88647e-06,-2.25613e-07,-8.42449
144.81,3.76319e-06,-2.03686e-07,-8.56358
144.82,3.6392e-06,-1.83922e-07,-8.70252
144.83,3.51455e-06,-1.66115e-07,-8.84133
144.84,3.38929e-06,-1.50076e-07,-8.97999
144.85,3.26347e-06,-1.35638e-07,-9.11851
144.86,3.13714e-06,-1.22645e-07,-9.25689
144.87,3.01032e-06,-1.1096e-07,-9.39514
144.88,2.88306e-06,-1.00457e-07,-9.53324
144.89,2.7554e-06,-9.10226e-08,-9.67119
144.9,2.62736e-06,-8.25602e-08,-9.80901
144.91,2.49895e-06,-7.49119e-08,-9.94672
144.92,2.37029e-06,-6.79204e-08,-10.0844
144.93,2.24143e-06,-6.15034e-08,-10.222
144.94,2.11242e-06,-5.55945e-08,-10.3597
144.95,1.9833e-06,-5.01392e-08,-10.4973
144.96,1.85409e-06,-4.50923e-08,-10.635
144.97,1.72479e-06,-4.04151e-08,-10.7727
144.98,1.59544e-06,-3.60757e-08,-10.9103
144.99,1.46603e-06,-3.20449e-08,-11.048
145,1.33658e-06,-2.82977e-08,-11.1857
145.01,1.20709e-06,-2.48126e-08,-11.3234
145.02,1.07757e-06,-2.15693e-08,-11.4611
145.03,9.48014e-07,-1.85506e-08,-11.5987
145.04,8.18439e-07,-1.57409e-08,-11.7363
145.05,6.88782e-07,-1.3139e-08,-11.874
145.06,5.59044e-07,-1.07305e-08,-12.0117
145.07,4.29257e-07,-8.49634e-09,-12.1495
145.08,2.99446e-07,-6.42151e-09,-12.2876
145.09,1.69631e-07,-4.49407e-09,-12.4257
145.1,3.98253e-08,-2.7036e-09,-12.5641
145.11,-8.99556e-08,-1.04121e-09,-12.7027
145.12,-2.197e-07,5.01483e-10,-12.8414
145.13,-3.49397e-07,1.93107e-09,-12.9804
145.14,-4.79035e-07,3.25501e-09,-13.1196
145.15,-6.08603e-07,4.4793e-09,-13.259
145.16,-7.38091e-07,5.60996e-09,-13.3987
145.17,-8.67487e-07,6.652e-09,-13.5386
145.18,-9.96779e-07,7.61048e-09,-13.6787
145.19,-1.12596e-06,8.48979e-09,-13.8192
145.2,-1.25501e-06,9.36783e-09,-13.9598
145.21,-1.38393e-06,1.02807e-08,-14.1004
145.22,-1.51272e-06,1.11835e-08,-14.241
145.23,-1.64137e-06,1.20517e-08,-14.3815
145.24,-1.76985e-06,1.28732e-08,-14.5218
145.25,-1.89815e-06,1.36414e-08,-14.662
145.26,-2.02626e-06,1.43537e-08,-14.802
145.27,-2.15415e-06,1.50189e-08,-14.9419
145.28,-2.28183e-06,1.57173e-08,-15.0816
145.29,-2.40927e-06,1.64268e-08,-15.221
145.3,-2.53647e-06,1.712e-08,-15.3601
145.31,-2.66341e-06,1.77833e-08,-15.4988
145.32,-2.79005e-06,1.8409e-08,-15.6373
145.33,-2.91638e-06,1.89938e-08,-15.7754
145.34,-3.04238e-06,1.95362e-08,-15.9133
145.35,-3.16803e-06,2.00358e-08,-16.0508
145.36,-3.2933e-06,2.04938e-08,-16.1879
145.37,-3.41817e-06,2.09107e-08,-16.3248
145.38,-3.54262e-06,2.1288e-08,-16.4613
145.39,-3.66662e-06,2.16263e-08,-16.5974
145.4,-3.79015e-06,2.19272e-08,-16.7332
145.41,-3.91316e-06,2.2192e-08,-16.8685
145.42,-4.03564e-06,2.24214e-08,-17.0035
145.43,-4.15754e-06,2.26165e-08,-17.1381
145.44,-4.27881e-06,2.27786e-08,-17.2722
145.45,-4.39943e-06,2.29087e-08,-17.4058
145.46,-4.51914e-06,2.30581e-08,-17.5391
145.47,-4.63786e-06,2.32544e-08,-17.6721
145.48,-4.75559e-06,2.34862e-08,-17.8049
145.49,-4.8723e-06,2.37405e-08,-17.9377
145.5,-4.98793e-06,2.40055e-08,-18.0704
145.51,-5.10237e-06,2.42726e-08,-18.2031
145.52,-5.2155e-06,2.45363e-08,-18.3358
145.53,-5.32715e-06,2.47939e-08,-18.4684
145.54,-5.4371e-06,2.50439e-08,-18.6011
145.55,-5.5451e-06,2.52881e-08,-18.7337
145.56,-5.65076e-06,2.55302e-08,-18.8663
145.57,-5.75362e-06,2.57769e-08,-18.9989
145.58,-5.85298e-06,2.604e-08,-19.1314
145.59,-5.94745e-06,2.64807e-08,-19.264
145.6,-6.03465e-06,2.76666e-08,-19.3977
145.61,-6.11389e-06,3.21519e-08,-19.5321
145.62,-6.18194e-06,4.26138e-08,-19.6654
145.63,-6.22771e-06,5.32015e-08,-19.7981
145.64,-6.26341e-06,6.17844e-08,-19.9315
145.65,-6.29234e-06,6.75623e-08,-20.0661
145.66,-6.31512e-06,7.13072e-08,-20.202
145.67,-6.33233e-06,7.35852e-08,-20.3389
145.68,-6.34449e-06,7.48423e-08,-20.4768
145.69,-6.35209e-06,7.55195e-08,-20.6155
145.7,-6.3556e-06,7.58019e-08,-20.755
145.71,-6.3555e-06,7.56652e-08,-20.8952
145.72,-6.35215e-06,7.51768e-08,-21.036
145.73,-6.34586e-06,7.44489e-08,-21.1773
145.74,-6.33692e-06,7.35943e-08,-21.3189
145.75,-6.32563e-06,7.27068e-08,-21.4609
145.76,-6.31219e-06,7.18125e-08,-21.6031
145.77,-6.29677e-06,7.09261e-08,-21.7455
145.78,-6.2795e-06,7.00595e-08,-21.8879
145.79,-6.26053e-06,6.92232e-08,-22.0304
145.8,-6.23998e-06,6.84246e-08,-22.173
145.81,-6.21795e-06,6.76672e-08,-22.3156
145.82,-6.19456e-06,6.69553e-08,-22.4582
145.83,-6.1699e-06,6.62898e-08,-22.6009
145.84,-6.14404e-06,6.56707e-08,-22.7436
145.85,-6.11708e-06,6.50976e-08,-22.8863
145.86,-6.08907e-06,6.45679e-08,-23.029
145.87,-6.06008e-06,6.40805e-08,-23.1718
145.88,-6.03018e-06,6.3633e-08,-23.3145
145.89,-5.99941e-06,6.32228e-08,-23.4573
145.9,-5.96783e-06,6.28486e-08,-23.6
145.91,-5.93547e-06,6.25061e-08,-23.7428
145.92,-5.90237e-06,6.21937e-08,-23.8855
145.93,-5.86858e-06,6.19088e-08,-24.0283
145.94,-5.83413e-06,6.16496e-08,-24.1711
145.95,-5.79904e-06,6.14141e-08,-24.3138
145.96,-5.76334e-06,6.12e-08,-24.4566
145.97,-5.72707e-06,6.10052e-08,-24.5994
145.98,-5.69024e-06,6.08288e-08,-24.7421
145.99,-5.65287e-06,6.06689e-08,-24.8849
146,-5.61498e-06,6.05234e-08,-25.0277
146.01,-5.57659e-06,6.03918e-08,-25.1705
146.02,-5.53772e-06,6.02727e-08,-25.3132
146.03,-5.49839e-06,6.01645e-08,-25.456
146.04,-5.45859e-06,6.00668e-08,-25.5988
146.05,-5.41836e-06,5.99784e-08,-25.7416
146.06,-5.3777e-06,5.98984e-08,-25.8843
146.07,-5.33662e-06,5.9826e-08,-26.0271
146.08,-5.29512e-06,5.97604e-08,-26.1699
146.09,-5.25323e-06,5.97013e-08,-26.3126
146.1,-5.21095e-06,5.96475e-08,-26.4554
146.11,-5.16829e-06,5.95994e-08,-26.5982
146.12,-5.12525e-06,5.95555e-08,-26.741
146.13,-5.08184e-06,5.9516e-08,-26.8837
146.14,-5.03807e-06,5.94802e-08,-27.0265
146.15,-4.99395e-06,5.9448e-08,-27.1693
146.16,-4.94948e-06,5.94185e-08,-27.3121
146.17,-4.90467e-06,5.93922e-08,-27.4548
146.18,-4.85952e-06,5.93683e-08,-27.5976
146.19,-4.81403e-06,5.9347e-08,-27.7404
146.2,-4.76822e-06,5.93274e-08,-27.8832
146.21,-4.72209e-06,5.93098e-08,-28.0259
146.22,-4.67565e-06,5.92939e-08,-28.1687
146.23,-4.62888e-06,5.92801e-08,-28.3115
146.24,-4.58181e-06,5.9267e-08,-28.4543
146.25,-4.53444e-06,5.92556e-08,-28.597
146.26,-4.48677e-06,5.92449e-08,-28.7398
146.27,-4.4388e-06,5.92353e-08,-28.8826
146.28,-4.39053e-06,5.92267e-08,-29.0253
146.29,-4.34198e-06,5.92196e-08,-29.1681
146.3,-4.29315e-06,5.92121e-08,-29.3109
146.31,-4.24403e-06,5.9206e-08,-29.4537
146.32,-4.19463e-06,5.92011e-08,-29.5964
146.33,-4.14499e-06,5.92022e-08,-29.7392
146.34,-4.09511e-06,5.92108e-08,-29.882
146.35,-4.045e-06,5.92374e-08,-30.0247
146.36,-3.99466e-06,5.92778e-08,-30.1674
146.37,-3.94409e-06,5.93284e-08,-30.3102
146.38,-3.89329e-06,5.93864e-08,-30.4529
146.39,-3.84226e-06,5.94494e-08,-30.5956
146.4,-3.79101e-06,5.95157e-08,-30.7383
146.41,-3.73953e-06,5.95842e-08,-30.881
146.42,-3.68783e-06,5.9654e-08,-31.0237
146.43,-3.6359e-06,5.97236e-08,-31.1664
146.44,-3.58376e-06,5.9793e-08,-31.3091
146.45,-3.5314e-06,5.98618e-08,-31.4519
146.46,-3.47883e-06,5.99292e-08,-31.5946
146.47,-3.42605e-06,5.99949e-08,-31.7374
146.48,-3.37305e-06,6.00593e-08,-31.8802
146.49,-3.31985e-06,6.01217e-08,-32.0229
146.5,-3.26645e-06,6.01824e-08,-32.1657
146.51,-3.21285e-06,6.02405e-08,-32.3086
146.52,-3.15904e-06,6.02969e-08,-32.4514
146.53,-3.10504e-06,6.03507e-08,-32.5942
146.54,-3.05085e-06,6.04027e-08,-32.7371
146.55,-2.99647e-06,6.04523e-08,-32.88
146.56,-2.9419e-06,6.04998e-08,-33.0229
146.57,-2.88715e-06,6.05452e-08,-33.1658
146.58,-2.83222e-06,6.05884e-08,-33.3088
146.59,-2.77711e-06,6.06299e-08,-33.4517
146.6,-2.72182e-06,6.06687e-08,-33.5947
146.61,-2.66636e-06,6.07058e-08,-33.7377
146.62,-2.61074e-06,6.07412e-08,-33.8807
146.63,-2.55494e-06,6.07749e-08,-34.0238
146.64,-2.49899e-06,6.08062e-08,-34.1669
146.65,-2.44286e-06,6.08269e-08,-34.31
146.66,-2.38655e-06,6.08126e-08,-34.4531
146.67,-2.33005e-06,6.07705e-08,-34.596
146.68,-2.27339e-06,6.07092e-08,-34.7389
146.69,-2.21657e-06,6.06344e-08,-34.8817
146.7,-2.15961e-06,6.05511e-08,-35.0243
146.71,-2.10251e-06,6.04637e-08,-35.1668
146.72,-2.04528e-06,6.03743e-08,-35.3091
146.73,-1.98791e-06,6.02849e-08,-35.4514
146.74,-1.93042e-06,6.01961e-08,-35.5934
146.75,-1.87281e-06,6.01092e-08,-35.7354
146.76,-1.81508e-06,6.00246e-08,-35.8771
146.77,-1.75724e-06,5.99431e-08,-36.0188
146.78,-1.69928e-06,5.98645e-08,-36.1603
146.79,-1.64122e-06,5.9789e-08,-36.3016
146.8,-1.58305e-06,5.97163e-08,-36.4428
146.81,-1.52479e-06,5.96466e-08,-36.5839
146.82,-1.46642e-06,5.95801e-08,-36.7248
146.83,-1.40796e-06,5.95162e-08,-36.8655
146.84,-1.3494e-06,5.94549e-08,-37.0061
146.85,-1.29076e-06,5.93962e-08,-37.1466
146.86,-1.23204e-06,5.93397e-08,-37.2869
146.87,-1.17323e-06,5.92856e-08,-37.427
146.88,-1.11434e-06,5.92337e-08,-37.567
146.89,-1.05538e-06,5.91835e-08,-37.7069
146.9,-9.96345e-07,5.9136e-08,-37.8466
146.91,-9.37222e-07,5.91068e-08,-37.9861
146.92,-8.78014e-07,5.90965e-08,-38.1256
146.93,-8.1873e-07,5.91005e-08,-38.2651
146.94,-7.5938e-07,5.91142e-08,-38.4045
146.95,-6.99972e-07,5.91342e-08,-38.5439
146.96,-6.40512e-07,5.91584e-08,-38.6832
146.97,-5.81006e-07,5.91847e-08,-38.8226
146.98,-5.21458e-07,5.92119e-08,-38.9619
146.99,-4.61873e-07,5.92393e-08,-39.1011
147,-4.02254e-07,5.92662e-08,-39.2404
147.01,-3.42606e-07,5.9292e-08,-39.3796
147.02,-2.82932e-07,5.9317e-08,-39.5187
147.03,-2.23236e-07,5.93404e-08,-39.6579
147.04,-1.63521e-07,5.93629e-08,-39.797
147.05,-1.03792e-07,5.93839e-08,-39.9361
147.06,-4.40505e-08,5.94033e-08,-40.0751
147.07,1.56984e-08,5.94212e-08,-40.2141
147.08,7.54525e-08,5.94382e-08,-40.3531
147.09,1.35207e-07,5.94534e-08,-40.4921
147.1,1.9496e-07,5.94673e-08,-40.631
147.11,2.54707e-07,5.94807e-08,-40.7699
147.12,3.14444e-07,5.94931e-08,-40.9087
147.13,3.74167e-07,5.95034e-08,-41.0476
147.14,4.33874e-07,5.9514e-08,-41.1863
147.15,4.9356e-07,5.95232e-08,-41.3251
147.16,5.53221e-07,5.95313e-08,-41.4638
147.17,6.12854e-07,5.95386e-08,-41.6025
147.18,6.72457e-07,5.95452e-08,-41.7412
147.19,7.32023e-07,5.95511e-08,-41.8798
147.2,7.91552e-07,5.95567e-08,-42.0184
147.21,8.51037e-07,5.95615e-08,-42.1569
147.22,9.10476e-07,5.95657e-08,-42.2954
147.23,9.69865e-07,5.95696e-08,-42.4339
147.24,1.0292e-06,5.95729e-08,-42.5724
147.25,1.08848e-06,5.9576e-08,-42.7108
147.26,1.14769e-06,5.95788e-08,-42.8492
147.27,1.20684e-06,5.95812e-08,-42.9875
147.28,1.26593e-06,5.95833e-08,-43.1258
147.29,1.32494e-06,5.9585e-08,-43.2641
147.3,1.38387e-06,5.95866e-08,-43.4023
147.31,1.44272e-06,5.95881e-08,-43.5405
147.32,1.50149e-06,5.95896e-08,-43.6786
147.33,1.56017e-06,5.9591e-08,-43.8167
147.34,1.61876e-06,5.95923e-08,-43.9548
147.35,1.67725e-06,5.95935e-08,-44.0929
147.36,1.73565e-06,5.95946e-08,-44.2309
147.37,1.79394e-06,5.95958e-08,-44.3688
147.38,1.85212e-06,5.95972e-08,-44.5068
147.39,1.91019e-06,5.95984e-08,-44.6446
147.4,1.96815e-06,5.96002e-08,-44.7825
147.41,2.02599e-06,5.96022e-08,-44.9203
147.42,2.08371e-06,5.96036e-08,-45.058
147.43,2.1413e-06,5.96055e-08,-45.1958
147.44,2.19876e-06,5.96078e-08,-45.3334
147.45,2.25608e-06,5.96099e-08,-45.4711
147.46,2.31327e-06,5.96123e-08,-45.6087
147.47,2.37031e-06,5.96151e-08,-45.7462
147.48,2.42721e-06,5.96181e-08,-45.8837
147.49,2.48396e-06,5.96217e-08,-46.0212
147.5,2.54056e-06,5.96253e-08,-46.1586
147.51,2.59699e-06,5.96296e-08,-46.296
147.52,2.65327e-06,5.96341e-08,-46.4333
147.53,2.70938e-06,5.96393e-08,-46.5706
147.54,2.76532e-06,5.96449e-08,-46.7079
147.55,2.82108e-06,5.96509e-08,-46.845
147.56,2.87667e-06,5.96574e-08,-46.9822
147.57,2.93207e-06,5.96634e-08,-47.1193
147.58,2.98729e-06,5.96626e-08,-47.2563
147.59,3.04232e-06,5.96556e-08,-47.3934
147.6,3.09715e-06,5.96453e-08,-47.5304
147.61,3.15179e-06,5.96334e-08,-47.6674
147.62,3.20623e-06,5.9621e-08,-47.8043
147.63,3.26045e-06,5.96095e-08,-47.9413
147.64,3.31447e-06,5.95991e-08,-48.0782
147.65,3.36829e-06,5.95931e-08,-48.2151
147.66,3.4219e-06,5.95826e-08,-48.352
147.67,3.47531e-06,5.95673e-08,-48.4889
147.68,3.52851e-06,5.95478e-08,-48.6258
147.69,3.5815e-06,5.95261e-08,-48.7626
147.7,3.63426e-06,5.95026e-08,-48.8995
147.71,3.68681e-06,5.94784e-08,-49.0364
147.72,3.73912e-06,5.94541e-08,-49.1734
147.73,3.79119e-06,5.94301e-08,-49.3103
147.74,3.84303e-06,5.94066e-08,-49.4472
147.75,3.89462e-06,5.93841e-08,-49.5842
147.76,3.94596e-06,5.93628e-08,-49.7212
147.77,3.99705e-06,5.93429e-08,-49.8582
147.78,4.04787e-06,5.93246e-08,-49.9952
147.79,4.0984e-06,5.9285e-08,-50.1322
147.8,4.14862e-06,5.91874e-08,-50.2692
147.81,4.19853e-06,5.9052e-08,-50.4063
147.82,4.24813e-06,5.89005e-08,-50.5434
147.83,4.29743e-06,5.87413e-08,-50.6804
147.84,4.34642e-06,5.85783e-08,-50.8175
147.85,4.3951e-06,5.84142e-08,-50.9545
147.86,4.44347e-06,5.82507e-08,-51.0914
147.87,4.49152e-06,5.80889e-08,-51.2284
147.88,4.53925e-06,5.79296e-08,-51.3653
147.89,4.58666e-06,5.77735e-08,-51.5022
147.9,4.63373e-06,5.76203e-08,-51.639
147.91,4.68045e-06,5.74697e-08,-51.7758
147.92,4.72687e-06,5.72839e-08,-51.9126
147.93,4.77297e-06,5.70547e-08,-52.0494
147.94,4.81874e-06,5.68011e-08,-52.1862
147.95,4.86415e-06,5.6534e-08,-52.3231
147.96,4.90919e-06,5.62597e-08,-52.46
147.97,4.95385e-06,5.5982e-08,-52.5969
147.98,4.9981e-06,5.57037e-08,-52.7338
147.99,5.04195e-06,5.54259e-08,-52.8707
148,5.08537e-06,5.51496e-08,-53.0076
148.01,5.12835e-06,5.48745e-08,-53.1445
148.02,5.17088e-06,5.46008e-08,-53.2814
148.03,5.21295e-06,5.43282e-08,-53.4183
148.04,5.25455e-06,5.40564e-08,-53.5552
148.05,5.29565e-06,5.37843e-08,-53.6922
148.06,5.33623e-06,5.35116e-08,-53.8291
148.07,5.37629e-06,5.32374e-08,-53.966
148.08,5.4158e-06,5.29609e-08,-54.103
148.09,5.45474e-06,5.26811e-08,-54.24
148.1,5.49309e-06,5.2397e-08,-54.377
148.11,5.53081e-06,5.21072e-08,-54.514
148.12,5.56788e-06,5.18112e-08,-54.651
148.13,5.60427e-06,5.15072e-08,-54.788
148.14,5.63993e-06,5.11931e-08,-54.9251
148.15,5.67483e-06,5.08678e-08,-55.0622
148.16,5.70892e-06,5.05289e-08,-55.1994
148.17,5.74214e-06,5.01739e-08,-55.3366
148.18,5.77442e-06,4.98003e-08,-55.4738
148.19,5.8057e-06,4.9405e-08,-55.6111
148.2,5.83589e-06,4.89835e-08,-55.7485
148.21,5.86487e-06,4.85312e-08,-55.886
148.22,5.89254e-06,4.80418e-08,-56.0235
148.23,5.91872e-06,4.75076e-08,-56.1612
148.24,5.94325e-06,4.6919e-08,-56.2991
148.25,5.96589e-06,4.62622e-08,-56.4371
148.26,5.98635e-06,4.55207e-08,-56.5753
148.27,6.00424e-06,4.46697e-08,-56.7139
148.28,6.01907e-06,4.36754e-08,-56.8528
148.29,6.0302e-06,4.25305e-08,-56.9921
148.3,6.0368e-06,4.13636e-08,-57.1315
148.31,6.03749e-06,4.004e-08,-57.2708
148.32,6.03214e-06,3.90429e-08,-57.4099
148.33,6.02433e-06,3.79501e-08,-57.5495
148.34,6.01382e-06,3.54339e-08,-57.69
148.35,6.00017e-06,3.12785e-08,-57.8301
148.36,5.98051e-06,2.83742e-08,-57.9692
148.37,5.95543e-06,2.78032e-08,-58.1075
148.38,5.92535e-06,2.88035e-08,-58.2448
148.39,5.89062e-06,3.086e-08,-58.3815
148.4,5.85162e-06,3.36099e-08,-58.5176
148.41,5.80872e-06,3.67929e-08,-58.6534
148.42,5.76225e-06,4.02216e-08,-58.7889
148.43,5.71254e-06,4.37615e-08,-58.9242
148.44,5.65988e-06,4.73162e-08,-59.0595
148.45,5.60453e-06,5.08174e-08,-59.1947
148.46,5.54673e-06,5.42184e-08,-59.33
148.47,5.48671e-06,5.74874e-08,-59.4653
148.48,5.42466e-06,6.06047e-08,-59.6007
148.49,5.36077e-06,6.35595e-08,-59.7361
148.5,5.2952e-06,6.63456e-08,-59.8717
148.51,5.22809e-06,6.89626e-08,-60.0073
148.52,5.15958e-06,7.14126e-08,-60.1431
148.53,5.08979e-06,7.36999e-08,-60.2789
148.54,5.01882e-06,7.58305e-08,-60.4148
148.55,4.94677e-06,7.78115e-08,-60.5509
148.56,4.87374e-06,7.96497e-08,-60.687
148.57,4.79979e-06,8.13536e-08,-60.8233
148.58,4.72501e-06,8.29306e-08,-60.9596
148.59,4.64945e-06,8.43883e-08,-61.096
148.6,4.57318e-06,8.57346e-08,-61.2325
148.61,4.49625e-06,8.69767e-08,-61.3691
148.62,4.4187e-06,8.81211e-08,-61.5058
148.63,4.34059e-06,8.9175e-08,-61.6425
148.64,4.26195e-06,9.01444e-08,-61.7793
148.65,4.18281e-06,9.10351e-08,-61.9162
148.66,4.10321e-06,9.18529e-08,-62.0532
148.67,4.02318e-06,9.26026e-08,-62.1902
148.68,3.94275e-06,9.32892e-08,-62.3272
148.69,3.86195e-06,9.39175e-08,-62.4643
148.7,3.78078e-06,9.4492e-08,-62.6015
148.71,3.69929e-06,9.50163e-08,-62.7387
148.72,3.61748e-06,9.54938e-08,-62.8759
148.73,3.53537e-06,9.59281e-08,-63.0132
148.74,3.45299e-06,9.63225e-08,-63.1505
148.75,3.37034e-06,9.66798e-08,-63.2879
148.76,3.28744e-06,9.70028e-08,-63.4253
148.77,3.2043e-06,9.72942e-08,-63.5627
148.78,3.12094e-06,9.75562e-08,-63.7001
148.79,3.03736e-06,9.7791e-08,-63.8376
148.8,2.95359e-06,9.80008e-08,-63.975
148.81,2.86962e-06,9.81873e-08,-64.1125
148.82,2.78547e-06,9.8352e-08,-64.25
148.83,2.70114e-06,9.84971e-08,-64.3875
148.84,2.61665e-06,9.86235e-08,-64.5251
148.85,2.53201e-06,9.87324e-08,-64.6626
148.86,2.44721e-06,9.88257e-08,-64.8001
148.87,2.36228e-06,9.8904e-08,-64.9376
148.88,2.27721e-06,9.89691e-08,-65.0752
148.89,2.19202e-06,9.90215e-08,-65.2127
148.9,2.10671e-06,9.90622e-08,-65.3502
148.91,2.02128e-06,9.90918e-08,-65.4877
148.92,1.93575e-06,9.91111e-08,-65.6252
148.93,1.85012e-06,9.91212e-08,-65.7627
148.94,1.7644e-06,9.9122e-08,-65.9002
148.95,1.67859e-06,9.91144e-08,-66.0377
148.96,1.59269e-06,9.90995e-08,-66.1751
148.97,1.50673e-06,9.90773e-08,-66.3125
148.98,1.42069e-06,9.90482e-08,-66.4499
148.99,1.33459e-06,9.90127e-08,-66.5873
149,1.24843e-06,9.89713e-08,-66.7247
149.01,1.16222e-06,9.89244e-08,-66.862
149.02,1.07596e-06,9.88719e-08,-66.9993
149.03,9.8966e-07,9.88143e-08,-67.1365
149.04,9.03326e-07,9.87519e-08,-67.2738
149.05,8.16962e-07,9.86848e-08,-67.4109
149.06,7.30574e-07,9.86133e-08,-67.5481
149.07,6.44167e-07,9.85374e-08,-67.6852
149.08,5.57747e-07,9.84575e-08,-67.8223
149.09,4.7132e-07,9.83735e-08,-67.9593
149.1,3.84891e-07,9.82859e-08,-68.0963
149.11,2.98466e-07,9.81945e-08,-68.2332
149.12,2.12049e-07,9.80989e-08,-68.3701
149.13,1.25648e-07,9.8e-08,-68.5069
149.14,3.92675e-08,9.78974e-08,-68.6437
149.15,-4.70871e-08,9.77911e-08,-68.7804
149.16,-1.3341e-07,9.76813e-08,-68.917
149.17,-2.19695e-07,9.75677e-08,-69.0536
149.18,-3.05937e-07,9.74507e-08,-69.1901
149.19,-3.9213e-07,9.73294e-08,-69.3266
149.2,-4.78268e-07,9.72046e-08,-69.463
149.21,-5.64345e-07,9.70761e-08,-69.5993
149.22,-6.50356e-07,9.69437e-08,-69.7355
149.23,-7.36296e-07,9.68075e-08,-69.8716
149.24,-8.22156e-07,9.6667e-08,-70.0077
149.25,-9.07933e-07,9.65224e-08,-70.1437
149.26,-9.93619e-07,9.63736e-08,-70.2796
149.27,-1.07921e-06,9.62201e-08,-70.4154
149.28,-1.1647e-06,9.60622e-08,-70.5511
149.29,-1.25008e-06,9.58995e-08,-70.6866
149.3,-1.33534e-06,9.57313e-08,-70.8221
149.31,-1.42049e-06,9.55579e-08,-70.9575
149.32,-1.50551e-06,9.53795e-08,-71.0928
149.33,-1.59039e-06,9.51951e-08,-71.228
149.34,-1.67513e-06,9.5005e-08,-71.363
149.35,-1.75973e-06,9.48084e-08,-71.4979
149.36,-1.84418e-06,9.46054e-08,-71.6327
149.37,-1.92846e-06,9.43956e-08,-71.7673
149.38,-2.01258e-06,9.41786e-08,-71.9018
149.39,-2.09652e-06,9.39538e-08,-72.0361
149.4,-2.18029e-06,9.37209e-08,-72.1703
149.41,-2.26386e-06,9.34796e-08,-72.3044
149.42,-2.34725e-06,9.32293e-08,-72.4382
149.43,-2.43043e-06,9.29696e-08,-72.5719
149.44,-2.5134e-06,9.26998e-08,-72.7054
149.45,-2.59615e-06,9.24193e-08,-72.8388
149.46,-2.67868e-06,9.2127e-08,-72.9719
149.47,-2.76097e-06,9.18229e-08,-73.1048
149.48,-2.84302e-06,9.1506e-08,-73.2375
149.49,-2.92483e-06,9.11727e-08,-73.37
149.5,-3.00644e-06,9.0841e-08,-73.5024
149.51,-3.08782e-06,9.05228e-08,-73.6348
149.52,-3.16895e-06,9.02134e-08,-73.7672
149.53,-3.24981e-06,8.99057e-08,-73.8997
149.54,-3.33038e-06,8.9593e-08,-74.0324
149.55,-3.41064e-06,8.92831e-08,-74.1651
149.56,-3.49055e-06,8.90758e-08,-74.2979
149.57,-3.5701e-06,8.89355e-08,-74.4307
149.58,-3.64929e-06,8.88227e-08,-74.5634
149.59,-3.72812e-06,8.8715e-08,-74.6961
149.6,-3.80658e-06,8.85975e-08,-74.8288
149.61,-3.88465e-06,8.8461e-08,-74.9615
149.62,-3.96233e-06,8.82973e-08,-75.0942
149.63,-4.03959e-06,8.81011e-08,-75.2269
149.64,-4.11642e-06,8.78682e-08,-75.3596
149.65,-4.1928e-06,8.75939e-08,-75.4923
149.66,-4.26871e-06,8.72749e-08,-75.625
149.67,-4.34412e-06,8.69074e-08,-75.7577
149.68,-4.41903e-06,8.64876e-08,-75.8905
149.69,-4.49338e-06,8.60109e-08,-76.0232
149.7,-4.56717e-06,8.54726e-08,-76.156
149.71,-4.64035e-06,8.48667e-08,-76.2888
149.72,-4.71288e-06,8.41863e-08,-76.4216
149.73,-4.78473e-06,8.34227e-08,-76.5544
149.74,-4.85583e-06,8.25664e-08,-76.6873
149.75,-4.92615e-06,8.16044e-08,-76.8201
149.76,-4.9956e-06,8.05212e-08,-76.953
149.77,-5.06412e-06,7.92979e-08,-77.086
149.78,-5.1316e-06,7.79105e-08,-77.2189
149.79,-5.19794e-06,7.63274e-08,-77.3519
149.8,-5.26299e-06,7.45084e-08,-77.4849
149.81,-5.3266e-06,7.23997e-08,-77.618
149.82,-5.38854e-06,6.99282e-08,-77.751
149.83,-5.44854e-06,6.69914e-08,-77.8841
149.84,-5.50625e-06,6.34417e-08,-78.0172
149.85,-5.56119e-06,5.90525e-08,-78.1503
149.86,-5.61263e-06,5.53394e-08,-78.2837
149.87,-5.66145e-06,5.41099e-08,-78.4193
149.88,-5.70854e-06,5.44332e-08,-78.5577
149.89,-5.75296e-06,5.75701e-08,-78.6986
149.9,-5.79099e-06,6.11294e-08,-78.8404
149.91,-5.8216e-06,6.35061e-08,-78.9827
149.92,-5.84552e-06,6.5001e-08,-79.1252
149.93,-5.86338e-06,6.58446e-08,-79.2678
149.94,-5.87575e-06,6.62146e-08,-79.4105
149.95,-5.88313e-06,6.62447e-08,-79.5532
149.96,-5.88597e-06,6.60365e-08,-79.696
149.97,-5.88469e-06,6.56679e-08,-79.8387
149.98,-5.87966e-06,6.51939e-08,-79.9815
149.99,-5.8712e-06,6.46575e-08,-80.1243
150,-5.85961e-06,6.40889e-08,-80.267
150.01,-5.84516e-06,6.35103e-08,-80.4098
150.02,-5.8281e-06,6.29376e-08,-80.5526
150.03,-5.80865e-06,6.23818e-08,-80.6954
150.04,-5.787e-06,6.18494e-08,-80.8381
150.05,-5.76333e-06,6.13458e-08,-80.9809
150.06,-5.73781e-06,6.08731e-08,-81.1237
150.07,-5.71057e-06,6.04323e-08,-81.2665
150.08,-5.68176e-06,6.00231e-08,-81.4092
150.09,-5.6515e-06,5.9645e-08,-81.552
150.1,-5.61989e-06,5.92968e-08,-81.6948
150.11,-5.58703e-06,5.89773e-08,-81.8376
150.12,-5.553e-06,5.86849e-08,-81.9803
150.13,-5.51791e-06,5.84171e-08,-82.1231
150.14,-5.4818e-06,5.81735e-08,-82.2659
150.15,-5.44476e-06,5.79514e-08,-82.4087
150.16,-5.40684e-06,5.77497e-08,-82.5514
150.17,-5.3681e-06,5.7566e-08,-82.6942
150.18,-5.32858e-06,5.73993e-08,-82.837
150.19,-5.28834e-06,5.7248e-08,-82.9798
150.2,-5.24741e-06,5.71109e-08,-83.1225
150.21,-5.20584e-06,5.69867e-08,-83.2653
150.22,-5.16365e-06,5.68741e-08,-83.4081
150.23,-5.12088e-06,5.67719e-08,-83.5509
150.24,-5.07756e-06,5.66796e-08,-83.6936
150.25,-5.0337e-06,5.65959e-08,-83.8364
150.26,-4.98935e-06,5.65204e-08,-83.9792
150.27,-4.94451e-06,5.64522e-08,-84.122
150.28,-4.89921e-06,5.63903e-08,-84.2647
150.29,-4.85347e-06,5.63346e-08,-84.4075
150.3,-4.8073e-06,5.62839e-08,-84.5503
150.31,-4.76073e-06,5.62383e-08,-84.6931
150.32,-4.71375e-06,5.6197e-08,-84.8358
150.33,-4.6664e-06,5.61598e-08,-84.9786
150.34,-4.61867e-06,5.6126e-08,-85.1214
150.35,-4.57059e-06,5.60957e-08,-85.2642
150.36,-4.52216e-06,5.6068e-08,-85.4069
150.37,-4.47339e-06,5.60431e-08,-85.5497
150.38,-4.42429e-06,5.60206e-08,-85.6925
150.39,-4.37487e-06,5.60001e-08,-85.8353
150.4,-4.32514e-06,5.5982e-08,-85.978
150.41,-4.27511e-06,5.59657e-08,-86.1208
150.42,-4.22478e-06,5.59508e-08,-86.2636
150.43,-4.17416e-06,5.59372e-08,-86.4064
150.44,-4.12325e-06,5.59251e-08,-86.5491
150.45,-4.07207e-06,5.5914e-08,-86.6919
150.46,-4.02062e-06,5.5904e-08,-86.8347
150.47,-3.9689e-06,5.58951e-08,-86.9775
150.48,-3.91692e-06,5.58872e-08,-87.1202
150.49,-3.86469e-06,5.58799e-08,-87.263
150.5,-3.81221e-06,5.58734e-08,-87.4058
150.51,-3.75948e-06,5.58678e-08,-87.5485
150.52,-3.70652e-06,5.58624e-08,-87.6913
150.53,-3.65332e-06,5.58575e-08,-87.8341
150.54,-3.59988e-06,5.58536e-08,-87.9769
150.55,-3.54622e-06,5.58497e-08,-88.1196
150.56,-3.49234e-06,5.5846e-08,-88.2624
150.57,-3.43824e-06,5.58434e-08,-88.4052
150.58,-3.38392e-06,5.58405e-08,-88.548
150.59,-3.3294e-06,5.58374e-08,-88.6907
150.6,-3.27467e-06,5.58367e-08,-88.8335
150.61,-3.21975e-06,5.58461e-08,-88.9763
150.62,-3.16466e-06,5.58695e-08,-89.1191
150.63,-3.10939e-06,5.59055e-08,-89.2619
150.64,-3.05395e-06,5.59506e-08,-89.4046
150.65,-2.99835e-06,5.60022e-08,-89.5474
150.66,-2.94259e-06,5.6058e-08,-89.6902
150.67,-2.88666e-06,5.61169e-08,-89.833
150.68,-2.83058e-06,5.6177e-08,-89.9758
150.69,-2.77435e-06,5.62381e-08,-90.1186
150.7,-2.71796e-06,5.6299e-08,-90.2614
150.71,-2.66143e-06,5.63592e-08,-90.4043
150.72,-2.60475e-06,5.64186e-08,-90.5471
150.73,-2.54793e-06,5.64764e-08,-90.6899
150.74,-2.49097e-06,5.65326e-08,-90.8327
150.75,-2.43388e-06,5.65875e-08,-90.9756
150.76,-2.37665e-06,5.66405e-08,-91.1184
150.77,-2.31928e-06,5.66916e-08,-91.2613
150.78,-2.2618e-06,5.67406e-08,-91.4041
150.79,-2.20418e-06,5.67876e-08,-91.547
150.8,-2.14645e-06,5.68325e-08,-91.6898
150.81,-2.0886e-06,5.68755e-08,-91.8327
150.82,-2.03063e-06,5.69167e-08,-91.9756
150.83,-1.97255e-06,5.69561e-08,-92.1184
150.84,-1.91436e-06,5.69933e-08,-92.2613
150.85,-1.85606e-06,5.7029e-08,-92.4042
150.86,-1.79766e-06,5.70625e-08,-92.5471
150.87,-1.73917e-06,5.70944e-08,-92.69
150.88,-1.68057e-06,5.71242e-08,-92.8329
150.89,-1.62188e-06,5.71527e-08,-92.9758
150.9,-1.56311e-06,5.71797e-08,-93.1188
150.91,-1.50424e-06,5.72048e-08,-93.2617
150.92,-1.4453e-06,5.72285e-08,-93.4046
150.93,-1.38627e-06,5.7251e-08,-93.5476
150.94,-1.32717e-06,5.72722e-08,-93.6905
150.95,-1.268e-06,5.72911e-08,-93.8335
150.96,-1.20875e-06,5.73094e-08,-93.9764
150.97,-1.14944e-06,5.73258e-08,-94.1194
150.98,-1.09007e-06,5.73415e-08,-94.2624
150.99,-1.03063e-06,5.7356e-08,-94.4054
151,-9.71145e-07,5.73695e-08,-94.5484
151.01,-9.11604e-07,5.73823e-08,-94.6913
151.02,-8.52015e-07,5.73938e-08,-94.8344
151.03,-7.9238e-07,5.74043e-08,-94.9774
151.04,-7.32703e-07,5.74138e-08,-95.1204
151.05,-6.72988e-07,5.74225e-08,-95.2634
151.06,-6.13238e-07,5.74304e-08,-95.4064
151.07,-5.53458e-07,5.74377e-08,-95.5495
151.08,-4.9365e-07,5.74445e-08,-95.6925
151.09,-4.33818e-07,5.74505e-08,-95.8356
151.1,-3.73966e-07,5.74554e-08,-95.9787
151.11,-3.14096e-07,5.746e-08,-96.1217
151.12,-2.54213e-07,5.74636e-08,-96.2648
151.13,-1.94321e-07,5.74664e-08,-96.4079
151.14,-1.34422e-07,5.74695e-08,-96.551
151.15,-7.4521e-08,5.74719e-08,-96.6941
151.16,-1.46213e-08,5.74733e-08,-96.8372
151.17,4.52743e-08,5.74742e-08,-96.9804
151.18,1.05162e-07,5.74755e-08,-97.1235
151.19,1.65036e-07,5.74757e-08,-97.2667
151.2,2.24895e-07,5.74756e-08,-97.4098
151.21,2.84735e-07,5.74752e-08,-97.553
151.22,3.44552e-07,5.7475e-08,-97.6961
151.23,4.04342e-07,5.74739e-08,-97.8393
151.24,4.64102e-07,5.74726e-08,-97.9825
151.25,5.23829e-07,5.74714e-08,-98.1257
151.26,5.83518e-07,5.74704e-08,-98.2689
151.27,6.43164e-07,5.74681e-08,-98.4122
151.28,7.02767e-07,5.74657e-08,-98.5554
151.29,7.6232e-07,5.7464e-08,-98.6986
151.3,8.21822e-07,5.7462e-08,-98.8419
151.31,8.81268e-07,5.7459e-08,-98.9851
151.32,9.40653e-07,5.74567e-08,-99.1284
151.33,9.99976e-07,5.74541e-08,-99.2717
151.34,1.05923e-06,5.74514e-08,-99.415
151.35,1.11842e-06,5.74488e-08,-99.5583
151.36,1.17753e-06,5.74458e-08,-99.7016
151.37,1.23656e-06,5.74429e-08,-99.8449
151.38,1.29551e-06,5.74406e-08,-99.9883
151.39,1.35438e-06,5.74377e-08,-100.132
151.4,1.41315e-06,5.74349e-08,-100.275
151.41,1.47184e-06,5.74325e-08,-100.418
151.42,1.53043e-06,5.74299e-08,-100.562
151.43,1.58891e-06,5.74274e-08,-100.705
151.44,1.6473e-06,5.7425e-08,-100.849
151.45,1.70557e-06,5.74227e-08,-100.992
151.46,1.76374e-06,5.74209e-08,-101.135
151.47,1.82179e-06,5.74186e-08,-101.279
151.48,1.87972e-06,5.74175e-08,-101.422
151.49,1.93753e-06,5.74154e-08,-101.566
151.5,1.99522e-06,5.74141e-08,-101.709
151.51,2.05277e-06,5.74135e-08,-101.853
151.52,2.11019e-06,5.74122e-08,-101.996
151.53,2.16748e-06,5.74115e-08,-102.14
151.54,2.22462e-06,5.74111e-08,-102.283
151.55,2.28162e-06,5.74107e-08,-102.427
151.56,2.33848e-06,5.7411e-08,-102.57
151.57,2.39518e-06,5.74111e-08,-102.714
151.58,2.45172e-06,5.74121e-08,-102.858
151.59,2.50811e-06,5.74131e-08,-103.001
151.6,2.56434e-06,5.74146e-08,-103.145
151.61,2.6204e-06,5.74166e-08,-103.288
151.62,2.67629e-06,5.74185e-08,-103.432
151.63,2.73201e-06,5.74212e-08,-103.576
151.64,2.78755e-06,5.74241e-08,-103.719
151.65,2.84291e-06,5.74278e-08,-103.863
151.66,2.89808e-06,5.74318e-08,-104.007
151.67,2.95307e-06,5.7436e-08,-104.15
151.68,3.00787e-06,5.74409e-08,-104.294
151.69,3.06247e-06,5.74465e-08,-104.438
151.7,3.11687e-06,5.74524e-08,-104.582
151.71,3.17107e-06,5.74587e-08,-104.725
151.72,3.22507e-06,5.74654e-08,-104.869
151.73,3.27887e-06,5.74378e-08,-105.013
151.74,3.33248e-06,5.73702e-08,-105.157
151.75,3.38589e-06,5.72777e-08,-105.3
151.76,3.43908e-06,5.71696e-08,-105.443
151.77,3.49206e-06,5.70532e-08,-105.587
151.78,3.5448e-06,5.69334e-08,-105.73
151.79,3.59732e-06,5.6813e-08,-105.872
151.8,3.6496e-06,5.66943e-08,-106.015
151.81,3.70164e-06,5.65786e-08,-106.157
151.82,3.75344e-06,5.64673e-08,-106.3
151.83,3.80499e-06,5.63607e-08,-106.442
151.84,3.85628e-06,5.62594e-08,-106.583
151.85,3.90732e-06,5.61634e-08,-106.725
151.86,3.9581e-06,5.60729e-08,-106.866
151.87,4.00862e-06,5.59875e-08,-107.008
151.88,4.05887e-06,5.59071e-08,-107.149
151.89,4.10886e-06,5.58319e-08,-107.289
151.9,4.15857e-06,5.57613e-08,-107.43
151.91,4.208e-06,5.56952e-08,-107.57
151.92,4.25715e-06,5.56269e-08,-107.71
151.93,4.30601e-06,5.55515e-08,-107.85
151.94,4.35459e-06,5.54745e-08,-107.99
151.95,4.40288e-06,5.54081e-08,-108.129
151.96,4.45091e-06,5.53455e-08,-108.268
151.97,4.49866e-06,5.52814e-08,-108.407
151.98,4.54613e-06,5.52152e-08,-108.546
151.99,4.59333e-06,5.5148e-08,-108.685
152,4.64027e-06,5.50869e-08,-108.823
152.01,4.68695e-06,5.50313e-08,-108.961
152.02,4.73335e-06,5.49793e-08,-109.099
152.03,4.77947e-06,5.49302e-08,-109.237
152.04,4.82528e-06,5.48835e-08,-109.375
152.05,4.87079e-06,5.48392e-08,-109.513
152.06,4.91598e-06,5.47974e-08,-109.651
152.07,4.96085e-06,5.47582e-08,-109.789
152.08,5.00539e-06,5.47213e-08,-109.927
152.09,5.0496e-06,5.46874e-08,-110.065
152.1,5.09346e-06,5.46562e-08,-110.202
152.11,5.13699e-06,5.46277e-08,-110.34
152.12,5.18016e-06,5.46024e-08,-110.477
152.13,5.22297e-06,5.45807e-08,-110.615
152.14,5.26542e-06,5.45619e-08,-110.752
152.15,5.30751e-06,5.45463e-08,-110.889
152.16,5.34922e-06,5.45344e-08,-111.026
152.17,5.39055e-06,5.45259e-08,-111.163
152.18,5.4315e-06,5.45216e-08,-111.3
152.19,5.47206e-06,5.45212e-08,-111.437
152.2,5.51222e-06,5.45251e-08,-111.574
152.21,5.55198e-06,5.45336e-08,-111.71
152.22,5.59133e-06,5.45468e-08,-111.847
152.23,5.63026e-06,5.45654e-08,-111.983
152.24,5.66878e-06,5.45892e-08,-112.12
152.25,5.70683e-06,5.46046e-08,-112.256
152.26,5.74436e-06,5.45725e-08,-112.392
152.27,5.78137e-06,5.44754e-08,-112.528
152.28,5.81792e-06,5.42851e-08,-112.664
152.29,5.854e-06,5.4033e-08,-112.8
152.3,5.88959e-06,5.37409e-08,-112.936
152.31,5.92469e-06,5.34222e-08,-113.072
152.32,5.9593e-06,5.30876e-08,-113.208
152.33,5.99339e-06,5.27427e-08,-113.344
152.34,6.02696e-06,5.23916e-08,-113.479
152.35,6.06e-06,5.20368e-08,-113.615
152.36,6.09248e-06,5.16797e-08,-113.751
152.37,6.12439e-06,5.13212e-08,-113.887
152.38,6.15571e-06,5.0961e-08,-114.023
152.39,6.18642e-06,5.05986e-08,-114.159
152.4,6.21649e-06,5.02335e-08,-114.295
152.41,6.2459e-06,4.98651e-08,-114.43
152.42,6.27462e-06,4.94914e-08,-114.566
152.43,6.30261e-06,4.91115e-08,-114.702
152.44,6.32983e-06,4.87233e-08,-114.838
152.45,6.35624e-06,4.8325e-08,-114.974
152.46,6.38179e-06,4.79144e-08,-115.11
152.47,6.40642e-06,4.74886e-08,-115.246
152.48,6.43004e-06,4.70441e-08,-115.381
152.49,6.45258e-06,4.65783e-08,-115.517
152.5,6.47394e-06,4.60863e-08,-115.653
152.51,6.49397e-06,4.55625e-08,-115.789
152.52,6.51253e-06,4.50009e-08,-115.925
152.53,6.5294e-06,4.43937e-08,-116.061
152.54,6.54433e-06,4.37301e-08,-116.196
152.55,6.55698e-06,4.29972e-08,-116.332
152.56,6.56723e-06,4.20804e-08,-116.468
152.57,6.57514e-06,4.08108e-08,-116.603
152.58,6.58008e-06,3.87138e-08,-116.737
152.59,6.58112e-06,3.41484e-08,-116.872
152.6,6.57941e-06,2.93555e-08,-117.009
152.61,6.56764e-06,2.52813e-08,-117.148
152.62,6.54531e-06,2.26745e-08,-117.289
152.63,6.51335e-06,2.11055e-08,-117.431
152.64,6.47259e-06,2.02692e-08,-117.573
152.65,6.42382e-06,1.99482e-08,-117.715
152.66,6.36774e-06,1.99848e-08,-117.857
152.67,6.30501e-06,2.02657e-08,-118
152.68,6.23624e-06,2.07077e-08,-118.142
152.69,6.16196e-06,2.12507e-08,-118.284
152.7,6.08296e-06,2.17886e-08,-118.426
152.71,5.99983e-06,2.21976e-08,-118.567
152.72,5.91286e-06,2.24528e-08,-118.709
152.73,5.82237e-06,2.26151e-08,-118.85
152.74,5.72865e-06,2.27158e-08,-118.991
152.75,5.63196e-06,2.27767e-08,-119.132
152.76,5.53255e-06,2.2814e-08,-119.272
152.77,5.43063e-06,2.28385e-08,-119.413
152.78,5.3264e-06,2.28576e-08,-119.553
152.79,5.22006e-06,2.28764e-08,-119.694
152.8,5.11175e-06,2.28981e-08,-119.834
152.81,5.00165e-06,2.29253e-08,-119.974
152.82,4.8899e-06,2.29585e-08,-120.113
152.83,4.77656e-06,2.29789e-08,-120.253
152.84,4.6617e-06,2.2957e-08,-120.393
152.85,4.54547e-06,2.29183e-08,-120.533
152.86,4.428e-06,2.28783e-08,-120.672
152.87,4.30942e-06,2.28441e-08,-120.813
152.88,4.18981e-06,2.28195e-08,-120.953
152.89,4.06927e-06,2.2805e-08,-121.093
152.9,3.94787e-06,2.28012e-08,-121.234
152.91,3.82567e-06,2.28066e-08,-121.375
152.92,3.70275e-06,2.28209e-08,-121.516
152.93,3.57916e-06,2.28426e-08,-121.658
152.94,3.45494e-06,2.28707e-08,-121.799
152.95,3.33015e-06,2.29037e-08,-121.941
152.96,3.20483e-06,2.29623e-08,-122.083
152.97,3.07898e-06,2.30879e-08,-122.225
152.98,2.95264e-06,2.3248e-08,-122.366
152.99,2.82587e-06,2.34229e-08,-122.508
153,2.69869e-06,2.36014e-08,-122.65
153.01,2.57115e-06,2.3779e-08,-122.791
153.02,2.44328e-06,2.3952e-08,-122.933
153.03,2.31511e-06,2.41183e-08,-123.074
153.04,2.18666e-06,2.42762e-08,-123.216
153.05,2.05796e-06,2.44251e-08,-123.357
153.06,1.92904e-06,2.45647e-08,-123.498
153.07,1.79991e-06,2.46946e-08,-123.639
153.08,1.67059e-06,2.48145e-08,-123.78
153.09,1.54111e-06,2.49247e-08,-123.921
153.1,1.41148e-06,2.50249e-08,-124.061
153.11,1.28173e-06,2.51154e-08,-124.202
153.12,1.15185e-06,2.51961e-08,-124.342
153.13,1.02188e-06,2.52679e-08,-124.483
153.14,8.91832e-07,2.53302e-08,-124.623
153.15,7.61713e-07,2.53836e-08,-124.763
153.16,6.31541e-07,2.54282e-08,-124.903
153.17,5.0133e-07,2.54644e-08,-125.044
153.18,3.71094e-07,2.54921e-08,-125.183
153.19,2.40847e-07,2.55116e-08,-125.323
153.2,1.10602e-07,2.55229e-08,-125.463
153.21,-1.96275e-08,2.55265e-08,-125.603
153.22,-1.49829e-07,2.55222e-08,-125.742
153.23,-2.7999e-07,2.55098e-08,-125.882
153.24,-4.10096e-07,2.54901e-08,-126.021
153.25,-5.40136e-07,2.54625e-08,-126.16
153.26,-6.70097e-07,2.54274e-08,-126.299
153.27,-7.99966e-07,2.53846e-08,-126.438
153.28,-9.29729e-07,2.53342e-08,-126.577
153.29,-1.05938e-06,2.5276e-08,-126.716
153.3,-1.18889e-06,2.52102e-08,-126.855
153.31,-1.31827e-06,2.51364e-08,-126.993
153.32,-1.44748e-06,2.50547e-08,-127.131
153.33,-1.57653e-06,2.49649e-08,-127.27
153.34,-1.70539e-06,2.48667e-08,-127.408
153.35,-1.83406e-06,2.47597e-08,-127.546
153.36,-1.96251e-06,2.4644e-08,-127.684
153.37,-2.09074e-06,2.45191e-08,-127.821
153.38,-2.21873e-06,2.43845e-08,-127.959
153.39,-2.34646e-06,2.42397e-08,-128.096
153.4,-2.47392e-06,2.40847e-08,-128.233
153.41,-2.60109e-06,2.39184e-08,-128.37
153.42,-2.72796e-06,2.37405e-08,-128.507
153.43,-2.8545e-06,2.35503e-08,-128.644
153.44,-2.9807e-06,2.33469e-08,-128.781
153.45,-3.10654e-06,2.31295e-08,-128.917
153.46,-3.23203e-06,2.29423e-08,-129.053
153.47,-3.35725e-06,2.28545e-08,-129.189
153.48,-3.48212e-06,2.28249e-08,-129.324
153.49,-3.6066e-06,2.28256e-08,-129.46
153.5,-3.73063e-06,2.28396e-08,-129.595
153.51,-3.85418e-06,2.28551e-08,-129.73
153.52,-3.9772e-06,2.28641e-08,-129.864
153.53,-4.09965e-06,2.28614e-08,-129.999
153.54,-4.22149e-06,2.28421e-08,-130.133
153.55,-4.34267e-06,2.2803e-08,-130.267
153.56,-4.46314e-06,2.27406e-08,-130.401
153.57,-4.58284e-06,2.26529e-08,-130.534
153.58,-4.70157e-06,2.26367e-08,-130.667
153.59,-4.81916e-06,2.27521e-08,-130.801
153.6,-4.9356e-06,2.29507e-08,-130.934
153.61,-5.05085e-06,2.32004e-08,-131.066
153.62,-5.16479e-06,2.34791e-08,-131.199
153.63,-5.27731e-06,2.37718e-08,-131.332
153.64,-5.38821e-06,2.40704e-08,-131.465
153.65,-5.49725e-06,2.43704e-08,-131.597
153.66,-5.60413e-06,2.46704e-08,-131.73
153.67,-5.70841e-06,2.49731e-08,-131.863
153.68,-5.80952e-06,2.52868e-08,-131.995
153.69,-5.90628e-06,2.58927e-08,-132.128
153.7,-5.99678e-06,2.74378e-08,-132.261
153.71,-6.08072e-06,3.10986e-08,-132.394
153.72,-6.15547e-06,3.89961e-08,-132.527
153.73,-6.20968e-06,4.92737e-08,-132.662
153.74,-6.2484e-06,5.93638e-08,-132.798
153.75,-6.28001e-06,6.61035e-08,-132.936
153.76,-6.30522e-06,7.03588e-08,-133.074
153.77,-6.32464e-06,7.28448e-08,-133.213
153.78,-6.33884e-06,7.41168e-08,-133.353
153.79,-6.34837e-06,7.47333e-08,-133.492
153.8,-6.3537e-06,7.49217e-08,-133.632
153.81,-6.35527e-06,7.46998e-08,-133.773
153.82,-6.35341e-06,7.41962e-08,-133.913
153.83,-6.34844e-06,7.35021e-08,-134.054
153.84,-6.34067e-06,7.27271e-08,-134.196
153.85,-6.33045e-06,7.1925e-08,-134.338
153.86,-6.31798e-06,7.1111e-08,-134.48
153.87,-6.30344e-06,7.02977e-08,-134.622
153.88,-6.287e-06,6.94973e-08,-134.765
153.89,-6.26878e-06,6.87195e-08,-134.907
153.9,-6.24892e-06,6.79729e-08,-135.05
153.91,-6.22754e-06,6.72631e-08,-135.192
153.92,-6.20474e-06,6.6593e-08,-135.335
153.93,-6.18063e-06,6.59646e-08,-135.478
153.94,-6.1553e-06,6.53785e-08,-135.62
153.95,-6.12881e-06,6.48343e-08,-135.763
153.96,-6.10125e-06,6.43314e-08,-135.906
153.97,-6.07269e-06,6.38673e-08,-136.049
153.98,-6.04319e-06,6.34408e-08,-136.191
153.99,-6.01279e-06,6.305e-08,-136.334
154,-5.98156e-06,6.26917e-08,-136.477
154.01,-5.94953e-06,6.2364e-08,-136.62
154.02,-5.91675e-06,6.20652e-08,-136.762
154.03,-5.88326e-06,6.17929e-08,-136.905
154.04,-5.84909e-06,6.15447e-08,-137.048
154.05,-5.81428e-06,6.13192e-08,-137.191
154.06,-5.77884e-06,6.11141e-08,-137.333
154.07,-5.74282e-06,6.09274e-08,-137.476
154.08,-5.70623e-06,6.07585e-08,-137.619
154.09,-5.66909e-06,6.06054e-08,-137.762
154.1,-5.63143e-06,6.04665e-08,-137.904
154.11,-5.59325e-06,6.03406e-08,-138.047
154.12,-5.55459e-06,6.02266e-08,-138.19
154.13,-5.51546e-06,6.01233e-08,-138.333
154.14,-5.47586e-06,6.00297e-08,-138.476
154.15,-5.43582e-06,5.99449e-08,-138.618
154.16,-5.39534e-06,5.98681e-08,-138.761
154.17,-5.35444e-06,5.97986e-08,-138.904
154.18,-5.31312e-06,5.97356e-08,-139.047
154.19,-5.2714e-06,5.96785e-08,-139.189
154.2,-5.22929e-06,5.96267e-08,-139.332
154.21,-5.18679e-06,5.95805e-08,-139.475
154.22,-5.14391e-06,5.95384e-08,-139.618
154.23,-5.10066e-06,5.94999e-08,-139.761
154.24,-5.05705e-06,5.94652e-08,-139.903
154.25,-5.01308e-06,5.94343e-08,-140.046
154.26,-4.96876e-06,5.94064e-08,-140.189
154.27,-4.9241e-06,5.9381e-08,-140.332
154.28,-4.87909e-06,5.93585e-08,-140.474
154.29,-4.83375e-06,5.93382e-08,-140.617
154.3,-4.78808e-06,5.93195e-08,-140.76
154.31,-4.74209e-06,5.93027e-08,-140.903
154.32,-4.69578e-06,5.92877e-08,-141.046
154.33,-4.64916e-06,5.92738e-08,-141.188
154.34,-4.60222e-06,5.92614e-08,-141.331
154.35,-4.55498e-06,5.92502e-08,-141.474
154.36,-4.50743e-06,5.92401e-08,-141.617
154.37,-4.45959e-06,5.92312e-08,-141.759
154.38,-4.41145e-06,5.92231e-08,-141.902
154.39,-4.36303e-06,5.92157e-08,-142.045
154.4,-4.31431e-06,5.92092e-08,-142.188
154.41,-4.26532e-06,5.92031e-08,-142.33
154.42,-4.21604e-06,5.91975e-08,-142.473
154.43,-4.1665e-06,5.91968e-08,-142.616
154.44,-4.11671e-06,5.92088e-08,-142.759
154.45,-4.06667e-06,5.92358e-08,-142.902
154.46,-4.01637e-06,5.92738e-08,-143.044
154.47,-3.96583e-06,5.93195e-08,-143.187
154.48,-3.91504e-06,5.93706e-08,-143.33
154.49,-3.86402e-06,5.9425e-08,-143.473
154.5,-3.81276e-06,5.94819e-08,-143.615
154.51,-3.76128e-06,5.95402e-08,-143.758
154.52,-3.70957e-06,5.95991e-08,-143.901
154.53,-3.65764e-06,5.96581e-08,-144.044
154.54,-3.60549e-06,5.97166e-08,-144.187
154.55,-3.55312e-06,5.97746e-08,-144.329
154.56,-3.50055e-06,5.98316e-08,-144.472
154.57,-3.44776e-06,5.98871e-08,-144.615
154.58,-3.39476e-06,5.99411e-08,-144.758
154.59,-3.34156e-06,5.99938e-08,-144.9
154.6,-3.28816e-06,6.0045e-08,-145.043
154.61,-3.23455e-06,6.00945e-08,-145.186
154.62,-3.18076e-06,6.01421e-08,-145.328
154.63,-3.12676e-06,6.01881e-08,-145.471
154.64,-3.07258e-06,6.02325e-08,-145.614
154.65,-3.0182e-06,6.02751e-08,-145.757
154.66,-2.96364e-06,6.03158e-08,-145.899
154.67,-2.9089e-06,6.03549e-08,-146.042
154.68,-2.85398e-06,6.03925e-08,-146.185
154.69,-2.79888e-06,6.04284e-08,-146.328
154.7,-2.74361e-06,6.04626e-08,-146.47
154.71,-2.68817e-06,6.04952e-08,-146.613
154.72,-2.63255e-06,6.05267e-08,-146.756
154.73,-2.57678e-06,6.05563e-08,-146.899
154.74,-2.52084e-06,6.05843e-08,-147.041
154.75,-2.46474e-06,6.06113e-08,-147.184
154.76,-2.40849e-06,6.0637e-08,-147.327
154.77,-2.35208e-06,6.06609e-08,-147.47
154.78,-2.29553e-06,6.06841e-08,-147.612
154.79,-2.23883e-06,6.07059e-08,-147.755
154.8,-2.18198e-06,6.07263e-08,-147.898
154.81,-2.125e-06,6.07458e-08,-148.041
154.82,-2.06788e-06,6.07645e-08,-148.183
154.83,-2.01063e-06,6.07816e-08,-148.326
154.84,-1.95324e-06,6.07981e-08,-148.469
154.85,-1.89573e-06,6.08137e-08,-148.612
154.86,-1.8381e-06,6.08281e-08,-148.754
154.87,-1.78035e-06,6.08418e-08,-148.897
154.88,-1.72248e-06,6.08548e-08,-149.04
154.89,-1.6645e-06,6.0867e-08,-149.182
154.9,-1.60641e-06,6.08786e-08,-149.325
154.91,-1.54821e-06,6.08893e-08,-149.468
154.92,-1.48991e-06,6.08995e-08,-149.611
154.93,-1.43151e-06,6.09049e-08,-149.753
154.94,-1.37302e-06,6.08968e-08,-149.896
154.95,-1.31444e-06,6.08787e-08,-150.039
154.96,-1.25577e-06,6.08534e-08,-150.182
154.97,-1.19702e-06,6.08227e-08,-150.324
154.98,-1.13819e-06,6.07884e-08,-150.467
154.99,-1.07928e-06,6.07525e-08,-150.609
155,-1.02029e-06,6.07151e-08,-150.752
155.01,-9.61229e-07,6.06774e-08,-150.894
155.02,-9.02102e-07,6.06397e-08,-151.036
155.03,-8.4291e-07,6.06025e-08,-151.178
155.04,-7.83657e-07,6.0566e-08,-151.321
155.05,-7.24347e-07,6.05303e-08,-151.463
155.06,-6.64984e-07,6.04956e-08,-151.605
155.07,-6.0557e-07,6.04615e-08,-151.747
155.08,-5.46111e-07,6.04284e-08,-151.889
155.09,-4.86609e-07,6.03962e-08,-152.03
155.1,-4.27069e-07,6.0365e-08,-152.172
155.11,-3.67493e-07,6.0335e-08,-152.314
155.12,-3.07887e-07,6.03056e-08,-152.455
155.13,-2.48252e-07,6.02772e-08,-152.597
155.14,-1.88595e-07,6.02496e-08,-152.738
155.15,-1.28916e-07,6.02227e-08,-152.88
155.16,-6.92207e-08,6.01965e-08,-153.021
155.17,-9.51305e-09,6.01707e-08,-153.162
155.18,5.02035e-08,6.01457e-08,-153.304
155.19,1.09926e-07,6.01214e-08,-153.445
155.2,1.6965e-07,6.00974e-08,-153.586
155.21,2.29372e-07,6.0074e-08,-153.727
155.22,2.89088e-07,6.00509e-08,-153.868
155.23,3.48795e-07,6.00289e-08,-154.009
155.24,4.08488e-07,6.00067e-08,-154.149
155.25,4.68164e-07,5.9985e-08,-154.29
155.26,5.27819e-07,5.99639e-08,-154.431
155.27,5.8745e-07,5.99431e-08,-154.571
155.28,6.47052e-07,5.99226e-08,-154.711
155.29,7.06622e-07,5.99024e-08,-154.852
155.3,7.66157e-07,5.98825e-08,-154.992
155.31,8.25651e-07,5.9863e-08,-155.132
155.32,8.85102e-07,5.98437e-08,-155.272
155.33,9.44506e-07,5.98247e-08,-155.412
155.34,1.00386e-06,5.98059e-08,-155.552
155.35,1.06316e-06,5.97871e-08,-155.692
155.36,1.12239e-06,5.97687e-08,-155.832
155.37,1.18157e-06,5.97506e-08,-155.971
155.38,1.24068e-06,5.97324e-08,-156.111
155.39,1.29972e-06,5.97155e-08,-156.25
155.4,1.35865e-06,5.97053e-08,-156.39
155.41,1.41748e-06,5.97018e-08,-156.529
155.42,1.47622e-06,5.97038e-08,-156.668
155.43,1.53486e-06,5.97095e-08,-156.808
155.44,1.5934e-06,5.97178e-08,-156.947
155.45,1.65186e-06,5.97277e-08,-157.086
155.46,1.71021e-06,5.97382e-08,-157.225
155.47,1.76847e-06,5.97491e-08,-157.364
155.48,1.82662e-06,5.97603e-08,-157.504
155.49,1.88467e-06,5.97706e-08,-157.643
155.5,1.94261e-06,5.97804e-08,-157.782
155.51,2.00044e-06,5.97902e-08,-157.921
155.52,2.05814e-06,5.97991e-08,-158.06
155.53,2.11573e-06,5.98075e-08,-158.199
155.54,2.17319e-06,5.98152e-08,-158.338
155.55,2.23052e-06,5.98224e-08,-158.477
155.56,2.28771e-06,5.98292e-08,-158.616
155.57,2.34477e-06,5.98355e-08,-158.755
155.58,2.40169e-06,5.98412e-08,-158.894
155.59,2.45846e-06,5.98465e-08,-159.033
155.6,2.51508e-06,5.98517e-08,-159.172
155.61,2.57154e-06,5.98566e-08,-159.311
155.62,2.62785e-06,5.98611e-08,-159.45
155.63,2.68399e-06,5.98653e-08,-159.589
155.64,2.73997e-06,5.98696e-08,-159.728
155.65,2.79578e-06,5.98737e-08,-159.867
155.66,2.85141e-06,5.98784e-08,-160.005
155.67,2.90686e-06,5.9883e-08,-160.144
155.68,2.96212e-06,5.98873e-08,-160.283
155.69,3.0172e-06,5.98919e-08,-160.422
155.7,3.07208e-06,5.98948e-08,-160.561
155.71,3.12676e-06,5.98959e-08,-160.699
155.72,3.18124e-06,5.98958e-08,-160.838
155.73,3.23551e-06,5.98953e-08,-160.977
155.74,3.28957e-06,5.98953e-08,-161.115
155.75,3.34344e-06,5.98972e-08,-161.254
155.76,3.3971e-06,5.98947e-08,-161.392
155.77,3.45055e-06,5.98401e-08,-161.531
155.78,3.50379e-06,5.97364e-08,-161.669
155.79,3.5568e-06,5.95961e-08,-161.808
155.8,3.6096e-06,5.94311e-08,-161.946
155.81,3.66217e-06,5.92515e-08,-162.084
155.82,3.71451e-06,5.90637e-08,-162.222
155.83,3.76662e-06,5.88719e-08,-162.36
155.84,3.8185e-06,5.86796e-08,-162.498
155.85,3.87013e-06,5.84881e-08,-162.636
155.86,3.92151e-06,5.8299e-08,-162.773
155.87,3.97263e-06,5.8113e-08,-162.911
155.88,4.0235e-06,5.79305e-08,-163.048
155.89,4.0741e-06,5.77514e-08,-163.185
155.9,4.12443e-06,5.75763e-08,-163.322
155.91,4.17449e-06,5.74048e-08,-163.459
155.92,4.22426e-06,5.7237e-08,-163.596
155.93,4.27374e-06,5.70726e-08,-163.732
155.94,4.32293e-06,5.69117e-08,-163.869
155.95,4.37181e-06,5.67535e-08,-164.005
155.96,4.42039e-06,5.65981e-08,-164.141
155.97,4.46865e-06,5.64452e-08,-164.277
155.98,4.51659e-06,5.62947e-08,-164.413
155.99,4.56421e-06,5.61425e-08,-164.549
156,4.61155e-06,5.59642e-08,-164.684
156.01,4.6586e-06,5.57666e-08,-164.819
156.02,4.70534e-06,5.55581e-08,-164.955
156.03,4.75173e-06,5.53434e-08,-165.09
156.04,4.79778e-06,5.51257e-08,-165.226
156.05,4.84346e-06,5.4907e-08,-165.361
156.06,4.88877e-06,5.46877e-08,-165.497
156.07,4.93368e-06,5.44688e-08,-165.632
156.08,4.97819e-06,5.42504e-08,-165.768
156.09,5.02229e-06,5.40324e-08,-165.904
156.1,5.06597e-06,5.38149e-08,-166.039
156.11,5.10921e-06,5.35972e-08,-166.175
156.12,5.15201e-06,5.33792e-08,-166.311
156.13,5.19434e-06,5.31602e-08,-166.446
156.14,5.2362e-06,5.29399e-08,-166.582
156.15,5.27757e-06,5.27178e-08,-166.718
156.16,5.31843e-06,5.24934e-08,-166.854
156.17,5.35877e-06,5.22658e-08,-166.99
156.18,5.39857e-06,5.20342e-08,-167.126
156.19,5.4378e-06,5.17978e-08,-167.262
156.2,5.47645e-06,5.15557e-08,-167.398
156.21,5.51449e-06,5.13073e-08,-167.534
156.22,5.55189e-06,5.10513e-08,-167.67
156.23,5.58862e-06,5.07865e-08,-167.806
156.24,5.62464e-06,5.05113e-08,-167.942
156.25,5.65991e-06,5.02245e-08,-168.078
156.26,5.69439e-06,4.99243e-08,-168.214
156.27,5.72803e-06,4.96079e-08,-168.35
156.28,5.76077e-06,4.92738e-08,-168.487
156.29,5.79253e-06,4.89186e-08,-168.623
156.3,5.82323e-06,4.8539e-08,-168.759
156.31,5.85279e-06,4.81309e-08,-168.896
156.32,5.88108e-06,4.76892e-08,-169.032
156.33,5.90797e-06,4.72069e-08,-169.169
156.34,5.93329e-06,4.66763e-08,-169.306
156.35,5.95682e-06,4.60865e-08,-169.442
156.36,5.97832e-06,4.54235e-08,-169.579
156.37,5.99744e-06,4.46683e-08,-169.716
156.38,6.01374e-06,4.37936e-08,-169.853
156.39,6.02664e-06,4.27606e-08,-169.991
156.4,6.03532e-06,4.15106e-08,-170.128
156.41,6.03861e-06,3.99488e-08,-170.266
156.42,6.03512e-06,3.82015e-08,-170.404
156.43,6.02772e-06,3.72985e-08,-170.543
156.44,6.01856e-06,3.55486e-08,-170.685
156.45,6.00662e-06,3.11156e-08,-170.828
156.46,5.98995e-06,2.6298e-08,-170.971
156.47,5.96743e-06,2.41111e-08,-171.115
156.48,5.93963e-06,2.41892e-08,-171.257
156.49,5.90693e-06,2.57399e-08,-171.399
156.5,5.86973e-06,2.8245e-08,-171.54
156.51,5.82843e-06,3.13504e-08,-171.681
156.52,5.78339e-06,3.48094e-08,-171.821
156.53,5.73496e-06,3.84486e-08,-171.961
156.54,5.68344e-06,4.21445e-08,-172.1
156.55,5.62912e-06,4.58134e-08,-172.24
156.56,5.57226e-06,4.9396e-08,-172.38
156.57,5.51309e-06,5.2853e-08,-172.52
156.58,5.45182e-06,5.61599e-08,-172.66
156.59,5.38864e-06,5.93016e-08,-172.8
156.6,5.32371e-06,6.22715e-08,-172.94
156.61,5.25719e-06,6.5067e-08,-173.081
156.62,5.18923e-06,6.76896e-08,-173.221
156.63,5.11994e-06,7.01439e-08,-173.362
156.64,5.04943e-06,7.24354e-08,-173.503
156.65,4.97782e-06,7.45712e-08,-173.644
156.66,4.90518e-06,7.65638e-08,-173.785
156.67,4.83162e-06,7.84761e-08,-173.927
156.68,4.75721e-06,8.0305e-08,-174.068
156.69,4.682e-06,8.20349e-08,-174.209
156.7,4.60606e-06,8.36582e-08,-174.35
156.71,4.52944e-06,8.51729e-08,-174.491
156.72,4.45218e-06,8.6579e-08,-174.632
156.73,4.37433e-06,8.78794e-08,-174.773
156.74,4.29594e-06,8.90777e-08,-174.914
156.75,4.21704e-06,9.01782e-08,-175.055
156.76,4.13766e-06,9.11862e-08,-175.196
156.77,4.05784e-06,9.21074e-08,-175.337
156.78,3.97761e-06,9.29467e-08,-175.478
156.79,3.89698e-06,9.37097e-08,-175.618
156.8,3.81599e-06,9.44012e-08,-175.759
156.81,3.73465e-06,9.50261e-08,-175.9
156.82,3.653e-06,9.55895e-08,-176.041
156.83,3.57103e-06,9.60956e-08,-176.182
156.84,3.48878e-06,9.65486e-08,-176.322
156.85,3.40626e-06,9.6953e-08,-176.463
156.86,3.32348e-06,9.73122e-08,-176.604
156.87,3.24046e-06,9.76297e-08,-176.745
156.88,3.15721e-06,9.79086e-08,-176.885
156.89,3.07374e-06,9.81524e-08,-177.026
156.9,2.99006e-06,9.83635e-08,-177.167
156.91,2.90619e-06,9.85447e-08,-177.308
156.92,2.82213e-06,9.86984e-08,-177.448
156.93,2.73789e-06,9.88271e-08,-177.589
156.94,2.65348e-06,9.89322e-08,-177.73
156.95,2.56891e-06,9.9016e-08,-177.871
156.96,2.48419e-06,9.90799e-08,-178.011
156.97,2.39933e-06,9.91258e-08,-178.152
156.98,2.31433e-06,9.91552e-08,-178.293
156.99,2.2292e-06,9.91691e-08,-178.434
157,2.14394e-06,9.91695e-08,-178.575
157.01,2.05857e-06,9.91569e-08,-178.716
157.02,1.9731e-06,9.91328e-08,-178.857
157.03,1.88752e-06,9.90978e-08,-178.998
157.04,1.80184e-06,9.90523e-08,-179.139
157.05,1.71608e-06,9.89974e-08,-179.279
157.06,1.63022e-06,9.89342e-08,-179.42
157.07,1.5443e-06,9.88627e-08,-179.561
157.08,1.45829e-06,9.87841e-08,-179.702
157.09,1.37223e-06,9.86984e-08,-179.843
157.1,1.2861e-06,9.86063e-08,-179.985
157.11,1.19992e-06,9.85084e-08,179.874
157.12,1.11369e-06,9.84046e-08,179.733
157.13,1.02741e-06,9.82954e-08,179.592
157.14,9.41098e-07,9.81812e-08,179.451
157.15,8.54754e-07,9.80625e-08,179.31
157.16,7.68381e-07,9.79389e-08,179.169
157.17,6.81989e-07,9.78107e-08,179.027
157.18,5.95582e-07,9.76785e-08,178.886
157.19,5.09164e-07,9.75423e-08,178.745
157.2,4.22742e-07,9.74019e-08,178.604
157.21,3.36322e-07,9.72576e-08,178.462
157.22,2.49908e-07,9.71091e-08,178.321
157.23,1.63507e-07,9.69576e-08,178.18
157.24,7.71305e-08,9.68402e-08,178.038
157.25,-9.21805e-09,9.67594e-08,177.897
157.26,-9.55355e-08,9.66979e-08,177.756
157.27,-1.81818e-07,9.66462e-08,177.615
157.28,-2.6806e-07,9.65988e-08,177.474
157.29,-3.54256e-07,9.65513e-08,177.333
157.3,-4.40401e-07,9.65019e-08,177.192
157.31,-5.26488e-07,9.64488e-08,177.051
157.32,-6.12512e-07,9.63909e-08,176.91
157.33,-6.98466e-07,9.63275e-08,176.77
157.34,-7.84345e-07,9.62579e-08,176.629
157.35,-8.70142e-07,9.61847e-08,176.489
157.36,-9.55845e-07,9.61524e-08,176.349
157.37,-1.04145e-06,9.61489e-08,176.209
157.38,-1.12696e-06,9.61559e-08,176.069
157.39,-1.21236e-06,9.61641e-08,175.929
157.4,-1.29765e-06,9.61682e-08,175.79
157.41,-1.38282e-06,9.61657e-08,175.651
157.42,-1.46787e-06,9.61549e-08,175.512
157.43,-1.55279e-06,9.61346e-08,175.373
157.44,-1.63757e-06,9.61041e-08,175.235
157.45,-1.7222e-06,9.6063e-08,175.097
157.46,-1.80669e-06,9.60112e-08,174.959
157.47,-1.89105e-06,9.59419e-08,174.822
157.48,-1.97532e-06,9.5852e-08,174.685
157.49,-2.05946e-06,9.5755e-08,174.547
157.5,-2.14347e-06,9.56533e-08,174.41
157.51,-2.22731e-06,9.55452e-08,174.274
157.52,-2.31096e-06,9.54291e-08,174.137
157.53,-2.39443e-06,9.53043e-08,174
157.54,-2.47769e-06,9.51689e-08,173.864
157.55,-2.56073e-06,9.50223e-08,173.727
157.56,-2.64355e-06,9.48635e-08,173.591
157.57,-2.72613e-06,9.46923e-08,173.455
157.58,-2.80848e-06,9.45078e-08,173.319
157.59,-2.89057e-06,9.43098e-08,173.183
157.6,-2.97241e-06,9.40981e-08,173.047
157.61,-3.05398e-06,9.38714e-08,172.912
157.62,-3.13527e-06,9.36292e-08,172.776
157.63,-3.21628e-06,9.33716e-08,172.641
157.64,-3.297e-06,9.30974e-08,172.506
157.65,-3.37741e-06,9.28056e-08,172.371
157.66,-3.45751e-06,9.24951e-08,172.237
157.67,-3.53729e-06,9.21653e-08,172.102
157.68,-3.61673e-06,9.18148e-08,171.968
157.69,-3.69583e-06,9.14418e-08,171.834
157.7,-3.77457e-06,9.10451e-08,171.7
157.71,-3.85294e-06,9.06228e-08,171.566
157.72,-3.93092e-06,9.01731e-08,171.433
157.73,-4.0085e-06,8.96933e-08,171.3
157.74,-4.0856e-06,8.9201e-08,171.167
157.75,-4.16217e-06,8.8722e-08,171.034
157.76,-4.23821e-06,8.82494e-08,170.901
157.77,-4.31374e-06,8.77695e-08,170.768
157.78,-4.38874e-06,8.72688e-08,170.636
157.79,-4.46321e-06,8.67353e-08,170.503
157.8,-4.53711e-06,8.61589e-08,170.37
157.81,-4.61042e-06,8.55291e-08,170.237
157.82,-4.6831e-06,8.48372e-08,170.104
157.83,-4.75513e-06,8.40733e-08,169.972
157.84,-4.82645e-06,8.32262e-08,169.839
157.85,-4.897e-06,8.22834e-08,169.706
157.86,-4.96674e-06,8.12299e-08,169.573
157.87,-5.03557e-06,8.00477e-08,169.44
157.88,-5.10343e-06,7.87147e-08,169.307
157.89,-5.1702e-06,7.72023e-08,169.174
157.9,-5.23575e-06,7.54748e-08,169.041
157.91,-5.29994e-06,7.34843e-08,168.908
157.92,-5.36257e-06,7.1166e-08,168.775
157.93,-5.42339e-06,6.84324e-08,168.642
157.94,-5.48209e-06,6.5157e-08,168.509
157.95,-5.53824e-06,6.11533e-08,168.376
157.96,-5.59091e-06,5.68007e-08,168.242
157.97,-5.6396e-06,5.51222e-08,168.108
157.98,-5.68694e-06,5.40129e-08,167.97
157.99,-5.73284e-06,5.57465e-08,167.83
158,-5.77488e-06,5.97612e-08,167.688
158.01,-5.80918e-06,6.26004e-08,167.546
158.02,-5.83632e-06,6.44358e-08,167.404
158.03,-5.85701e-06,6.55284e-08,167.261
158.04,-5.87187e-06,6.60775e-08,167.119
158.05,-5.88146e-06,6.6235e-08,166.976
158.06,-5.88627e-06,6.61157e-08,166.834
158.07,-5.88674e-06,6.5806e-08,166.691
158.08,-5.88328e-06,6.53703e-08,166.548
158.09,-5.87624e-06,6.4856e-08,166.405
158.1,-5.86593e-06,6.42985e-08,166.263
158.11,-5.85264e-06,6.37231e-08,166.12
158.12,-5.83663e-06,6.31475e-08,165.977
158.13,-5.81813e-06,6.25846e-08,165.834
158.14,-5.79735e-06,6.20433e-08,165.692
158.15,-5.77448e-06,6.15287e-08,165.549
158.16,-5.74969e-06,6.10437e-08,165.406
158.17,-5.72312e-06,6.05905e-08,165.263
158.18,-5.69493e-06,6.01695e-08,165.121
158.19,-5.66524e-06,5.97802e-08,164.978
158.2,-5.63416e-06,5.94219e-08,164.835
158.21,-5.60179e-06,5.9092e-08,164.692
158.22,-5.56822e-06,5.87897e-08,164.549
158.23,-5.53355e-06,5.85136e-08,164.407
158.24,-5.49784e-06,5.82614e-08,164.264
158.25,-5.46117e-06,5.80318e-08,164.121
158.26,-5.4236e-06,5.78226e-08,163.978
158.27,-5.38518e-06,5.76323e-08,163.836
158.28,-5.34598e-06,5.74595e-08,163.693
158.29,-5.30603e-06,5.7303e-08,163.55
158.3,-5.26537e-06,5.71612e-08,163.407
158.31,-5.22406e-06,5.70321e-08,163.264
158.32,-5.18212e-06,5.69148e-08,163.122
158.33,-5.13958e-06,5.68087e-08,162.979
158.34,-5.09648e-06,5.67126e-08,162.836
158.35,-5.05284e-06,5.66257e-08,162.693
158.36,-5.00869e-06,5.6547e-08,162.551
158.37,-4.96405e-06,5.64762e-08,162.408
158.38,-4.91895e-06,5.64123e-08,162.265
158.39,-4.87339e-06,5.63545e-08,162.122
158.4,-4.8274e-06,5.63019e-08,161.979
158.41,-4.78099e-06,5.62544e-08,161.837
158.42,-4.73418e-06,5.62116e-08,161.694
158.43,-4.68698e-06,5.61728e-08,161.551
158.44,-4.63941e-06,5.61381e-08,161.408
158.45,-4.59148e-06,5.61064e-08,161.266
158.46,-4.54319e-06,5.60781e-08,161.123
158.47,-4.49456e-06,5.60522e-08,160.98
158.48,-4.4456e-06,5.60289e-08,160.837
158.49,-4.39632e-06,5.60076e-08,160.695
158.5,-4.34672e-06,5.59888e-08,160.552
158.51,-4.29682e-06,5.59716e-08,160.409
158.52,-4.24661e-06,5.59563e-08,160.266
158.53,-4.19611e-06,5.59423e-08,160.123
158.54,-4.14533e-06,5.59297e-08,159.981
158.55,-4.09427e-06,5.59183e-08,159.838
158.56,-4.04293e-06,5.59074e-08,159.695
158.57,-3.99133e-06,5.58984e-08,159.552
158.58,-3.93946e-06,5.58903e-08,159.41
158.59,-3.88734e-06,5.58826e-08,159.267
158.6,-3.83496e-06,5.58759e-08,159.124
158.61,-3.78234e-06,5.58699e-08,158.981
158.62,-3.72947e-06,5.58645e-08,158.838
158.63,-3.67637e-06,5.58597e-08,158.696
158.64,-3.62304e-06,5.58554e-08,158.553
158.65,-3.56947e-06,5.58513e-08,158.41
158.66,-3.51569e-06,5.58477e-08,158.267
158.67,-3.46168e-06,5.58445e-08,158.125
158.68,-3.40746e-06,5.58418e-08,157.982
158.69,-3.35302e-06,5.58388e-08,157.839
158.7,-3.29838e-06,5.5837e-08,157.696
158.71,-3.24354e-06,5.58391e-08,157.553
158.72,-3.18853e-06,5.58516e-08,157.411
158.73,-3.13334e-06,5.58779e-08,157.268
158.74,-3.078e-06,5.59147e-08,157.125
158.75,-3.02249e-06,5.59583e-08,156.982
158.76,-2.96681e-06,5.60073e-08,156.84
158.77,-2.91098e-06,5.60599e-08,156.697
158.78,-2.85499e-06,5.61143e-08,156.554
158.79,-2.79885e-06,5.61694e-08,156.411
158.8,-2.74255e-06,5.6225e-08,156.269
158.81,-2.68611e-06,5.62804e-08,156.126
158.82,-2.62951e-06,5.63339e-08,155.983
158.83,-2.57278e-06,5.63865e-08,155.84
158.84,-2.5159e-06,5.64377e-08,155.697
158.85,-2.45889e-06,5.64876e-08,155.555
158.86,-2.40174e-06,5.65359e-08,155.412
158.87,-2.34445e-06,5.65818e-08,155.269
158.88,-2.28704e-06,5.66261e-08,155.126
158.89,-2.2295e-06,5.66688e-08,154.983
158.9,-2.17184e-06,5.6709e-08,154.84
158.91,-2.11406e-06,5.67476e-08,154.698
158.92,-2.05616e-06,5.67843e-08,154.555
158.93,-1.99814e-06,5.68191e-08,154.412
158.94,-1.94002e-06,5.68524e-08,154.269
158.95,-1.88178e-06,5.68833e-08,154.126
158.96,-1.82344e-06,5.69129e-08,153.983
158.97,-1.76501e-06,5.69404e-08,153.84
158.98,-1.70647e-06,5.69662e-08,153.697
158.99,-1.64784e-06,5.69907e-08,153.554
159,-1.58911e-06,5.70133e-08,153.412
159.01,-1.5303e-06,5.70346e-08,153.269
159.02,-1.4714e-06,5.70545e-08,153.126
159.03,-1.41242e-06,5.70726e-08,152.983
159.04,-1.35337e-06,5.70896e-08,152.84
159.05,-1.29423e-06,5.71052e-08,152.697
159.06,-1.23503e-06,5.712e-08,152.554
159.07,-1.17576e-06,5.71333e-08,152.411
159.08,-1.11642e-06,5.71454e-08,152.268
159.09,-1.05703e-06,5.71564e-08,152.125
159.1,-9.97571e-07,5.71652e-08,151.982
159.11,-9.38063e-07,5.71736e-08,151.839
159.12,-8.78504e-07,5.71813e-08,151.696
159.13,-8.18898e-07,5.71882e-08,151.553
159.14,-7.59248e-07,5.71944e-08,151.409
159.15,-6.99559e-07,5.7199e-08,151.266
159.16,-6.39834e-07,5.7203e-08,151.123
159.17,-5.80075e-07,5.72063e-08,150.98
159.18,-5.20287e-07,5.7209e-08,150.837
159.19,-4.60472e-07,5.72111e-08,150.694
159.2,-4.00635e-07,5.72125e-08,150.551
159.21,-3.4078e-07,5.72129e-08,150.408
159.22,-2.8091e-07,5.7212e-08,150.264
159.23,-2.21029e-07,5.72106e-08,150.121
159.24,-1.61139e-07,5.72088e-08,149.978
159.25,-1.01246e-07,5.72067e-08,149.835
159.26,-4.13523e-08,5.72046e-08,149.692
159.27,1.85386e-08,5.72017e-08,149.548
159.28,7.8423e-08,5.71985e-08,149.405
159.29,1.38297e-07,5.71947e-08,149.262
159.3,1.98158e-07,5.71905e-08,149.119
159.31,2.58e-07,5.71865e-08,148.975
159.32,3.17821e-07,5.71819e-08,148.832
159.33,3.77618e-07,5.71766e-08,148.689
159.34,4.37407e-07,5.71505e-08,148.545
159.35,4.97188e-07,5.71002e-08,148.402
159.36,5.56947e-07,5.70345e-08,148.259
159.37,6.16675e-07,5.69591e-08,148.116
159.38,6.76362e-07,5.68786e-08,147.973
159.39,7.36004e-07,5.67961e-08,147.83
159.4,7.95594e-07,5.67129e-08,147.688
159.41,8.55127e-07,5.66304e-08,147.545
159.42,9.14601e-07,5.65499e-08,147.403
159.43,9.7401e-07,5.64721e-08,147.261
159.44,1.03335e-06,5.63973e-08,147.119
159.45,1.09262e-06,5.63254e-08,146.977
159.46,1.15181e-06,5.62566e-08,146.835
159.47,1.21092e-06,5.61909e-08,146.694
159.48,1.26995e-06,5.61281e-08,146.552
159.49,1.3289e-06,5.6068e-08,146.411
159.5,1.38775e-06,5.60108e-08,146.27
159.51,1.44651e-06,5.59561e-08,146.128
159.52,1.50517e-06,5.59039e-08,145.988
159.53,1.56373e-06,5.58537e-08,145.847
159.54,1.62219e-06,5.5806e-08,145.706
159.55,1.68054e-06,5.57606e-08,145.566
159.56,1.73879e-06,5.57265e-08,145.425
159.57,1.79695e-06,5.57073e-08,145.285
159.58,1.85501e-06,5.56976e-08,145.145
159.59,1.91295e-06,5.56941e-08,145.005
159.6,1.97077e-06,5.56951e-08,144.865
159.61,2.02847e-06,5.56988e-08,144.724
159.62,2.08604e-06,5.57045e-08,144.584
159.63,2.14346e-06,5.57112e-08,144.444
159.64,2.20075e-06,5.57189e-08,144.304
159.65,2.25789e-06,5.57269e-08,144.164
159.66,2.31488e-06,5.57347e-08,144.024
159.67,2.37172e-06,5.57431e-08,143.884
159.68,2.4284e-06,5.57512e-08,143.744
159.69,2.48492e-06,5.57589e-08,143.604
159.7,2.54128e-06,5.57665e-08,143.464
159.71,2.59747e-06,5.57736e-08,143.324
159.72,2.65349e-06,5.57805e-08,143.184
159.73,2.70933e-06,5.57866e-08,143.044
159.74,2.765e-06,5.57927e-08,142.905
159.75,2.82049e-06,5.57986e-08,142.765
159.76,2.87579e-06,5.58041e-08,142.625
159.77,2.9309e-06,5.58097e-08,142.485
159.78,2.98582e-06,5.58147e-08,142.346
159.79,3.04055e-06,5.58196e-08,142.206
159.8,3.09508e-06,5.58241e-08,142.066
159.81,3.1494e-06,5.58286e-08,141.927
159.82,3.20352e-06,5.5833e-08,141.787
159.83,3.25743e-06,5.58372e-08,141.648
159.84,3.31113e-06,5.58415e-08,141.508
159.85,3.36461e-06,5.58458e-08,141.369
159.86,3.41788e-06,5.585e-08,141.229
159.87,3.47092e-06,5.58544e-08,141.09
159.88,3.52373e-06,5.58586e-08,140.95
159.89,3.57631e-06,5.58633e-08,140.811
159.9,3.62866e-06,5.58679e-08,140.672
159.91,3.68077e-06,5.58726e-08,140.532
159.92,3.73265e-06,5.58777e-08,140.393
159.93,3.78427e-06,5.58829e-08,140.254
159.94,3.83565e-06,5.58884e-08,140.115
159.95,3.88678e-06,5.58941e-08,139.976
159.96,3.93765e-06,5.59003e-08,139.837
159.97,3.98826e-06,5.59068e-08,139.698
159.98,4.03861e-06,5.59138e-08,139.559
159.99,4.08869e-06,5.59211e-08,139.42
160,4.13851e-06,5.5929e-08,139.281
160.01,4.18804e-06,5.59294e-08,139.142
160.02,4.2373e-06,5.59164e-08,139.003
160.03,4.28628e-06,5.58944e-08,138.865
160.04,4.33498e-06,5.58669e-08,138.726
160.05,4.38339e-06,5.58409e-08,138.587
160.06,4.43153e-06,5.58167e-08,138.448
160.07,4.47939e-06,5.57863e-08,138.309
160.08,4.52698e-06,5.57437e-08,138.171
160.09,4.57428e-06,5.56916e-08,138.032
160.1,4.6213e-06,5.56333e-08,137.893
160.11,4.66802e-06,5.55706e-08,137.754
160.12,4.71444e-06,5.55049e-08,137.615
160.13,4.76057e-06,5.54375e-08,137.476
160.14,4.80639e-06,5.53697e-08,137.337
160.15,4.85189e-06,5.53019e-08,137.198
160.16,4.89708e-06,5.52356e-08,137.059
160.17,4.94195e-06,5.51701e-08,136.92
160.18,4.98649e-06,5.51067e-08,136.781
160.19,5.03071e-06,5.50458e-08,136.642
160.2,5.07458e-06,5.49875e-08,136.502
160.21,5.11812e-06,5.4932e-08,136.363
160.22,5.16131e-06,5.48796e-08,136.224
160.23,5.20414e-06,5.48312e-08,136.084
160.24,5.24663e-06,5.47865e-08,135.945
160.25,5.28874e-06,5.4746e-08,135.805
160.26,5.33049e-06,5.47098e-08,135.665
160.27,5.37187e-06,5.46781e-08,135.526
160.28,5.41286e-06,5.46513e-08,135.386
160.29,5.45348e-06,5.46292e-08,135.246
160.3,5.49369e-06,5.46135e-08,135.106
160.31,5.53351e-06,5.46032e-08,134.966
160.32,5.57293e-06,5.45992e-08,134.827
160.33,5.61193e-06,5.46017e-08,134.687
160.34,5.65052e-06,5.46111e-08,134.547
160.35,5.68868e-06,5.46278e-08,134.407
160.36,5.7264e-06,5.46525e-08,134.267
160.37,5.76367e-06,5.46768e-08,134.127
160.38,5.80043e-06,5.46321e-08,133.987
160.39,5.83667e-06,5.45291e-08,133.847
160.4,5.87239e-06,5.43895e-08,133.707
160.41,5.90761e-06,5.42286e-08,133.567
160.42,5.94232e-06,5.40567e-08,133.427
160.43,5.97651e-06,5.38794e-08,133.287
160.44,6.01023e-06,5.36365e-08,133.147
160.45,6.04348e-06,5.33177e-08,133.007
160.46,6.07622e-06,5.29483e-08,132.867
160.47,6.10842e-06,5.25469e-08,132.727
160.48,6.14005e-06,5.21386e-08,132.587
160.49,6.17108e-06,5.17311e-08,132.446
160.5,6.20149e-06,5.13242e-08,132.306
160.51,6.23126e-06,5.09181e-08,132.166
160.52,6.26035e-06,5.05119e-08,132.026
160.53,6.28873e-06,5.01045e-08,131.886
160.54,6.31637e-06,4.96944e-08,131.746
160.55,6.34322e-06,4.92807e-08,131.605
160.56,6.36924e-06,4.88615e-08,131.465
160.57,6.39436e-06,4.84353e-08,131.325
160.58,6.41854e-06,4.8e-08,131.186
160.59,6.44168e-06,4.75533e-08,131.046
160.6,6.4637e-06,4.70936e-08,130.906
160.61,6.48449e-06,4.66184e-08,130.767
160.62,6.5039e-06,4.61253e-08,130.627
160.63,6.52177e-06,4.56119e-08,130.488
160.64,6.53787e-06,4.50777e-08,130.35
160.65,6.55192e-06,4.45668e-08,130.211
160.66,6.56352e-06,4.39528e-08,130.074
160.67,6.57266e-06,4.30009e-08,129.938
160.68,6.57914e-06,4.14232e-08,129.802
160.69,6.5831e-06,3.70938e-08,129.668
160.7,6.58426e-06,3.21641e-08,129.534
160.71,6.57616e-06,2.76233e-08,129.397
160.72,6.55737e-06,2.46846e-08,129.258
160.73,6.52881e-06,2.28771e-08,129.118
160.74,6.49127e-06,2.18597e-08,128.977
160.75,6.44554e-06,2.13921e-08,128.835
160.76,6.39231e-06,2.1304e-08,128.693
160.77,6.33223e-06,2.14747e-08,128.551
160.78,6.26591e-06,2.18175e-08,128.409
160.79,6.1939e-06,2.22699e-08,128.268
160.8,6.1167e-06,2.27141e-08,128.126
160.81,6.03492e-06,2.28695e-08,127.984
160.82,5.94908e-06,2.2911e-08,127.841
160.83,5.85949e-06,2.29072e-08,127.699
160.84,5.76649e-06,2.28742e-08,127.556
160.85,5.67038e-06,2.28242e-08,127.413
160.86,5.57145e-06,2.27662e-08,127.27
160.87,5.46995e-06,2.27077e-08,127.127
160.88,5.36608e-06,2.26537e-08,126.984
160.89,5.26006e-06,2.26073e-08,126.841
160.9,5.15206e-06,2.2571e-08,126.697
160.91,5.04224e-06,2.25457e-08,126.554
160.92,4.93076e-06,2.25339e-08,126.411
160.93,4.81781e-06,2.25885e-08,126.267
160.94,4.70352e-06,2.27041e-08,126.124
160.95,4.58796e-06,2.28528e-08,125.981
160.96,4.47121e-06,2.3013e-08,125.839
160.97,4.35338e-06,2.31618e-08,125.696
160.98,4.23454e-06,2.33046e-08,125.554
160.99,4.11476e-06,2.34444e-08,125.412
161,3.99409e-06,2.35819e-08,125.27
161.01,3.87261e-06,2.37166e-08,125.128
161.02,3.75036e-06,2.38481e-08,124.986
161.03,3.6274e-06,2.39756e-08,124.845
161.04,3.50378e-06,2.40995e-08,124.703
161.05,3.37955e-06,2.42188e-08,124.562
161.06,3.25476e-06,2.43338e-08,124.421
161.07,3.12943e-06,2.4444e-08,124.28
161.08,3.00362e-06,2.45491e-08,124.139
161.09,2.87736e-06,2.46492e-08,123.998
161.1,2.75068e-06,2.47441e-08,123.858
161.11,2.62361e-06,2.48339e-08,123.717
161.12,2.49619e-06,2.49187e-08,123.577
161.13,2.36845e-06,2.49981e-08,123.436
161.14,2.2404e-06,2.50725e-08,123.296
161.15,2.11207e-06,2.51416e-08,123.156
161.16,1.9835e-06,2.52051e-08,123.016
161.17,1.85469e-06,2.52638e-08,122.877
161.18,1.72568e-06,2.53174e-08,122.737
161.19,1.59647e-06,2.53658e-08,122.597
161.2,1.4671e-06,2.54086e-08,122.458
161.21,1.33758e-06,2.5446e-08,122.319
161.22,1.20792e-06,2.54785e-08,122.18
161.23,1.07815e-06,2.55061e-08,122.041
161.24,9.48284e-07,2.55278e-08,121.902
161.25,8.18332e-07,2.55444e-08,121.763
161.26,6.88312e-07,2.55559e-08,121.624
161.27,5.58241e-07,2.55624e-08,121.486
161.28,4.28132e-07,2.55633e-08,121.347
161.29,2.97999e-07,2.55587e-08,121.209
161.3,1.67858e-07,2.55494e-08,121.071
161.31,3.77203e-08,2.55347e-08,120.933
161.32,-9.23981e-08,2.55151e-08,120.795
161.33,-2.22485e-07,2.549e-08,120.657
161.34,-3.52527e-07,2.54594e-08,120.52
161.35,-4.8251e-07,2.54232e-08,120.382
161.36,-6.12422e-07,2.53816e-08,120.245
161.37,-7.42249e-07,2.53344e-08,120.108
161.38,-8.71979e-07,2.52815e-08,119.971
161.39,-1.0016e-06,2.52227e-08,119.834
161.4,-1.13109e-06,2.51581e-08,119.698
161.41,-1.26045e-06,2.50873e-08,119.561
161.42,-1.38966e-06,2.50103e-08,119.425
161.43,-1.5187e-06,2.49266e-08,119.289
161.44,-1.64756e-06,2.48362e-08,119.153
161.45,-1.77623e-06,2.47386e-08,119.017
161.46,-1.9047e-06,2.4634e-08,118.881
161.47,-2.03294e-06,2.45218e-08,118.746
161.48,-2.16095e-06,2.44019e-08,118.611
161.49,-2.28871e-06,2.42731e-08,118.476
161.5,-2.4162e-06,2.4136e-08,118.341
161.51,-2.5434e-06,2.39894e-08,118.207
161.52,-2.6703e-06,2.38333e-08,118.072
161.53,-2.79689e-06,2.36667e-08,117.938
161.54,-2.92313e-06,2.34896e-08,117.804
161.55,-3.04902e-06,2.32999e-08,117.671
161.56,-3.17455e-06,2.3107e-08,117.537
161.57,-3.29988e-06,2.29664e-08,117.404
161.58,-3.42495e-06,2.28693e-08,117.271
161.59,-3.54968e-06,2.27983e-08,117.138
161.6,-3.674e-06,2.27401e-08,117.005
161.61,-3.79785e-06,2.26862e-08,116.873
161.62,-3.92119e-06,2.26276e-08,116.74
161.63,-4.04397e-06,2.25593e-08,116.607
161.64,-4.16615e-06,2.24769e-08,116.474
161.65,-4.28768e-06,2.23804e-08,116.341
161.66,-4.40838e-06,2.24151e-08,116.208
161.67,-4.52821e-06,2.25833e-08,116.075
161.68,-4.64714e-06,2.28254e-08,115.942
161.69,-4.76513e-06,2.31062e-08,115.809
161.7,-4.88212e-06,2.34053e-08,115.677
161.71,-4.99802e-06,2.3709e-08,115.544
161.72,-5.11272e-06,2.40096e-08,115.411
161.73,-5.22607e-06,2.43017e-08,115.279
161.74,-5.33791e-06,2.45836e-08,115.146
161.75,-5.448e-06,2.48551e-08,115.013
161.76,-5.55607e-06,2.51191e-08,114.881
161.77,-5.66173e-06,2.53796e-08,114.748
161.78,-5.76449e-06,2.56441e-08,114.615
161.79,-5.86364e-06,2.59254e-08,114.483
161.8,-5.95775e-06,2.68419e-08,114.351
161.81,-6.04544e-06,2.92591e-08,114.219
161.82,-6.12587e-06,3.39532e-08,114.087
161.83,-6.18962e-06,4.43085e-08,113.954
161.84,-6.23166e-06,5.44222e-08,113.821
161.85,-6.26527e-06,6.2233e-08,113.687
161.86,-6.29279e-06,6.76502e-08,113.551
161.87,-6.31464e-06,7.13039e-08,113.414
161.88,-6.33128e-06,7.36522e-08,113.276
161.89,-6.34306e-06,7.50511e-08,113.137
161.9,-6.35035e-06,7.57724e-08,112.996
161.91,-6.35362e-06,7.59998e-08,112.855
161.92,-6.35337e-06,7.57191e-08,112.714
161.93,-6.34991e-06,7.50448e-08,112.572
161.94,-6.34355e-06,7.41137e-08,112.43
161.95,-6.33457e-06,7.30623e-08,112.287
161.96,-6.32321e-06,7.2029e-08,112.145
161.97,-6.30967e-06,7.10333e-08,112.002
161.98,-6.29413e-06,7.00835e-08,111.86
161.99,-6.27673e-06,6.91861e-08,111.717
162,-6.25761e-06,6.83431e-08,111.575
162.01,-6.23692e-06,6.75563e-08,111.432
162.02,-6.21475e-06,6.68251e-08,111.289
162.03,-6.19122e-06,6.61483e-08,111.147
162.04,-6.16641e-06,6.55238e-08,111.004
162.05,-6.14042e-06,6.49495e-08,110.861
162.06,-6.11333e-06,6.44224e-08,110.718
162.07,-6.08519e-06,6.39396e-08,110.576
162.08,-6.05609e-06,6.34981e-08,110.433
162.09,-6.02608e-06,6.30952e-08,110.29
162.1,-5.9952e-06,6.2728e-08,110.147
162.11,-5.96351e-06,6.23929e-08,110.005
162.12,-5.93105e-06,6.20887e-08,109.862
162.13,-5.89786e-06,6.18119e-08,109.719
162.14,-5.86398e-06,6.15599e-08,109.576
162.15,-5.82944e-06,6.13313e-08,109.434
162.16,-5.79427e-06,6.11237e-08,109.291
162.17,-5.7585e-06,6.09355e-08,109.148
162.18,-5.72214e-06,6.07653e-08,109.005
162.19,-5.68524e-06,6.06108e-08,108.863
162.2,-5.6478e-06,6.04706e-08,108.72
162.21,-5.60985e-06,6.0344e-08,108.577
162.22,-5.57139e-06,6.02293e-08,108.434
162.23,-5.53246e-06,6.01254e-08,108.291
162.24,-5.49306e-06,6.00313e-08,108.149
162.25,-5.45321e-06,5.99465e-08,108.006
162.26,-5.41292e-06,5.98693e-08,107.863
162.27,-5.37219e-06,5.97993e-08,107.72
162.28,-5.33106e-06,5.97362e-08,107.578
162.29,-5.28951e-06,5.96791e-08,107.435
162.3,-5.24757e-06,5.96281e-08,107.292
162.31,-5.20523e-06,5.95814e-08,107.149
162.32,-5.16252e-06,5.9539e-08,107.007
162.33,-5.11943e-06,5.95008e-08,106.864
162.34,-5.07597e-06,5.94663e-08,106.721
162.35,-5.03216e-06,5.94353e-08,106.578
162.36,-4.98799e-06,5.94072e-08,106.435
162.37,-4.94347e-06,5.93817e-08,106.293
162.38,-4.89861e-06,5.93589e-08,106.15
162.39,-4.85341e-06,5.93381e-08,106.007
162.4,-4.80789e-06,5.93195e-08,105.864
162.41,-4.76204e-06,5.93028e-08,105.722
162.42,-4.71586e-06,5.92877e-08,105.579
162.43,-4.66937e-06,5.92743e-08,105.436
162.44,-4.62257e-06,5.92615e-08,105.293
162.45,-4.57546e-06,5.92503e-08,105.15
162.46,-4.52804e-06,5.92406e-08,105.008
162.47,-4.48033e-06,5.92314e-08,104.865
162.48,-4.43232e-06,5.92236e-08,104.722
162.49,-4.38402e-06,5.92158e-08,104.579
162.5,-4.33543e-06,5.92095e-08,104.437
162.51,-4.28655e-06,5.92035e-08,104.294
162.52,-4.2374e-06,5.91976e-08,104.151
162.53,-4.18797e-06,5.91942e-08,104.008
162.54,-4.13829e-06,5.91993e-08,103.866
162.55,-4.08837e-06,5.92202e-08,103.723
162.56,-4.0382e-06,5.92585e-08,103.58
162.57,-3.98778e-06,5.93097e-08,103.437
162.58,-3.93712e-06,5.93698e-08,103.294
162.59,-3.88623e-06,5.94362e-08,103.152
162.6,-3.83511e-06,5.9507e-08,103.009
162.61,-3.78375e-06,5.95807e-08,102.866
162.62,-3.73217e-06,5.96561e-08,102.723
162.63,-3.68037e-06,5.97324e-08,102.581
162.64,-3.62835e-06,5.98085e-08,102.438
162.65,-3.57611e-06,5.98845e-08,102.295
162.66,-3.52366e-06,5.9959e-08,102.153
162.67,-3.47099e-06,6.00326e-08,102.01
162.68,-3.41812e-06,6.01046e-08,101.867
162.69,-3.36503e-06,6.01748e-08,101.724
162.7,-3.31175e-06,6.02432e-08,101.581
162.71,-3.25826e-06,6.03095e-08,101.439
162.72,-3.20457e-06,6.03736e-08,101.296
162.73,-3.15069e-06,6.04356e-08,101.153
162.74,-3.09661e-06,6.04953e-08,101.01
162.75,-3.04234e-06,6.05532e-08,100.868
162.76,-2.98789e-06,6.06084e-08,100.725
162.77,-2.93325e-06,6.06617e-08,100.582
162.78,-2.87843e-06,6.07128e-08,100.439
162.79,-2.82343e-06,6.07618e-08,100.296
162.8,-2.76825e-06,6.08088e-08,100.153
162.81,-2.7129e-06,6.08539e-08,100.011
162.82,-2.65738e-06,6.0897e-08,99.8677
162.83,-2.60169e-06,6.0938e-08,99.7249
162.84,-2.54584e-06,6.09769e-08,99.582
162.85,-2.48983e-06,6.10145e-08,99.4391
162.86,-2.43366e-06,6.10504e-08,99.2962
162.87,-2.37734e-06,6.10843e-08,99.1533
162.88,-2.32086e-06,6.11163e-08,99.0103
162.89,-2.26424e-06,6.11465e-08,98.8674
162.9,-2.20748e-06,6.11753e-08,98.7244
162.91,-2.15057e-06,6.12026e-08,98.5815
162.92,-2.09352e-06,6.12285e-08,98.4385
162.93,-2.03634e-06,6.12528e-08,98.2955
162.94,-1.97902e-06,6.1276e-08,98.1525
162.95,-1.92158e-06,6.12979e-08,98.0095
162.96,-1.86401e-06,6.13187e-08,97.8665
162.97,-1.80632e-06,6.13384e-08,97.7234
162.98,-1.74852e-06,6.1357e-08,97.5804
162.99,-1.6906e-06,6.13743e-08,97.4373
163,-1.63256e-06,6.13908e-08,97.2942
163.01,-1.57442e-06,6.14063e-08,97.1511
163.02,-1.51618e-06,6.1421e-08,97.008
163.03,-1.45783e-06,6.1435e-08,96.8649
163.04,-1.39938e-06,6.14482e-08,96.7218
163.05,-1.34085e-06,6.14601e-08,96.5786
163.06,-1.28222e-06,6.14716e-08,96.4354
163.07,-1.2235e-06,6.14824e-08,96.2922
163.08,-1.1647e-06,6.14926e-08,96.149
163.09,-1.10582e-06,6.1502e-08,96.0058
163.1,-1.04687e-06,6.15111e-08,95.8626
163.11,-9.8784e-07,6.15194e-08,95.7193
163.12,-9.28742e-07,6.15275e-08,95.576
163.13,-8.69579e-07,6.1535e-08,95.4327
163.14,-8.10354e-07,6.15422e-08,95.2894
163.15,-7.51071e-07,6.15487e-08,95.1461
163.16,-6.91733e-07,6.15551e-08,95.0028
163.17,-6.32344e-07,6.15611e-08,94.8594
163.18,-5.72907e-07,6.15673e-08,94.716
163.19,-5.13427e-07,6.15728e-08,94.5726
163.2,-4.53907e-07,6.15782e-08,94.4292
163.21,-3.9435e-07,6.15831e-08,94.2857
163.22,-3.34761e-07,6.15879e-08,94.1423
163.23,-2.75142e-07,6.15927e-08,93.9988
163.24,-2.15498e-07,6.15973e-08,93.8553
163.25,-1.55832e-07,6.1602e-08,93.7118
163.26,-9.61483e-08,6.16067e-08,93.5682
163.27,-3.64503e-08,6.16112e-08,93.4246
163.28,2.32581e-08,6.16155e-08,93.281
163.29,8.29733e-08,6.16201e-08,93.1374
163.3,1.42691e-07,6.16245e-08,92.9938
163.31,2.02409e-07,6.16292e-08,92.8501
163.32,2.62123e-07,6.16341e-08,92.7064
163.33,3.21828e-07,6.16387e-08,92.5627
163.34,3.81521e-07,6.16441e-08,92.419
163.35,4.41198e-07,6.16494e-08,92.2752
163.36,5.00856e-07,6.16547e-08,92.1314
163.37,5.60491e-07,6.16602e-08,91.9876
163.38,6.20099e-07,6.16663e-08,91.8438
163.39,6.79677e-07,6.16725e-08,91.6999
163.4,7.39219e-07,6.16788e-08,91.556
163.41,7.98723e-07,6.16854e-08,91.4121
163.42,8.58185e-07,6.16926e-08,91.2681
163.43,9.17601e-07,6.17e-08,91.1242
163.44,9.76967e-07,6.17077e-08,90.9801
163.45,1.03628e-06,6.17161e-08,90.8361
163.46,1.09553e-06,6.17247e-08,90.692
163.47,1.15473e-06,6.17339e-08,90.5479
163.48,1.21386e-06,6.17434e-08,90.4038
163.49,1.27292e-06,6.17532e-08,90.2596
163.5,1.3319e-06,6.17638e-08,90.1154
163.51,1.39082e-06,6.1775e-08,89.9712
163.52,1.44965e-06,6.17868e-08,89.8269
163.53,1.50839e-06,6.17993e-08,89.6826
163.54,1.56705e-06,6.18124e-08,89.5383
163.55,1.62562e-06,6.1826e-08,89.3939
163.56,1.68409e-06,6.18406e-08,89.2495
163.57,1.74246e-06,6.18558e-08,89.1051
163.58,1.80072e-06,6.18718e-08,88.9606
163.59,1.85888e-06,6.18884e-08,88.8161
163.6,1.91694e-06,6.18825e-08,88.6715
163.61,1.97489e-06,6.18126e-08,88.527
163.62,2.03273e-06,6.16952e-08,88.3826
163.63,2.09045e-06,6.15463e-08,88.2383
163.64,2.14806e-06,6.13767e-08,88.0941
163.65,2.20553e-06,6.11953e-08,87.9501
163.66,2.26288e-06,6.10087e-08,87.8062
163.67,2.32008e-06,6.08212e-08,87.6625
163.68,2.37715e-06,6.06359e-08,87.519
163.69,2.43407e-06,6.04553e-08,87.3757
163.7,4.37846e-06,4.09853e-08,87.1733
163.71,5.74244e-06,3.81591e-10,86.8597
163.72,2.97406e-06,-2.36036e-08,86.4219
163.73,-4.9831e-07,-2.2243e-08,85.8781
163.74,-3.88981e-06,-1.46255e-08,85.24
163.75,-5.9388e-06,4.09136e-10,84.4983
163.76,-4.13189e-06,1.21564e-08,83.661
163.77,-1.88107e-06,3.06964e-08,82.7216
163.78,5.76435e-07,4.62648e-08,81.6765
163.79,2.98433e-06,4.80405e-08,80.522
163.8,5.07908e-06,2.74238e-08,79.2542
163.81,6.58188e-06,-1.2943e-09,77.8865
163.82,3.21961e-06,-7.69039e-09,76.4347
163.83,-2.18053e-06,-7.05378e-09,74.9297
163.84,-6.9727e-06,3.89312e-08,73.375
163.85,-5.52551e-06,6.02463e-08,71.7594
163.86,-3.50844e-06,8.5701e-08,70.0675
163.87,-1.1319e-06,1.07053e-07,68.2994
163.88,1.35079e-06,1.21135e-07,66.4565
163.89,3.68018e-06,1.05368e-07,64.5342
163.9,5.5645e-06,5.1913e-08,62.5234
163.91,4.22617e-06,-3.37488e-09,60.4253
163.92,7.59698e-07,-1.30408e-08,58.2334
163.93,-2.7797e-06,1.09826e-09,55.9662
163.94,-5.93348e-06,1.42435e-08,53.6335
163.95,-4.69523e-06,3.10256e-08,51.2342
163.96,-2.55364e-06,6.00088e-08,48.7663
163.97,-1.37092e-07,8.84961e-08,46.2252
163.98,2.30484e-06,1.02659e-07,43.6069
163.99,4.5091e-06,9.28614e-08,40.9016
164,6.19973e-06,6.2403e-08,38.1247
164.01,4.76387e-06,1.63562e-08,35.2843
164.02,-6.05306e-07,2.21982e-08,32.4014
164.03,-5.83102e-06,1.95999e-08,29.4845
164.04,-5.75728e-06,4.36263e-08,26.5299
164.05,-3.91957e-06,8.61206e-08,23.5267
164.06,-1.64688e-06,1.24135e-07,20.47
164.07,8.20635e-07,1.48214e-07,17.3548
164.08,3.21556e-06,1.48477e-07,14.1737
164.09,5.24707e-06,1.12648e-07,10.9298
164.1,5.32582e-06,4.30639e-08,7.63003
164.11,1.93366e-06,4.46307e-08,4.27017
164.12,-1.6636e-06,4.96532e-08,0.852801
164.13,-5.04422e-06,5.97672e-08,-2.61202
164.14,-5.23553e-06,7.63642e-08,-6.11573
164.15,-3.22675e-06,1.17047e-07,-9.65944
164.16,-8.7052e-07,1.56315e-07,-13.2483
164.17,1.58593e-06,1.84068e-07,-16.8856
164.18,3.88658e-06,1.86838e-07,-20.5744
164.19,5.75487e-06,1.57727e-07,-24.3135
164.2,6.25293e-06,9.02657e-08,-28.0939
164.21,9.64862e-07,9.13999e-08,-31.9067
164.22,-4.37409e-06,7.97688e-08,-35.7432
164.23,-6.22535e-06,8.26166e-08,-39.6015
164.24,-4.55824e-06,1.37084e-07,-43.4919
164.25,-2.3949e-06,1.89618e-07,-47.4219
164.26,3.78049e-08,2.29119e-07,-51.3904
164.27,2.48333e-06,2.4296e-07,-55.4042
164.28,4.6599e-06,2.14373e-07,-59.4611
164.29,6.18885e-06,1.16621e-07,-63.5548
164.3,2.93252e-06,1.30536e-07,-67.6867
164.31,-6.41293e-07,1.39898e-07,-71.8555
164.32,-4.13045e-06,1.43845e-07,-76.0578
164.33,-5.7374e-06,1.56591e-07,-80.2877
164.34,-3.88376e-06,2.0945e-07,-84.5447
164.35,-1.60894e-06,2.55813e-07,-88.8329
164.36,8.46128e-07,2.88779e-07,-93.1501
164.37,3.22424e-06,2.98362e-07,-97.4971
164.38,5.25855e-06,2.69425e-07,-101.876
164.39,6.61633e-06,2.10807e-07,-106.282
164.4,2.53913e-06,1.88172e-07,-110.713
164.41,-2.86332e-06,1.67006e-07,-115.162
164.42,-6.60965e-06,1.51899e-07,-119.624
164.43,-5.15436e-06,2.08926e-07,-124.102
164.44,-3.11586e-06,2.69938e-07,-128.604
164.45,-7.35914e-07,3.16962e-07,-133.131
164.46,1.73618e-06,3.38722e-07,-137.686
164.47,4.03039e-06,3.16488e-07,-142.274
164.48,5.81198e-06,2.38396e-07,-146.886
164.49,3.92386e-06,2.0789e-07,-151.522
164.5,4.03327e-07,2.20671e-07,-156.182
164.51,-3.15886e-06,2.27113e-07,-160.866
164.52,-6.17128e-06,2.33659e-07,-165.572
164.53,-4.51603e-06,2.75001e-07,-170.297
164.54,-2.33808e-06,3.27264e-07,-175.048
164.55,9.77104e-08,3.64224e-07,-179.823
164.56,2.53184e-06,3.79788e-07,175.38
164.57,4.69823e-06,3.61417e-07,170.557
164.58,6.2821e-06,3.1954e-07,165.712
164.59,4.09815e-06,2.80038e-07,160.848
164.6,-1.30458e-06,2.52759e-07,155.969
164.61,-6.382e-06,2.31617e-07,151.081
164.62,-5.69018e-06,2.75754e-07,146.185
164.63,-3.80534e-06,3.3959e-07,141.276
164.64,-1.49677e-06,3.9023e-07,136.351
164.65,9.83057e-07,4.09335e-07,131.407
164.66,3.36681e-06,3.86905e-07,126.446
164.67,5.33024e-06,3.29867e-07,121.467
164.68,4.88536e-06,2.61677e-07,116.472
164.69,1.45539e-06,2.78477e-07,111.46
164.7,-2.13998e-06,2.90866e-07,106.427
164.71,-5.40445e-06,3.06189e-07,101.38
164.72,-5.09918e-06,3.14231e-07,96.321
164.73,-3.03681e-06,3.74663e-07,91.246
164.74,-6.46949e-07,4.1862e-07,86.1532
164.75,1.80972e-06,4.51388e-07,81.0432
164.76,4.0764e-06,4.52711e-07,75.9132
164.77,5.85594e-06,4.23696e-07,70.7648
164.78,5.63089e-06,3.60632e-07,65.6
164.79,2.94463e-07,3.29827e-07,60.4231
164.8,-4.95535e-06,3.19679e-07,55.2396
164.81,-6.11048e-06,3.54803e-07,50.0511
164.82,-4.44131e-06,4.07736e-07,44.856
164.83,-2.23278e-06,4.50348e-07,39.6516
164.84,2.26487e-07,4.75622e-07,34.4367
164.85,2.6573e-06,4.78913e-07,29.2108
164.86,4.771e-06,4.39576e-07,23.973
164.87,5.75214e-06,3.79229e-07,18.7245
164.88,2.49914e-06,3.30349e-07,13.4649
164.89,-1.09197e-06,3.52491e-07,8.19434
164.9,-4.50473e-06,3.764e-07,2.91293
164.91,-5.57623e-06,3.91744e-07,-2.37708
164.92,-3.71599e-06,4.20195e-07,-7.67647
164.93,-1.39765e-06,4.75417e-07,-12.9887
164.94,1.05813e-06,5.26019e-07,-18.3143
164.95,3.40046e-06,5.49189e-07,-23.6538
164.96,5.34866e-06,5.34005e-07,-29.0084
164.97,6.56642e-06,4.88181e-07,-34.3753
164.98,1.89467e-06,3.94015e-07,-39.752
164.99,-3.44725e-06,3.9968e-07,-45.1331
165,-6.46739e-06,4.27536e-07,-50.5174
165.01,0.000316939,0.000206396,-55.9044
165.02,0.000288306,0.000186608,-61.2949
165.03,0.000262527,0.000168709,-66.6897
165.04,0.000238151,0.000152522,-72.0912
165.05,0.000214917,0.000137889,-77.4992
165.06,0.000192778,0.000124675,-82.9137
165.07,0.000172537,0.000112758,-88.3361
165.08,0.000154883,0.000101993,-93.7665
165.09,0.000139691,9.22692e-05,-99.2033
165.1,0.000126767,8.34847e-05,-104.645
165.11,0.000115848,7.55489e-05,-110.091
165.12,0.000106615,6.83792e-05,-115.54
165.13,9.84284e-05,6.18948e-05,-120.993
165.14,8.95009e-05,5.60263e-05,-126.449
165.15,7.96318e-05,5.07151e-05,-131.91
165.16,6.98436e-05,4.59001e-05,-137.376
165.17,6.15122e-05,4.15535e-05,-142.844
165.18,5.46855e-05,3.76293e-05,-148.315
165.19,4.93134e-05,3.40869e-05,-153.789
165.2,4.52662e-05,3.08892e-05,-159.265
165.21,4.23408e-05,2.80023e-05,-164.744
165.22,4.01325e-05,2.53846e-05,-170.226
165.23,3.72993e-05,2.30039e-05,-175.713
165.24,3.35639e-05,2.08468e-05,178.794
165.25,2.90216e-05,1.88926e-05,173.296
165.26,2.42324e-05,1.7086e-05,167.791
165.27,2.04251e-05,1.54447e-05,162.28
165.28,1.77335e-05,1.39658e-05,156.761
165.29,1.61153e-05,1.26335e-05,151.236
165.3,1.54469e-05,1.14333e-05,145.705
165.31,1.55324e-05,1.03516e-05,140.167
165.32,1.6068e-05,9.35149e-06,134.623
165.33,1.54441e-05,7.73517e-06,129.074
165.34,1.31194e-05,5.35007e-06,123.519
165.35,9.39272e-06,2.49317e-06,117.955
165.36,4.72069e-06,8.91931e-07,112.384
165.37,-3.49617e-07,6.93962e-07,106.81
165.38,-5.23417e-06,6.70418e-07,101.233
165.39,-5.66976e-06,7.00769e-07,95.6539
165.4,0.000222058,0.000427894,90.0758
165.41,0.00020282,0.000386969,84.4961
165.42,0.000184923,0.000349949,78.913
165.43,0.00016757,0.000316471,73.3257
165.44,0.000150684,0.000286196,67.7344
165.45,0.000134437,0.000258797,62.1387
165.46,0.000120003,0.000233998,56.5376
165.47,0.000107656,0.000211582,50.9311
165.48,9.72867e-05,0.000191318,45.3195
165.49,8.87107e-05,0.000173001,39.7026
165.5,8.16765e-05,0.000156442,34.0805
165.51,7.58799e-05,0.000141474,28.4533
165.52,7.01214e-05,0.000127965,22.8223
165.53,6.31291e-05,0.000115744,17.1887
165.54,5.51609e-05,0.000104698,11.5527
165.55,4.79153e-05,9.47406e-05,5.91511
165.56,4.19766e-05,8.57416e-05,0.276693
165.57,3.736e-05,7.76094e-05,-5.36255
165.58,3.3999e-05,7.02608e-05,-11.0026
165.59,3.17479e-05,6.36201e-05,-16.6435
165.6,3.03915e-05,5.76188e-05,-22.2852
165.61,2.91408e-05,5.20133e-05,-27.9287
165.62,2.69098e-05,4.64919e-05,-33.5756
165.63,2.37075e-05,4.11538e-05,-39.2259
165.64,1.96973e-05,3.68675e-05,-44.8797
165.65,1.59533e-05,3.33452e-05,-50.5384
165.66,1.32417e-05,3.01649e-05,-56.2022
165.67,1.15768e-05,2.7294e-05,-61.871
165.68,1.08884e-05,2.47079e-05,-67.5458
165.69,1.10239e-05,2.23842e-05,-73.2284
165.7,1.17681e-05,2.02948e-05,-78.9163
165.71,1.24433e-05,1.79438e-05,-84.608
165.72,1.14288e-05,1.38505e-05,-90.3027
165.73,8.7612e-06,8.31672e-06,-96.0007
165.74,5.06798e-06,3.74121e-06,-101.704
165.75,1.05219e-06,2.72369e-06,-107.411
165.76,-2.87739e-06,1.39156e-06,-113.121
165.77,-5.83132e-06,1.1991e-06,-118.832
165.78,-4.53818e-06,1.20367e-06,-124.542
165.79,0.000178392,0.000475322,-130.25
165.8,0.00016335,0.000429882,-135.96
165.81,0.000148794,0.000388783,-141.672
165.82,0.000134434,0.000351615,-147.387
165.83,0.000120275,0.000318002,-153.106
165.84,0.000106916,0.000287562,-158.828
165.85,9.54069e-05,0.000260035,-164.556
165.86,8.57488e-05,0.000235149,-170.288
165.87,7.78216e-05,0.000212651,-176.024
165.88,7.14298e-05,0.000192311,178.234
165.89,6.63138e-05,0.000173923,172.488
165.9,6.20493e-05,0.000157266,166.738
165.91,5.69008e-05,0.000141735,160.985
165.92,5.04428e-05,0.000127154,155.229
165.93,4.34629e-05,0.000113628,149.471
165.94,3.75717e-05,0.000101304,143.712
165.95,3.29213e-05,9.0706e-05,137.952
165.96,2.95015e-05,8.21092e-05,132.192
165.97,2.72228e-05,7.43443e-05,126.432
165.98,2.5912e-05,6.73355e-05,120.67
165.99,2.52899e-05,6.09649e-05,114.91
166,2.41141e-05,5.41161e-05,109.152
166.01,2.18953e-05,4.64863e-05,103.396
166.02,1.87197e-05,3.84351e-05,97.6395
166.03,1.49496e-05,3.40087e-05,91.8812
166.04,1.19139e-05,3.07659e-05,86.1191
166.05,9.89863e-06,2.78385e-05,80.3534
166.06,8.8862e-06,2.51962e-05,74.584
166.07,8.77542e-06,2.28112e-05,68.8111
166.08,9.38556e-06,2.06632e-05,63.0361
166.09,1.04822e-05,1.8737e-05,57.2606
166.1,1.0704e-05,1.57952e-05,51.484
166.11,9.12782e-06,1.11305e-05,45.7072
166.12,6.0743e-06,5.3039e-06,39.9276
166.13,2.43747e-06,4.31428e-06,34.145
166.14,-1.29742e-06,2.83953e-06,28.3607
166.15,-4.6846e-06,1.00262e-06,22.5762
166.16,-5.53499e-06,9.9106e-07,16.7912
166.17,-3.95851e-06,1.0145e-06,11.0063
166.18,-1.88797e-06,1.02138e-06,5.22381
166.19,0.00012438,0.000650301,-0.558318
166.2,0.000114166,0.000374831,-6.34202
166.21,0.000102633,0.000339014,-12.1274
166.22,9.11191e-05,0.000306608,-17.9148
166.23,8.07389e-05,0.000277269,-23.7055
166.24,7.20303e-05,0.000250743,-29.4999
166.25,6.49386e-05,0.000226763,-35.298
166.26,5.93304e-05,0.000205082,-41.0999
166.27,5.49993e-05,0.000185481,-46.9055
166.28,5.16795e-05,0.00016776,-52.7148
166.29,4.8506e-05,0.000151754,-58.5272
166.3,4.39233e-05,0.000137278,-64.341
166.31,3.80257e-05,0.000124183,-70.1561
166.32,3.23342e-05,0.000112379,-75.9714
166.33,2.77666e-05,0.000101709,-81.7859
166.34,2.43687e-05,9.20647e-05,-87.5996
166.35,2.21044e-05,8.33479e-05,-93.4127
166.36,2.08555e-05,7.54694e-05,-99.225
166.37,2.04306e-05,6.8348e-05,-105.037
166.38,2.02596e-05,6.18237e-05,-110.848
166.39,1.90942e-05,5.55932e-05,-116.661
166.4,1.68576e-05,4.96792e-05,-122.476
166.41,1.36886e-05,4.42901e-05,-128.293
166.42,1.04335e-05,4.00707e-05,-134.113
166.43,8.11644e-06,3.62572e-05,-139.936
166.44,6.79316e-06,3.28134e-05,-145.763
166.45,6.41388e-06,2.97089e-05,-151.595
166.46,6.84565e-06,2.69142e-05,-157.432
166.47,7.88815e-06,2.43974e-05,-163.272
166.48,9.0779e-06,2.18841e-05,-169.113
166.49,8.71356e-06,1.77874e-05,-174.954
166.5,6.59952e-06,1.21792e-05,179.203
166.51,3.54194e-06,8.80708e-06,173.358
166.52,6.26101e-07,6.68144e-06,167.51
166.53,-1.84137e-06,3.86163e-06,161.661
166.54,-3.5951e-06,3.31304e-06,155.811
166.55,-2.93102e-06,3.09547e-06,149.961
166.56,-1.31546e-06,2.91216e-06,144.114
166.57,7.13227e-07,2.72272e-06,138.271
166.58,2.73395e-06,2.31317e-06,132.43
166.59,4.41991e-06,1.61447e-06,126.59
166.6,5.54684e-06,6.57807e-07,120.75
166.61,4.57776e-06,6.08151e-07,114.912
166.62,1.2117e-06,5.27232e-07,109.076
166.63,-2.3048e-06,4.75987e-07,103.242
166.64,-5.45104e-06,5.16435e-07,97.409
166.65,-0.000581181,0.000654657,91.5749
166.66,-0.000523397,0.000590261,85.7378
166.67,-0.000470882,0.000532189,79.8973
166.68,-0.000424464,0.000480118,74.0543
166.69,-0.000384307,0.000433707,68.2094
166.7,-0.000349438,0.000392387,62.3632
166.71,-0.000317668,0.000355099,56.5186
166.72,-0.000288297,0.000321365,50.676
166.73,-0.000260971,0.000290847,44.8353
166.74,-0.000235453,0.000263237,38.9966
166.75,-0.000211613,0.00023826,33.1598
166.76,-0.000189427,0.000215668,27.3249
166.77,-0.000169421,0.00019524,21.4907
166.78,-0.000151968,0.000176751,15.6574
166.79,-0.000136962,0.000160019,9.82479
166.8,-0.000123977,0.000144656,3.99253
166.81,-0.000111619,0.000129576,-1.84176
166.82,-9.9726e-05,0.000114771,-7.67838
166.83,-8.84091e-05,0.000100488,-13.5173
166.84,-7.78584e-05,8.70506e-05,-19.3586
166.85,-6.86997e-05,7.48755e-05,-25.2021
166.86,-6.00978e-05,6.41642e-05,-31.0497
166.87,-5.20493e-05,5.78555e-05,-36.9029
166.88,-4.58552e-05,5.24472e-05,-42.76
166.89,-4.32921e-05,4.7497e-05,-48.6182
166.9,-4.11349e-05,4.18483e-05,-54.4747
166.91,-3.85693e-05,3.51942e-05,-60.3277
166.92,-3.54954e-05,3.05153e-05,-66.1797
166.93,-3.19053e-05,2.76978e-05,-72.0296
166.94,-2.78869e-05,2.51717e-05,-77.8779
166.95,-2.35858e-05,2.289e-05,-83.7265
166.96,-1.92089e-05,2.08259e-05,-89.5753
166.97,-1.50006e-05,1.8959e-05,-95.4254
166.98,-1.12338e-05,1.72713e-05,-101.273
166.99,-7.92421e-06,1.54525e-05,-107.117
167,-6.24014e-06,1.26161e-05,-112.958
167.01,-6.97668e-06,9.00148e-06,-118.797
167.02,-6.87993e-06,4.3172e-06,-124.637
167.03,-5.8593e-06,7.8541e-08,-130.479
167.04,-4.12251e-06,1.81865e-07,-136.326
167.05,-1.92488e-06,2.90931e-07,-142.178
167.06,4.98388e-07,3.76508e-07,-148.036
167.07,2.88255e-06,4.35021e-07,-153.9
167.08,4.94761e-06,4.61054e-07,-159.769
167.09,6.39188e-06,4.57584e-07,-165.643
167.1,3.05988e-06,3.83889e-07,-171.52
167.11,-2.25435e-06,2.467e-07,-177.399
167.12,-7.08933e-06,2.56974e-07,176.723
167.13,-5.70398e-06,3.48258e-07,170.847
167.14,-3.72905e-06,4.29169e-07,164.971
167.15,-1.38374e-06,5.01235e-07,159.094
167.16,1.0773e-06,5.72068e-07,153.218
167.17,3.4094e-06,6.0258e-07,147.344
167.18,5.29e-06,5.88678e-07,141.473
167.19,4.28959e-06,5.45148e-07,135.606
167.2,8.69165e-07,4.97355e-07,129.741
167.21,-2.66509e-06,5.34337e-07,123.878
167.22,-5.70681e-06,5.69798e-07,118.016
167.23,-0.000572758,0.000662597,112.153
167.24,-0.000515717,0.000596596,106.287
167.25,-0.000463947,0.00053719,100.418
167.26,-0.000418385,0.000484161,94.5472
167.27,-0.000379005,0.000437181,88.6746
167.28,-0.00034469,0.000395548,82.8011
167.29,-0.000313308,0.000357959,76.9293
167.3,-0.000284271,0.000323953,71.0593
167.31,-0.000257239,0.000293189,65.1912
167.32,-0.000231987,0.000265357,59.3248
167.33,-0.000208398,0.000240179,53.4604
167.34,-0.000186474,0.000217409,47.5976
167.35,-0.000166807,0.000196813,41.7356
167.36,-0.000149678,0.000178175,35.8745
167.37,-0.000134972,0.000161308,30.0143
167.38,-0.000122145,0.000145692,24.1547
167.39,-0.000109859,0.000130194,18.2936
167.4,-9.80441e-05,0.000114902,12.4305
167.41,-8.68235e-05,0.000100117,6.56561
167.42,-7.64076e-05,8.62183e-05,0.698838
167.43,-6.74148e-05,7.36805e-05,-5.16975
167.44,-5.88824e-05,6.27326e-05,-11.0412
167.45,-5.09504e-05,5.68773e-05,-16.9174
167.46,-4.52199e-05,5.15584e-05,-22.7969
167.47,-4.28371e-05,4.66376e-05,-28.6786
167.48,-4.0659e-05,4.08984e-05,-34.5603
167.49,-3.80574e-05,3.42201e-05,-40.442
167.5,-3.4945e-05,2.99944e-05,-46.3227
167.51,-3.13224e-05,2.72359e-05,-52.2013
167.52,-2.72805e-05,2.47594e-05,-58.0792
167.53,-2.29745e-05,2.25215e-05,-63.9566
167.54,-1.86177e-05,2.04978e-05,-69.8334
167.55,-1.44579e-05,1.86686e-05,-75.7079
167.56,-1.07702e-05,1.70132e-05,-81.577
167.57,-7.45182e-06,1.5095e-05,-87.4411
167.58,-6.25032e-06,1.22131e-05,-93.3017
167.59,-6.92054e-06,8.47822e-06,-99.1612
167.6,-6.74822e-06,3.7213e-06,-105.023
167.61,-5.62253e-06,2.95015e-08,-110.886
167.62,-3.82049e-06,1.44757e-07,-116.755
167.63,-1.58561e-06,2.46863e-07,-122.629
167.64,8.44359e-07,3.24984e-07,-128.512
167.65,3.19722e-06,3.81972e-07,-134.403
167.66,5.1868e-06,4.10251e-07,-140.3
167.67,6.513e-06,4.10557e-07,-146.2
167.68,2.53175e-06,3.41316e-07,-152.102
167.69,-2.80868e-06,2.68442e-07,-158.005
167.7,-6.95477e-06,3.08501e-07,-163.906
167.71,-5.49368e-06,3.97193e-07,-169.808
167.72,-3.46826e-06,4.77676e-07,-175.708
167.73,-1.10194e-06,5.50434e-07,178.391
167.74,1.35141e-06,6.19084e-07,172.489
167.75,3.64358e-06,6.43587e-07,166.59
167.76,5.43794e-06,6.24403e-07,160.695
167.77,3.87234e-06,5.75243e-07,154.804
167.78,4.39915e-07,4.93675e-07,148.915
167.79,-3.06288e-06,5.21089e-07,143.03
167.8,-0.000616732,0.000761332,137.146
167.81,-0.000555844,0.00068387,131.26
167.82,-0.000500355,0.000613835,125.372
167.83,-0.000450082,0.000551066,119.483
167.84,-0.000406027,0.000495568,113.592
167.85,-0.000368015,0.00044706,107.7
167.86,-0.000334768,0.000404502,101.81
167.87,-0.000304265,0.000366055,95.9208
167.88,-0.000276005,0.000331274,90.0338
167.89,-0.000249669,0.000299808,84.1485
167.9,-0.000225049,0.000271342,78.265
167.91,-0.000202043,0.00024559,72.3832
167.92,-0.000180689,0.000222304,66.5031
167.93,-0.000161635,0.000201239,60.6236
167.94,-0.000145075,0.000182177,54.745
167.95,-0.000130895,0.000164935,48.868
167.96,-0.000118407,0.000148749,42.9942
167.97,-0.000106374,0.000132341,37.1206
167.98,-9.48061e-05,0.000115951,31.2458
167.99,-8.38397e-05,9.99907e-05,25.3698
168,-7.37595e-05,8.49794e-05,19.4926
168.01,-6.50706e-05,7.15067e-05,13.6143
168.02,-5.67188e-05,6.08047e-05,7.73427
168.03,-4.89904e-05,5.51314e-05,1.85006
168.04,-4.35915e-05,4.99812e-05,-4.03707
168.05,-4.14601e-05,4.51368e-05,-9.92527
168.06,-3.93541e-05,3.93494e-05,-15.8132
168.07,-3.67973e-05,3.26359e-05,-21.7015
168.08,-3.3716e-05,2.88924e-05,-27.5884
168.09,-3.01218e-05,2.62431e-05,-33.4732
168.1,-2.61143e-05,2.38628e-05,-39.3575
168.11,-2.18582e-05,2.17121e-05,-45.2407
168.12,-1.75764e-05,1.97734e-05,-51.1196
168.13,-1.35118e-05,1.80217e-05,-56.9923
168.14,-9.94578e-06,1.64315e-05,-62.859
168.15,-6.65574e-06,1.44354e-05,-68.7206
168.16,-6.00731e-06,1.15723e-05,-74.5784
168.17,-6.68618e-06,7.80336e-06,-80.4333
168.18,-6.52516e-06,3.06648e-06,-86.2877
168.19,-5.41057e-06,4.50371e-07,-92.1437
168.2,-3.62946e-06,4.68675e-07,-98.0013
168.21,-1.42486e-06,4.80342e-07,-103.861
168.22,-0.000585835,0.00052452,-109.725
168.23,-0.000529581,0.000474721,-115.591
168.24,-0.000480466,0.000429644,-121.459
168.25,-0.000436349,0.000388859,-127.327
168.26,-0.000395877,0.000351955,-133.193
168.27,-0.000358549,0.000318564,-139.057
168.28,-0.000323991,0.000288352,-144.919
168.29,-0.000291951,0.000261017,-150.78
168.3,-0.000262284,0.000236282,-156.64
168.31,-0.000235187,0.000213918,-162.498
168.32,-0.000211295,0.000193679,-168.356
168.33,-0.0001905,0.00017536,-174.214
168.34,-0.000172554,0.00015877,179.928
168.35,-0.000156193,0.00014376,174.068
168.36,-0.000140658,0.000130183,168.205
168.37,-0.000125943,0.0001179,162.338
168.38,-0.000112107,0.000106788,156.467
168.39,-9.9252e-05,9.6734e-05,150.593
168.4,-8.74751e-05,8.76373e-05,144.715
168.41,-7.70157e-05,7.93996e-05,138.834
168.42,-6.90883e-05,7.19276e-05,132.95
168.43,-6.37166e-05,6.51578e-05,127.064
168.44,-5.97375e-05,5.9024e-05,121.178
168.45,-5.56247e-05,5.34828e-05,115.294
168.46,-5.12017e-05,4.84725e-05,109.411
168.47,-4.64018e-05,4.39429e-05,103.531
168.48,-4.12489e-05,3.98478e-05,97.6522
168.49,-3.58581e-05,3.61527e-05,91.7753
168.5,-3.04527e-05,3.28278e-05,85.8992
168.51,-2.52598e-05,2.98097e-05,80.0234
168.52,-2.05723e-05,2.7078e-05,74.1481
168.53,-1.66029e-05,2.45868e-05,68.2762
168.54,-1.23859e-05,2.10038e-05,62.4078
168.55,-1.16929e-05,1.67659e-05,56.541
168.56,-1.12174e-05,1.15496e-05,50.675
168.57,-9.96968e-06,5.68676e-06,44.8078
168.58,-8.08027e-06,3.24969e-06,38.9379
168.59,-5.70865e-06,3.05961e-06,33.063
168.6,-3.06453e-06,2.88962e-06,27.1825
168.61,-4.07055e-07,2.73645e-06,21.2964
168.62,1.99036e-06,2.59507e-06,15.406
168.63,3.85575e-06,2.4446e-06,9.51446
168.64,2.88268e-06,2.05812e-06,3.62023
168.65,-1.53814e-06,1.2989e-06,-2.27574
168.66,-5.67611e-06,3.45415e-07,-8.17342
168.67,2.32365e-05,0.000383498,-14.0708
168.68,2.23905e-05,0.000346954,-19.9635
168.69,2.22406e-05,0.000313906,-25.849
168.7,2.16737e-05,0.000284031,-31.7291
168.71,1.99995e-05,0.000257007,-37.6032
168.72,1.72933e-05,0.000232562,-43.4725
168.73,1.38518e-05,0.000210431,-49.3392
168.74,1.09868e-05,0.000190405,-55.2083
168.75,9.09964e-06,0.000172298,-61.0806
168.76,8.18939e-06,0.000155928,-66.9561
168.77,8.17048e-06,0.000141128,-72.8347
168.78,8.8801e-06,0.000127747,-78.7165
168.79,1.00939e-05,0.000115647,-84.6013
168.8,1.07278e-05,0.000104694,-90.4886
168.81,9.5244e-06,9.47772e-05,-96.3772
168.82,6.74439e-06,8.57989e-05,-102.267
168.83,4.10035e-06,7.7682e-05,-108.156
168.84,2.31814e-06,7.03451e-05,-114.044
168.85,1.45759e-06,6.3714e-05,-119.93
168.86,1.49345e-06,5.7721e-05,-125.815
168.87,2.31696e-06,5.23048e-05,-131.7
168.88,3.74628e-06,4.74091e-05,-137.583
168.89,5.06804e-06,4.25918e-05,-143.465
168.9,5.18159e-06,3.70732e-05,-149.348
168.91,4.13001e-06,3.27633e-05,-155.23
168.92,2.0816e-06,2.97441e-05,-161.108
168.93,9.70149e-08,2.59174e-05,-166.984
168.94,-1.01955e-06,2.07014e-05,-172.857
