time,husky_x_world,husky_y_world,husky_z_world,husky_roll_world_deg,husky_pitch_world_deg,husky_yaw_world_deg,ee_x_ur_base,ee_y_ur_base,ee_z_ur_base,ee_roll_world_deg,ee_pitch_world_deg,ee_yaw_world_deg
6.951444625854492,-8.238194673664089e-13,-6.424372777406493e-16,0.0,-1.280883152178138e-07,-2.575723609413185e-07,-0.34359888397842375,-0.2996590936604165,-0.11415469872471154,0.4785771805957738,-94.89256413397466,0.01020236355316364,-91.04407952741228
7.000722885131836,-7.438134268915719e-13,-3.2319368877796496e-15,0.0,-1.23156159526712e-07,-2.595905695892235e-07,-0.52859327760345,-0.2996590936604165,-0.11415469872471154,0.4785771805957738,-94.8946832922644,0.011248561170705029,-91.34960157661533
7.050897836685181,-7.438134268915719e-13,-3.2319368877796496e-15,0.0,-1.3382691321872508e-07,-2.604096793198614e-07,-0.6749262463109881,-0.2996590936604165,-0.11415469872471154,0.4785771805957738,-94.8946832922644,0.011248561170705029,-91.34960157661533
7.100738525390625,-7.283459599331738e-13,-4.070053869039282e-15,0.0,-1.4677918681374612e-07,-2.5891854869843655e-07,-0.7059690536712748,-0.2996590936604165,-0.11415469872471154,0.4785771805957738,-94.8946832922644,0.011248561170705029,-91.34960157661533
7.150752305984497,-8.290426753615483e-13,-2.1538548202269107e-15,0.0,-1.5740990540378585e-07,-2.5613721931117236e-07,-0.6574597536929594,-0.3001380690063895,-0.11425430599274261,0.4786551000152315,-94.83504855709826,0.04826100392237398,-90.13796429798629
7.20084285736084,-8.290426753615483e-13,-2.1538548202269107e-15,0.0,-1.6619877659988316e-07,-2.5270005196855354e-07,-0.5538153519980691,-0.3001380690063895,-0.11425430599274261,0.4786551000152315,-94.83504855709826,0.04826100392237398,-90.13796429798629
7.250873565673828,-9.54434003462243e-13,-2.152372619454208e-15,0.0,-1.7916869758973557e-07,-2.45596922531775e-07,-0.23978488323672786,-0.3001380690063895,-0.11425430599274261,0.4786551000152315,-94.83504855709826,0.04826100392237398,-90.13796429798629
7.300907373428345,-9.54434003462243e-13,-2.152372619454208e-15,0.0,-1.8372075614977758e-07,-2.423195876131622e-07,-0.04735086010233877,-0.3001380690063895,-0.11425430599274261,0.4786551000152315,-94.83504855709826,0.04826100392237398,-90.13796429798629
7.350784540176392,-1.0692037275567259e-12,-4.4197389144624486e-15,0.0,-1.8717152982682564e-07,-2.393379599146504e-07,0.16124226475091016,-0.3001380690063895,-0.11425430599274261,0.4786551000152315,-94.83504855709826,0.04826100392237398,-90.13796429798629
7.40093469619751,-1.0692037275567259e-12,-4.4197389144624486e-15,0.0,-1.8973874287113508e-07,-2.3670991762659442e-07,0.3824372754261687,-0.3018548986314481,-0.10768596473746718,0.4786917401327674,-94.80935063762118,0.005411693462668828,-88.7835712819449
7.450747728347778,-1.1654100142523334e-12,-8.238808710410417e-15,0.0,-1.8408143537377844e-07,-2.4078005476889146e-07,0.6071809202033327,-0.3018548986314481,-0.10768596473746718,0.4786917401327674,-94.80584552202433,-0.00042502810305222386,-88.5988842970827
7.500785827636719,-8.722910731461918e-13,6.429363858802942e-15,0.0,-1.7743843820791356e-07,-2.7031119628626817e-07,0.6346836463478858,-0.3018548986314481,-0.10768596473746718,0.4786917401327674,-94.80584552202433,-0.00042502810305222386,-88.5988842970827
7.550587177276611,-8.722910731461918e-13,6.429363858802942e-15,0.0,-1.6945504842101327e-07,-2.6328922715504533e-07,0.6346836493232253,-0.3018548986314481,-0.10768596473746718,0.4786917401327674,-94.80584552202433,-0.00042502810305222386,-88.5988842970827
7.6012115478515625,-8.843037468673063e-13,5.828229143664854e-15,0.0,-1.664421542596237e-07,-2.606299253752027e-07,0.6346836504301338,-0.30091283053834345,-0.10906417386642069,0.4785849405539869,-94.88669640401693,-0.054998177023488665,-88.14210725010842
7.65088415145874,-8.843037468673063e-13,5.828229143664854e-15,0.0,-1.6394103565452755e-07,-2.5842609408206885e-07,0.6346836513647861,-0.30091283053834345,-0.10906417386642069,0.4785849405539869,-94.88669640401693,-0.054998177023488665,-88.14210725010842
7.700870990753174,-8.931415125918904e-13,5.385972248601743e-15,0.0,-1.6186726939927368e-07,-2.566078238020667e-07,0.6346836521540502,-0.30091283053834345,-0.10906417386642069,0.4785849405539869,-94.88669640401693,-0.054998177023488665,-88.14210725010842
7.751229524612427,-8.995684273057397e-13,5.064358456749775e-15,0.0,-1.5872796836858878e-07,-2.5389392122298025e-07,0.6346836533831984,-0.30091283053834345,-0.10906417386642069,0.4785849405539869,-94.88669640401693,-0.054998177023488665,-88.14210725010842
7.80082106590271,-8.995684273057397e-13,5.064358456749775e-15,0.0,-1.5755327118017954e-07,-2.529017273876777e-07,0.6346836538468321,-0.300095487248639,-0.11158728109342489,0.47856724554564467,-94.89841661817786,-0.0506928408504993,-87.8103039518168
7.851076126098633,-9.041891528865016e-13,4.833129454763178e-15,0.0,-1.5658332281188221e-07,-2.521002880315485e-07,0.6346836542085278,-0.300095487248639,-0.11158728109342489,0.47856724554564467,-94.90001298282763,-0.050109751457291046,-87.76505818557496
7.900991439819336,-9.041891528865016e-13,4.833129454763178e-15,0.0,-1.5576518886213222e-07,-2.514335253799984e-07,0.634683654496318,-0.300095487248639,-0.11158728109342489,0.47856724554564467,-94.90001298282763,-0.050109751457291046,-87.76505818557496
7.950951814651489,-9.074680142144325e-13,4.669049632393604e-15,0.0,-1.5506448588579715e-07,-2.508678127029596e-07,0.6346836547386434,-0.300095487248639,-0.11158728109342489,0.47856724554564467,-94.90001298282763,-0.050109751457291046,-87.76505818557496
8.000734090805054,-9.0976624911615e-13,4.55404203166798e-15,0.0,-1.5446337792718123e-07,-2.5038866378317516e-07,0.6346836549425677,-0.29981587379353364,-0.11274838307976859,0.4785874129896156,-94.8854062497349,-0.03100253103213992,-87.47958924305134
8.050693035125732,-9.0976624911615e-13,4.55404203166798e-15,0.0,-1.5350326137469415e-07,-2.496428857184787e-07,0.6346836552577343,-0.29981587379353364,-0.11274838307976859,0.4785874129896156,-94.8854062497349,-0.03100253103213992,-87.47958924305134
8.100719690322876,-9.113350781425391e-13,4.4755351470414776e-15,0.0,-1.5312044590329874e-07,-2.4935628901170726e-07,0.6346836553781487,-0.29981587379353364,-0.11274838307976859,0.4785874129896156,-94.8854062497349,-0.03100253103213992,-87.47958924305134
8.15118932723999,-9.113350781425391e-13,4.4755351470414776e-15,0.0,-1.52790098176453e-07,-2.491163582360638e-07,0.6346836554787577,-0.29981587379353364,-0.11274838307976859,0.4785874129896156,-94.8854062497349,-0.03100253103213992,-87.47958924305134
8.20075011253357,-9.123789428453544e-13,4.423298374001754e-15,0.0,-1.5250437999246038e-07,-2.489159260375047e-07,0.6346836555625928,-0.29977596964806796,-0.11319682398706417,0.47860753024803815,-94.87291567029715,-0.018290728351121992,-87.35899074492254
8.25095510482788,-9.130529069439356e-13,4.389572059126315e-15,0.0,-1.5225647137223943e-07,-2.487491769599548e-07,0.6346836556322277,-0.29977596964806796,-0.11319682398706417,0.47860753024803815,-94.87121194401502,-0.016559419191702566,-87.34254506769332
8.300710201263428,-9.130529069439356e-13,4.389572059126315e-15,0.0,-1.5185354726259266e-07,-2.4849687521898637e-07,0.6346836557373083,-0.29977596964806796,-0.11319682398706417,0.47860753024803815,-94.87121194401502,-0.016559419191702566,-87.34254506769332
8.350908756256104,-9.134600574919217e-13,4.369197550139866e-15,0.0,-1.516896038615883e-07,-2.4840352471956407e-07,0.634683655776187,-0.29977596964806796,-0.11319682398706417,0.47860753024803815,-94.87121194401502,-0.016559419191702566,-87.34254506769332
8.400713920593262,-9.134600574919217e-13,4.369197550139866e-15,0.0,-1.515457313488507e-07,-2.483272143738477e-07,0.6346836558078222,-0.29982911373430926,-0.11328333538525738,0.4786188592090116,-94.86595612647639,-0.012414769318272859,-87.32916256705668
8.450786828994751,-9.136783594878633e-13,4.358273345321599e-15,0.0,-1.5141938021270876e-07,-2.4826526716083517e-07,0.6346836558333522,-0.29982911373430926,-0.11328333538525738,0.4786188592090116,-94.86348280125125,-0.01046454595850717,-87.32286465806705
8.500644445419312,-9.137675860973154e-13,4.3538082933522265e-15,0.0,-1.512091441811329e-07,-2.4817609337219544e-07,0.6346836558698171,-0.29982911373430926,-0.11328333538525738,0.4786188592090116,-94.86348280125125,-0.01046454595850717,-87.32286465806705
8.55086636543274,-9.137675860973154e-13,4.3538082933522265e-15,0.0,-1.5112128460181642e-07,-2.4814519726580466e-07,0.6346836558822698,-0.29982911373430926,-0.11328333538525738,0.4786188592090116,-94.86348280125125,-0.01046454595850717,-87.32286465806705
8.600807428359985,-9.137693186528387e-13,4.3537215933139855e-15,0.0,-1.5104251447759357e-07,-2.481207984122213e-07,0.6346836558916941,-0.29990742869890513,-0.1132004913594449,0.4786223161324271,-94.86157113637071,-0.01050968420084781,-87.36777007731867
8.65083909034729,-9.137156094316149e-13,4.356409294499433e-15,0.0,-1.5097235149533247e-07,-2.481022765002979e-07,0.6346836558985911,-0.29990742869890513,-0.1132004913594449,0.4786223161324271,-94.8613102507999,-0.010515621701637558,-87.37389354373192
8.700626373291016,-9.137156094316149e-13,4.356409294499433e-15,0.0,-1.5085191145571532e-07,-2.4807805872044184e-07,0.6346836559064463,-0.29990742869890513,-0.1132004913594449,0.4786223161324271,-94.8613102507999,-0.010515621701637558,-87.37389354373192
8.750825881958008,-9.136272490999241e-13,4.360830996449685e-15,0.0,-1.507998235140307e-07,-2.480712871917117e-07,0.6346836559080719,-0.29990742869890513,-0.1132004913594449,0.4786223161324271,-94.8613102507999,-0.010515621701637558,-87.37389354373192
8.800819635391235,-9.136272490999241e-13,4.360830996449685e-15,0.0,-1.5075235390606806e-07,-2.480667317317833e-07,0.6346836559085252,-0.29998233816798653,-0.11305303857866986,0.4786209140087355,-94.86208468065418,-0.012476099965839227,-87.43050144274054
8.85080075263977,-9.135362899349481e-13,4.3653827484572975e-15,0.0,-1.5070889338130608e-07,-2.480643609279557e-07,0.6346836559080249,-0.29998233816798653,-0.11305303857866986,0.4786209140087355,-94.86244775575454,-0.01339917250875258,-87.45714043486176
8.901025295257568,-9.134089471039826e-13,4.371755201267953e-15,0.0,-1.5063166537234996e-07,-2.48063286809216e-07,0.6346836559048737,-0.29998233816798653,-0.11305303857866986,0.4786209140087355,-94.86244775575454,-0.01339917250875258,-87.45714043486176
8.950806856155396,-9.134089471039826e-13,4.371755201267953e-15,0.0,-1.5059715362001714e-07,-2.4806408042635487e-07,0.6346836559025116,-0.29998233816798653,-0.11305303857866986,0.4786209140087355,-94.86244775575454,-0.01339917250875258,-87.45714043486176
9.000924587249756,-9.1327813916197e-13,4.378301054155089e-15,0.0,-1.5056501226124194e-07,-2.4806539710780543e-07,0.6346836558997804,-0.29998233816798653,-0.11305303857866986,0.4786209140087355,-94.86244775575454,-0.01339917250875258,-87.45714043486176
9.050854206085205,-9.1327813916197e-13,4.378301054155089e-15,0.0,-1.5053491344712807e-07,-2.480670180920098e-07,0.6346836558967718,-0.3000440595402394,-0.11289560673486342,0.4786172680131814,-94.86473177199547,-0.016177790548637494,-87.53628739543848
9.100949048995972,-9.131646567751916e-13,4.383979906659825e-15,0.0,-1.5050667073021996e-07,-2.4806888198705833e-07,0.6346836558935641,-0.3000440595402394,-0.11289560673486342,0.4786172680131814,-94.86504262133134,-0.01655714704677372,-87.54708014527303
9.150824785232544,-9.131646567751916e-13,4.383979906659825e-15,0.0,-1.504801103109542e-07,-2.4807091087170844e-07,0.6346836558902227,-0.3000440595402394,-0.11289560673486342,0.4786172680131814,-94.86504262133134,-0.01655714704677372,-87.54708014527303
9.200838327407837,-9.130719650546924e-13,4.388618358705677e-15,0.0,-1.5045496031301072e-07,-2.4807292071143586e-07,0.6346836558868,-0.3000440595402394,-0.11289560673486342,0.4786172680131814,-94.86504262133134,-0.01655714704677372,-87.54708014527303
9.250863790512085,-9.129801396119548e-13,4.39321346073241e-15,0.0,-1.5040887248131792e-07,-2.4807661495593537e-07,0.6346836558798821,-0.3000911808307168,-0.11275411102582483,0.47861307032831835,-94.8679403374642,-0.018584200552728573,-87.62941474101989
9.300724744796753,-9.129801396119548e-13,4.39321346073241e-15,0.0,-1.5038746267222273e-07,-2.480782676752911e-07,0.634683655876453,-0.3000911808307168,-0.11275411102582483,0.47861307032831835,-94.8679403374642,-0.018584200552728573,-87.62941474101989
9.350934505462646,-9.128883141692172e-13,4.397808562759143e-15,0.0,-1.5036693595470443e-07,-2.4807932240594553e-07,0.6346836558730772,-0.3000911808307168,-0.11275411102582483,0.47861307032831835,-94.8679403374642,-0.018584200552728573,-87.62941474101989
9.400733709335327,-9.128883141692172e-13,4.397808562759143e-15,0.0,-1.5034742850311156e-07,-2.4808030154986935e-07,0.6346836558697737,-0.3000911808307168,-0.11275411102582483,0.47861307032831835,-94.8679403374642,-0.018584200552728573,-87.62941474101989
9.450956106185913,-9.127973550042412e-13,4.402360314766755e-15,0.0,-1.5032869196054422e-07,-2.480810955755049e-07,0.6346836558665582,-0.30012553695405086,-0.11263835776826776,0.4786092169662278,-94.87024020854611,-0.018969951813127838,-87.68958103789163
9.500967979431152,-9.127973550042412e-13,4.402360314766755e-15,0.0,-1.503107340863081e-07,-2.480814302759477e-07,0.6346836558634413,-0.30012553695405086,-0.11263835776826776,0.4786092169662278,-94.87024020854611,-0.018969951813127838,-87.68958103789163
9.550814151763916,-9.127167911724056e-13,4.406391866544926e-15,0.0,-1.5029351055325593e-07,-2.4808142457718785e-07,0.6346836558604322,-0.30012553695405086,-0.11263835776826776,0.4786092169662278,-94.87055346430238,-0.019022906990117768,-87.69778553030088
9.600876331329346,-9.127167911724056e-13,4.406391866544926e-15,0.0,-1.5027700885041334e-07,-2.480813273695732e-07,0.6346836558575379,-0.30012553695405086,-0.11263835776826776,0.4786092169662278,-94.87055346430238,-0.019022906990117768,-87.69778553030088
9.650813341140747,-9.126587505623737e-13,4.409296317825975e-15,0.0,-1.502611153059794e-07,-2.48080794568469e-07,0.634683655854761,-0.30012553695405086,-0.11263835776826776,0.4786092169662278,-94.87055346430238,-0.019022906990117768,-87.69778553030088
9.701066017150879,-9.126587505623737e-13,4.409296317825975e-15,0.0,-1.5024594013041181e-07,-2.4808020965677706e-07,0.6346836558521056,-0.3001498330624306,-0.11254957608591432,0.47860607166781455,-94.87198540224865,-0.018330883488415755,-87.73380195464425
9.750860691070557,-9.126128378410053e-13,4.411593868839343e-15,0.0,-1.5023135458368871e-07,-2.480792783990788e-07,0.634683655849572,-0.3001498330624306,-0.11254957608591432,0.47860607166781455,-94.87265867171325,-0.018005815014678406,-87.75075087180433
9.800672769546509,-9.12566925119637e-13,4.413891419852711e-15,0.0,-1.5021730375638604e-07,-2.4807821798608947e-07,0.6346836558471594,-0.3001498330624306,-0.11254957608591432,0.47860607166781455,-94.87265867171325,-0.018005815014678406,-87.75075087180433
9.850565910339355,-9.12566925119637e-13,4.413891419852711e-15,0.0,-1.5019086469923836e-07,-2.4807552426728315e-07,0.634683655842694,-0.3001498330624306,-0.11254957608591432,0.47860607166781455,-94.87265867171325,-0.018005815014678406,-87.75075087180433
9.90079379081726,-9.125218786760303e-13,4.4161456208469595e-15,0.0,-1.5017824744709073e-07,-2.480737794461639e-07,0.6346836558406368,-0.3001498330624306,-0.11254957608591432,0.47860607166781455,-94.87265867171325,-0.018005815014678406,-87.75075087180433
9.95102310180664,-9.125218786760303e-13,4.4161456208469595e-15,0.0,-1.5016617452839706e-07,-2.480720648948091e-07,0.6346836558386925,-0.30016664910282076,-0.11248488110729397,0.4786036950056207,-94.8740436832374,-0.016187173499020165,-87.78487578928986
10.000897407531738,-9.124759659546617e-13,4.418443171860327e-15,0.0,-1.501544803466757e-07,-2.480702195412155e-07,0.6346836558368577,-0.30016664910282076,-0.11248488110729397,0.4786036950056207,-94.87423243174023,-0.015939298120788495,-87.78952919385723
10.05080509185791,-9.124759659546617e-13,4.418443171860327e-15,0.0,-1.5014327681556765e-07,-2.480682116172814e-07,0.634683655835129,-0.30016664910282076,-0.11248488110729397,0.4786036950056207,-94.87423243174023,-0.015939298120788495,-87.78952919385723
10.100881099700928,-9.124300532332933e-13,4.420740722873695e-15,0.0,-1.5013240897154248e-07,-2.480660497825749e-07,0.6346836558335022,-0.30016664910282076,-0.11248488110729397,0.4786036950056207,-94.87423243174023,-0.015939298120788495,-87.78952919385723
10.150861740112305,-9.124300532332933e-13,4.420740722873695e-15,0.0,-1.5012198832870165e-07,-2.4806395775266354e-07,0.6346836558319731,-0.3001781044196044,-0.11243983733881172,0.47860200166289524,-94.87498775454205,-0.014136250534159229,-87.80787176518697
10.200811386108398,-9.123841405119247e-13,4.423038273887062e-15,0.0,-1.5011184214210407e-07,-2.4806173284010453e-07,0.6346836558305383,-0.3001781044196044,-0.11243983733881172,0.47860200166289524,-94.87534305283157,-0.013287915920898534,-87.81650357979359
10.25124454498291,-9.123841405119247e-13,4.423038273887062e-15,0.0,-1.5010215522828833e-07,-2.4805946968353806e-07,0.634683655829193,-0.3001781044196044,-0.11243983733881172,0.47860200166289524,-94.87534305283157,-0.013287915920898534,-87.81650357979359
10.300848245620728,-9.123520882347426e-13,4.4246422245945086e-15,0.0,-1.5009281629132167e-07,-2.4805717774889406e-07,0.6346836558279328,-0.3001781044196044,-0.11243983733881172,0.47860200166289524,-94.87534305283157,-0.013287915920898534,-87.81650357979359
10.35063362121582,-9.12342559179364e-13,4.425119074804831e-15,0.0,-1.5008376918240205e-07,-2.48054781377337e-07,0.6346836558267549,-0.3001781044196044,-0.11243983733881172,0.47860200166289524,-94.87534305283157,-0.013287915920898534,-87.81650357979359
10.400503396987915,-9.12342559179364e-13,4.425119074804831e-15,0.0,-1.5006677160554148e-07,-2.4805013420967873e-07,0.6346836558246265,-0.30018581324039,-0.11240984478857412,0.47860085443020994,-94.87599905961031,-0.010795298516347562,-87.83218799098113
10.450972318649292,-9.12342559179364e-13,4.425119074804831e-15,0.0,-1.5005865186847438e-07,-2.4804781541942887e-07,0.6346836558236676,-0.30018581324039,-0.11240984478857412,0.47860085443020994,-94.87608849186199,-0.010455422326409202,-87.83432677872769
10.501054763793945,-9.12342559179364e-13,4.425119074804831e-15,0.0,-1.5005097296683753e-07,-2.4804546741839565e-07,0.6346836558227749,-0.30018581324039,-0.11240984478857412,0.47860085443020994,-94.87608849186199,-0.010455422326409202,-87.83432677872769
10.551016092300415,-9.12342559179364e-13,4.425119074804831e-15,0.0,-1.5004348597568952e-07,-2.480430141880025e-07,0.6346836558219446,-0.30018581324039,-0.11240984478857412,0.47860085443020994,-94.87608849186199,-0.010455422326409202,-87.83432677872769
10.60080361366272,-9.12342559179364e-13,4.425119074804831e-15,0.0,-1.5003639638663776e-07,-2.4804063092169774e-07,0.6346836558211734,-0.30018581324039,-0.11240984478857412,0.47860085443020994,-94.87608849186199,-0.010455422326409202,-87.83432677872769
10.65088176727295,-9.12342559179364e-13,4.425119074804831e-15,0.0,-1.500295188776228e-07,-2.48038325477295e-07,0.6346836558204549,-0.3001909507458589,-0.11239080956892956,0.47860011371269584,-94.87656484147787,-0.007736908725339261,-87.84544647215012
10.701245784759521,-9.12342559179364e-13,4.425119074804831e-15,0.0,-1.5002287779477342e-07,-2.480360599934868e-07,0.6346836558197887,-0.3001909507458589,-0.11239080956892956,0.47860011371269584,-94.87656484147787,-0.007736908725339261,-87.84544647215012
10.750871181488037,-9.12342559179364e-13,4.425119074804831e-15,0.0,-1.5001662829995103e-07,-2.480338000196623e-07,0.6346836558191719,-0.3001909507458589,-0.11239080956892956,0.47860011371269584,-94.87656484147787,-0.007736908725339261,-87.84544647215012
10.80072283744812,-9.12342559179364e-13,4.425119074804831e-15,0.0,-1.500047119805596e-07,-2.480294007355037e-07,0.6346836558180706,-0.3001909507458589,-0.11239080956892956,0.47860011371269584,-94.87656484147787,-0.007736908725339261,-87.84544647215012
10.85078239440918,-9.12342559179364e-13,4.425119074804831e-15,0.0,-1.4999910681159797e-07,-2.480273146165326e-07,0.6346836558175817,-0.30019434742785367,-0.11237939647924046,0.47859965947186633,-94.87681852715755,-0.0056053452792457,-87.85112543844484
10.900826692581177,-9.12342559179364e-13,4.425119074804831e-15,0.0,-1.499937394756156e-07,-2.4802521138581453e-07,0.6346836558171299,-0.30019434742785367,-0.11237939647924046,0.47859965947186633,-94.87685311835793,-0.005314681080568381,-87.8518998443998
10.95072627067566,-9.12342559179364e-13,4.425119074804831e-15,0.0,-1.4998855918469823e-07,-2.480230525049057e-07,0.634683655816713,-0.30019434742785367,-0.11237939647924046,0.47859965947186633,-94.87685311835793,-0.005314681080568381,-87.8518998443998
11.000987768173218,-9.12342559179364e-13,4.425119074804831e-15,0.0,-1.4998352654732712e-07,-2.4802109591407716e-07,0.6346836558163286,-0.30019434742785367,-0.11237939647924046,0.47859965947186633,-94.87685311835793,-0.005314681080568381,-87.8518998443998
11.050899505615234,-9.12342559179364e-13,4.425119074804831e-15,0.0,-1.4997880338638302e-07,-2.4801934694394525e-07,0.6346836558159731,-0.30019657805847016,-0.11237305302241804,0.47859939777564087,-94.87696381863402,-0.0039285118780410955,-87.85418900202863
11.10068655014038,-9.12342559179364e-13,4.425119074804831e-15,0.0,-1.4997414102288257e-07,-2.4801721486257137e-07,0.6346836558156458,-0.30019657805847016,-0.11237305302241804,0.47859939777564087,-94.87701591207822,-0.003276199620510939,-87.8552662545297
11.15075421333313,-9.12342559179364e-13,4.425119074804831e-15,0.0,-1.4996548988773916e-07,-2.480138507240663e-07,0.6346836558150679,-0.30019657805847016,-0.11237305302241804,0.47859939777564087,-94.87701591207822,-0.003276199620510939,-87.8552662545297
11.201076030731201,-9.12342559179364e-13,4.425119074804831e-15,0.0,-1.4996149664354003e-07,-2.480119447186922e-07,0.6346836558148147,-0.30019657805847016,-0.11237305302241804,0.47859939777564087,-94.87701591207822,-0.003276199620510939,-87.8552662545297
11.250978946685791,-9.12342559179364e-13,4.425119074804831e-15,0.0,-1.4995766584499594e-07,-2.4801038803913894e-07,0.634683655814582,-0.30019803433598885,-0.11236992211517677,0.4785992597260563,-94.87708878083708,-0.0018360328765994812,-87.85653036756482
11.300778865814209,-9.12342559179364e-13,4.425119074804831e-15,0.0,-1.4995379079663983e-07,-2.4800871788289274e-07,0.6346836558143688,-0.30019803433598885,-0.11236992211517677,0.4785992597260563,-94.87708878083708,-0.0018360328765994812,-87.85653036756482
11.350837707519531,-9.12342559179364e-13,4.425119074804831e-15,0.0,-1.4995055011916912e-07,-2.480071467508249e-07,0.6346836558141737,-0.30019803433598885,-0.11236992211517677,0.4785992597260563,-94.87709871764076,-0.0016396466944258083,-87.8567027468989
11.400691747665405,-9.12342559179364e-13,4.425119074804831e-15,0.0,-1.4994376492837834e-07,-2.4800414305904645e-07,0.6346836558138302,-0.30019803433598885,-0.11236992211517677,0.4785992597260563,-94.87709871764076,-0.0016396466944258083,-87.8567027468989
11.450707197189331,-9.12342559179364e-13,4.425119074804831e-15,0.0,-1.4994081713352892e-07,-2.480030116460993e-07,0.63468365581368,-0.30019803433598885,-0.11236992211517677,0.4785992597260563,-94.87709871764076,-0.0016396466944258083,-87.8567027468989
11.500814199447632,-9.12342559179364e-13,4.425119074804831e-15,0.0,-1.4993755692633784e-07,-2.480013923806074e-07,0.634683655813543,-0.30019898004275575,-0.11236871281980307,0.478599197291686,-94.87713303842965,-0.0003788669616470019,-87.85701506858064
11.550890445709229,-9.12342559179364e-13,4.425119074804831e-15,0.0,-1.499350252507877e-07,-2.4800013927818317e-07,0.6346836558134186,-0.30019898004275575,-0.11236871281980307,0.478599197291686,-94.87713303842965,-0.0003788669616470019,-87.85701506858064
11.601034879684448,-9.12342559179364e-13,4.425119074804831e-15,0.0,-1.4993210732059113e-07,-2.4799895094561186e-07,0.6346836558133053,-0.30019898004275575,-0.11236871281980307,0.478599197291686,-94.87713303842965,-0.0003788669616470019,-87.85701506858064
11.650600671768188,-9.12342559179364e-13,4.425119074804831e-15,0.0,-1.49927066591851e-07,-2.4799640508474896e-07,0.6346836558131104,-0.30019898004275575,-0.11236871281980307,0.478599197291686,-94.87713303842965,-0.0003788669616470019,-87.85701506858064
11.70085597038269,-9.12342559179364e-13,4.425119074804831e-15,0.0,-1.4992472348272446e-07,-2.479957295201697e-07,0.6346836558130263,-0.3001995911464381,-0.11236856729984546,0.4785991784477388,-94.8771389599742,0.00044396665894935034,-87.85677012708412
11.750875473022461,-9.12342559179364e-13,4.425119074804831e-15,0.0,-1.4992249775830179e-07,-2.4799406249883576e-07,0.63468365581295,-0.3001995911464381,-0.11236856729984546,0.4785991784477388,-94.87713976751083,0.0005561712494828334,-87.8567367259841
11.800780057907104,-9.12342559179364e-13,4.425119074804831e-15,0.0,-1.499203276608244e-07,-2.479931069747882e-07,0.634683655812881,-0.3001995911464381,-0.11236856729984546,0.4785991784477388,-94.87713976751083,0.0005561712494828334,-87.8567367259841
11.850810527801514,-9.12342559179364e-13,4.425119074804831e-15,0.0,-1.4991821292013497e-07,-2.479926087391873e-07,0.6346836558128188,-0.3001995911464381,-0.11236856729984546,0.4785991784477388,-94.87713976751083,0.0005561712494828334,-87.8567367259841
11.900655508041382,-9.12342559179364e-13,4.425119074804831e-15,0.0,-1.4991463546801713e-07,-2.4798992809494656e-07,0.6346836558127118,-0.3001999841311505,-0.11236894269364125,0.47859918274662316,-94.8771321820395,0.0012244991581917206,-87.85620180627593
11.950782299041748,-9.12342559179364e-13,4.425119074804831e-15,0.0,-1.4991244156203618e-07,-2.4798944614884337e-07,0.6346836558126661,-0.3001999841311505,-0.11236894269364125,0.47859918274662316,-94.8771321820395,0.0012244991581917206,-87.85620180627593
12.00083065032959,-9.12342559179364e-13,4.425119074804831e-15,0.0,-1.4991074765541316e-07,-2.479886136445971e-07,0.6346836558126249,-0.3001999841311505,-0.11236894269364125,0.47859918274662316,-94.8771321820395,0.0012244991581917206,-87.85620180627593
12.050853729248047,-9.12342559179364e-13,4.425119074804831e-15,0.0,-1.4990960337275817e-07,-2.479880324243397e-07,0.6346836558125879,-0.3001999841311505,-0.11236894269364125,0.47859918274662316,-94.8771321820395,0.0012244991581917206,-87.85620180627593
12.101072788238525,-9.12342559179364e-13,4.425119074804831e-15,0.0,-1.4990600713242176e-07,-2.479860910536181e-07,0.6346836558125248,-0.3002002356101833,-0.11236951497212569,0.4785991977280939,-94.87711999362564,0.0016292802789043888,-87.85567705191445
12.150906324386597,-9.12342559179364e-13,4.425119074804831e-15,0.0,-1.4990447154122542e-07,-2.4798527722059227e-07,0.6346836558124982,-0.3002002356101833,-0.11236951497212569,0.4785991977280939,-94.87711833154138,0.0016844776838271058,-87.85560549448815
12.200917720794678,-9.12342559179364e-13,4.425119074804831e-15,0.0,-1.4990342430589684e-07,-2.479847595155736e-07,0.6346836558124743,-0.3002002356101833,-0.11236951497212569,0.4785991977280939,-94.87711833154138,0.0016844776838271058,-87.85560549448815
12.250869274139404,-9.12342559179364e-13,4.425119074804831e-15,0.0,-1.499023729734287e-07,-2.479842375847051e-07,0.6346836558124532,-0.3002002356101833,-0.11236951497212569,0.4785991977280939,-94.87711833154138,0.0016844776838271058,-87.85560549448815
12.300908088684082,-9.12342559179364e-13,4.425119074804831e-15,0.0,-1.4989977565302237e-07,-2.479828431291377e-07,0.6346836558124173,-0.30020039569812396,-0.11237010540610468,0.4785992162154822,-94.87710281914242,0.0019883155585543482,-87.85505094432119
12.350899457931519,-9.12342559179364e-13,4.425119074804831e-15,0.0,-1.498986176780703e-07,-2.479822233057064e-07,0.6346836558124024,-0.30020039569812396,-0.11237010540610468,0.4785992162154822,-94.87710281914242,0.0019883155585543482,-87.85505094432119
12.400706052780151,-9.12342559179364e-13,4.425119074804831e-15,0.0,-1.4989756435791945e-07,-2.479816864223493e-07,0.6346836558123891,-0.30020039569812396,-0.11237010540610468,0.4785992162154822,-94.87710281914242,0.0019883155585543482,-87.85505094432119
12.450902223587036,-9.12342559179364e-13,4.425119074804831e-15,0.0,-1.4989650860431605e-07,-2.4798114681528795e-07,0.6346836558123773,-0.30020039569812396,-0.11237010540610468,0.4785992162154822,-94.87710281914242,0.0019883155585543482,-87.85505094432119
12.500739336013794,-9.12342559179364e-13,4.425119074804831e-15,0.0,-1.498954506624976e-07,-2.479806047048756e-07,0.634683655812367,-0.3002004970204716,-0.11237062710525852,0.4785992343856592,-94.87708983591415,0.0021566589160076704,-87.85463968405365
12.550834655761719,-9.12342559179364e-13,4.425119074804831e-15,0.0,-1.4989439076511622e-07,-2.4798006031491995e-07,0.6346836558123579,-0.3002004970204716,-0.11237062710525852,0.4785992343856592,-94.87708806545224,0.002179614812148878,-87.85458360310211
12.600720643997192,-9.12342559179364e-13,4.425119074804831e-15,0.0,-1.498931734972377e-07,-2.479792233158022e-07,0.634683655812343,-0.3002004970204716,-0.11237062710525852,0.4785992343856592,-94.87708806545224,0.002179614812148878,-87.85458360310211
12.650931358337402,-9.12342559179364e-13,4.425119074804831e-15,0.0,-1.498930146058342e-07,-2.479790963829969e-07,0.6346836558123369,-0.3002004970204716,-0.11237062710525852,0.4785992343856592,-94.87708806545224,0.002179614812148878,-87.85458360310211
12.700884819030762,-9.12342559179364e-13,4.425119074804831e-15,0.0,-1.4989233732919653e-07,-2.4797905181365283e-07,0.6346836558123315,-0.30020056072652007,-0.112371047892639,0.4785992504507073,-94.87707929587971,0.002256647785400965,-87.85433303631017
12.751047849655151,-9.12342559179364e-13,4.425119074804831e-15,0.0,-1.4989128115837127e-07,-2.479784972859873e-07,0.6346836558123268,-0.30020056072652007,-0.112371047892639,0.4785992504507073,-94.87707516898507,0.0022928985668983905,-87.85421512251753
12.800654172897339,-9.12342559179364e-13,4.425119074804831e-15,0.0,-1.4989022401329349e-07,-2.479779414190073e-07,0.6346836558123228,-0.30020056072652007,-0.112371047892639,0.4785992504507073,-94.87707516898507,0.0022928985668983905,-87.85421512251753
12.850554704666138,-9.12342559179364e-13,4.425119074804831e-15,0.0,-1.498881072304249e-07,-2.479768261127563e-07,0.6346836558123164,-0.30020056072652007,-0.112371047892639,0.4785992504507073,-94.87707516898507,0.0022928985668983905,-87.85421512251753
12.90081000328064,-9.12342559179364e-13,4.425119074804831e-15,0.0,-1.498871551542178e-07,-2.479763527858472e-07,0.634683655812314,-0.30020056072652007,-0.112371047892639,0.4785992504507073,-94.87707516898507,0.0022928985668983905,-87.85421512251753
12.950914859771729,-9.12342559179364e-13,4.425119074804831e-15,0.0,-1.4988663195687262e-07,-2.4797622219406444e-07,0.634683655812312,-0.30020060047169417,-0.11237136567136985,0.47859926379243434,-94.87706642371019,0.0023469152210525684,-87.85397231846098
13.00089168548584,-9.12342559179364e-13,4.425119074804831e-15,0.0,-1.4988610824538573e-07,-2.479760907443259e-07,0.63468365581231,-0.30020060047169417,-0.11237136567136985,0.47859926379243434,-94.87706447010899,0.0023542943028241644,-87.85393920878433
13.050947904586792,-9.12342559179364e-13,4.425119074804831e-15,0.0,-1.4988609141648224e-07,-2.4797561504514236e-07,0.6346836558123089,-0.30020060047169417,-0.11237136567136985,0.47859926379243434,-94.87706447010899,0.0023542943028241644,-87.85393920878433
13.10106611251831,-9.12342559179364e-13,4.425119074804831e-15,0.0,-1.498862010258647e-07,-2.4797505276302334e-07,0.6346836558123079,-0.30020060047169417,-0.11237136567136985,0.47859926379243434,-94.87706447010899,0.0023542943028241644,-87.85393920878433
13.150743961334229,-9.12342559179364e-13,4.425119074804831e-15,0.0,-1.498863662208876e-07,-2.4797401088831765e-07,0.6346836558123059,-0.30020062503818157,-0.11237159287197057,0.47859927441648253,-94.87705590684229,0.0023827783847716363,-87.85374157153056
13.200786828994751,-9.12342559179364e-13,4.425119074804831e-15,0.0,-1.4988594437643868e-07,-2.479742927305358e-07,0.6346836558123052,-0.30020062503818157,-0.11237159287197057,0.47859927441648253,-94.87705590684229,0.0023827783847716363,-87.85374157153056
13.250990629196167,-9.12342559179364e-13,4.425119074804831e-15,0.0,-1.498855223176764e-07,-2.479745740692071e-07,0.6346836558123052,-0.30020062503818157,-0.11237159287197057,0.47859927441648253,-94.87705590684229,0.0023827783847716363,-87.85374157153056
13.301060438156128,-9.12342559179364e-13,4.425119074804831e-15,0.0,-1.4988510007233096e-07,-2.479748549508719e-07,0.6346836558123052,-0.30020062503818157,-0.11237159287197057,0.47859927441648253,-94.87705590684229,0.0023827783847716363,-87.85374157153056
13.350733518600464,-9.12342559179364e-13,4.425119074804831e-15,0.0,-1.4988467766727563e-07,-2.4797513541782167e-07,0.6346836558123052,-0.30020064005092056,-0.11237174720230031,0.4785992826224962,-94.87704951509457,0.002390542868816494,-87.85362205901403
13.400729417800903,-9.12342559179364e-13,4.425119074804831e-15,0.0,-1.498842551318807e-07,-2.479754155020362e-07,0.6346836558123052,-0.30020064005092056,-0.11237174720230031,0.4785992826224962,-94.87704923002933,0.0023915915052592444,-87.85360576187698
13.450653553009033,-9.12342559179364e-13,4.425119074804831e-15,0.0,-1.4988271713184756e-07,-2.4797504242333933e-07,0.6346836558123052,-0.30020064005092056,-0.11237174720230031,0.4785992826224962,-94.87704923002933,0.0023915915052592444,-87.85360576187698
13.500855922698975,-9.12342559179364e-13,4.425119074804831e-15,0.0,-1.498817720358019e-07,-2.479745599817493e-07,0.6346836558123052,-0.30020064005092056,-0.11237174720230031,0.4785992826224962,-94.87704923002933,0.0023915915052592444,-87.85360576187698
13.550833463668823,-9.12342559179364e-13,4.425119074804831e-15,0.0,-1.4988125634292348e-07,-2.479744209373146e-07,0.6346836558123052,-0.30020064005092056,-0.11237174720230031,0.4785992826224962,-94.87704923002933,0.0023915915052592444,-87.85360576187698
13.600754737854004,-9.12342559179364e-13,4.425119074804831e-15,0.0,-1.4988074059925598e-07,-2.4797428165481024e-07,0.6346836558123052,-0.3002006490964447,-0.11237184657765353,0.4785992888150332,-94.8770441268946,0.0023895935952843146,-87.85351628437431
13.650825500488281,-9.12342559179364e-13,4.425119074804831e-15,0.0,-1.498802248193981e-07,-2.47974142147033e-07,0.6346836558123052,-0.3002006490964447,-0.11237184657765353,0.4785992888150332,-94.8770441268946,0.0023895935952843146,-87.85351628437431
13.70088529586792,-9.12342559179364e-13,4.425119074804831e-15,0.0,-1.4987970900800856e-07,-2.479740024377626e-07,0.6346836558123052,-0.3002006490964447,-0.11237184657765353,0.4785992888150332,-94.8770441268946,0.0023895935952843146,-87.85351628437431
13.751069784164429,-9.12342559179364e-13,4.425119074804831e-15,0.0,-1.498791931727279e-07,-2.4797386254148524e-07,0.6346836558123052,-0.3002006490964447,-0.11237184657765353,0.4785992888150332,-94.8770441268946,0.0023895935952843146,-87.85351628437431
13.800699234008789,-9.12342559179364e-13,4.425119074804831e-15,0.0,-1.4987816145317998e-07,-2.47973582258057e-07,0.6346836558123068,-0.30020065444943905,-0.11237190668676048,0.47859929340300444,-94.87704042206805,0.002383304514392054,-87.85346675100782
13.850820541381836,-9.12342559179364e-13,4.425119074804831e-15,0.0,-1.4987821632846427e-07,-2.4797305549943274e-07,0.6346836558123078,-0.30020065444943905,-0.11237190668676048,0.47859929340300444,-94.8770402869897,0.0023824405050140067,-87.85345999647329
13.900879383087158,-9.12342559179364e-13,4.425119074804831e-15,0.0,-1.4987833461946416e-07,-2.479724856767136e-07,0.6346836558123088,-0.30020065444943905,-0.11237190668676048,0.47859929340300444,-94.8770402869897,0.0023824405050140067,-87.85345999647329
13.950856447219849,-9.12342559179364e-13,4.425119074804831e-15,0.0,-1.4987845290451322e-07,-2.479719157411346e-07,0.6346836558123098,-0.30020065444943905,-0.11237190668676048,0.47859929340300444,-94.8770402869897,0.0023824405050140067,-87.85345999647329
14.000722646713257,-9.12342559179364e-13,4.425119074804831e-15,0.0,-1.49878571191128e-07,-2.4797134569242225e-07,0.6346836558123108,-0.30020065754372455,-0.11237194012327133,0.4785992967519179,-94.87703743339975,0.0023735394193816813,-87.85342650144759
14.050994634628296,-9.12342559179364e-13,4.425119074804831e-15,0.0,-1.4987880776243265e-07,-2.4797020531565526e-07,0.6346836558123127,-0.30020065754372455,-0.11237194012327133,0.4785992967519179,-94.87703743339975,0.0023735394193816813,-87.85342650144759
14.10082197189331,-9.12342559179364e-13,4.425119074804831e-15,0.0,-1.4987892605601806e-07,-2.479696349964715e-07,0.6346836558123137,-0.30020065754372455,-0.11237194012327133,0.4785992967519179,-94.87703743339975,0.0023735394193816813,-87.85342650144759
14.151112079620361,-9.12342559179364e-13,4.425119074804831e-15,0.0,-1.498790443516412e-07,-2.479690645999607e-07,0.6346836558123147,-0.30020065754372455,-0.11237194012327133,0.4785992967519179,-94.87703743339975,0.0023735394193816813,-87.85342650144759
14.200931787490845,-9.12342559179364e-13,4.425119074804831e-15,0.0,-1.4987916265063144e-07,-2.4796849413178774e-07,0.6346836558123157,-0.3002006592761486,-0.11237195637303733,0.47859929916665156,-94.87703538658778,0.002365838789778023,-87.85341022290477
14.250962495803833,-9.12342559179364e-13,4.425119074804831e-15,0.0,-1.4987928095129907e-07,-2.4796792360154427e-07,0.6346836558123167,-0.3002006592761486,-0.11237195637303733,0.47859929916665156,-94.87703538658778,0.002365838789778023,-87.85341022290477
14.300749778747559,-9.12342559179364e-13,4.425119074804831e-15,0.0,-1.4987939925693647e-07,-2.4796735301352934e-07,0.6346836558123177,-0.3002006592761486,-0.11237195637303733,0.47859929916665156,-94.87703533399694,0.0023647847829814292,-87.85340800311289
14.350582838058472,-9.12342559179364e-13,4.425119074804831e-15,0.0,-1.4987963588041223e-07,-2.4796621169134303e-07,0.6346836558123197,-0.3002006592761486,-0.11237195637303733,0.47859929916665156,-94.87703533399694,0.0023647847829814292,-87.85340800311289
14.401031494140625,-9.12342559179364e-13,4.425119074804831e-15,0.0,-1.4987975419347969e-07,-2.4796564095940783e-07,0.6346836558123207,-0.3002006592761486,-0.11237195637303733,0.47859929916665156,-94.87703533399694,0.0023647847829814292,-87.85340800311289
14.450796604156494,-9.12342559179364e-13,4.425119074804831e-15,0.0,-1.4987987250956623e-07,-2.4796507018577775e-07,0.6346836558123217,-0.3002006602025005,-0.1123719622100386,0.47859930089014824,-94.87703380201154,0.0023570999751679565,-87.85339891667167
14.500823259353638,-9.12342559179364e-13,4.425119074804831e-15,0.0,-1.4987999083249853e-07,-2.4796449937922387e-07,0.6346836558123227,-0.3002006602025005,-0.1123719622100386,0.47859930089014824,-94.87703380201154,0.0023570999751679565,-87.85339891667167
14.550785541534424,-9.12342559179364e-13,4.425119074804831e-15,0.0,-1.4988010915331877e-07,-2.479639285320929e-07,0.6346836558123237,-0.3002006602025005,-0.1123719622100386,0.47859930089014824,-94.87703380201154,0.0023570999751679565,-87.85339891667167
14.60064959526062,-9.12342559179364e-13,4.425119074804831e-15,0.0,-1.4987957603179935e-07,-2.47963961438561e-07,0.6346836558123257,-0.30020066066316964,-0.11237196223551525,0.47859930210985424,-94.87703270604598,0.0023515751661121274,-87.85339486214303
14.65071964263916,-9.12342559179364e-13,4.425119074804831e-15,0.0,-1.4987897875197096e-07,-2.4796409209885925e-07,0.6346836558123277,-0.30020066066316964,-0.11237196223551525,0.47859930210985424,-94.87703269148483,0.0023508194483394997,-87.85339540899956
14.700723886489868,-9.12342559179364e-13,4.425119074804831e-15,0.0,-1.498787121830428e-07,-2.4796410844302277e-07,0.6346836558123287,-0.30020066066316964,-0.11237196223551525,0.47859930210985424,-94.87703269148483,0.0023508194483394997,-87.85339540899956
14.75106143951416,-9.12342559179364e-13,4.425119074804831e-15,0.0,-1.4987838146313537e-07,-2.479642226448812e-07,0.6346836558123297,-0.30020066066316964,-0.11237196223551525,0.47859930210985424,-94.87703269148483,0.0023508194483394997,-87.85339540899956
14.80074167251587,-9.12342559179364e-13,4.425119074804831e-15,0.0,-1.498781148880823e-07,-2.4796423893818055e-07,0.6346836558123307,-0.3002006608635996,-0.11237195941592663,0.4785993029668998,-94.87703207611496,0.0023474624870745706,-87.85339512162791
14.851051807403564,-9.12342559179364e-13,4.425119074804831e-15,0.0,-1.4987784830762476e-07,-2.4796425520978754e-07,0.6346836558123317,-0.3002006608635996,-0.11237195941592663,0.4785993029668998,-94.87703189080608,0.0023459470072377613,-87.85339496120704
14.90070915222168,-9.12342559179364e-13,4.425119074804831e-15,0.0,-1.498775175684727e-07,-2.4796436934458097e-07,0.6346836558123327,-0.3002006608635996,-0.11237195941592663,0.4785993029668998,-94.87703189080608,0.0023459470072377613,-87.85339496120704
14.950727224349976,-9.12342559179364e-13,4.425119074804831e-15,0.0,-1.4987698437908195e-07,-2.4796440179801857e-07,0.6346836558123345,-0.3002006608635996,-0.11237195941592663,0.4785993029668998,-94.87703189080608,0.0023459470072377613,-87.85339496120704
15.000845670700073,-9.12342559179364e-13,4.425119074804831e-15,0.0,-1.498766536254561e-07,-2.4796451588028336e-07,0.6346836558123355,-0.3002006608635996,-0.11237195941592663,0.4785993029668998,-94.87703189080608,0.0023459470072377613,-87.85339496120704
15.0507493019104,-9.12342559179364e-13,4.425119074804831e-15,0.0,-1.4987638701349134e-07,-2.479645320736438e-07,0.6346836558123365,-0.3002006609254359,-0.11237195555091244,0.47859930356553626,-94.87703189079512,0.002342810858208177,-87.85339469361061
15.10086727142334,-9.12342559179364e-13,4.425119074804831e-15,0.0,-1.4987605624477037e-07,-2.479646461258173e-07,0.6346836558123375,-0.3002006609254359,-0.11237195555091244,0.47859930356553626,-94.87703131604839,0.002342322407127437,-87.85339599583337
15.150599718093872,-9.12342559179364e-13,4.425119074804831e-15,0.0,-1.4987578961946245e-07,-2.479646622901301e-07,0.6346836558123385,-0.3002006609254359,-0.11237195555091244,0.47859930356553626,-94.87703131604839,0.002342322407127437,-87.85339599583337
15.200814485549927,-9.12342559179364e-13,4.425119074804831e-15,0.0,-1.4987552298604164e-07,-2.47964678442193e-07,0.6346836558123395,-0.3002006609254359,-0.11237195555091244,0.47859930356553626,-94.87703131604839,0.002342322407127437,-87.85339599583337
15.25056529045105,-9.12342559179364e-13,4.425119074804831e-15,0.0,-1.4987492554504998e-07,-2.479648085935028e-07,0.6346836558123415,-0.30020066091888653,-0.11237195164758436,0.4785993039816149,-94.87703090492354,0.0023397229727473764,-87.85339758121857
15.300853252410889,-9.12342559179364e-13,4.425119074804831e-15,0.0,-1.4987493218833412e-07,-2.4796493043659487e-07,0.6346836558123425,-0.30020066091888653,-0.11237195164758436,0.4785993039816149,-94.87703090492354,0.0023397229727473764,-87.85339758121857
15.350879669189453,-9.12342559179364e-13,4.425119074804831e-15,0.0,-1.4987487467493634e-07,-2.4796515015266355e-07,0.6346836558123435,-0.30020066091888653,-0.11237195164758436,0.4785993039816149,-94.87703090492354,0.0023397229727473764,-87.85339758121857
15.400753259658813,-9.12342559179364e-13,4.425119074804831e-15,0.0,-1.4987488130910125e-07,-2.4796527198238734e-07,0.6346836558123445,-0.30020066091888653,-0.11237195164758436,0.4785993039816149,-94.87703090492354,0.0023397229727473764,-87.85339758121857
15.450904369354248,-9.12342559179364e-13,4.425119074804831e-15,0.0,-1.4987488330374457e-07,-2.4796543562237877e-07,0.6346836558123455,-0.30020066091888653,-0.11237195164758436,0.4785993039816149,-94.87703090492354,0.0023397229727473764,-87.85339758121857
15.500881671905518,-9.12342559179364e-13,4.425119074804831e-15,0.0,-1.4987488529174106e-07,-2.479655992608293e-07,0.6346836558123465,-0.30020066088311015,-0.11237194820192588,0.4785993042696268,-94.87703090292955,0.002339607770461385,-87.85339893135473
15.550786018371582,-9.12342559179364e-13,4.425119074804831e-15,0.0,-1.498748959229392e-07,-2.479659007537864e-07,0.6346836558123475,-0.30020066088311015,-0.11237194820192588,0.4785993042696268,-94.87703061168482,0.0023379211153056376,-87.85339920959008
15.600705623626709,-9.12342559179364e-13,4.425119074804831e-15,0.0,-1.498749025258204e-07,-2.4796602256042615e-07,0.6346836558123485,-0.30020066088311015,-0.11237194820192588,0.4785993042696268,-94.87703061168482,0.0023379211153056376,-87.85339920959008
15.650866031646729,-9.12342559179364e-13,4.425119074804831e-15,0.0,-1.4987491375123944e-07,-2.4796610254782815e-07,0.6346836558123495,-0.30020066088311015,-0.11237194820192588,0.4785993042696268,-94.87703061168482,0.0023379211153056376,-87.85339920959008
15.700985670089722,-9.12342559179364e-13,4.425119074804831e-15,0.0,-1.4987493094438164e-07,-2.4796652582473873e-07,0.6346836558123515,-0.30020066083888297,-0.1123719453994682,0.478599304468326,-94.87703040301122,0.002336713291646169,-87.8534006381209
15.751160383224487,-9.12342559179364e-13,4.425119074804831e-15,0.0,-1.4987493289247235e-07,-2.4796668943675075e-07,0.6346836558123525,-0.30020066083888297,-0.1123719453994682,0.478599304468326,-94.87703040301122,0.002336713291646169,-87.8534006381209
15.800835132598877,-9.12342559179364e-13,4.425119074804831e-15,0.0,-1.4987493483263644e-07,-2.4796685304270013e-07,0.6346836558123535,-0.30020066083888297,-0.1123719453994682,0.478599304468326,-94.87703040301122,0.002336713291646169,-87.8534006381209
15.851030349731445,-9.12342559179364e-13,4.425119074804831e-15,0.0,-1.4987494139656834e-07,-2.479669748308529e-07,0.6346836558123544,-0.30020066083888297,-0.1123719453994682,0.478599304468326,-94.87703040301122,0.002336713291646169,-87.8534006381209
15.900729894638062,-9.12342559179364e-13,4.425119074804831e-15,0.0,-1.4987494332470594e-07,-2.479671384293725e-07,0.6346836558123554,-0.3002006607963943,-0.11237194325166606,0.4785993046050294,-94.87703040301122,0.002336713291646169,-87.8534006381209
15.950657844543457,-9.12342559179364e-13,4.425119074804831e-15,0.0,-1.4987494524752608e-07,-2.479673020261281e-07,0.6346836558123564,-0.3002006607963943,-0.11237194325166606,0.4785993046050294,-94.87703025479445,0.002335931448065846,-87.85340177994411
16.00058388710022,-9.12342559179364e-13,4.425119074804831e-15,0.0,-1.4987489417555946e-07,-2.479676434526742e-07,0.6346836558123584,-0.3002006607963943,-0.11237194325166606,0.4785993046050294,-94.87703025479445,0.002335931448065846,-87.85340177994411
16.0507333278656,-9.12342559179364e-13,4.425119074804831e-15,0.0,-1.498749007117361e-07,-2.4796776522748346e-07,0.6346836558123594,-0.3002006607963943,-0.11237194325166606,0.4785993046050294,-94.87703025479445,0.002335931448065846,-87.85340177994411
16.101253747940063,-9.12342559179364e-13,4.425119074804831e-15,0.0,-1.4987490261686447e-07,-2.4796792881839933e-07,0.6346836558123604,-0.3002006607598579,-0.1123719416838155,0.4785993046988718,-94.87703025479445,0.002335931448065846,-87.85340177994411
16.151020288467407,-9.12342559179364e-13,4.425119074804831e-15,0.0,-1.49874840359074e-07,-2.479681902859943e-07,0.6346836558123614,-0.3002006607598579,-0.1123719416838155,0.4785993046988718,-94.87703014968399,0.002335444491890338,-87.85340263270548
16.200998067855835,-9.12342559179364e-13,4.425119074804831e-15,0.0,-1.4987485150310332e-07,-2.479682702344344e-07,0.6346836558123624,-0.3002006607598579,-0.1123719416838155,0.4785993046988718,-94.87703014968399,0.002335444491890338,-87.85340263270548
16.250811338424683,-9.12342559179364e-13,4.425119074804831e-15,0.0,-1.4987492157005954e-07,-2.479685156284035e-07,0.6346836558123634,-0.3002006607598579,-0.1123719416838155,0.4785993046988718,-94.87703014968399,0.002335444491890338,-87.85340263270548
16.3008394241333,-9.12342559179364e-13,4.425119074804831e-15,0.0,-1.498749299659299e-07,-2.479688009764371e-07,0.6346836558123654,-0.3002006607598579,-0.1123719416838155,0.4785993046988718,-94.87703014968399,0.002335444491890338,-87.85340263270548
16.35085368156433,-9.12342559179364e-13,4.425119074804831e-15,0.0,-1.4987487231435208e-07,-2.4796902061895493e-07,0.6346836558123664,-0.3002006607304052,-0.11237194058851956,0.4785993047631766,-94.87703014968399,0.002335444491890338,-87.85340263270548
16.400798320770264,-9.12342559179364e-13,4.425119074804831e-15,0.0,-1.4987487419250796e-07,-2.479691842020188e-07,0.6346836558123674,-0.3002006607304052,-0.11237194058851956,0.4785993047631766,-94.87703007524158,0.002335154675844982,-87.85340323397493
16.450777053833008,-9.12342559179364e-13,4.425119074804831e-15,0.0,-1.498748760671229e-07,-2.4796934778493366e-07,0.6346836558123684,-0.3002006607304052,-0.11237194058851956,0.4785993047631766,-94.87703007524158,0.002335154675844982,-87.85340323397493
16.50113320350647,-9.12342559179364e-13,4.425119074804831e-15,0.0,-1.4987488255923146e-07,-2.4796946954652355e-07,0.6346836558123694,-0.3002006607304052,-0.11237194058851956,0.4785993047631766,-94.87703007524158,0.002335154675844982,-87.85340323397493
16.550609827041626,-9.12342559179364e-13,4.425119074804831e-15,0.0,-1.4987488442763442e-07,-2.4796963312628256e-07,0.6346836558123704,-0.3002006607076686,-0.1123719398557171,0.4785993048071726,-94.87703002258067,0.0023349919124157166,-87.85340363508338
16.600926637649536,-9.12342559179364e-13,4.425119074804831e-15,0.0,-1.4987489031214142e-07,-2.4796997638875586e-07,0.6346836558123714,-0.3002006607076686,-0.1123719398557171,0.4785993048071726,-94.87703002258067,0.0023349919124157166,-87.85340363508338
16.650896072387695,-9.12342559179364e-13,4.425119074804831e-15,0.0,-1.4987490328174788e-07,-2.4797021990674254e-07,0.6346836558123734,-0.3002006607076686,-0.1123719398557171,0.4785993048071726,-94.87703002258067,0.0023349919124157166,-87.85340363508338
16.7011399269104,-9.12342559179364e-13,4.425119074804831e-15,0.0,-1.498749097613702e-07,-2.4797034166885436e-07,0.6346836558123744,-0.3002006607076686,-0.1123719398557171,0.4785993048071726,-94.87703002258067,0.0023349919124157166,-87.85340363508338
16.75065779685974,-9.12342559179364e-13,4.425119074804831e-15,0.0,-1.49874911619337e-07,-2.479705052503528e-07,0.6346836558123753,-0.3002006606906537,-0.11237193938760622,0.4785993048372338,-94.87703001967908,0.0023349919626271336,-87.85340363508328
16.80146598815918,-9.12342559179364e-13,4.425119074804831e-15,0.0,-1.4987491347288075e-07,-2.479706688288942e-07,0.6346836558123763,-0.3002006606906537,-0.11237193938760622,0.4785993048372338,-94.87703001967908,0.0023349919626271336,-87.85340363508328
16.85084295272827,-9.12342559179364e-13,4.425119074804831e-15,0.0,-1.4987492396755123e-07,-2.47970970267359e-07,0.6346836558123773,-0.3002006606906537,-0.11237193938760622,0.4785993048372338,-94.877029985369,0.002334907743768667,-87.85340388702245
16.90101385116577,-9.12342559179364e-13,4.425119074804831e-15,0.0,-1.498749258184859e-07,-2.4797113384679503e-07,0.6346836558123783,-0.3002006606906537,-0.11237193938760622,0.4785993048372338,-94.877029985369,0.002334907743768667,-87.85340388702245
16.95088219642639,-9.12342559179364e-13,4.425119074804831e-15,0.0,-1.4987492766760668e-07,-2.479712974263803e-07,0.6346836558123793,-0.3002006606906537,-0.11237193938760622,0.4785993048372338,-94.877029985369,0.002334907743768667,-87.85340388702245
17.00069546699524,-9.12342559179364e-13,4.425119074804831e-15,0.0,-1.4987493876084647e-07,-2.4797137736689384e-07,0.6346836558123803,-0.3002006606782153,-0.1123719391043743,0.47859930485774815,-94.87702995910206,0.0023348698566005204,-87.85340403385474
17.050631761550903,-9.12342559179364e-13,4.425119074804831e-15,0.0,-1.4987488291291758e-07,-2.4797176056842247e-07,0.6346836558123823,-0.3002006606782153,-0.1123719391043743,0.47859930485774815,-94.87702995910206,0.0023348698566005204,-87.85340403385474
17.100730895996094,-9.12342559179364e-13,4.425119074804831e-15,0.0,-1.498748847568203e-07,-2.4797192414144773e-07,0.6346836558123833,-0.3002006606782153,-0.1123719391043743,0.47859930485774815,-94.87702995910206,0.0023348698566005204,-87.85340403385474
17.15088415145874,-9.12342559179364e-13,4.425119074804831e-15,0.0,-1.4987488660121993e-07,-2.4797208771660995e-07,0.6346836558123843,-0.3002006606782153,-0.1123719391043743,0.47859930485774815,-94.87702995910206,0.0023348698566005204,-87.85340403385474
17.20102047920227,-9.12342559179364e-13,4.425119074804831e-15,0.0,-1.4987489306167204e-07,-2.47972209473926e-07,0.6346836558123853,-0.30020066066928874,-0.11237193894474641,0.47859930487173175,-94.87702995910206,0.0023348698566005204,-87.85340403385474
17.250952005386353,-9.12342559179364e-13,4.425119074804831e-15,0.0,-1.498748949023072e-07,-2.479723730454355e-07,0.6346836558123863,-0.30020066066928874,-0.11237193894474641,0.47859930487173175,-94.87702995910206,0.0023348698566005204,-87.85340403385474
17.30073618888855,-9.12342559179364e-13,4.425119074804831e-15,0.0,-1.498749053780186e-07,-2.479726744806202e-07,0.6346836558123873,-0.30020066066928874,-0.11237193894474641,0.47859930487173175,-94.87702994058031,0.0023348575126387913,-87.8534041105253
17.35086441040039,-9.12342559179364e-13,4.425119074804831e-15,0.0,-1.4987491829453716e-07,-2.479729179909784e-07,0.6346836558123893,-0.30020066066928874,-0.11237193894474641,0.47859930487173175,-94.87702994058031,0.0023348575126387913,-87.8534041105253
17.40065050125122,-9.12342559179364e-13,4.425119074804831e-15,0.0,-1.4987492013002889e-07,-2.479730815669358e-07,0.6346836558123903,-0.30020066066296125,-0.11237193886397484,0.47859930488125346,-94.87702994055694,0.0023348561606613286,-87.85340412637002
17.45073699951172,-9.12342559179364e-13,4.425119074804831e-15,0.0,-1.4987492196809218e-07,-2.4797324514336534e-07,0.6346836558123913,-0.30020066066296125,-0.11237193886397484,0.47859930488125346,-94.87702992753442,0.002334857966732945,-87.8534041430299
17.500834941864014,-9.12342559179364e-13,4.425119074804831e-15,0.0,-1.4987486426721589e-07,-2.4797346477701237e-07,0.6346836558123923,-0.30020066066296125,-0.11237193886397484,0.47859930488125346,-94.87702992753442,0.002334857966732945,-87.8534041430299
17.550622940063477,-9.12342559179364e-13,4.425119074804831e-15,0.0,-1.498748679321486e-07,-2.4797379192601983e-07,0.6346836558123943,-0.30020066066296125,-0.11237193886397484,0.47859930488125346,-94.87702992753442,0.002334857966732945,-87.8534041430299
17.600807428359985,-9.12342559179364e-13,4.425119074804831e-15,0.0,-1.4987487438693545e-07,-2.479739136827396e-07,0.6346836558123953,-0.30020066066296125,-0.11237193886397484,0.47859930488125346,-94.87702992753442,0.002334857966732945,-87.8534041430299
17.650708198547363,-9.12342559179364e-13,4.425119074804831e-15,0.0,-1.498748762219675e-07,-2.4797407725934305e-07,0.6346836558123962,-0.3002006606585187,-0.11237193883080976,0.4785993048877304,-94.87702992753442,0.002334857966732945,-87.8534041430299
17.700735092163086,-9.12342559179364e-13,4.425119074804831e-15,0.0,-1.498749508489563e-07,-2.479742808213027e-07,0.6346836558123972,-0.3002006606585187,-0.11237193883080976,0.4785993048877304,-94.87702991835549,0.0023348637913145434,-87.85340414967433
17.751068830490112,-9.12342559179364e-13,4.425119074804831e-15,0.0,-1.498748885179387e-07,-2.4797454226747826e-07,0.6346836558123982,-0.3002006606585187,-0.11237193883080976,0.4785993048877304,-94.87702991835549,0.0023348637913145434,-87.85340414967433
17.800878524780273,-9.12342559179364e-13,4.425119074804831e-15,0.0,-1.4987489496999222e-07,-2.4797466402295565e-07,0.6346836558123992,-0.3002006606585187,-0.11237193883080976,0.4785993048877304,-94.87702991835549,0.0023348637913145434,-87.85340414967433
17.85106086730957,-9.12342559179364e-13,4.425119074804831e-15,0.0,-1.4987490324517536e-07,-2.4797494934524594e-07,0.6346836558124012,-0.3002006606554247,-0.11237193882437019,0.4785993048921289,-94.87702991190507,0.002334870958265149,-87.85340414268346
17.901012420654297,-9.12342559179364e-13,4.425119074804831e-15,0.0,-1.4987484554047243e-07,-2.4797516897650757e-07,0.6346836558124022,-0.3002006606554247,-0.11237193882437019,0.4785993048921289,-94.87702991190507,0.002334870958265149,-87.85340414268346
17.950954914093018,0.003995001039778933,0.0001999166770335355,0.0,-5.57090639598143e-08,-0.004090098373101424,0.6194987190118865,-0.3002006606554247,-0.11237193882437019,0.4785993048921289,-94.87702991190507,0.002334870958265149,-87.85340414268346
18.000855445861816,0.003995001039778933,0.0001999166770335355,0.0,-1.0747942225668569e-07,-0.0036989848042496085,0.582014410059005,-0.3002006606554247,-0.11237193882437019,0.4785993048921289,-94.87702991190507,0.002334870958265149,-87.85340414268346
18.050787925720215,0.013982503642968967,0.0006997083696775506,0.0,-1.6261092382252483e-07,-0.0033452711620896858,0.5252516313771604,-0.2979506995879764,-0.11341069674967037,0.4784344558886169,-94.98284306929884,-0.006493154375898794,-87.85630992491309
18.100932359695435,0.013982503642968967,0.0006997083696775506,0.0,-2.1829641166342296e-07,-0.0030253806084853787,0.45570749148205175,-0.2979506995879764,-0.11341069674967037,0.4784344558886169,-94.98284306929884,-0.006493154375898794,-87.85630992491309
18.150795459747314,0.023970006246265427,0.0011995000623238477,0.0,-2.729187860591922e-07,-0.00273607922539275,0.3780879008393608,-0.2979506995879764,-0.11341069674967037,0.4784344558886169,-94.99726351012131,-0.007768038455788695,-87.85670388304285
18.20067024230957,0.03395750884964811,0.0016992917549708373,0.0,-3.256152920568117e-07,-0.0024744422536489862,0.2957944740844192,-0.2979506995879764,-0.11341069674967037,0.4784344558886169,-94.99726351012131,-0.007768038455788695,-87.85670388304285
18.250829935073853,0.03395750884964811,0.0016992917549708373,0.0,-3.7598386857245807e-07,-0.0022378245490413916,0.2112956835209945,-0.2979506995879764,-0.11341069674967037,0.4784344558886169,-94.99726351012131,-0.007768038455788695,-87.85670388304285
18.30069136619568,0.043945011453099536,0.0021990834476174215,0.0,-4.6935675357618626e-07,-0.00183030701481315,0.04240528311386221,-0.29266759230327305,-0.11526341463531606,0.47802733196043234,-95.22952630915155,-0.017000309839497664,-87.80101898837148
18.350794076919556,0.043945011453099536,0.0021990834476174215,0.0,-5.124199584187077e-07,-0.001655286920488847,-0.039741429348262795,-0.29266759230327305,-0.11526341463531606,0.47802733196043234,-95.22952630915155,-0.017000309839497664,-87.80101898837148
18.400711059570312,0.0539325140566043,0.00269887514026279,0.0,-5.532727876022892e-07,-0.0014970038447683523,-0.11936272154470506,-0.29266759230327305,-0.11526341463531606,0.47802733196043234,-95.22952630915155,-0.017000309839497664,-87.80101898837148
18.450865030288696,0.0539325140566043,0.00269887514026279,0.0,-5.921123503484599e-07,-0.001353857053402149,-0.19593239389545472,-0.29266759230327305,-0.11526341463531606,0.47802733196043234,-95.22952630915155,-0.017000309839497664,-87.80101898837148
18.50061273574829,0.06392001666015183,0.003198666832906475,0.0,-6.291257234773656e-07,-0.0012243996252347242,-0.2690406286049133,-0.288887599563568,-0.11563787365107021,0.47782931789207284,-95.32731405374835,-0.007866623547585183,-87.80795168037095
18.550946712493896,0.06392001666015183,0.003198666832906475,0.0,-6.644854850013518e-07,-0.001107322576709634,-0.3383618220439583,-0.288887599563568,-0.11563787365107021,0.47782931789207284,-95.32731405374835,-0.007866623547585183,-87.80795168037095
18.600866317749023,0.07390751926373423,0.0036984585255481033,0.0,-6.983461158875494e-07,-0.0010014420828789387,-0.40363272735395206,-0.288887599563568,-0.11563787365107021,0.47782931789207284,-95.34064616502685,-0.006651811873115802,-87.80889984083493
18.650814056396484,0.07390751926373423,0.0036984585255481033,0.0,-7.3087310988121e-07,-0.0009056875147488998,-0.46465246691669204,-0.288887599563568,-0.11563787365107021,0.47782931789207284,-95.34064616502685,-0.006651811873115802,-87.80889984083493
18.700762510299683,0.08389502186734472,0.004198250218187313,0.0,-7.622799918861322e-07,-0.0008190906179836581,-0.5214067585013675,-0.288887599563568,-0.11563787365107021,0.47782931789207284,-95.34064616502685,-0.006651811873115802,-87.80889984083493
18.750752449035645,0.08389502186734472,0.004198250218187313,0.0,-7.92650886137046e-07,-0.0007407759008230998,-0.5740129844716142,-0.287107865773501,-0.11501571448908315,0.47782777784507136,-95.35565669623078,0.007284470927434114,-87.87077044733007
18.800727367401123,0.09388252447098487,0.004698041910824169,0.0,-8.220255567979381e-07,-0.0006699519198737744,-0.623001911234745,-0.287107865773501,-0.11501571448908315,0.47782777784507136,-95.36272036520367,0.013847103645981957,-87.89988859640833
18.850862979888916,0.10387002707466587,0.005197833603459738,0.0,-8.504670809947251e-07,-0.0006059024136010592,-0.6690389123044389,-0.287107865773501,-0.11501571448908315,0.47782777784507136,-95.36272036520367,0.013847103645981957,-87.89988859640833
18.900573015213013,0.10387002707466587,0.005197833603459738,0.0,-9.046981076846986e-07,-0.0004955975568020507,-0.7544386916970851,-0.287107865773501,-0.11501571448908315,0.47782777784507136,-95.36272036520367,0.013847103645981957,-87.89988859640833
18.950772762298584,0.11385752967838224,0.00569762529609446,0.0,-9.305190899711167e-07,-0.00044822651518482126,-0.7947060293717464,-0.287107865773501,-0.11501571448908315,0.47782777784507136,-95.36272036520367,0.013847103645981957,-87.89988859640833
19.000725507736206,0.11385752967838224,0.00569762529609446,0.0,-9.555254889901397e-07,-0.000405387492592938,-0.8336466231892402,-0.2868169104105906,-0.11412770313795684,0.47794279215222424,-95.3424471470538,0.034351747848721345,-87.97716140831805
19.05073046684265,0.12384503228213332,0.0061974169887288625,0.0,-9.797252336593907e-07,-0.0003666472312503846,-0.8709651876639305,-0.2868169104105906,-0.11412770313795684,0.47794279215222424,-95.33968097419972,0.03714187381072912,-87.9876974980248
19.100958108901978,0.12384503228213332,0.0061974169887288625,0.0,-1.003091539894076e-06,-0.00033161377754133354,-0.9064495272161693,-0.2868169104105906,-0.11412770313795684,0.47794279215222424,-95.33968097419972,0.03714187381072912,-87.9876974980248
19.15082287788391,0.13383253488591826,0.006697208681363146,0.0,-1.0255967875171393e-06,-0.0002999326652447859,-0.9400026031325487,-0.2868169104105906,-0.11412770313795684,0.47794279215222424,-95.33968097419972,0.03714187381072912,-87.9876974980248
19.20086359977722,0.13383253488591826,0.006697208681363146,0.0,-1.0472094693358977e-06,-0.0002712833300343667,-0.9716031266826928,-0.2876248460793219,-0.11336662556963663,0.47811230194965415,-95.3041922770335,0.05475625822634833,-87.97943655945232
19.251089334487915,0.14382003748973088,0.00719700037399719,0.0,-1.0678963588536372e-06,-0.0002453758694708838,-1.0012787105774619,-0.2876248460793219,-0.11336662556963663,0.47811230194965415,-95.28747599708898,0.06297760384806664,-87.9755416897889
19.30082631111145,0.14382003748973088,0.00719700037399719,0.0,-1.0876196124146656e-06,-0.0002219481129857483,-1.0290876374818863,-0.2876248460793219,-0.11336662556963663,0.47811230194965415,-95.28747599708898,0.06297760384806664,-87.9755416897889
19.350789070129395,0.15380754009356656,0.007696792066630951,0.0,-1.1063365174065232e-06,-0.00020076296985666706,-1.0551065333439298,-0.2876248460793219,-0.11336662556963663,0.47811230194965415,-95.28747599708898,0.06297760384806664,-87.9755416897889
19.400798082351685,0.15380754009356656,0.007696792066630951,0.0,-1.1239999831499911e-06,-0.00018160603392504226,-1.0794220861452661,-0.2876248460793219,-0.11336662556963663,0.47811230194965415,-95.28747599708898,0.06297760384806664,-87.9755416897889
19.45082974433899,0.16379504269742157,0.008196583759264416,0.0,-1.1405562874451373e-06,-0.00016428341618413426,-1.1021255322385677,-0.2891726526697995,-0.11270843116714462,0.4782839894152401,-95.22835511089222,0.08520515685706871,-87.88468874253698
19.50099229812622,0.17378254530129275,0.00869637545189759,0.0,-1.1559455461565345e-06,-0.00014861978674373077,-1.1233090326901074,-0.2891726526697995,-0.11270843116714462,0.4782839894152401,-95.22028170656215,0.08818954775078112,-87.87229623505166
19.55073595046997,0.17378254530129275,0.00869637545189759,0.0,-1.1700981964733557e-06,-0.00013445660257710443,-1.1430633356581117,-0.2891726526697995,-0.11270843116714462,0.4782839894152401,-95.22028170656215,0.08818954775078112,-87.87229623505166
19.600666761398315,0.1837700479051775,0.009196167144530486,0.0,-1.194255815101374e-06,-0.00011007150986361828,-1.1785818686522087,-0.2891726526697995,-0.11270843116714462,0.4782839894152401,-95.22028170656215,0.08818954775078112,-87.87229623505166
19.650890350341797,0.1837700479051775,0.009196167144530486,0.0,-1.196758322278039e-06,-9.959278261818504e-05,-1.193352185355628,-0.2891726526697995,-0.11270843116714462,0.4782839894152401,-95.22028170656215,0.08818954775078112,-87.87229623505166
19.700847625732422,0.193757550509061,0.009695958837162249,0.0,-1.1868157051051345e-06,-9.01053554631397e-05,-1.2058217599838505,-0.2910158454940703,-0.1121941538557624,0.47842030068000674,-95.15462058240445,0.10881441828222048,-87.70291821591593
19.750850200653076,0.193757550509061,0.009695958837162249,0.0,-1.1653044750812098e-06,-8.151472486123052e-05,-1.2164739397742104,-0.2910158454940703,-0.1121941538557624,0.47842030068000674,-95.15462058240445,0.10881441828222048,-87.70291821591593
19.800795555114746,0.20374505311295826,0.010195750529793634,0.0,-1.1330370291199972e-06,-7.373551339464076e-05,-1.225666717003058,-0.2910158454940703,-0.1121941538557624,0.47842030068000674,-95.15462058240445,0.10881441828222048,-87.70291821591593
19.850738048553467,0.20374505311295826,0.010195750529793634,0.0,-1.090756018156343e-06,-6.669062591608937e-05,-1.233668932951795,-0.2910158454940703,-0.1121941538557624,0.47842030068000674,-95.15462058240445,0.10881441828222048,-87.70291821591593
19.900917053222656,0.21373255571686714,0.010695542222424791,0.0,-1.0392127066279217e-06,-6.031040266968862e-05,-1.2406883644095574,-0.29281998746031773,-0.1117697597194216,0.47850947117774223,-95.10659362109509,0.11998934262512562,-87.53678296194703
19.950807809829712,0.21373255571686714,0.010695542222424791,0.0,-9.81687626160962e-07,-5.4519595552485695e-05,-1.2472314291610704,-0.29281998746031773,-0.1117697597194216,0.47850947117774223,-95.10659362109509,0.11998934262512562,-87.53678296194703
20.00077724456787,0.2237200583207885,0.011195333915056116,0.0,-9.143694696968088e-07,-4.92521448206421e-05,-1.2537689521910071,-0.29281998746031773,-0.1117697597194216,0.47850947117774223,-95.10003071089558,0.12146978741210093,-87.51412670650119
20.0508713722229,0.2237200583207885,0.011195333915056116,0.0,-8.341495104507056e-07,-4.4463467550833625e-05,-1.260317770681034,-0.29281998746031773,-0.1117697597194216,0.47850947117774223,-95.10003071089558,0.12146978741210093,-87.51412670650119
20.101043939590454,0.23370756092472106,0.011695125607687946,0.0,-7.453068939000866e-07,-4.0105971769328e-05,-1.2666473659441317,-0.29281998746031773,-0.1117697597194216,0.47850947117774223,-95.10003071089558,0.12146978741210093,-87.51412670650119
20.150923013687134,0.23370756092472106,0.011695125607687946,0.0,-7.453068939000866e-07,-4.0105971769328e-05,-1.2666473659441317,-0.29281998746031773,-0.1117697597194216,0.47850947117774223,-95.10003071089558,0.12146978741210093,-87.51412670650119
20.201391220092773,0.23370756092472106,0.011695125607687946,0.0,-7.366474807233768e-07,-0.008692505634359509,-1.26701544309357,-0.29458729094487734,-0.11144701687818226,0.47861457978825694,-95.05507546398293,0.126194437453911,-87.36445762283414
20.251211643218994,0.23770256196757877,0.01189504228480494,0.0,-6.044560634451542e-07,0.0012454171742272548,-1.2510768793880536,-0.29458729094487734,-0.11144701687818226,0.47861457978825694,-95.0338820000545,0.1282731085186956,-87.29402255874973
20.300795793533325,0.23770256196757877,0.01189504228480494,0.0,-6.060297451609856e-07,-6.851182867724623e-05,-1.2509275231516084,-0.29458729094487734,-0.11144701687818226,0.47861457978825694,-95.0338820000545,0.1282731085186956,-87.29402255874973
20.351105213165283,0.2377025619698459,0.011895042284918392,0.0,-6.110136305102542e-07,-0.00029693439656483414,-1.2507361595895101,-0.29458729094487734,-0.11144701687818226,0.47861457978825694,-95.0338820000545,0.1282731085186956,-87.29402255874973
20.400704622268677,0.2377025619718666,0.011895042285019511,0.0,-6.172981238291346e-07,-0.0003132364754180558,-1.2505425539694774,-0.29458729094487734,-0.11144701687818226,0.47861457978825694,-95.0338820000545,0.1282731085186956,-87.29402255874973
20.450847148895264,0.2377025619718666,0.011895042285019511,0.0,-6.422852231096913e-07,0.0001561219837175458,-1.2502447421928873,-0.3062584500620062,-0.11046108597273002,0.47922947871603383,-94.50319363045763,0.18472451669116202,-86.32241813334565
20.500808000564575,0.2377025619729091,0.011895042285071678,0.0,-6.84087586230572e-07,0.00014115301530306975,-1.2502447479899643,-0.3062584500620062,-0.11046108597273002,0.47922947871603383,-94.43060939007103,0.1902136806358036,-86.18984646490813
20.550952672958374,0.2377025619729091,0.011895042285071678,0.0,-7.210831464277034e-07,0.000127618586318089,-1.2502447529238645,-0.3062584500620062,-0.11046108597273002,0.47922947871603383,-94.43060939007103,0.1902136806358036,-86.18984646490813
20.600919246673584,0.23770256197301579,0.011895042285077014,0.0,-7.538355924658163e-07,0.00011538119833908955,-1.2502447570871615,-0.3062584500620062,-0.11046108597273002,0.47922947871603383,-94.43060939007103,0.1902136806358036,-86.18984646490813
20.650725841522217,0.23770256197301579,0.011895042285077014,0.0,-7.828535858555176e-07,0.00010431650728506134,-1.2502447605722051,-0.3161495192221599,-0.11009115470148566,0.479230376178312,-94.19945225647328,0.19848718034316046,-85.53378605652112
20.70087170600891,0.237702561973091,0.011895042285080778,0.0,-8.085898231525709e-07,9.43120790443263e-05,-1.250244763465884,-0.3161495192221599,-0.11009115470148566,0.479230376178312,-94.09040471918767,0.19981500134920974,-85.22502130880005
20.750735998153687,0.23770256197314277,0.011895042285083372,0.0,-8.314454953259085e-07,8.526625539705036e-05,-1.2502447658479754,-0.3161495192221599,-0.11009115470148566,0.479230376178312,-94.09040471918767,0.19981500134920974,-85.22502130880005
20.801025867462158,0.23770256197314277,0.011895042285083372,0.0,-8.698806940354043e-07,6.969158825626233e-05,-1.2502447693573526,-0.3161495192221599,-0.11009115470148566,0.479230376178312,-94.09040471918767,0.19981500134920974,-85.22502130880005
20.85111975669861,0.2377025619731774,0.011895042285085106,0.0,-8.860388607258547e-07,6.30045193204828e-05,-1.2502447706051445,-0.3161495192221599,-0.11009115470148566,0.479230376178312,-94.09040471918767,0.19981500134920974,-85.22502130880005
20.900798082351685,0.2377025619731774,0.011895042285085106,0.0,-9.004822492414326e-07,5.695799648095458e-05,-1.2502447715831457,-0.3172457257843236,-0.11042503165437434,0.47891943998051767,-94.23134298935143,0.15589734853497533,-85.06040023735258
20.950763702392578,0.23770256197319956,0.011895042285086217,0.0,-9.134163345662852e-07,5.149061387571616e-05,-1.2502447723341819,-0.3172457257843236,-0.11042503165437434,0.47891943998051767,-94.25055699059102,0.1499635905932659,-85.03793370059529
21.000608682632446,0.23770256197321277,0.011895042285086877,0.0,-9.250201521765505e-07,4.6546856265638775e-05,-1.2502447728952315,-0.3172457257843236,-0.11042503165437434,0.47891943998051767,-94.25055699059102,0.1499635905932659,-85.03793370059529
21.050565242767334,0.23770256197321277,0.011895042285086877,0.0,-9.448387451733213e-07,3.8034275059557286e-05,-1.250244773569926,-0.3172457257843236,-0.11042503165437434,0.47891943998051767,-94.25055699059102,0.1499635905932659,-85.03793370059529
21.100747108459473,0.23770256197321954,0.011895042285087223,0.0,-9.533071456384448e-07,3.4379053462537624e-05,-1.2502447737339828,-0.3149583956807771,-0.11092641630762731,0.4787255517360084,-94.47778261458245,0.08914173687557414,-85.10727250666488
21.150904893875122,0.23770256197321954,0.011895042285087223,0.0,-9.609582004218908e-07,3.1073782926821186e-05,-1.2502447738099778,-0.3149583956807771,-0.11092641630762731,0.4787255517360084,-94.47778261458245,0.08914173687557414,-85.10727250666488
21.201040983200073,0.23770256197322195,0.011895042285087346,0.0,-9.678823294463462e-07,2.808493205862284e-05,-1.2502447738146298,-0.3149583956807771,-0.11092641630762731,0.4787255517360084,-94.47778261458245,0.08914173687557414,-85.10727250666488
21.250840187072754,0.23770256197322195,0.011895042285087346,0.0,-9.741582727015675e-07,2.5382185419055047e-05,-1.2502447737620679,-0.3149583956807771,-0.11092641630762731,0.4787255517360084,-94.47778261458245,0.08914173687557414,-85.10727250666488
21.300798892974854,0.2377025619732214,0.011895042285087315,0.0,-9.79855265402409e-07,2.2938135714166528e-05,-1.2502447736641893,-0.31179199904799576,-0.11137431828790549,0.4786243794566326,-94.62587241553469,0.042835816941888774,-85.22134921268183
21.35060977935791,0.23770256197321887,0.011895042285087185,0.0,-9.850348535196772e-07,2.0728001936849764e-05,-1.2502447735309814,-0.31179199904799576,-0.11137431828790549,0.4786243794566326,-94.64606515519746,0.036424754237096256,-85.23688498712232
21.40095543861389,0.23770256197321887,0.011895042285087185,0.0,-9.897506584376744e-07,1.8729379669160196e-05,-1.2502447733707986,-0.31179199904799576,-0.11137431828790549,0.4786243794566326,-94.64606515519746,0.036424754237096256,-85.23688498712232
21.45083713531494,0.23770256197321515,0.011895042285086994,0.0,-9.9797424723536e-07,1.528758407732496e-05,-1.250244772996182,-0.31179199904799576,-0.11137431828790549,0.4786243794566326,-94.64606515519746,0.036424754237096256,-85.23688498712232
21.50106120109558,0.23770256197321515,0.011895042285086994,0.0,-1.0015608611148732e-06,1.3809535229497154e-05,-1.2502447727922976,-0.31179199904799576,-0.11137431828790549,0.4786243794566326,-94.64606515519746,0.036424754237096256,-85.23688498712232
21.550854206085205,0.23770256197321082,0.011895042285086777,0.0,-1.004842411977269e-06,1.2472893221635215e-05,-1.2502447725828671,-0.3088023849856995,-0.11171446785000111,0.47857682603368634,-94.74510440203115,-0.0014502570588677563,-85.36410034674458
21.600847482681274,0.23770256197321082,0.011895042285086777,0.0,-1.0078485656295496e-06,1.1264120163187432e-05,-1.250244772371086,-0.3088023849856995,-0.11171446785000111,0.47857682603368634,-94.74510440203115,-0.0014502570588677563,-85.36410034674458
21.650845289230347,0.23770256197320613,0.011895042285086537,0.0,-1.0106044643304415e-06,1.0170975292177648e-05,-1.250244772159536,-0.3088023849856995,-0.11171446785000111,0.47857682603368634,-94.74510440203115,-0.0014502570588677563,-85.36410034674458
21.701266527175903,0.2377025619732014,0.011895042285086295,0.0,-1.0131338397272378e-06,9.182389908761393e-06,-1.2502447719502863,-0.3088023849856995,-0.11171446785000111,0.47857682603368634,-94.74510440203115,-0.0014502570588677563,-85.36410034674458
21.75098729133606,0.2377025619732014,0.011895042285086295,0.0,-1.0175927938541546e-06,7.479825143336807e-06,-1.2502447715448644,-0.30634917914852156,-0.11195386033848073,0.4785610528931248,-94.78914283014485,-0.021953100629943056,-85.46020663820028
21.800896406173706,0.23770256197319697,0.01189504228508607,0.0,-1.0195575105250209e-06,6.7486142951537525e-06,-1.2502447713509328,-0.30634917914852156,-0.11195386033848073,0.4785610528931248,-94.7951453811416,-0.024770010081636613,-85.47330949496273
21.850760221481323,0.23770256197319697,0.01189504228508607,0.0,-1.0213662578906208e-06,6.087324879791904e-06,-1.2502447711638938,-0.30634917914852156,-0.11195386033848073,0.4785610528931248,-94.7951453811416,-0.024770010081636613,-85.47330949496273
21.900749921798706,0.2377025619731927,0.011895042285085854,0.0,-1.0230326017962355e-06,5.48926557677008e-06,-1.2502447709842541,-0.30634917914852156,-0.11195386033848073,0.4785610528931248,-94.7951453811416,-0.024770010081636613,-85.47330949496273
21.950865030288696,0.2377025619731927,0.011895042285085854,0.0,-1.0245688339280066e-06,4.948387300078315e-06,-1.2502447708123479,-0.30447952562878533,-0.1121151120050373,0.4785634533494473,-94.8101577901041,-0.03284115619901695,-85.53455133978838
22.00079655647278,0.23770256197318876,0.011895042285085653,0.0,-1.0259854568713722e-06,4.459219076087489e-06,-1.250244770648365,-0.30447952562878533,-0.1121151120050373,0.4785634533494473,-94.8172172530246,-0.03665874632537862,-85.56336953385369
22.05063796043396,0.2377025619731851,0.011895042285085464,0.0,-1.0284995975313434e-06,3.616699847456012e-06,-1.2502447703443784,-0.30447952562878533,-0.1121151120050373,0.4785634533494473,-94.8172172530246,-0.03665874632537862,-85.56336953385369
22.1007878780365,0.2377025619731851,0.011895042285085464,0.0,-1.0296140600108097e-06,3.2548302240754047e-06,-1.2502447702042614,-0.30447952562878533,-0.1121151120050373,0.4785634533494473,-94.8172172530246,-0.03665874632537862,-85.56336953385369
22.150884866714478,0.2377025619731818,0.011895042285085292,0.0,-1.0306437275857214e-06,2.9275482666396186e-06,-1.2502447700718777,-0.30447952562878533,-0.1121151120050373,0.4785634533494473,-94.8172172530246,-0.03665874632537862,-85.56336953385369
22.20099425315857,0.2377025619731818,0.011895042285085292,0.0,-1.0315952414137817e-06,2.6315458653371182e-06,-1.250244769947029,-0.3031185807646979,-0.11222050780439789,0.47857447544939646,-94.82482809261818,-0.04018346103091524,-85.62785107093019
22.250853061676025,0.23770256197317885,0.011895042285085141,0.0,-1.0324748183027166e-06,2.3638311295194005e-06,-1.2502447698294774,-0.3031185807646979,-0.11222050780439789,0.47857447544939646,-94.82586465881997,-0.04066629910002501,-85.63664393735209
22.30068325996399,0.23770256197317619,0.011895042285085004,0.0,-1.0332880296670033e-06,2.1216996240906387e-06,-1.2502447697189645,-0.3031185807646979,-0.11222050780439789,0.47857447544939646,-94.82586465881997,-0.04066629910002501,-85.63664393735209
22.35084629058838,0.23770256197317619,0.011895042285085004,0.0,-1.0347359371714594e-06,1.7046354054960392e-06,-1.250244769517918,-0.3031185807646979,-0.11222050780439789,0.47857447544939646,-94.82586465881997,-0.04066629910002501,-85.63664393735209
22.40075373649597,0.2377025619731741,0.011895042285084896,0.0,-1.035379840902522e-06,1.5254897669451712e-06,-1.2502447694267957,-0.30215870744138335,-0.11228776127818177,0.4785877507098796,-94.82939164167719,-0.03977486533302444,-85.69581847870046
22.45080828666687,0.2377025619731741,0.011895042285084896,0.0,-1.035975351452024e-06,1.3634594448338675e-06,-1.250244769341542,-0.30215870744138335,-0.11228776127818177,0.4785877507098796,-94.82939164167719,-0.03977486533302444,-85.69581847870046
22.500733613967896,0.2377025619731721,0.011895042285084792,0.0,-1.0365268195180273e-06,1.2169080260879835e-06,-1.2502447692618552,-0.30215870744138335,-0.11228776127818177,0.4785877507098796,-94.82939164167719,-0.03977486533302444,-85.69581847870046
22.550782680511475,0.2377025619731721,0.011895042285084792,0.0,-1.0370372846625432e-06,1.0843558652467998e-06,-1.2502447691874388,-0.30215870744138335,-0.11228776127818177,0.4785877507098796,-94.82939164167719,-0.03977486533302444,-85.69581847870046
22.60088539123535,0.23770256197317038,0.011895042285084702,0.0,-1.0375098671916115e-06,9.644649439956367e-07,-1.250244769118005,-0.30149727867328197,-0.11232977512207966,0.4785996592054401,-94.83152916465545,-0.03659967613659689,-85.73753015519179
22.650673151016235,0.2377025619731688,0.01189504228508462,0.0,-1.0379470448509405e-06,8.560254214198673e-07,-1.2502447690532679,-0.30149727867328197,-0.11232977512207966,0.4785996592054401,-94.83182017670109,-0.03616705740238093,-85.74321813088225
22.700612783432007,0.2377025619731688,0.01189504228508462,0.0,-1.0387266062737425e-06,6.692265115976842e-07,-1.2502447689367977,-0.30149727867328197,-0.11232977512207966,0.4785996592054401,-94.83182017670109,-0.03616705740238093,-85.74321813088225
22.750988483428955,0.23770256197316778,0.011895042285084563,0.0,-1.0390734964856702e-06,5.889828232523178e-07,-1.2502447688845473,-0.30149727867328197,-0.11232977512207966,0.4785996592054401,-94.83182017670109,-0.03616705740238093,-85.74321813088225
22.80079746246338,0.23770256197316778,0.011895042285084563,0.0,-1.0393944568983512e-06,5.164015392042707e-07,-1.2502447688359584,-0.30149727867328197,-0.11232977512207966,0.4785996592054401,-94.83182017670109,-0.03616705740238093,-85.74321813088225
22.850947856903076,0.23770256197316675,0.011895042285084504,0.0,-1.0396917255464903e-06,4.5075054263663763e-07,-1.2502447687908005,-0.3010496835328114,-0.1123555133722771,0.47860865510454553,-94.83469015017904,-0.03130766244125785,-85.7807944604391
22.900909900665283,0.23770256197316675,0.011895042285084504,0.0,-1.03996707775075e-06,3.9136800639979755e-07,-1.2502447687488514,-0.3010496835328114,-0.1123555133722771,0.47860865510454553,-94.83469015017904,-0.03130766244125785,-85.7807944604391
22.95087456703186,0.23770256197316575,0.011895042285084449,0.0,-1.0402218016200118e-06,3.3765488639995434e-07,-1.2502447687099054,-0.3010496835328114,-0.1123555133722771,0.47860865510454553,-94.83469015017904,-0.03130766244125785,-85.7807944604391
23.00084400177002,0.2377025619731649,0.011895042285084399,0.0,-1.0404578307613744e-06,2.890695807909168e-07,-1.2502447686737603,-0.3010496835328114,-0.1123555133722771,0.47860865510454553,-94.83469015017904,-0.03130766244125785,-85.7807944604391
23.05071520805359,0.2377025619731649,0.011895042285084399,0.0,-1.0408782853079242e-06,2.0537052701823037e-07,-1.250244768609137,-0.3007512293319518,-0.11237100642652784,0.47861450730803634,-94.83786313763187,-0.026736289117423026,-85.8066889172432
23.100919246673584,0.23770256197316425,0.011895042285084359,0.0,-1.0410651670574107e-06,1.6941241015128174e-07,-1.2502447685803157,-0.3007512293319518,-0.11237100642652784,0.47861450730803634,-94.83829566585828,-0.026113244415989584,-85.81022001883267
23.150880098342896,0.23770256197316425,0.011895042285084359,0.0,-1.0412381705625875e-06,1.3688653004676272e-07,-1.2502447685536107,-0.3007512293319518,-0.11237100642652784,0.47861450730803634,-94.83829566585828,-0.026113244415989584,-85.81022001883267
23.200740814208984,0.2377025619731636,0.011895042285084319,0.0,-1.0413984474617425e-06,1.0746502398806773e-07,-1.2502447685288736,-0.3007512293319518,-0.11237100642652784,0.47861450730803634,-94.83829566585828,-0.026113244415989584,-85.81022001883267
23.250723361968994,0.2377025619731636,0.011895042285084319,0.0,-1.041546681035347e-06,8.085122358658448e-08,-1.2502447685059652,-0.3005546971542506,-0.11238020448133663,0.47861766190239385,-94.84109813391689,-0.022714868134459033,-85.82567959226283
23.30078959465027,0.23770256197316306,0.011895042285084284,0.0,-1.0416836176725229e-06,5.677695748181357e-08,-1.2502447684847597,-0.3005546971542506,-0.11238020448133663,0.47861766190239385,-94.84241672097218,-0.02111638550802023,-85.83295479990821
23.350739240646362,0.2377025619731627,0.011895042285084262,0.0,-1.0418104543837501e-06,3.500016534017531e-08,-1.2502447684651345,-0.3005546971542506,-0.11238020448133663,0.47861766190239385,-94.84241672097218,-0.02111638550802023,-85.83295479990821
23.400879383087158,0.2377025619731627,0.011895042285084262,0.0,-1.0420364904404444e-06,-2.518267648590906e-09,-1.2502447684301794,-0.3005546971542506,-0.11238020448133663,0.47861766190239385,-94.84241672097218,-0.02111638550802023,-85.83295479990821
23.451217889785767,0.2377025619731623,0.011895042285084237,0.0,-1.0421367807759467e-06,-1.863766992990212e-08,-1.2502447684146458,-0.3005546971542506,-0.11238020448133663,0.47861766190239385,-94.84241672097218,-0.02111638550802023,-85.83295479990821
23.500723123550415,0.2377025619731623,0.011895042285084237,0.0,-1.0422298558319703e-06,-3.3219171931668935e-08,-1.250244768400283,-0.30042669767308544,-0.11238563014653212,0.4786188070912927,-94.84618772197611,-0.01713799533141538,-85.84819745769722
23.550922393798828,0.23770256197316195,0.011895042285084215,0.0,-1.0423158580806258e-06,-4.640968141895054e-08,-1.250244768387007,-0.30042669767308544,-0.11238563014653212,0.4786188070912927,-94.84670190519442,-0.016595708664528724,-85.85027604206738
23.60096788406372,0.2377025619731618,0.011895042285084206,0.0,-1.0423949840913427e-06,-5.834210769508648e-08,-1.250244768374736,-0.30042669767308544,-0.11238563014653212,0.4786188070912927,-94.84670190519442,-0.016595708664528724,-85.85027604206738
23.650949239730835,0.2377025619731618,0.011895042285084206,0.0,-1.042468487671189e-06,-6.913632820772587e-08,-1.2502447683633966,-0.30042669767308544,-0.11238563014653212,0.4786188070912927,-94.84670190519442,-0.016595708664528724,-85.85027604206738
23.7008113861084,0.2377025619731618,0.011895042285084206,0.0,-1.0425989161693315e-06,-8.773462611028335e-08,-1.2502447683432458,-0.3003441639529213,-0.11238885228465548,0.4786186244323577,-94.85083993214273,-0.01266948883716166,-85.8632884611774
23.75080943107605,0.2377025619731618,0.011895042285084206,0.0,-1.0426570731079016e-06,-9.572591470035335e-08,-1.2502447683343074,-0.3003441639529213,-0.11238885228465548,0.4786186244323577,-94.85083993214273,-0.01266948883716166,-85.8632884611774
23.800724029541016,0.2377025619731618,0.011895042285084206,0.0,-1.0427106412166864e-06,-1.0295512705062755e-07,-1.250244768326054,-0.3003441639529213,-0.11238885228465548,0.4786186244323577,-94.85083993214273,-0.01266948883716166,-85.8632884611774
23.850933074951172,0.2377025619731618,0.011895042285084206,0.0,-1.042760057433968e-06,-1.0949469565336395e-07,-1.2502447683184321,-0.3003441639529213,-0.11238885228465548,0.4786186244323577,-94.85083993214273,-0.01266948883716166,-85.8632884611774
23.901034832000732,0.2377025619731618,0.011895042285084206,0.0,-1.0428058522754617e-06,-1.1541096904439631e-07,-1.2502447683113957,-0.3002914455296094,-0.11239081877431036,0.4786176752608732,-94.85416326282999,-0.009756575145063567,-85.8717726005828
23.95111393928528,0.2377025619731618,0.011895042285084206,0.0,-1.0428480635954599e-06,-1.2076325281086858e-07,-1.2502447683049003,-0.3002914455296094,-0.11239081877431036,0.4786176752608732,-94.85461643281825,-0.009359466393842464,-85.87292955445345
24.00091576576233,0.2377025619731618,0.011895042285084206,0.0,-1.042887064683725e-06,-1.2560544582198572e-07,-1.250244768298905,-0.3002914455296094,-0.11239081877431036,0.4786176752608732,-94.85461643281825,-0.009359466393842464,-85.87292955445345
24.050800561904907,0.2377025619731618,0.011895042285084206,0.0,-1.0429567312190843e-06,-1.3394837631298547e-07,-1.250244768288265,-0.3002914455296094,-0.11239081877431036,0.4786176752608732,-94.85461643281825,-0.009359466393842464,-85.87292955445345
24.101053714752197,0.2377025619731618,0.011895042285084206,0.0,-1.042987399694549e-06,-1.3753338966532315e-07,-1.2502447682835525,-0.3002914455296094,-0.11239081877431036,0.4786176752608732,-94.85461643281825,-0.009359466393842464,-85.87292955445345
24.15111994743347,0.2377025619731618,0.011895042285084206,0.0,-1.0430155535461787e-06,-1.4077666117945804e-07,-1.2502447682792033,-0.30025807837123775,-0.11239208398968079,0.47861636990131506,-94.85791557201624,-0.006632811689010144,-85.87997747794084
24.200982570648193,0.2377025619731618,0.011895042285084206,0.0,-1.0430418317615665e-06,-1.437109250822094e-07,-1.2502447682751914,-0.30025807837123775,-0.11239208398968079,0.47861636990131506,-94.85791557201624,-0.006632811689010144,-85.87997747794084
24.250805377960205,0.2377025619731618,0.011895042285084206,0.0,-1.0430659070304156e-06,-1.463652140070428e-07,-1.25024476827149,-0.30025807837123775,-0.11239208398968079,0.47861636990131506,-94.85791557201624,-0.006632811689010144,-85.87997747794084
24.30061435699463,0.2377025619731618,0.011895042285084206,0.0,-1.043088448294137e-06,-1.487667974852618e-07,-1.2502447682680768,-0.30025807837123775,-0.11239208398968079,0.47861636990131506,-94.85791557201624,-0.006632811689010144,-85.87997747794084
24.351102352142334,0.2377025619731618,0.011895042285084206,0.0,-1.0431280766219e-06,-1.5290489827881572e-07,-1.250244768262021,-0.3002371520621716,-0.112392960367866,0.47861497959375554,-94.86036566117006,-0.004693390717560178,-85.88445326861265
24.400861024856567,0.2377025619731618,0.011895042285084206,0.0,-1.043146012353947e-06,-1.5468311284499585e-07,-1.2502447682593407,-0.3002371520621716,-0.112392960367866,0.47861497959375554,-94.86069976161966,-0.004428965559105453,-85.88506361632356
24.45082950592041,0.2377025619731618,0.011895042285084206,0.0,-1.0431621164271035e-06,-1.5629225146029085e-07,-1.250244768256868,-0.3002371520621716,-0.112392960367866,0.47861497959375554,-94.86069976161966,-0.004428965559105453,-85.88506361632356
24.500778198242188,0.2377025619731618,0.011895042285084206,0.0,-1.0431771851916193e-06,-1.5774786780996817e-07,-1.250244768254587,-0.3002371520621716,-0.112392960367866,0.47861497959375554,-94.86069976161966,-0.004428965559105453,-85.88506361632356
24.55086350440979,0.2377025619731618,0.011895042285084206,0.0,-1.0431906688983727e-06,-1.590649199212448e-07,-1.250244768252483,-0.30022415194123764,-0.11239361671173707,0.47861366526116,-94.86225351002174,-0.0032371290956441814,-85.88752892685197
24.60102915763855,0.2377025619731618,0.011895042285084206,0.0,-1.043203347888537e-06,-1.602564112966629e-07,-1.2502447682505429,-0.30022415194123764,-0.11239361671173707,0.47861366526116,-94.8629846825922,-0.0026763294787952516,-85.88868909492987
24.650842666625977,0.2377025619731618,0.011895042285084206,0.0,-1.043215327254448e-06,-1.6133433191617475e-07,-1.2502447682487536,-0.30022415194123764,-0.11239361671173707,0.47861366526116,-94.8629846825922,-0.0026763294787952516,-85.88868909492987
24.700570821762085,0.2377025619731618,0.011895042285084206,0.0,-1.0432361299537473e-06,-1.6319204911840125e-07,-1.2502447682455808,-0.30022415194123764,-0.11239361671173707,0.47861366526116,-94.8629846825922,-0.0026763294787952516,-85.88868909492987
24.750911712646484,0.2377025619731618,0.011895042285084206,0.0,-1.0432453699099139e-06,-1.6399052483048716e-07,-1.2502447682441782,-0.30022415194123764,-0.11239361671173707,0.47861366526116,-94.8629846825922,-0.0026763294787952516,-85.88868909492987
24.800885915756226,0.2377025619731618,0.011895042285084206,0.0,-1.0432538323442078e-06,-1.6471296376324622e-07,-1.2502447682428837,-0.30021615713255645,-0.11239414006359146,0.47861250868677696,-94.8645973771677,-0.0014671405119732817,-85.89093691340068
24.85073947906494,0.2377025619731618,0.011895042285084206,0.0,-1.0432615058793062e-06,-1.6536654627726154e-07,-1.2502447682416897,-0.30021615713255645,-0.11239414006359146,0.47861250868677696,-94.86481728955604,-0.0013022648559421304,-85.89124343927347
24.900800943374634,0.2377025619731618,0.011895042285084206,0.0,-1.0432685481838822e-06,-1.659579417339214e-07,-1.2502447682405902,-0.30021615713255645,-0.11239414006359146,0.47861250868677696,-94.86481728955604,-0.0013022648559421304,-85.89124343927347
24.950905084609985,0.2377025619731618,0.011895042285084206,0.0,-1.0432750927124675e-06,-1.664929340259897e-07,-1.2502447682395736,-0.30021615713255645,-0.11239414006359146,0.47861250868677696,-94.86481728955604,-0.0013022648559421304,-85.89124343927347
25.000632762908936,0.2377025619731618,0.011895042285084206,0.0,-1.043286795277633e-06,-1.6741475928741357e-07,-1.2502447682377738,-0.3002112949760667,-0.11239457331925784,0.4786115395926296,-94.86625918750231,-0.00023873955382127472,-85.89302356332382
25.05071997642517,0.2377025619731618,0.011895042285084206,0.0,-1.0432919957469436e-06,-1.678111417842264e-07,-1.2502447682369768,-0.3002112949760667,-0.11239457331925784,0.4786115395926296,-94.86625918750231,-0.00023873955382127472,-85.89302356332382
25.100788831710815,0.2377025619731618,0.011895042285084206,0.0,-1.0432968589417586e-06,-1.6816998562220354e-07,-1.250244768236242,-0.3002112949760667,-0.11239457331925784,0.4786115395926296,-94.86625918750231,-0.00023873955382127472,-85.89302356332382
25.151062488555908,0.2377025619731618,0.011895042285084206,0.0,-1.043301260304052e-06,-1.6849455939541233e-07,-1.250244768235564,-0.3002112949760667,-0.11239457331925784,0.4786115395926296,-94.86625918750231,-0.00023873955382127472,-85.89302356332382
25.201210260391235,0.2377025619731618,0.011895042285084206,0.0,-1.0433052303781195e-06,-1.6878843472078414e-07,-1.250244768234939,-0.3002112949760667,-0.11239457331925784,0.4786115395926296,-94.86625918750231,-0.00023873955382127472,-85.89302356332382
25.25087809562683,0.2377025619731618,0.011895042285084206,0.0,-1.0433090040810933e-06,-1.690537761114659e-07,-1.250244768234362,-0.30020837526616106,-0.11239493715236663,0.47861075645526063,-94.86724145337853,0.0004771983593247993,-85.89410430919195
25.300745487213135,0.2377025619731618,0.011895042285084206,0.0,-1.043312440582645e-06,-1.6929371664550166e-07,-1.2502447682338298,-0.30020837526616106,-0.11239493715236663,0.47861075645526063,-94.86737539864859,0.0005748221659191796,-85.89425168549246
25.351309776306152,0.2377025619731618,0.011895042285084206,0.0,-1.0433157734333583e-06,-1.695109034340454e-07,-1.2502447682333393,-0.30020837526616106,-0.11239493715236663,0.47861075645526063,-94.86737539864859,0.0005748221659191796,-85.89425168549246
25.401187658309937,0.2377025619731618,0.011895042285084206,0.0,-1.0433185965680859e-06,-1.697077735572592e-07,-1.250244768232887,-0.30020837526616106,-0.11239493715236663,0.47861075645526063,-94.86737539864859,0.0005748221659191796,-85.89425168549246
25.450815677642822,0.2377025619731618,0.011895042285084206,0.0,-1.043321384105918e-06,-1.6988591592503454e-07,-1.2502447682324684,-0.30020664802721836,-0.11239524212468481,0.47861014117274303,-94.86822756115546,0.0011904512188530367,-85.89509129443961
25.500791549682617,0.2377025619731618,0.011895042285084206,0.0,-1.0433262040907956e-06,-1.7019286670587563e-07,-1.2502447682317264,-0.30020664802721836,-0.11239524212468481,0.47861014117274303,-94.86822756115546,0.0011904512188530367,-85.89509129443961
25.550726413726807,0.2377025619731618,0.011895042285084206,0.0,-1.0433282386327378e-06,-1.703250154563216e-07,-1.250244768231398,-0.30020664802721836,-0.11239524212468481,0.47861014117274303,-94.86822756115546,0.0011904512188530367,-85.89509129443961
25.600900173187256,0.2377025619731618,0.011895042285084206,0.0,-1.043330161025414e-06,-1.7044444278303201e-07,-1.2502447682310944,-0.30020664802721836,-0.11239524212468481,0.47861014117274303,-94.86822756115546,0.0011904512188530367,-85.89509129443961
25.651116847991943,0.2377025619731618,0.011895042285084206,0.0,-1.0433321203617382e-06,-1.7055246447307846e-07,-1.2502447682308153,-0.30020564480150475,-0.11239549489764111,0.4786096686431599,-94.86879323910095,0.0015962783219913561,-85.89559241535085
25.700541734695435,0.2377025619731618,0.011895042285084206,0.0,-1.0433335964271836e-06,-1.7065026900160675e-07,-1.250244768230561,-0.30020564480150475,-0.11239549489764111,0.4786096686431599,-94.86887037699705,0.001651617261545658,-85.89566075062878
25.75149655342102,0.2377025619731618,0.011895042285084206,0.0,-1.043336522350853e-06,-1.708184892091142e-07,-1.2502447682301008,-0.30020564480150475,-0.11239549489764111,0.4786096686431599,-94.86887037699705,0.001651617261545658,-85.89566075062878
25.800959587097168,0.2377025619731618,0.011895042285084206,0.0,-1.043337808765318e-06,-1.7089107355351665e-07,-1.2502447682298958,-0.30020564480150475,-0.11239549489764111,0.4786096686431599,-94.86887037699705,0.001651617261545658,-85.89566075062878
25.850722789764404,0.2377025619731618,0.011895042285084206,0.0,-1.0433394003716425e-06,-1.7095651958750863e-07,-1.250244768229708,-0.30020564480150475,-0.11239549489764111,0.4786096686431599,-94.86887037699705,0.001651617261545658,-85.89566075062878
25.900983095169067,0.2377025619731618,0.011895042285084206,0.0,-1.043339923797611e-06,-1.710155697591842e-07,-1.2502447682295346,-0.30020507564586174,-0.11239570107083988,0.47860931253815375,-94.86935023933042,0.001993825432058014,-85.89604445512519
25.95109987258911,0.2377025619731618,0.011895042285084206,0.0,-1.0433408192345711e-06,-1.7106940998046884e-07,-1.2502447682293742,-0.30020507564586174,-0.11239570107083988,0.47860931253815375,-94.86935023933042,0.001993825432058014,-85.89604445512519
26.000838041305542,0.2377025619731618,0.011895042285084206,0.0,-1.04334206338992e-06,-1.7111792623365836e-07,-1.2502447682292264,-0.30020507564586174,-0.11239570107083988,0.47860931253815375,-94.86935023933042,0.001993825432058014,-85.89604445512519
26.050832271575928,0.2377025619731618,0.011895042285084206,0.0,-1.0433435162022858e-06,-1.7120175717341657e-07,-1.250244768228966,-0.30020507564586174,-0.11239570107083988,0.47860931253815375,-94.86935023933042,0.001993825432058014,-85.89604445512519
26.101020336151123,0.2377025619731618,0.011895042285084206,0.0,-1.043344105215023e-06,-1.7123748100523775e-07,-1.2502447682288504,-0.30020476287002096,-0.11239586621802362,0.4786090484389902,-94.86966260360053,0.002215320116538153,-85.8962708662792
26.151033639907837,0.2377025619731618,0.011895042285084206,0.0,-1.0433448525598309e-06,-1.712703267494978e-07,-1.2502447682287452,-0.30020476287002096,-0.11239586621802362,0.4786090484389902,-94.86970519872997,0.002245523648496862,-85.89630174071074
26.20075273513794,0.2377025619731618,0.011895042285084206,0.0,-1.0433457725608434e-06,-1.7129971524452145e-07,-1.250244768228648,-0.30020476287002096,-0.11239586621802362,0.4786090484389902,-94.86970519872997,0.002245523648496862,-85.89630174071074
26.250867128372192,0.2377025619731618,0.011895042285084206,0.0,-1.0433465088156688e-06,-1.713258412957777e-07,-1.2502447682285578,-0.30020476287002096,-0.11239586621802362,0.4786090484389902,-94.86970519872997,0.002245523648496862,-85.89630174071074
26.30079674720764,0.2377025619731618,0.011895042285084206,0.0,-1.0433467600878363e-06,-1.7135063819651786e-07,-1.2502447682284752,-0.3002045987665168,-0.11239599605375211,0.47860885526380614,-94.86996566504892,0.002429125102438153,-85.89647376233751
26.35106325149536,0.2377025619731618,0.011895042285084206,0.0,-1.0433471209936623e-06,-1.7137287366621277e-07,-1.2502447682283988,-0.3002045987665168,-0.11239599605375211,0.47860885526380614,-94.86996566504892,0.002429125102438153,-85.89647376233751
26.400787115097046,0.2377025619731618,0.011895042285084206,0.0,-1.043347833729151e-06,-1.71410627261419e-07,-1.2502447682282631,-0.3002045987665168,-0.11239599605375211,0.47860885526380614,-94.86996566504892,0.002429125102438153,-85.89647376233751
26.45080327987671,0.2377025619731618,0.011895042285084206,0.0,-1.0433480231600541e-06,-1.7142656636342523e-07,-1.2502447682282052,-0.3002045987665168,-0.11239599605375211,0.47860885526380614,-94.86996566504892,0.002429125102438153,-85.89647376233751
26.50087332725525,0.2377025619731618,0.011895042285084206,0.0,-1.0433482904505513e-06,-1.7144061853890653e-07,-1.250244768228152,-0.30020451886516225,-0.11239609625388405,0.47860871566417595,-94.87013266958498,0.0025460768579626536,-85.89657491774781
26.550530433654785,0.2377025619731618,0.011895042285084206,0.0,-1.0433487454977203e-06,-1.7145358529382255e-07,-1.250244768228098,-0.30020451886516225,-0.11239609625388405,0.47860871566417595,-94.8701554429318,0.0025620247531040405,-85.89658871171912
26.600528240203857,0.2377025619731618,0.011895042285084206,0.0,-1.0433502522161859e-06,-1.714770836070359e-07,-1.2502447682280002,-0.30020451886516225,-0.11239609625388405,0.47860871566417595,-94.8701554429318,0.0025620247531040405,-85.89658871171912
26.650789976119995,0.2377025619731618,0.011895042285084206,0.0,-1.04335068379169e-06,-1.7148691499215596e-07,-1.2502447682279563,-0.30020451886516225,-0.11239609625388405,0.47860871566417595,-94.8701554429318,0.0025620247531040405,-85.89658871171912
26.700718879699707,0.2377025619731618,0.011895042285084206,0.0,-1.0433514269832016e-06,-1.7149608339386508e-07,-1.2502447682279159,-0.30020451886516225,-0.11239609625388405,0.47860871566417595,-94.8701554429318,0.0025620247531040405,-85.89658871171912
26.75073003768921,0.2377025619731618,0.011895042285084206,0.0,-1.0433519996395288e-06,-1.7150394710291664e-07,-1.250244768227878,-0.30020448514841264,-0.11239617219980484,0.47860861585438563,-94.8702928522369,0.0026575397397182914,-85.89666567990129
26.80079221725464,0.2377025619731618,0.011895042285084206,0.0,-1.0433518518074498e-06,-1.7151129151256937e-07,-1.2502447682278433,-0.30020448514841264,-0.11239617219980484,0.47860861585438563,-94.8702928522369,0.0026575397397182914,-85.89666567990129
26.850727558135986,0.2377025619731618,0.011895042285084206,0.0,-1.0433514377547662e-06,-1.7151862288695667e-07,-1.2502447682278106,-0.30020448514841264,-0.11239617219980484,0.47860861585438563,-94.8702928522369,0.0026575397397182914,-85.89666567990129
26.900960445404053,0.2377025619731618,0.011895042285084206,0.0,-1.0433511957403245e-06,-1.7152469405241077e-07,-1.250244768227782,-0.30020448514841264,-0.11239617219980484,0.47860861585438563,-94.8702928522369,0.0026575397397182914,-85.89666567990129
26.95087957382202,0.2377025619731618,0.011895042285084206,0.0,-1.0433500467677012e-06,-1.7153491956488953e-07,-1.2502447682277338,-0.30020447560686586,-0.11239622876679417,0.47860854517091844,-94.87037991989416,0.0027175545379688657,-85.89671124869595
27.000856637954712,0.2377025619731618,0.011895042285084206,0.0,-1.0433496436324831e-06,-1.7153972257279244e-07,-1.2502447682277096,-0.30020447560686586,-0.11239622876679417,0.47860854517091844,-94.87039179275688,0.002725738356707671,-85.89671746263635
27.05115509033203,0.2377025619731618,0.011895042285084206,0.0,-1.0433494420382391e-06,-1.7154384842150855e-07,-1.2502447682276867,-0.30020447560686586,-0.11239622876679417,0.47860854517091844,-94.87039179275688,0.002725738356707671,-85.89671746263635
27.10084080696106,0.2377025619731618,0.011895042285084206,0.0,-1.0433493753706683e-06,-1.7154752361908186e-07,-1.2502447682276656,-0.30020447560686586,-0.11239622876679417,0.47860854517091844,-94.87039179275688,0.002725738356707671,-85.89671746263635
27.15089988708496,0.2377025619731618,0.011895042285084206,0.0,-1.0433487383195184e-06,-1.7155074399885401e-07,-1.25024476822765,-0.3002044777974157,-0.11239627019632664,0.47860849554169693,-94.87043999900362,0.002758654882362669,-85.89674132945396
27.200710773468018,0.2377025619731618,0.011895042285084206,0.0,-1.0433481489002111e-06,-1.7155331659562775e-07,-1.2502447682276336,-0.3002044777974157,-0.11239627019632664,0.47860849554169693,-94.8704626842967,0.0027741449892408,-85.89675256091633
27.25067710876465,0.2377025619731618,0.011895042285084206,0.0,-1.0433473630690846e-06,-1.7155786265991425e-07,-1.2502447682276008,-0.3002044777974157,-0.11239627019632664,0.47860849554169693,-94.8704626842967,0.0027741449892408,-85.89675256091633
27.300869464874268,0.2377025619731618,0.011895042285084206,0.0,-1.0433469722436162e-06,-1.7156013856925988e-07,-1.2502447682275857,-0.3002044777974157,-0.11239627019632664,0.47860849554169693,-94.8704626842967,0.0027741449892408,-85.89675256091633
27.350825309753418,0.2377025619731618,0.011895042285084206,0.0,-1.0433465826766114e-06,-1.715624161825413e-07,-1.250244768227572,-0.3002044777974157,-0.11239627019632664,0.47860849554169693,-94.8704626842967,0.0027741449892408,-85.89675256091633
27.40102791786194,0.2377025619731618,0.011895042285084206,0.0,-1.0433464952438136e-06,-1.7156429173010927e-07,-1.2502447682275588,-0.30020448490887963,-0.11239630004958222,0.47860846096458787,-94.87050718880774,0.0028042214766176342,-85.89677370067263
27.450971364974976,0.2377025619731618,0.011895042285084206,0.0,-1.0433466424191562e-06,-1.7156568340317207e-07,-1.2502447682275468,-0.30020448490887963,-0.11239630004958222,0.47860846096458787,-94.87051325760478,0.002808322811578632,-85.89677658337017
27.500709772109985,0.2377025619731618,0.011895042285084206,0.0,-1.0433467905785423e-06,-1.7156707637768074e-07,-1.2502447682275348,-0.30020448490887963,-0.11239630004958222,0.47860846096458787,-94.87051325760478,0.002808322811578632,-85.89677658337017
27.550736665725708,0.2377025619731618,0.011895042285084206,0.0,-1.0433471569847355e-06,-1.715699474603937e-07,-1.2502447682275146,-0.30020448490887963,-0.11239630004958222,0.47860846096458787,-94.87051325760478,0.002808322811578632,-85.89677658337017
27.600706577301025,0.2377025619731618,0.011895042285084206,0.0,-1.0433473750958238e-06,-1.71571425369813e-07,-1.2502447682275046,-0.3002044933849778,-0.1123963212249611,0.4786084370435191,-94.87054919729763,0.0028323441472069334,-85.89679321345461
27.650845527648926,0.2377025619731618,0.011895042285084206,0.0,-1.043347526474915e-06,-1.7157282251883313e-07,-1.2502447682274958,-0.3002044933849778,-0.1123963212249611,0.4786084370435191,-94.87054919729763,0.0028323441472069334,-85.89679321345461
27.700756072998047,0.2377025619731618,0.011895042285084206,0.0,-1.0433471845686834e-06,-1.7157385495966922e-07,-1.2502447682274895,-0.3002044933849778,-0.1123963212249611,0.4786084370435191,-94.87054919729763,0.0028323441472069334,-85.89679321345461
27.750970363616943,0.2377025619731618,0.011895042285084206,0.0,-0.0007318905913513079,0.4357182073981512,-1.1511473070852756,-0.3002044933849778,-0.1123963212249611,0.4786084370435191,-94.87054919729763,0.0028323441472069334,-85.89679321345461
27.800971031188965,0.34245144286421486,0.01713685523527881,0.0,-0.0006239826074019556,0.849161244516675,-1.0373052089200727,-0.30537920256983025,-0.111797331864627,0.46763390622003387,-95.62476239752648,0.026990878929377772,-85.98727604745348
27.850820541381836,0.4733875439891062,0.023689121423572736,0.0,-0.0005402492875308017,1.1294741498511156,-0.9288717169292089,-0.30537920256983025,-0.111797331864627,0.46763390622003387,-95.72760948539415,0.03029115575870591,-85.99964121119147
27.900870323181152,0.4733875439891062,0.023689121423572736,0.0,-0.00042619341306928164,1.3402199329736941,-0.7091362026590299,-0.30537920256983025,-0.111797331864627,0.46763390622003387,-95.72760948539415,0.03029115575870591,-85.99964121119147
27.950810432434082,0.6043236451139882,0.030241387611866864,0.0,-0.00038981477081297795,1.2894587181907,-0.5962974017198197,-0.30537920256983025,-0.111797331864627,0.46763390622003387,-95.72760948539415,0.03029115575870591,-85.99964121119147
28.000967025756836,0.6043236451139882,0.030241387611866864,0.0,-0.0003632377414201029,1.1422998869922276,-0.4877942505155149,-0.30537920256983025,-0.111797331864627,0.46763390622003387,-95.72760948539415,0.03029115575870591,-85.99964121119147
28.051045417785645,0.7352597462388879,0.036793653800162245,0.0,-0.0003447779157668911,0.9031268432046182,-0.3811850469615569,-0.2909869688416792,-0.11214406941377122,0.47590579558408386,-95.97878627289239,-0.08319754388837769,-87.1369190773475
28.101025104522705,0.7352597462388879,0.036793653800162245,0.0,0.00048415640433000314,0.5755746905680669,-0.2740976455263989,-0.2909869688416792,-0.11214406941377122,0.47590579558408386,-95.97878627289239,-0.08319754388837769,-87.1369190773475
28.150896072387695,0.866195847363797,0.04334591998845751,0.0,0.0004023661643974151,0.1611280898533265,-0.16903879032900565,-0.2909869688416792,-0.11214406941377122,0.47590579558408386,-95.97878627289239,-0.08319754388837769,-87.1369190773475
28.20083475112915,0.866195847363797,0.04334591998845751,0.0,0.000352213107606704,-0.027547641639785233,-0.06949031708116318,-0.2909869688416792,-0.11214406941377122,0.47590579558408386,-95.97878627289239,-0.08319754388837769,-87.1369190773475
28.251060485839844,0.9971319484887675,0.04989818617673758,0.0,0.00031847881260165656,-0.026447139303718975,0.028642160356219262,-0.27810264737291185,-0.11232289882529346,0.48516481660975297,-95.16117335152364,-0.10477622143383218,-87.6946689935041
28.301034212112427,0.9971319484887675,0.04989818617673758,0.0,0.00028792138469719165,-0.025342450074671695,0.12042088825758095,-0.27810264737291185,-0.11232289882529346,0.48516481660975297,-95.16117335152364,-0.10477622143383218,-87.6946689935041
28.350817680358887,1.1280680496137045,0.05645045236497712,0.0,0.00026337518482137965,-0.02423803498220856,0.20166822807216653,-0.27810264737291185,-0.11232289882529346,0.48516481660975297,-95.04961018192787,-0.10588043780364864,-87.77077099725716
28.40068292617798,1.2590041507386245,0.0630027185532214,0.0,0.0002515762137958075,-0.02314350534536328,0.273566838032381,-0.27810264737291185,-0.11232289882529346,0.48516481660975297,-95.04961018192787,-0.10588043780364864,-87.77077099725716
28.45057988166809,1.2590041507386245,0.0630027185532214,0.0,0.00021345043168813233,-0.02092878695956446,0.36978987661411195,-0.27810264737291185,-0.11232289882529346,0.48516481660975297,-95.04961018192787,-0.10588043780364864,-87.77077099725716
28.50074791908264,1.3899402518633923,0.06955498474153335,0.0,0.00019320604720589928,-0.019815915475399716,0.3879877398471748,-0.2799189685173362,-0.11326633002067317,0.4798162781965227,-95.16101774011753,-0.06616473767863928,-87.58651520568388
28.55084538459778,1.3899402518633923,0.06955498474153335,0.0,0.0001747078670474785,-0.018702466932386645,0.3879688596636861,-0.2799189685173362,-0.11326633002067317,0.4798162781965227,-95.16101774011753,-0.06616473767863928,-87.58651520568388
28.600720405578613,1.5208763529881608,0.07610725092994841,0.0,0.00015782948166789118,-0.01758849379137918,0.3699203261925977,-0.2799189685173362,-0.11326633002067317,0.4798162781965227,-95.16101774011753,-0.06616473767863928,-87.58651520568388
28.651024103164673,1.5208763529881608,0.07610725092994841,0.0,0.00014254269815474417,-0.016474129252405628,0.33062434770322724,-0.2799189685173362,-0.11326633002067317,0.4798162781965227,-95.16101774011753,-0.06616473767863928,-87.58651520568388
28.701018571853638,1.6518124541129373,0.0826595171184479,0.0,0.00012945522035473346,-0.015360540469606882,0.2812154013258188,-0.2790131188459594,-0.11599645964793744,0.47755464384999213,-95.3929592873417,-0.04384526206879546,-87.31329681669875
28.750746250152588,1.6518124541129373,0.0826595171184479,0.0,0.00011755039178296046,-0.014246544844156977,0.23156162455046556,-0.2790131188459594,-0.11599645964793744,0.47755464384999213,-95.3929592873417,-0.04384526206879546,-87.31329681669875
28.8008029460907,1.782748555237714,0.08921178330688237,0.0,0.00010664769819637695,-0.013132083969604705,0.1807481350410942,-0.2790131188459594,-0.11599645964793744,0.47755464384999213,-95.4245723316716,-0.040994779630373054,-87.27605484693461
28.850688457489014,1.9136846563625003,0.09576404949521572,0.0,9.661193582208893e-05,-0.012017200044200399,0.128609768090076,-0.2790131188459594,-0.11599645964793744,0.47755464384999213,-95.4245723316716,-0.040994779630373054,-87.27605484693461
28.90090274810791,1.9136846563625003,0.09576404949521572,0.0,7.86357010579797e-05,-0.009861001377593024,0.0013330017229933075,-0.2790131188459594,-0.11599645964793744,0.47755464384999213,-95.4245723316716,-0.040994779630373054,-87.27605484693461
28.951001167297363,2.0446207574871127,0.10231631568348394,0.0,7.062770141577449e-05,-0.008918066670631518,-0.10062008281079672,-0.2776983998962004,-0.11766083810208768,0.47685154814990527,-95.6127475238621,-0.017788233467104873,-87.1078015275694
29.000866174697876,2.0446207574871127,0.10231631568348394,0.0,6.343769295950347e-05,-0.00806527797673169,-0.22730925103751878,-0.2776983998962004,-0.11766083810208768,0.47685154814990527,-95.6127475238621,-0.017788233467104873,-87.1078015275694
29.05072021484375,2.1755568586116985,0.10886858187174289,0.0,5.763356709592705e-05,-0.007293924774215637,-0.36109540982822763,-0.2776983998962004,-0.11766083810208768,0.47685154814990527,-95.6127475238621,-0.017788233467104873,-87.1078015275694
29.100910425186157,2.1755568586116985,0.10886858187174289,0.0,5.2199595973716944e-05,-0.006596192916202755,-0.5011096642430819,-0.2776983998962004,-0.11766083810208768,0.47685154814990527,-95.6127475238621,-0.017788233467104873,-87.1078015275694
29.150710344314575,2.3064929597364947,0.11542084806004897,0.0,4.701137849688911e-05,-0.005965029294629754,-0.6541925664776613,-0.2752390060652134,-0.11981025434860244,0.4767975520645231,-95.74827148203148,0.009999937688124776,-86.84627536301845
29.20075035095215,2.3064929597364947,0.11542084806004897,0.0,4.2117015687526944e-05,-0.005394186208702669,-0.8205788988370492,-0.2752390060652134,-0.11981025434860244,0.4767975520645231,-95.74827148203148,0.009999937688124776,-86.84627536301845
29.250812292099,2.4374290608612625,0.12197311424844343,0.0,3.7777846188709225e-05,-0.004878217972709012,-0.9962044601863873,-0.2752390060652134,-0.11981025434860244,0.4767975520645231,-95.76674518167819,0.013717667067761305,-86.8106235127532
29.300775051116943,2.5683651619858536,0.12852538043685252,0.0,3.382249914602311e-05,-0.004411723489910542,-1.1671533108061272,-0.2752390060652134,-0.11981025434860244,0.4767975520645231,-95.76674518167819,0.013717667067761305,-86.8106235127532
29.350833892822266,2.5683651619858536,0.12852538043685252,0.0,3.0145480092721607e-05,-0.003989842129191314,-1.328696518200226,-0.2752390060652134,-0.11981025434860244,0.4767975520645231,-95.76674518167819,0.013717667067761305,-86.8106235127532
29.400566577911377,2.69930126311048,0.13507764662519983,0.0,2.301080141113149e-05,-0.003261264309064412,-1.601218225786508,-0.27373236351027214,-0.12029065945339977,0.47707204766844,-95.82434208106542,0.05772832612490167,-86.65301925589948
29.450712203979492,2.69930126311048,0.13507764662519983,0.0,1.7879362289462976e-05,-0.0029457866409654814,-1.7257403315574733,-0.27373236351027214,-0.12029065945339977,0.47707204766844,-95.82434208106542,0.05772832612490167,-86.65301925589948
29.500860691070557,2.830237364235269,0.14162991281346368,0.0,1.4812168984862226e-05,-0.002662371328048685,-1.8511133735692222,-0.27373236351027214,-0.12029065945339977,0.47707204766844,-95.82434208106542,0.05772832612490167,-86.65301925589948
29.550867557525635,2.830237364235269,0.14162991281346368,0.0,1.340353791536078e-05,-0.0024077541321891414,-2.0016019474510967,-0.27373236351027214,-0.12029065945339977,0.47707204766844,-95.82434208106542,0.05772832612490167,-86.65301925589948
29.600653171539307,2.961173465359925,0.14818217900168676,0.0,1.1943327182730885e-05,-0.0021774825099906705,-2.17788061138665,-0.2729203091052229,-0.11956653226121325,0.4774031111026733,-95.85417123849795,0.08763497054606423,-86.74861351288553
29.650983810424805,2.961173465359925,0.14818217900168676,0.0,1.0461162845560896e-05,-0.0019692323086229735,-2.3787308350312264,-0.2729203091052229,-0.11956653226121325,0.4774031111026733,-95.85417123849795,0.08763497054606423,-86.74861351288553
29.700809955596924,3.0921095664845386,0.1547344451898973,0.0,9.01902053378702e-06,-0.0017809065975674908,-2.598901747573179,-0.2729203091052229,-0.11956653226121325,0.4774031111026733,-95.85823877307472,0.09171674454620074,-86.76165153971311
29.750808715820312,3.0921095664845386,0.1547344451898973,0.0,7.743555655143678e-06,-0.0016103443255121464,-2.8309206088252203,-0.2729203091052229,-0.11956653226121325,0.4774031111026733,-95.85823877307472,0.09171674454620074,-86.76165153971311
29.800904512405396,3.2230456676092625,0.16128671137806253,0.0,5.955735158390635e-06,-0.0014538801383183776,-3.0742911451201547,-0.2729203091052229,-0.11956653226121325,0.4774031111026733,-95.85823877307472,0.09171674454620074,-86.76165153971311
29.85071849822998,3.353981768734199,0.16783897756626656,0.0,3.1293728501823993e-06,-0.0013100093225001776,-3.322812657120842,-0.27151681967212093,-0.12073128188774229,0.4776807291398393,-95.90220492290705,0.15514445437886362,-86.3236294250832
29.90067982673645,3.353981768734199,0.16783897756626656,0.0,7.040781079052363e-07,-0.0010654935128169595,-3.8295127749026516,-0.27151681967212093,-0.12073128188774229,0.4776807291398393,-95.90220492290705,0.15514445437886362,-86.3236294250832
29.95111846923828,3.4849178698589443,0.17439124375447612,0.0,4.7236612789288487e-07,-0.0009635655415028143,-4.07514798428017,-0.27151681967212093,-0.12073128188774229,0.4776807291398393,-95.90220492290705,0.15514445437886362,-86.3236294250832
30.000892162322998,3.4849178698589443,0.17439124375447612,0.0,1.0323688891090241e-07,-0.0008713856012278479,-4.315230264470985,-0.27151681967212093,-0.12073128188774229,0.4776807291398393,-95.90220492290705,0.15514445437886362,-86.3236294250832
30.050575017929077,3.6158539709836046,0.1809435099426742,0.0,-3.468224148182902e-07,-0.0007880337477585616,-4.551840196307281,-0.2718260296892402,-0.12051098470723336,0.47798798280413624,-95.87815934564944,0.23004121973463218,-85.89592320607454
30.100746393203735,3.6158539709836046,0.1809435099426742,0.0,-7.457373189734976e-07,-0.0007123542188387177,-4.787054614743036,-0.2718260296892402,-0.12051098470723336,0.47798798280413624,-95.87815934564944,0.23004121973463218,-85.89592320607454
30.150838375091553,3.7467900721082175,0.1874957761308786,0.0,-9.892331570709903e-07,-0.0006417833951740745,-5.029188369633842,-0.2718260296892402,-0.12051098470723336,0.47798798280413624,-95.87481711374616,0.24020957681598196,-85.8375944173465
30.200875997543335,3.7467900721082175,0.1874957761308786,0.0,-1.0542707218873837e-06,-0.0005759309659031166,-5.278430445393061,-0.2718260296892402,-0.12051098470723336,0.47798798280413624,-95.87481711374616,0.24020957681598196,-85.8375944173465
30.250715494155884,3.8777261732330675,0.19404804231910916,0.0,-9.402600084045956e-07,-0.0005163627347307044,-5.522964859543594,-0.2718260296892402,-0.12051098470723336,0.47798798280413624,-95.87481711374616,0.24020957681598196,-85.8375944173465
30.30085253715515,4.008662274357941,0.20060030850727728,0.0,-7.245527158226023e-07,-0.0004668545352727891,-5.765494480847227,-0.2721324041139272,-0.11979887722290766,0.47816969360482475,-95.88723931655062,0.31750921672320337,-85.40812921153056
30.3508243560791,4.008662274357941,0.20060030850727728,0.0,-7.123850972707894e-07,-0.0004220812170745316,-6.007761706028112,-0.2721324041139272,-0.11979887722290766,0.47816969360482475,-95.88723931655062,0.31750921672320337,-85.40812921153056
30.400821685791016,4.139598375482761,0.20715257469534615,0.0,-1.0876057606804481e-06,-0.00034501155017415384,-6.486032590444169,-0.2721324041139272,-0.11979887722290766,0.47816969360482475,-95.88723931655062,0.31750921672320337,-85.40812921153056
30.450777292251587,4.139598375482761,0.20715257469534615,0.0,-9.967181556387548e-07,-0.00031144735530014614,-6.710504445077682,-0.2721324041139272,-0.11979887722290766,0.47816969360482475,-95.88723931655062,0.31750921672320337,-85.40812921153056
30.500940561294556,4.2705344766075415,0.21370484088327968,0.0,-1.1370917903758708e-06,-0.0002789735775614405,-6.943481053296504,-0.2721324041139272,-0.11979887722290766,0.47816969360482475,-95.88723931655062,0.31750921672320337,-85.40812921153056
30.550886631011963,4.2705344766075415,0.21370484088327968,0.0,-1.1130497632927636e-06,-0.0002476699628495812,-7.197755897000383,-0.27335779889025813,-0.11869885052362737,0.47832449150598433,-95.87384707082114,0.3841791607929592,-84.9641578757921
30.601014852523804,4.401470577732392,0.22025710707124171,0.0,8.24564318732325e-07,-0.00021872519666249533,-7.46730013238471,-0.27335779889025813,-0.11869885052362737,0.47832449150598433,-95.87190197141312,0.3932380830013634,-84.90361329708993
30.65090775489807,4.401470577732392,0.22025710707124171,0.0,1.1712848655267753e-06,-0.0001973118843591722,-7.730843634800762,-0.27335779889025813,-0.11869885052362737,0.47832449150598433,-95.87190197141312,0.3932380830013634,-84.90361329708993
30.7009539604187,4.532406678857172,0.22680937325920267,0.0,8.825351385594814e-07,-0.0001784036799578368,-7.988900285197006,-0.27335779889025813,-0.11869885052362737,0.47832449150598433,-95.87190197141312,0.3932380830013634,-84.90361329708993
30.750704288482666,4.663342779981812,0.23336163944713473,0.0,4.77750374236478e-07,-0.0001613115341631047,-8.239216322988975,-0.27416033565900433,-0.11841902693877014,0.47838980466457304,-95.88168714447782,0.4705275669029043,-84.1305210279121
30.800743103027344,4.663342779981812,0.23336163944713473,0.0,9.93896485557822e-09,-0.00014586897643915502,-8.472438072587394,-0.27416033565900433,-0.11841902693877014,0.47838980466457304,-95.88168714447782,0.4705275669029043,-84.1305210279121
30.85069513320923,4.79427888110652,0.23991390563504408,0.0,-7.18510132661467e-07,-0.00011586073604759944,-8.932054195127403,-0.27416033565900433,-0.11841902693877014,0.47838980466457304,-95.88168714447782,0.4705275669029043,-84.1305210279121
30.901065826416016,4.79427888110652,0.23991390563504408,0.0,-9.161325792003292e-07,-9.990186872986893e-05,-9.168182317484819,-0.27416033565900433,-0.11841902693877014,0.47838980466457304,-95.88168714447782,0.4705275669029043,-84.1305210279121
30.95074152946472,4.925214982231436,0.2464661718229691,0.0,-8.722451037962335e-07,-8.684915454778964e-05,-9.397111528645627,-0.27416033565900433,-0.11841902693877014,0.47838980466457304,-95.88168714447782,0.4705275669029043,-84.1305210279121
31.000784873962402,4.925214982231436,0.2464661718229691,0.0,-6.907828906949572e-07,-7.841735694733546e-05,-9.624850868068233,-0.27460894627885823,-0.11743382261574174,0.4783873501000915,-95.90829979886274,0.5236716070249955,-83.55635533047288
31.050875663757324,5.056151083356363,0.2530184380108257,0.0,-7.07601627408585e-07,-7.079332690951816e-05,-9.852940279843967,-0.27460894627885823,-0.11743382261574174,0.4783873501000915,-95.91176234691395,0.5310038299766326,-83.4780632095899
31.10099768638611,5.056151083356363,0.2530184380108257,0.0,-8.678382514691114e-07,-6.391592582726514e-05,-10.079050130248659,-0.27460894627885823,-0.11743382261574174,0.4783873501000915,-95.91176234691395,0.5310038299766326,-83.4780632095899
31.15077257156372,5.187087184481192,0.25957070419857553,0.0,-1.106092323416454e-06,-5.7727840164833664e-05,-10.296202156619456,-0.27460894627885823,-0.11743382261574174,0.4783873501000915,-95.91176234691395,0.5310038299766326,-83.4780632095899
31.20102858543396,5.187087184481192,0.25957070419857553,0.0,-9.397529644737394e-07,-5.133083365621931e-05,-10.50247147666897,-0.2758007026887125,-0.11648353281050262,0.47844118313346706,-95.8932862870567,0.5707766390575725,-82.93177211294964
31.250727891921997,5.318023285606027,0.26612297038619614,0.0,-1.0773707198175967e-06,-4.332277459804357e-05,-10.720049840697458,-0.2758007026887125,-0.11648353281050262,0.47844118313346706,-95.88402013685082,0.5893172633988074,-82.67468383713387
31.30078935623169,5.318023285606027,0.26612297038619614,0.0,-1.0684039189467868e-06,-3.4234714234338554e-05,-10.957435321416211,-0.2758007026887125,-0.11648353281050262,0.47844118313346706,-95.88402013685082,0.5893172633988074,-82.67468383713387
31.350780248641968,5.448959386730957,0.2726752365738523,0.0,8.358875726752802e-07,-2.621815439661604e-05,-11.205849909064431,-0.2758007026887125,-0.11648353281050262,0.47844118313346706,-95.88402013685082,0.5893172633988074,-82.67468383713387
31.400596618652344,5.579895487855769,0.27922750276150426,0.0,7.322658075835407e-07,-2.367281104024125e-05,-11.448250316396795,-0.2758007026887125,-0.11648353281050262,0.47844118313346706,-95.88402013685082,0.5893172633988074,-82.67468383713387
31.4508855342865,5.579895487855769,0.27922750276150426,0.0,4.593011589559294e-07,-2.1371128738559597e-05,-11.685535090746809,-0.27651332957017283,-0.11663683722158676,0.4784698289816002,-95.8660314842402,0.639199045297239,-81.72041758867528
31.50114130973816,5.710831588980487,0.285779768949148,0.0,6.235604285794922e-08,-1.92946120556022e-05,-11.917925669464523,-0.27651332957017283,-0.11663683722158676,0.4784698289816002,-95.86334115260307,0.6459604158128492,-81.59028786919575
31.550682306289673,5.710831588980487,0.285779768949148,0.0,-7.276108603901725e-07,-1.485244439446997e-05,-12.370652599240051,-0.27651332957017283,-0.11663683722158676,0.4784698289816002,-95.86334115260307,0.6459604158128492,-81.59028786919575
31.600836992263794,5.841767690105277,0.2923320351367974,0.0,-9.349987546003157e-07,-1.0183617838914745e-05,-12.599223313716072,-0.27651332957017283,-0.11663683722158676,0.4784698289816002,-95.86334115260307,0.6459604158128492,-81.59028786919575
31.650811910629272,5.841767690105277,0.2923320351367974,0.0,-9.987854521661792e-07,-4.141368048611977e-06,-12.828275143138773,-0.27651332957017283,-0.11663683722158676,0.4784698289816002,-95.86334115260307,0.6459604158128492,-81.59028786919575
31.700838327407837,5.972703791230354,0.29888430132446236,0.0,0.0982653117940279,0.07443129850569556,-13.302164071765802,-0.27676442101671717,-0.11651485367671167,0.4784738567849276,-95.85227989854691,0.6906728041148094,-80.53444771303424
31.750852584838867,5.972703791230354,0.29888430132446236,0.0,0.2790003778912684,0.19304828947680364,-14.344590288792594,-0.27676442101671717,-0.11651485367671167,0.4784738567849276,-95.85227989854691,0.6906728041148094,-80.53444771303424
31.800874710083008,6.103639892355507,0.3054365675121562,0.0,0.39937824351343526,0.231888278272458,-15.369116749748851,-0.27676442101671717,-0.11651485367671167,0.4784738567849276,-95.85227989854691,0.6906728041148094,-80.53444771303424
31.850759983062744,6.103639892355507,0.3054365675121562,0.0,0.4551956770186362,0.20017901513918934,-16.37480486691785,-0.27676442101671717,-0.11651485367671167,0.4784738567849276,-95.85227989854691,0.6906728041148094,-80.53444771303424
31.900892972946167,6.234575993480743,0.31198883369991876,0.0,0.44377487431248536,0.10353974769995639,-17.361701519826973,-0.2723175687827382,-0.14551932821042457,0.47866225452716116,-95.80038513053141,1.331863790788509,-72.8734131654049
31.95089554786682,6.234575993480743,0.31198883369991876,0.0,0.3021342780868842,-0.004651011077883176,-18.31958190488647,-0.2723175687827382,-0.14551932821042457,0.47866225452716116,-95.80038513053141,1.331863790788509,-72.8734131654049
32.00087332725525,6.365512094606046,0.31854109988775187,0.0,0.032632291329692364,-0.016162492780997687,-19.255422403759287,-0.2723175687827382,-0.14551932821042457,0.47866225452716116,-95.79175428416974,1.419078089632764,-71.82862765693733
32.050631284713745,6.49644819573105,0.32509336607558537,0.0,-0.029068589681291113,-0.009843991570446214,-20.221622032274134,-0.2723175687827382,-0.14551932821042457,0.47866225452716116,-95.79175428416974,1.419078089632764,-71.82862765693733
32.10085105895996,6.49644819573105,0.32509336607558537,0.0,-0.028394599379107946,-0.0098432602580269,-21.180808634412713,-0.2723175687827382,-0.14551932821042457,0.47866225452716116,-95.79175428416974,1.419078089632764,-71.82862765693733
32.15119647979736,6.627384296855994,0.3316456322633258,0.0,-0.02687197500206859,-0.009841687300508847,-23.054738934201293,-0.2735184200314802,-0.1573979407924272,0.4801302487011019,-95.28163669700304,1.7174594479870215,-64.24606376722818
32.2008638381958,6.627384296855994,0.3316456322633258,0.0,-0.02603213147702699,-0.009840853238470516,-23.97215613321172,-0.2735184200314802,-0.1573979407924272,0.4801302487011019,-95.28163669700304,1.7174594479870215,-64.24606376722818
32.25103402137756,6.758320397981092,0.3381978984509893,0.0,0.09626004138190872,0.16390094407922992,-25.383045211084795,-0.2735184200314802,-0.1573979407924272,0.4801302487011019,-95.28163669700304,1.7174594479870215,-64.24606376722818
32.30082654953003,6.758320397981092,0.3381978984509893,0.0,0.18104302801571404,0.2686072736464072,-26.904108197289457,-0.2735184200314802,-0.1573979407924272,0.4801302487011019,-95.28163669700304,1.7174594479870215,-64.24606376722818
32.35065698623657,6.889256499106323,0.34475016463868463,0.0,0.21734525035868402,0.27888778210412934,-28.410138262951136,-0.276234253354459,-0.17204501719033377,0.47649066300263065,-95.26745181050838,2.3812825159066673,-57.66461934184543
32.40070819854736,6.889256499106323,0.34475016463868463,0.0,0.20044127754268357,0.2046837133292602,-29.899315402381642,-0.276234253354459,-0.17204501719033377,0.47649066300263065,-95.26745181050838,2.3812825159066673,-57.66461934184543
32.45089292526245,7.02019260023155,0.35130243082644047,0.0,0.1280844580143856,0.04981133984556629,-31.370281776814217,-0.276234253354459,-0.17204501719033377,0.47649066300263065,-95.26051075542125,2.473010319453314,-56.76708464784721
32.50059938430786,7.151128701356774,0.3578546970142371,0.0,-0.032137719835010604,-0.033422221466922815,-32.81813234558207,-0.276234253354459,-0.17204501719033377,0.47649066300263065,-95.26051075542125,2.473010319453314,-56.76708464784721
32.55093216896057,7.151128701356774,0.3578546970142371,0.0,-0.5244597666558768,-0.032626107396963096,-33.265355361404765,-0.276234253354459,-0.17204501719033377,0.47649066300263065,-95.26051075542125,2.473010319453314,-56.76708464784721
32.6006977558136,7.282064802481869,0.3644069632019499,0.0,-0.7255432468120776,-0.3977225817403947,-33.419848150735135,-0.28742338968990544,-0.16453128798638833,0.4754042528388086,-94.81015919866945,1.9467601261445646,-52.716383075871455
32.650718688964844,7.282064802481869,0.3644069632019499,0.0,-0.6206314615656514,-0.8081799815428095,-33.124559333482,-0.28742338968990544,-0.16453128798638833,0.4754042528388086,-94.81015919866945,1.9467601261445646,-52.716383075871455
32.700706243515015,7.413000903607252,0.3709592293896587,0.0,-0.4081428280824024,-1.1365139843177123,-32.859174447706756,-0.28742338968990544,-0.16453128798638833,0.4754042528388086,-94.81015919866945,1.9467601261445646,-52.716383075871455
32.75070929527283,7.413000903607252,0.3709592293896587,0.0,0.0064712987503574735,-1.828101885426103,-32.566530233594364,-0.28742338968990544,-0.16453128798638833,0.4754042528388086,-94.81015919866945,1.9467601261445646,-52.716383075871455
32.80106592178345,7.439188123839352,0.37226968262759164,0.0,0.005667009451479047,-2.2953981662244702,-32.08246668049341,-0.29843227914399595,-0.12505201196467866,0.4888977676157905,-93.31023255656287,1.42111273563809,-59.403012696349606
32.850921630859375,7.43918812384009,0.37226968262770205,0.0,0.004958560347139603,-2.6887926258022814,-31.56601851498174,-0.29843227914399595,-0.12505201196467866,0.4888977676157905,-93.09228180933363,1.3688891648471841,-59.48392072428442
32.90089249610901,7.43918812384009,0.37226968262770205,0.0,0.003801350504526642,-3.2743454663004576,-30.445327740478653,-0.29843227914399595,-0.12505201196467866,0.4888977676157905,-93.09228180933363,1.3688891648471841,-59.48392072428442
32.950648069381714,7.439188123840813,0.3722696826278674,0.0,0.003339810429193262,-3.4738851893088816,-29.84495673181115,-0.29843227914399595,-0.12505201196467866,0.4888977676157905,-93.09228180933363,1.3688891648471841,-59.48392072428442
33.00087761878967,7.439188123840813,0.3722696826278674,0.0,0.0029485044681687804,-3.6149142969960044,-29.219823871113256,-0.29843227914399595,-0.12505201196467866,0.4888977676157905,-93.09228180933363,1.3688891648471841,-59.48392072428442
33.05071043968201,7.439188123841522,0.3722696826280869,0.0,0.002622162032073159,-3.699440736775103,-28.57096386581641,-0.3180340951838297,-0.10146335359498648,0.4865383577691802,-92.30383104130495,1.023394461825357,-54.199903978570454
33.100714921951294,7.439188123841522,0.3722696826280869,0.0,0.00235599014542291,-3.729026230180406,-27.89914020298795,-0.3180340951838297,-0.10146335359498648,0.4865383577691802,-92.30383104130495,1.023394461825357,-54.199903978570454
33.150856733322144,7.439188123842207,0.3722696826283584,0.0,0.0021456645892930434,-3.7048714845122523,-27.204882929707864,-0.3180340951838297,-0.10146335359498648,0.4865383577691802,-92.30383104130495,1.023394461825357,-54.199903978570454
33.20092177391052,7.439188123842207,0.3722696826283584,0.0,0.0019873131772192056,-3.6278838557507735,-26.4885224804001,-0.3180340951838297,-0.10146335359498648,0.4865383577691802,-92.30383104130495,1.023394461825357,-54.199903978570454
33.25088930130005,7.439188123842976,0.3722696826287321,0.0,1.140473245392558,-2.9305194414111764,-26.59116031708269,-0.3499458297531646,-0.07708998672866654,0.467076564589895,-95.18763165021876,2.272934464804504,-46.25639820079602
33.30095052719116,7.439188123843504,0.3722696826290401,0.0,2.821986079217551,-2.0827011752385722,-26.720431389555127,-0.3499458297531646,-0.07708998672866654,0.467076564589895,-95.5735783106162,2.457034638269819,-45.17724819185678
33.3507354259491,7.439188123843504,0.3722696826290401,0.0,3.466621333630382,-1.7796169037975966,-26.74865489896008,-0.3499458297531646,-0.07708998672866654,0.467076564589895,-95.5735783106162,2.457034638269819,-45.17724819185678
33.400726079940796,7.439188123843917,0.37226968262932447,0.0,4.020078195955093,-1.5015847311025996,-26.75037015666691,-0.3499458297531646,-0.07708998672866654,0.467076564589895,-95.5735783106162,2.457034638269819,-45.17724819185678
33.45088028907776,7.439188123843917,0.37226968262932447,0.0,4.499323746767079,-1.225436927647515,-26.723882103361046,-0.3499458297531646,-0.07708998672866654,0.467076564589895,-95.5735783106162,2.457034638269819,-45.17724819185678
33.50097608566284,7.439188123844256,0.37226968262959814,0.0,4.915654859866142,-0.935986339753792,-26.667956311118605,-0.3662646223582604,-0.06833622063544625,0.44948286969386353,-102.51279951207663,3.650348826758782,-34.89143188987379
33.5513801574707,7.439188123844256,0.37226968262959814,0.0,5.2766104257279745,-0.6231654685159593,-26.58166726881825,-0.3662646223582604,-0.06833622063544625,0.44948286969386353,-102.51279951207663,3.650348826758782,-34.89143188987379
33.60090732574463,7.4391881238445405,0.37226968262986637,0.0,5.587091274935939,-0.28034604467653645,-26.464234319369854,-0.3662646223582604,-0.06833622063544625,0.44948286969386353,-102.51279951207663,3.650348826758782,-34.89143188987379
33.65074801445007,7.474194558071611,0.4113145379279812,0.0,5.802224782138035,0.06442894864493853,-26.311207880256678,-0.3662646223582604,-0.06833622063544625,0.44948286969386353,-102.51279951207663,3.650348826758782,-34.89143188987379
33.70111012458801,7.474194558071611,0.4113145379279812,0.0,4.968633334711796,1.6005588888907747,-25.76190429878935,-0.3759352880739454,-0.08321172721027358,0.4435378337760777,-104.42577364922035,3.0904660292916724,-25.3966050368237
33.75111436843872,7.561710643649723,0.5089266761851275,0.0,4.480225801335783,2.1901238302455237,-25.52828581706315,-0.3759352880739454,-0.08321172721027358,0.4435378337760777,-104.68890650069199,3.0095378326050284,-25.164590308416653
33.800981283187866,7.561710643649723,0.5089266761851275,0.0,3.934220847213801,2.686631339636758,-25.3090870916652,-0.3759352880739454,-0.08321172721027358,0.4435378337760777,-104.68890650069199,3.0095378326050284,-25.164590308416653
33.850727558135986,7.649226729227775,0.6065388144423519,0.0,3.3288906599056105,3.1317834035880003,-25.08129270642095,-0.3759352880739454,-0.08321172721027358,0.4435378337760777,-104.68890650069199,3.0095378326050284,-25.164590308416653
33.90092420578003,7.649226729227775,0.6065388144423519,0.0,2.662191663862188,3.5477452901148467,-24.83703304508293,-0.36464495086593857,-0.11172914167274665,0.4517644867936571,-105.01635985883213,2.3556826036926135,-22.435195991178865
33.95079946517944,7.736742814805683,0.704150952699557,0.0,2.0628045656411054,3.6714011258935524,-24.168184132126388,-0.36464495086593857,-0.11172914167274665,0.4517644867936571,-105.17145630539707,2.0469304123674306,-21.147911744278094
34.00057911872864,7.824258900383444,0.8017630909568443,0.0,0.8486642516221709,3.6905744010948447,-22.431278134842195,-0.36464495086593857,-0.11172914167274665,0.4517644867936571,-105.17145630539707,2.0469304123674306,-21.147911744278094
34.050999879837036,7.824258900383444,0.8017630909568443,0.0,0.18204664340000262,3.6965263785167926,-21.54392640232405,-0.36464495086593857,-0.11172914167274665,0.4517644867936571,-105.17145630539707,2.0469304123674306,-21.147911744278094
34.10082674026489,7.911774985960968,0.8993752292141518,0.0,-0.1482573246404255,3.3929693730055046,-20.676970936034383,-0.36464495086593857,-0.11172914167274665,0.4517644867936571,-105.17145630539707,2.0469304123674306,-21.147911744278094
34.15100359916687,7.911774985960968,0.8993752292141518,0.0,-0.0798879347480003,2.746652919079625,-19.840725842277774,-0.3346196937363772,-0.11370809718069068,0.48637630310947333,-102.27161485695763,1.8589604141835299,-20.86083819215694
34.200913190841675,7.999291071538698,0.9969873674716855,0.0,0.0053314504960046165,2.026999180846917,-19.003526513444903,-0.3346196937363772,-0.11370809718069068,0.48637630310947333,-101.87868636211515,1.8286170549852736,-20.817584041855383
34.25099539756775,7.999291071538698,0.9969873674716855,0.0,0.004245616481511227,1.2014000265299503,-18.169624095539145,-0.3346196937363772,-0.11370809718069068,0.48637630310947333,-101.87868636211515,1.8286170549852736,-20.817584041855383
34.30073356628418,8.086807157116297,1.094599505729018,0.0,0.0032289540541527344,0.30821528469413634,-17.34833975542238,-0.3346196937363772,-0.11370809718069068,0.48637630310947333,-101.87868636211515,1.8286170549852736,-20.817584041855383
34.35093021392822,8.17432324269398,1.1922116439864388,0.0,0.171110616988546,-0.05891183691507594,-16.891242751257334,-0.30250618210603814,-0.11093410799192077,0.5111101905688189,-94.18115054696894,2.099342024385274,-22.39887451767673
34.40082001686096,8.17432324269398,1.1922116439864388,0.0,0.6971240320991264,-0.05692357534357989,-16.877316977468503,-0.30250618210603814,-0.11093410799192077,0.5111101905688189,-94.18115054696894,2.099342024385274,-22.39887451767673
34.45109295845032,8.261839328271385,1.289823782243506,0.0,0.8616307656567878,-0.05610132528981069,-16.981689169594766,-0.30250618210603814,-0.11093410799192077,0.5111101905688189,-94.18115054696894,2.099342024385274,-22.39887451767673
34.5008442401886,8.261839328271385,1.289823782243506,0.0,0.9615801034770651,-0.05524965024796522,-17.152499270408168,-0.30250618210603814,-0.11093410799192077,0.5111101905688189,-94.18115054696894,2.099342024385274,-22.39887451767673
34.55081534385681,8.349355413848793,1.3874359205005637,0.0,0.9973469287088725,-0.05437920257689106,-17.383151826347017,-0.3043595465860938,-0.13404975933725682,0.4866618486853115,-93.3146898443642,2.7252338848394833,-17.239099147778944
34.600730419158936,8.349355413848793,1.3874359205005637,0.0,0.9087500649036623,0.29481946440372403,-17.60267581368006,-0.3043595465860938,-0.13404975933725682,0.4866618486853115,-93.3146898443642,2.7252338848394833,-17.239099147778944
34.65077495574951,8.436871499426323,1.48504805875754,0.0,0.7735415382088875,0.6710152560749157,-17.869906314354946,-0.3043595465860938,-0.13404975933725682,0.4866618486853115,-93.1981110372943,2.8071662970782754,-16.533595921744762
34.700727462768555,8.524387585003955,1.5826601970141485,0.0,0.597675381584042,1.050059526070199,-18.192268734638414,-0.3043595465860938,-0.13404975933725682,0.4866618486853115,-93.1981110372943,2.8071662970782754,-16.533595921744762
34.75085258483887,8.524387585003955,1.5826601970141485,0.0,0.1163129060859938,1.8422275861388548,-18.98914343830086,-0.3043595465860938,-0.13404975933725682,0.4866618486853115,-93.1981110372943,2.8071662970782754,-16.533595921744762
34.800917625427246,8.611903670581823,1.6802723352705475,0.0,-0.02433023876816583,2.0928848649013023,-19.397413625483345,-0.30981613243981676,-0.15187796720197141,0.4657102067905958,-94.40972071909158,2.6581992560997394,-10.898760037327797
34.85074520111084,8.611903670581823,1.6802723352705475,0.0,0.005582748513513803,2.195264054945435,-19.720256832503452,-0.30981613243981676,-0.15187796720197141,0.4657102067905958,-94.40972071909158,2.6581992560997394,-10.898760037327797
34.90085768699646,8.69941975615999,1.7778844735267636,0.0,0.0022719118960891197,2.261111076080763,-20.060202256827427,-0.30981613243981676,-0.15187796720197141,0.4657102067905958,-94.40972071909158,2.6581992560997394,-10.898760037327797
34.95095205307007,8.69941975615999,1.7778844735267636,0.0,0.0020442823981172715,2.296055890307142,-20.39963245366993,-0.30981613243981676,-0.15187796720197141,0.4657102067905958,-94.40972071909158,2.6581992560997394,-10.898760037327797
35.00100922584534,8.78693584173826,1.875496611782493,0.0,0.0018481982127823177,2.2984523758890694,-20.73573155860153,-0.2931083642101342,-0.14623426031035133,0.47226781392801087,-94.41300795910195,2.3833399094757937,-10.743067204047028
35.050806760787964,8.874451927316962,1.973108750038157,0.0,0.001682503557001313,2.260736255249227,-21.067643143286872,-0.2931083642101342,-0.14623426031035133,0.47226781392801087,-94.41302365178429,2.34602435331373,-10.721832432668894
35.1005585193634,8.874451927316962,1.973108750038157,0.0,0.010738037733168527,2.0364013430601298,-21.68722871849448,-0.2931083642101342,-0.14623426031035133,0.47226781392801087,-94.41302365178429,2.34602435331373,-10.721832432668894
35.150733947753906,8.961968012895806,2.070720888293646,0.0,0.011279064121950932,1.8707299417429903,-21.859115883250183,-0.2931083642101342,-0.14623426031035133,0.47226781392801087,-94.41302365178429,2.34602435331373,-10.721832432668894
35.20081686973572,8.961968012895806,2.070720888293646,0.0,-0.0021872544633826305,1.6594567717369377,-22.012011072192657,-0.2931083642101342,-0.14623426031035133,0.47226781392801087,-94.41302365178429,2.34602435331373,-10.721832432668894
35.25109529495239,9.049484098474856,2.1683330265492082,0.0,-0.0019472053895627961,1.3452202006325797,-22.130813071937407,-0.2759397411791645,-0.14025894101226577,0.483534741498585,-94.18637328287987,1.5945033908421358,-12.587432296883607
35.30082106590271,9.049484098474856,2.1683330265492082,0.0,-0.001726845117105312,0.9417183000150285,-22.22964933541816,-0.2759397411791645,-0.14025894101226577,0.483534741498585,-94.18637328287987,1.5945033908421358,-12.587432296883607
35.351019620895386,9.137000184054154,2.2659451648048727,0.0,-0.001526613375568038,0.4519694324328821,-22.31079233436541,-0.2759397411791645,-0.14025894101226577,0.483534741498585,-94.18637328287987,1.5945033908421358,-12.587432296883607
35.400904417037964,9.22451626963357,2.363557303060597,0.0,-0.0013527543286287497,-0.000939281737591624,-22.378045174052552,-0.2759397411791645,-0.14025894101226577,0.483534741498585,-94.18637328287987,1.5945033908421358,-12.587432296883607
35.450841426849365,9.22451626963357,2.363557303060597,0.0,-0.0012217869723453749,-0.0008494044365993718,-22.452808342017228,-0.2667338145142415,-0.13298029151476026,0.49010367951838574,-93.61095718524658,1.0823101385530194,-14.575746940022006
35.50088572502136,9.312032355212953,2.461169441316193,0.0,-0.0010006191512517632,-0.0006944371351669249,-22.626085999389318,-0.2667338145142415,-0.13298029151476026,0.49010367951838574,-93.53181554928939,1.0134720787067761,-14.84737864882131
35.55082845687866,9.312032355212953,2.461169441316193,0.0,-0.0009056651980830855,-0.0006278390639218072,-22.702351779587016,-0.2667338145142415,-0.13298029151476026,0.49010367951838574,-93.53181554928939,1.0134720787067761,-14.84737864882131
35.60084891319275,9.399548440792419,2.558781579571734,0.0,-0.000819327782599861,-0.0005676070536360994,-22.769410261610602,-0.2667338145142415,-0.13298029151476026,0.49010367951838574,-93.53181554928939,1.0134720787067761,-14.84737864882131
35.65064835548401,9.399548440792419,2.558781579571734,0.0,-0.0007407193526746777,-0.0005131329123736339,-22.82694191735831,-0.27435763184301126,-0.12652866664403975,0.4796266152414196,-93.9092670320367,1.0619753946820798,-15.746192792705784
35.700738191604614,9.48706452637196,2.6563937178272155,0.0,-0.0006691188392591674,-0.0004638664856468203,-22.87472284004311,-0.27435763184301126,-0.12652866664403975,0.4796266152414196,-94.08703821575713,1.0845758422410794,-16.168848914554093
35.7508659362793,9.48706452637196,2.6563937178272155,0.0,-0.0006039529970529656,-0.0004193101333411026,-22.912603963223376,-0.27435763184301126,-0.12652866664403975,0.4796266152414196,-94.08703821575713,1.0845758422410794,-16.168848914554093
35.80089712142944,9.57458061195154,2.754005856082613,0.0,-0.0005449726280234978,-0.00037910005205443,-22.945645681238844,-0.27435763184301126,-0.12652866664403975,0.4796266152414196,-94.08703821575713,1.0845758422410794,-16.168848914554093
35.851016998291016,9.66209669753105,2.8516179943378925,0.0,-0.0004480614926835006,-0.00030999022732342094,-23.025342785971098,-0.27435763184301126,-0.12652866664403975,0.4796266152414196,-94.08703821575713,1.0845758422410794,-16.168848914554093
35.90074014663696,9.66209669753105,2.8516179943378925,0.0,-0.00040650232005556386,-0.0002803098829212849,-23.082888971098626,-0.277713541917191,-0.12173890255550295,0.4757961816773366,-94.48427781450943,0.9087137561716089,-17.612070534965994
35.950793743133545,9.749612783110566,2.949230132593177,0.0,-0.00036820316076981304,-0.0002534664304750186,-23.154120624423335,-0.277713541917191,-0.12173890255550295,0.4757961816773366,-94.5388698322383,0.8838952468144028,-17.80856209919311
36.000908851623535,9.749612783110566,2.949230132593177,0.0,-0.00033276569023907055,-0.0002291888810036275,-23.238161809027837,-0.277713541917191,-0.12173890255550295,0.4757961816773366,-94.5388698322383,0.8838952468144028,-17.80856209919311
36.050698041915894,9.83712886869008,3.0468422708484604,0.0,-0.00029995410073618985,-0.00020723211238742446,-23.33428783783299,-0.277713541917191,-0.12173890255550295,0.4757961816773366,-94.5388698322383,0.8838952468144028,-17.80856209919311
36.10073947906494,9.83712886869008,3.0468422708484604,0.0,-0.0002696736862105209,-0.00018737440915637843,-23.44189605654446,-0.27743667494440544,-0.12032823474013879,0.47497904056909734,-94.73997131583963,0.717216185725219,-18.503281539238333
36.150752782821655,9.92464495426961,3.1444544091037616,0.0,-0.00019066684361940194,-0.07945888987907393,-23.687262011295203,-0.27743667494440544,-0.12032823474013879,0.47497904056909734,-94.83520189731995,0.6372965948747277,-18.829676666470835
36.20070719718933,10.012161039849243,3.242066547359043,0.0,0.0001450330907493835,-0.5900267105473278,-25.19929458640444,-0.27743667494440544,-0.12032823474013879,0.47497904056909734,-94.83520189731995,0.6372965948747277,-18.829676666470835
36.25097727775574,10.012161039849243,3.242066547359043,0.0,-0.18194132096018226,-0.588557065661829,-25.797907824658743,-0.27743667494440544,-0.12032823474013879,0.47497904056909734,-94.83520189731995,0.6372965948747277,-18.829676666470835
36.3008189201355,10.099677125429151,3.3396786856145306,0.0,-1.0611520804003316,-0.28269693532356904,-25.76611093170953,-0.27743667494440544,-0.12032823474013879,0.47497904056909734,-94.83520189731995,0.6372965948747277,-18.829676666470835
36.350794315338135,10.099677125429151,3.3396786856145306,0.0,-1.8572332672260399,0.04325180479881116,-25.74945215564674,-0.28258225007167426,-0.1286366459077502,0.4653061372679156,-95.3064680243447,-0.19125896740962758,-15.278771093561373
36.4009051322937,10.187193211008811,3.4372908238698296,0.0,-2.4879859237522615,0.12593387308733406,-25.689041588242475,-0.28258225007167426,-0.1286366459077502,0.4653061372679156,-95.36769990038056,-0.3006809642322343,-14.793402809568901
36.450883626937866,10.27470929658845,3.5349029621252344,0.0,-3.114161949917474,0.1484613240205808,-25.620878964486685,-0.28258225007167426,-0.1286366459077502,0.4653061372679156,-95.36769990038056,-0.3006809642322343,-14.793402809568901
36.500752449035645,10.27470929658845,3.5349029621252344,0.0,-4.342526311772335,0.04586872371877799,-25.44562776639774,-0.28258225007167426,-0.1286366459077502,0.4653061372679156,-95.36769990038056,-0.3006809642322343,-14.793402809568901
36.55079197883606,10.362225382168068,3.6325151003807092,0.0,-4.890256946175885,0.0039541865974133785,-25.349861647985925,-0.29310701338507283,-0.12129715874176993,0.45922160008612156,-96.15738083365729,-1.199111765455318,-12.917697687823885
36.600682497024536,10.362225382168068,3.6325151003807092,0.0,-5.37165466178815,0.0036145200211184754,-25.248296886563118,-0.29310701338507283,-0.12129715874176993,0.45922160008612156,-96.15738083365729,-1.199111765455318,-12.917697687823885
36.650914669036865,10.449741467747591,3.730127238636079,0.0,-5.819077474798811,0.0033081605391093298,-25.13671500174593,-0.29310701338507283,-0.12129715874176993,0.45922160008612156,-96.15738083365729,-1.199111765455318,-12.917697687823885
36.70093035697937,10.449741467747591,3.730127238636079,0.0,-6.2331401862993046,0.0030856882246873534,-25.019087127478628,-0.29310701338507283,-0.12129715874176993,0.45922160008612156,-96.15738083365729,-1.199111765455318,-12.917697687823885
36.75081944465637,10.537257553327137,3.827739376891419,0.0,-6.613543757292926,0.002970182650560744,-24.899423697507366,-0.2973624576648737,-0.11057708899760905,0.46637835212573675,-96.1228218727176,-1.5002332047540419,-14.310076018675444
36.80072641372681,10.537257553327137,3.827739376891419,0.0,-6.958966203276741,0.002951195008956525,-24.780866986156347,-0.2973624576648737,-0.11057708899760905,0.46637835212573675,-96.1228218727176,-1.5002332047540419,-14.310076018675444
36.850791215896606,10.62477363890671,3.9253515151467377,0.0,-7.266524790404335,0.0030631460934455535,-24.667165581096967,-0.2973624576648737,-0.11057708899760905,0.46637835212573675,-96.11807292376876,-1.5413188508737385,-14.499979124708815
36.90092420578003,10.712289724486334,4.022963653402058,0.0,-7.534925321404627,0.00357017210797008,-24.560911620661013,-0.2973624576648737,-0.11057708899760905,0.46637835212573675,-96.11807292376876,-1.5413188508737385,-14.499979124708815
36.95102643966675,10.712289724486334,4.022963653402058,0.0,-7.712597128368026,-0.39098672681186825,-24.433161139990492,-0.2973624576648737,-0.11057708899760905,0.46637835212573675,-96.11807292376876,-1.5413188508737385,-14.499979124708815
37.00082445144653,10.799805810065868,4.120575791657215,0.0,-7.560690210472802,-0.91976955649343,-24.447907183622796,-0.29343633033478633,-0.10160458161353156,0.47730565300853345,-95.46906848926746,-2.0393235399672944,-17.63797601187912
37.0507071018219,10.799805810065868,4.120575791657215,0.0,-7.406614255126356,-1.4133984653416136,-24.491592259128577,-0.29343633033478633,-0.10160458161353156,0.47730565300853345,-95.46906848926746,-2.0393235399672944,-17.63797601187912
37.10091972351074,10.887321895645545,4.2181879299125455,0.0,-7.247376507168589,-1.878300565198952,-24.561131685489496,-0.29343633033478633,-0.10160458161353156,0.47730565300853345,-95.46906848926746,-2.0393235399672944,-17.63797601187912
37.15089392662048,10.887321895645545,4.2181879299125455,0.0,-7.080376839126158,-2.319106422183161,-24.65487888743086,-0.29343633033478633,-0.10160458161353156,0.47730565300853345,-95.46906848926746,-2.0393235399672944,-17.63797601187912
37.201011657714844,10.974837981225187,4.315800068167842,0.0,-6.902891567361194,-2.737431935307225,-24.773177100463798,-0.2873251235957293,-0.09987427763631375,0.4884789037991839,-94.2956996211498,-2.4920066363788433,-19.402813210261037
37.25084590911865,11.062354066804835,4.413412206423138,0.0,-6.711839784856193,-3.1367455597243086,-24.914809622865672,-0.2873251235957293,-0.09987427763631375,0.4884789037991839,-94.13174311155625,-2.548612716032912,-19.643729867901488
37.30084562301636,11.062354066804835,4.413412206423138,0.0,-6.502686168166819,-3.5174755296419864,-25.081034816654743,-0.2873251235957293,-0.09987427763631375,0.4884789037991839,-94.13174311155625,-2.548612716032912,-19.643729867901488
37.350762605667114,11.149870152384493,4.511024344678446,0.0,-6.0176208277374705,-4.229084310277913,-25.482686082998796,-0.2873251235957293,-0.09987427763631375,0.4884789037991839,-94.13174311155625,-2.548612716032912,-19.643729867901488
37.40086126327515,11.149870152384493,4.511024344678446,0.0,-5.731557914050642,-4.558427450589156,-25.718908296065063,-0.2873251235957293,-0.09987427763631375,0.4884789037991839,-94.13174311155625,-2.548612716032912,-19.643729867901488
37.4510064125061,11.237386237964161,4.608636482933752,0.0,-5.411026387118999,-4.869382308220647,-25.977442306860585,-0.2884464121923763,-0.10304974451849441,0.49619292083403843,-93.59120058308929,-3.0700130984792913,-19.59100610416604
37.500792264938354,11.237386237964161,4.608636482933752,0.0,-5.060452974018758,-5.166401902007283,-26.251425542221945,-0.2884464121923763,-0.10304974451849441,0.49619292083403843,-93.59120058308929,-3.0700130984792913,-19.59100610416604
37.55078125,11.324902323543899,4.706248621189126,0.0,-4.674356759908339,-5.446611933981544,-26.54047952352582,-0.2884464121923763,-0.10304974451849441,0.49619292083403843,-93.59120058308929,-3.0700130984792913,-19.59100610416604
37.60077881813049,11.412418409123703,4.80386075944452,0.0,-4.251658698936972,-5.7104201176078035,-26.839750731569584,-0.2884464121923763,-0.10304974451849441,0.49619292083403843,-93.59120058308929,-3.0700130984792913,-19.59100610416604
37.65060591697693,11.412418409123703,4.80386075944452,0.0,-3.2922953229892786,-6.192921971155544,-27.459504818909416,-0.29062175742512675,-0.10509892955003082,0.5045736066064926,-93.14709972883948,-3.285305016184273,-19.253095456501967
37.70078468322754,11.499934494703673,4.901472897700044,0.0,-2.7715072366748665,-6.422220740643238,-27.76788455037874,-0.29062175742512675,-0.10509892955003082,0.5045736066064926,-93.08641884182882,-3.3144878696135285,-19.207105850599874
37.75071477890015,11.499934494703673,4.901472897700044,0.0,-1.8286387457012694,-6.336425801383386,-28.15466374259924,-0.29062175742512675,-0.10509892955003082,0.5045736066064926,-93.08641884182882,-3.3144878696135285,-19.207105850599874
37.80097532272339,11.587450580283802,4.999085035955666,0.0,-0.7960368074679842,-6.188976613834339,-28.545230446170084,-0.29062175742512675,-0.10509892955003082,0.5045736066064926,-93.08641884182882,-3.3144878696135285,-19.207105850599874
37.85126328468323,11.587450580283802,4.999085035955666,0.0,0.09232603806664308,-5.864814182175734,-28.88600764893734,-0.3084352578349748,-0.09675466115512127,0.502642662542065,-93.14726248157025,-2.605103005468641,-19.219282255820364
37.90071225166321,11.67496666586399,5.096697174211232,0.0,0.09207725200028906,-5.000752223916935,-29.032689621919094,-0.3084352578349748,-0.09675466115512127,0.502642662542065,-93.17505114808759,-2.270436522107445,-19.22557404642817
37.95072317123413,11.67496666586399,5.096697174211232,0.0,0.09181497301984122,-4.043955403358562,-29.194191492408212,-0.3084352578349748,-0.09675466115512127,0.502642662542065,-93.17505114808759,-2.270436522107445,-19.22557404642817
38.00113558769226,11.762482751444042,5.194309312466632,0.0,0.10494936384989631,-3.057879075181842,-29.19617509401743,-0.3084352578349748,-0.09675466115512127,0.502642662542065,-93.17505114808759,-2.270436522107445,-19.22557404642817
38.050708532333374,11.849998837024089,5.291921450722049,0.0,0.1023255704848802,-0.8207354956907058,-29.23336409556533,-0.3084352578349748,-0.09675466115512127,0.502642662542065,-93.17505114808759,-2.270436522107445,-19.22557404642817
38.10061717033386,11.849998837024089,5.291921450722049,0.0,-0.0836456874119559,0.09961838658152969,-29.24662240858996,-0.33690989890814327,-0.10966522654618886,0.46321734811376447,-96.7116522985409,-2.335446074450103,-14.350146070009481
38.15082859992981,11.93751492260394,5.389533588977233,0.0,-0.11937305982153587,0.228484386513072,-29.260908945402065,-0.33690989890814327,-0.10966522654618886,0.46321734811376447,-97.17880837298448,-2.3228678743431095,-13.673857364094163
38.20113754272461,11.93751492260394,5.389533588977233,0.0,-0.05787879355773521,0.2988196370369439,-29.257122494699765,-0.33690989890814327,-0.10966522654618886,0.46321734811376447,-97.17880837298448,-2.3228678743431095,-13.673857364094163
38.25088930130005,12.02503100818402,5.487145727232577,0.0,-0.05545770215514469,0.24769265286382358,-29.235323146015276,-0.33690989890814327,-0.10966522654618886,0.46321734811376447,-97.17880837298448,-2.3228678743431095,-13.673857364094163
38.30068850517273,12.112547093764068,5.584757865487876,0.0,-0.05422698670772435,0.10764142746226617,-29.207247938544022,-0.3046626218539892,-0.11798393020505156,0.47212303267261146,-95.51063976781144,-3.6656758964670373,-13.172209171806388
38.350733280181885,12.112547093764068,5.584757865487876,0.0,-0.32395880812653294,-0.286645049275325,-28.48347909997976,-0.3046626218539892,-0.11798393020505156,0.47212303267261146,-95.51063976781144,-3.6656758964670373,-13.172209171806388
38.40072464942932,12.200063179343934,5.682370003743034,0.0,-0.6420889609124417,-0.505601249599699,-27.75412754448453,-0.3046626218539892,-0.11798393020505156,0.47212303267261146,-95.51063976781144,-3.6656758964670373,-13.172209171806388
38.45105600357056,12.200063179343934,5.682370003743034,0.0,-0.9532827765729331,-0.6624395876427805,-26.999441482966223,-0.3046626218539892,-0.11798393020505156,0.47212303267261146,-95.51063976781144,-3.6656758964670373,-13.172209171806388
38.50070381164551,12.287579264923751,5.779982141998301,0.0,-1.1915754707029924,-0.8914908124658713,-26.232811772201032,-0.29219622088650143,-0.10941966926970573,0.4748509988254862,-93.4527846959748,-4.510221573646421,-14.260187455017032
38.550848960876465,12.287579264923751,5.779982141998301,0.0,-1.1224191254400622,-1.5637939700134942,-25.50966962826861,-0.29219622088650143,-0.10941966926970573,0.4748509988254862,-93.4527846959748,-4.510221573646421,-14.260187455017032
38.60099673271179,12.287579264928091,5.779982142003186,0.0,-0.9784875960430388,-2.139081875742036,-24.81087417579975,-0.29219622088650143,-0.10941966926970573,0.4748509988254862,-93.17713379132708,-4.632080562685049,-13.103094282386332
38.65072464942932,12.287579264928144,5.779982142003262,0.0,-0.752203665507034,-2.629428947652833,-24.139257509208388,-0.29219622088650143,-0.10941966926970573,0.4748509988254862,-93.17713379132708,-4.632080562685049,-13.103094282386332
38.700785636901855,12.287579264928144,5.779982142003262,0.0,-0.43895018161854127,-3.0441986666979886,-23.497330641634065,-0.29219622088650143,-0.10941966926970573,0.4748509988254862,-93.17713379132708,-4.632080562685049,-13.103094282386332
38.75084114074707,12.287579264928308,5.779982142003536,0.0,0.008333356578722471,-3.4496747965029506,-22.193781550885,-0.2869233368979272,-0.09460462790615681,0.48997081378511076,-90.8020342324859,-3.4889069342970274,-6.115331906927075
38.80083417892456,12.287579264928308,5.779982142003536,0.0,0.007564183868175818,-3.4067299318950894,-21.458739550271304,-0.2869233368979272,-0.09460462790615681,0.48997081378511076,-90.8020342324859,-3.4889069342970274,-6.115331906927075
38.85075759887695,12.287579264928524,5.779982142003965,0.0,0.006916834952222863,-3.289042264059551,-20.692535356132613,-0.2869233368979272,-0.09460462790615681,0.48997081378511076,-90.8020342324859,-3.4889069342970274,-6.115331906927075
38.901132106781006,12.287579264928524,5.779982142003965,0.0,0.006381380017030148,-3.099460102225459,-19.897534297351577,-0.2869233368979272,-0.09460462790615681,0.48997081378511076,-90.8020342324859,-3.4889069342970274,-6.115331906927075
38.950849294662476,12.287579264928707,5.779982142004411,0.0,0.005948803744303166,-2.840195537997087,-19.075228117653094,-0.3106221585512502,-0.09133008159724064,0.48090112623452363,-91.18075076723399,-2.787137701318278,3.4306464215236563
39.000752449035645,12.287579264928853,5.779982142004869,0.0,0.005611103256231802,-2.5129251316332337,-18.22635529851336,-0.3106221585512502,-0.09133008159724064,0.48090112623452363,-91.23287995636606,-2.6921343248430887,4.731826188070666
39.0508553981781,12.287579264928853,5.779982142004869,0.0,0.005193689791768176,-1.6591505358498841,-16.448040991388815,-0.3106221585512502,-0.09133008159724064,0.48090112623452363,-91.23287995636606,-2.6921343248430887,4.731826188070666
39.1008722782135,12.28757926492899,5.779982142005443,0.0,0.005104629298691657,-1.1432881564767936,-15.497407740258643,-0.3106221585512502,-0.09133008159724064,0.48090112623452363,-91.23287995636606,-2.6921343248430887,4.731826188070666
39.15071892738342,12.28757926492899,5.779982142005443,0.0,0.0033689847791962637,-0.5693730730593645,-14.518290561704468,-0.3106221585512502,-0.09133008159724064,0.48090112623452363,-91.23287995636606,-2.6921343248430887,4.731826188070666
39.200907468795776,12.287579264929077,5.779982142005996,0.0,-0.027310872978741456,0.031364836259726386,-13.510159349769365,-0.33494155394498054,-0.08734791044504686,0.4710100035932333,-92.45655116114297,-1.8471533009594265,14.459133327037765
39.2508339881897,12.287579264929077,5.779982142005996,0.0,-0.050049767182662845,0.09770345766904853,-12.522350465489026,-0.33494155394498054,-0.08734791044504686,0.4710100035932333,-92.45655116114297,-1.8471533009594265,14.459133327037765
39.30071401596069,12.290336077911284,5.819215386977068,0.0,0.02421335442447653,0.35691513400852065,-11.571829971269308,-0.33494155394498054,-0.08734791044504686,0.4710100035932333,-92.45655116114297,-1.8471533009594265,14.459133327037765
39.350990295410156,12.29952545452009,5.949992870236116,0.0,0.005011255672092108,0.5680226734304313,-10.639794111427376,-0.33494155394498054,-0.08734791044504686,0.4710100035932333,-92.45655116114297,-1.8471533009594265,14.459133327037765
39.40085506439209,12.29952545452009,5.949992870236116,0.0,0.004587262083778681,0.640599774910789,-9.72907587094042,-0.3304077445638234,-0.09149777099257472,0.4688630967164533,-92.83714265962752,-1.9219118073880601,15.784623031539667
39.45079493522644,12.308714831128873,6.080770353495049,0.0,0.003622594262304748,0.45442950356959405,-7.965196618563534,-0.3304077445638234,-0.09149777099257472,0.4688630967164533,-92.88980675460428,-1.935599156351482,15.431504143158067
39.500694274902344,12.308714831128873,6.080770353495049,0.0,0.0031005278502116303,0.21059434159885304,-7.098099019724436,-0.3304077445638234,-0.09149777099257472,0.4688630967164533,-92.88980675460428,-1.935599156351482,15.431504143158067
39.55084729194641,12.31790420773765,6.211547836754066,0.0,0.0026693368816989066,-0.01582476430639515,-6.235799062045835,-0.3304077445638234,-0.09149777099257472,0.4688630967164533,-92.88980675460428,-1.935599156351482,15.431504143158067
39.60085844993591,12.31790420773765,6.211547836754066,0.0,0.0024120740553413875,-0.014896822359718138,-5.385532482437275,-0.3131122182944115,-0.1005756264278492,0.4796269466886257,-92.94964269567548,-2.0270485225528327,13.698293317626103
39.65110635757446,12.327093584346386,6.342325320012985,0.0,0.0021800603511410574,-0.01394991066783754,-4.557866337184285,-0.3131122182944115,-0.1005756264278492,0.4796269466886257,-92.97373030780805,-2.070539329110118,12.882477415079258
39.70071530342102,12.327093584346386,6.342325320012985,0.0,0.0019718695771747787,-0.012986532955415072,-3.753705733818845,-0.3131122182944115,-0.1005756264278492,0.4796269466886257,-92.97373030780805,-2.070539329110118,12.882477415079258
39.750832319259644,12.336282960955057,6.473102803271882,0.0,0.001785318714153162,-0.01200826120761746,-2.9738340725194923,-0.3131122182944115,-0.1005756264278492,0.4796269466886257,-92.97373030780805,-2.070539329110118,12.882477415079258
39.800917863845825,12.345472337563672,6.603880286530828,0.0,0.001617887442550565,-0.011016505313470185,-2.2172271955629395,-0.3131122182944115,-0.1005756264278492,0.4796269466886257,-92.97373030780805,-2.070539329110118,12.882477415079258
39.85102415084839,12.345472337563672,6.603880286530828,0.0,0.0013268106064659563,-0.00905527965842365,-0.7346698592401572,-0.3068016511868556,-0.10899276436411871,0.4776945281983538,-93.6666504047708,-1.814543385241733,11.490169369216717
39.90070557594299,12.35466171417228,6.734657769789763,0.0,-0.04567108050716524,-0.008146701946307986,0.09244720695658151,-0.3068016511868556,-0.10899276436411871,0.4776945281983538,-93.76259402417995,-1.7860060486999478,11.300156701809835
39.9507155418396,12.35466171417228,6.734657769789763,0.0,-0.16429478648844914,-0.007260576925542076,1.1829452101809361,-0.3068016511868556,-0.10899276436411871,0.4776945281983538,-93.76259402417995,-1.7860060486999478,11.300156701809835
40.000879764556885,12.363851090780841,6.865435253048417,0.0,-0.22844252986713837,-0.006505932387261544,2.3238659878506,-0.3068016511868556,-0.10899276436411871,0.4776945281983538,-93.76259402417995,-1.7860060486999478,11.300156701809835
40.050925493240356,12.363851090780841,6.865435253048417,0.0,-0.24106932754055305,-0.005871858915461126,3.5137572574167044,-0.3066161699173564,-0.10393513869361033,0.47609606620752376,-94.13480892155687,-1.7676979427764252,8.7262196755001
40.101313829422,12.37304046738936,6.9962127363070685,0.0,-0.20451377404408755,-0.004989599141829499,4.751022580392293,-0.3066161699173564,-0.10393513869361033,0.47609606620752376,-94.31050326105762,-1.769733738445286,7.515150672890425
40.15060114860535,12.382229843997832,7.126990219565714,0.0,-0.12042683357042644,-0.003011126193886431,6.034018516664773,-0.3066161699173564,-0.10393513869361033,0.47609606620752376,-94.31050326105762,-1.769733738445286,7.515150672890425
40.200719118118286,12.382229843997832,7.126990219565714,0.0,0.009778081496444107,0.001708361422614177,7.361385282179693,-0.3066161699173564,-0.10393513869361033,0.47609606620752376,-94.31050326105762,-1.769733738445286,7.515150672890425
40.25059366226196,12.391419220606283,7.257767702824442,0.0,0.00800393540359086,0.001405971055906488,10.03511448262907,-0.3066161699173564,-0.10393513869361033,0.47609606620752376,-94.31050326105762,-1.769733738445286,7.515150672890425
40.30087852478027,12.391419220606283,7.257767702824442,0.0,0.007235372928264215,0.0012723721554345209,11.322824048211839,-0.3077034647597953,-0.0927229804931016,0.4775868905307481,-94.64834906392093,-1.7019333067455253,1.5461428018734737
40.35063719749451,12.400608597214719,7.38854518608316,0.0,0.0065412250632675625,0.0011512991764056615,12.597184717393056,-0.3077034647597953,-0.0927229804931016,0.4775868905307481,-94.69190664637537,-1.6968847832723755,0.7320294955661649
40.401169300079346,12.400608597214719,7.38854518608316,0.0,0.005914921135997292,0.0010414877635613635,13.878081943473465,-0.3077034647597953,-0.0927229804931016,0.4775868905307481,-94.69190664637537,-1.6968847832723755,0.7320294955661649
40.45090675354004,12.409797973823206,7.519322669342029,0.0,0.005350075545939246,0.0009419278545226246,15.166779388066175,-0.3077034647597953,-0.0927229804931016,0.4775868905307481,-94.69190664637537,-1.6968847832723755,0.7320294955661649
40.500601053237915,12.409797973823206,7.519322669342029,0.0,-0.0031747543992392637,-0.00010427716127024865,16.49033405939723,-0.30648945379185977,-0.09318235157134278,0.4764610015648384,-95.30439244828833,-1.8727592722578292,-3.094603612168699
40.550697326660156,12.418987350431726,7.650100152600767,0.0,0.0012826912418118692,3.958476143054957e-05,17.89099545069135,-0.30648945379185977,-0.09318235157134278,0.4764610015648384,-95.58134493826007,-1.9925161006456729,-4.894106351602309
40.60073661804199,12.418987350431726,7.650100152600767,0.0,0.0011557179681813308,3.520431349132985e-05,19.30818494121694,-0.30648945379185977,-0.09318235157134278,0.4764610015648384,-95.58134493826007,-1.9925161006456729,-4.894106351602309
40.65081167221069,12.428176727040178,7.780877635859248,0.0,0.001041100627961587,3.154386340495817e-05,20.743288831640584,-0.30648945379185977,-0.09318235157134278,0.4764610015648384,-95.58134493826007,-1.9925161006456729,-4.894106351602309
40.70093655586243,12.428176727040178,7.780877635859248,0.0,0.0009382744871352181,2.8605396356901596e-05,22.19830398058993,-0.30648945379185977,-0.09318235157134278,0.4764610015648384,-95.58134493826007,-1.9925161006456729,-4.894106351602309
40.75085687637329,12.437366103648518,7.911655119117391,0.0,0.0008465229353848306,2.6120779297590628e-05,23.66223196020904,-0.3057781931021782,-0.09026204946988335,0.47565254740259555,-96.36788809423273,-2.3216128402643395,-10.382939965381395
40.8006649017334,12.446555480256732,8.042432602375825,0.0,-0.15897272198612797,-0.04346464066269302,25.218299165411427,-0.3057781931021782,-0.09026204946988335,0.47565254740259555,-96.46794257800505,-2.3809700877615634,-11.130929338253155
40.85074305534363,12.446555480256732,8.042432602375825,0.0,-1.6137655333774552,-0.2665040933597808,28.996117163299402,-0.3057781931021782,-0.09026204946988335,0.47565254740259555,-96.46794257800505,-2.3809700877615634,-11.130929338253155
40.90102767944336,12.455744856864852,8.173210085634706,0.0,-2.3102623496723957,-0.30622206030301324,30.86191973443578,-0.3057781931021782,-0.09026204946988335,0.47565254740259555,-96.46794257800505,-2.3809700877615634,-11.130929338253155
40.950937271118164,12.455744856864852,8.173210085634706,0.0,-2.989853987179061,-0.2969194291829087,32.71323954802127,-0.3057781931021782,-0.09026204946988335,0.47565254740259555,-96.46794257800505,-2.3809700877615634,-11.130929338253155
41.00071096420288,12.464934233472846,8.303987568893582,0.0,-3.6543962154275986,-0.23837588044109875,34.550818439303065,-0.313398248776606,-0.09086613001061752,0.46115494610673347,-96.94814070263898,-4.669610298117416,-15.928193768040916
41.05070519447327,12.464934233472846,8.303987568893582,0.0,-4.304993293211606,-0.1306073410953365,36.37540623352367,-0.313398248776606,-0.09086613001061752,0.46115494610673347,-96.94814070263898,-4.669610298117416,-15.928193768040916
41.1007776260376,12.474123610080714,8.434765052152475,0.0,-4.928885619911397,0.012939634282906174,38.18600154296399,-0.313398248776606,-0.09086613001061752,0.46115494610673347,-96.94814070263898,-4.669610298117416,-15.928193768040916
41.15107035636902,12.474123610080714,8.434765052152475,0.0,-5.392235575800393,0.012121837507785883,39.970990879406614,-0.313398248776606,-0.09086613001061752,0.46115494610673347,-96.94814070263898,-4.669610298117416,-15.928193768040916
41.200786113739014,12.483312986688562,8.565542535411565,0.0,-5.776303083887297,0.01167563400543841,41.7605421619998,-0.3180267721415027,-0.08805398376067651,0.46230850702561777,-97.21405917549001,-5.4354242036887825,-21.106227756147977
41.250731229782104,12.492502363296465,8.69632001867047,0.0,-6.094727800431863,0.011129826909875486,43.55196649016757,-0.3180267721415027,-0.08805398376067651,0.46230850702561777,-97.24129131612578,-5.545896938881476,-21.812398975856773
41.30072999000549,12.492502363296465,8.69632001867047,0.0,-6.500479075421119,0.009684425592794355,47.13918948973101,-0.3180267721415027,-0.08805398376067651,0.46230850702561777,-97.24129131612578,-5.545896938881476,-21.812398975856773
41.35064148902893,12.501691739904466,8.827097501929474,0.0,-6.570301379236729,0.008860014174158702,48.93410520608763,-0.3180267721415027,-0.08805398376067651,0.46230850702561777,-97.24129131612578,-5.545896938881476,-21.812398975856773
41.401031255722046,12.501691739904466,8.827097501929474,0.0,-6.538043953133609,0.007961690262775333,50.726547667123555,-0.3180267721415027,-0.08805398376067651,0.46230850702561777,-97.24129131612578,-5.545896938881476,-21.812398975856773
41.45076394081116,12.510881116512612,8.957874985188546,0.0,-6.39562843087434,0.006985393432939683,52.51429527175243,-0.3166828315920295,-0.07718315076759429,0.47724512493881877,-95.87626950904755,-5.635822033175661,-30.07106410336574
41.50081157684326,12.510881116512612,8.957874985188546,0.0,-6.145407243990408,0.0059429445675804925,54.29742933143768,-0.3166828315920295,-0.07718315076759429,0.47724512493881877,-95.87626950904755,-5.635822033175661,-30.07106410336574
41.55073642730713,12.520070493120933,9.08865246844763,0.0,-5.7897517842856905,0.004844949412598242,56.07624388295251,-0.3166828315920295,-0.07718315076759429,0.47724512493881877,-95.87626950904755,-5.635822033175661,-30.07106410336574
41.60070252418518,12.520070493120933,9.08865246844763,0.0,-5.331065465225503,0.0037008763172540838,57.85120833553147,-0.3166828315920295,-0.07718315076759429,0.47724512493881877,-95.87626950904755,-5.635822033175661,-30.07106410336574
41.65077614784241,12.52925986972941,9.219429951706662,0.0,-4.796062713612985,-0.0010416943962485783,59.64460477671084,-0.31751642656079837,-0.06073373313420655,0.49660005437947674,-93.86959039396775,-5.555528773226524,-38.75483021947637
41.70081305503845,12.52925986972941,9.219429951706662,0.0,-4.23976203097604,-0.0011661120962062398,61.47304466389374,-0.31751642656079837,-0.06073373313420655,0.49660005437947674,-93.86959039396775,-5.555528773226524,-38.75483021947637
41.75129199028015,12.538449246337935,9.350207434965531,0.0,-3.6261563355235524,-0.0012247441179272093,63.3103213673154,-0.31751642656079837,-0.06073373313420655,0.49660005437947674,-93.61046923244885,-5.507676037616916,-39.9394415168365
41.800896406173706,12.547638622946533,9.480984918224477,0.0,-2.951755898453471,-0.0013282747060227014,65.1563448642662,-0.31751642656079837,-0.06073373313420655,0.49660005437947674,-93.61046923244885,-5.507676037616916,-39.9394415168365
41.8512327671051,12.547638622946533,9.480984918224477,0.0,-1.5013648316311676,0.03259468470287102,68.71633691815983,-0.31751642656079837,-0.06073373313420655,0.49660005437947674,-93.61046923244885,-5.507676037616916,-39.9394415168365
41.90071368217468,12.55682799955516,9.611762401483205,0.0,-1.482646158733769,0.027144756501822825,69.93064817573025,-0.32375144046922844,-0.05375144987929076,0.5072063885482777,-91.53467167160777,-5.9688593449486325,-48.42752995310916
41.9509482383728,12.55682799955516,9.611762401483205,0.0,-1.4332716499499234,-0.013684649256461089,71.10338385049647,-0.32375144046922844,-0.05375144987929076,0.5072063885482777,-91.53467167160777,-5.9688593449486325,-48.42752995310916
42.0008704662323,12.566017376163572,9.742539884741916,0.0,-1.268985495845721,-0.0016401551365707065,72.27011219376406,-0.32375144046922844,-0.05375144987929076,0.5072063885482777,-91.53467167160777,-5.9688593449486325,-48.42752995310916
42.050702810287476,12.566017376163572,9.742539884741916,0.0,-0.9695487834408977,-0.0015165563366211707,73.41138492507022,-0.32375144046922844,-0.05375144987929076,0.5072063885482777,-91.53467167160777,-5.9688593449486325,-48.42752995310916
42.100990533828735,12.575206752771935,9.873317368000622,0.0,-0.9843570239990471,-0.0011655110662160556,74.90159056051623,-0.3237778172447385,-0.07781914822808486,0.49901784162811313,-89.66813078600985,-7.227445256360927,-48.52878428762392
42.151004791259766,12.584396129380112,10.004094851259175,0.0,-1.1160105983923927,-0.0008756048139198142,76.5378612110637,-0.3237778172447385,-0.07781914822808486,0.49901784162811313,-89.43596292537217,-7.377385447511185,-48.550462701981424
42.20057702064514,12.584396129380112,10.004094851259175,0.0,-0.5813445453404233,1.1601765641362551,78.55331864665408,-0.3237778172447385,-0.07781914822808486,0.49901784162811313,-89.43596292537217,-7.377385447511185,-48.550462701981424
42.25081729888916,12.593585505988175,10.13487233451784,0.0,-0.18337813910955014,1.8810620317320708,79.27121963934763,-0.3237778172447385,-0.07781914822808486,0.49901784162811313,-89.43596292537217,-7.377385447511185,-48.550462701981424
42.300708293914795,12.593585505988175,10.13487233451784,0.0,0.2231899750697162,2.6177858206844276,79.93817003977091,-0.3237778172447385,-0.07781914822808486,0.49901784162811313,-89.43596292537217,-7.377385447511185,-48.550462701981424
42.35092830657959,12.6027748825962,10.26564981777654,0.0,0.6411531540042382,3.3967176455763846,80.56485399586104,-0.3568283283225853,-0.0710447688617707,0.4634311333306621,-93.44664194553117,-7.140104396029699,-48.54571954372091
42.40094876289368,12.6027748825962,10.26564981777654,0.0,0.7930324438403296,4.061721650258695,81.10669755758117,-0.3568283283225853,-0.0710447688617707,0.4634311333306621,-93.44664194553117,-7.140104396029699,-48.54571954372091
42.45073890686035,12.61196425920423,10.396427301035299,0.0,0.799067531270269,4.645397881644843,81.58336271484299,-0.3568283283225853,-0.0710447688617707,0.4634311333306621,-93.44664194553117,-7.140104396029699,-48.54571954372091
42.5006787776947,12.621153635812345,10.52720478429416,0.0,0.7717728546809656,5.217453614704953,82.01966195124854,-0.3568283283225853,-0.0710447688617707,0.4634311333306621,-93.44664194553117,-7.140104396029699,-48.54571954372091
42.55067729949951,12.621153635812345,10.52720478429416,0.0,0.6169145581296123,6.353693297843211,82.78006193588216,-0.361891437048805,-0.09443425433036175,0.45477773163897295,-94.95199117208873,-7.347924403748808,-50.09929406158716
42.600994348526,12.630343012420541,10.657982267552999,0.0,0.4901828135974351,6.92715043247662,83.10716524499355,-0.361891437048805,-0.09443425433036175,0.45477773163897295,-95.11641975428911,-7.401636086500377,-50.31770165846377
42.65093946456909,12.630343012420541,10.657982267552999,0.0,0.3310447210327427,7.509152236964097,83.39998516274396,-0.361891437048805,-0.09443425433036175,0.45477773163897295,-95.11641975428911,-7.401636086500377,-50.31770165846377
42.70073413848877,12.639532389028828,10.788759750811838,0.0,0.13983634572458398,8.102639370268937,83.65894490972433,-0.361891437048805,-0.09443425433036175,0.45477773163897295,-95.11641975428911,-7.401636086500377,-50.31770165846377
42.750784397125244,12.648721765637202,10.919537234070672,0.0,-0.012737697839678586,8.644006282514852,83.88570423791873,-0.3536153966878919,-0.11695027231785599,0.46267888328981277,-93.96245522727301,-8.16659283064914,-53.4372817967302
42.80091834068298,12.648721765637202,10.919537234070672,0.0,-0.010554080242421982,9.270572940913265,84.341657421294,-0.3536153966878919,-0.11695027231785599,0.46267888328981277,-93.96245522727301,-8.16659283064914,-53.4372817967302
42.85086536407471,12.657911142245677,11.050314717329275,0.0,-0.0166267727514715,9.551068236017102,84.63593826109864,-0.3536153966878919,-0.11695027231785599,0.46267888328981277,-93.96245522727301,-8.16659283064914,-53.4372817967302
42.90110731124878,12.657911142245677,11.050314717329275,0.0,0.0014432454956136431,9.8371560728599,85.02546717529205,-0.3536153966878919,-0.11695027231785599,0.46267888328981277,-93.96245522727301,-8.16659283064914,-53.4372817967302
42.95077991485596,12.667100518854266,11.18109220058788,0.0,2.0106722990276063e-05,10.111688824223979,85.41387520655218,-0.3321445448806791,-0.1186664095552867,0.48081020093368076,-92.35117999060321,-7.95503302198494,-58.52828885857382
43.00090837478638,12.676289895463027,11.311869683846473,0.0,0.00010263855184534617,10.372348225560188,85.79652626702493,-0.3321445448806791,-0.1186664095552867,0.48081020093368076,-92.16115457004064,-7.905600777511531,-59.222519489399055
43.05071425437927,12.676289895463027,11.311869683846473,0.0,0.0001726233879241159,10.620763623537432,86.18008736727555,-0.3321445448806791,-0.1186664095552867,0.48081020093368076,-92.16115457004064,-7.905600777511531,-59.222519489399055
43.10090446472168,12.685479272071964,11.44264716710509,0.0,0.00027726382251414125,11.075920636920262,86.96357168750488,-0.3321445448806791,-0.1186664095552867,0.48081020093368076,-92.16115457004064,-7.905600777511531,-59.222519489399055
43.150744676589966,12.685479272071964,11.44264716710509,0.0,0.00031319678309592574,11.280250703803324,87.35827613711457,-0.3321445448806791,-0.1186664095552867,0.48081020093368076,-92.16115457004064,-7.905600777511531,-59.222519489399055
43.200926542282104,12.694668648681038,11.57342465036375,0.0,0.00034286104353259113,11.468125597506702,87.76128697707696,-0.3122852989695814,-0.11734560308363665,0.4919676383180116,-90.89048995714198,-8.1061828857459,-66.44507149081136
43.25078225135803,12.694668648681038,11.57342465036375,0.0,0.0003662553225343937,11.637327479669835,88.17276977124428,-0.3122852989695814,-0.11734560308363665,0.4919676383180116,-90.89048995714198,-8.1061828857459,-66.44507149081136
43.300907611846924,12.703858025290238,11.704202133622385,0.0,0.00039460463663581433,11.917788252360314,89.02910517652461,-0.3122852989695814,-0.11734560308363665,0.4919676383180116,-90.89048995714198,-8.1061828857459,-66.44507149081136
43.350690841674805,12.713047401899557,11.834979616881014,0.0,0.0003947509324114979,12.024251860598795,89.4737975417436,-0.3122852989695814,-0.11734560308363665,0.4919676383180116,-90.89048995714198,-8.1061828857459,-66.44507149081136
43.40087080001831,12.713047401899557,11.834979616881014,0.0,0.00038395161935101795,12.10562466649453,89.932601689399,-0.2926369252973362,-0.11559768345825505,0.4996001709307355,-90.27681397178586,-8.380915596500223,-72.92189465998264
43.45080232620239,12.722236778509016,11.96575710013963,0.0,0.00036239442395428166,12.158672543484135,90.40453982663044,-0.2926369252973362,-0.11559768345825505,0.4996001709307355,-90.21361632174367,-8.411577301545933,-73.80388785002273
43.500763177871704,12.722236778509016,11.96575710013963,0.0,0.0003313529643344286,12.182261341857053,90.88966985847789,-0.2926369252973362,-0.11559768345825505,0.4996001709307355,-90.21361632174367,-8.411577301545933,-73.80388785002273
43.55082702636719,12.731426155118617,12.096534583398249,0.0,0.0002904690441370829,12.172016837978282,91.38701594538584,-0.2926369252973362,-0.11559768345825505,0.4996001709307355,-90.21361632174367,-8.411577301545933,-73.80388785002273
43.60076117515564,12.74061553172836,12.227312066656893,0.0,0.00017735241312808437,12.040514825504925,92.41962592169864,-0.2732365218850249,-0.11390980841076147,0.5063140291751708,-89.85489833066234,-8.623661138422545,-80.79849251513365
43.65133309364319,12.74061553172836,12.227312066656893,0.0,0.00010208697944075193,11.912470249893117,92.95468407121989,-0.2732365218850249,-0.11390980841076147,0.5063140291751708,-89.85489833066234,-8.623661138422545,-80.79849251513365
43.70075488090515,12.749804908338215,12.358089549915526,0.0,9.065161980471678e-06,11.738434233115363,93.5086038334199,-0.2732365218850249,-0.11390980841076147,0.5063140291751708,-89.85489833066234,-8.623661138422545,-80.79849251513365
43.75092101097107,12.749804908338215,12.358089549915526,0.0,-0.00010463035195655161,11.51418544967942,94.08357200222147,-0.2732365218850249,-0.11390980841076147,0.5063140291751708,-89.85489833066234,-8.623661138422545,-80.79849251513365
43.80100893974304,12.75899428494818,12.488867033174218,0.0,0.0005674543670563788,11.235719793901444,94.67920887224192,-0.2538988042347643,-0.11227227946582197,0.5142635923596397,-89.58874811541861,-8.512578205114172,-86.47984597882315
43.850502729415894,12.76818366155824,12.619644516432924,0.0,0.0003291814283587569,10.89897319364089,95.30128197084565,-0.2538988042347643,-0.11227227946582197,0.5142635923596397,-89.551818747855,-8.495146668482576,-87.25455901221052
43.90073370933533,12.76818366155824,12.619644516432924,0.0,7.374352011453819e-05,10.498899599426615,95.94919408544706,-0.2538988042347643,-0.11227227946582197,0.5142635923596397,-89.551818747855,-8.495146668482576,-87.25455901221052
43.95065712928772,12.777373038168365,12.750421999691701,0.0,-0.0004909338692277286,9.49626130019432,97.30493943757727,-0.2538988042347643,-0.11227227946582197,0.5142635923596397,-89.551818747855,-8.495146668482576,-87.25455901221052
44.000778913497925,12.777373038168365,12.750421999691701,0.0,0.11666317851096931,9.026300174928764,97.79384621068293,-0.2538988042347643,-0.11227227946582197,0.5142635923596397,-89.551818747855,-8.495146668482576,-87.25455901221052
44.05098867416382,12.78656241477853,12.881199482950551,0.0,0.458837089688505,8.865833976119335,97.78542156499832,-0.23838117854361374,-0.11071265472455533,0.5202743243690318,-89.3243812788148,-8.080135280080288,-92.8850941919741
44.10094165802002,12.78656241477853,12.881199482950551,0.0,0.7392077551056065,8.71198369762807,97.73591205209158,-0.23838117854361374,-0.11071265472455533,0.5202743243690318,-89.3243812788148,-8.080135280080288,-92.8850941919741
44.150758028030396,12.795751791388783,13.011976966209236,0.0,0.9599141087895563,8.562260142984135,97.64671925220266,-0.23838117854361374,-0.11071265472455533,0.5202743243690318,-89.3243812788148,-8.080135280080288,-92.8850941919741
44.200814723968506,12.795751791388783,13.011976966209236,0.0,0.8086847723474543,8.093147919049787,97.65868087340948,-0.23838117854361374,-0.11071265472455533,0.5202743243690318,-89.3243812788148,-8.080135280080288,-92.8850941919741
44.25096940994263,12.80494116799909,13.142754449467619,0.0,0.6399484248704136,7.59903668767822,97.68755006468567,-0.24331869614280216,-0.1252567308431618,0.5039183799584876,-89.64163007136042,-8.27001403925217,-95.63208765582367
44.30092787742615,12.81413054460941,13.273531932726067,0.0,0.4861853358675477,7.1132222693126606,97.71613996328814,-0.24331869614280216,-0.1252567308431618,0.5039183799584876,-89.70172713132557,-8.30108634805779,-96.00363053444875
44.35075664520264,12.81413054460941,13.273531932726067,0.0,0.3414674711805206,6.632848486730504,97.74116014452936,-0.24331869614280216,-0.1252567308431618,0.5039183799584876,-89.70172713132557,-8.30108634805779,-96.00363053444875
44.40080189704895,12.823319921219749,13.40430941598454,0.0,0.06359936264927973,5.676575512974459,97.77392749224758,-0.24331869614280216,-0.1252567308431618,0.5039183799584876,-89.70172713132557,-8.30108634805779,-96.00363053444875
44.45091152191162,12.823319921219749,13.40430941598454,0.0,-0.07317781825494481,5.193958742712105,97.78289021595764,-0.24331869614280216,-0.1252567308431618,0.5039183799584876,-89.70172713132557,-8.30108634805779,-96.00363053444875
44.50091600418091,12.832509297830105,13.535086899242998,0.0,-0.21247623821440945,4.704675639114392,97.78753447125614,-0.25162198395147206,-0.13255290794982214,0.4989705828814718,-89.81307035110427,-7.854487136887387,-98.72656729206382
44.550710916519165,12.832509297830105,13.535086899242998,0.0,-0.3567506670546455,4.206272901314974,97.78917848191004,-0.25162198395147206,-0.13255290794982214,0.4989705828814718,-89.81307035110427,-7.854487136887387,-98.72656729206382
44.60075831413269,12.841698674440481,13.665864382501477,0.0,-0.5094983369254076,3.6969657834872165,97.78917371986829,-0.25162198395147206,-0.13255290794982214,0.4989705828814718,-89.81307035110427,-7.854487136887387,-98.72656729206382
44.65074014663696,12.841698674440481,13.665864382501477,0.0,-0.6735315995643367,3.174769353060888,97.78987534770005,-0.25162198395147206,-0.13255290794982214,0.4989705828814718,-89.81307035110427,-7.854487136887387,-98.72656729206382
44.70077562332153,12.850888051050879,13.796641865760003,0.0,-0.44363603775284727,2.794534306397088,97.66798663291213,-0.26366024099631336,-0.12937424418225352,0.5005483358049015,-89.6292183865078,-7.411459953031501,-99.91293017289479
44.750938415527344,12.860077427661269,13.92741934901843,0.0,-0.20605301056414677,2.4045024156417956,97.55161796645,-0.26366024099631336,-0.12937424418225352,0.5005483358049015,-89.604239813958,-7.351072424026221,-100.07437907350622
44.80087685585022,12.860077427661269,13.92741934901843,0.0,0.04325548956921133,2.011617233175952,97.43610249161009,-0.26366024099631336,-0.12937424418225352,0.5005483358049015,-89.604239813958,-7.351072424026221,-100.07437907350622
44.850573778152466,12.869266804271659,14.058196832276844,0.0,0.5587450357272102,1.2357794527619572,97.20894454535186,-0.26366024099631336,-0.12937424418225352,0.5005483358049015,-89.604239813958,-7.351072424026221,-100.07437907350622
44.90069890022278,12.869266804271659,14.058196832276844,0.0,0.81772776031559,0.8595716961762422,97.09757853896713,-0.26366024099631336,-0.12937424418225352,0.5005483358049015,-89.604239813958,-7.351072424026221,-100.07437907350622
44.95075035095215,12.878456180882063,14.188974315535239,0.0,1.0735745496041178,0.4945774876053691,96.9876628029626,-0.2809994670445446,-0.11774627144127439,0.49925322131511707,-89.65772947896474,-6.776076235216984,-99.80439020581362
45.00074362754822,12.878456180882063,14.188974315535239,0.0,1.3237289406909931,0.1428095261166,96.87905804549185,-0.2809994670445446,-0.11774627144127439,0.49925322131511707,-89.65772947896474,-6.776076235216984,-99.80439020581362
45.050875425338745,12.887645557492476,14.319751798793623,0.0,1.5658628739554066,-0.1940145818123431,96.77155554532595,-0.2809994670445446,-0.11774627144127439,0.49925322131511707,-89.65772947896474,-6.776076235216984,-99.80439020581362
45.10113716125488,12.887645557492476,14.319751798793623,0.0,1.7978256473672405,-0.5144014999240574,96.66489565042383,-0.2809994670445446,-0.11774627144127439,0.49925322131511707,-89.65772947896474,-6.776076235216984,-99.80439020581362
45.15080547332764,12.896834934102902,14.45052928205201,0.0,2.017610935438105,-0.8170355983836586,96.55878244597189,-0.29615891424393975,-0.11252852715242129,0.4968748699191671,-89.66250276097797,-5.942807926042804,-99.02227548544032
45.200791358947754,12.896834934102902,14.45052928205201,0.0,2.2233353236402533,-1.1007486097591959,96.45289483546709,-0.29615891424393975,-0.11252852715242129,0.4968748699191671,-89.66250276097797,-5.942807926042804,-99.02227548544032
45.25072383880615,12.906024310713342,14.581306765310384,0.0,2.4132240170558066,-1.3644999860273188,96.34689449896483,-0.29615891424393975,-0.11252852715242129,0.4968748699191671,-89.66359917718123,-5.8292420504966085,-98.91559274717964
45.300764322280884,12.915213687323785,14.712084248568747,0.0,2.585600871261917,-1.6073642166563569,96.24043126376523,-0.29615891424393975,-0.11252852715242129,0.4968748699191671,-89.66359917718123,-5.8292420504966085,-98.91559274717964
45.35089731216431,12.915213687323785,14.712084248568747,0.0,2.7388808929485964,-1.828522609075527,96.13314641685162,-0.29615891424393975,-0.11252852715242129,0.4968748699191671,-89.66359917718123,-5.8292420504966085,-98.91559274717964
45.40080213546753,12.924403063934228,14.842861731827107,0.0,2.9822294807191323,-2.202950554718307,95.9146436468269,-0.30962716805495494,-0.11214582647886517,0.49292668884737256,-89.77269328836931,-4.751409415157543,-97.74624555303164
45.45073127746582,12.924403063934228,14.842861731827107,0.0,3.069530164140471,-2.3550763247188082,95.80267595673388,-0.30962716805495494,-0.11214582647886517,0.49292668884737256,-89.77269328836931,-4.751409415157543,-97.74624555303164
45.50103735923767,12.933592440544672,14.97363921508547,0.0,3.132186944500885,-2.4832042399874648,95.6883863611565,-0.30962716805495494,-0.11214582647886517,0.49292668884737256,-89.77269328836931,-4.751409415157543,-97.74624555303164
45.55126595497131,12.933592440544672,14.97363921508547,0.0,3.1662922164129768,-2.5901294710608127,95.572273055339,-0.30962716805495494,-0.11214582647886517,0.49292668884737256,-89.77269328836931,-4.751409415157543,-97.74624555303164
45.60084819793701,12.942781817155115,15.104416698343831,0.0,3.164819883050474,-2.6851346842372408,95.45535384686991,-0.3203599808067934,-0.115018794064718,0.48875226674882855,-89.90414955752523,-3.7756115641958905,-96.58966289635421
45.65074372291565,12.942781817155115,15.104416698343831,0.0,3.129034671594757,-2.769848387854951,95.33567679067171,-0.3203599808067934,-0.115018794064718,0.48875226674882855,-89.90414955752523,-3.7756115641958905,-96.58966289635421
45.700756549835205,12.951971193765559,15.235194181602193,0.0,3.0600165214411357,-2.845639096554942,95.21154291870467,-0.3203599808067934,-0.115018794064718,0.48875226674882855,-89.9209377380655,-3.642197144162823,-96.43229307582469
45.750908613204956,12.961160570376002,15.365971664860552,0.0,2.9586054606613046,-2.9138204196141344,95.08148805583645,-0.3203599808067934,-0.115018794064718,0.48875226674882855,-89.9209377380655,-3.642197144162823,-96.43229307582469
45.80078101158142,12.961160570376002,15.365971664860552,0.0,2.8282779795019177,-2.9745669603667446,94.9436220960172,-0.3203599808067934,-0.115018794064718,0.48875226674882855,-89.9209377380655,-3.642197144162823,-96.43229307582469
45.85068130493164,12.970349946986452,15.496749148118916,0.0,2.4892694682818353,-3.081404906453712,94.64958355477071,-0.32527076677927624,-0.12053217893624395,0.4878464119657622,-89.96788375272082,-2.419208881981794,-95.12512976588894
45.90073919296265,12.970349946986452,15.496749148118916,0.0,2.3636566722823855,-3.4940862944013538,94.41813212440415,-0.32527076677927624,-0.12053217893624395,0.4878464119657622,-89.96788375272082,-2.419208881981794,-95.12512976588894
45.95089340209961,12.974025697631108,15.549060141428615,0.0,2.3630293018564865,-4.397009562335947,94.08997745022953,-0.32527076677927624,-0.12053217893624395,0.4878464119657622,-89.96788375272082,-2.419208881981794,-95.12512976588894
46.000927686691284,12.974025697631108,15.549060141428615,0.0,2.371571368358659,-5.224348547750445,93.79298859882444,-0.32527076677927624,-0.12053217893624395,0.4878464119657622,-89.96788375272082,-2.419208881981794,-95.12512976588894
46.0508086681366,12.974025697631125,15.549060141428726,0.0,2.122970865297102,-5.889989027727461,93.56054368857683,-0.303067201816046,-0.12696321915122033,0.5070424966610857,-90.43754009668902,0.35518712145346526,-101.50840527576995
46.10086750984192,12.974025697631125,15.549060141428726,0.0,1.3465890435703831,-6.166864520040443,93.29931267865214,-0.303067201816046,-0.12696321915122033,0.5070424966610857,-90.43754009668902,0.35518712145346526,-101.50840527576995
46.150827407836914,12.974025697631076,15.549060141428507,0.0,0.5142531545520987,-6.390728711241257,93.02435917971329,-0.303067201816046,-0.12696321915122033,0.5070424966610857,-90.5064910824326,0.7320020680645991,-102.73742596577803
46.20066261291504,12.97402569763113,15.549060141428681,0.0,-0.012766053777693517,-5.56292411216157,92.19877544359086,-0.303067201816046,-0.12696321915122033,0.5070424966610857,-90.5064910824326,0.7320020680645991,-102.73742596577803
46.25082993507385,12.97402569763113,15.549060141428681,0.0,-0.012024705549861032,-4.826117472685505,91.68620766496755,-0.303067201816046,-0.12696321915122033,0.5070424966610857,-90.5064910824326,0.7320020680645991,-102.73742596577803
46.30104374885559,12.974025697631088,15.549060141428587,0.0,-0.1456910456780507,-4.176720258449381,91.42143447075308,-0.33280817652231104,-0.13100664634043757,0.4783390834205813,-90.01651384355921,-0.7435947838480417,-113.34587412411051
46.35085940361023,12.974025697631088,15.549060141428587,0.0,-0.26299151258485565,-3.6554545993991745,91.25007848079484,-0.33280817652231104,-0.13100664634043757,0.4783390834205813,-90.01651384355921,-0.7435947838480417,-113.34587412411051
46.400758504867554,12.974025697630907,15.549060141428212,0.0,-0.3163277529252263,-3.1921782473361007,91.05514761945666,-0.33280817652231104,-0.13100664634043757,0.4783390834205813,-90.01651384355921,-0.7435947838480417,-113.34587412411051
46.45096230506897,12.974025697630907,15.549060141428212,0.0,-0.323426306835013,-2.7628040260523576,90.84035217496991,-0.33280817652231104,-0.13100664634043757,0.4783390834205813,-90.01651384355921,-0.7435947838480417,-113.34587412411051
46.50100660324097,12.974025697630692,15.549060141427848,0.0,-0.2962228573890824,-2.3501153222675604,90.60879408618258,-0.3494846439741175,-0.11373105895326069,0.46732164545567123,-90.18756018889907,-0.6465507650140448,-121.54958095663861
46.55065131187439,12.974025697630452,15.549060141427505,0.0,-0.2461810094789764,-1.9383097724485012,90.36275799591483,-0.3494846439741175,-0.11373105895326069,0.46732164545567123,-90.2019583871024,-0.6314576844004454,-122.66830361895903
46.601041078567505,12.974025697630452,15.549060141427505,0.0,-0.0806746716209642,-1.0889054384359946,89.83919979458932,-0.3494846439741175,-0.11373105895326069,0.46732164545567123,-90.2019583871024,-0.6314576844004454,-122.66830361895903
46.650837421417236,12.974025697630278,15.549060141427287,0.0,-0.14037339636637908,-0.5277501934592684,89.79842998014077,-0.3494846439741175,-0.11373105895326069,0.46732164545567123,-90.2019583871024,-0.6314576844004454,-122.66830361895903
46.700817346572876,12.974025697630278,15.549060141427287,0.0,-0.21039560284278774,0.05134082638060607,89.93874209019586,-0.3494846439741175,-0.11373105895326069,0.46732164545567123,-90.2019583871024,-0.6314576844004454,-122.66830361895903
46.750842571258545,12.97402569762994,15.549060141426935,0.0,-0.007219502922048595,0.1168789083451952,90.18742532279963,-0.35346326902468056,-0.09834058796266526,0.46918883155908064,-90.14448879065905,-0.12347036233941365,-132.39181599885342
46.80078601837158,12.97402569762994,15.549060141426935,0.0,0.009304381379325046,-0.004893264967443027,90.39075104699052,-0.35346326902468056,-0.09834058796266526,0.46918883155908064,-90.14448879065905,-0.12347036233941365,-132.39181599885342
46.850738286972046,12.974025697629779,15.549060141426784,0.0,0.008445413207353281,-0.004458836632106978,90.51498731810388,-0.35346326902468056,-0.09834058796266526,0.46918883155908064,-90.14448879065905,-0.12347036233941365,-132.39181599885342
46.90074276924133,12.974025697629779,15.549060141426784,0.0,0.007639621784538284,-0.004034911992354255,90.57637685742792,-0.35346326902468056,-0.09834058796266526,0.46918883155908064,-90.14448879065905,-0.12347036233941365,-132.39181599885342
46.95092749595642,12.974025697629669,15.5490601414267,0.0,0.0069092633487802405,-0.003649779966303344,90.57604703498392,-0.3305886323977528,-0.09172707757663398,0.48200651951663853,-90.61735420584294,1.4523072701891702,-142.45388591113294
47.00071454048157,12.974025697629369,15.549060141426503,0.0,0.0062479493294783665,-0.0033006068363199714,90.5071767346972,-0.3305886323977528,-0.09172707757663398,0.48200651951663853,-90.68312651216702,1.6670021007175682,-143.82591723151674
47.0509467124939,12.974025697629369,15.549060141426503,0.0,0.0056499094261359085,-0.0029848193827415152,90.38689221251416,-0.3305886323977528,-0.09172707757663398,0.48200651951663853,-90.68312651216702,1.6670021007175682,-143.82591723151674
47.10070538520813,12.97402569762915,15.549060141426377,0.0,-0.003227995862784889,-0.0021234110768247254,90.25214862505209,-0.3305886323977528,-0.09172707757663398,0.48200651951663853,-90.68312651216702,1.6670021007175682,-143.82591723151674
47.15061688423157,12.97402569762915,15.549060141426377,0.0,-0.001028598864844267,-0.0012941564035113024,90.01001907481574,-0.3305886323977528,-0.09172707757663398,0.48200651951663853,-90.68312651216702,1.6670021007175682,-143.82591723151674
47.200759410858154,12.974025697629195,15.549060141426395,0.0,-0.0009302196014737067,-0.001170304833344056,89.83963997282706,-0.3133485301313819,-0.097382298497528,0.4847629559113319,-90.98732208801897,1.986491606640259,-155.27071086017227
47.25084853172302,12.974025697629195,15.549060141426395,0.0,-0.0008411718189871682,-0.0010582899040000862,89.63860388165277,-0.3133485301313819,-0.097382298497528,0.4847629559113319,-90.98732208801897,1.986491606640259,-155.27071086017227
47.30073666572571,12.974025697629203,15.549060141426398,0.0,-0.0007605631898715911,-0.0009569805209664568,89.40787720573809,-0.3133485301313819,-0.097382298497528,0.4847629559113319,-90.98732208801897,1.986491606640259,-155.27071086017227
47.35097789764404,12.974025697629203,15.549060141426398,0.0,-0.0006875869067902204,-0.0008653536031051748,89.14827094365131,-0.3133485301313819,-0.097382298497528,0.4847629559113319,-90.98732208801897,1.986491606640259,-155.27071086017227
47.40112257003784,12.974025697629203,15.549060141426398,0.0,-0.0006215139474587754,-0.0007824834560374242,88.8598352911029,-0.30275597633188467,-0.1027099589156931,0.4851728353920759,-91.04994405252509,1.7961440797381827,-165.34609127817
47.45075511932373,12.974025697629203,15.549060141426398,0.0,-0.000561681261981234,-0.0007075324751923425,88.54364906602316,-0.30275597633188467,-0.1027099589156931,0.4851728353920759,-91.04994405252509,1.7961440797381827,-165.34609127817
47.50073504447937,12.97402569762917,15.54906014142639,0.0,-0.0005075002186467349,-0.0006397466057816325,88.20020499231299,-0.30275597633188467,-0.1027099589156931,0.4851728353920759,-91.05662416258781,1.7702449654654702,-166.72003541973126
47.55071806907654,12.974025697629127,15.54906014142639,0.0,-0.00045842590696318515,-0.000578438559245747,87.82950536174535,-0.30275597633188467,-0.1027099589156931,0.4851728353920759,-91.05662416258781,1.7702449654654702,-166.72003541973126
47.60089588165283,12.974025697629127,15.54906014142639,0.0,-0.00041397060371916634,-0.0005229888962557138,87.43144108608777,-0.30275597633188467,-0.1027099589156931,0.4851728353920759,-91.05662416258781,1.7702449654654702,-166.72003541973126
47.650794506073,12.97402569762908,15.54906014142639,0.0,-0.00033720944367948913,-0.0004274826908435466,86.55390202266379,-0.296022051643062,-0.10816485613742566,0.48501325459686706,-90.96978828509266,1.4050562990859536,-177.73063165971993
47.700875997543335,12.97402569762908,15.54906014142639,0.0,-0.0003041589319874308,-0.0003864581363136023,86.07490811558519,-0.296022051643062,-0.10816485613742566,0.48501325459686706,-90.96978828509266,1.4050562990859536,-177.73063165971993
47.75084686279297,12.974025697628923,15.549060141426395,0.0,-0.00027425624575554413,-0.0003493436458042374,85.56032326977773,-0.296022051643062,-0.10816485613742566,0.48501325459686706,-90.96978828509266,1.4050562990859536,-177.73063165971993
47.8009467124939,12.974025697628923,15.549060141426395,0.0,-0.0002471895560501424,-0.0003157830835777075,85.02141092498965,-0.296022051643062,-0.10816485613742566,0.48501325459686706,-90.96978828509266,1.4050562990859536,-177.73063165971993
47.85096454620361,12.97402569762863,15.549060141426423,0.0,-0.00022269441452551047,-0.0002854354727418178,84.45213087787998,-0.296022051643062,-0.10816485613742566,0.48501325459686706,-90.96978828509266,1.4050562990859536,-177.73063165971993
47.90091514587402,12.97402569762863,15.549060141426423,0.0,-0.0002005287700423543,-0.00025799378829368037,83.85122988241972,-0.29116887395325414,-0.11308109790633902,0.48481295218978226,-90.82903536807632,1.0970252357075465,173.0849000442589
47.950713872909546,12.974025697628381,15.549060141426468,0.0,-0.00018047717309520322,-0.00023318900820649778,83.21885510485829,-0.29116887395325414,-0.11308109790633902,0.48481295218978226,-90.80877344936235,1.0552576263840674,171.83248233970926
48.000720739364624,12.974025697628381,15.549060141426468,0.0,-0.00016235460049643973,-0.00021077811824406193,82.5671208748679,-0.29116887395325414,-0.11308109790633902,0.48481295218978226,-90.80877344936235,1.0552576263840674,171.83248233970926
48.050809383392334,12.974025697628328,15.549060141426482,0.0,-0.00014599788464861495,-0.00019051267905505857,81.8999043449306,-0.29116887395325414,-0.11308109790633902,0.48481295218978226,-90.80877344936235,1.0552576263840674,171.83248233970926
48.10101532936096,12.974025697628285,15.549060141426496,0.0,-0.0001312437110424313,-0.00017218699324060286,81.21776238658494,-0.28793847831795916,-0.1166880480549336,0.48466950631579686,-90.62285073175875,0.7730977956953313,161.93438045508867
48.15068078041077,12.974025697628285,15.549060141426496,0.0,-0.00010595983045981205,-0.0001406309573738781,79.8111136964827,-0.28793847831795916,-0.1166880480549336,0.48466950631579686,-90.62285073175875,0.7730977956953313,161.93438045508867
48.20090365409851,13.022050359989784,15.52799873198714,0.0,0.049299983157111475,0.3703324658233299,79.08961543268647,-0.28793847831795916,-0.1166880480549336,0.48466950631579686,-90.62285073175875,0.7730977956953313,161.93438045508867
48.25126600265503,13.022050359989784,15.52799873198714,0.0,0.04894243124179678,0.5610210092277694,78.36329552169096,-0.28793847831795916,-0.1166880480549336,0.48466950631579686,-90.62285073175875,0.7730977956953313,161.93438045508867
48.30056428909302,13.142112015908529,15.475345208382112,0.0,0.04857088375600243,0.6196002164387455,77.632781270415,-0.2912351713367809,-0.11802654879573721,0.47987882616074984,-90.47535841573892,0.22785343908762495,159.76276849633163
48.35074830055237,13.142112015908529,15.475345208382112,0.0,0.048181008477038524,0.5606416456277962,76.90293817867325,-0.2912351713367809,-0.11802654879573721,0.47987882616074984,-90.47535841573892,0.22785343908762495,159.76276849633163
48.40087389945984,13.26217367182726,15.422691684777078,0.0,0.021205841747108618,0.3959716165852849,76.21153896205054,-0.2912351713367809,-0.11802654879573721,0.47987882616074984,-90.45657994183735,0.15311673589928834,159.94124753576332
48.45066428184509,13.382235327745917,15.370038161172088,0.0,-0.08119225984877772,0.18290275966983188,75.69828912102325,-0.2912351713367809,-0.11802654879573721,0.47987882616074984,-90.45657994183735,0.15311673589928834,159.94124753576332
48.50101327896118,13.382235327745917,15.370038161172088,0.0,-0.18791574891790622,0.16485590675867617,75.73225154127508,-0.2912351713367809,-0.11802654879573721,0.47987882616074984,-90.45657994183735,0.15311673589928834,159.94124753576332
48.55072045326233,13.502296983664547,15.317384637566844,0.0,-0.16887032357067377,-0.033930917758516664,75.94760919157466,-0.2859952360628245,-0.10183848479281318,0.4861646052854287,-90.3746597235389,0.5929005445684663,160.019452981957
48.60086369514465,13.502296983664547,15.317384637566844,0.0,0.013250025655590884,0.005300622811230538,76.04862958742181,-0.2859952360628245,-0.10183848479281318,0.4861646052854287,-90.3746597235389,0.5929005445684663,160.019452981957
48.650859117507935,13.622358639583076,15.264731113961396,0.0,0.01221157743240117,0.004794024497988467,76.15958549351777,-0.2859952360628245,-0.10183848479281318,0.4861646052854287,-90.3746597235389,0.5929005445684663,160.019452981957
48.701045989990234,13.622358639583076,15.264731113961396,0.0,0.011148530800237767,0.004335866839279749,76.25501890438981,-0.2859952360628245,-0.10183848479281318,0.4861646052854287,-90.3746597235389,0.5929005445684663,160.019452981957
48.75072193145752,13.742420295501482,15.212077590355857,0.0,0.010112083401744716,0.003942487117045095,76.34803706128794,-0.28514203364969537,-0.08653478769114398,0.4849230177656396,-90.16084612494967,0.30214207660514486,160.4147655770638
48.80074644088745,13.742420295501482,15.212077590355857,0.0,0.009170421753555431,0.0035893492561198735,76.4509884688422,-0.28514203364969537,-0.08653478769114398,0.4849230177656396,-90.16084612494967,0.30214207660514486,160.4147655770638
48.85091686248779,13.862481951419847,15.159424066750217,0.0,0.00829914547590109,0.0032511932542031584,76.56274441755863,-0.28514203364969537,-0.08653478769114398,0.4849230177656396,-90.13820478672048,0.26130104204521415,160.46879013505014
48.90080714225769,13.982543607338153,15.106770543144483,0.0,0.00750391043189153,0.0029401636915891106,76.67937058773944,-0.28514203364969537,-0.08653478769114398,0.4849230177656396,-90.13820478672048,0.26130104204521415,160.46879013505014
48.95074248313904,13.982543607338153,15.106770543144483,0.0,0.006784071081966237,0.002659239764909726,76.8001030087756,-0.28514203364969537,-0.08653478769114398,0.4849230177656396,-90.13820478672048,0.26130104204521415,160.46879013505014
49.00084590911865,14.102605263256265,15.05411701953876,0.0,0.00613394554352885,0.0024050740882036706,76.89653998607793,-0.280926101801978,-0.08771376783085988,0.4831264551461397,-90.05618155069732,0.09554596484243431,161.80781669231493
49.050782203674316,14.102605263256265,15.05411701953876,0.0,0.005018359342443149,0.001967270709149951,76.98230883715812,-0.280926101801978,-0.08771376783085988,0.4831264551461397,-90.05618155069732,0.09554596484243431,161.80781669231493
49.10076189041138,14.222666919174362,15.001463495933043,0.0,0.004541101951603831,0.001779219984123428,76.97791939677242,-0.280926101801978,-0.08771376783085988,0.4831264551461397,-90.05618155069732,0.09554596484243431,161.80781669231493
49.1507465839386,14.222666919174362,15.001463495933043,0.0,0.0041091747992979925,0.0016091374657042658,76.95151206338724,-0.280926101801978,-0.08771376783085988,0.4831264551461397,-90.05618155069732,0.09554596484243431,161.80781669231493
49.20085000991821,14.342728575092451,14.94880997232733,0.0,0.0037161883431265363,0.0014553153874321638,76.91533699075855,-0.27466643778828204,-0.0954557993973549,0.48262210006105466,-90.01619979168619,0.027346177581908004,163.31894439182423
49.25085639953613,14.342728575092451,14.94880997232733,0.0,0.0033584549642690477,0.0013161968637442974,76.87075487997804,-0.27466643778828204,-0.0954557993973549,0.48262210006105466,-90.01619979168619,0.027346177581908004,163.31894439182423
49.30094933509827,14.462790231010533,14.89615644872162,0.0,-0.13047276147239845,0.0003659984179514671,77.10663370595786,-0.27466643778828204,-0.0954557993973549,0.48262210006105466,-90.01071721073059,0.018049334928386934,163.52502107853056
49.35085320472717,14.58285188692863,14.843502925115896,0.0,-0.2138367895909624,0.00035198284361265063,77.41349511660731,-0.27466643778828204,-0.0954557993973549,0.48262210006105466,-90.01071721073059,0.018049334928386934,163.52502107853056
49.40085411071777,14.58285188692863,14.843502925115896,0.0,-0.25076706259365594,0.00029773883456163467,78.22528688961104,-0.27466643778828204,-0.0954557993973549,0.48262210006105466,-90.01071721073059,0.018049334928386934,163.52502107853056
49.451016902923584,14.702913542846717,14.790849401510176,0.0,-0.21108632418059442,0.00023446418774025993,78.72430251528618,-0.2776734957515006,-0.09258442230603658,0.4818415396452701,-90.00060085891523,-0.025556274678183766,163.4324173874178
49.50069212913513,14.702913542846717,14.790849401510176,0.0,-0.13563711502264203,0.00012069091996958693,79.28235029173842,-0.2776734957515006,-0.09258442230603658,0.4818415396452701,-90.00060085891523,-0.025556274678183766,163.4324173874178
49.550915241241455,14.822975198764833,14.738195877904461,0.0,-0.02568015501775268,-3.24388434763935e-06,79.89787918493269,-0.2776734957515006,-0.09258442230603658,0.4818415396452701,-90.00060085891523,-0.025556274678183766,163.4324173874178
49.600892782211304,14.822975198764833,14.738195877904461,0.0,0.0003504158509106945,-6.633411727227839e-06,80.54737557794355,-0.2776734957515006,-0.09258442230603658,0.4818415396452701,-90.00060085891523,-0.025556274678183766,163.4324173874178
49.650805950164795,14.94303685468296,14.685542354298777,0.0,0.0003145318843317499,-5.937484818556584e-06,81.15810092393411,-0.28257333962650777,-0.08657227611561562,0.4840939715739886,-89.96495163748966,-0.01706299877055882,163.24112153394788
49.700952768325806,14.94303685468296,14.685542354298777,0.0,0.00028326047651090134,-5.311262116544293e-06,81.72009510425134,-0.28257333962650777,-0.08657227611561562,0.4840939715739886,-89.96495163748966,-0.01706299877055882,163.24112153394788
49.750908613204956,15.063098510601098,14.63288883069309,0.0,-0.005081882083674732,3.69094758758404e-05,82.31194674044738,-0.28257333962650777,-0.08657227611561562,0.4840939715739886,-89.96132957368603,-0.015997034093404593,163.2150538561605
49.8007390499115,15.063098510601098,14.63288883069309,0.0,0.002726159912386894,-8.663784629194675e-06,82.93994211987902,-0.28257333962650777,-0.08657227611561562,0.4840939715739886,-89.96132957368603,-0.015997034093404593,163.2150538561605
49.850735664367676,15.183160166519258,14.580235307087415,0.0,0.0018393694327315695,-5.374699280503982e-06,83.54622990520419,-0.28257333962650777,-0.08657227611561562,0.4840939715739886,-89.96132957368603,-0.015997034093404593,163.2150538561605
49.90082669258118,15.183160166519258,14.580235307087415,0.0,0.0016653530912615708,-4.725163025573647e-06,84.16679519549609,-0.28373726400021476,-0.09041956437377578,0.48410396006984846,-89.94009219690031,-0.025399754965277566,163.35228603616213
49.95075345039368,15.303221822437422,14.527581783481775,0.0,0.0015055677817828763,-4.143487211328737e-06,84.79272135448025,-0.28373726400021476,-0.09041956437377578,0.48410396006984846,-89.92919384738204,-0.029746260883982363,163.4168995899498
50.001057863235474,15.423283478355577,14.474928259876165,0.0,0.0013589179299352367,-3.620297553234261e-06,85.42479366045076,-0.28373726400021476,-0.09041956437377578,0.48410396006984846,-89.92919384738204,-0.029746260883982363,163.4168995899498
50.0507493019104,15.423283478355577,14.474928259876165,0.0,0.0011078531285165234,-2.700818196202946e-06,86.7143640957621,-0.28373726400021476,-0.09041956437377578,0.48410396006984846,-89.92919384738204,-0.029746260883982363,163.4168995899498
50.10103440284729,15.543345134273766,14.422274736270568,0.0,0.0011078531285165234,-2.700818196202946e-06,86.7143640957621,-0.28373726400021476,-0.09041956437377578,0.48410396006984846,-89.92919384738204,-0.029746260883982363,163.4168995899498
50.15102958679199,15.543345134273766,14.422274736270568,0.0,0.0009073950222278437,-1.9512888735574684e-06,88.02806237023941,-0.28324230808418577,-0.09484193113580233,0.48440109083867255,-89.89687905246677,-0.030193715980050582,163.23183804574674
50.20060205459595,15.663406790191972,14.369621212664997,0.0,0.0008226573980889453,-1.630594864937204e-06,88.68978382119573,-0.28324230808418577,-0.09484193113580233,0.48440109083867255,-89.89200638913064,-0.0301914498531714,163.20661476572815
50.251166582107544,15.663406790191972,14.369621212664997,0.0,0.0008226573980889453,-1.630594864937204e-06,88.68978382119573,-0.28324230808418577,-0.09484193113580233,0.48440109083867255,-89.89200638913064,-0.0301914498531714,163.20661476572815
50.30099391937256,15.783468446110193,14.316967689059444,0.0,0.0007448286575504468,-1.3457208160564658e-06,89.3495744333737,-0.28324230808418577,-0.09484193113580233,0.48440109083867255,-89.89200638913064,-0.0301914498531714,163.20661476572815
50.350969552993774,15.783468446110193,14.316967689059444,0.0,0.0006729420726081452,-1.1014984525527047e-06,90.00637302080247,-0.28324230808418577,-0.09484193113580233,0.48440109083867255,-89.89200638913064,-0.0301914498531714,163.20661476572815
50.40065121650696,15.90353010202833,14.264314165453944,0.0,-0.07847162037990363,-0.15563212250207833,90.96016976469251,-0.2810557997527001,-0.09982612440408264,0.4847897568050392,-89.84937449024703,0.016524095920271473,162.49802747444147
50.450751066207886,15.90353010202833,14.264314165453944,0.0,-0.1370754927118954,-0.277309910803527,91.17362047292256,-0.2810557997527001,-0.09982612440408264,0.4847897568050392,-89.84937449024703,0.016524095920271473,162.49802747444147
50.50106072425842,16.023591757946495,14.211660641848297,0.0,-0.15171853102614533,-0.31638749882257705,91.38615417521365,-0.2810557997527001,-0.09982612440408264,0.4847897568050392,-89.84937449024703,0.016524095920271473,162.49802747444147
50.55101752281189,16.023591757946495,14.211660641848297,0.0,-0.12300695632785084,-0.2707820342322863,91.59936498627492,-0.2810557997527001,-0.09982612440408264,0.4847897568050392,-89.84937449024703,0.016524095920271473,162.49802747444147
50.60073924064636,16.14365341386465,14.159007118242474,0.0,-0.048786210683067245,-0.13897156379449357,91.8158457602171,-0.2810557997527001,-0.09982612440408264,0.4847897568050392,-89.84937449024703,0.016524095920271473,162.49802747444147
50.65112590789795,16.14365341386465,14.159007118242474,0.0,0.006040684691839509,0.022302561886999778,92.04313678654437,-0.28104954362357,-0.10324091597969512,0.4853052108381565,-89.85231761852617,-0.07411968079788507,162.40625969883106
50.70082497596741,16.26371506978286,14.106353594636508,0.0,0.005484246355058971,0.02120195529783022,92.2832708140379,-0.28104954362357,-0.10324091597969512,0.4853052108381565,-89.85291082953366,-0.0864962619781263,162.3937456230912
50.750892162323,16.26371506978286,14.106353594636508,0.0,0.005484246355058971,0.02120195529783022,92.2832708140379,-0.28104954362357,-0.10324091597969512,0.4853052108381565,-89.85291082953366,-0.0864962619781263,162.3937456230912
50.80077838897705,16.383776725701146,14.053700071030425,0.0,0.004987282819049479,0.020105887483940592,92.53384754373022,-0.28104954362357,-0.10324091597969512,0.4853052108381565,-89.85291082953366,-0.0864962619781263,162.3937456230912
50.85094332695007,16.383776725701146,14.053700071030425,0.0,0.004132639399674912,0.01790545983307245,93.07414500680268,-0.28104954362357,-0.10324091597969512,0.4853052108381565,-89.85291082953366,-0.0864962619781263,162.3937456230912
50.90068316459656,16.503838381619406,14.001046547424272,0.0,0.0037576561777102613,0.016791856356556476,93.36404434390641,-0.28018407480970814,-0.1045292151023989,0.4853308849256839,-89.87527121126088,-0.04721927079422195,161.0792400655643
50.95080876350403,16.503838381619406,14.001046547424272,0.0,0.003408627636472597,0.015665606939096955,93.66706193402977,-0.28018407480970814,-0.1045292151023989,0.4853308849256839,-89.87527121126088,-0.04721927079422195,161.0792400655643
51.000914335250854,16.623900037537595,13.948393023818069,0.0,0.0031003599782965896,0.014551070913204572,93.97751566984303,-0.28018407480970814,-0.1045292151023989,0.4853308849256839,-89.87527121126088,-0.04721927079422195,161.0792400655643
51.05072903633118,16.623900037537595,13.948393023818069,0.0,-0.02982925032147161,-0.034247565450947114,94.43393504116612,-0.28018407480970814,-0.1045292151023989,0.4853308849256839,-89.87527121126088,-0.04721927079422195,161.0792400655643
51.100823402404785,16.74396169345572,13.895739500211835,0.0,-0.11445952168312981,-0.16482903842120675,95.24713323114963,-0.2806305412588918,-0.10196800235778654,0.485245926675985,-89.95416538017083,0.16474981917569903,158.58075592843218
51.15097618103027,16.74396169345572,13.895739500211835,0.0,0.11686093514915122,-0.17062658434136885,95.90005893181967,-0.2806305412588918,-0.10196800235778654,0.485245926675985,-89.95416538017083,0.16474981917569903,158.58075592843218
51.20095109939575,16.86402334937386,13.843085976605684,0.0,0.7700953652445385,-0.06755435108353397,96.2489399215077,-0.2806305412588918,-0.10196800235778654,0.485245926675985,-89.96761786637485,0.19316437112124343,158.24005001463013
51.25054883956909,16.98408500529178,13.790432452999639,0.0,1.304418943777565,-0.04125100913168686,96.52624038335846,-0.2806305412588918,-0.10196800235778654,0.485245926675985,-89.96761786637485,0.19316437112124343,158.24005001463013
51.300904989242554,16.98408500529178,13.790432452999639,0.0,1.5978388926717015,-0.11616327665730626,96.69053222402303,-0.2806305412588918,-0.10196800235778654,0.485245926675985,-89.96761786637485,0.19316437112124343,158.24005001463013
51.351057291030884,17.10414666120949,13.737778929393636,0.0,2.202016263383259,-0.2513669285406104,96.99003101506743,-0.30047415478213463,-0.0969519787199439,0.48139942549089,-90.31242797272594,0.17061747235186153,157.35460064689727
51.401097536087036,17.10414666120949,13.737778929393636,0.0,2.4825812670782375,-0.32018776365589263,97.12011635284361,-0.30047415478213463,-0.0969519787199439,0.48139942549089,-90.31242797272594,0.17061747235186153,157.35460064689727
51.450780630111694,17.224208317127065,13.685125405787513,0.0,2.752247975883577,-0.3749817970165373,97.2514028404856,-0.30047415478213463,-0.0969519787199439,0.48139942549089,-90.31242797272594,0.17061747235186153,157.35460064689727
51.50073289871216,17.224208317127065,13.685125405787513,0.0,2.999612182541765,-0.4091937994055334,97.3815043403053,-0.30047415478213463,-0.0969519787199439,0.48139942549089,-90.31242797272594,0.17061747235186153,157.35460064689727
51.55103158950806,17.344269973044504,13.632471882181289,0.0,3.205896959366808,-0.41041439344543557,97.50866361572113,-0.30047415478213463,-0.0969519787199439,0.48139942549089,-90.31242797272594,0.17061747235186153,157.35460064689727
51.600778341293335,17.344269973044504,13.632471882181289,0.0,3.401740805352511,-0.403110765342339,97.63530239105553,-0.3091627970750254,-0.10623449199248441,0.48342537038078826,-90.40625124584179,0.19123163512763452,157.26698457332517
51.65072059631348,17.4643316289617,13.579818358574974,0.0,3.588536162083883,-0.387687363358078,97.76222278724974,-0.3091627970750254,-0.10623449199248441,0.48342537038078826,-90.41992478269954,0.19379890803730154,157.2550796495227
51.70086050033569,17.4643316289617,13.579818358574974,0.0,3.770447337984606,-0.36682024524151385,97.89014763783192,-0.3091627970750254,-0.10623449199248441,0.48342537038078826,-90.41992478269954,0.19379890803730154,157.2550796495227
51.751009464263916,17.58439328487877,13.527164834968465,0.0,3.947540797785687,-0.33892911271596715,98.02040942349197,-0.3091627970750254,-0.10623449199248441,0.48342537038078826,-90.41992478269954,0.19379890803730154,157.2550796495227
51.80061316490173,17.704454940795664,13.474511311361773,0.0,4.124151695926048,-0.30487173072610296,98.15510959375862,-0.3137361636559579,-0.1133420422823188,0.4841543981621568,-90.61646813895867,0.01673282680421035,156.7370248909996
51.85100698471069,17.704454940795664,13.474511311361773,0.0,4.302897012275832,-0.26410260369849087,98.29633331123095,-0.3137361636559579,-0.1133420422823188,0.4841543981621568,-90.61646813895867,0.01673282680421035,156.7370248909996
51.900923013687134,17.82451659671247,13.42185778775486,0.0,4.6683263685295895,-0.1591975626667259,98.60198999636543,-0.3137361636559579,-0.1133420422823188,0.4841543981621568,-90.61646813895867,0.01673282680421035,156.7370248909996
51.95075607299805,17.82451659671247,13.42185778775486,0.0,4.8590166247794695,-0.0937790649559769,98.77009336407508,-0.3137361636559579,-0.1133420422823188,0.4841543981621568,-90.61646813895867,0.01673282680421035,156.7370248909996
52.00070762634277,17.944578252629174,13.369204264147752,0.0,5.056734458531304,-0.018321720418465647,98.95067594349615,-0.3137361636559579,-0.1133420422823188,0.4841543981621568,-90.61646813895867,0.01673282680421035,156.7370248909996
52.05083346366882,17.944578252629174,13.369204264147752,0.0,5.21235885643786,0.04377007394799017,99.11358400195607,-0.3141765222346009,-0.1155001202539521,0.4843118774598839,-90.98774376936784,-0.15915525996923321,155.76550592957406
52.10089468955994,18.064639908546358,13.316550740540242,0.0,5.327101463643192,0.09954474110768288,99.2418823973609,-0.3141765222346009,-0.1155001202539521,0.4843118774598839,-91.0422221178627,-0.18425678766142026,155.63394413134256
52.15088367462158,18.064639908546358,13.316550740540242,0.0,5.422184315569329,0.15612314779507802,99.35731137786874,-0.3141765222346009,-0.1155001202539521,0.4843118774598839,-91.0422221178627,-0.18425678766142026,155.63394413134256
52.20083999633789,18.184701564463726,13.263897216932568,0.0,5.498398095593069,0.21414124483275357,99.46044297118489,-0.3141765222346009,-0.1155001202539521,0.4843118774598839,-91.0422221178627,-0.18425678766142026,155.63394413134256
52.250728130340576,18.304763220381066,13.211243693324835,0.0,5.5564813406442815,0.2741002022315923,99.55176450980476,-0.31124545771226797,-0.1220215519085386,0.48458371121141,-91.60004026899922,-0.2712765861267603,154.42344018146522
52.30075144767761,18.304763220381066,13.211243693324835,0.0,5.597100337188195,0.3363938786317077,99.63165366441326,-0.31124545771226797,-0.1220215519085386,0.48458371121141,-91.60004026899922,-0.2712765861267603,154.42344018146522
52.35062050819397,18.42482487629838,13.158590169717058,0.0,5.628213321596181,0.4691700699221169,99.75814641102073,-0.31124545771226797,-0.1220215519085386,0.48458371121141,-91.60004026899922,-0.2712765861267603,154.42344018146522
52.40070390701294,18.42482487629838,13.158590169717058,0.0,5.6196415822256105,0.5401026335253394,99.80505316468492,-0.31124545771226797,-0.1220215519085386,0.48458371121141,-91.60004026899922,-0.2712765861267603,154.42344018146522
52.45084834098816,18.544886532215664,13.105936646109237,0.0,5.595476898577942,0.6142938505633413,99.8411576738057,-0.31124545771226797,-0.1220215519085386,0.48458371121141,-91.60004026899922,-0.2712765861267603,154.42344018146522
52.50076341629028,18.544886532215664,13.105936646109237,0.0,5.555994169417298,0.6918741666281927,99.86645827540796,-0.30884807802620345,-0.12784725933618726,0.48547959003394237,-92.00498617391393,-0.40530437095166794,153.29920684548472
52.550843715667725,18.664948188132918,13.053283122501373,0.0,5.503886858126874,0.7599553187038309,99.8760728290559,-0.30884807802620345,-0.12784725933618726,0.48547959003394237,-92.06351749488124,-0.4252351694329909,153.14660286572706
52.60091280937195,18.664948188132918,13.053283122501373,0.0,5.592387360596322,0.45862342674011314,99.7911118402652,-0.30884807802620345,-0.12784725933618726,0.48547959003394237,-92.06351749488124,-0.4252351694329909,153.14660286572706
52.65074849128723,18.712972850505274,13.03222171305583,0.0,5.888078664292839,-0.1940627074037148,99.6177198277896,-0.30884807802620345,-0.12784725933618726,0.48547959003394237,-92.06351749488124,-0.4252351694329909,153.14660286572706
52.700740814208984,18.712972850505274,13.03222171305583,0.0,5.920910883813612,-0.5177507510486872,99.53090487990661,-0.2925627695214387,-0.12809930630520217,0.4964143234070332,-92.96422643140528,0.24768379768044108,154.79909952866123
52.750905990600586,18.712972850505054,13.032221713055904,0.0,5.839408263004842,-0.6348508422685711,99.50583885252765,-0.2925627695214387,-0.12809930630520217,0.4964143234070332,-93.42131553929126,0.550144254100156,157.83501966555062
52.8007435798645,18.712972850505054,13.032221713055904,0.0,5.768824251354485,-0.6293617006927639,99.51165243933089,-0.2925627695214387,-0.12809930630520217,0.4964143234070332,-93.42131553929126,0.550144254100156,157.83501966555062
52.85074043273926,18.712972850504865,13.032221713055952,0.0,5.704803570489055,-0.5127168427776025,99.53624973908458,-0.2925627695214387,-0.12809930630520217,0.4964143234070332,-93.42131553929126,0.550144254100156,157.83501966555062
52.90107750892639,18.712972850504716,13.032221713055977,0.0,5.66711451801759,-0.2742561037319988,99.53834453618838,-0.2925627695214387,-0.12809930630520217,0.4964143234070332,-93.42131553929126,0.550144254100156,157.83501966555062
52.9510223865509,18.712972850504716,13.032221713055977,0.0,5.5800094924208254,0.022494429178693248,99.50094796195707,-0.30390264057520855,-0.1293664524851649,0.48780045749439405,-93.37740553957141,-0.5845877581227349,165.9272974434345
53.000683307647705,18.712972850504304,13.03222171305602,0.0,5.146063586522655,0.1312626341120359,99.13881019855513,-0.30390264057520855,-0.1293664524851649,0.48780045749439405,-93.36995367874434,-0.7389590968332135,167.03055073089635
53.050793409347534,18.712972850504304,13.03222171305602,0.0,5.082315810179742,-0.0061434127847484156,98.99174656489919,-0.30390264057520855,-0.1293664524851649,0.48780045749439405,-93.36995367874434,-0.7389590968332135,167.03055073089635
53.10074591636658,18.712972850503718,13.032221713056039,0.0,4.934945352956773,-0.04980282823820527,98.86092785070211,-0.30390264057520855,-0.1293664524851649,0.48780045749439405,-93.36995367874434,-0.7389590968332135,167.03055073089635
53.150795221328735,18.712972850503718,13.032221713056039,0.0,4.817582252004966,-0.06086869418594895,98.76636281654143,-0.30390264057520855,-0.1293664524851649,0.48780045749439405,-93.36995367874434,-0.7389590968332135,167.03055073089635
53.20089340209961,18.712972850503327,13.032221713056018,0.0,4.722066045657175,-0.045831246704577513,98.69857579899788,-0.2987026568671841,-0.13203851545363693,0.4888263643034829,-94.01915232629767,-0.5332167016421672,177.3321694323542
53.25080680847168,18.712972850503327,13.032221713056018,0.0,4.640267099335525,-0.008974724552931825,98.64967257005738,-0.2987026568671841,-0.13203851545363693,0.4888263643034829,-94.01915232629767,-0.5332167016421672,177.3321694323542
53.300840854644775,18.71297285050297,13.032221713055971,0.0,4.537145315074564,0.005354946329187693,98.58681097794077,-0.2987026568671841,-0.13203851545363693,0.4888263643034829,-94.01915232629767,-0.5332167016421672,177.3321694323542
53.350749254226685,18.71297285050297,13.032221713055971,0.0,4.400900958808743,0.0019170112182894873,98.49518852725954,-0.2987026568671841,-0.13203851545363693,0.4888263643034829,-94.01915232629767,-0.5332167016421672,177.3321694323542
53.4007887840271,18.71297285050277,13.032221713055929,0.0,4.232435404066705,0.001720646764910556,98.39672970385665,-0.2991978426395864,-0.1290076458274234,0.487752737305449,-94.21662851650689,-0.6234686122083637,-173.80651004350574
53.45079946517944,18.71297285050277,13.032221713055929,0.0,4.03497325810282,0.0008310373403977496,98.26676608826445,-0.2991978426395864,-0.1290076458274234,0.487752737305449,-94.21662851650689,-0.6234686122083637,-173.80651004350574
53.50080871582031,18.712972850502545,13.032221713055865,0.0,3.8068142572294557,0.0005154598602033816,98.12010931697209,-0.2991978426395864,-0.1290076458274234,0.487752737305449,-94.24377472387529,-0.6358764975465605,-172.59798528170987
53.55074143409729,18.712972850502343,13.032221713055787,0.0,3.5505368268210993,0.0004333073451064083,97.96462566486026,-0.2991978426395864,-0.1290076458274234,0.487752737305449,-94.24377472387529,-0.6358764975465605,-172.59798528170987
53.60075926780701,18.712972850502343,13.032221713055787,0.0,2.9507441320328063,0.001577877275843051,97.64841181993764,-0.2991978426395864,-0.1290076458274234,0.487752737305449,-94.24377472387529,-0.6358764975465605,-172.59798528170987
53.650822162628174,18.712972850502144,13.032221713055696,0.0,2.6048530199655273,0.0006085975504732233,97.48568525492237,-0.2993347810178093,-0.133189256541247,0.4892412798588618,-93.51596660602506,-0.5569730642533955,-161.91772609382616
53.70100712776184,18.712972850502144,13.032221713055696,0.0,2.228325646396101,0.0004729454090527584,97.32901684820695,-0.2993347810178093,-0.133189256541247,0.4892412798588618,-93.51596660602506,-0.5569730642533955,-161.91772609382616
53.75076150894165,18.7129728505019,13.03222171305556,0.0,1.8172981941715334,0.00026536051439733817,97.17725799649523,-0.2993347810178093,-0.133189256541247,0.4892412798588618,-93.51596660602506,-0.5569730642533955,-161.91772609382616
53.80071711540222,18.7129728505019,13.03222171305556,0.0,1.3735694881067328,7.282857650144724e-05,97.0326031352593,-0.2993347810178093,-0.133189256541247,0.4892412798588618,-93.51596660602506,-0.5569730642533955,-161.91772609382616
53.85082006454468,18.71297285050163,13.03222171305538,0.0,0.8938312356003711,-3.236322647513022e-07,96.8924876254493,-0.30161983768837597,-0.13781937453094562,0.491895999672582,-92.25297759638337,-0.4319834340752176,-152.4362594005162
53.90090227127075,18.71297285050163,13.03222171305538,0.0,0.37421701784591477,0.0024178217428325335,96.75648215458297,-0.30161983768837597,-0.13781937453094562,0.491895999672582,-92.25297759638337,-0.4319834340752176,-152.4362594005162
53.95094084739685,18.712972850501366,13.032221713055176,0.0,-0.014873811402720384,-2.212739974097002e-06,96.59847861984537,-0.30161983768837597,-0.13781937453094562,0.491895999672582,-92.07684921515575,-0.4128574235374261,-151.13833573095727
54.00059103965759,18.71297285050108,13.032221713054923,0.0,-0.013937314316518247,-2.0103071529908724e-06,96.43460890242314,-0.30161983768837597,-0.13781937453094562,0.491895999672582,-92.07684921515575,-0.4128574235374261,-151.13833573095727
54.0505576133728,18.71297285050108,13.032221713054923,0.0,-0.029207379855586694,-4.843170311852719e-06,96.12184861335638,-0.30161983768837597,-0.13781937453094562,0.491895999672582,-92.07684921515575,-0.4128574235374261,-151.13833573095727
54.100855350494385,18.71297285050049,13.032221713054303,0.0,-0.006047589012286003,2.1816218319371746e-08,95.90451622429924,-0.30331464606406433,-0.12712615362116939,0.48980245549799706,-92.45579947055077,-0.4220726676419151,-140.06229944138255
54.151185274124146,18.71297285050049,13.032221713054303,0.0,-0.005469871612326281,8.355681977161537e-08,95.74125013670542,-0.30331464606406433,-0.12712615362116939,0.48980245549799706,-92.45579947055077,-0.4220726676419151,-140.06229944138255
54.20070719718933,18.71297285050035,13.032221713054126,0.0,-0.00494650512189542,1.1359953447106186e-07,95.60737830194223,-0.30331464606406433,-0.12712615362116939,0.48980245549799706,-92.45579947055077,-0.4220726676419151,-140.06229944138255
54.2507209777832,18.71297285050035,13.032221713054126,0.0,-0.00447311885360149,1.2324057709389271e-07,95.50342051990017,-0.30331464606406433,-0.12712615362116939,0.48980245549799706,-92.45579947055077,-0.4220726676419151,-140.06229944138255
54.30093741416931,18.712972850500268,13.032221713053996,0.0,-0.004044935403516268,1.1768106193496459e-07,95.42836305752247,-0.3003581056519154,-0.11447995010422729,0.4875423812696241,-92.83466358522267,-0.34499919736320833,-130.19445179199332
54.35086369514465,18.712972850500268,13.032221713053996,0.0,-0.0036576343910521684,1.0108432985343924e-07,95.38129075089392,-0.3003581056519154,-0.11447995010422729,0.4875423812696241,-92.83466358522267,-0.34499919736320833,-130.19445179199332
54.400930643081665,18.71297285050017,13.032221713053834,0.0,-0.003307308754340035,7.676503357874535e-08,95.36135984636232,-0.3003581056519154,-0.11447995010422729,0.4875423812696241,-92.87921611558059,-0.3321321865411645,-128.8487109311304
54.45072054862976,18.71297285050017,13.032221713053834,0.0,-0.002990425221489684,4.7344438507404636e-08,95.36777780785857,-0.3003581056519154,-0.11447995010422729,0.4875423812696241,-92.87921611558059,-0.3321321865411645,-128.8487109311304
54.50085735321045,18.71297285050009,13.032221713053664,0.0,-0.0027037885584483014,1.4879352690912521e-08,95.39978852909445,-0.3003581056519154,-0.11447995010422729,0.4875423812696241,-92.87921611558059,-0.3321321865411645,-128.8487109311304
54.55084466934204,18.712972850500023,13.032221713053499,0.0,-0.0024445092399199043,-1.90351539397916e-08,95.4566616116505,-0.2976250998999504,-0.10456072172042583,0.4856014697259373,-92.65210657303787,-0.22164196999183752,-117.93443030355009
54.60100960731506,18.712972850500023,13.032221713053499,0.0,-0.002209974201982363,-5.3267175901486845e-08,95.53768506693726,-0.2976250998999504,-0.10456072172042583,0.4856014697259373,-92.65210657303787,-0.22164196999183752,-117.93443030355009
54.65057682991028,18.712972850500034,13.032221713053532,0.0,-0.0018060311051371638,-1.4184678355483447e-07,95.79399331192289,-0.2976250998999504,-0.10456072172042583,0.4856014697259373,-92.65210657303787,-0.22164196999183752,-117.93443030355009
54.700783014297485,18.712972850500034,13.032221713053532,0.0,-0.0016326074514029945,-1.777468142892542e-07,95.96897750395891,-0.2976250998999504,-0.10456072172042583,0.4856014697259373,-92.65210657303787,-0.22164196999183752,-117.93443030355009
54.750903606414795,18.712972850499998,13.032221713053355,0.0,-0.0014758406110020822,-2.1047871240666804e-07,96.16840946199751,-0.2976250998999504,-0.10456072172042583,0.4856014697259373,-92.65210657303787,-0.22164196999183752,-117.93443030355009
54.80107021331787,18.712972850499998,13.032221713053355,0.0,-0.0013341403278541272,-2.400375616816378e-07,96.39136353294982,-0.2958040783275007,-0.09712959566349182,0.48411078059831514,-92.28349761893156,-0.1582991289588496,-108.47161561893387
54.85145616531372,18.712972850499963,13.032221713053168,0.0,-0.0012060685279338707,-2.648518490453347e-07,96.63740321932076,-0.2958040783275007,-0.09712959566349182,0.48411078059831514,-92.2349787203318,-0.15042236470995712,-107.18071653843283
54.900776863098145,18.712972850499963,13.032221713053168,0.0,-0.0010903233202349957,-2.883865695554745e-07,96.90627339675734,-0.2958040783275007,-0.09712959566349182,0.48411078059831514,-92.2349787203318,-0.15042236470995712,-107.18071653843283
54.950793981552124,18.712972850499952,13.032221713052964,0.0,-0.0009857280575101316,-3.08813889968838e-07,97.19584073927396,-0.2958040783275007,-0.09712959566349182,0.48411078059831514,-92.2349787203318,-0.15042236470995712,-107.18071653843283
55.00081181526184,18.712972850499952,13.032221713052964,0.0,-0.0008912179447442503,-3.2631459306040097e-07,97.50525925197822,-0.29437224808644774,-0.09269097929503226,0.4831506606882796,-91.9632202935758,-0.12720742934479165,-99.9071087173915
55.050904750823975,18.712972850499952,13.032221713052824,0.0,-0.0008058297293601217,-3.410837438171672e-07,97.83368640586686,-0.29437224808644774,-0.09269097929503226,0.4831506606882796,-91.83831145153269,-0.11735742339220345,-96.48291131836108
55.10084676742554,18.712972850499952,13.032221713052683,0.0,-0.000728691964292034,-3.533335365039558e-07,98.18028188454369,-0.29437224808644774,-0.09269097929503226,0.4831506606882796,-91.83831145153269,-0.11735742339220345,-96.48291131836108
55.15072774887085,18.712972850499952,13.032221713052683,0.0,-0.0006590162269453543,-3.632843300185904e-07,98.5442073413855,-0.29437224808644774,-0.09269097929503226,0.4831506606882796,-91.83831145153269,-0.11735742339220345,-96.48291131836108
55.20066785812378,18.712972850499934,13.032221713052756,0.0,0.0007189674404054135,0.13909647799912384,98.84839433194986,-0.29437224808644774,-0.09269097929503226,0.4831506606882796,-91.83831145153269,-0.11735742339220345,-96.48291131836108
55.25076365470886,18.712972850499934,13.032221713052756,0.0,0.0006468553167284706,0.1719872068388235,98.8532174608584,-0.2920748290039103,-0.0969763160868624,0.48092068419818856,-91.57525357079231,-0.22691648118693342,-86.64989021839034
55.30119609832764,18.712972850499863,13.032221713053051,0.0,0.0005795109616483775,0.1542783865739812,98.85021658313562,-0.2920748290039103,-0.0969763160868624,0.48092068419818856,-91.53828714095563,-0.2414979328366736,-85.30883401718117
55.350709676742554,18.712972850499863,13.032221713053051,0.0,5.951880591293557e-05,0.09260457521865985,98.84629799800906,-0.2920748290039103,-0.0969763160868624,0.48092068419818856,-91.53828714095563,-0.2414979328366736,-85.30883401718117
55.40083599090576,18.71297285049979,13.032221713053284,0.0,2.7130865961600935e-05,-0.012543124007981228,98.83708087200083,-0.2920748290039103,-0.0969763160868624,0.48092068419818856,-91.53828714095563,-0.2414979328366736,-85.30883401718117
55.45100116729736,18.71297285049979,13.032221713053284,0.0,2.6076954835783542e-05,-0.011425507821223311,98.86970024945354,-0.2820352605905628,-0.10876909083830111,0.48362697072556826,-91.37380903170333,-0.10112907463969326,-77.72225710243694
55.500990867614746,18.712972850499774,13.03222171305332,0.0,2.2737080040629546e-05,-0.010335617507324785,98.97804246084188,-0.2820352605905628,-0.10876909083830111,0.48362697072556826,-91.28353996453039,-0.031185936176593265,-74.1514814925218
55.550756216049194,18.712972850499774,13.03222171305332,0.0,-0.002313492268381509,-0.006429625505028469,99.16572307507998,-0.2820352605905628,-0.10876909083830111,0.48362697072556826,-91.28353996453039,-0.031185936176593265,-74.1514814925218
55.600714921951294,18.71297285049985,13.03222171305317,0.0,-0.002320275511280491,-0.005814731240079804,99.33829441468804,-0.2820352605905628,-0.10876909083830111,0.48362697072556826,-91.28353996453039,-0.031185936176593265,-74.1514814925218
55.65071368217468,18.712972850500055,13.032221713052838,0.0,-0.006031899533206592,-0.005258299804109838,99.53169486365931,-0.2820352605905628,-0.10876909083830111,0.48362697072556826,-91.28353996453039,-0.031185936176593265,-74.1514814925218
55.700974225997925,18.712972850500055,13.032221713052838,0.0,-0.0010983135604477438,-0.0012677300147429145,99.63306463886612,-0.27984669916473687,-0.1100954711885661,0.482881688826412,-91.14315551724027,-0.07569979050942019,-65.59110638229876
55.750641107559204,18.762026974901374,12.954675373199969,0.0,-0.011941360767152714,-0.6417478460348375,99.92620590713229,-0.27984669916473687,-0.1100954711885661,0.482881688826412,-91.12234859636006,-0.08120320522812682,-66.25142287607333
55.800734996795654,18.762026974901374,12.954675373199969,0.0,-0.009022867272774503,-0.9018213160221538,100.01980130799154,-0.27984669916473687,-0.1100954711885661,0.482881688826412,-91.12234859636006,-0.08120320522812682,-66.25142287607333
55.85084342956543,18.824803879159898,12.83961888807534,0.0,0.001336979088210589,-1.0648989964663502,100.09818167814603,-0.27984669916473687,-0.1100954711885661,0.482881688826412,-91.12234859636006,-0.08120320522812682,-66.25142287607333
55.900882720947266,18.824803879159898,12.83961888807534,0.0,0.0012052688888765737,-1.1285326509154165,100.18541001138726,-0.27984669916473687,-0.1100954711885661,0.482881688826412,-91.12234859636006,-0.08120320522812682,-66.25142287607333
55.950889348983765,18.878669671957176,12.720130767980228,0.0,0.01923204936557383,-1.0928545522774806,100.23883557705908,-0.27415630118054185,-0.11139281694296127,0.4845783892210983,-91.32047941184828,0.5193229532049792,-76.43293968607573
56.00085163116455,18.878669671957176,12.720130767980228,0.0,0.010490446396551972,-1.02500040934651,100.17603465846095,-0.27415630118054185,-0.11139281694296127,0.4845783892210983,-91.32047941184828,0.5193229532049792,-76.43293968607573
56.050843477249146,18.923313783325682,12.596899936620392,0.0,-0.0034868392518992786,-0.8938874603229066,100.07113777533372,-0.27415630118054185,-0.11139281694296127,0.4845783892210983,-91.32047941184828,0.5193229532049792,-76.43293968607573
56.10089659690857,18.923313783325682,12.596899936620392,0.0,-0.0031735183370145965,-0.6721209312098602,99.96307351590814,-0.27415630118054185,-0.11139281694296127,0.4845783892210983,-91.32047941184828,0.5193229532049792,-76.43293968607573
56.15081524848938,18.958478812055947,12.470636896771232,0.0,-0.0028992501532752956,-0.3748143673335555,99.85120155526744,-0.2927342059670487,-0.11593493684868278,0.48038275928049223,-90.64861726402505,-0.34561401942442027,-85.90249989493337
56.200721979141235,18.98396200977528,12.342069633785794,0.0,-0.002661063492562764,-0.004443472239119277,99.73341108777586,-0.2927342059670487,-0.11593493684868278,0.48038275928049223,-90.5575884899927,-0.46382111030226414,-87.19401328363755
56.25062084197998,18.98396200977528,12.342069633785794,0.0,-0.002199150629001954,0.034375738797370256,99.5112003609578,-0.2927342059670487,-0.11593493684868278,0.48038275928049223,-90.5575884899927,-0.46382111030226414,-87.19401328363755
56.30071425437927,18.99961644991906,12.211939418304153,0.0,-0.0019854172907222425,0.03323786198710883,99.40247682219236,-0.2927342059670487,-0.11593493684868278,0.48038275928049223,-90.5575884899927,-0.46382111030226414,-87.19401328363755
56.35075545310974,18.99961644991906,12.211939418304153,0.0,-0.0017923697082956676,0.03210114948065719,99.29294930128093,-0.2927342059670487,-0.11593493684868278,0.48038275928049223,-90.5575884899927,-0.46382111030226414,-87.19401328363755
56.40116858482361,19.0053518748542,12.080996532364034,0.0,-0.001618735829015657,0.030965669549912058,99.1814614752715,-0.29738164347635404,-0.116931319352605,0.481222060794288,-90.56973892371727,-0.15246346919492806,-97.28393104607285
56.4509060382843,19.0053518748542,12.080996532364034,0.0,-0.006973671318184113,0.029827948288823087,98.9859588250477,-0.29738164347635404,-0.116931319352605,0.481222060794288,-90.56973892371727,-0.15246346919492806,-97.28393104607285
56.500709772109985,19.00113521627061,11.949995943556553,0.0,-0.0036530609900824523,0.025147836460576053,98.73872285441212,-0.29738164347635404,-0.116931319352605,0.481222060794288,-90.56973892371727,-0.15246346919492806,-97.28393104607285
56.550981760025024,19.00113521627061,11.949995943556553,0.0,-0.003286542674024033,0.0236600081141815,98.47387102234876,-0.29738164347635404,-0.116931319352605,0.481222060794288,-90.56973892371727,-0.15246346919492806,-97.28393104607285
56.600929975509644,18.986990785840888,11.819692952166015,0.0,-0.002943645677343946,0.022194279880405985,98.18779156659245,-0.29869126437557025,-0.12042968467688442,0.482618115970624,-90.53931041772312,0.0719098061388831,-106.05246877968091
56.650919675827026,18.986990785840888,11.819692952166015,0.0,-0.0026277282908688995,0.02075551070519685,97.8807482857729,-0.29869126437557025,-0.12042968467688442,0.482618115970624,-90.53931041772312,0.0719098061388831,-106.05246877968091
56.70090913772583,18.96300013504833,11.690838836391388,0.0,-0.002343000546279071,0.019349418606828553,97.55302817588871,-0.29869126437557025,-0.12042968467688442,0.482618115970624,-90.53520514444058,0.1024847017514106,-107.24815734004225
56.75093078613281,18.929301584991546,11.56417652075811,0.0,-0.0018164118904978447,0.016583670799288155,96.83676973011919,-0.29869126437557025,-0.12042968467688442,0.482618115970624,-90.53520514444058,0.1024847017514106,-107.24815734004225
56.80070781707764,18.929301584991546,11.56417652075811,0.0,-0.0009731277043274637,0.01457319245812953,96.4484600069692,-0.29869126437557025,-0.12042968467688442,0.482618115970624,-90.53520514444058,0.1024847017514106,-107.24815734004225
56.850749254226685,18.886089428876897,11.440436292693644,0.0,-0.0002861635411091047,0.012732110520317244,96.04381138644837,-0.30060667432678495,-0.12323731882292532,0.48365189480715676,-90.39840392492394,0.18029927062517048,-117.30048917581901
56.90101099014282,18.886089428876897,11.440436292693644,0.0,-0.00026029197971158004,0.011606527022604856,95.63188200634403,-0.30060667432678495,-0.12323731882292532,0.48365189480715676,-90.39840392492394,0.18029927062517048,-117.30048917581901
56.95083475112915,18.833612811796623,11.320331591963976,0.0,-0.0001992284053296912,0.010468287592529834,95.21366965265032,-0.30060667432678495,-0.12323731882292532,0.48365189480715676,-90.39840392492394,0.18029927062517048,-117.30048917581901
57.00085687637329,18.833612811796623,11.320331591963976,0.0,-0.0001576476334640881,0.009449217283923268,94.78870326165976,-0.30060667432678495,-0.12323731882292532,0.48365189480715676,-90.39840392492394,0.18029927062517048,-117.30048917581901
57.05080580711365,18.77217429425183,11.20455489724756,0.0,-0.00011997890837886629,0.008525327204195562,94.35786221379732,-0.3027763991381546,-0.12422540967266396,0.48444529760011323,-90.25741298894539,0.18204556234154018,-126.13741037086092
57.100810527801514,18.77217429425183,11.20455489724756,0.0,-0.00010810564086582298,0.007710099334204369,93.91299192676482,-0.3027763991381546,-0.12422540967266396,0.48444529760011323,-90.25741298894539,0.18204556234154018,-126.13741037086092
57.15102982521057,18.70212810770227,11.093773733563118,0.0,-9.72665150642971e-05,0.006972653900922646,93.44754582276698,-0.3027763991381546,-0.12422540967266396,0.48444529760011323,-90.23872920063711,0.18205588875972525,-127.34238182341015
57.201072216033936,18.70212810770227,11.093773733563118,0.0,-8.516705143737872e-05,0.0063038491895241276,92.97342751695257,-0.3027763991381546,-0.12422540967266396,0.48444529760011323,-90.23872920063711,0.18205588875972525,-127.34238182341015
57.25073981285095,18.62387811219944,10.988626823568882,0.0,-4.621881433608742e-05,0.005668398564514041,92.49340230369667,-0.3027763991381546,-0.12422540967266396,0.48444529760011323,-90.23872920063711,0.18205588875972525,-127.34238182341015
57.30101943016052,18.5378754678827,10.889720404929884,0.0,-4.053027881081435e-05,0.005126282424442912,92.00071248573158,-0.3056677231211978,-0.1246246530102206,0.4851643172671386,-90.04790200927921,0.155944734928974,-137.12605650743072
57.35096836090088,18.5378754678827,10.889720404929884,0.0,-3.256301473922595e-05,0.004192595508844678,90.9805154178509,-0.3056677231211978,-0.1246246530102206,0.4851643172671386,-90.04790200927921,0.155944734928974,-137.12605650743072
57.400755405426025,18.444616033757523,10.797624734976761,0.0,-3.0504575816113345e-05,0.003791586759652167,90.45652087177324,-0.3056677231211978,-0.1246246530102206,0.4851643172671386,-90.04790200927921,0.155944734928974,-137.12605650743072
57.45088601112366,18.444616033757523,10.797624734976761,0.0,-2.8601538167632843e-05,0.003428946745466186,89.92682724843088,-0.3056677231211978,-0.1246246530102206,0.4851643172671386,-90.04790200927921,0.155944734928974,-137.12605650743072
57.500816345214844,18.344637508759043,10.71287080281673,0.0,-2.482036181470201e-05,0.003100987227961032,89.39712564490898,-0.3056677231211978,-0.1246246530102206,0.4851643172671386,-90.04790200927921,0.155944734928974,-137.12605650743072
57.55114436149597,18.344637508759043,10.71287080281673,0.0,-1.956492131811091e-05,0.0028043846666326224,88.86920041196944,-0.30954711899815873,-0.1244048018836031,0.48586269803588633,-89.87444202858947,0.12562050096174057,-145.41915837181097
57.601221561431885,18.238516331581437,10.635947267849213,0.0,-1.380717492859348e-05,0.002535973215042617,88.34565095660534,-0.30954711899815873,-0.1244048018836031,0.48586269803588633,-89.85256581609025,0.12085579838900802,-146.5499480549713
57.65073370933533,18.238516331581437,10.635947267849213,0.0,-8.740032377269132e-06,0.00229220416826821,87.83100771010218,-0.30954711899815873,-0.1244048018836031,0.48586269803588633,-89.85256581609025,0.12085579838900802,-146.5499480549713
57.700697898864746,18.12686435714819,10.567297642338753,0.0,-5.062529821065717e-06,0.0020707350653451123,87.32647026874706,-0.30954711899815873,-0.1244048018836031,0.48586269803588633,-89.85256581609025,0.12085579838900802,-146.5499480549713
57.75073719024658,18.12686435714819,10.567297642338753,0.0,-5.0596810001063074e-06,0.0018713114522682071,86.83247334908988,-0.3139448424342898,-0.12219765301555532,0.48652324103321176,-89.75756404806489,0.09583468892394044,-152.80024267256363
57.8007595539093,18.010325328887184,10.507317734290284,0.0,-6.665617911809498e-06,0.0016918769999036164,86.33709890971366,-0.3139448424342898,-0.12219765301555532,0.48652324103321176,-89.71855429959918,0.08236723629889228,-155.74145368124658
57.8508939743042,18.010325328887184,10.507317734290284,0.0,-7.134054795582108e-06,0.0015290039267863511,85.82410688004656,-0.3139448424342898,-0.12219765301555532,0.48652324103321176,-89.71855429959918,0.08236723629889228,-155.74145368124658
57.90083956718445,17.889571167145938,10.456353365367587,0.0,-6.0809494517796985e-06,0.0013818274636259481,85.29897704949214,-0.3139448424342898,-0.12219765301555532,0.48652324103321176,-89.71855429959918,0.08236723629889228,-155.74145368124658
57.950817823410034,17.765298095151813,10.414698377015965,0.0,-3.381438807613046e-06,0.0012495984005272984,84.77888645611303,-0.3139448424342898,-0.12219765301555532,0.48652324103321176,-89.71855429959918,0.08236723629889228,-155.74145368124658
58.00075912475586,17.765298095151813,10.414698377015965,0.0,-5.615609661430774e-07,0.001130023663108583,84.27356455822623,-0.318439812746066,-0.11941951893741232,0.48709313845512126,-89.65687984096355,0.049312789062912116,-163.48653272528813
58.050940990448,17.63822262484869,10.38259293628209,0.0,3.1201757579213146e-06,0.0009207857735725309,83.28614976993268,-0.318439812746066,-0.11941951893741232,0.48709313845512126,-89.65074859005027,0.04432512656277693,-164.54268375452142
58.100677251815796,17.63822262484869,10.38259293628209,0.0,3.4418399106409633e-06,0.0008289443187725495,82.79918975631915,-0.318439812746066,-0.11941951893741232,0.48709313845512126,-89.65074859005027,0.04432512656277693,-164.54268375452142
58.15072178840637,17.509077425759116,10.360222151101208,0.0,2.0364398956250994e-06,0.0007448125453467243,82.31218294205097,-0.318439812746066,-0.11941951893741232,0.48709313845512126,-89.65074859005027,0.04432512656277693,-164.54268375452142
58.20085620880127,17.509077425759116,10.360222151101208,0.0,-2.0641666933718325e-06,0.0006684964552915928,81.8190101006431,-0.318439812746066,-0.11941951893741232,0.48709313845512126,-89.65074859005027,0.04432512656277693,-164.54268375452142
58.25086545944214,17.378607100685812,10.347715003034049,0.0,-0.143004872391601,0.13887633610125827,81.84201154843285,-0.3241333272032812,-0.11535476016004659,0.4871107097497399,-89.65036981666186,-0.013875963078422517,-173.17661779168293
58.30111241340637,17.378607100685812,10.347715003034049,0.0,-0.2897186641028465,0.4220533624571589,81.95375364250413,-0.3241333272032812,-0.11535476016004659,0.4871107097497399,-89.65036981666186,-0.013875963078422517,-173.17661779168293
58.35071063041687,17.24756389261138,10.34514360360746,0.0,-0.36974610448196676,0.9184519697817416,81.86884242710408,-0.3241333272032812,-0.11535476016004659,0.4871107097497399,-89.65036981666186,-0.013875963078422517,-173.17661779168293
58.40074348449707,17.24756389261138,10.34514360360746,0.0,-0.45148414131719505,1.364884023291673,81.75885406089375,-0.3241333272032812,-0.11535476016004659,0.4871107097497399,-89.65036981666186,-0.013875963078422517,-173.17661779168293
58.45081830024719,17.11670334754659,10.352522778546613,0.0,-0.5302855096010073,1.773450309119135,81.62854671892312,-0.333969643621848,-0.09764820499322757,0.4686361275846811,-90.02162784066327,-1.1775624968254583,177.84797105834699
58.500855445861816,16.986779958335934,10.369809982295191,0.0,-0.6025751909094474,2.1507462389070926,81.4793064685433,-0.333969643621848,-0.09764820499322757,0.4686361275846811,-90.0555537385925,-1.3334306975065768,176.6257013788874
58.5510790348053,16.986779958335934,10.369809982295191,0.0,-0.6673160153631863,2.5032989479866696,81.3129939277497,-0.333969643621848,-0.09764820499322757,0.4686361275846811,-90.0555537385925,-1.3334306975065768,176.6257013788874
58.60082817077637,16.858542814534548,10.396905543317194,0.0,-0.7757738177724016,3.146680244162005,80.93559402345336,-0.333969643621848,-0.09764820499322757,0.4686361275846811,-90.0555537385925,-1.3334306975065768,176.6257013788874
58.65076422691345,16.858542814534548,10.396905543317194,0.0,-0.8192147175128599,3.4401272818151907,80.7243516682817,-0.333969643621848,-0.09764820499322757,0.4686361275846811,-90.0555537385925,-1.3334306975065768,176.6257013788874
58.70081973075867,16.732731283438735,10.433653238765642,0.0,-0.857305637078762,3.716997287467428,80.49892762063152,-0.3263755207408741,-0.09541536276307686,0.4703364772406663,-90.04878391696815,-1.639891747094228,168.11673503001128
58.75082755088806,16.732731283438735,10.433653238765642,0.0,-0.8912652637053384,3.9764399877224115,80.25820301636297,-0.3263755207408741,-0.09541536276307686,0.4703364772406663,-90.04878391696815,-1.639891747094228,168.11673503001128
58.80087637901306,16.61007074717135,10.479841195204894,0.0,-0.9229672899794488,4.217411720005931,80.00369470860207,-0.3263755207408741,-0.09541536276307686,0.4703364772406663,-90.04878391696815,-1.639891747094228,168.11673503001128
58.8507981300354,16.61007074717135,10.479841195204894,0.0,-0.9536265730183439,4.438002587012196,79.73687427516747,-0.3263755207408741,-0.09541536276307686,0.4703364772406663,-90.04878391696815,-1.639891747094228,168.11673503001128
58.90084624290466,16.491268420400218,10.535203110193567,0.0,-0.9853700213182294,4.636605479480017,79.45828846919508,-0.3164328291637458,-0.0967328680665194,0.4780095870815301,-89.99642058055201,-1.7256141626051305,160.20630146937523
58.95080518722534,16.377009272803733,10.599419787684447,0.0,-1.0200786416224594,4.813706700658477,79.1684750587517,-0.3164328291637458,-0.0967328680665194,0.4780095870815301,-89.99103860448832,-1.7374477547234222,159.12768519453377
59.001155376434326,16.377009272803733,10.599419787684447,0.0,-1.0562588929774779,4.964262889705606,78.87014200597329,-0.3164328291637458,-0.0967328680665194,0.4780095870815301,-89.99103860448832,-1.7374477547234222,159.12768519453377
59.05111289024353,16.267952079792252,10.67212097838935,0.0,-1.131338970313896,5.182119521239699,78.24809872797371,-0.3164328291637458,-0.0967328680665194,0.4780095870815301,-89.99103860448832,-1.7374477547234222,159.12768519453377
59.100839376449585,16.267952079792252,10.67212097838935,0.0,-1.1680860719551311,5.244558397648435,77.92743570254261,-0.3164328291637458,-0.0967328680665194,0.4780095870815301,-89.99103860448832,-1.7374477547234222,159.12768519453377
59.150935888290405,16.164725624256235,10.752887514497624,0.0,-1.1988468281930968,5.272574346871474,77.60063054026709,-0.3074119548504073,-0.09931715497484062,0.48669428495465195,-89.95963585874777,-1.8319832721847618,149.58879265643662
59.20124673843384,16.164725624256235,10.752887514497624,0.0,-1.2194284157569217,5.263871436503967,77.26933955731916,-0.3074119548504073,-0.09931715497484062,0.48669428495465195,-89.95963585874777,-1.8319832721847618,149.58879265643662
59.250831842422485,16.06792507123969,10.8412537264407,0.0,-1.2222068224329188,5.2141486527931304,76.93158318829737,-0.3074119548504073,-0.09931715497484062,0.48669428495465195,-89.95963585874777,-1.8319832721847618,149.58879265643662
59.30073928833008,16.06792507123969,10.8412537264407,0.0,-1.2024699706305984,5.114732096314619,76.58766948813597,-0.3074119548504073,-0.09931715497484062,0.48669428495465195,-89.95963585874777,-1.8319832721847618,149.58879265643662
59.350992918014526,15.978108536441725,10.936710127768146,0.0,-1.1485128475577562,4.960743110688873,76.23529740178917,-0.2985739745013676,-0.09990230311447745,0.4983685565252358,-89.94988444119221,-1.7584236718687223,140.97856709795076
59.40080118179321,15.978108536441725,10.936710127768146,0.0,-1.0446397931404374,4.741964661992496,75.87232858900668,-0.2985739745013676,-0.09990230311447745,0.4983685565252358,-89.94988444119221,-1.7584236718687223,140.97856709795076
59.450677156448364,15.895793868330495,11.038706352655785,0.0,-0.8775167342178386,4.445459092683383,75.49740494967348,-0.2985739745013676,-0.09990230311447745,0.4983685565252358,-89.94902088559164,-1.7484119555313298,139.8044615820009
59.5008282661438,15.821455662423457,11.146654329108276,0.0,-0.6327376577717487,4.079356042493162,75.09978502874138,-0.2985739745013676,-0.09990230311447745,0.4983685565252358,-89.94902088559164,-1.7484119555313298,139.8044615820009
59.55073809623718,15.821455662423457,11.146654329108276,0.0,0.06061343352895159,2.948513043773001,74.4310599706065,-0.2985739745013676,-0.09990230311447745,0.4983685565252358,-89.94902088559164,-1.7484119555313298,139.8044615820009
59.60092377662659,15.755522524947425,11.259931669561913,0.0,0.045720510767544194,1.9726011136354313,74.29651322276807,-0.27751789234664387,-0.08017146635744904,0.5331307191257566,-89.98989841348357,-0.7199927003117942,129.9346752568031
59.65074014663696,15.755522524947425,11.259931669561913,0.0,0.016105808834935835,0.907880907238922,74.12000266633733,-0.27751789234664387,-0.08017146635744904,0.5331307191257566,-89.98989841348357,-0.7199927003117942,129.9346752568031
59.70098829269409,15.6983746016556,11.377885259338033,0.0,0.0037954292768967784,-0.028649255332646232,73.91379659486637,-0.27751789234664387,-0.08017146635744904,0.5331307191257566,-89.98989841348357,-0.7199927003117942,129.9346752568031
59.75088453292847,15.6983746016556,11.377885259338033,0.0,0.0037966074127188166,-0.02793685896038211,73.6777123806172,-0.27751789234664387,-0.08017146635744904,0.5331307191257566,-89.98989841348357,-0.7199927003117942,129.9346752568031
59.80070376396179,15.650341386049677,11.499835022257018,0.0,0.003797483402784417,-0.027185625071998485,73.45592851922804,-0.27751789234664387,-0.08017146635744904,0.5331307191257566,-89.98989841348357,-0.7199927003117942,129.9346752568031
59.850823640823364,15.650341386049677,11.499835022257018,0.0,0.003797654907798871,-0.026399229552195806,73.24477038628201,-0.24494383407039072,-0.0355669390513943,0.5758818139593599,-88.64303258582493,-0.018197871898712508,117.21605314748575
59.90090608596802,15.611699819643222,11.625077841704707,0.0,0.003796850876470267,-0.025581031374005605,73.04059680303641,-0.24494383407039072,-0.0355669390513943,0.5758818139593599,-88.2966470076031,0.06033178491795377,115.43943445175445
59.95073056221008,15.611699819643222,11.625077841704707,0.0,0.0037950243622102858,-0.02473405914986718,72.83941249900879,-0.24494383407039072,-0.0355669390513943,0.5758818139593599,-88.2966470076031,0.06033178491795377,115.43943445175445
60.00129818916321,15.58267269522196,11.752891614536042,0.0,0.003794097886049397,-0.023860957187010392,72.64151405579973,-0.24494383407039072,-0.0355669390513943,0.5758818139593599,-88.2966470076031,0.06033178491795377,115.43943445175445
60.05062127113342,15.58267269522196,11.752891614536042,0.0,0.0037951971850102434,-0.022964238731178584,72.44682235372349,-0.24494383407039072,-0.0355669390513943,0.5758818139593599,-88.2966470076031,0.06033178491795377,115.43943445175445
60.100916385650635,15.563427372303291,11.882539414453028,0.0,0.0037979435893607146,-0.022046209470929966,72.23288157869634,-0.2019495101531409,-0.004580499723108887,0.6217273092335802,-85.7313867860861,-0.7590052710918167,100.93977352584946
60.15086317062378,15.563427372303291,11.882539414453028,0.0,0.0037085162087274353,-0.021000277048799303,71.98877342941906,-0.2019495101531409,-0.004580499723108887,0.6217273092335802,-85.7313867860861,-0.7590052710918167,100.93977352584946
60.2007622718811,15.554074812204181,12.013273740844973,0.0,0.0035329461035543573,-0.019834488310933516,71.72958005401493,-0.2019495101531409,-0.004580499723108887,0.6217273092335802,-85.7313867860861,-0.7590052710918167,100.93977352584946
60.25072240829468,15.554074812204181,12.013273740844973,0.0,0.0033893430622956022,-0.01868751146737253,71.46724611845812,-0.2019495101531409,-0.004580499723108887,0.6217273092335802,-85.7313867860861,-0.7590052710918167,100.93977352584946
60.30078935623169,15.554668938280075,12.14434082859686,0.0,0.00330578972343053,-0.01758815176375102,71.20097665817676,-0.12723867843025055,0.00026270833157757134,0.6732277214504122,-82.73566174299077,-2.438174425540091,91.68735979771897
60.35083317756653,15.554668938280075,12.14434082859686,0.0,0.002950231345919041,-0.01613341659129782,70.92152659668527,-0.12723867843025055,0.00026270833157757134,0.6732277214504122,-82.73566174299077,-2.438174425540091,91.68735979771897
60.400714635849,15.565206325022757,12.27498499401663,0.0,0.0026928950742475077,-0.014778908367231983,70.62623476329264,-0.12723867843025055,0.00026270833157757134,0.6732277214504122,-82.33467162844396,-2.700083143477266,90.41462135695983
60.45102047920227,15.583142427158535,12.391580466611332,0.0,0.002449124984452497,-0.013433619676302156,70.31743105500362,-0.12723867843025055,0.00026270833157757134,0.6732277214504122,-82.33467162844396,-2.700083143477266,90.41462135695983
60.50141716003418,15.583142427158535,12.391580466611332,0.0,-0.04077170542641199,0.11458693304230588,70.01003688717773,-0.12723867843025055,0.00026270833157757134,0.6732277214504122,-82.33467162844396,-2.700083143477266,90.41462135695983
60.55093598365784,15.583142427158569,12.391580466611467,0.0,-0.08918134463223407,0.48676402363099563,69.38112335188801,-0.05756935432016875,-0.021296325847945958,0.6991114166007649,-79.07599977155668,-6.027927433614209,80.53866610801796
60.600807189941406,15.583142427158569,12.391580466611467,0.0,-0.0726479736373498,0.5589082341652121,69.05771398966453,-0.05756935432016875,-0.021296325847945958,0.6991114166007649,-79.07599977155668,-6.027927433614209,80.53866610801796
60.65084671974182,15.583142427158611,12.391580466611607,0.0,-0.029469498538226255,0.5603230038643251,68.73436693934225,-0.05756935432016875,-0.021296325847945958,0.6991114166007649,-79.07599977155668,-6.027927433614209,80.53866610801796
60.70123767852783,15.583142427158611,12.391580466611607,0.0,0.0035894380961052808,0.4822032554734428,68.41411815658994,-0.05756935432016875,-0.021296325847945958,0.6991114166007649,-79.07599977155668,-6.027927433614209,80.53866610801796
60.75069046020508,15.58314242715878,12.391580466612016,0.0,0.003289846873645761,0.3322437484700826,68.07405939157485,-1.4321134729551599e-05,-0.06553447942778637,0.7007773842148303,-77.96821524618288,-8.512716415070773,71.83947276564953
60.80091142654419,15.58314242715878,12.391580466612016,0.0,0.003037723555089677,0.13288270277902067,67.70663128196334,-1.4321134729551599e-05,-0.06553447942778637,0.7007773842148303,-77.96821524618288,-8.512716415070773,71.83947276564953
60.85117864608765,15.583142427159101,12.391580466612657,0.0,0.0027937128177350917,-0.007643741392286233,67.29456711966782,-1.4321134729551599e-05,-0.06553447942778637,0.7007773842148303,-77.8805591977195,-8.847411387208052,70.66845146158677
60.90089225769043,15.583142427159725,12.391580466613714,0.0,0.0025269957516195316,-0.006912832330313753,66.79627369446413,-1.4321134729551599e-05,-0.06553447942778637,0.7007773842148303,-77.8805591977195,-8.847411387208052,70.66845146158677
60.95091652870178,15.583142427159725,12.391580466613714,0.0,0.0020675635042545193,-0.005653963651489669,65.61359187842687,-1.4321134729551599e-05,-0.06553447942778637,0.7007773842148303,-77.8805591977195,-8.847411387208052,70.66845146158677
61.000874757766724,15.583142427160299,12.39158046661453,0.0,0.001870206857241287,-0.00511329005551284,64.95159255189243,0.024500627376254483,-0.11910073607354679,0.6822230464497671,-78.64303628067921,-11.97961503851688,64.48474763712305
61.050758838653564,15.583142427160299,12.39158046661453,0.0,0.00169169626186818,-0.004624313491304978,64.25116182502379,0.024500627376254483,-0.11910073607354679,0.6822230464497671,-78.64303628067921,-11.97961503851688,64.48474763712305
61.10089826583862,15.583142427160896,12.391580466615258,0.0,0.001530230126099632,-0.004182090844691796,63.517678691187456,0.024500627376254483,-0.11910073607354679,0.6822230464497671,-78.64303628067921,-11.97961503851688,64.48474763712305
61.15082883834839,15.583142427160896,12.391580466615258,0.0,0.0013841778829696582,-0.0037821520385727513,62.75571763282569,0.024500627376254483,-0.11910073607354679,0.6822230464497671,-78.64303628067921,-11.97961503851688,64.48474763712305
61.20080494880676,15.583142427161485,12.39158046661588,0.0,0.0012520643191557693,-0.003420454397568122,61.96905194312923,0.016010248602545366,-0.16936377668691774,0.6517084389870663,-81.59198445635276,-13.58900149958145,61.79846277425562
61.25074243545532,15.583142427161485,12.39158046661588,0.0,0.1825244547698702,-0.13581383047413467,61.70672815491897,0.016010248602545366,-0.16936377668691774,0.6517084389870663,-81.59198445635276,-13.58900149958145,61.79846277425562
61.300899505615234,15.583142427161858,12.391580466616222,0.0,0.5285459755691234,-0.3238925535634072,62.009742012664226,0.016010248602545366,-0.16936377668691774,0.6517084389870663,-82.11321381641922,-13.667426780735758,61.466813124541105
61.35119652748108,15.583142427161983,12.39158046661632,0.0,0.8439373584320864,-0.4452379488277724,62.32664217794601,0.016010248602545366,-0.16936377668691774,0.6517084389870663,-82.11321381641922,-13.667426780735758,61.466813124541105
61.40060758590698,15.583142427161983,12.39158046661632,0.0,1.3556830992773699,-0.6003259996281362,62.94967532162217,0.016010248602545366,-0.16936377668691774,0.6517084389870663,-82.11321381641922,-13.667426780735758,61.466813124541105
61.45100545883179,15.58314242716204,12.391580466616361,0.0,1.5535365003737318,-0.6468147679529357,63.25825739043724,-0.009221683262709474,-0.1914411452641938,0.620339857318392,-90.47092219479784,-11.648832897116733,52.73583817071969
61.50100088119507,15.58314242716204,12.391580466616361,0.0,1.7131691579613118,-0.6795263296589432,63.565735859233264,-0.009221683262709474,-0.1914411452641938,0.620339857318392,-90.47092219479784,-11.648832897116733,52.73583817071969
61.55073666572571,15.583142427162024,12.391580466616356,0.0,1.8345190480498499,-0.7028384432028953,63.87235493803191,-0.009221683262709474,-0.1914411452641938,0.620339857318392,-90.47092219479784,-11.648832897116733,52.73583817071969
61.600812911987305,15.583142427162024,12.391580466616356,0.0,1.917242695617172,-0.7206224337782128,64.17819870899393,-0.009221683262709474,-0.1914411452641938,0.620339857318392,-90.47092219479784,-11.648832897116733,52.73583817071969
61.65071749687195,15.583142427161945,12.391580466616322,0.0,1.960749534913224,-0.7363416425939604,64.48327588430656,-0.053829144293686765,-0.21635935373035142,0.5916689063403744,-94.15315019375947,-8.35794940247916,50.39991359692919
61.70083498954773,15.583142427161807,12.391580466616272,0.0,1.9267088149486071,-0.7738671388617676,65.09111917816428,-0.053829144293686765,-0.21635935373035142,0.5916689063403744,-94.6276391792734,-7.764291668764002,50.041991492704916
61.75075912475586,15.583142427161807,12.391580466616272,0.0,1.847029249727386,-0.8012103345610014,65.39396097489676,-0.053829144293686765,-0.21635935373035142,0.5916689063403744,-94.6276391792734,-7.764291668764002,50.041991492704916
61.800761699676514,15.583142427161617,12.39158046661622,0.0,1.7239259876680295,-0.8376546492745467,65.69622941549024,-0.053829144293686765,-0.21635935373035142,0.5916689063403744,-94.6276391792734,-7.764291668764002,50.041991492704916
61.850948095321655,15.583142427161617,12.39158046661622,0.0,1.556030206247146,-0.8855457466622758,65.99812672510416,-0.10365497813502636,-0.23487896262519264,0.5666697343455046,-95.365460511342,-4.988606699005333,47.3573748736509
61.900716066360474,15.583142427161373,12.39158046661617,0.0,1.3419054997620377,-0.9470796733943394,66.2999341025573,-0.10365497813502636,-0.23487896262519264,0.5666697343455046,-95.60662510390391,-3.575972303312189,46.06015280481505
61.9509379863739,15.583142427161373,12.39158046661617,0.0,1.0798204964044338,-1.024780795428895,66.60169807023902,-0.10365497813502636,-0.23487896262519264,0.5666697343455046,-95.60662510390391,-3.575972303312189,46.06015280481505
62.00071406364441,15.583142427161107,12.391580466616137,0.0,0.7666829119677484,-1.1232282831069984,66.90194416527478,-0.10365497813502636,-0.23487896262519264,0.5666697343455046,-95.60662510390391,-3.575972303312189,46.06015280481505
62.05076313018799,15.583142427160809,12.391580466616123,0.0,-0.025930128032212566,-1.4003888255532477,67.49534483576613,-0.10365497813502636,-0.23487896262519264,0.5666697343455046,-95.60662510390391,-3.575972303312189,46.06015280481505
62.10121750831604,15.583142427160809,12.391580466616123,0.0,-0.025233321001004536,-1.1606690570818141,67.6469343682653,-0.1522891050204099,-0.2402192169056282,0.5466799560622078,-94.8591018442299,-1.2389650295976464,39.10212494814229
62.15079355239868,15.583142427160494,12.391580466616128,0.0,-0.024417767493308706,-0.8308567017994648,67.74745673563062,-0.1522891050204099,-0.2402192169056282,0.5466799560622078,-94.74776833215574,-0.9334633650875724,38.15724043252929
62.20081353187561,15.583142427160494,12.391580466616128,0.0,-0.023562424392374246,-0.4072790910580515,67.8053331000764,-0.1522891050204099,-0.2402192169056282,0.5466799560622078,-94.74776833215574,-0.9334633650875724,38.15724043252929
62.25125551223755,15.58314242716028,12.391580466616151,0.0,-0.022656630876942516,-0.0018557835739346407,67.8206888474528,-0.1522891050204099,-0.2402192169056282,0.5466799560622078,-94.74776833215574,-0.9334633650875724,38.15724043252929
62.30085754394531,15.58314242716028,12.391580466616151,0.0,-0.021738873112501965,-0.0018556852109725328,67.79118195099609,-0.19657030268903075,-0.2239747382800556,0.5282553884220372,-96.21673342442945,0.6181648488558864,34.55568360414627
62.35077714920044,15.583142427160174,12.391580466616176,0.0,-0.020784514654517097,-0.001855559744627497,67.73434424708033,-0.19657030268903075,-0.2239747382800556,0.5282553884220372,-96.6380592559792,1.5272522200736842,32.83620901767513
62.400660276412964,15.583142427159904,12.391580466616249,0.0,-0.018779682311467243,-0.001855244219900256,67.52893173487581,-0.19657030268903075,-0.2239747382800556,0.5282553884220372,-96.6380592559792,1.5272522200736842,32.83620901767513
62.45081686973572,15.583142427159904,12.391580466616249,0.0,-0.01773523949645867,-0.0018550458867893484,67.37729882427048,-0.19657030268903075,-0.2239747382800556,0.5282553884220372,-96.6380592559792,1.5272522200736842,32.83620901767513
62.50072121620178,15.583142427159672,12.39158046661633,0.0,-0.016666323935932682,-0.001854816699281917,67.19212983439473,-0.19657030268903075,-0.2239747382800556,0.5282553884220372,-96.6380592559792,1.5272522200736842,32.83620901767513
62.55096507072449,15.583142427159672,12.39158046661633,0.0,-0.015575278256262889,-0.0018545548055774325,66.97333053155455,-0.22192980118220096,-0.20739815465578246,0.5151108589872951,-96.52688217870119,3.0466509802446105,23.052684459365942
62.6007342338562,15.583142427159444,12.391580466616428,0.0,-0.014464221101947084,-0.0018542589852190104,66.7211431611891,-0.22192980118220096,-0.20739815465578246,0.5151108589872951,-96.4994519253145,3.25637498792935,21.718379196672633
62.65082764625549,15.583142427159444,12.391580466616428,0.0,-0.01333506869403901,-0.0018534369189603921,66.43606235780203,-0.22192980118220096,-0.20739815465578246,0.5151108589872951,-96.4994519253145,3.25637498792935,21.718379196672633
62.700719356536865,15.583142427159219,12.39158046661655,0.0,-0.012189571734689347,-0.001788694803971264,66.11877001469915,-0.22192980118220096,-0.20739815465578246,0.5151108589872951,-96.4994519253145,3.25637498792935,21.718379196672633
62.75087308883667,15.583142427159036,12.391580466616665,0.0,-0.009985328955602628,-0.0014770679452756372,65.38802967086036,-0.24408867463879486,-0.19183522310974188,0.505144773901153,-95.33836038922304,3.499800609036185,8.795923491649088
62.80102467536926,15.583142427159036,12.391580466616665,0.0,-0.00902974912992479,-0.001335479487276969,64.9747962561345,-0.24408867463879486,-0.19183522310974188,0.505144773901153,-95.33836038922304,3.499800609036185,8.795923491649088
62.8508563041687,15.58314242715887,12.391580466616784,0.0,0.00411403812929279,-0.024682031088556818,64.58912321848611,-0.24408867463879486,-0.19183522310974188,0.505144773901153,-95.33836038922304,3.499800609036185,8.795923491649088
62.90089797973633,15.58314242715887,12.391580466616784,0.0,-0.002411332960908294,-0.06957187368821634,64.26870954927483,-0.24408867463879486,-0.19183522310974188,0.505144773901153,-95.33836038922304,3.499800609036185,8.795923491649088
62.95062184333801,15.583142427158569,12.391580466617047,0.0,-0.002176713461272042,-0.08220372471527315,63.949935136732506,-0.2601517904481631,-0.17566955971528342,0.4981002255101862,-94.47187415877471,3.1626991237271147,-3.343404821101045
63.00083661079407,15.583142427158569,12.391580466617047,0.0,-0.0019698072459307697,-0.0749332778943715,63.63186894015557,-0.2601517904481631,-0.17566955971528342,0.4981002255101862,-94.47187415877471,3.1626991237271147,-3.343404821101045
63.05132842063904,15.583142427158197,12.391580466617418,0.0,-0.0017873659531389655,-0.05000578227786706,63.31344365061756,-0.2601517904481631,-0.17566955971528342,0.4981002255101862,-94.35739285172,3.11416067946532,-4.998210795281037
63.10086989402771,15.58314242715793,12.391580466617722,0.0,-0.0016266023544367584,-0.009223204057758705,62.994046043026486,-0.2601517904481631,-0.17566955971528342,0.4981002255101862,-94.35739285172,3.11416067946532,-4.998210795281037
63.150949239730835,15.58314242715793,12.391580466617722,0.0,-0.0013308892403426234,-0.00012740761022126055,62.268273601061324,-0.2601517904481631,-0.17566955971528342,0.4981002255101862,-94.35739285172,3.11416067946532,-4.998210795281037
63.20075798034668,15.583142427157801,12.3915804666179,0.0,-0.0012026642559558314,-0.00011520892182449641,61.87443915316235,-0.2715763934274882,-0.16089963703565097,0.49286223713065525,-93.58214978660389,2.440182082645019,-18.70098558686068
63.250747203826904,15.583142427157801,12.3915804666179,0.0,-0.0010866983846050215,-0.00010418097202372115,61.46357160847888,-0.2715763934274882,-0.16089963703565097,0.49286223713065525,-93.58214978660389,2.440182082645019,-18.70098558686068
63.30103874206543,15.583142427157757,12.391580466617965,0.0,-0.0009818378856068916,-9.420608404444011e-05,61.024228920222704,-0.2715763934274882,-0.16089963703565097,0.49286223713065525,-93.58214978660389,2.440182082645019,-18.70098558686068
63.35087490081787,15.583142427157757,12.391580466617965,0.0,-0.0008870256615713766,-8.519705980095177e-05,60.555464439528755,-0.2715763934274882,-0.16089963703565097,0.49286223713065525,-93.58214978660389,2.440182082645019,-18.70098558686068
63.40096306800842,15.583142427157744,12.391580466617995,0.0,-0.0008013029222988156,-7.706623081914388e-05,60.06430267354729,-0.27691127713829716,-0.1514884054998959,0.4893308923919131,-93.13307342226194,1.9402091427449488,-29.98012210982285
63.45074486732483,15.583142427157744,12.391580466617995,0.0,-0.000723813701519951,-6.972560211404242e-05,59.56213734728733,-0.27691127713829716,-0.1514884054998959,0.4893308923919131,-93.13307342226194,1.9402091427449488,-29.98012210982285
63.50080394744873,15.583142427157668,12.391580466618173,0.0,-0.0006537932159555744,-6.309217333900039e-05,59.056947098656245,-0.27691127713829716,-0.1514884054998959,0.4893308923919131,-93.07186545412537,1.8720203355985905,-31.518316458134247
63.550748109817505,15.58314242715758,12.391580466618436,0.0,-0.000590535825477576,-5.709801452364428e-05,58.553266214398924,-0.27691127713829716,-0.1514884054998959,0.4893308923919131,-93.07186545412537,1.8720203355985905,-31.518316458134247
63.600703954696655,15.58314242715758,12.391580466618436,0.0,-0.0004817944648328605,-4.6784676498205664e-05,57.55048427874588,-0.27691127713829716,-0.1514884054998959,0.4893308923919131,-93.07186545412537,1.8720203355985905,-31.518316458134247
63.6511287689209,15.583142427157506,12.39158046661871,0.0,-0.00043520028442840494,-4.235960273891219e-05,57.05138558255492,-0.28096473220902685,-0.1437490350919904,0.4870101691573374,-92.62194494357473,1.4069142759917663,-43.64091552738389
63.70077705383301,15.583142427157506,12.39158046661871,0.0,-0.0003931374563393138,-3.836011569807381e-05,56.55390690904089,-0.28096473220902685,-0.1437490350919904,0.4870101691573374,-92.62194494357473,1.4069142759917663,-43.64091552738389
63.75091004371643,15.583142427157458,12.39158046661899,0.0,-0.0003551741529703209,-3.4745211578188455e-05,56.05815769399068,-0.28096473220902685,-0.1437490350919904,0.4870101691573374,-92.62194494357473,1.4069142759917663,-43.64091552738389
63.80075407028198,15.583142427157458,12.39158046661899,0.0,-0.0003209195675823459,-3.1477845606879146e-05,55.564264707158415,-0.28096473220902685,-0.1437490350919904,0.4870101691573374,-92.62194494357473,1.4069142759917663,-43.64091552738389
63.8510320186615,15.58314242715743,12.391580466619272,0.0,-0.0002900199871667308,-2.8524549779904233e-05,55.07236344101072,-0.28499062950076937,-0.13651201416590208,0.48557078796719044,-92.2539246015064,1.101135298240525,-53.68105115779793
63.90075397491455,15.58314242715743,12.391580466619272,0.0,-0.00026215524163886194,-2.5855084043488913e-05,54.5825919414235,-0.28499062950076937,-0.13651201416590208,0.48557078796719044,-92.2539246015064,1.101135298240525,-53.68105115779793
63.95076107978821,15.583142427157423,12.391580466619553,0.0,-0.00023703549600506232,-2.34421249939916e-05,54.09508645957941,-0.28499062950076937,-0.13651201416590208,0.48557078796719044,-92.20487668132213,1.05873501929448,-55.050171758489746
64.00094056129456,15.583142427157435,12.391580466619796,0.0,-0.00021441240836950185,-2.1252773223784092e-05,53.60347201500309,-0.28499062950076937,-0.13651201416590208,0.48557078796719044,-92.20487668132213,1.05873501929448,-55.050171758489746
64.05058217048645,15.583142427157435,12.391580466619796,0.0,-0.00017569544483440568,-1.7475448359000532e-05,52.56002447374421,-0.28499062950076937,-0.13651201416590208,0.48557078796719044,-92.20487668132213,1.05873501929448,-55.050171758489746
64.1008689403534,15.583142427157469,12.391580466620054,0.0,-0.00015918643985828672,-1.585183094501431e-05,52.00401054278193,-0.2882637309190389,-0.13125815813965397,0.484680774841981,-91.84664550679487,0.8075821007572404,-65.58142980119473
64.15070915222168,15.583142427157469,12.391580466620054,0.0,-0.00014433480157367566,-1.4382816420999508e-05,51.42365372921611,-0.2882637309190389,-0.13125815813965397,0.484680774841981,-91.84664550679487,0.8075821007572404,-65.58142980119473
64.20104098320007,15.586196512358692,12.40432976115407,0.0,0.0010758514064954604,0.153371777380569,50.8125977959638,-0.2882637309190389,-0.13125815813965397,0.484680774841981,-91.84664550679487,0.8075821007572404,-65.58142980119473
64.25089526176453,15.586196512358692,12.40432976115407,0.0,0.0008235356614898726,0.43403453925763946,50.1790038518337,-0.2882637309190389,-0.13125815813965397,0.484680774841981,-91.84664550679487,0.8075821007572404,-65.58142980119473
64.30114006996155,15.6167373643862,12.53182270655662,0.0,0.0006684975030488028,0.5754768174216848,49.53930095175993,-0.2939770140780038,-0.13018861102211193,0.4786296410535307,-91.33901480093628,0.3360550184080332,-68.69222673170961
64.35080528259277,15.647278216413724,12.659315651959176,0.0,0.0005934784475287418,0.4931768350594458,48.2691989884217,-0.2939770140780038,-0.13018861102211193,0.4786296410535307,-91.27457091650177,0.2689624685845706,-68.46372915705773
64.40103340148926,15.647278216413724,12.659315651959176,0.0,0.0006450470418050546,0.28819690104822315,47.64006700227661,-0.2939770140780038,-0.13018861102211193,0.4786296410535307,-91.27457091650177,0.2689624685845706,-68.46372915705773
64.45069670677185,15.67781906844126,12.786808597361732,0.0,0.0007400237046496766,-0.01668558856252153,47.014701164418085,-0.2939770140780038,-0.13018861102211193,0.4786296410535307,-91.27457091650177,0.2689624685845706,-68.46372915705773
64.50072193145752,15.67781906844126,12.786808597361732,0.0,0.00045493185207708977,-0.015322180849429217,46.38310452252907,-0.287356084444635,-0.12569188457620933,0.4872939175901665,-91.46439779070775,0.511587097868928,-67.80223050053289
64.55093932151794,15.70835992046879,12.914301542764303,0.0,0.0004105695957881804,-0.014212510708709943,45.72263377687591,-0.287356084444635,-0.12569188457620933,0.4872939175901665,-91.55309891729863,0.6260446470967728,-67.49100922757877
64.60102462768555,15.70835992046879,12.914301542764303,0.0,0.0003701748845629327,-0.013101997339935528,45.03369521225563,-0.287356084444635,-0.12569188457620933,0.4872939175901665,-91.55309891729863,0.6260446470967728,-67.49100922757877
64.65073871612549,15.738900772496237,13.041794488166762,0.0,0.00033383588262497955,-0.011991149407882064,44.34578317379183,-0.287356084444635,-0.12569188457620933,0.4872939175901665,-91.55309891729863,0.6260446470967728,-67.49100922757877
64.70067501068115,15.76944162452374,13.16928743356914,0.0,0.0002746111876875476,-0.009842974809652424,42.98391640779369,-0.287356084444635,-0.12569188457620933,0.4872939175901665,-91.55309891729863,0.6260446470967728,-67.49100922757877
64.7507209777832,15.76944162452374,13.16928743356914,0.0,0.0002485394950196157,-0.008901791480817167,42.29016225882734,-0.2867601765481605,-0.12336100171930856,0.4850263268577052,-91.38187256589646,0.3886682514133938,-65.97938146420115
64.80085921287537,15.79998247655124,13.296780378971395,0.0,0.00022448912764122756,-0.008050600680287547,41.58891141891988,-0.2867601765481605,-0.12336100171930856,0.4850263268577052,-91.35923030781595,0.3557997592261914,-65.77330154252707
64.85073208808899,15.79998247655124,13.296780378971395,0.0,0.0002022339591582029,-0.007280797762754415,40.88082111827222,-0.2867601765481605,-0.12336100171930856,0.4850263268577052,-91.35923030781595,0.3557997592261914,-65.77330154252707
64.90147233009338,15.83052332857876,13.42427332437363,0.0,0.00018165485350771213,-0.00658460075663618,40.16640268798163,-0.2867601765481605,-0.12336100171930856,0.4850263268577052,-91.35923030781595,0.3557997592261914,-65.77330154252707
64.95081901550293,15.83052332857876,13.42427332437363,0.0,0.00016272076922541835,-0.00595497171463887,39.44605764434027,-0.2842485260034105,-0.12095762741701986,0.4842816123065935,-91.28338719719089,0.2764531804981771,-64.50380051345326
65.00089979171753,15.861064180606304,13.551766269775845,0.0,0.00014620800066225746,-0.005385537431515759,38.728859889560546,-0.2842485260034105,-0.12095762741701986,0.4842816123065935,-91.24814552153077,0.23854651008009697,-63.90643218357707
65.05087399482727,15.89160503263388,13.679259215178075,0.0,0.00012057017650907177,-0.004404795873680678,37.301389422550336,-0.2842485260034105,-0.12095762741701986,0.4842816123065935,-91.24814552153077,0.23854651008009697,-63.90643218357707
65.1007308959961,15.89160503263388,13.679259215178075,0.0,0.00010710271007973246,-0.000237478029710152,36.585041627562624,-0.2842485260034105,-0.12095762741701986,0.4842816123065935,-91.24814552153077,0.23854651008009697,-63.90643218357707
65.15085911750793,15.924589152823573,13.816951596211988,0.0,9.691451412863408e-05,-0.00021473085179012338,35.86596054464801,-0.2842485260034105,-0.12095762741701986,0.4842816123065935,-91.24814552153077,0.23854651008009697,-63.90643218357707
65.2007143497467,15.924589152823573,13.816951596211988,0.0,8.727568557023118e-05,-0.0001941585813925467,35.143629409073476,-0.2817593035306445,-0.11804598229422991,0.48413335670895274,-91.15476862448546,0.19948910039415566,-62.17262224942196
65.25119805335999,15.958184090053987,13.957193836154527,0.0,7.495171769232467e-05,0.004970038660861546,34.418394883100355,-0.2817593035306445,-0.11804598229422991,0.48413335670895274,-91.14212446696096,0.19395901420989214,-61.93619821140844
65.3010082244873,15.958184090053987,13.957193836154527,0.0,7.176315504348671e-05,-0.003053077763796758,33.69210754877067,-0.2817593035306445,-0.11804598229422991,0.48413335670895274,-91.14212446696096,0.19395901420989214,-61.93619821140844
65.35093855857849,15.995138521007345,14.11146030009079,0.0,6.595968191027023e-05,-0.0027611169881809118,32.94994778863445,-0.2817593035306445,-0.11804598229422991,0.48413335670895274,-91.14212446696096,0.19395901420989214,-61.93619821140844
65.40060544013977,16.033940673508404,14.273440087223866,0.0,5.563290642699108e-05,-0.0022213552767402544,31.44632066737037,-0.27986165534739693,-0.1159561546967336,0.4842122622284156,-91.01842121030417,0.1865389109932673,-59.642807825979105
65.4507703781128,16.033940673508404,14.273440087223866,0.0,4.983423810143262e-05,-0.002008923031629939,30.6867833326143,-0.27986165534739693,-0.1159561546967336,0.4842122622284156,-91.01842121030417,0.1865389109932673,-59.642807825979105
65.50087308883667,16.07459054755732,14.443133197554504,0.0,4.375574374119175e-05,-0.001816803320707793,29.920324077020446,-0.27986165534739693,-0.1159561546967336,0.4842122622284156,-91.01842121030417,0.1865389109932673,-59.642807825979105
65.55083274841309,16.07459054755732,14.443133197554504,0.0,3.823705828708767e-05,-0.001826552765776079,29.15119364254837,-0.27986165534739693,-0.1159561546967336,0.4842122622284156,-91.01842121030417,0.1865389109932673,-59.642807825979105
65.6008791923523,16.11849241153,14.626401756711005,0.0,3.2902307397260456e-05,-0.0016483989747167489,28.371729125521803,-0.27876559601001644,-0.11487112945573232,0.4844187764483564,-90.87951435669584,0.19574383036057838,-57.258820464552784
65.65085220336914,16.16365442159809,14.814930802287744,0.0,2.4702745463961266e-05,-0.0014830932440394388,27.571702062164707,-0.27876559601001644,-0.11487112945573232,0.4844187764483564,-90.8609171838109,0.1965474578968512,-56.933707977083564
65.70071935653687,16.16365442159809,14.814930802287744,0.0,1.3931194225346951e-05,-0.0030195470932355096,25.93487558832463,-0.27876559601001644,-0.11487112945573232,0.4844187764483564,-90.8609171838109,0.1965474578968512,-56.933707977083564
65.75101780891418,16.212840769197197,15.020259465788136,0.0,1.1149775108765283e-05,-0.0027307538335498995,25.109647631622767,-0.27876559601001644,-0.11487112945573232,0.4844187764483564,-90.8609171838109,0.1965474578968512,-56.933707977083564
65.80081367492676,16.212840769197197,15.020259465788136,0.0,8.615404925861536e-06,-0.0024670344076176227,24.27980145296133,-0.27887766841899286,-0.11502020134918972,0.48444805544851666,-90.721223346795,0.19870283473359748,-54.74196850230122
65.85081553459167,16.26399457070009,15.233801275827647,0.0,-0.0006723959392510579,-0.00458320965083052,23.44494041224378,-0.27887766841899286,-0.11502020134918972,0.48444805544851666,-90.65801784705118,0.19769218545601366,-53.71041376070345
65.9008240699768,16.31809955305911,15.459662805678022,0.0,-0.0006085318715548377,-0.004144936350189054,22.60411137598156,-0.27887766841899286,-0.11502020134918972,0.48444805544851666,-90.65801784705118,0.19769218545601366,-53.71041376070345
65.95100021362305,16.31809955305911,15.459662805678022,0.0,-1.1999206467307815,0.05829368227778014,22.70268469906904,-0.27887766841899286,-0.11502020134918972,0.48444805544851666,-90.65801784705118,0.19769218545601366,-53.71041376070345
66.00067162513733,16.37653293400656,15.703593257915468,0.0,-1.9118579087888408,0.05332082242447127,23.01075219190894,-0.27887766841899286,-0.11502020134918972,0.48444805544851666,-90.65801784705118,0.19769218545601366,-53.71041376070345
66.05087518692017,16.37653293400656,15.703593257915468,0.0,-2.6254749080533544,-0.012363043080825266,23.341337554667835,-0.29504306566594685,-0.11093203726137388,0.46939415329548395,-90.16723293168727,-1.0067554337077624,-52.79492957656142
66.10073280334473,16.43604841460127,15.952040940751125,0.0,-3.269240045018234,-0.005189801650042887,23.6843731058227,-0.29504306566594685,-0.11093203726137388,0.46939415329548395,-90.12098363607463,-1.1750929192271264,-52.66986046486601
66.1510603427887,16.43604841460127,15.952040940751125,0.0,-3.8257560392638053,0.08510189016781511,24.029344398532523,-0.29504306566594685,-0.11093203726137388,0.46939415329548395,-90.12098363607463,-1.1750929192271264,-52.66986046486601
66.20071172714233,16.500920288449088,16.22284891504094,0.0,-4.213381667937363,0.23348296857277098,24.25051593200916,-0.29504306566594685,-0.11093203726137388,0.46939415329548395,-90.12098363607463,-1.1750929192271264,-52.66986046486601
66.25129628181458,16.568351327962358,16.504340139692612,0.0,-4.185683577281666,0.6950105444653246,24.13463212264447,-0.3119349501326887,-0.09866597207317028,0.4595135699913617,-90.0001454603556,-1.8003182762690044,-49.819231004671586
66.30072379112244,16.568351327962358,16.504340139692612,0.0,-4.235849917853281,2.015799484536589,23.746344170712057,-0.3119349501326887,-0.09866597207317028,0.4595135699913617,-90.0001454603556,-1.8003182762690044,-49.819231004671586
66.35112118721008,16.640365059481603,16.804961835923905,0.0,-4.30675524318767,2.78279289241183,23.488965469565734,-0.3119349501326887,-0.09866597207317028,0.4595135699913617,-90.0001454603556,-1.8003182762690044,-49.819231004671586
66.40075421333313,16.640365059481603,16.804961835923905,0.0,-4.3561107401426025,3.583868474088568,23.19837366478906,-0.3119349501326887,-0.09866597207317028,0.4595135699913617,-90.0001454603556,-1.8003182762690044,-49.819231004671586
66.45073938369751,16.715259340261174,17.117608400003036,0.0,-4.132129222566853,4.3930315480453315,22.914886502054948,-0.32615626242946155,-0.0985336534526711,0.4548962172431431,-90.05277023116567,-2.2577573723648654,-45.27889294135502
66.50098776817322,16.79447444493204,17.448292265857685,0.0,-3.906683215666107,5.15781463312569,22.631765792216026,-0.32615626242946155,-0.0985336534526711,0.4548962172431431,-90.06896282651533,-2.319070418068409,-44.659403384646765
66.55068254470825,16.79447444493204,17.448292265857685,0.0,-3.370711571359448,6.660604681181692,22.060330122190056,-0.32615626242946155,-0.0985336534526711,0.4548962172431431,-90.06896282651533,-2.319070418068409,-44.659403384646765
66.60070514678955,16.87844245588253,17.798817163662097,0.0,-2.973315082627182,7.506379697686915,21.75932444925892,-0.32615626242946155,-0.0985336534526711,0.4548962172431431,-90.06896282651533,-2.319070418068409,-44.659403384646765
66.65088105201721,16.87844245588253,17.798817163662097,0.0,-2.5607198011695615,8.328907236556505,21.45732371212298,-0.32615626242946155,-0.0985336534526711,0.4548962172431431,-90.06896282651533,-2.319070418068409,-44.659403384646765
66.70074939727783,16.96557907101996,18.16256941610238,0.0,-2.1258684298048527,9.136209009368015,21.154913726723397,-0.32455070928215696,-0.09162369182111978,0.46536105420097373,-90.66897650078569,-1.922213469813021,-41.07093717687559
66.75074005126953,16.96557907101996,18.16256941610238,0.0,-1.5174976940175304,10.111652619314185,20.845844689551008,-0.32455070928215696,-0.09162369182111978,0.46536105420097373,-90.66897650078569,-1.922213469813021,-41.07093717687559
66.80121970176697,17.060557981519093,18.559059371260687,0.0,-0.8855234216136926,11.069261073983622,20.53650834451819,-0.32455070928215696,-0.09162369182111978,0.46536105420097373,-90.66897650078569,-1.922213469813021,-41.07093717687559
66.850834608078,17.157366760935748,18.963188123720002,0.0,-0.22336386094146946,12.016868685837474,20.22771970909911,-0.32455070928215696,-0.09162369182111978,0.46536105420097373,-90.66897650078569,-1.922213469813021,-41.07093717687559
66.90081000328064,17.157366760935748,18.963188123720002,0.0,0.051631257783541516,13.344506410937871,19.598067380821345,-0.3169592032798962,-0.08886939890818593,0.4786611906930677,-91.96407562238473,-1.825471717693085,-39.1219223104449
66.95096278190613,17.262802065251403,19.40332834917319,0.0,0.05136054864910628,13.822170266297972,19.299007481728772,-0.3169592032798962,-0.08886939890818593,0.4786611906930677,-92.1586398731342,-1.8081395092205972,-38.86664352577185
67.00072717666626,17.262802065251403,19.40332834917319,0.0,0.05099502642936194,14.206680042019192,19.01419206562137,-0.3169592032798962,-0.08886939890818593,0.4786611906930677,-92.1586398731342,-1.8081395092205972,-38.86664352577185
67.05090188980103,17.3692917226097,19.847869976878762,0.0,0.05054498169205758,14.565969647598463,18.7416067405007,-0.3169592032798962,-0.08886939890818593,0.4786611906930677,-92.1586398731342,-1.8081395092205972,-38.86664352577185
67.10070419311523,17.3692917226097,19.847869976878762,0.0,0.05002023528298427,14.929181170916246,18.476051277030916,-0.2977165984318118,-0.10101182169642654,0.49759480342160567,-92.86429352532409,-2.4620883128941062,-36.975085734820865
67.15099716186523,17.485270557356944,20.332024224877337,0.0,0.04942085044561656,15.20328123458923,18.2162684855822,-0.2977165984318118,-0.10101182169642654,0.49759480342160567,-93.10714539215604,-2.7855107772293923,-36.091186010715255
67.20118594169617,17.60124939210419,20.81617847287591,0.0,0.048745992449213016,15.393154627993063,17.962938289302006,-0.2977165984318118,-0.10101182169642654,0.49759480342160567,-93.10714539215604,-2.7855107772293923,-36.091186010715255
67.25081443786621,17.60124939210419,20.81617847287591,0.0,0.048007467839678644,15.502544619824173,17.71640892800264,-0.2977165984318118,-0.10101182169642654,0.49759480342160567,-93.10714539215604,-2.7855107772293923,-36.091186010715255
67.30127549171448,17.717228226851436,21.30033272087449,0.0,0.04637391458824056,15.490440397467891,17.24405300897956,-0.2977165984318118,-0.10101182169642654,0.49759480342160567,-93.10714539215604,-2.7855107772293923,-36.091186010715255
67.35094738006592,17.717228226851436,21.30033272087449,0.0,0.045474157211677156,15.372665215294944,17.018043301300864,-0.2800637823778868,-0.10143182677562715,0.5188360184689309,-93.87417412976178,-3.054390123151578,-33.892293116588554
67.40106987953186,17.83320706159868,21.784486968873075,0.0,0.04452714491406191,15.182126135795857,16.798562870638207,-0.2800637823778868,-0.10143182677562715,0.5188360184689309,-93.96344743127028,-3.0936041228871867,-33.59609717189728
67.45074272155762,17.83320706159868,21.784486968873075,0.0,0.043545553656380305,14.919652104722223,16.585374530200944,-0.2800637823778868,-0.10143182677562715,0.5188360184689309,-93.96344743127028,-3.0936041228871867,-33.59609717189728
67.50090026855469,17.949185896345927,22.268641216871664,0.0,0.042529485189746835,14.58581821808646,16.378221717997782,-0.2800637823778868,-0.10143182677562715,0.5188360184689309,-93.96344743127028,-3.0936041228871867,-33.59609717189728
67.55083465576172,18.065164731093173,22.752795464870253,0.0,0.04147384380406637,14.1810451090267,16.17683657903147,-0.2642572831647982,-0.09825838270650883,0.5373948839020823,-94.10871324084202,-3.1918342661105594,-31.907698723662065
67.6007354259491,18.065164731093173,22.752795464870253,0.0,0.040385304441501665,13.705628685333718,15.98094438920112,-0.2642572831647982,-0.09825838270650883,0.5373948839020823,-94.10871324084202,-3.1918342661105594,-31.907698723662065
67.65092396736145,18.18114356584042,23.236949712868842,0.0,0.03815017070921704,12.543459535207493,15.604517268971229,-0.2642572831647982,-0.09825838270650883,0.5373948839020823,-94.10871324084202,-3.1918342661105594,-31.907698723662065
67.70091319084167,18.18114356584042,23.236949712868842,0.0,0.036999209097419335,11.856858560264413,15.423407812623461,-0.2642572831647982,-0.09825838270650883,0.5373948839020823,-94.10871324084202,-3.1918342661105594,-31.907698723662065
67.75069761276245,18.297122400587664,23.72110396086743,0.0,0.03582821953191736,11.099986563517234,15.246637715835728,-0.2520540609155675,-0.09674906577624756,0.5523846886674534,-93.52467770970482,-3.1765329201721917,-30.99415291692833
67.80070805549622,18.297122400587664,23.72110396086743,0.0,0.03465009037874084,10.272848075024262,15.073896482558377,-0.2520540609155675,-0.09674906577624756,0.5523846886674534,-93.52467770970482,-3.1765329201721917,-30.99415291692833
67.85077571868896,18.41310123533491,24.20525820886602,0.0,0.03346813445131629,9.375412689387515,14.904861617884858,-0.2520540609155675,-0.09674906577624756,0.5523846886674534,-93.43109143472549,-3.173488125559594,-30.86396111692667
67.90082907676697,18.529080070082156,24.689412456864613,0.0,0.032275960876716386,8.4076607332655,14.739196445128329,-0.2520540609155675,-0.09674906577624756,0.5523846886674534,-93.43109143472549,-3.173488125559594,-30.86396111692667
67.95072627067566,18.529080070082156,24.689412456864613,0.0,0.029879988996485012,6.261120746049107,14.41654879235929,-0.2520540609155675,-0.09674906577624756,0.5523846886674534,-93.43109143472549,-3.173488125559594,-30.86396111692667
68.00080704689026,18.6450589048294,25.1735667048632,0.0,0.028693764611982565,5.082179849970493,14.258818077798168,-0.24360874571221466,-0.09916455214971409,0.5661173073432345,-92.13300296636858,-2.9396027975645977,-30.305205560615267
68.05072522163391,18.6450589048294,25.1735667048632,0.0,0.026396233768497205,3.8322970335901885,14.101830227152687,-0.24360874571221466,-0.09916455214971409,0.5661173073432345,-92.13300296636858,-2.9396027975645977,-30.305205560615267
68.10098147392273,18.761037739576633,25.657720952861794,0.0,0.02532675044816476,2.5109250270724757,13.946215215745092,-0.24360874571221466,-0.09916455214971409,0.5661173073432345,-92.13300296636858,-2.9396027975645977,-30.305205560615267
68.15100693702698,18.761037739576633,25.657720952861794,0.0,-0.6603201808622293,0.6933658024638503,14.211248988807881,-0.24360874571221466,-0.09916455214971409,0.5661173073432345,-92.13300296636858,-2.9396027975645977,-30.305205560615267
68.20114016532898,18.877016574323694,26.141875200860326,0.0,-0.4839326977796103,-0.7949810840799758,14.651979413526576,-0.24087763357156577,-0.09928950825880842,0.5744185031744421,-90.95174687785381,-2.3714352668565617,-31.283857967079875
68.25083208084106,18.877016574323694,26.141875200860326,0.0,0.05809442314729313,-1.937452059022193,15.196831323142307,-0.24087763357156577,-0.09928950825880842,0.5744185031744421,-90.95174687785381,-2.3714352668565617,-31.283857967079875
68.30084371566772,18.992995409070463,26.626029448859097,0.0,0.057420367810722704,-2.7529327503937115,15.78208578209536,-0.24087763357156577,-0.09928950825880842,0.5744185031744421,-90.80267767621,-2.291008366120332,-31.422457408741103
68.35104990005493,19.108974243817194,27.110183696857888,0.0,0.05674470461275796,-3.4520947687801455,16.34555604654024,-0.24087763357156577,-0.09928950825880842,0.5744185031744421,-90.80267767621,-2.291008366120332,-31.422457408741103
68.40074491500854,19.108974243817194,27.110183696857888,0.0,0.05537739630924641,-4.503345679448739,17.406203020099984,-0.24087763357156577,-0.09928950825880842,0.5744185031744421,-90.80267767621,-2.291008366120332,-31.422457408741103
68.45106101036072,19.224953078563924,27.59433794485668,0.0,0.05466559546575748,-4.856421318988606,17.90285902575287,-0.2688848029081314,-0.10303080285334563,0.5430976906693598,-94.51932970079264,-1.80630678798469,-31.91016629064641
68.50090718269348,19.224953078563924,27.59433794485668,0.0,-0.03152597094673085,-5.149511919757962,18.43216164151058,-0.2688848029081314,-0.10303080285334563,0.5430976906693598,-94.51932970079264,-1.80630678798469,-31.91016629064641
68.55094337463379,19.340931913310524,28.07849219285529,0.0,-0.16828954308511912,-5.467898778220166,19.01533176562565,-0.2688848029081314,-0.10303080285334563,0.5430976906693598,-94.51932970079264,-1.80630678798469,-31.91016629064641
68.6011004447937,19.340931913310524,28.07849219285529,0.0,-0.28279718291214345,-5.785679511203825,19.59730922553355,-0.2688848029081314,-0.10303080285334563,0.5430976906693598,-94.51932970079264,-1.80630678798469,-31.91016629064641
68.65098905563354,19.45691074805673,28.562646440853904,0.0,-0.38345220004089,-6.096001579171702,20.172231549735173,-0.295528884320616,-0.10887116083115833,0.5193866308799806,-96.45764655258351,-1.3396004298066875,-30.388443280045383
68.70055150985718,19.57288958280252,29.04680068885265,0.0,-0.4754936672212362,-6.393824545566287,20.735194886181148,-0.295528884320616,-0.10887116083115833,0.5193866308799806,-96.63908204779204,-1.2684231912030268,-30.155411061847275
68.75071620941162,19.57288958280252,29.04680068885265,0.0,-0.5619150338322675,-6.675400676240145,21.281813084810473,-0.295528884320616,-0.10887116083115833,0.5193866308799806,-96.63908204779204,-1.2684231912030268,-30.155411061847275
68.80078482627869,19.68886841754794,29.530954936851526,0.0,-0.7207460014134413,-7.1786594420866985,22.309616522185166,-0.295528884320616,-0.10887116083115833,0.5193866308799806,-96.63908204779204,-1.2684231912030268,-30.155411061847275
68.85087084770203,19.68886841754794,29.530954936851526,0.0,-0.791529650659238,-7.397858508863479,22.78607188266627,-0.295528884320616,-0.10887116083115833,0.5193866308799806,-96.63908204779204,-1.2684231912030268,-30.155411061847275
68.90112614631653,19.804847252293065,30.015109184850516,0.0,-0.8529650988872037,-7.59290452349786,23.232990550919542,-0.30915888916552736,-0.11063049473247019,0.5106492855819437,-95.14433353184984,-0.6897008579865442,-28.014642587971032
68.95093369483948,19.804847252293065,30.015109184850516,0.0,-0.9044032992028755,-7.761800900110482,23.645797049562198,-0.30915888916552736,-0.11063049473247019,0.5106492855819437,-95.14433353184984,-0.6897008579865442,-28.014642587971032
69.00089168548584,19.920826087037916,30.49926343284956,0.0,-0.9428926267314742,-7.902509511282472,24.020380726773933,-0.30915888916552736,-0.11063049473247019,0.5106492855819437,-95.14433353184984,-0.6897008579865442,-28.014642587971032
69.05107712745667,19.920826087037916,30.49926343284956,0.0,-0.9632061202100454,-8.013125651581312,24.3535401880994,-0.30915888916552736,-0.11063049473247019,0.5106492855819437,-95.14433353184984,-0.6897008579865442,-28.014642587971032
69.10105466842651,20.036804921782505,30.983417680848707,0.0,-0.9632563506411216,-8.091319119107316,24.6405298623598,-0.3148467171324558,-0.1132326076331126,0.5098822338888551,-91.85169248440295,-0.6613270309149494,-26.891593716357683
69.1509063243866,20.152783756526826,31.467571928847875,0.0,-0.9356116903145759,-8.133837596424117,24.87803827939874,-0.3148467171324558,-0.1132326076331126,0.5098822338888551,-91.3652159650117,-0.6739677277731301,-26.77755313179965
69.20115065574646,20.152783756526826,31.467571928847875,0.0,-0.6156202303993933,-8.349799738337595,25.195465599256316,-0.3148467171324558,-0.1132326076331126,0.5098822338888551,-91.3652159650117,-0.6739677277731301,-26.77755313179965
69.2507836818695,20.26876259127107,31.95172617684713,0.0,-0.37386713547871686,-8.429603429916135,25.280299363580365,-0.3148467171324558,-0.1132326076331126,0.5098822338888551,-91.3652159650117,-0.6739677277731301,-26.77755313179965
69.30121350288391,20.26876259127107,31.95172617684713,0.0,-0.09265967683075062,-8.448551523489709,25.312945329088663,-0.3148467171324558,-0.1132326076331126,0.5098822338888551,-91.3652159650117,-0.6739677277731301,-26.77755313179965
69.35081219673157,20.384741426015168,32.43588042484653,0.0,0.0010428605131676432,-8.26871566347226,25.345408839806037,-0.31207646512254006,-0.11059470399909901,0.5174720055036609,-86.79590071084094,-0.22564385408940812,-26.984232609512095
69.40072059631348,20.384741426015168,32.43588042484653,0.0,0.013594752268661367,-7.956123825964724,25.392391484565525,-0.31207646512254006,-0.11059470399909901,0.5174720055036609,-86.79590071084094,-0.22564385408940812,-26.984232609512095
69.45083355903625,20.500720260759266,32.920034672845844,0.0,-0.0019004796087138092,-7.644278938789951,25.464205136700365,-0.31207646512254006,-0.11059470399909901,0.5174720055036609,-86.79590071084094,-0.22564385408940812,-26.984232609512095
69.50110864639282,20.616699095503495,33.4041889208453,0.0,-0.0016881059571035245,-7.20898029700205,25.534537084052992,-0.31207646512254006,-0.11059470399909901,0.5174720055036609,-86.79590071084094,-0.22564385408940812,-26.984232609512095
69.55075192451477,20.616699095503495,33.4041889208453,0.0,-0.0013254584892964803,-5.9820718790399665,25.64222321964713,-0.3196816659243027,-0.11849784880722593,0.5051585889115767,-84.3285331948615,-0.7727261074639695,-29.457361357665985
69.60123062133789,20.73267793024772,33.88834316884474,0.0,-0.0011654807366050248,-5.1940728616444165,25.680715952353797,-0.3196816659243027,-0.11849784880722593,0.5051585889115767,-84.0330910654886,-0.8308860323623573,-29.816504222989398
69.6508297920227,20.73267793024772,33.88834316884474,0.0,-0.0010274456608637666,-4.291884239934865,25.708265095032374,-0.3196816659243027,-0.11849784880722593,0.5051585889115767,-84.0330910654886,-0.8308860323623573,-29.816504222989398
69.70071983337402,20.84865676499194,34.37249741684418,0.0,-0.0009172751777784697,-3.2762025855270123,25.71926070849546,-0.3196816659243027,-0.11849784880722593,0.5051585889115767,-84.0330910654886,-0.8308860323623573,-29.816504222989398
69.75090670585632,20.84865676499194,34.37249741684418,0.0,-0.0008395895521146616,-2.1489987598671125,25.71283347609984,-0.3296329097080007,-0.1226274356456767,0.4906991735898838,-83.50856426535701,-1.0073355632690577,-32.526635087164586
69.80091619491577,20.96463559973616,34.85665166484364,0.0,-0.0007725904290387638,-0.9108294306921974,25.694264547916095,-0.3296329097080007,-0.1226274356456767,0.4906991735898838,-83.33874282976778,-1.072706927535345,-33.79806239109
69.8508505821228,21.080614434480296,35.34080591284254,0.0,0.0009199158203514773,0.019663125257778472,25.665594458236647,-0.3296329097080007,-0.1226274356456767,0.4906991735898838,-83.33874282976778,-1.072706927535345,-33.79806239109
69.90073323249817,21.080614434480296,35.34080591284254,0.0,0.0008889238513519561,0.017655385061347215,25.68965078042659,-0.3296329097080007,-0.1226274356456767,0.4906991735898838,-83.33874282976778,-1.072706927535345,-33.79806239109
69.95085740089417,21.196593269224756,35.82496016084165,0.0,0.0008778329070408276,0.016642610689236333,25.74621702345034,-0.3296329097080007,-0.1226274356456767,0.4906991735898838,-83.33874282976778,-1.072706927535345,-33.79806239109
70.00086331367493,21.196593269224756,35.82496016084165,0.0,0.0008770048010149717,0.015635960240543954,25.82947190220222,-0.30703860680978357,-0.117246958518618,0.4956458775177275,-83.90491060326976,-0.22867263995365641,-34.6594160031849
70.05072474479675,21.31257210396955,36.30911440884063,0.0,0.0008252921367123744,0.01455741834548519,25.932827661323113,-0.30703860680978357,-0.117246958518618,0.4956458775177275,-84.02250013309606,-0.11308923834943689,-34.76565061711076
70.10081481933594,21.31257210396955,36.30911440884063,0.0,0.0007472427359497206,0.013444581213218253,26.049301369714374,-0.30703860680978357,-0.117246958518618,0.4956458775177275,-84.02250013309606,-0.11308923834943689,-34.76565061711076
70.15093731880188,21.42855093871478,36.7932686568395,0.0,0.0006944505888611045,0.012336540230159038,26.180709619625688,-0.30703860680978357,-0.117246958518618,0.4956458775177275,-84.02250013309606,-0.11308923834943689,-34.76565061711076
70.20084190368652,21.42855093871478,36.7932686568395,0.0,0.000611562002013195,0.011182094129872573,26.322900842578242,-0.29101733384730755,-0.10724761423870885,0.49789976677320014,-85.35273050693384,0.39646360159186983,-35.72111818841544
70.25071859359741,21.54452977346044,37.27742290483824,0.0,0.0005490605161393285,0.010108159870217449,26.469517095338382,-0.29101733384730755,-0.10724761423870885,0.49789976677320014,-85.96105902848382,0.6160028630714233,-36.18746656710058
70.30098080635071,21.66050860820624,37.76157715283674,0.0,0.0004976761327429242,0.009141691312836235,26.602179362243053,-0.29101733384730755,-0.10724761423870885,0.49789976677320014,-85.96105902848382,0.6160028630714233,-36.18746656710058
70.35079646110535,21.66050860820624,37.76157715283674,0.0,-0.26400610293920007,-0.017511977641460827,27.20857796085474,-0.29101733384730755,-0.10724761423870885,0.49789976677320014,-85.96105902848382,0.6160028630714233,-36.18746656710058
70.40077447891235,21.77648744295223,38.24573140083544,0.0,-1.1245809381051255,-0.011029519530916281,28.5470805433623,-0.29101733384730755,-0.10724761423870885,0.49789976677320014,-85.96105902848382,0.6160028630714233,-36.18746656710058
70.45073890686035,21.77648744295223,38.24573140083544,0.0,-1.993625520773438,-0.00899867719403212,29.932279579180967,-0.2932345977759341,-0.10145656192866262,0.4856748341566386,-87.64460906524702,-0.21682427851332706,-39.482941476824024
70.5008180141449,21.89246627769815,38.729885648834056,0.0,-2.841611913891729,-0.007148173155154908,31.33677907822548,-0.2932345977759341,-0.10145656192866262,0.4856748341566386,-87.8441171214064,-0.33718202176837264,-39.94466519272806
70.55085730552673,21.89246627769815,38.729885648834056,0.0,-3.5641522026160173,-0.005645252554638708,32.702321183413034,-0.2932345977759341,-0.10145656192866262,0.4856748341566386,-87.8441171214064,-0.33718202176837264,-39.94466519272806
70.60101175308228,22.008445112444775,39.21403989683286,0.0,-4.1565963518241755,-0.004449693988616549,34.03597828850174,-0.2932345977759341,-0.10145656192866262,0.4856748341566386,-87.8441171214064,-0.33718202176837264,-39.94466519272806
70.65081810951233,22.124423947192255,39.69819414483143,0.0,-5.012013526832941,-0.0027649374708268795,36.64131664027121,-0.30091434483165613,-0.08755366573923407,0.481801816963487,-89.17659016049353,-1.205903206665546,-45.443877403288084
70.70088863372803,22.124423947192255,39.69819414483143,0.0,-5.290862264690017,-0.0022048044555315867,37.924373772340324,-0.30091434483165613,-0.08755366573923407,0.481801816963487,-89.17659016049353,-1.205903206665546,-45.443877403288084
70.7510735988617,22.240402781940627,40.182348392829795,0.0,-5.476501977035468,-0.0017987414151917382,39.20149937401673,-0.30091434483165613,-0.08755366573923407,0.481801816963487,-89.17659016049353,-1.205903206665546,-45.443877403288084
70.80070447921753,22.240402781940627,40.182348392829795,0.0,-5.571979800369417,-0.0015274725183567525,40.477583685774306,-0.30091434483165613,-0.08755366573923407,0.481801816963487,-89.17659016049353,-1.205903206665546,-45.443877403288084
70.85074806213379,22.35638161668989,40.666502640827936,0.0,-5.579774512420649,-0.0013752810162272254,41.75717439739451,-0.2949765693405284,-0.0697993539148195,0.4995208846463518,-89.94448188302101,-0.38500256979600944,-49.558738404469324
70.90089440345764,22.35638161668989,40.666502640827936,0.0,-5.502075384073777,-0.00132921993748457,43.044551378309734,-0.2949765693405284,-0.0697993539148195,0.4995208846463518,-89.94448188302101,-0.38500256979600944,-49.558738404469324
70.95086455345154,22.472360451440032,41.15065688882587,0.0,-5.340954093998906,-0.0013785534373235014,44.34380065073931,-0.2949765693405284,-0.0697993539148195,0.4995208846463518,-89.98685862891176,-0.27622670905891233,-50.13219036024938
71.00063991546631,22.58833928619107,41.634811136823586,0.0,-4.77646132582197,-0.0017294652508729764,46.99361143105209,-0.2949765693405284,-0.0697993539148195,0.4995208846463518,-89.98685862891176,-0.27622670905891233,-50.13219036024938
71.0507423877716,22.58833928619107,41.634811136823586,0.0,-4.377052751100917,-0.0020177862879599824,48.351801800688904,-0.2949765693405284,-0.0697993539148195,0.4995208846463518,-89.98685862891176,-0.27622670905891233,-50.13219036024938
71.10073065757751,22.704318120943,42.11896538482108,0.0,-3.9031430977662636,-0.001250883901996433,49.73916394755486,-0.28895455527881975,-0.053229533715425256,0.5139552381219118,-89.9188228118589,0.5516092818712933,-54.765149352164784
71.15080857276917,22.704318120943,42.11896538482108,0.0,-3.3553034750614996,-0.0017085814345597708,51.157025113305906,-0.28895455527881975,-0.053229533715425256,0.5139552381219118,-89.9188228118589,0.5516092818712933,-54.765149352164784
71.20081400871277,22.820296955695817,42.60311963281839,0.0,-2.737062114691777,-0.001040944949054319,52.608741039908,-0.28895455527881975,-0.053229533715425256,0.5139552381219118,-89.9188228118589,0.5516092818712933,-54.765149352164784
71.25073051452637,22.820296955695817,42.60311963281839,0.0,-2.048831504654111,-0.0015621523189086194,54.09706717281308,-0.28895455527881975,-0.053229533715425256,0.5139552381219118,-89.9188228118589,0.5516092818712933,-54.765149352164784
71.30085158348083,22.93627579044944,43.087273880815566,0.0,-1.2942671084801392,-0.001037452212224747,55.62534186645319,-0.2885318034219583,-0.04024877465171914,0.5243287144151894,-89.61663845517792,0.9402093142569995,-58.89524770579891
71.351158618927,23.05225462520374,43.57142812881256,0.0,-0.4747838177927437,-0.0005216380463524249,57.196879486137284,-0.2885318034219583,-0.04024877465171914,0.5243287144151894,-89.55962152575128,0.9948912617070435,-59.456172474142456
71.40066885948181,23.05225462520374,43.57142812881256,0.0,0.04723380184391098,-3.6541402443703547e-05,60.544972733033205,-0.2885318034219583,-0.04024877465171914,0.5243287144151894,-89.55962152575128,0.9948912617070435,-59.456172474142456
71.45072722434998,23.168233459958508,44.05558237680937,0.0,0.8685895172756574,0.2105745411514331,61.59201440177366,-0.2885318034219583,-0.04024877465171914,0.5243287144151894,-89.55962152575128,0.9948912617070435,-59.456172474142456
71.50075078010559,23.168233459958508,44.05558237680937,0.0,1.828912228413518,0.36231042839282657,62.50183552062503,-0.2885318034219583,-0.04024877465171914,0.5243287144151894,-89.55962152575128,0.9948912617070435,-59.456172474142456
71.55109286308289,23.28421229471362,44.5397366248062,0.0,2.7088117608226447,0.47152412219601897,63.464048604925644,-0.31087881504792253,-0.050554022075457034,0.5055439582231596,-89.45289190831139,0.35549989142526855,-60.93676646492834
71.60071349143982,23.28421229471362,44.5397366248062,0.0,3.494895180984952,0.5539418150176648,64.48041326054481,-0.31087881504792253,-0.050554022075457034,0.5055439582231596,-89.45289190831139,0.35549989142526855,-60.93676646492834
71.65075635910034,23.40019112946939,45.02389087280281,0.0,4.161163718052633,0.5196923408085055,65.39702808720587,-0.31087881504792253,-0.050554022075457034,0.5055439582231596,-89.45289190831139,0.35549989142526855,-60.93676646492834
71.70100903511047,23.516169964225774,45.508045120799295,0.0,4.777904626069908,0.4731439362736819,66.35604285265903,-0.31087881504792253,-0.050554022075457034,0.5055439582231596,-89.45289190831139,0.35549989142526855,-60.93676646492834
71.75074458122253,23.516169964225774,45.508045120799295,0.0,5.8724394430054465,0.427567327164831,68.47963106850565,-0.32954340871997284,-0.0665539260994857,0.5042497129156973,-89.58172107525924,0.31979511441295955,-60.31180247226322
71.80094814300537,23.63214879898292,45.99219936879553,0.0,6.216756131067072,0.3968391146713104,69.65410779803406,-0.32954340871997284,-0.0665539260994857,0.5042497129156973,-89.59937580338202,0.3151201259450578,-60.226578402183826
71.85114741325378,23.63214879898292,45.99219936879553,0.0,6.431323561027364,0.36335902401988246,70.8860425846073,-0.32954340871997284,-0.0665539260994857,0.5042497129156973,-89.59937580338202,0.3151201259450578,-60.226578402183826
71.90074229240417,23.748127633740637,46.47635361679156,0.0,6.5232170816810555,0.3199407838598334,72.16916822324424,-0.32954340871997284,-0.0665539260994857,0.5042497129156973,-89.59937580338202,0.3151201259450578,-60.226578402183826
71.95087194442749,23.864106468498715,46.960507864787736,0.0,6.497130504076753,0.2518514435163995,73.48482098573565,-0.33869808303899546,-0.0914938522770347,0.5083968161272528,-89.10844368589105,-0.4852219692576981,-61.992068738748905
72.00074338912964,23.864106468498715,46.960507864787736,0.0,6.357748943872781,0.14648439164985946,74.81298415873731,-0.33869808303899546,-0.0914938522770347,0.5083968161272528,-89.10844368589105,-0.4852219692576981,-61.992068738748905
72.05102348327637,23.980085303256686,47.44466211278402,0.0,5.572089024420966,-0.1031625647443186,77.47355816806835,-0.33869808303899546,-0.0914938522770347,0.5083968161272528,-89.10844368589105,-0.4852219692576981,-61.992068738748905
72.10071563720703,23.980085303256686,47.44466211278402,0.0,4.6489454333357925,-0.7350106341717463,78.8079060304647,-0.33869808303899546,-0.0914938522770347,0.5083968161272528,-89.10844368589105,-0.4852219692576981,-61.992068738748905
72.15061211585999,24.038074720641315,47.68673923680591,0.0,2.78032729116779,-3.2537874010263925,80.49180344361768,-0.320856548983774,-0.12151244095390967,0.5260158872061933,-87.36772497372833,0.3035545622407304,-67.88736449963659
72.2008912563324,24.038074720641315,47.68673923680591,0.0,0.8849629800642986,-5.663601507653592,82.27661575046595,-0.320856548983774,-0.12151244095390967,0.5260158872061933,-87.36772497372833,0.3035545622407304,-67.88736449963659
72.25083494186401,24.03807472064152,47.68673923680649,0.0,-0.07255535415328503,-7.215881172645484,83.87583726126523,-0.320856548983774,-0.12151244095390967,0.5260158872061933,-87.08019703573486,0.4397970983674635,-69.68641271350336
72.30074381828308,24.038074720641642,47.686739236806794,0.0,-0.044521367468718986,-7.961521284831567,85.08857037505737,-0.320856548983774,-0.12151244095390967,0.5260158872061933,-87.08019703573486,0.4397970983674635,-69.68641271350336
72.35071802139282,24.038074720641642,47.686739236806794,0.0,-0.04409626149638084,-9.207021466565044,87.22040041774461,-0.320856548983774,-0.12151244095390967,0.5260158872061933,-87.08019703573486,0.4397970983674635,-69.68641271350336
72.4008116722107,24.038074720641763,47.686739236807036,0.0,-0.04360675806921158,-9.712742289810446,88.16610653092157,-0.3239975587321673,-0.0952977200415428,0.5200414801325774,-88.75331085851555,3.5548412334530655,-80.94598417413646
72.45075917243958,24.038074720641763,47.686739236807036,0.0,-0.04296705799273483,-10.141412543150912,89.04735189934286,-0.3239975587321673,-0.0952977200415428,0.5200414801325774,-88.75331085851555,3.5548412334530655,-80.94598417413646
72.50081968307495,24.038074720641905,47.68673923680726,0.0,-0.04219774774408743,-10.494348838849957,89.87264037576145,-0.3239975587321673,-0.0952977200415428,0.5200414801325774,-88.75331085851555,3.5548412334530655,-80.94598417413646
72.55082654953003,24.038074720641905,47.68673923680726,0.0,-0.041316216063505974,-10.773007922010509,90.64865793966867,-0.3239975587321673,-0.0952977200415428,0.5200414801325774,-88.75331085851555,3.5548412334530655,-80.94598417413646
72.6008677482605,24.038074720642083,47.6867392368075,0.0,-0.040337304441383455,-10.978855223618664,91.38071666972073,-0.33915716071585034,-0.0962538253914687,0.5020474778797721,-89.39473734705082,4.599696840389262,-90.82530491428369
72.65126776695251,24.038074720642324,47.6867392368078,0.0,-0.038136897026728345,-11.177627202401686,92.72919228641986,-0.33915716071585034,-0.0962538253914687,0.5020474778797721,-89.4727650533635,4.744543476900129,-92.17137396533782
72.70072269439697,24.038074720642324,47.6867392368078,0.0,-0.036936355742272886,-11.173039024851143,93.3518753496282,-0.33915716071585034,-0.0962538253914687,0.5020474778797721,-89.4727650533635,4.744543476900129,-92.17137396533782
72.75122547149658,24.038074720642577,47.68673923680806,0.0,-0.03568087605325906,-11.10058568631126,93.94344505660334,-0.33915716071585034,-0.0962538253914687,0.5020474778797721,-89.4727650533635,4.744543476900129,-92.17137396533782
72.8007001876831,24.038074720642577,47.68673923680806,0.0,-0.03437820724336642,-10.96119379806771,94.50582302945153,-0.3549779399455353,-0.10626204447482393,0.48595041984956655,-89.38893463051994,5.055718378159028,-101.00563041559997
72.85091996192932,24.038074720642893,47.68673923680834,0.0,-0.03303530409365088,-10.75566233775552,95.04061333656122,-0.3549779399455353,-0.10626204447482393,0.48595041984956655,-89.34746755432103,5.202757827554207,-105.16227214694108
72.90076279640198,24.038074720643227,47.686739236808606,0.0,-0.03165843989884111,-10.484667299812132,95.54916265732821,-0.3549779399455353,-0.10626204447482393,0.48595041984956655,-89.34746755432103,5.202757827554207,-105.16227214694108
72.95084691047668,24.038074720643227,47.686739236808606,0.0,-0.028825045611537314,-9.748414338691704,96.49190367964641,-0.3549779399455353,-0.10626204447482393,0.48595041984956655,-89.34746755432103,5.202757827554207,-105.16227214694108
73.00085210800171,24.03807472064358,47.686739236808826,0.0,-0.027378398745181495,-9.283954579553626,96.92786453579357,-0.3549779399455353,-0.10626204447482393,0.48595041984956655,-89.34746755432103,5.202757827554207,-105.16227214694108
73.05114793777466,24.03807472064358,47.686739236808826,0.0,-0.025917673293943955,-8.755643145497233,97.34116977286145,-0.36788552849572975,-0.11625988608216122,0.47300493557198897,-88.91010881791844,5.328459496266742,-117.24218947046397
73.10071420669556,24.03807472064396,47.68673923680903,0.0,-0.02444683254113298,-8.163648232882078,97.73238642319231,-0.36788552849572975,-0.11625988608216122,0.47300493557198897,-88.84385353176076,5.347660263585752,-118.88772137949465
73.15107917785645,24.03807472064396,47.68673923680903,0.0,-0.022969528117449046,-7.508058946997672,98.101979052455,-0.36788552849572975,-0.11625988608216122,0.47300493557198897,-88.84385353176076,5.347660263585752,-118.88772137949465
73.20074248313904,24.03807472064439,47.68673923680922,0.0,-0.02148913743847213,-6.788891805798311,98.45031807354503,-0.36788552849572975,-0.11625988608216122,0.47300493557198897,-88.84385353176076,5.347660263585752,-118.88772137949465
73.25081062316895,24.03807472064462,47.6867392368093,0.0,0.09849173637099838,-6.2706904462404225,98.46296161963441,-0.37193563910708577,-0.1272909584319212,0.46635355344389084,-88.2745302905818,5.65307036870729,-132.36513398344115
73.30065441131592,24.03807472064462,47.6867392368093,0.0,0.39089191525065176,-6.112849780446272,97.41011079054715,-0.37193563910708577,-0.1272909584319212,0.46635355344389084,-88.2745302905818,5.65307036870729,-132.36513398344115
73.35097908973694,24.038074720644943,47.68673923680938,0.0,0.3931168690440092,-6.099973924049822,96.81530466452485,-0.37193563910708577,-0.1272909584319212,0.46635355344389084,-88.2745302905818,5.65307036870729,-132.36513398344115
73.40072321891785,24.038074720644943,47.68673923680938,0.0,0.30966259127210216,-6.126771411281762,96.17650076536106,-0.37193563910708577,-0.1272909584319212,0.46635355344389084,-88.2745302905818,5.65307036870729,-132.36513398344115
73.45092630386353,24.038074720645188,47.686739236809444,0.0,0.1457035673402754,-6.189648051963627,95.49599699680738,-0.3482531325146772,-0.150914860449507,0.47651689318410995,-88.30164469393608,7.190453026238599,-144.6718924637679
73.50080871582031,24.038074720645188,47.686739236809444,0.0,-0.014839994973996365,-6.2127143904396025,94.76927148695493,-0.3482531325146772,-0.150914860449507,0.47651689318410995,-88.30164469393608,7.190453026238599,-144.6718924637679
73.55088353157043,24.0380747206455,47.686739236809466,0.0,-0.014005211023455644,-6.02036997652877,94.01218879360248,-0.3482531325146772,-0.150914860449507,0.47651689318410995,-88.33264899340226,7.393601126176525,-146.35452008292273
73.60096669197083,24.038074720645984,47.68673923680947,0.0,-0.01317737244041775,-5.770950510429741,93.20791210163783,-0.3482531325146772,-0.150914860449507,0.47651689318410995,-88.33264899340226,7.393601126176525,-146.35452008292273
73.65062189102173,24.038074720645984,47.68673923680947,0.0,-0.011563978360058822,-5.10849310984664,91.45223754253134,-0.3482531325146772,-0.150914860449507,0.47651689318410995,-88.33264899340226,7.393601126176525,-146.35452008292273
73.70110869407654,24.038074720646424,47.68673923680947,0.0,-0.010800147123546084,-4.693103069418716,90.50605196588697,-0.3459034622377892,-0.15476005010148491,0.47619037043197776,-87.654697374629,7.114348109872269,-160.32659927918337
73.75091600418091,24.038074720646424,47.68673923680947,0.0,-0.010153375775226715,-4.21976330842399,89.52003956229815,-0.3459034622377892,-0.15476005010148491,0.47619037043197776,-87.654697374629,7.114348109872269,-160.32659927918337
73.80074954032898,24.038074720646833,47.686739236809416,0.0,-0.009634594709865179,-3.6865358972807813,88.49729949383283,-0.3459034622377892,-0.15476005010148491,0.47619037043197776,-87.654697374629,7.114348109872269,-160.32659927918337
73.85078573226929,24.038074720646833,47.686739236809416,0.0,-0.00923666778824193,-3.0905082377783524,87.43739041173771,-0.3459034622377892,-0.15476005010148491,0.47619037043197776,-87.654697374629,7.114348109872269,-160.32659927918337
73.90076398849487,24.03807472064709,47.686739236809366,0.0,-0.17915872617516831,-2.4890838917884275,86.39691883279131,-0.35321268811331646,-0.1551184896103055,0.47062199725848286,-86.68454028927898,6.041787251409957,-171.04970315929293
73.95081639289856,24.038074720646858,47.68673923680944,0.0,-0.442186330688001,-1.9745875155246813,85.39661805725021,-0.35321268811331646,-0.1551184896103055,0.47062199725848286,-86.5509481792634,5.89633837677733,-172.51244750690378
74.00073170661926,24.038074720646858,47.68673923680944,0.0,-0.7231867371303048,-1.049997797758919,83.33844574740534,-0.35321268811331646,-0.1551184896103055,0.47062199725848286,-86.5509481792634,5.89633837677733,-172.51244750690378
74.05089235305786,24.038074720646623,47.68673923680951,0.0,-0.7664220026418215,-0.6093737290319962,82.27173499110128,-0.35321268811331646,-0.1551184896103055,0.47062199725848286,-86.5509481792634,5.89633837677733,-172.51244750690378
74.10131239891052,24.038074720646623,47.68673923680951,0.0,-0.7535804577302156,-0.16956386659916353,81.17682748245534,-0.35496714598344414,-0.1430808404881319,0.47446643269020483,-86.53558785798684,5.495630998425807,179.27382497846637
74.15090560913086,24.038074720646332,47.68673923680963,0.0,-0.49561808947935904,0.07170868545478426,80.03357520367896,-0.35496714598344414,-0.1430808404881319,0.47446643269020483,-86.5284843474654,5.306999165441805,175.40844747402073
74.20084762573242,24.038074720646332,47.68673923680963,0.0,-0.09492149065046816,0.08864093160654694,78.85137284878145,-0.35496714598344414,-0.1430808404881319,0.47446643269020483,-86.5284843474654,5.306999165441805,175.40844747402073
74.25092720985413,24.03807472064616,47.68673923680973,0.0,0.008986075464895582,-0.03347688293874366,77.6837133847453,-0.35496714598344414,-0.1430808404881319,0.47446643269020483,-86.5284843474654,5.306999165441805,175.40844747402073
74.30076122283936,24.038074720646154,47.686739236809736,0.0,0.008581039482965128,-0.019699433891495727,76.5282725984368,-0.35496714598344414,-0.1430808404881319,0.47446643269020483,-86.5284843474654,5.306999165441805,175.40844747402073
74.35097408294678,24.038074720646154,47.686739236809736,0.0,0.0005960153324242465,-0.00275943404407976,74.23306365362514,-0.3357125744260832,-0.12822348431902686,0.4895377059258075,-88.1423663220201,5.849095023805126,163.61127436653547
74.40109038352966,24.038074720646158,47.68673923680974,0.0,-0.0865585310616227,-0.002551641888527707,73.32632215551229,-0.3357125744260832,-0.12822348431902686,0.4895377059258075,-88.3829043723152,5.9105798900720075,162.00409211953578
74.45074367523193,24.038074720646158,47.68673923680974,0.0,-0.1332033206445994,-0.0023361238957762234,72.59171166988989,-0.3357125744260832,-0.12822348431902686,0.4895377059258075,-88.3829043723152,5.9105798900720075,162.00409211953578
74.50075078010559,24.03807472064644,47.686739236809494,0.0,-0.06391307603252872,-0.001090268926781449,71.86803408527005,-0.3357125744260832,-0.12822348431902686,0.4895377059258075,-88.3829043723152,5.9105798900720075,162.00409211953578
74.55077719688416,24.03807472064644,47.686739236809494,0.0,0.012893468597028777,0.00018678775466979692,71.1432557988821,-0.33067470844764285,-0.10765844144275191,0.49123052308535364,-88.96242019094386,5.292186928269583,152.73530604214815
74.60076379776001,24.038074720646538,47.686739236809395,0.0,0.01186916228928873,0.018818518015461017,70.41366685228652,-0.33067470844764285,-0.10765844144275191,0.49123052308535364,-89.24028221136277,4.997163733798746,148.3804331872423
74.65094304084778,24.038074720646538,47.686739236809395,0.0,0.010787380372450054,0.16046325922408558,69.95785184304884,-0.33067470844764285,-0.10765844144275191,0.49123052308535364,-89.24028221136277,4.997163733798746,148.3804331872423
74.70072221755981,24.03807472064673,47.68673923680917,0.0,0.009741991596673964,0.22306215776379454,69.53510989425644,-0.33067470844764285,-0.10765844144275191,0.49123052308535364,-89.24028221136277,4.997163733798746,148.3804331872423
74.7506206035614,24.038074720646893,47.68673923680896,0.0,0.007997768528041673,0.12733365032811278,68.78555382572081,-0.33067470844764285,-0.10765844144275191,0.49123052308535364,-89.24028221136277,4.997163733798746,148.3804331872423
74.8013858795166,24.038074720646893,47.68673923680896,0.0,0.007287252438606816,-0.004751319509667377,68.4377467784945,-0.3237369234514092,-0.08745649839987035,0.49159020170845336,-90.08961459989621,4.013658007918363,137.24369514523144
74.85079741477966,24.038074720647042,47.68673923680872,0.0,0.0066451857503088225,-0.004357437800798768,68.05277339630442,-0.3237369234514092,-0.08745649839987035,0.49159020170845336,-90.20542267168624,3.879349710109569,135.7287241346509
74.90077543258667,24.038074720647042,47.68673923680872,0.0,0.006011925723364446,-0.0039442045907347005,67.61244036503115,-0.3237369234514092,-0.08745649839987035,0.49159020170845336,-90.20542267168624,3.879349710109569,135.7287241346509
74.95086455345154,24.03807472064714,47.686739236808535,0.0,0.005436393136568489,-0.003567397915417135,67.13350209140476,-0.3237369234514092,-0.08745649839987035,0.49159020170845336,-90.20542267168624,3.879349710109569,135.7287241346509
75.00079679489136,24.03807472064714,47.686739236808535,0.0,0.004915869369043769,-0.003226556764484559,66.60604218826167,-0.3144190549662303,-0.08702100607411506,0.48981075015425024,-90.76534674086095,3.16649911169204,128.73451639267142
75.05094170570374,24.03807472064714,47.686739236808535,0.0,0.004445189379836262,-0.002918299899763966,66.03716843418036,-0.3144190549662303,-0.08702100607411506,0.48981075015425024,-91.0327702147163,2.828102560693379,125.45052945388565
75.10080981254578,24.03807472064713,47.68673923680855,0.0,0.004019590262727303,-0.002639508479421701,65.43363344409926,-0.3144190549662303,-0.08702100607411506,0.48981075015425024,-91.0327702147163,2.828102560693379,125.45052945388565
75.15071439743042,24.03807472064713,47.68673923680855,0.0,0.003634763554583164,-0.0023873632434718364,64.80051892245532,-0.3144190549662303,-0.08702100607411506,0.48981075015425024,-91.0327702147163,2.828102560693379,125.45052945388565
75.2008957862854,24.038074720647106,47.68673923680863,0.0,0.003286812141584869,-0.0021593154637873924,64.14168206050499,-0.3144190549662303,-0.08702100607411506,0.48981075015425024,-91.0327702147163,2.828102560693379,125.45052945388565
75.25083255767822,24.038074720647106,47.68673923680863,0.0,0.001391068840060409,-0.001723019430057359,62.762751410631935,-0.30643856500971406,-0.09770682538718892,0.48712753317523627,-91.39964666042066,2.057798544812462,118.05551600890381
75.30073928833008,24.038074720647103,47.68673923680864,0.0,0.0012578878461728161,-0.0015583743776690906,62.09653476731313,-0.30643856500971406,-0.09770682538718892,0.48712753317523627,-91.44995825327489,1.9525620009033873,117.04812062332813
75.35094046592712,24.038074720647103,47.68673923680864,0.0,0.0011375281780161008,-0.0014094656234224043,61.41515524871263,-0.30643856500971406,-0.09770682538718892,0.48712753317523627,-91.44995825327489,1.9525620009033873,117.04812062332813
75.4008674621582,24.0380747206471,47.68673923680873,0.0,0.00102875640316956,-0.001274790203443576,60.72035389081183,-0.30643856500971406,-0.09770682538718892,0.48712753317523627,-91.44995825327489,1.9525620009033873,117.04812062332813
75.45087027549744,24.0380747206471,47.68673923680873,0.0,0.0009304635993000654,-0.0011529873779916892,60.01387453344716,-0.30643856500971406,-0.09770682538718892,0.48712753317523627,-91.44995825327489,1.9525620009033873,117.04812062332813
75.50087571144104,24.0380747206471,47.6867392368088,0.0,0.0008416473248033229,-0.0010428266909565283,59.29697484440542,-0.30134462440578463,-0.1044681716964365,0.48557668073743576,-91.55472414643828,1.337083359357876,108.85986022723867
75.55074858665466,24.0380747206471,47.6867392368088,0.0,0.0007613995698479099,-0.0009431952036725378,58.5708654480459,-0.30134462440578463,-0.1044681716964365,0.48557668073743576,-91.55472414643828,1.337083359357876,108.85986022723867
75.60116124153137,24.0380747206471,47.686739236808805,0.0,0.000688899579787382,-0.0008530862827429475,57.83728481045113,-0.30134462440578463,-0.1044681716964365,0.48557668073743576,-91.55472414643828,1.337083359357876,108.85986022723867
75.65083694458008,24.0380747206471,47.686739236808805,0.0,0.0006234029526256621,-0.0007715898606510468,57.09880994572579,-0.30134462440578463,-0.1044681716964365,0.48557668073743576,-91.55472414643828,1.337083359357876,108.85986022723867
75.70107746124268,24.0380747206471,47.686739236808805,0.0,0.0005642396028616581,-0.0006978827855985927,56.35704080625239,-0.2985435248230323,-0.10892467446077603,0.48468073846523185,-91.51069538160614,0.9836874346796884,101.89483258646264
75.75087141990662,24.0380747206471,47.686739236808805,0.0,0.0005108032721785533,-0.000631220836567025,55.61270430166549,-0.2985435248230323,-0.10892467446077603,0.48468073846523185,-91.51069538160614,0.9836874346796884,101.89483258646264
75.80072951316833,24.038074720647092,47.68673923680877,0.0,0.0004625442900877279,-0.0005709307205632745,54.86575593756258,-0.2985435248230323,-0.10892467446077603,0.48468073846523185,-91.50455093409951,0.9354356247657433,100.94501083574322
75.85092258453369,24.03807472064708,47.68673923680874,0.0,0.0004189650911498815,-0.0005164033924883853,54.116289491010534,-0.2985435248230323,-0.10892467446077603,0.48468073846523185,-91.50455093409951,0.9354356247657433,100.94501083574322
75.90112113952637,24.03807472064708,47.68673923680874,0.0,0.000344083896433481,-0.00042248962177602527,52.611146280970985,-0.2985435248230323,-0.10892467446077603,0.48468073846523185,-91.50455093409951,0.9354356247657433,100.94501083574322
75.95089650154114,24.038074720647064,47.686739236808705,0.0,0.00031200332784892313,-0.000382156657708596,51.8566114377662,-0.29793378189645675,-0.11055157233436844,0.48428934644548094,-91.34936400037591,0.6833588684595561,93.21216768744807
76.00083065032959,24.038074720647064,47.686739236808705,0.0,0.00028303490993895577,-0.0003456731962482815,51.100963255270486,-0.29793378189645675,-0.11055157233436844,0.48428934644548094,-91.34936400037591,0.6833588684595561,93.21216768744807
76.05074167251587,24.038074720647067,47.68673923680871,0.0,0.00025684383061375414,-0.00031265613681814023,50.33680315502132,-0.29793378189645675,-0.11055157233436844,0.48428934644548094,-91.34936400037591,0.6833588684595561,93.21216768744807
76.10074949264526,24.038074720647067,47.68673923680871,0.0,0.0002331495373598284,-0.0002828064893218787,49.56774574034749,-0.29793378189645675,-0.11055157233436844,0.48428934644548094,-91.34936400037591,0.6833588684595561,93.21216768744807
76.15118885040283,24.038074720647046,47.686739236808684,0.0,0.0002116603383103432,-0.00025581900756726546,48.8050199499631,-0.29868981114195525,-0.11002646384756509,0.48426868005798873,-91.16591023820249,0.5445132778202056,86.5808968790155
76.20073938369751,24.038074720647046,47.686739236808684,0.0,0.00019215028302978863,-0.0002314119462205436,48.050017071707785,-0.29868981114195525,-0.11002646384756509,0.48426868005798873,-91.16591023820249,0.5445132778202056,86.5808968790155
76.25080347061157,24.03807472064699,47.68673923680861,0.0,0.0001744284200790998,-0.00020933831803567388,47.30273924852264,-0.29868981114195525,-0.11002646384756509,0.48426868005798873,-91.14169914684514,0.5246404949778111,85.67660076563021
76.30072617530823,24.03807472064696,47.686739236808585,0.0,0.0001583223540083351,-0.0001893745894150679,46.56311374112375,-0.29868981114195525,-0.11002646384756509,0.48426868005798873,-91.14169914684514,0.5246404949778111,85.67660076563021
76.35059571266174,24.03807472064696,47.686739236808585,0.0,0.0001303491439161511,-0.0001549883769300725,45.10577060302749,-0.29868981114195525,-0.11002646384756509,0.48426868005798873,-91.14169914684514,0.5246404949778111,85.67660076563021
76.40065670013428,24.038074720646996,47.686739236808606,0.0,0.00011821552900878855,-0.00014021708084920216,44.38707834633715,-0.30009142784241244,-0.10828059463461803,0.4843930891557976,-90.93433243518894,0.419094562455618,78.17626682063863
76.45081758499146,24.038074720646996,47.686739236808606,0.0,0.00010716341682431034,-0.0001268534423846388,43.67411992195695,-0.30009142784241244,-0.10828059463461803,0.4843930891557976,-90.93433243518894,0.419094562455618,78.17626682063863
76.50114607810974,24.038074720647053,47.68673923680867,0.0,9.708874230515337e-05,-0.00011476264114974497,42.966045257741044,-0.30009142784241244,-0.10828059463461803,0.4843930891557976,-90.93433243518894,0.419094562455618,78.17626682063863
76.5506980419159,24.038074720647053,47.68673923680867,0.0,8.789747056670605e-05,-0.00010382287453894302,42.26191584168737,-0.30009142784241244,-0.10828059463461803,0.4843930891557976,-90.93433243518894,0.419094562455618,78.17626682063863
76.60082292556763,24.038074720647167,47.686739236808776,0.0,7.9504754588476e-05,-9.392403165519053e-05,41.56074025361585,-0.3008861687069407,-0.10740347584579016,0.48452221423581376,-90.78793825367408,0.3528846932217246,71.62102723283246
76.65100502967834,24.038074720647167,47.686739236808776,0.0,7.183297179812561e-05,-8.49677358689971e-05,40.86141509562393,-0.3008861687069407,-0.10740347584579016,0.48452221423581376,-90.78793825367408,0.3528846932217246,71.62102723283246
76.70077419281006,24.038074720647316,47.68673923680886,0.0,6.48104957618844e-05,-7.686692721632188e-05,40.162079661387956,-0.3008861687069407,-0.10740347584579016,0.48452221423581376,-90.76859903794558,0.3431316321215838,70.72712815798621
76.7511236667633,24.03807472064747,47.686739236808954,0.0,5.837560029976149e-05,-6.95401008072444e-05,39.4604677994085,-0.3008861687069407,-0.10740347584579016,0.48452221423581376,-90.76859903794558,0.3431316321215838,70.72712815798621
76.80059432983398,24.03807472064747,47.686739236808954,0.0,4.7052690244355565e-05,-5.6920123418312575e-05,38.04081436399841,-0.3008861687069407,-0.10740347584579016,0.48452221423581376,-90.76859903794558,0.3431316321215838,70.72712815798621
76.85094285011292,24.03807472064767,47.686739236809046,0.0,-0.1230008899087888,-0.14880772588929256,37.61867197035972,-0.30018094076133384,-0.1088292870989601,0.48447880617420813,-90.65501960508985,0.2894979160652246,63.31837458475773
76.90072131156921,24.03807472064767,47.686739236809046,0.0,-0.20927554966325454,-0.3348715869058008,37.41005722805879,-0.30018094076133384,-0.1088292870989601,0.48447880617420813,-90.65501960508985,0.2894979160652246,63.31837458475773
76.95083284378052,24.038074720647636,47.68673923680903,0.0,-0.2254604695945192,-0.4947191555201101,37.284098755624605,-0.30018094076133384,-0.1088292870989601,0.48447880617420813,-90.65501960508985,0.2894979160652246,63.31837458475773
77.00090479850769,24.038074720647636,47.68673923680903,0.0,-0.19292532514979352,-0.6292608216718376,37.22433338211596,-0.30018094076133384,-0.1088292870989601,0.48447880617420813,-90.65501960508985,0.2894979160652246,63.31837458475773
77.05087637901306,24.03807472064746,47.686739236808975,0.0,-0.12571487848533183,-0.7418655997763013,37.21811045186718,-0.29471511929544897,-0.09981983128367883,0.48667088030818806,-90.74749165839012,0.5787334152594774,54.30769895814313
77.10083746910095,24.03807472064722,47.68673923680891,0.0,0.004300019610036611,-0.8445275204172609,37.31253935920696,-0.29471511929544897,-0.09981983128367883,0.48667088030818806,-90.75951274638639,0.6183381357655352,53.07893739680347
77.15078043937683,24.03807472064722,47.68673923680891,0.0,-0.0034400487712959705,-0.7551505440995101,37.31809685832059,-0.29471511929544897,-0.09981983128367883,0.48667088030818806,-90.75951274638639,0.6183381357655352,53.07893739680347
77.2007782459259,24.03807472064705,47.686739236808876,0.0,0.0017309107706026804,-0.6430231234586535,37.38402120753358,-0.29471511929544897,-0.09981983128367883,0.48667088030818806,-90.75951274638639,0.6183381357655352,53.07893739680347
77.2507951259613,24.03807472064705,47.686739236808876,0.0,0.0015754711499596174,-0.4817706910659372,37.467197299713234,-0.29759778209484183,-0.09631524761938973,0.4851330855013085,-90.44618616898265,0.297679762310929,46.816020186406725
77.30082082748413,24.03807472064691,47.686739236808876,0.0,0.0014415223933783483,-0.27186127696916457,37.569395888749774,-0.29759778209484183,-0.09631524761938973,0.4851330855013085,-90.31616328113851,0.14131326827550128,43.86931762103949
77.35084319114685,24.0380747206468,47.686739236808876,0.0,0.0013285336682021707,-0.00976026440628121,37.68899892103989,-0.29759778209484183,-0.09631524761938973,0.4851330855013085,-90.31616328113851,0.14131326827550128,43.86931762103949
77.40069651603699,24.0380747206468,47.686739236808876,0.0,0.0012159235489558693,0.018486852672540584,37.79214851615862,-0.29759778209484183,-0.09631524761938973,0.4851330855013085,-90.31616328113851,0.14131326827550128,43.86931762103949
77.45079898834229,24.038074720646478,47.68673923680888,0.0,0.000993501301450599,0.016239738033861795,37.88884592380363,-0.29759778209484183,-0.09631524761938973,0.4851330855013085,-90.31616328113851,0.14131326827550128,43.86931762103949
77.5007483959198,24.038074720646478,47.68673923680888,0.0,0.0008981043663053639,0.015116819366785892,37.88715856952865,-0.2957853547202303,-0.09736553615194934,0.4847578943744504,-90.13633785998448,0.0641584092866226,36.29090716829267
77.55081105232239,24.038074720646232,47.686739236808926,0.0,0.01181339689439036,0.29684066754992267,37.83000359452014,-0.2957853547202303,-0.09736553615194934,0.4847578943744504,-90.11429698867559,0.05299591517840287,35.25761166550255
77.60072040557861,24.038074720646232,47.686739236808926,0.0,0.0958146015345689,1.4956730510659062,37.63926506002705,-0.2957853547202303,-0.09736553615194934,0.4847578943744504,-90.11429698867559,0.05299591517840287,35.25761166550255
77.65089631080627,23.54952884456544,47.78254817638936,0.0,0.14030308212224565,2.557264560722769,37.40762199867896,-0.2957853547202303,-0.09736553615194934,0.4847578943744504,-90.11429698867559,0.05299591517840287,35.25761166550255
77.70095992088318,23.0609829684595,47.87835711597443,0.0,0.1317723169253081,3.5073159944725565,37.138377629808346,-0.3137867972779043,-0.10964120059259541,0.4703629147193783,-90.13662977610113,-1.7545102771414383,37.19034057254059
77.75107192993164,23.0609829684595,47.87835711597443,0.0,-0.010501816512436934,5.085575432401281,36.50971034663242,-0.3137867972779043,-0.10964120059259541,0.4703629147193783,-90.13662977610113,-1.7545102771414383,37.19034057254059
77.80072736740112,22.57243709235363,47.97416605555918,0.0,-0.009675969769763348,5.645645562310584,36.169978664092255,-0.3137867972779043,-0.10964120059259541,0.4703629147193783,-90.13662977610113,-1.7545102771414383,37.19034057254059
77.85091042518616,22.57243709235363,47.97416605555918,0.0,-0.00889473843250422,6.104934715336159,35.83040183246789,-0.3137867972779043,-0.10964120059259541,0.4703629147193783,-90.13662977610113,-1.7545102771414383,37.19034057254059
77.90088486671448,22.08389121624781,48.069974995143895,0.0,-0.008158294327202855,6.468523765655244,35.49930772523335,-0.30576304695599066,-0.11603414392803264,0.49110967207947787,-90.62066959105752,-1.625999725824975,40.6669877991883
77.95065116882324,21.595345340141982,48.16578393472861,0.0,-0.0074488300703640245,6.740496072697657,35.16995512041355,-0.30576304695599066,-0.11603414392803264,0.49110967207947787,-90.66407819876237,-1.606515770857326,41.14249475430128
78.00057697296143,21.595345340141982,48.16578393472861,0.0,-0.006159985767777743,7.023406540986247,34.527424539856305,-0.30576304695599066,-0.11603414392803264,0.49110967207947787,-90.66407819876237,-1.606515770857326,41.14249475430128
78.05098104476929,21.106799464036158,48.26159287431332,0.0,-0.00558404479313815,7.040759082932838,34.22449374166146,-0.30576304695599066,-0.11603414392803264,0.49110967207947787,-90.66407819876237,-1.606515770857326,41.14249475430128
78.10056209564209,21.106799464036158,48.26159287431332,0.0,0.16306100054992848,6.836290989674163,33.93179433483988,-0.2849606554078083,-0.10719059030103323,0.5203020430033853,-91.66748647046089,-0.9244327526330592,41.93065650110236
78.15095639228821,20.618253587930617,48.35740181389818,0.0,0.30258876828288067,6.577920301746352,33.65021151050001,-0.2849606554078083,-0.10719059030103323,0.5203020430033853,-92.253571198911,-0.6164226241269444,42.35968801939615
78.20078253746033,20.618253587930617,48.35740181389818,0.0,0.4175080430493707,6.264657305965138,33.37991436764974,-0.2849606554078083,-0.10719059030103323,0.5203020430033853,-92.253571198911,-0.6164226241269444,42.35968801939615
78.25085997581482,20.12970771182516,48.453210753483475,0.0,0.5091179292701229,5.894734197185445,33.12100677310774,-0.2849606554078083,-0.10719059030103323,0.5203020430033853,-92.253571198911,-0.6164226241269444,42.35968801939615
78.30073714256287,19.64116183572005,48.54901969306947,0.0,0.8209684580120725,5.461381719994306,33.29765673961669,-0.2849606554078083,-0.10719059030103323,0.5203020430033853,-92.253571198911,-0.6164226241269444,42.35968801939615
78.35095572471619,19.64116183572005,48.54901969306947,0.0,0.9727360825207746,5.237305389182988,33.52704474397317,-0.27371512066534875,-0.08955269480660066,0.5338159152879735,-93.87845814956667,-0.32378254176975035,41.780634721878585
78.40074753761292,19.15261595961536,48.64482863265676,0.0,1.113119688226757,4.991753736530723,33.8304990634805,-0.27371512066534875,-0.08955269480660066,0.5338159152879735,-94.12240505329743,-0.2860409781517311,41.727620251927725
78.45081329345703,19.15261595961536,48.64482863265676,0.0,1.23949678307416,4.723397480794059,34.20777323666973,-0.27371512066534875,-0.08955269480660066,0.5338159152879735,-94.12240505329743,-0.2860409781517311,41.727620251927725
78.50073719024658,18.664070083510936,48.7406375722454,0.0,1.3486062482610783,4.430503390479709,34.65772281427315,-0.27371512066534875,-0.08955269480660066,0.5338159152879735,-94.12240505329743,-0.2860409781517311,41.727620251927725
78.55091881752014,18.17552420740676,48.83644651183537,0.0,1.4364740039930621,4.111067278793787,35.17800743115472,-0.2731056942392477,-0.07435232076422962,0.5326746613409273,-96.1522581203271,-0.7098335310199643,39.465325442302095
78.60080885887146,18.17552420740676,48.83644651183537,0.0,1.5287404627805627,3.3837197259485152,36.41134544488318,-0.2731056942392477,-0.07435232076422962,0.5326746613409273,-96.1522581203271,-0.7098335310199643,39.465325442302095
78.65071868896484,17.686978331302797,48.93225545142668,0.0,1.5206755305478914,2.9696194471117954,37.107074247230145,-0.2731056942392477,-0.07435232076422962,0.5326746613409273,-96.1522581203271,-0.7098335310199643,39.465325442302095
78.70084238052368,17.686978331302797,48.93225545142668,0.0,1.468719873435308,2.5149988911164876,37.83136390200299,-0.2731056942392477,-0.07435232076422962,0.5326746613409273,-96.1522581203271,-0.7098335310199643,39.465325442302095
78.75080370903015,17.198432455198756,49.02806439101905,0.0,1.3705458399971915,2.0084436698973103,38.560862046524825,-0.2721525197881294,-0.0772752728565929,0.528735277029608,-98.5249744865374,-0.8969432635889374,38.574914738291554
78.8007504940033,17.198432455198756,49.02806439101905,0.0,1.2235903740163985,1.4479502087995573,39.2896668237851,-0.2721525197881294,-0.0772752728565929,0.528735277029608,-98.5249744865374,-0.8969432635889374,38.574914738291554
78.85086464881897,16.70988657909471,49.12387333061184,0.0,1.0251262112097008,0.8373266751406324,40.022100227209805,-0.2721525197881294,-0.0772752728565929,0.528735277029608,-98.86871265128774,-0.926031458033945,38.481533060943605
78.90071892738342,16.22134070299057,49.219682270204984,0.0,0.11013660624803255,-0.3764586260743544,41.62226079851066,-0.2721525197881294,-0.0772752728565929,0.528735277029608,-98.86871265128774,-0.926031458033945,38.481533060943605
78.95090651512146,16.22134070299057,49.219682270204984,0.0,-0.05773723601301051,-0.28653403442638326,42.4579258912025,-0.2721525197881294,-0.0772752728565929,0.528735277029608,-98.86871265128774,-0.926031458033945,38.481533060943605
79.00110602378845,15.732794826886236,49.31549120979833,0.0,-0.019726836501957685,-0.024216648438010746,43.24500654708995,-0.28053707885101803,-0.09529825906681444,0.5168428699657049,-99.51185200888908,-1.669776163978606,37.62748507326405
79.05078482627869,15.732794826886236,49.31549120979833,0.0,0.0011211805922585196,0.003052302506886306,44.00467172986699,-0.28053707885101803,-0.09529825906681444,0.5168428699657049,-99.51185200888908,-1.669776163978606,37.62748507326405
79.10094261169434,15.244248950782143,49.41130014939162,0.0,0.0010133398166434807,-0.002956082091961886,44.73474613516111,-0.28053707885101803,-0.09529825906681444,0.5168428699657049,-99.51185200888908,-1.669776163978606,37.62748507326405
79.15068554878235,14.75570307467828,49.50710908898467,0.0,0.000910200635808651,-0.0026731174327846072,45.43415923845638,-0.28053707885101803,-0.09529825906681444,0.5168428699657049,-99.51185200888908,-1.669776163978606,37.62748507326405
79.2008740901947,14.75570307467828,49.50710908898467,0.0,0.0007438278536818282,-0.0021845928011068935,46.73508915759482,-0.2882404179806327,-0.0937570881717838,0.4988203616565079,-99.16157689597755,-2.0393857160749183,35.28029726686563
79.2508442401886,14.26715719857433,49.6029180285778,0.0,-0.034498658493331155,-0.0014712438701307454,47.52205948227956,-0.2882404179806327,-0.0937570881717838,0.4988203616565079,-99.10971678597666,-2.0890429408764573,34.960289682126906
79.30071306228638,14.26715719857433,49.6029180285778,0.0,0.008081896924128534,0.00041136500488605637,48.41040465474919,-0.2882404179806327,-0.0937570881717838,0.4988203616565079,-99.10971678597666,-2.0890429408764573,34.960289682126906
79.35089373588562,13.778611322470722,49.69872696817198,0.0,0.007315904135760685,0.0003726247957053016,49.296945856599386,-0.2882404179806327,-0.0937570881717838,0.4988203616565079,-99.10971678597666,-2.0890429408764573,34.960289682126906
79.40073919296265,13.778611322470722,49.69872696817198,0.0,0.006610078605677141,0.00033670242197366156,50.13924855986648,-0.28677694339189586,-0.08698555234986965,0.4917667008130725,-99.14785918099373,-2.147913495901903,32.549056171568466
79.45089340209961,13.290065446367059,49.79453590776649,0.0,0.005978487135892523,0.0003002103780730522,50.9777932281679,-0.28677694339189586,-0.08698555234986965,0.4917667008130725,-99.09127450101963,-2.1689600258076416,31.39138394974479
79.50089287757874,12.801519570263519,49.89034484736135,0.0,0.005398496722181534,0.00027013249854197243,51.82595807862943,-0.28677694339189586,-0.08698555234986965,0.4917667008130725,-99.09127450101963,-2.1689600258076416,31.39138394974479
79.55059432983398,12.801519570263519,49.89034484736135,0.0,0.3935411345645908,0.07702376567293254,52.89745516810767,-0.28677694339189586,-0.08698555234986965,0.4917667008130725,-99.09127450101963,-2.1689600258076416,31.39138394974479
79.60075402259827,12.312973694159846,49.986153786956436,0.0,0.7484422545603394,0.14277538641586884,53.105733174137924,-0.28677694339189586,-0.08698555234986965,0.4917667008130725,-99.09127450101963,-2.1689600258076416,31.39138394974479
79.65074324607849,12.312973694159846,49.986153786956436,0.0,1.0722474687411476,0.20241436109036778,53.28328038540078,-0.2835803013154598,-0.08975581578551023,0.48349219780135355,-98.73810465064548,-1.819312620963114,29.461893700297836
79.70089745521545,11.824427818056227,50.08196272655188,0.0,1.3665009970451052,0.2606828941509383,53.43186923607969,-0.2835803013154598,-0.08975581578551023,0.48349219780135355,-98.6606874849616,-1.7664199746977245,29.19441884268674
79.7507152557373,11.335881941952671,50.17777166614768,0.0,1.6326176069681542,0.32128329507846615,53.553187932303,-0.2835803013154598,-0.08975581578551023,0.48349219780135355,-98.6606874849616,-1.7664199746977245,29.19441884268674
79.80072808265686,11.335881941952671,50.17777166614768,0.0,1.871819272432797,0.38718676494986987,53.648809269411586,-0.2835803013154598,-0.08975581578551023,0.48349219780135355,-98.6606874849616,-1.7664199746977245,29.19441884268674
79.85097670555115,10.847336065849172,50.27358060574381,0.0,2.2749793972281025,0.5367007097182436,53.762090118507345,-0.2829232007022526,-0.1026867748414898,0.47920424238581294,-97.68466524453194,-1.398977385684617,28.37464662119564
79.90072560310364,10.847336065849172,50.27358060574381,0.0,2.4404240206953505,0.624468912693301,53.78237082719632,-0.2829232007022526,-0.1026867748414898,0.47920424238581294,-97.68466524453194,-1.398977385684617,28.37464662119564
79.95097422599792,10.358790189745731,50.36938954534028,0.0,2.5827413067393854,0.7254591227374385,53.78088487676631,-0.2829232007022526,-0.1026867748414898,0.47920424238581294,-97.68466524453194,-1.398977385684617,28.37464662119564
80.00079083442688,10.358790189745731,50.36938954534028,0.0,2.7011462836960463,0.8393286534030082,53.75884795492181,-0.2829232007022526,-0.1026867748414898,0.47920424238581294,-97.68466524453194,-1.398977385684617,28.37464662119564
80.05106043815613,9.870244313642361,50.46519848493707,0.0,2.7974882387485733,0.9675139111634262,53.7152376745958,-0.2844383485329652,-0.11616519414354134,0.47791845945270994,-96.62830188084385,-1.279415782756367,27.956718257072293
80.1008026599884,9.381698437539058,50.5610074245342,0.0,2.8699472182979764,1.1131283527328144,53.6538520200599,-0.2844383485329652,-0.11616519414354134,0.47791845945270994,-96.47213320563175,-1.2585034316445893,27.90373270960582
80.1508903503418,9.381698437539058,50.5610074245342,0.0,2.944754802306686,1.453659823218521,53.473631493005875,-0.2844383485329652,-0.11616519414354134,0.47791845945270994,-96.47213320563175,-1.2585034316445893,27.90373270960582
80.20082688331604,8.893152561435832,50.656816364131636,0.0,2.9457828169177107,1.6537015052042077,53.358112734626765,-0.2844383485329652,-0.11616519414354134,0.47791845945270994,-96.47213320563175,-1.2585034316445893,27.90373270960582
80.25086879730225,8.893152561435832,50.656816364131636,0.0,2.922555387734028,1.8710297102993614,53.22344721715055,-0.2871864151784431,-0.12723406837925785,0.47615700618075474,-95.73224289934161,-1.2635667230005476,27.901226117340006
80.30078601837158,8.404606685332656,50.75262530372943,0.0,2.8741598996283573,2.1107150928535106,53.07230732713713,-0.2871864151784431,-0.12723406837925785,0.47615700618075474,-95.37583811001485,-1.2618776979395174,27.908362267567462
80.35062170028687,7.916060809229532,50.84843424332756,0.0,2.798853511364791,2.371753633895419,52.904950707588455,-0.2871864151784431,-0.12723406837925785,0.47615700618075474,-95.37583811001485,-1.2618776979395174,27.908362267567462
80.400887966156,7.916060809229532,50.84843424332756,0.0,2.698396579517176,2.6541342290030285,52.718412700875206,-0.2871864151784431,-0.12723406837925785,0.47615700618075474,-95.37583811001485,-1.2618776979395174,27.908362267567462
80.45084357261658,7.427514933126494,50.944243182926016,0.0,2.4123974607595056,3.288682991557692,52.294489382784334,-0.2871864151784431,-0.12723406837925785,0.47615700618075474,-95.37583811001485,-1.2618776979395174,27.908362267567462
80.50093007087708,7.427514933126494,50.944243182926016,0.0,2.225966912996044,3.6420771189469314,52.05533298799772,-0.2900574884226326,-0.1358643378308934,0.4737365143331769,-94.69028358600963,-1.4700965540705273,28.279231445176386
80.55072116851807,6.938969057023527,51.040052122524784,0.0,2.008359428915597,4.019267930189171,51.79536601975632,-0.2900574884226326,-0.1358643378308934,0.4737365143331769,-94.59718455026749,-1.4985352945078614,28.33101210218255
80.60082197189331,6.938969057023527,51.040052122524784,0.0,1.7592982839109457,4.422685429884828,51.514249406903254,-0.2900574884226326,-0.1358643378308934,0.4737365143331769,-94.59718455026749,-1.4985352945078614,28.33101210218255
80.65072631835938,6.450423180920577,51.13586106212386,0.0,1.4797200731416176,4.849571239736522,51.21403073429026,-0.2900574884226326,-0.1358643378308934,0.4737365143331769,-94.59718455026749,-1.4985352945078614,28.33101210218255
80.70071387290955,5.96187730481772,51.23167000172326,0.0,0.8184257985466958,5.775334588826506,50.54691178198726,-0.2922677304340416,-0.14287779928042715,0.4715628931940382,-94.14924775197842,-2.0888498982023838,29.09916806377887
80.75070428848267,5.96187730481772,51.23167000172326,0.0,0.43484367731820744,6.275210636239188,50.17645715223219,-0.2922677304340416,-0.14287779928042715,0.4715628931940382,-94.14924775197842,-2.0888498982023838,29.09916806377887
80.80106782913208,5.473331428714905,51.327478941322994,0.0,0.01482920766468821,6.800089166381513,49.78139059951278,-0.2922677304340416,-0.14287779928042715,0.4715628931940382,-94.14924775197842,-2.0888498982023838,29.09916806377887
80.85070562362671,5.473331428714905,51.327478941322994,0.0,-0.02899478080543035,6.972686898876325,49.35921997207404,-0.2922677304340416,-0.14287779928042715,0.4715628931940382,-94.14924775197842,-2.0888498982023838,29.09916806377887
80.90115237236023,4.984785552612179,51.423287880922956,0.0,-0.02833530206006829,7.01557157190549,48.93321377424574,-0.2849764129823797,-0.13657089424733504,0.48009313021869016,-94.75376360540629,-1.871833206512894,29.356440183929557
80.95085954666138,4.984785552612179,51.423287880922956,0.0,-0.027561145261408054,6.969067697893515,48.506941632786436,-0.2849764129823797,-0.13657089424733504,0.48009313021869016,-94.75376360540629,-1.871833206512894,29.356440183929557
81.00086092948914,4.496239676509343,51.519096820522954,0.0,-0.01792778022067263,6.8864754808863395,48.082897020550185,-0.2849764129823797,-0.13657089424733504,0.48009313021869016,-94.8376087512411,-1.8427780237755447,29.392445045788705
81.05072712898254,4.007693800406987,51.61490576012325,0.0,0.2602238725215597,6.52336768814594,46.9989909578175,-0.2849764129823797,-0.13657089424733504,0.48009313021869016,-94.8376087512411,-1.8427780237755447,29.392445045788705
81.10086464881897,4.007693800406987,51.61490576012325,0.0,0.5163750420805102,6.143355799462815,46.30882296767031,-0.2849764129823797,-0.13657089424733504,0.48009313021869016,-94.8376087512411,-1.8427780237755447,29.392445045788705
81.15092015266418,3.519147924304796,51.71071469972446,0.0,0.7543973902629529,5.727696949732645,45.6023371948456,-0.2657478819670939,-0.11673478306193238,0.49824681209562216,-97.33350119274,-0.6179348195029754,28.015329805732563
81.2007086277008,3.519147924304796,51.71071469972446,0.0,0.9770081367561995,5.276818536220452,44.87694813489591,-0.2657478819670939,-0.11673478306193238,0.49824681209562216,-97.33350119274,-0.6179348195029754,28.015329805732563
81.25086736679077,3.030602048202608,51.80652363932636,0.0,1.1856086893921316,4.786877066037213,44.13117763445956,-0.2657478819670939,-0.11673478306193238,0.49824681209562216,-97.33350119274,-0.6179348195029754,28.015329805732563
81.30071306228638,2.542056172100474,51.90233257892878,0.0,1.5661665810695111,3.6732882519234242,42.57641440410587,-0.2657478819670939,-0.11673478306193238,0.49824681209562216,-97.33350119274,-0.6179348195029754,28.015329805732563
81.35091066360474,2.542056172100474,51.90233257892878,0.0,1.7403069318737585,3.0383271419553934,41.769699491311634,-0.25120730554887466,-0.1087406893495404,0.5096947537556875,-99.69064592755323,-0.3713407006631861,26.805953949881854
81.40073466300964,2.053510295998351,51.998141518531625,0.0,1.9052391713196535,2.3415038329938307,40.94757500963175,-0.25120730554887466,-0.1087406893495404,0.5096947537556875,-100.03308096685664,-0.3520913915776925,26.652110897531106
81.45085906982422,2.053510295998351,51.998141518531625,0.0,2.0622687243896625,1.5749841744086635,40.11480032262539,-0.25120730554887466,-0.1087406893495404,0.5096947537556875,-100.03308096685664,-0.3520913915776925,26.652110897531106
81.50085353851318,1.5649644198963226,52.09395045813482,0.0,2.2129870146084882,0.7341058428075293,39.27467220904384,-0.25120730554887466,-0.1087406893495404,0.5096947537556875,-100.03308096685664,-0.3520913915776925,26.652110897531106
81.55087375640869,1.0764185437942255,52.189759397738385,0.0,1.777069222196075,-0.8063379150698049,37.33166890609555,-0.24259070348954995,-0.11671396978625213,0.5156282189103414,-101.9200134821588,-0.4425772808877476,26.10062107702354
81.60083174705505,1.0764185437942255,52.189759397738385,0.0,1.30646780498033,-1.3651510284012431,36.22253745415571,-0.24259070348954995,-0.11671396978625213,0.5156282189103414,-101.9200134821588,-0.4425772808877476,26.10062107702354
81.65092658996582,0.5878726676922261,52.28556833734235,0.0,0.8617611330526562,-1.8599981057085497,35.0817678181411,-0.24259070348954995,-0.11671396978625213,0.5156282189103414,-101.9200134821588,-0.4425772808877476,26.10062107702354
81.70098924636841,0.5878726676922261,52.28556833734235,0.0,0.4316220929060786,-2.2968565752709886,33.90639272737792,-0.24259070348954995,-0.11671396978625213,0.5156282189103414,-101.9200134821588,-0.4425772808877476,26.10062107702354
81.7509880065918,0.09932679159025118,52.38137727694672,0.0,0.0021641553815492246,-2.681495975794206,32.69286924091291,-0.2579447947944475,-0.1496289396428391,0.4958366223546006,-98.38174362084865,-1.3646707739683648,29.33029319099648
81.80078291893005,-0.38921908451189147,52.47718621655136,0.0,-0.0408769006077731,-2.528459128667229,30.102684018326947,-0.2579447947944475,-0.1496289396428391,0.4958366223546006,-97.93492770083087,-1.5136356625657237,29.787799329048035
81.85087251663208,-0.38921908451189147,52.47718621655136,0.0,-0.03866493894819984,-2.3280374818627023,28.73705048629304,-0.2579447947944475,-0.1496289396428391,0.4958366223546006,-97.93492770083087,-1.5136356625657237,29.787799329048035
81.90073943138123,-0.8777649606137033,52.57299515615617,0.0,-0.03818801357116203,-2.085973647947035,27.30722424687369,-0.2579447947944475,-0.1496289396428391,0.4958366223546006,-97.93492770083087,-1.5136356625657237,29.787799329048035
81.95074367523193,-0.8777649606137033,52.57299515615617,0.0,-0.03770505065661801,-1.7763710357824791,25.825553845610028,-0.2924669586169615,-0.15732183777092343,0.4987483576161811,-92.27789516526117,-1.1742134486386637,34.030163010494434
82.00084900856018,-1.366310836715381,52.66880409576151,0.0,-0.037245310211635387,-1.3904412802304718,24.29320229065745,-0.2924669586169615,-0.15732183777092343,0.4987483576161811,-90.53073001835286,-1.4143556807191422,36.38050339292208
82.05064249038696,-1.8548567128170834,52.76461303536732,0.0,-0.035531293266351446,-0.36656959861171184,21.097203771562512,-0.2924669586169615,-0.15732183777092343,0.4987483576161811,-90.53073001835286,-1.4143556807191422,36.38050339292208
82.10071158409119,-1.8548567128170834,52.76461303536732,0.0,-0.03492165480401403,0.01153900608443561,19.451355242706757,-0.2924669586169615,-0.15732183777092343,0.4987483576161811,-90.53073001835286,-1.4143556807191422,36.38050339292208
82.15094184875488,-2.3434025889185395,52.860421974973306,0.0,-0.03378481846058449,0.010559617256097227,17.78269461551872,-0.2924669586169615,-0.15732183777092343,0.4987483576161811,-90.53073001835286,-1.4143556807191422,36.38050339292208
82.20078182220459,-2.3434025889185395,52.860421974973306,0.0,-0.03260990705433224,0.009573671325015373,16.10215636161885,-0.3199088715234613,-0.18889435013558664,0.5169812958599582,-88.53350479644327,-1.9758822350394867,44.721668283236696
82.25105142593384,-2.8319484650202336,52.95623091457905,0.0,-0.031432384661990935,0.008660144322985239,14.409513399831603,-0.3199088715234613,-0.18889435013558664,0.5169812958599582,-88.64415653197382,-2.0953179129188144,45.85939413284183
82.30083775520325,-2.8319484650202336,52.95623091457905,0.0,-0.030266584142703536,0.007833961570596286,12.704366176078947,-0.3199088715234613,-0.18889435013558664,0.5169812958599582,-88.64415653197382,-2.0953179129188144,45.85939413284183
82.35079216957092,-3.320494341122004,53.052039854184436,0.0,-0.029081443823858657,0.007086816115583562,10.986212954733631,-0.3199088715234613,-0.18889435013558664,0.5169812958599582,-88.64415653197382,-2.0953179129188144,45.85939413284183
82.40063095092773,-3.8090402172238367,53.147848793789464,0.0,-0.026636227350933264,0.005800153171377473,7.50854421058184,-0.3274612891313679,-0.21533202979765306,0.532733513966762,-91.99881705309592,-2.0286487139322493,55.46712913606603
82.45073461532593,-3.8090402172238367,53.147848793789464,0.0,-0.025428936990705697,0.005247544617207549,5.747779596736632,-0.3274612891313679,-0.21533202979765306,0.532733513966762,-91.99881705309592,-2.0286487139322493,55.46712913606603
82.50096225738525,-4.297586093325747,53.24365773339414,0.0,-0.024212434210568644,0.004747802981328701,3.9715704091824504,-0.3274612891313679,-0.21533202979765306,0.532733513966762,-91.99881705309592,-2.0286487139322493,55.46712913606603
82.55116057395935,-4.297586093325747,53.24365773339414,0.0,-0.022963115758837742,0.004295908632781703,2.1793554380650852,-0.3274612891313679,-0.21533202979765306,0.532733513966762,-91.99881705309592,-2.0286487139322493,55.46712913606603
82.60100936889648,-4.786131969427721,53.33946667299844,0.0,-0.02170601971408577,0.0038872493110042507,0.370651459891344,-0.3315472684782135,-0.22963903617642506,0.5377892050134707,-97.9974539009357,-1.5702035692766891,62.75070029235293
82.65074467658997,-4.786131969427721,53.33946667299844,0.0,-0.0204691287481629,0.0035176493418641983,-1.454939698154237,-0.3315472684782135,-0.22963903617642506,0.5377892050134707,-97.9974539009357,-1.5702035692766891,62.75070029235293
82.70097541809082,-5.274677845529773,53.4352756126024,0.0,-0.01923203810513209,0.0031834053455790535,-3.297732446393702,-0.3315472684782135,-0.22963903617642506,0.5377892050134707,-98.95359718944951,-1.443232606591936,63.62422245314059
82.75119495391846,-5.763223721631859,53.53108455220599,0.0,-0.017965190652206225,0.0028811822345676578,-5.157957392662661,-0.3315472684782135,-0.22963903617642506,0.5377892050134707,-98.95359718944951,-1.443232606591936,63.62422245314059
82.80066466331482,-5.763223721631859,53.53108455220599,0.0,-0.8151118243599087,0.0020839224643018983,-7.593628797028029,-0.3315472684782135,-0.22963903617642506,0.5377892050134707,-98.95359718944951,-1.443232606591936,63.62422245314059
82.85073614120483,-6.251769597733983,53.62689349180917,0.0,-1.2738422044534234,0.0017288012373729413,-8.47819189449379,-0.34646820243199333,-0.2300329595934596,0.5322780717193696,-106.518936543498,-1.0367595082462124,69.30325095139625
82.90083265304565,-6.251769597733983,53.62689349180917,0.0,-1.6107605390001603,0.0014605664266488306,-9.38832641177646,-0.34646820243199333,-0.2300329595934596,0.5322780717193696,-106.518936543498,-1.0367595082462124,69.30325095139625
82.95097422599792,-6.740315473836216,53.722702431411825,0.0,-1.8236858029095706,0.0011512046072675633,-10.324817161683823,-0.34646820243199333,-0.2300329595934596,0.5322780717193696,-106.518936543498,-1.0367595082462124,69.30325095139625
83.00106024742126,-6.740315473836216,53.722702431411825,0.0,-1.899537342731007,0.0010885303718158822,-11.269940996913782,-0.34646820243199333,-0.2300329595934596,0.5322780717193696,-106.518936543498,-1.0367595082462124,69.30325095139625
83.05099940299988,-7.2288613499387,53.818511371014466,0.0,-1.8372678273601846,0.0011405740190000074,-12.223924056057855,-0.3626486367281367,-0.2004252982081407,0.5393033801258986,-112.21204711543305,0.7636265416585212,72.57411373454299
83.10074043273926,-7.717407226041107,53.914320310617505,0.0,-1.63168432838043,0.001192288347083511,-13.183530953157701,-0.3626486367281367,-0.2004252982081407,0.5393033801258986,-112.93474606362832,1.0734534760118182,73.02719499163699
83.15086483955383,-7.717407226041107,53.914320310617505,0.0,-0.7882431444917115,0.001064505051998583,-15.097064632321146,-0.3626486367281367,-0.2004252982081407,0.5393033801258986,-112.93474606362832,1.0734534760118182,73.02719499163699
83.20079851150513,-8.205953102143392,54.010129250221226,0.0,-0.16197645758342838,0.0004521433335207107,-16.038369419120816,-0.3626486367281367,-0.2004252982081407,0.5393033801258986,-112.93474606362832,1.0734534760118182,73.02719499163699
83.25109338760376,-8.205953102143392,54.010129250221226,0.0,0.05066864873704716,-0.00024404660070355934,-16.92848818399221,-0.3626486367281367,-0.2004252982081407,0.5393033801258986,-112.93474606362832,1.0734534760118182,73.02719499163699
83.30088520050049,-8.69449897824543,54.10593818982539,0.0,0.050538401723598005,-0.00024388227195005138,-17.825632111997756,-0.3606892262752431,-0.1679900761033693,0.5580579025257362,-115.27321328019802,3.590625819174465,76.51078683218262
83.35092902183533,-8.69449897824543,54.10593818982539,0.0,0.0502870018257327,-0.0002438107530678482,-18.7478078123162,-0.3606892262752431,-0.1679900761033693,0.5580579025257362,-115.27321328019802,3.590625819174465,76.51078683218262
83.40092349052429,-9.1830448543475,54.20174712942925,0.0,0.04991183126831428,-0.00024383736666045499,-19.693255136903726,-0.3606892262752431,-0.1679900761033693,0.5580579025257362,-115.27321328019802,3.590625819174465,76.51078683218262
83.45062494277954,-9.671590730449632,54.297556069032765,0.0,0.04945458566795906,-0.00024393877182500147,-20.66083876625805,-0.3606892262752431,-0.1679900761033693,0.5580579025257362,-115.27321328019802,3.590625819174465,76.51078683218262
83.50070548057556,-9.671590730449632,54.297556069032765,0.0,0.04894108413022095,-0.00024409624021959643,-21.649783110496564,-0.35857665965321145,-0.17763415044863637,0.5607750896811973,-114.78396746332508,3.936728141345888,80.99302362697024
83.55101561546326,-10.16013660655184,54.393365008635925,0.0,0.04834911917212893,-0.000244331887045209,-22.65955987169119,-0.35857665965321145,-0.17763415044863637,0.5607750896811973,-114.69206307803408,3.9742566242904465,81.61053919858948
83.60063815116882,-10.16013660655184,54.393365008635925,0.0,0.04692171741172143,-0.00024505737045741645,-24.740420476762765,-0.35857665965321145,-0.17763415044863637,0.5607750896811973,-114.69206307803408,3.9742566242904465,81.61053919858948
83.65080618858337,-10.64868248265411,54.48917394823872,0.0,0.046150202827937775,-0.0002454942235926575,-25.81123992370752,-0.35857665965321145,-0.17763415044863637,0.5607750896811973,-114.69206307803408,3.9742566242904465,81.61053919858948
83.70084643363953,-10.64868248265411,54.48917394823872,0.0,0.04533114352079804,-0.0002459916366419264,-26.902286459265046,-0.35857665965321145,-0.17763415044863637,0.5607750896811973,-114.69206307803408,3.9742566242904465,81.61053919858948
83.75073289871216,-11.13722835875646,54.58498288784116,0.0,0.04444176427725858,-0.0002465737269860179,-28.01360876312085,-0.3537982457743669,-0.18626234684419185,0.5615105697602423,-114.61223059082475,5.154281670476977,88.37487599018081
83.80070185661316,-11.13722835875646,54.58498288784116,0.0,0.04350714393708523,-0.0002472184844448642,-29.145298336617753,-0.3537982457743669,-0.18626234684419185,0.5615105697602423,-114.61223059082475,5.154281670476977,88.37487599018081
83.85091423988342,-11.62577423485887,54.680791827443244,0.0,0.04256124853763755,-0.00024789378690883313,-30.297473293981124,-0.3537982457743669,-0.18626234684419185,0.5615105697602423,-114.61223059082475,5.154281670476977,88.37487599018081
83.9009141921997,-11.62577423485887,54.680791827443244,0.0,0.041590540524735986,-0.00024861437911744943,-31.47026388996381,-0.3537982457743669,-0.18626234684419185,0.5615105697602423,-114.61223059082475,5.154281670476977,88.37487599018081
83.95124530792236,-12.114320110961359,54.77660076704497,0.0,0.040565917366450197,-0.0002494117677121672,-32.6638092769599,-0.348887959074559,-0.19196092976223567,0.5592593483203392,-114.52134964512875,6.3955052669514805,94.80958888599515
84.00086665153503,-12.602865987063911,54.87240970664634,0.0,0.03950319124868036,-0.000250271318230983,-33.87825909279413,-0.348887959074559,-0.19196092976223567,0.5592593483203392,-114.46207604067187,6.549669120349558,95.70097382164238
84.05062532424927,-12.602865987063911,54.87240970664634,0.0,0.006347884641247838,-0.08328443021687518,-36.16862874532566,-0.348887959074559,-0.19196092976223567,0.5592593483203392,-114.46207604067187,6.549669120349558,95.70097382164238
84.10096192359924,-13.091411863166424,54.96821864624738,0.0,-0.21918558150123124,-0.848239901398815,-35.4356390874121,-0.348887959074559,-0.19196092976223567,0.5592593483203392,-114.46207604067187,6.549669120349558,95.70097382164238
84.15088772773743,-13.091411863166424,54.96821864624738,0.0,-0.3855983457198198,-1.5325191309713275,-34.738359177606,-0.348887959074559,-0.19196092976223567,0.5592593483203392,-114.46207604067187,6.549669120349558,95.70097382164238
84.20105171203613,-13.579957739269362,55.06402758584873,0.0,-0.49580811177469386,-2.1387776505988847,-34.073662613696776,-0.3520834281029365,-0.1717583324341344,0.5592441992209456,-112.19691676613762,6.9218464976208685,99.09998282393363
84.25094819068909,-13.579957739269362,55.06402758584873,0.0,-0.584150687294656,-2.679800789309722,-33.4055787297789,-0.3520834281029365,-0.1717583324341344,0.5592441992209456,-112.19691676613762,6.9218464976208685,99.09998282393363
84.30088973045349,-14.068503615372018,55.159836525450146,0.0,-0.6595098864723468,-3.156049826340799,-32.735594470197405,-0.3520834281029365,-0.1717583324341344,0.5592441992209456,-112.19691676613762,6.9218464976208685,99.09998282393363
84.35094165802002,-14.068503615372018,55.159836525450146,0.0,-0.7283261993549522,-3.5722844117827877,-32.05657533631853,-0.3520834281029365,-0.1717583324341344,0.5592441992209456,-112.19691676613762,6.9218464976208685,99.09998282393363
84.40109920501709,-14.410485728667918,55.226902783175596,0.0,0.028582377191735318,-5.641886148469622,-31.433700354274542,-0.34415546458207275,-0.13546284713904336,0.5785127163758061,-104.70207893111667,6.592188873944269,102.99505451685903
84.45083832740784,-14.410485728667918,55.226902783175596,0.0,0.020122734569477982,-7.426534960759415,-30.760135466750352,-0.34415546458207275,-0.13546284713904336,0.5785127163758061,-104.70207893111667,6.592188873944269,102.99505451685903
84.50077843666077,-14.410485728667995,55.226902783175625,0.0,0.01809452608299515,-9.107938780544606,-30.101550012043564,-0.34415546458207275,-0.13546284713904336,0.5785127163758061,-103.6342549030001,6.42996240299871,104.61439540182633
84.55064296722412,-14.410485728667895,55.226902783175625,0.0,0.014255702434017995,-12.174340035158288,-28.826479403285184,-0.34415546458207275,-0.13546284713904336,0.5785127163758061,-103.6342549030001,6.42996240299871,104.61439540182633
84.60084700584412,-14.410485728667895,55.226902783175625,0.0,0.012417095438104236,-13.568052453854103,-28.20796638717519,-0.34415546458207275,-0.13546284713904336,0.5785127163758061,-103.6342549030001,6.42996240299871,104.61439540182633
84.65098524093628,-14.410485728667789,55.226902783175625,0.0,0.010640647908864953,-14.872550815385338,-27.59955554802643,-0.34246837751443876,-0.13393163078808962,0.5955637900713254,-92.05518849138662,1.9935514299024477,122.44442809597933
84.70082306861877,-14.410485728667789,55.226902783175625,0.0,0.009055235187244132,-16.082991117534885,-26.997732068360087,-0.34246837751443876,-0.13393163078808962,0.5955637900713254,-92.05518849138662,1.9935514299024477,122.44442809597933
84.75072288513184,-14.410485728667632,55.22690278317563,0.0,0.007659533995185002,-17.20163644672773,-26.39857774080944,-0.34246837751443876,-0.13393163078808962,0.5955637900713254,-92.05518849138662,1.9935514299024477,122.44442809597933
84.80081558227539,-14.410485728667632,55.22690278317563,0.0,0.006430326097419926,-18.235091413803804,-25.798868933530812,-0.34246837751443876,-0.13393163078808962,0.5955637900713254,-92.05518849138662,1.9935514299024477,122.44442809597933
84.8508973121643,-14.410485728667688,55.22690278317562,0.0,0.04998296473336405,-18.99023324193543,-25.40144221089216,-0.364857789330279,-0.13809105453928675,0.5817997140067223,-90.74994594536771,-0.9145306603926924,131.64522795382248
84.90079426765442,-14.410485728667688,55.22690278317562,0.0,0.20111161308337494,-19.625636596830525,-25.180919743753005,-0.364857789330279,-0.13809105453928675,0.5817997140067223,-90.57110289135214,-1.3166102071746575,131.583623847789
84.95086407661438,-14.410485728667688,55.22690278317562,0.0,0.46880054694686685,-20.19019297218587,-25.102128047018915,-0.364857789330279,-0.13809105453928675,0.5817997140067223,-90.57110289135214,-1.3166102071746575,131.583623847789
85.00056576728821,-14.410485728667616,55.226902783175625,0.0,0.6855285269114079,-21.164288673639074,-25.007835745412383,-0.364857789330279,-0.13809105453928675,0.5817997140067223,-90.57110289135214,-1.3166102071746575,131.583623847789
85.05072522163391,-14.410485728667616,55.226902783175625,0.0,0.5803204324693418,-21.669167447695692,-24.88686158032239,-0.364857789330279,-0.13809105453928675,0.5817997140067223,-90.57110289135214,-1.3166102071746575,131.583623847789
85.10074281692505,-14.410485728667574,55.226902783175625,0.0,0.44152715384777874,-22.090617231200458,-24.81790028839301,-0.38752142887267593,-0.16242681486299954,0.5550211774045375,-93.7582537013055,-3.7065195319220763,121.65308997992247
85.15095353126526,-14.410485728667574,55.226902783175625,0.0,0.2507784366583516,-22.45898294328674,-24.788480657323042,-0.38752142887267593,-0.16242681486299954,0.5550211774045375,-93.7582537013055,-3.7065195319220763,121.65308997992247
85.20073652267456,-14.410485728667481,55.226902783175625,0.0,0.0038575121608553104,-22.77978025260484,-24.789371903458555,-0.38752142887267593,-0.16242681486299954,0.5550211774045375,-93.7582537013055,-3.7065195319220763,121.65308997992247
85.2510576248169,-14.410485728667481,55.226902783175625,0.0,-0.023082923777098554,-22.862214304593532,-24.889373717175406,-0.38752142887267593,-0.16242681486299954,0.5550211774045375,-93.7582537013055,-3.7065195319220763,121.65308997992247
85.30098366737366,-14.410485728667794,55.22690278317563,0.0,-0.022210973744339647,-22.88345508080739,-25.002720633091997,-0.40182314506514066,-0.18603319884289887,0.5288812356284491,-96.67528532078904,-5.822876980085382,111.59467696356454
85.35082912445068,-14.410485728668164,55.226902783175696,0.0,-0.02128564629334464,-22.863870955512905,-25.125153005218884,-0.40182314506514066,-0.18603319884289887,0.5288812356284491,-97.06962078691467,-6.127308641973612,110.23666512082912
85.40076422691345,-14.410485728668164,55.226902783175696,0.0,-0.019300169248668682,-22.696761082907944,-25.409038788889454,-0.40182314506514066,-0.18603319884289887,0.5288812356284491,-97.06962078691467,-6.127308641973612,110.23666512082912
85.45092368125916,-14.410485728668538,55.22690278317577,0.0,-0.018252342116092207,-22.54710934675812,-25.574210624221745,-0.40182314506514066,-0.18603319884289887,0.5288812356284491,-97.06962078691467,-6.127308641973612,110.23666512082912
85.50113582611084,-14.410485728668538,55.22690278317577,0.0,-0.01717560144735719,-22.352267995712616,-25.756375368407994,-0.40182314506514066,-0.18603319884289887,0.5288812356284491,-97.06962078691467,-6.127308641973612,110.23666512082912
85.55083966255188,-14.41048572866889,55.226902783175866,0.0,-0.016075427698296747,-22.111553260862745,-25.956192716203784,-0.41257127241586455,-0.192589402177275,0.5099929067507529,-98.61895626928673,-7.427163224513008,99.17197825738427
85.60114121437073,-14.41048572866889,55.226902783175866,0.0,-0.014956970623305596,-21.824374191672852,-26.174091107801498,-0.41257127241586455,-0.192589402177275,0.5099929067507529,-98.61895626928673,-7.427163224513008,99.17197825738427
85.65089583396912,-14.410485728669244,55.22690278317601,0.0,-0.01382504458320336,-21.490210022549228,-26.410349759753892,-0.41257127241586455,-0.192589402177275,0.5099929067507529,-98.61895626928673,-7.427163224513008,99.17197825738427
85.70080471038818,-14.410485728669592,55.22690278317617,0.0,-0.012684133641580997,-21.108591771640437,-26.66515667910044,-0.41257127241586455,-0.192589402177275,0.5099929067507529,-98.61895626928673,-7.427163224513008,99.17197825738427
85.7505624294281,-14.410485728669592,55.22690278317617,0.0,-0.010540763903071569,-20.201370450480983,-27.230894068724727,-0.4164552103990527,-0.19334229160428873,0.4987832195483116,-98.98550354769606,-8.265853338414985,89.38813672392679
85.80085849761963,-14.410485728669913,55.22690278317636,0.0,-0.009644397459161708,-19.67487402626042,-27.543476174283718,-0.4164552103990527,-0.19334229160428873,0.4987832195483116,-99.03570060004988,-8.380243024008152,88.05476533808591
85.85104393959045,-14.410485728669913,55.22690278317636,0.0,-0.00886290679264426,-19.09813717859319,-27.886889062759952,-0.4164552103990527,-0.19334229160428873,0.4987832195483116,-99.03570060004988,-8.380243024008152,88.05476533808591
85.90092611312866,-14.410485728670226,55.226902783176556,0.0,-0.008189631449912563,-18.47053113799826,-28.26177373706703,-0.4164552103990527,-0.19334229160428873,0.4987832195483116,-99.03570060004988,-8.380243024008152,88.05476533808591
85.95072054862976,-14.410485728670226,55.226902783176556,0.0,-0.007616287601103896,-17.791647666601015,-28.66691341222825,-0.4166046980965063,-0.1919336798170671,0.4922190275255345,-99.05024253105283,-8.726201887007381,80.54715053053948
86.00082921981812,-14.410485728670617,55.22690278317687,0.0,-0.007114968112735461,-17.067297159495215,-29.07431511794688,-0.4166046980965063,-0.1919336798170671,0.4922190275255345,-99.05720184481254,-8.88900679862694,78.40673222837663
86.05087304115295,-14.410485728671022,55.226902783177174,0.0,-0.004572047554492601,-15.508975316651664,-29.694982067971758,-0.4166046980965063,-0.1919336798170671,0.4922190275255345,-99.05720184481254,-8.88900679862694,78.40673222837663
86.10075998306274,-14.410485728671022,55.226902783177174,0.0,-0.004303942109868747,-14.652052978959555,-29.949751140760196,-0.4166046980965063,-0.1919336798170671,0.4922190275255345,-99.05720184481254,-8.88900679862694,78.40673222837663
86.15099501609802,-14.410485728671343,55.22690278317738,0.0,-0.004049900316803936,-13.743141473942892,-30.174338465648926,-0.41780881950149246,-0.17891592278345034,0.4903117967135622,-99.17953221102967,-8.761357561727714,85.79736769708306
86.20086646080017,-14.410485728671343,55.22690278317738,0.0,-0.24811573907722975,-12.940869132687025,-30.34018961580377,-0.41780881950149246,-0.17891592278345034,0.4903117967135622,-99.17953221102967,-8.761357561727714,85.79736769708306
86.250896692276,-14.410485728671729,55.22690278317758,0.0,-0.650814539485207,-12.392522550874556,-30.401137079929715,-0.41780881950149246,-0.17891592278345034,0.4903117967135622,-99.19618915447852,-8.743794719119597,86.99502136213134
86.30057144165039,-14.410485728672212,55.22690278317779,0.0,-1.2221461812662446,-11.594550570451283,-30.31041011031317,-0.41780881950149246,-0.17891592278345034,0.4903117967135622,-99.19618915447852,-8.743794719119597,86.99502136213134
86.35074210166931,-14.410485728672212,55.22690278317779,0.0,-1.4305864125635677,-11.295107963537951,-30.186303841411924,-0.41780881950149246,-0.17891592278345034,0.4903117967135622,-99.19618915447852,-8.743794719119597,86.99502136213134
86.40084648132324,-14.410485728672658,55.226902783177934,0.0,-1.6026283195021194,-11.04316111854464,-30.021603584324325,-0.40006974490149433,-0.16485665622489123,0.4998393257047552,-96.04851488716005,-9.58795328703052,96.66293183363221
86.45070600509644,-14.410485728672658,55.226902783177934,0.0,-1.7450474112555112,-10.830294146065974,-29.822145801924336,-0.40006974490149433,-0.16485665622489123,0.4998393257047552,-96.04851488716005,-9.58795328703052,96.66293183363221
86.50091600418091,-14.41048572867307,55.226902783178055,0.0,-1.8624062523732425,-10.650860760422152,-29.592256525929837,-0.40006974490149433,-0.16485665622489123,0.4998393257047552,-96.04851488716005,-9.58795328703052,96.66293183363221
86.55073928833008,-14.410485728673441,55.22690278317812,0.0,-2.0340335912628666,-10.377512196713228,-29.05390313490659,-0.40006974490149433,-0.16485665622489123,0.4998393257047552,-96.04851488716005,-9.58795328703052,96.66293183363221
86.60095262527466,-14.410485728673441,55.22690278317812,0.0,-2.0920277253922226,-10.279042981086326,-28.750356047615742,-0.37628473581958716,-0.14070370574647859,0.5140682908852732,-92.96310429672901,-9.237805062777658,105.06212514662258
86.65072679519653,-14.410485728673818,55.22690278317816,0.0,-2.1330399838994754,-10.204127318346913,-28.426563917721523,-0.37628473581958716,-0.14070370574647859,0.5140682908852732,-92.54392082895394,-9.184675882734016,106.20684752738471
86.70067191123962,-14.609590630755712,55.23067983380133,0.0,-2.1578438948802274,-10.151815835268804,-28.084227548063378,-0.37628473581958716,-0.14070370574647859,0.5140682908852732,-92.54392082895394,-9.184675882734016,106.20684752738471
86.75105690956116,-14.609590630755712,55.23067983380133,0.0,-3.59187538120614,-7.24219872802799,-28.15167091189858,-0.37628473581958716,-0.14070370574647859,0.5140682908852732,-92.54392082895394,-9.184675882734016,106.20684752738471
86.80079412460327,-15.107352886021987,55.240122460360276,0.0,-3.547080498044041,-6.526864249385724,-28.304325381008894,-0.3742546433252476,-0.14441207077145596,0.4900086639576372,-99.88555509653672,-9.488056941818556,109.66308117536907
86.85108494758606,-15.107352886021987,55.240122460360276,0.0,-3.40380561230411,-5.870109064822371,-28.4488331271086,-0.3742546433252476,-0.14441207077145596,0.4900086639576372,-99.88555509653672,-9.488056941818556,109.66308117536907
86.90085053443909,-15.605115141288586,55.24956508692012,0.0,-3.1746438034711186,-5.269361882363648,-28.583466801730903,-0.3742546433252476,-0.14441207077145596,0.4900086639576372,-99.88555509653672,-9.488056941818556,109.66308117536907
86.95060300827026,-16.102877396555172,55.25900771348088,0.0,-2.8688857278750737,-4.723265496342326,-28.705737354221082,-0.3742546433252476,-0.14441207077145596,0.4900086639576372,-99.88555509653672,-9.488056941818556,109.66308117536907
87.00097489356995,-16.102877396555172,55.25900771348088,0.0,-2.493538310210328,-4.231329559289584,-28.812650358222143,-0.34988966670337884,-0.12665433197125972,0.49793422352247463,-105.06854985501325,-8.681508173845714,110.21771002824461
87.05072617530823,-16.600639651821744,55.26845034004254,0.0,-1.5550596470693991,-3.411171336067433,-28.967058302145094,-0.34988966670337884,-0.12665433197125972,0.49793422352247463,-105.77166318123778,-8.577343062755356,110.26765122046893
87.10131907463074,-16.600639651821744,55.26845034004254,0.0,-1.000498599414818,-3.084757130529122,-29.007618215559116,-0.34988966670337884,-0.12665433197125972,0.49793422352247463,-105.77166318123778,-8.577343062755356,110.26765122046893
87.15074634552002,-17.098401907088178,55.277892966605044,0.0,-0.6580860203314108,-2.8797470584857288,-29.067174092085207,-0.34988966670337884,-0.12665433197125972,0.49793422352247463,-105.77166318123778,-8.577343062755356,110.26765122046893
87.20072841644287,-17.098401907088178,55.277892966605044,0.0,-0.3171467800536348,-2.7190818479193704,-29.162098328943582,-0.32094715962949016,-0.11061745675893822,0.5133759049812873,-105.0199694527636,-7.667980709767339,111.07065837983447
87.25104546546936,-17.59616416235424,55.28733559316766,0.0,0.06001920998649274,-2.5950053325750604,-29.288535126493343,-0.32094715962949016,-0.11061745675893822,0.5133759049812873,-104.66813983027261,-7.2391665144484065,111.45557772169843
87.30074214935303,-18.0939264176203,55.29677821973028,0.0,0.47758828909542517,-2.504257774025522,-29.444751131519347,-0.32094715962949016,-0.11061745675893822,0.5133759049812873,-104.66813983027261,-7.2391665144484065,111.45557772169843
87.35093283653259,-18.0939264176203,55.29677821973028,0.0,1.450028789829943,-2.408870742577192,-29.834004763209624,-0.32094715962949016,-0.11061745675893822,0.5133759049812873,-104.66813983027261,-7.2391665144484065,111.45557772169843
87.40080785751343,-18.591688672886466,55.306220846292966,0.0,2.0120896456091693,-2.3968508400454205,-30.057337740988643,-0.32094715962949016,-0.11061745675893822,0.5133759049812873,-104.66813983027261,-7.2391665144484065,111.45557772169843
87.45083832740784,-18.591688672886466,55.306220846292966,0.0,2.5296842460388045,-2.434374660776255,-30.287911542493774,-0.29481442790583723,-0.10398361609432669,0.5247241897008302,-101.53023114962018,-5.457159659867935,114.51936514818397
87.50081038475037,-19.089450928152562,55.315663472855825,0.0,2.6892393683983937,-2.622565136095563,-30.515079022469674,-0.29481442790583723,-0.10398361609432669,0.5247241897008302,-101.09854049461966,-5.2250108255140635,114.94662089649043
87.55097699165344,-19.5872131834187,55.32510609941878,0.0,2.8763119695057937,-2.840180483494901,-30.75589951897862,-0.29481442790583723,-0.10398361609432669,0.5247241897008302,-101.09854049461966,-5.2250108255140635,114.94662089649043
87.60083842277527,-19.5872131834187,55.32510609941878,0.0,3.3457120394577102,-3.3476521600317684,-31.267790925919016,-0.29481442790583723,-0.10398361609432669,0.5247241897008302,-101.09854049461966,-5.2250108255140635,114.94662089649043
87.65090703964233,-20.08497543868491,55.33454872598196,0.0,3.6327065664742264,-3.6302269417931106,-31.52806699269952,-0.2727013678645599,-0.113924866286124,0.5307201567758287,-97.02260023681849,-3.958493040017212,121.87513569517432
87.70090413093567,-20.08497543868491,55.33454872598196,0.0,3.9562202807968703,-3.927233673822355,-31.781330715441978,-0.2727013678645599,-0.113924866286124,0.5307201567758287,-97.02260023681849,-3.958493040017212,121.87513569517432
87.7507894039154,-20.582737693951277,55.34399135254554,0.0,3.8829241957715115,-4.158639981836438,-31.915909439188145,-0.2727013678645599,-0.113924866286124,0.5307201567758287,-97.02260023681849,-3.958493040017212,121.87513569517432
87.80116391181946,-20.582737693951277,55.34399135254554,0.0,3.3502146097980505,-4.291093019598213,-31.92638074449371,-0.2727013678645599,-0.113924866286124,0.5307201567758287,-97.02260023681849,-3.958493040017212,121.87513569517432
87.8507809638977,-21.08049994921763,55.353433979109646,0.0,2.767057803728861,-4.385817036503835,-31.91854052265339,-0.26862296951754094,-0.13626998926531173,0.5198968608556999,-94.82645940273952,-3.713837989170855,127.30080418360764
87.90074729919434,-21.57826220448401,55.362876605674245,0.0,2.134646138680042,-4.44448326679668,-31.895619136192604,-0.26862296951754094,-0.13626998926531173,0.5198968608556999,-94.5201646661436,-3.700146990175849,128.03960731807013
87.951012134552,-21.57826220448401,55.362876605674245,0.0,0.7097340243601014,-4.423916426183324,-31.821138059309604,-0.26862296951754094,-0.13626998926531173,0.5198968608556999,-94.5201646661436,-3.700146990175849,128.03960731807013
88.00081968307495,-22.076024459750467,55.37231923223919,0.0,-0.011097249552746798,-4.273096835336743,-31.8086855918713,-0.26862296951754094,-0.13626998926531173,0.5198968608556999,-94.5201646661436,-3.700146990175849,128.03960731807013
88.05083346366882,-22.076024459750467,55.37231923223919,0.0,-0.010178993328909727,-3.4864872058293335,-31.9834817814056,-0.2829018743914351,-0.14800884129755876,0.4958827710947171,-94.65639656226993,-2.7294638964149285,129.23519764683732
88.10095572471619,-22.57378671501723,55.381761858804225,0.0,-0.009368139488387063,-2.589262012632295,-32.1899318606342,-0.2829018743914351,-0.14800884129755876,0.4958827710947171,-94.71834553132511,-2.2692301282597214,129.79615107538862
88.15071082115173,-23.071548970283825,55.39120448536926,0.0,-0.008669971956347092,-1.5818522753298436,-32.42170129826768,-0.2829018743914351,-0.14800884129755876,0.4958827710947171,-94.71834553132511,-2.2692301282597214,129.79615107538862
88.2006585597992,-23.071548970283825,55.39120448536926,0.0,-0.007797149456688455,0.012522717716142794,-32.91667772694738,-0.2829018743914351,-0.14800884129755876,0.4958827710947171,-94.71834553132511,-2.2692301282597214,129.79615107538862
88.25090599060059,-23.569311225549942,55.40064711193433,0.0,-0.007790130106075782,0.012270572965838396,-33.12732697164838,-0.2829018743914351,-0.14800884129755876,0.4958827710947171,-94.71834553132511,-2.2692301282597214,129.79615107538862
88.30073380470276,-23.569311225549942,55.40064711193433,0.0,-0.007793365350488922,0.01192647401245599,-33.33621309321852,-0.2891859737092861,-0.13223247944691396,0.4788789801966491,-94.73401338983716,-0.673307047997039,127.22851699017444
88.35120224952698,-24.067073480816514,55.41008973849957,0.0,-0.007693981702937487,0.011471816439636998,-33.54939988570806,-0.2891859737092861,-0.13223247944691396,0.4788789801966491,-94.73643005472726,-0.45567743327282684,126.87831404412381
88.4007420539856,-24.067073480816514,55.41008973849957,0.0,-0.007478294453717555,0.010950902660485368,-33.777206217782826,-0.2891859737092861,-0.13223247944691396,0.4788789801966491,-94.73643005472726,-0.45567743327282684,126.87831404412381
88.4510805606842,-24.56483573608288,55.419532365064654,0.0,-0.00717582820930633,0.010367297593837834,-34.03747296693189,-0.2891859737092861,-0.13223247944691396,0.4788789801966491,-94.73643005472726,-0.45567743327282684,126.87831404412381
88.500652551651,-25.062597991349197,55.428974991629644,0.0,-0.006284150521592982,0.008903561759767217,-34.572354941390635,-0.2743106039250586,-0.12225111711812264,0.4795706673232927,-93.07904245283204,-0.5316409994243206,128.21458956731215
88.55071258544922,-25.062597991349197,55.428974991629644,0.0,-0.005720426203568901,0.008089823622724689,-34.83036831658738,-0.2743106039250586,-0.12225111711812264,0.4795706673232927,-93.07904245283204,-0.5316409994243206,128.21458956731215
88.60105848312378,-25.560360246615677,55.438417618195054,0.0,-0.005185045589833759,0.007335647882028687,-35.092205039943174,-0.2743106039250586,-0.12225111711812264,0.4795706673232927,-93.07904245283204,-0.5316409994243206,128.21458956731215
88.65070676803589,-25.560360246615677,55.438417618195054,0.0,-0.004692636666920323,0.006634211441308958,-35.361389676188196,-0.2743106039250586,-0.12225111711812264,0.4795706673232927,-93.07904245283204,-0.5316409994243206,128.21458956731215
88.70100259780884,-26.05812250188207,55.44786024476065,0.0,-0.004240772871707099,0.005999898385125712,-35.62674175168861,-0.2695881101407497,-0.11838699106440875,0.4799241937069184,-92.56100392733526,-0.4309171785599843,129.10677986889263
88.75073885917664,-26.555884757148572,55.45730287132656,0.0,-0.0034683295673899905,0.004907313812269092,-36.167521059032865,-0.2695881101407497,-0.11838699106440875,0.4799241937069184,-92.49007492617224,-0.41861087573186334,129.22851996042817
88.80075263977051,-26.555884757148572,55.45730287132656,0.0,-0.0031291123270306507,0.00442894005238932,-36.44687259619743,-0.2695881101407497,-0.11838699106440875,0.4799241937069184,-92.49007492617224,-0.41861087573186334,129.22851996042817
88.8508551120758,-27.053647012415023,55.46674549789258,0.0,-0.0028299229201317723,0.004005448959025697,-36.72336089747776,-0.2695881101407497,-0.11838699106440875,0.4799241937069184,-92.49007492617224,-0.41861087573186334,129.22851996042817
88.90087890625,-27.053647012415023,55.46674549789258,0.0,-0.0025576520451254504,0.003622467480081306,-37.00062472907316,-0.2692979387616027,-0.11737116936927844,0.48027485684475635,-92.50957146943556,-0.3139327442193435,129.77944687996853
88.95069241523743,-27.551409267681432,55.47618812445893,0.0,-0.002314032835798858,0.0032759981563740496,-37.28240271739751,-0.2692979387616027,-0.11737116936927844,0.48027485684475635,-92.51855883755319,-0.2644929612984172,130.0386819883802
89.0010118484497,-28.049171522947848,55.48563075102555,0.0,-0.0020857406170669865,0.00295724207704197,-37.569908587213945,-0.2692979387616027,-0.11737116936927844,0.48027485684475635,-92.51855883755319,-0.2644929612984172,130.0386819883802
89.05103325843811,-28.049171522947848,55.48563075102555,0.0,-0.001704465269919714,0.0024187148832716422,-38.14168189126618,-0.2692979387616027,-0.11737116936927844,0.48027485684475635,-92.51855883755319,-0.2644929612984172,130.0386819883802
89.1007821559906,-28.546933778214257,55.49507337759244,0.0,-0.0015444555617587048,0.002187339871683719,-38.43123537431014,-0.2692979387616027,-0.11737116936927844,0.48027485684475635,-92.51855883755319,-0.2644929612984172,130.0386819883802
89.15108251571655,-28.546933778214257,55.49507337759244,0.0,-0.0013920209477294942,0.0019773263605230673,-38.72311473919474,-0.2706094912927122,-0.11743867326407499,0.48047541322147747,-92.80672558403325,-0.1304032436067199,130.72274048138075
89.20070338249207,-29.04469603348068,55.50451600415961,0.0,-0.0012641665491500112,0.0017881902313019824,-39.01129055883915,-0.2706094912927122,-0.11743867326407499,0.48047541322147747,-92.84602524691448,-0.11116702877345917,130.81590302552664
89.2507164478302,-29.04469603348068,55.50451600415961,0.0,-0.0011372221504879414,0.0016171782733661068,-39.30110856039482,-0.2706094912927122,-0.11743867326407499,0.48047541322147747,-92.84602524691448,-0.11116702877345917,130.81590302552664
89.30084919929504,-29.54245828874709,55.51395863072704,0.0,-0.001032746112189687,0.0014624546234561285,-39.59321344314991,-0.2706094912927122,-0.11743867326407499,0.48047541322147747,-92.84602524691448,-0.11116702877345917,130.81590302552664
89.3510229587555,-29.54245828874709,55.51395863072704,0.0,-0.000929054949332686,0.0013224885669068632,-39.88667168532207,-0.27223665276530395,-0.11764589128522886,0.480489125524156,-93.14252141901419,-0.016720261488570358,131.37778074479016
89.40070748329163,-30.040220544013476,55.52340125729482,0.0,-0.0008462567314957588,0.0011959371791909756,-40.176452640508224,-0.27223665276530395,-0.11764589128522886,0.480489125524156,-93.28201215987582,0.03135989774582256,131.64180035546624
89.45085501670837,-30.53798279927988,55.53284388386289,0.0,-0.0006907232475110963,0.0009780409632473641,-40.760514999142686,-0.27223665276530395,-0.11764589128522886,0.480489125524156,-93.28201215987582,0.03135989774582256,131.64180035546624
89.50087094306946,-30.53798279927988,55.53284388386289,0.0,-0.0006200600447663943,0.0008843949160536236,-41.05465501847985,-0.27223665276530395,-0.11764589128522886,0.480489125524156,-93.28201215987582,0.03135989774582256,131.64180035546624
89.55094027519226,-31.03574505454621,55.54228651043128,0.0,-0.000566233834111682,0.0007997158245531336,-41.34746569657333,-0.2736944810096949,-0.11775298420770346,0.4803697697541216,-93.66656241880638,0.14464613863142414,132.4411915272508
89.60078930854797,-31.03574505454621,55.54228651043128,0.0,-0.0005066768496725201,0.0007231894350078132,-41.64039329668656,-0.2736944810096949,-0.11775298420770346,0.4803697697541216,-93.66656241880638,0.14464613863142414,132.4411915272508
89.6508309841156,-31.533507309812585,55.551729136999924,0.0,-0.0004615353711058242,0.0006539632626887848,-41.93584367463733,-0.2736944810096949,-0.11775298420770346,0.4803697697541216,-93.71891521629033,0.16154313863878708,132.55006730727106
89.70082974433899,-31.533507309812585,55.551729136999924,0.0,-0.00041435353965079563,0.0005913037850574709,-42.231728643462844,-0.2736944810096949,-0.11775298420770346,0.4803697697541216,-93.71891521629033,0.16154313863878708,132.55006730727106
89.75087976455688,-32.03126956507893,55.5611717635689,0.0,-0.0003781779052928024,0.0005346241068204951,-42.52535312220364,-0.2736944810096949,-0.11775298420770346,0.4803697697541216,-93.71891521629033,0.16154313863878708,132.55006730727106
89.80071663856506,-32.52903182034532,55.570614390138154,0.0,-0.0003390384255444392,0.0004834312313755344,-42.81840441514682,-0.2748394446047963,-0.11777340812173362,0.48018499764356426,-94.10559565797914,0.2801248503635068,133.5612867906251
89.85091066360474,-32.52903182034532,55.570614390138154,0.0,-0.0002772670886742075,0.0003952138290537989,-43.410618984648245,-0.2748394446047963,-0.11777340812173362,0.48018499764356426,-94.10559565797914,0.2801248503635068,133.5612867906251
89.90079927444458,-33.02679407561151,55.58005701670773,0.0,-0.07281230353655213,-0.2877914219591522,-43.03234600290897,-0.2748394446047963,-0.11777340812173362,0.48018499764356426,-94.10559565797914,0.2801248503635068,133.5612867906251
89.95071363449097,-33.02679407561151,55.58005701670773,0.0,-0.19465229298360714,-0.7848664520190975,-41.994806918936625,-0.2748394446047963,-0.11777340812173362,0.48018499764356426,-94.10559565797914,0.2801248503635068,133.5612867906251
90.0008978843689,-33.52455633087823,55.58949964327767,0.0,-0.28030223034260965,-1.1805912443718338,-40.97690883879455,-0.2796175255762036,-0.10356976477596294,0.4824357788926913,-93.49049737274453,-0.40074719792886826,131.6620717104641
90.05080509185791,-33.52455633087823,55.58949964327767,0.0,-0.3219929430127482,-1.4815362422139402,-39.97489107315527,-0.2796175255762036,-0.10356976477596294,0.4824357788926913,-93.49049737274453,-0.40074719792886826,131.6620717104641
90.10074257850647,-34.022318586144934,55.59894226984799,0.0,-0.3141638894597873,-1.6927438524768161,-38.98523600337747,-0.2796175255762036,-0.10356976477596294,0.4824357788926913,-93.4066022169797,-0.4949067520056594,131.4019461924932
90.15075922012329,-34.520080841411634,55.60838489641867,0.0,-0.2529575960419968,-1.8180153620851325,-38.00455659501111,-0.2796175255762036,-0.10356976477596294,0.4824357788926913,-93.4066022169797,-0.4949067520056594,131.4019461924932
90.20061302185059,-34.520080841411634,55.60838489641867,0.0,0.00026139326167828745,-1.7984668160263888,-36.05253246160514,-0.2796175255762036,-0.10356976477596294,0.4824357788926913,-93.4066022169797,-0.4949067520056594,131.4019461924932
90.25077700614929,-35.01784309667828,55.617827522989664,0.0,-0.0009696367609284923,-1.5364887477604932,-35.07622636397492,-0.29792471574681556,-0.08816067816597589,0.4843084439112756,-93.07314476042788,-0.153757192725718,124.46473382849476
90.30101561546326,-35.01784309667828,55.617827522989664,0.0,-0.0005787087372736653,-1.1575697707102375,-34.116347055666324,-0.29792471574681556,-0.08816067816597589,0.4843084439112756,-93.07314476042788,-0.153757192725718,124.46473382849476
90.3507354259491,-35.5156053519448,55.627270149560665,0.0,-0.00013072006293552674,-0.6643083377006989,-33.17532404575782,-0.29792471574681556,-0.08816067816597589,0.4843084439112756,-93.07314476042788,-0.153757192725718,124.46473382849476
90.40078020095825,-35.5156053519448,55.627270149560665,0.0,0.00034135858059711964,-0.05870367716234815,-32.25514269222839,-0.29792471574681556,-0.08816067816597589,0.4843084439112756,-93.07314476042788,-0.153757192725718,124.46473382849476
90.45091509819031,-36.01336760721098,55.63671277613166,0.0,0.00036114640386535464,0.007261071773854306,-31.31836089754948,-0.3171389739831031,-0.08885672295532321,0.47673028224007363,-93.91727877493621,-0.05548122532355214,119.00960875959164
90.50106835365295,-36.01336760721098,55.63671277613166,0.0,0.00031975815122416894,0.006566869385260588,-30.389875558423217,-0.3171389739831031,-0.08885672295532321,0.47673028224007363,-93.91727877493621,-0.05548122532355214,119.00960875959164
90.5506911277771,-36.51112986247713,55.64615540270266,0.0,0.00029491256542639796,0.005939033993782877,-29.482001353111666,-0.3171389739831031,-0.08885672295532321,0.47673028224007363,-94.0290641910889,-0.053292245452351054,118.26547969170406
90.60074257850647,-37.00889211774327,55.65559802927366,0.0,0.0002616687060720155,0.005371247505568835,-28.604086994702573,-0.3171389739831031,-0.08885672295532321,0.47673028224007363,-94.0290641910889,-0.053292245452351054,118.26547969170406
90.65080833435059,-37.00889211774327,55.65559802927366,0.0,0.00021159520274327583,0.004393330772594363,-26.898177996172997,-0.3171389739831031,-0.08885672295532321,0.47673028224007363,-94.0290641910889,-0.053292245452351054,118.26547969170406
90.70087194442749,-37.50665437300942,55.66504065584466,0.0,0.0001962065738023709,0.003973315042774841,-26.065556523517902,-0.30841442136882413,-0.09400351083495663,0.4772446016149473,-94.15457568214265,-0.5952949937676636,117.64405768793647
90.75120711326599,-37.50665437300942,55.66504065584466,0.0,0.0001737075072450766,0.003593476520528939,-25.260406185977594,-0.30841442136882413,-0.09400351083495663,0.4772446016149473,-94.15457568214265,-0.5952949937676636,117.64405768793647
90.80075883865356,-38.004416628275564,55.674483282415665,0.0,0.00015964423030843844,0.003249954583925614,-24.474668670988397,-0.30841442136882413,-0.09400351083495663,0.4772446016149473,-94.15457568214265,-0.5952949937676636,117.64405768793647
90.85070562362671,-38.004416628275564,55.674483282415665,0.0,0.00014053135648328953,0.002939267522375386,-23.697807248907345,-0.30841442136882413,-0.09400351083495663,0.4772446016149473,-94.15457568214265,-0.5952949937676636,117.64405768793647
90.90083909034729,-38.50217888354171,55.683925908986666,0.0,0.0001295787857363512,0.0026582801887623294,-22.934120483865797,-0.30011057052876117,-0.1022027407967756,0.47699323229324264,-94.60515621062615,-0.7002806080379528,118.47187600908974
90.9508547782898,-38.50217888354171,55.683925908986666,0.0,0.00011581405878871607,0.0024041746402824905,-22.195623078140233,-0.30011057052876117,-0.1022027407967756,0.47699323229324264,-94.60515621062615,-0.7002806080379528,118.47187600908974
91.00098204612732,-38.999941138807856,55.69336853555767,0.0,0.00010534702626740148,0.002174368410306797,-21.477725992248168,-0.30011057052876117,-0.1022027407967756,0.47699323229324264,-94.66583071198261,-0.7166431142621646,118.58482805977464
91.05090808868408,-39.497703394074,55.70281116212867,0.0,8.457488527120714e-05,0.0017785470389350489,-20.074153547797778,-0.30011057052876117,-0.1022027407967756,0.47699323229324264,-94.66583071198261,-0.7166431142621646,118.58482805977464
91.10072541236877,-39.497703394074,55.70281116212867,0.0,7.780035810839376e-05,0.0016083736338208241,-19.39975341921761,-0.30011057052876117,-0.1022027407967756,0.47699323229324264,-94.66583071198261,-0.7166431142621646,118.58482805977464
91.15086698532104,-39.995465649340204,55.712253788699705,0.0,6.113768477326509e-05,0.0014444015325013563,-18.731478423424868,-0.292886090923969,-0.11026003001245145,0.47662479757974974,-95.19276091216892,-0.6707190092852047,119.74332404395818
91.20102548599243,-39.995465649340204,55.712253788699705,0.0,5.2591489104672885e-05,0.0013008084146079364,-18.05487002752031,-0.292886090923969,-0.11026003001245145,0.47662479757974974,-95.19276091216892,-0.6707190092852047,119.74332404395818
91.25086259841919,-40.49322790460644,55.72169641527099,0.0,-0.809648616960575,0.00015193938335659728,-16.598567964626245,-0.292886090923969,-0.11026003001245145,0.47662479757974974,-95.19276091216892,-0.6707190092852047,119.74332404395818
91.30089950561523,-40.49322790460644,55.72169641527099,0.0,-1.707261086271505,1.077098739216139e-05,-14.97083062842949,-0.292886090923969,-0.11026003001245145,0.47662479757974974,-95.19276091216892,-0.6707190092852047,119.74332404395818
91.3508095741272,-40.99099015987327,55.73113904184261,0.0,-1.712689500230388,0.592763251497939,-13.661115852855621,-0.31515715587711685,-0.11083900371497596,0.4453497780505645,-97.42342559951646,-2.014393060344192,111.91449801853398
91.40050458908081,-41.4887524151401,55.74058166841439,0.0,-1.724469825237261,1.5909455581650704,-11.119864332908984,-0.31515715587711685,-0.11083900371497596,0.4453497780505645,-97.70239175955024,-2.2418914604283717,110.85287730510264
91.45074725151062,-41.4887524151401,55.74058166841439,0.0,-1.8521754056336042,1.9847946080053143,-9.847624374666166,-0.31515715587711685,-0.11083900371497596,0.4453497780505645,-97.70239175955024,-2.2418914604283717,110.85287730510264
91.50102186203003,-41.98651467040692,55.750024294986176,0.0,-2.067535437489788,2.330170889822422,-8.576792220648384,-0.31515715587711685,-0.11083900371497596,0.4453497780505645,-97.70239175955024,-2.2418914604283717,110.85287730510264
91.55092287063599,-41.98651467040692,55.750024294986176,0.0,-2.367876785193173,2.637244169625819,-7.3087952716479645,-0.33060166951897196,-0.09452448326529769,0.4307209367482544,-98.74101812421338,-4.0552604099243865,99.40421558252534
91.6008653640747,-42.48427692567374,55.75946692155796,0.0,-2.74876588666412,2.913496373994485,-6.045177659509558,-0.33060166951897196,-0.09452448326529769,0.4307209367482544,-98.95812782088232,-5.087315319886823,94.03055541441783
91.65089511871338,-42.48427692567374,55.75946692155796,0.0,-3.2053373062563235,3.164810428573138,-4.787681177422657,-0.33060166951897196,-0.09452448326529769,0.4307209367482544,-98.95812782088232,-5.087315319886823,94.03055541441783
91.70112705230713,-42.98203918094057,55.76890954812974,0.0,-3.7328553929185624,3.396101697840954,-3.538249243685802,-0.33060166951897196,-0.09452448326529769,0.4307209367482544,-98.95812782088232,-5.087315319886823,94.03055541441783
91.75095796585083,-43.47980143620739,55.778352174701524,0.0,-4.326918357588521,3.611657197592914,-2.2990087724548003,-0.33060166951897196,-0.09452448326529769,0.4307209367482544,-98.95812782088232,-5.087315319886823,94.03055541441783
91.80084037780762,-43.47980143620739,55.778352174701524,0.0,-5.698895580259439,4.010473427308854,0.1396083640983214,-0.3276395999627528,-0.10711230313559506,0.45103238473890805,-98.48325668357533,-7.410157949857899,88.4546569337895
91.85080909729004,-43.977563691474224,55.78779480127331,0.0,-6.46969455408004,4.200242948398701,1.3340181631459178,-0.3276395999627528,-0.10711230313559506,0.45103238473890805,-98.37782161778105,-7.730560387218896,87.69116221971692
91.90082550048828,-43.977563691474224,55.78779480127331,0.0,-7.292675941319444,4.387325924119833,2.508348951253977,-0.3276395999627528,-0.10711230313559506,0.45103238473890805,-98.37782161778105,-7.730560387218896,87.69116221971692
91.95080828666687,-44.47532594674105,55.79723742784509,0.0,-8.164766006655121,4.574080748105295,3.659899438398822,-0.3276395999627528,-0.10711230313559506,0.45103238473890805,-98.37782161778105,-7.730560387218896,87.69116221971692
92.00084328651428,-44.47532594674105,55.79723742784509,0.0,-9.08298668122509,4.762511652338197,4.78592303691829,-0.3194849754261847,-0.1290194249226504,0.47656248377109534,-98.38774899823467,-8.698904438751638,87.68316175266841
92.05084443092346,-44.97308820200787,55.80668005441687,0.0,-10.044421463901978,4.954274741514769,5.883650259901535,-0.3194849754261847,-0.1290194249226504,0.47656248377109534,-98.35235179540409,-9.165651037193982,87.67803271372601
92.10088229179382,-44.97308820200787,55.80668005441687,0.0,-10.83124817768013,5.008853318050603,6.943869089460462,-0.3194849754261847,-0.1290194249226504,0.47656248377109534,-98.35235179540409,-9.165651037193982,87.67803271372601
92.15071249008179,-45.47085045727434,55.816122680988705,0.0,-10.76028776232055,4.477138240210165,7.958146250593841,-0.3194849754261847,-0.1290194249226504,0.47656248377109534,-98.35235179540409,-9.165651037193982,87.67803271372601
92.20084619522095,-45.96861271254062,55.82556530756119,0.0,-10.822016655197302,3.9525635891520294,9.193663389180593,-0.3194849754261847,-0.1290194249226504,0.47656248377109534,-98.35235179540409,-9.165651037193982,87.67803271372601
92.25075078010559,-45.96861271254062,55.82556530756119,0.0,-11.352218639339595,2.807785091946489,12.204858833604911,-0.2941289826151841,-0.10906716685836607,0.5140183087640174,-95.4363883029993,-7.815538251019723,90.36014658464443
92.30095481872559,-46.466374967806686,55.835007934135106,0.0,-11.672557600586428,2.11695562130788,13.761727531918988,-0.2941289826151841,-0.10906716685836607,0.5140183087640174,-95.02119038787897,-7.643822964558008,90.71794506943725
92.35078477859497,-46.466374967806686,55.835007934135106,0.0,-12.02567616311788,1.34552739443949,15.347792160931792,-0.2941289826151841,-0.10906716685836607,0.5140183087640174,-95.02119038787897,-7.643822964558008,90.71794506943725
92.4007019996643,-46.964137223072704,55.844450560710456,0.0,-12.411302103668845,0.49056285495463575,16.95834636520258,-0.2941289826151841,-0.10906716685836607,0.5140183087640174,-95.02119038787897,-7.643822964558008,90.71794506943725
92.45072484016418,-46.964137223072704,55.844450560710456,0.0,-12.442887060855458,-0.24012959532333092,18.540938773655014,-0.2709458203632425,-0.07822990033375199,0.5310250353604508,-92.62728811426032,-7.549646216128467,90.3225000741655
92.50070357322693,-47.461899478339184,55.853893187287106,0.0,-11.975554760799465,-0.5609501551866835,20.04386132960196,-0.2709458203632425,-0.07822990033375199,0.5310250353604508,-91.52313071442353,-7.486939412223439,90.09646941608746
92.55099034309387,-47.461899478339184,55.853893187287106,0.0,-11.588373330529205,-0.7232641750857889,21.52683675307001,-0.2709458203632425,-0.07822990033375199,0.5310250353604508,-91.52313071442353,-7.486939412223439,90.09646941608746
92.60106945037842,-47.95966173360575,55.86333581386421,0.0,-11.244264451525849,-0.7470843696301664,23.001638268212588,-0.2709458203632425,-0.07822990033375199,0.5310250353604508,-91.52313071442353,-7.486939412223439,90.09646941608746
92.65072584152222,-48.457423988872314,55.87277844044168,0.0,-10.919871427213298,-0.6467711064154874,24.476505291637594,-0.2709458203632425,-0.07822990033375199,0.5310250353604508,-91.52313071442353,-7.486939412223439,90.09646941608746
92.70073127746582,-48.457423988872314,55.87277844044168,0.0,-10.600287163706758,-0.4326385100052279,25.957599726150573,-0.2804466755580475,-0.047572248187259,0.5199992224715816,-89.69598638108138,-6.89335775044793,80.08364040462297
92.75068378448486,-48.95518624413881,55.88222106701951,0.0,-9.34353310725037,0.07123504049284188,28.627264757454185,-0.2804466755580475,-0.047572248187259,0.5199992224715816,-89.4816701029393,-6.790215328921633,78.71923216634679
92.80104613304138,-48.95518624413881,55.88222106701951,0.0,-8.122823595394536,0.2430780423724418,29.509131666376465,-0.2804466755580475,-0.047572248187259,0.5199992224715816,-89.4816701029393,-6.790215328921633,78.71923216634679
92.85101652145386,-49.4529484994054,55.89166369359773,0.0,-6.9629395674366865,0.40179176388241494,30.388940419410222,-0.2804466755580475,-0.047572248187259,0.5199992224715816,-89.4816701029393,-6.790215328921633,78.71923216634679
92.9006814956665,-49.4529484994054,55.89166369359773,0.0,-5.409806505790986,0.16716798595267898,31.060552743685644,-0.2804466755580475,-0.047572248187259,0.5199992224715816,-89.4816701029393,-6.790215328921633,78.71923216634679
92.95087671279907,-49.95071075467154,55.901106320176524,0.0,-3.8370793192017887,-0.1629225607133451,31.7591844498487,-0.28580511745358594,-0.02911712297291183,0.528515144972011,-86.56283410512303,-4.5271970829311785,67.68398041052964
93.00110721588135,-49.95071075467154,55.901106320176524,0.0,-2.2282267918440266,-0.6132074427983163,32.49185137452814,-0.28580511745358594,-0.02911712297291183,0.528515144972011,-86.56283410512303,-4.5271970829311785,67.68398041052964
93.05084800720215,-50.448473009937764,55.910548946756236,0.0,-0.6103431694861887,-1.1814035715318467,33.240850659133336,-0.28580511745358594,-0.02911712297291183,0.528515144972011,-86.56283410512303,-4.5271970829311785,67.68398041052964
93.1011574268341,-50.448473009937764,55.910548946756236,0.0,0.9724265696260238,-1.8540903715653811,33.98476822330614,-0.28580511745358594,-0.02911712297291183,0.528515144972011,-86.56283410512303,-4.5271970829311785,67.68398041052964
93.15083456039429,-50.946235265204116,55.91999157333685,0.0,1.5136517038096817,-2.354053230864711,34.787449665218276,-0.28580511745358594,-0.02911712297291183,0.528515144972011,-86.56283410512303,-4.5271970829311785,67.68398041052964
93.20077252388,-50.946235265204116,55.91999157333685,0.0,1.5136517038096817,-2.354053230864711,34.787449665218276,-0.27928255259171847,-0.042193081118073725,0.5446270017170138,-87.93381652798739,7.587642159912062,63.0321999911035
93.25080275535583,-50.946235265204116,55.91999157333685,0.0,1.2786643217262246,-2.6970841752250347,35.65438729360638,-0.27928255259171847,-0.042193081118073725,0.5446270017170138,-87.93381652798739,7.587642159912062,63.0321999911035
93.30073761940002,-51.44399752047051,55.92943419991741,0.0,0.90270780457503,-3.0535254771881912,36.52089567277176,-0.27928255259171847,-0.042193081118073725,0.5446270017170138,-88.12528389550056,9.223976910087847,62.35349148140025
93.35123801231384,-51.94175977573703,55.93887682649741,0.0,0.3932703190484498,-3.4125438668429577,37.37859810074528,-0.27928255259171847,-0.042193081118073725,0.5446270017170138,-88.12528389550056,9.223976910087847,62.35349148140025
93.4008641242981,-51.94175977573703,55.93887682649741,0.0,-0.035109767924343165,-3.623043955833725,38.18285453875826,-0.27928255259171847,-0.042193081118073725,0.5446270017170138,-88.12528389550056,9.223976910087847,62.35349148140025
93.45079803466797,-52.43952203100333,55.948319453077225,0.0,-0.02387568605299,-3.1979910812056773,39.56555339588269,-0.31132579577405,-0.13567863316010081,0.5283419614289183,-92.74921130458739,2.6241547316933094,72.08879744584846
93.50086832046509,-52.43952203100333,55.948319453077225,0.0,0.022181915166449434,-3.1929011701607015,39.99628002985105,-0.31132579577405,-0.13567863316010081,0.5283419614289183,-92.74921130458739,2.6241547316933094,72.08879744584846
93.55080246925354,-52.93728428626918,55.957762079657186,0.0,-0.0043147515979515575,-3.2214929436451167,40.392995770142676,-0.31132579577405,-0.13567863316010081,0.5283419614289183,-92.74921130458739,2.6241547316933094,72.08879744584846
93.60072708129883,-52.93728428626918,55.957762079657186,0.0,-0.003884203747258157,-3.1803550650064283,40.75547972680318,-0.31132579577405,-0.13567863316010081,0.5283419614289183,-92.74921130458739,2.6241547316933094,72.08879744584846
93.65075397491455,-53.43504654153541,55.96720470623751,0.0,-0.0034700968755699774,-3.0350713351081398,41.10958168764242,-0.3274188784555804,-0.2014907714659621,0.5122762778837681,-97.1688533910011,1.5062587812427914,77.74521894700962
93.70075488090515,-53.43504654153541,55.96720470623751,0.0,-0.003057965531927377,-2.7799333294491855,41.46302920218363,-0.3274188784555804,-0.2014907714659621,0.5122762778837681,-97.1688533910011,1.5062587812427914,77.74521894700962
93.750892162323,-53.93280879680167,55.97664733281791,0.0,-0.0026630977982106843,-2.419020051323454,41.81783483986651,-0.3274188784555804,-0.2014907714659621,0.5122762778837681,-97.86451176675466,1.3808785971261894,78.43950445994571
93.80078768730164,-54.430571052067954,55.98608995939836,0.0,-0.0022646012162180523,-1.9476843860461304,42.16773642287925,-0.3274188784555804,-0.2014907714659621,0.5122762778837681,-97.86451176675466,1.3808785971261894,78.43950445994571
93.85104560852051,-54.430571052067954,55.98608995939836,0.0,-0.0015062027144286355,-0.6610051308569199,42.84298650157573,-0.3274188784555804,-0.2014907714659621,0.5122762778837681,-97.86451176675466,1.3808785971261894,78.43950445994571
93.90094041824341,-54.92833330733426,55.995532585978815,0.0,-0.0011800237740379226,0.067472423815953,43.1786939709078,-0.3447547204790406,-0.23891358876630645,0.49537161852831,-100.46062435967806,0.8775302862004775,79.69724346249586
93.95104193687439,-54.92833330733426,55.995532585978815,0.0,-0.0011715597189841445,0.06651199535008644,43.536621739188774,-0.3447547204790406,-0.23891358876630645,0.49537161852831,-100.46062435967806,0.8775302862004775,79.69724346249586
94.00072836875916,-55.42609556260003,56.004975212559344,0.0,-0.0011765454667077796,0.0655575395318931,43.91650450496708,-0.3447547204790406,-0.23891358876630645,0.49537161852831,-100.46062435967806,0.8775302862004775,79.69724346249586
94.05088973045349,-55.42609556260003,56.004975212559344,0.0,-0.001172011598097477,0.06458947673705549,44.31765267619804,-0.3447547204790406,-0.23891358876630645,0.49537161852831,-100.46062435967806,0.8775302862004775,79.69724346249586
94.10072135925293,-55.923857817866086,56.01441783913992,0.0,-0.0011781479574479944,0.06360249546017521,44.71562916636321,-0.3336847453880749,-0.2549079153950636,0.5079419675762523,-97.44089366343438,0.7943836924657437,78.48219103518338
94.15074825286865,-55.923857817866086,56.01441783913992,0.0,-0.001172700426151721,0.06258269448762922,45.13196232061854,-0.3336847453880749,-0.2549079153950636,0.5079419675762523,-97.44089366343438,0.7943836924657437,78.48219103518338
94.20073747634888,-56.4216200731321,56.02386046572051,0.0,-0.0011766799639352631,0.061570104340152323,45.561466012639514,-0.3336847453880749,-0.2549079153950636,0.5079419675762523,-97.05805161007845,0.8023042248135892,78.29803081259683
94.25092101097107,-56.4216200731321,56.02386046572051,0.0,-0.0011736728481821237,0.060552141057563805,46.00321145474505,-0.3336847453880749,-0.2549079153950636,0.5079419675762523,-97.05805161007845,0.8023042248135892,78.29803081259683
94.30090045928955,-56.91938232839818,56.03330309230114,0.0,-0.0011779165034696635,0.05952256803698294,46.43920411418152,-0.3336847453880749,-0.2549079153950636,0.5079419675762523,-97.05805161007845,0.8023042248135892,78.29803081259683
94.35102772712708,-57.41714458366422,56.0427457188818,0.0,-0.0011748323046990208,0.05846321310729084,46.886494975230114,-0.3289691777933939,-0.25600361269291105,0.5216700485541079,-93.64063606090959,0.5785689730381434,74.27518340604797
94.40076065063477,-57.41714458366422,56.0427457188818,0.0,-0.0011757695603325962,0.05635859426934442,47.80764084283924,-0.3289691777933939,-0.25600361269291105,0.5216700485541079,-93.64063606090959,0.5785689730381434,74.27518340604797
94.45113754272461,-57.914906838930314,56.05218834546251,0.0,-0.0011773183471656286,0.05530039807676349,48.266687036400384,-0.3289691777933939,-0.25600361269291105,0.5216700485541079,-93.64063606090959,0.5785689730381434,74.27518340604797
94.50084114074707,-57.914906838930314,56.05218834546251,0.0,-0.0011775083482867361,0.054216525180334804,48.72860214040536,-0.3289691777933939,-0.25600361269291105,0.5216700485541079,-93.64063606090959,0.5785689730381434,74.27518340604797
94.55072212219238,-58.41266909419637,56.06163097204328,0.0,-0.0011763962706732572,0.053134252052224516,49.20192914009389,-0.3289691777933939,-0.25600361269291105,0.5216700485541079,-93.64063606090959,0.5785689730381434,74.27518340604797
94.60073709487915,-58.41266909419637,56.06163097204328,0.0,-0.001177707525172168,0.05206058596111147,49.68001140724262,-0.3274501025389888,-0.24936446665024337,0.530779046138873,-91.43638375341735,0.3885318228995191,69.35611590695339
94.65080189704895,-58.91043134946246,56.07107359862415,0.0,-0.0011763183867226307,0.050982589773687484,50.153228648580544,-0.3274501025389888,-0.24936446665024337,0.530779046138873,-91.19250716089456,0.37921012856895386,68.66370173229555
94.70088911056519,-58.91043134946246,56.07107359862415,0.0,-0.0011797582492792667,0.049884438386751544,50.619543492772266,-0.3274501025389888,-0.24936446665024337,0.530779046138873,-91.19250716089456,0.37921012856895386,68.66370173229555
94.75111770629883,-59.40819360472856,56.08051622520501,0.0,-0.0011759222767548545,0.048781285882020055,51.095592261613604,-0.3274501025389888,-0.24936446665024337,0.530779046138873,-91.19250716089456,0.37921012856895386,68.66370173229555
94.80093789100647,-59.9059558599947,56.08995885178609,0.0,-0.0011793378944280216,0.04769268166784116,51.57468928085383,-0.32633644637190584,-0.23888055961213187,0.5360252421076104,-89.7329645338488,0.27284192180940897,62.458533643440354
94.85111212730408,-59.9059558599947,56.08995885178609,0.0,-0.4272099018866855,0.009899445639939783,52.10127113569553,-0.32633644637190584,-0.23888055961213187,0.5360252421076104,-89.7329645338488,0.27284192180940897,62.458533643440354
94.90083622932434,-60.40371811526075,56.099401478366886,0.0,-1.6314612332850205,-0.06607805579609113,53.131704506285445,-0.32633644637190584,-0.23888055961213187,0.5360252421076104,-89.7329645338488,0.27284192180940897,62.458533643440354
94.9508650302887,-60.40371811526075,56.099401478366886,0.0,-2.1505169787280654,-0.06021382526110647,53.60382458161009,-0.32633644637190584,-0.23888055961213187,0.5360252421076104,-89.7329645338488,0.27284192180940897,62.458533643440354
95.00108289718628,-60.90148037052678,56.108844104947124,0.0,-2.6361762431803584,-0.019988470579449386,54.050311389424806,-0.3331698677435463,-0.23559421756634133,0.5216675449692028,-89.21073380865325,-1.1465492303054858,56.90066767479
95.05079770088196,-60.90148037052678,56.108844104947124,0.0,-3.0609450338517594,0.005046233539287366,54.47006822463536,-0.3331698677435463,-0.23559421756634133,0.5216675449692028,-89.21073380865325,-1.1465492303054858,56.90066767479
95.10088968276978,-61.399242625792716,56.11828673152689,0.0,-3.4238254886910218,0.004684913029118092,54.87665174364488,-0.3331698677435463,-0.23559421756634133,0.5216675449692028,-89.17866383857339,-1.3391143938373418,56.13683907101358
95.1509428024292,-61.399242625792716,56.11828673152689,0.0,-3.7508671721061297,0.004345880454404852,55.282811491878135,-0.3331698677435463,-0.23559421756634133,0.5216675449692028,-89.17866383857339,-1.3391143938373418,56.13683907101358
95.2010407447815,-61.89700488105856,56.127729358106436,0.0,-4.045473070189998,0.004028803203380975,55.69105900612226,-0.3331698677435463,-0.23559421756634133,0.5216675449692028,-89.17866383857339,-1.3391143938373418,56.13683907101358
95.25072002410889,-62.39476713632441,56.1371719846858,0.0,-4.310202261489026,0.0037328589686198106,56.10373616249179,-0.3325947655962656,-0.21362886662446848,0.5285623337005411,-89.22943898901023,-1.2318671861571375,50.91374669710276
95.30083775520325,-62.39476713632441,56.1371719846858,0.0,-4.546034650883296,0.0025213423578305575,56.521502777573474,-0.3325947655962656,-0.21362886662446848,0.5285623337005411,-89.22943898901023,-1.2318671861571375,50.91374669710276
95.35106611251831,-62.89252939159025,56.146614611264965,0.0,-4.635771012577479,-0.4794599930637492,57.409406134607785,-0.3325947655962656,-0.21362886662446848,0.5285623337005411,-89.22943898901023,-1.2318671861571375,50.91374669710276
95.40087842941284,-62.89252939159025,56.146614611264965,0.0,-4.635771012577479,-0.4794599930637492,57.409406134607785,-0.3325947655962656,-0.21362886662446848,0.5285623337005411,-89.22943898901023,-1.2318671861571375,50.91374669710276
95.45056676864624,-62.892529391614744,56.14661461126543,0.0,-3.0058834339425426,-4.344261409454814,58.601075526821155,-0.3325947655962656,-0.21362886662446848,0.5285623337005411,-89.22943898901023,-1.2318671861571375,50.91374669710276
95.50089764595032,-62.892529391614744,56.14661461126543,0.0,-2.3587037202459276,-5.961824618907277,59.3024229758598,-0.29350338149028504,-0.1576018196146529,0.5546025615685499,-93.03486869318468,4.700010677084665,43.16141813903393
95.55093479156494,-62.89252939161453,56.14661461126543,0.0,-1.7845408326185115,-7.41244119118518,60.08167923906999,-0.29350338149028504,-0.1576018196146529,0.5546025615685499,-93.86020240002308,5.411856463377951,42.1154987337799
95.60075187683105,-62.89252939161453,56.14661461126543,0.0,-1.2588241108643554,-8.718647784071251,60.940370011801754,-0.29350338149028504,-0.1576018196146529,0.5546025615685499,-93.86020240002308,5.411856463377951,42.1154987337799
95.65089750289917,-62.89252939161423,56.14661461126543,0.0,-0.7640254438156316,-9.896269968816636,61.877486014036805,-0.29350338149028504,-0.1576018196146529,0.5546025615685499,-93.86020240002308,5.411856463377951,42.1154987337799
95.70068669319153,-62.89252939161423,56.14661461126543,0.0,-0.37098351277642055,-10.690921522478813,62.669661239543046,-0.29350338149028504,-0.1576018196146529,0.5546025615685499,-93.86020240002308,5.411856463377951,42.1154987337799
95.7509560585022,-62.892529391614545,56.146614611265434,0.0,-0.18661538466268923,-10.958339706118473,63.225354085171105,-0.29397031448392097,-0.11822643580454509,0.5418603533897428,-97.85828858408443,7.906078325253834,32.911298911928114
95.8007218837738,-62.892529391614545,56.146614611265434,0.0,-0.032648499070274416,-11.159419086284942,63.786414422391296,-0.29397031448392097,-0.11822643580454509,0.5418603533897428,-97.85828858408443,7.906078325253834,32.911298911928114
95.85090136528015,-62.892529391614545,56.146614611265434,0.0,0.0835569832601333,-11.296211110835522,64.35234429015432,-0.29397031448392097,-0.11822643580454509,0.5418603533897428,-97.85828858408443,7.906078325253834,32.911298911928114
95.90072679519653,-62.892529391614545,56.146614611265434,0.0,0.1577564978061388,-11.369588675796413,64.92283211849107,-0.29397031448392097,-0.11822643580454509,0.5418603533897428,-97.85828858408443,7.906078325253834,32.911298911928114
95.95090579986572,-62.892529391614545,56.146614611265434,0.0,0.18795739005039067,-11.379576087848767,65.49767921009393,-0.3278264423053994,-0.13032281796574802,0.5114043978684266,-95.0800959059611,5.916792818427948,32.07959546795215
96.00056862831116,-62.892529391614545,56.146614611265434,0.0,0.11527243715666129,-11.20687953095535,66.65983620287176,-0.3278264423053994,-0.13032281796574802,0.5114043978684266,-94.73574097635338,5.6291598842922,31.969648773399673
96.0508942604065,-62.892529391614545,56.146614611265434,0.0,0.013798607492187333,-11.022190080392548,67.24678718517963,-0.3278264423053994,-0.13032281796574802,0.5114043978684266,-94.73574097635338,5.6291598842922,31.969648773399673
96.10087442398071,-62.892529391614545,56.146614611265434,0.0,-0.12948790179738986,-10.770326113306574,67.83731575256365,-0.3278264423053994,-0.13032281796574802,0.5114043978684266,-94.73574097635338,5.6291598842922,31.969648773399673
96.1508457660675,-62.892529391614545,56.146614611265434,0.0,-0.3131758285924924,-10.449969658451115,68.43106574886947,-0.3531961000626136,-0.14471088303805063,0.49570350888359027,-91.98605985997769,4.509802330999028,33.38404510285595
96.2011730670929,-62.89252939161595,56.146614611265456,0.0,-0.2352674365934386,-10.05648071988399,68.87530424083799,-0.3531961000626136,-0.14471088303805063,0.49570350888359027,-90.8974328785842,3.9084950812336703,34.110142749894116
96.25073027610779,-62.89252939161595,56.146614611265456,0.0,-0.0009352795970551094,-9.591029940256508,69.24396674009752,-0.3531961000626136,-0.14471088303805063,0.49570350888359027,-90.8974328785842,3.9084950812336703,34.110142749894116
96.30081057548523,-62.892529391616804,56.146614611265456,0.0,0.022809583415691847,-8.96654005728377,69.72573500703689,-0.3531961000626136,-0.14471088303805063,0.49570350888359027,-90.8974328785842,3.9084950812336703,34.110142749894116
96.35071301460266,-62.89252939161783,56.146614611265456,0.0,0.02098231824229697,-8.314251025052915,70.20716923544681,-0.3531961000626136,-0.14471088303805063,0.49570350888359027,-90.8974328785842,3.9084950812336703,34.110142749894116
96.4010157585144,-62.89252939161783,56.146614611265456,0.0,0.01945196461972352,-6.9683982542740015,70.99851909325548,-0.3748603448936966,-0.14207049740192737,0.4817717195023722,-89.15811210828548,3.0820511944091287,36.98435842602006
96.45078444480896,-62.89252939161888,56.146614611265456,0.0,0.01857342635942752,-6.267013940268331,71.29335658435889,-0.3748603448936966,-0.14207049740192737,0.4817717195023722,-89.01983836916733,2.947214325758956,37.37915430505493
96.50105738639832,-62.89252939161888,56.146614611265456,0.0,0.017630545415244434,-5.539836170883377,71.52837808967858,-0.3748603448936966,-0.14207049740192737,0.4817717195023722,-89.01983836916733,2.947214325758956,37.37915430505493
96.55109024047852,-62.89252939161992,56.146614611265456,0.0,0.01662929406461444,-4.78282804499295,71.70775237286561,-0.3748603448936966,-0.14207049740192737,0.4817717195023722,-89.01983836916733,2.947214325758956,37.37915430505493
96.60065126419067,-62.892529391620855,56.146614611265456,0.0,0.015574195623727471,-3.9925965180125997,71.83476067567267,-0.3815462671959495,-0.1463538324306455,0.4727397605535191,-88.54954863344902,2.483459372066327,39.99040297533316
96.65106272697449,-62.892529391620855,56.146614611265456,0.0,0.014468605294428838,-3.166248357054118,71.91195144418806,-0.3815462671959495,-0.1463538324306455,0.4727397605535191,-88.54954863344902,2.483459372066327,39.99040297533316
96.7010509967804,-62.89252939162178,56.146614611265456,0.0,0.013314904640332716,-2.301275852550809,71.94126494361272,-0.3815462671959495,-0.1463538324306455,0.4727397605535191,-88.54954863344902,2.483459372066327,39.99040297533316
96.75079488754272,-62.89252939162178,56.146614611265456,0.0,0.010968414183002794,-0.4148568867914977,71.94205372609179,-0.3815462671959495,-0.1463538324306455,0.4727397605535191,-88.54954863344902,2.483459372066327,39.99040297533316
96.80073118209839,-62.892529391618325,56.146614611265385,0.0,-0.09811572720458842,0.17872481930125902,71.87925216940144,-0.3815462671959495,-0.1463538324306455,0.4727397605535191,-88.54954863344902,2.483459372066327,39.99040297533316
96.85078573226929,-62.892529391618325,56.146614611265385,0.0,-0.09909644062235275,0.39573229441350616,71.7603540801441,-0.37374900198687405,-0.15403665596783891,0.4712039278184922,-88.30909795670239,2.4319376597338738,40.82268495073216
96.90094447135925,-62.89252939161791,56.146614611265385,0.0,-0.029916370755319246,0.544171826336655,71.62423455267863,-0.37374900198687405,-0.15403665596783891,0.4712039278184922,-88.2749297528843,2.425237105493182,40.936574733751485
