time,target_shoulder_pan_joint,target_shoulder_lift_joint,target_elbow_joint,target_wrist_1_joint,target_wrist_2_joint,target_wrist_3_joint,actual_shoulder_pan_joint,actual_shoulder_lift_joint,actual_elbow_joint,actual_wrist_1_joint,actual_wrist_2_joint,actual_wrist_3_joint
1780435487.144347906,5.697149010130964e-05,-1.570770059641383,1.5707700438682617,-3.1415926528033435,-1.5710016420298478,0.0,0.0010017501263242538,-1.5086686030451428,1.625759145937568,-3.00945443377104,-1.424261806612201,-0.6738116782676348
1780435487.194267750,5.697149010130964e-05,-1.570770059641383,1.5707700438682617,-3.1415926528033435,-1.5710016420298478,0.0,0.000512681023085727,-1.5101347265974727,1.6253187871552914,-2.9958797809984565,-1.4147035293917307,-0.673811678267628
1780435487.244268894,5.697149010130964e-05,-1.570770059641383,1.5707700438682617,-3.1415926528033435,-1.5710016420298478,0.0,-0.00027339714544159,-1.5102396588790432,1.6261026188958985,-2.9982235308027003,-1.39939397281332,-0.6738116782685639
1780435487.294146061,5.697149010130964e-05,-1.570770059641383,1.5707700438682617,-3.1415926528033435,-1.5710016420298478,0.0,0.00014818460769702024,-1.5092281184099914,1.6262514947723061,-3.005778525555228,-1.4027581293621951,-0.6738116782678822
1780435487.344234943,5.697149010130964e-05,-1.570770059641383,1.5707700438682617,-3.1415926528033435,-1.5710016420298478,0.0,0.0012295790609997206,-1.5096454121706984,1.6246486388098211,-2.993862324987194,-1.418581620249345,-0.6738116782678043
1780435487.394173622,5.697149010130964e-05,-1.570770059641383,1.5707700438682617,-3.1415926528033435,-1.5710016420298478,0.0,0.0012868134236948597,-1.5093723535582146,1.625256672552968,-2.9981580759459,-1.424522985010586,-0.6738116782683167
1780435487.444343328,5.697149010130964e-05,-1.570770059641383,1.5707700438682617,-3.1415926528033435,-1.5710016420298478,0.0,0.0005482671682854345,-1.5090717084234457,1.626540257714384,-3.006931348079448,-1.418617351116634,-0.6738116782675619
1780435487.494125128,5.697149010130964e-05,-1.570770059641383,1.5707700438682617,-3.1415926528033435,-1.5710016420298478,0.0,-0.00016046222910240458,-1.510312157986223,1.625845770615599,-2.994902451752656,-1.4061013575546077,-0.6738116782677636
1780435487.544243574,5.697149010130964e-05,-1.570770059641383,1.5707700438682617,-3.1415926528033435,-1.5710016420298478,0.0,-0.00010389766668929409,-1.5099073525033138,1.6257924754001836,-2.9976333684106584,-1.4042469411091607,-0.6738116782686656
1780435487.594211578,5.697149010130964e-05,-1.570770059641383,1.5707700438682617,-3.1415926528033435,-1.5710016420298478,0.0,0.0006555952221914095,-1.5088080129684371,1.6257178976480005,-3.004864580600428,-1.4131171920914258,-0.6738116782678295
1780435487.644221783,5.697149010130964e-05,-1.570770059641383,1.5707700438682617,-3.1415926528033435,-1.5710016420298478,0.0,0.0012167945887911747,-1.5095470916820775,1.6247034806313787,-2.9933129583468077,-1.4187559482226213,-0.6738116782676146
1780435487.694209814,5.697149010130964e-05,-1.570770059641383,1.5707700438682617,-3.1415926528033435,-1.5710016420298478,0.0,0.0005688515003356993,-1.5098880022659937,1.6257950973030337,-2.9953216894377634,-1.4111725769918833,-0.6738116782683445
1780435487.744122982,5.697149010130964e-05,-1.570770059641383,1.5707700438682617,-3.1415926528033435,-1.5710016420298478,0.0,-5.478908339671928e-05,-1.5093698775246898,1.6268506208018916,-3.00437598168838,-1.4035382579906603,-0.6738116782677782
1780435487.794530630,5.697149010130964e-05,-1.570770059641383,1.5707700438682617,-3.1415926528033435,-1.5710016420298478,0.0,0.00036634385743211916,-1.510092930796029,1.6253173075898852,-2.991443071794468,-1.409026616158109,-0.673811678267922
1780435487.844111443,5.697149010130964e-05,-1.570770059641383,1.5707700438682617,-3.1415926528033435,-1.5710016420298478,0.0,0.0008835465282252474,-1.509300830981326,1.6253023307609307,-2.9970240076862935,-1.420081111509397,-0.6738116782684621
1780435487.894335747,5.697149010130964e-05,-1.570770059641383,1.5707700438682617,-3.1415926528033435,-1.5710016420298478,0.0,0.0004944162714194628,-1.509181716239497,1.6261138528285317,-3.0023256038042034,-1.4177925321677765,-0.6612453075259186
1780435487.944238186,5.697149010130964e-05,-1.570770059641383,1.5707700438682617,-3.1415926528033435,-1.5710016420298478,0.0,-0.00025984418885250873,-1.5104203110664596,1.6257628377596345,-2.9919674324853545,-1.4032964836496933,-0.6612453075268651
1780435487.994501829,5.697149010130964e-05,-1.570770059641383,1.5707700438682617,-3.1415926528033435,-1.5710016420298478,0.0,-0.0002929635184552527,-1.5101764368540191,1.6261174164527397,-2.994796405800288,-1.3996479397012658,-0.673811678268576
1780435488.044289827,5.697149010130964e-05,-1.570770059641383,1.5707700438682617,-3.1415926528033435,-1.5710016420298478,0.0,0.0010215563530753713,-1.5090689523042577,1.6251620268257478,-2.99776162881677,-1.415392649581014,-0.6612453075262298
1780435488.094272614,5.697149010130964e-05,-1.570770059641383,1.5707700438682617,-3.1415926528033435,-1.5710016420298478,0.0,0.001332571313880152,-1.5097579326644164,1.624712455449878,-2.9893360126090545,-1.4216061085191216,-0.6612453075267292
1780435488.144295216,5.697149010130964e-05,-1.570770059641383,1.5707700438682617,-3.1415926528033435,-1.5710016420298478,0.0,0.0005643446519209915,-1.509201964355685,1.626501556752411,-3.0017343948465576,-1.4153614458105521,-0.6612453075266341
1780435488.194320202,5.697149010130964e-05,-1.570770059641383,1.5707700438682617,-3.1415926528033435,-1.5710016420298478,0.0,-6.11037782779546e-05,-1.5095478795155302,1.6265157392885574,-3.0000176324667107,-1.4068815084196333,-0.6612453075260689
1780435488.244454861,5.697149010130964e-05,-1.570770059641383,1.5707700438682617,-3.1415926528033435,-1.5710016420298478,0.0,4.804290803259398e-05,-1.5102024543787564,1.6253567111552243,-2.99009379790475,-1.4068230100952392,-0.6612453075270426
1780435488.294258118,5.697149010130964e-05,-1.570770059641383,1.5707700438682617,-3.1415926528033435,-1.5710016420298478,0.0,0.0006903387597994289,-1.5087892449937206,1.6257713025544835,-3.002123340330666,-1.4164556347735535,-0.6612453075268657
1780435488.344279766,5.697149010130964e-05,-1.570770059641383,1.5707700438682617,-3.1415926528033435,-1.5710016420298478,0.0,0.0010376302442786827,-1.5087673455996864,1.6254558215754351,-3.000718010473874,-1.4205637111384843,-0.6612453075260155
1780435488.394269705,5.697149010130964e-05,-1.570770059641383,1.5707700438682617,-3.1415926528033435,-1.5710016420298478,0.0,0.00048365626976538197,-1.5099100590785985,1.6253983090774071,-2.9921241894281585,-1.410235030364787,-0.6612453075266312
1780435488.444307804,5.697149010130964e-05,-1.570770059641383,1.5707700438682617,-3.1415926528033435,-1.5710016420298478,0.0,-0.00021705537624616995,-1.5093163543537083,1.6268267343814453,-3.004121569438374,-1.399369701451142,-0.6612453075268955
1780435488.494243860,5.697149010130964e-05,-1.570770059641383,1.5707700438682617,-3.1415926528033435,-1.5710016420298478,0.0,0.0002560008107374711,-1.5092773089209093,1.6259789624047016,-3.000917039896347,-1.404494070654002,-0.6612453075262615
1780435488.544184446,5.697149010130964e-05,-1.570770059641383,1.5707700438682617,-3.1415926528033435,-1.5710016420298478,0.0,0.0011893999127121847,-1.509583248413791,1.6246852888829628,-2.9924443708275836,-1.4202280574738606,-0.661245307526908
1780435488.594233036,5.697149010130964e-05,-1.570770059641383,1.5707700438682617,-3.1415926528033435,-1.5710016420298478,0.0,0.0011082157067773537,-1.5086566180706455,1.6259532265587142,-3.0055600835880583,-1.4248479067566588,-0.6612453075266512
1780435488.644395113,5.697149010130964e-05,-1.570770059641383,1.5707700438682617,-3.1415926528033435,-1.5710016420298478,0.0,0.000478002017585943,-1.5090334826236278,1.6261745610177925,-3.005145428726228,-1.4163401343010282,-0.6612453075258958
1780435488.694244385,5.697149010130964e-05,-1.570770059641383,1.5707700438682617,-3.1415926528033435,-1.5710016420298478,0.0,-0.00027350741928097114,-1.510356909892887,1.625791333025255,-2.9945223624665487,-1.401787705613755,-0.6612453075268939
1780435488.744252920,5.697149010130964e-05,-1.570770059641383,1.5707700438682617,-3.1415926528033435,-1.5710016420298478,0.0,-0.00015875899681936685,-1.5092694011666197,1.6263372833546648,-3.0052783898373465,-1.3996996079573578,-0.661245307526966
1780435488.794289112,5.697149010130964e-05,-1.570770059641383,1.5707700438682617,-3.1415926528033435,-1.5710016420298478,0.0,0.001034493829641451,-1.5088686603146968,1.6252412494842616,-3.0024660913158225,-1.414246990437667,-0.6612453075261955
1780435488.844253302,5.697149010130964e-05,-1.570770059641383,1.5707700438682617,-3.1415926528033435,-1.5710016420298478,0.0,0.0013272511187255695,-1.5096301356423707,1.624810344320002,-2.9941567268625664,-1.4205990805819249,-0.6612453075266633
1780435488.894294739,5.697149010130964e-05,-1.570770059641383,1.5707700438682617,-3.1415926528033435,-1.5710016420298478,0.0,0.0005555844687276782,-1.509166355296684,1.6264676365798385,-3.00603388894782,-1.4143658557719703,-0.6612453075267348
1780435488.944183111,5.697149010130964e-05,-1.570770059641383,1.5707700438682617,-3.1415926528033435,-1.5710016420298478,0.0,5.072663113799434e-06,-1.5099321781743118,1.6263207364937382,-2.9997256365711586,-1.4073740832800798,-0.6612453075261466
1780435488.994118929,5.697149010130964e-05,-1.570770059641383,1.5707700438682617,-3.1415926528033435,-1.5710016420298478,0.0,8.768700367046901e-05,-1.5099018393862522,1.6255558162942176,-2.9969022674609667,-1.4076600434671573,-0.6612453075269162
1780435489.044243574,5.697149010130964e-05,-1.570770059641383,1.5707700438682617,-3.1415926528033435,-1.5710016420298478,0.0,0.0006464327666345483,-1.508471536907492,1.6259035303580927,-3.0106902733555865,-1.4173348743709422,-0.6612453075269261
1780435489.094299078,5.697149010130964e-05,-1.570770059641383,1.5707700438682617,-3.1415926528033435,-1.5710016420298478,0.0,0.0009928573978321576,-1.5088813316925913,1.6253697979988049,-3.005679774497214,-1.4213766470178273,-0.6612453075260675
1780435489.144424915,5.697149010130964e-05,-1.570770059641383,1.5707700438682617,-3.1415926528033435,-1.5710016420298478,0.0,-0.00033601582207904226,-1.510086509248885,1.6261532843742854,-3.000710685380811,-1.399527190465972,-0.6486789367985375
1780435489.194291115,5.697149010130964e-05,-1.570770059641383,1.5707700438682617,-3.1415926528033435,-1.5710016420298478,0.0,9.356188145764546e-05,-1.5091276541405767,1.6263030456899912,-3.00836605916119,-1.4024521754143173,-0.6486789367978615
1780435489.244238377,5.697149010130964e-05,-1.570770059641383,1.5707700438682617,-3.1415926528033435,-1.5710016420298478,0.0,0.0012367432914315926,-1.5096085298218815,1.6246263961658087,-2.9958909174296817,-1.4186641106230553,-0.6486789367978572
1780435489.294281483,5.697149010130964e-05,-1.570770059641383,1.5707700438682617,-3.1415926528033435,-1.5710016420298478,0.0,0.0013328573083973697,-1.5090357180873042,1.6257015365486938,-3.001167260965356,-1.4246833031144461,-0.6486789367983399
1780435489.344265699,4.371304625228056e-05,-1.5709024275495,1.5707639336584247,-3.1410936358301025,-1.5709538605310565,0.0,0.0010457512725832036,-1.509403298193539,1.627502231331047,-3.0100602778876264,-1.4191456335147867,-0.6486789367975621
1780435489.394122124,-3.20365486228269e-05,-1.5707841012885222,1.5708136965111124,-3.1416993117288867,-1.5706808746619192,0.0,0.0011745568598224723,-1.5123257409771336,1.6262757181415228,-2.997722936312732,-1.4048981083033278,-0.648678936797641
1780435489.444111824,-0.00023139279882400388,-1.5708785255071014,1.5709052872407003,-3.1416891097323094,-1.569962473508931,1.7914806502058205e-08,0.002166591132769398,-1.5126821498644993,1.6265734951612574,-3.0009073677390146,-1.4014428255281712,-0.6486789367986592
1780435489.494246244,-0.00023139279882400388,-1.5708785255071014,1.5709052872407003,-3.1416891097323094,-1.569962473508931,1.7914806502058205e-08,0.0041963812798759895,-1.5124975992350018,1.626043447258626,-3.0039401999544104,-1.4180444389135176,-0.6612453075385852
1780435489.544272423,-0.0005667895467009743,-1.5710350939441184,1.5710592673558643,-3.1416798563736026,-1.5687539581038124,3.697865515249391e-08,0.004543903118482043,-1.5147403135473843,1.626242939398614,-2.9953178894725294,-1.4072993664779883,-0.6612453075392569
1780435489.594240427,-0.0010126974483153361,-1.5712417090816198,1.5712634868448074,-3.1416714331063598,-1.5671474787692272,5.8412955977606356e-08,0.004715178400315999,-1.5153033030408816,1.6275906343870705,-3.00597109642492,-1.3977057324057391,-0.6612453075394572
1780435489.644256115,-0.0015446243143175664,-1.5714867533907366,1.5715062786202305,-3.141663729571342,-1.5652314426492406,7.978069037245158e-08,0.005956336503784954,-1.51601663845456,1.6268178786807577,-3.006109557726446,-1.4030666851120372,-0.6612453075387186
1780435489.694307327,-0.0021514632946670886,-1.5717647686608496,1.5717821370705205,-3.1416566432201543,-1.5630460186908977,9.996061901570263e-08,0.007605087797466265,-1.517392623394091,1.6255369961274586,-2.999022189560314,-1.4195382639058884,-0.6612453075394129
1780435489.744169235,-0.0021514632946670886,-1.5717647686608496,1.5717821370705205,-3.1416566432201543,-1.5630460186908977,9.996061901570263e-08,0.008069221274579584,-1.5176848347764,1.6266433218213767,-3.011653122460904,-1.4243241887678462,-0.6612453075392941
1780435489.794233561,-0.0028226950679064444,-1.5720705874326457,1.5720858516463783,-3.1416500809297525,-1.5606292436625147,1.1820601617328338e-07,0.007959225346918324,-1.5193518817874923,1.626747126198962,-3.0089653355809656,-1.4161787642048103,-0.6612453075385142
1780435489.844274044,-0.0035559949674155433,-1.5724027733420103,1.5724159421402832,-3.141643953700585,-1.5579896352718379,1.3433309097595292e-07,0.007698010063012593,-1.520695459648672,1.6264062723239392,-3.003811409163564,-1.4025668583651076,-0.6738116782686898
1780435489.894246817,-0.004345845196366049,-1.572758444631634,1.572769487625612,-3.1416381816843706,-1.5551471992787844,1.4818459260970453e-07,0.008901966533523027,-1.5205146046516154,1.6262409304673302,-3.0114466563778084,-1.410562345404573,-0.6738116782678543
1780435489.944259405,-0.004345845196366049,-1.572758444631634,1.572769487625612,-3.1416381816843706,-1.5551471992787844,1.4818459260970453e-07,0.009845474351641594,-1.5220342525501458,1.6252931930532135,-3.001716202300526,-1.4157056532169607,-0.67381167826758
1780435489.994290590,-0.00518486718502853,-1.5731339137560045,1.5731427676850689,-3.141632695266535,-1.552128618009557,1.5964426394987587e-07,0.009365160397349068,-1.5231283723634776,1.6264482273363552,-3.006087610303044,-1.4072697064645416,-0.6738116782684136
1780435490.044226885,-0.006056166574254007,-1.5735213384081526,1.5735279262395645,-3.1416274474272217,-1.5489947669759543,1.5964426394987587e-07,0.009216173022170015,-1.5233065576116838,1.626425804433116,-3.01036535481244,-1.4001471568853896,-0.6612453075262492
1780435490.094401121,-0.00694719448283454,-1.5739149550482248,1.5739191927964937,-3.141622400867854,-1.545790830075318,1.74590308568366e-07,0.010330465583702222,-1.5243761362709716,1.6251651989400078,-3.002171065671689,-1.4150356824870507,-0.6612453075269297
1780435490.144258261,-0.00694719448283454,-1.5739149550482248,1.5739191927964937,-3.141622400867854,-1.545790830075318,1.74590308568366e-07,0.010300086845649745,-1.5241723515038608,1.6263831609510588,-3.0152782683589896,-1.4190442422445366,-0.6612453075267266
1780435490.194395065,-0.007853064589074421,-1.574312478171608,1.5743142721872851,-3.1416175185589146,-1.5425343978454347,1.74590308568366e-07,0.00968292607403291,-1.5252643677432287,1.626626605830793,-3.014404189818307,-1.4097175851214734,-0.6612453075258974
1780435490.244247437,-0.008779302843068493,-1.5747161889922294,1.5747154205913405,-3.141612750724916,-1.539205624237744,1.74590308568366e-07,0.008815839345157723,-1.527101273683387,1.626455058737683,-3.0055051948297296,-1.3929011214689593,-0.6612453075268978
1780435490.294060469,-0.009720623393484118,-1.5751236450116792,1.5751201904809355,-3.141608070052387,-1.5358235222322163,1.74590308568366e-07,0.008818385247529863,-1.526614174298623,1.6268931301606777,-3.015830924135017,-1.3882876584437094,-0.6612453075271006
1780435490.344279289,-0.009720623393484118,-1.5751236450116792,1.5751201904809355,-3.141608070052387,-1.5358235222322163,1.74590308568366e-07,0.01023843291754855,-1.5270212889428922,1.625471069273617,-3.0081276201772074,-1.4057232161609912,-0.6486789367976254
1780435490.394243479,-0.010667730349998017,-1.5755307474103963,1.5755244923018066,-3.1416034657589846,-1.532421484982594,1.74590308568366e-07,0.00931111651131519,-1.527834659972899,1.6266938534244721,-3.0121023813294294,-1.396842230357064,-0.6486789367984745
1780435490.444313049,-0.01160914158404669,-1.575932576866193,1.5759234291760624,-3.141598942204378,-1.529040721229019,1.74590308568366e-07,0.008368552724504288,-1.5278850023508008,1.627653357297068,-3.0206518206992263,-1.3869096284132456,-0.6486789367976984
1780435490.494241953,-0.012542749805792397,-1.576328302711162,1.576316176547542,-3.1415944888233898,-1.5256887462923565,1.74590308568366e-07,0.009498311185922162,-1.5284678534411205,1.6256641534632164,-3.0090302880794475,-1.4021714449205398,-0.6612453075394934
1780435490.544295788,-0.012542749805792397,-1.576328302711162,1.576316176547542,-3.1415944888233898,-1.5256887462923565,1.74590308568366e-07,0.009110502118715386,-1.528030465643507,1.6268241432609083,-3.0212065237841434,-1.4057692276618934,-0.6612453075393929
1780435490.594250679,-0.013456481453552271,-1.5767129415849697,1.5766977872116497,-3.141590126578237,-1.5224088414184154,1.74590308568366e-07,0.00812594900596519,-1.5291643378016344,1.6270908616242952,-3.017152003316116,-1.3960355905146156,-0.6612453075385076
1780435490.644304991,-0.01433650500860928,-1.577080912038074,1.5770627290732335,-3.1415858908493286,-1.5192505643589858,1.6031878948318669e-07,0.0068586677305666,-1.5307760813966986,1.6271112411644177,-3.0078490278461096,-1.3780062957860029,-0.6612453075395134
1780435490.694127798,-0.015169397795905759,-1.5774269436385477,1.5774057879352534,-3.141581825535844,-1.5162619760115552,1.6031878948318669e-07,0.006443954572450082,-1.5300438149457785,1.627584797080214,-3.017549119546646,-1.372262028297415,-0.6612453075396992
1780435490.744258642,-0.015169397795905759,-1.5774269436385477,1.5774057879352534,-3.141581825535844,-1.5162619760115552,1.6031878948318669e-07,0.007583560244502858,-1.5301358409847214,1.6263168799223027,-3.011153803074231,-1.3894385267342018,-0.6738116782675567
1780435490.794322968,-0.01595758519415913,-1.5777524046416325,1.5777283428071711,-3.1415779299757403,-1.5134342636993336,1.4570726352973543e-07,0.0062650367495672415,-1.5305509837058056,1.627596863063655,-3.016404554006182,-1.380128784349518,-0.6738116782685386
1780435490.844270706,-0.01669682547532947,-1.5780558927068604,1.5780290221287143,-3.141574225066794,-1.5107825460997342,1.4570726352973543e-07,0.004973431399358804,-1.530354450724131,1.6285824444736388,-3.0250043510442515,-1.3706764966522935,-0.6738116782677904
1780435490.894266844,-0.017383814619287286,-1.5783364041400745,1.5783068502059014,-3.1415707297009883,-1.5083185821065879,1.296170763254218e-07,0.0048008221216694295,-1.5313056033470485,1.6272179723573517,-3.012188955543565,-1.3741082988670226,-0.6738116782679654
1780435490.944128513,-0.01802344036193304,-1.5785962549172723,1.5785641413816602,-3.141567434234743,-1.5060247608746264,1.296170763254218e-07,0.00460403761366946,-1.5305926740363045,1.6273758654294739,-3.0185427073058446,-1.3814867833790851,-0.6738116782686436
1780435490.994298458,-0.01802344036193304,-1.5785962549172723,1.5785641413816602,-3.141567434234743,-1.5060247608746264,1.296170763254218e-07,0.0038641899432703933,-1.5303053151785946,1.628178144316496,-3.0252884274090093,-1.3796399054666992,-0.6612453075257632
1780435491.044235468,-0.018637349017531335,-1.578844452800496,1.5788098363041378,-3.1415642644924886,-1.5038233991784402,1.1345738866929176e-07,0.00227491971578665,-1.5316011085505608,1.6282316877960323,-3.016437900850986,-1.3609525165050524,-0.6612453075269477
1780435491.094219208,-0.01922372971831443,-1.579080420625946,1.5790433707528633,-3.1415612270930353,-1.5017209516901389,1.1345738866929176e-07,0.0016848906289417373,-1.5305581328394,1.6286582084349763,-3.0258041634591075,-1.3552150471755564,-0.6612453075271947
1780435491.144115210,-0.019779915914963198,-1.5793032453578348,1.5792638484401496,-3.1415583335397086,-1.4997269419962356,9.838898985865299e-08,0.002244768177971635,-1.5297867406769852,1.6279184686068322,-3.0266156222207163,-1.366691576379337,-0.6612453075260106
1780435491.194365501,-0.019779915914963198,-1.5793032453578348,1.5792638484401496,-3.1415583335397086,-1.4997269419962356,9.838898985865299e-08,0.0012579456768456003,-1.5307023971069835,1.6287356103708726,-3.0228295639636076,-1.3635858266900054,-0.6486789367985704
1780435491.244271755,-0.02029867697701171,-1.5795102076467114,1.5794685861182216,-3.1415556173038146,-1.4978672552836194,9.838898985865299e-08,-0.00011747464021620045,-1.53020889862296,1.6296959771136548,-3.0307145426029303,-1.3545827027352064,-0.6486789367976019
1780435491.294175148,-0.02077187793685198,-1.5796982641777335,1.579654582039795,-3.1415531182919314,-1.4961710150135286,8.512833239799196e-08,-0.00046484931062237833,-1.5306944113532648,1.628611692451135,-3.0208470112125143,-1.3576505988099867,-0.6486789367978301
1780435491.344264269,-0.02077187793685198,-1.5796982641777335,1.579654582039795,-3.1415531182919314,-1.4961710150135286,8.512833239799196e-08,-0.00016902046785674632,-1.5294487477785097,1.6290728202804492,-3.0314225366548286,-1.3735055125722628,-0.6612453075394332
1780435491.394256592,-0.021200621760045557,-1.579868054781726,1.5798224772342377,-3.141550826356684,-1.4946342310008474,8.512833239799196e-08,-0.0014499474825333274,-1.5300474309807406,1.629289603068381,-3.0264378094513,-1.363366460697998,-0.6612453075384095
1780435491.444316387,-0.021596343524940664,-1.5800242612503457,1.5799769131618349,-3.141548696989125,-1.4932158878714565,7.233846340708252e-08,-0.003022019298184091,-1.5311108158811892,1.6294831131711616,-3.017172993737258,-1.3445154246930096,-0.6612453075395567
1780435491.494161367,-0.02195733162880842,-1.5801663339194363,1.5801173519873837,-3.1415467385644,-1.4919220991050306,7.233846340708252e-08,-0.003620496029613448,-1.5299344085644409,1.6299623939585122,-3.0258408347626764,-1.3384044655387584,-0.6612453075397906
1780435491.544107437,-0.02228315423976035,-1.5802942210794146,1.5802437482109566,-3.1415449540849285,-1.4907543934609917,6.094619072030103e-08,-0.003058465512478138,-1.5288941004394,1.6293960941360497,-3.028568829450604,-1.349889716729999,-0.6612453075384748
1780435491.594263554,-0.02228315423976035,-1.5802942210794146,1.5802437482109566,-3.1415449540849285,-1.4907543934609917,6.094619072030103e-08,-0.004019124070193068,-1.5297651412089595,1.630195613565386,-3.024806660065317,-1.3466492119838167,-0.6738116782686975
1780435491.644317389,-0.022573057524165385,-1.5804077353631678,1.5803559216800858,-3.1415433480081574,-1.489715456069904,6.094619072030103e-08,-0.005282668957027168,-1.5292880363160783,1.631152471913844,-3.032421006358438,-1.33909753158932,-0.6738116782677233
1780435491.694294453,-0.022828240638903985,-1.5805074420156693,1.580454435840869,-3.141541915624467,-1.488800975493148,6.094619072030103e-08,-0.005470273566842049,-1.5298514637456275,1.6299696838290214,-3.021255004043627,-1.343663412486962,-0.6738116782679291
1780435491.744141102,-0.023057249189825768,-1.580596750909021,1.5805426661600142,-3.1415406200652143,-1.487980317113614,4.658218523498443e-08,-0.005681469109693221,-1.5291173541666971,1.6301318380547298,-3.026365348917705,-1.3512031182394377,-0.6738116782688028
1780435491.794126034,-0.023057249189825768,-1.580596750909021,1.5805426661600142,-3.1415406200652143,-1.487980317113614,4.658218523498443e-08,-0.005988389189078096,-1.5280774285341296,1.6306170684533965,-3.035647258003313,-1.353609037294009,-0.6738116782676655
1780435491.844100714,-0.023276482642031304,-1.5806820919460005,1.5806269722413335,-3.1415393887483707,-1.4871947074133463,4.658218523498443e-08,-0.007013988083813153,-1.529630727409364,1.6304696252022677,-3.021350978092033,-1.3424482156249713,-0.6738116782676158
1780435491.894296885,-0.02347930061133141,-1.5807609093580153,1.5807048278065106,-3.1415382491507042,-1.486467938056034,4.658218523498443e-08,-0.0082092145922896,-1.5289542719590354,1.6313543917685263,-3.029378680569779,-1.3250606947039838,-0.6612453075271942
1780435491.944147587,-0.02366052723329215,-1.5808312292890587,1.5807742828058855,-3.141537223542628,-1.4858185513121214,3.518479352171031e-08,-0.007347799929147494,-1.5282998793685207,1.6304772456202015,-3.0272339416677214,-1.3390799666712563,-0.6612453075259546
1780435491.994345427,-0.02366052723329215,-1.5808312292890587,1.5807742828058855,-3.141537223542628,-1.4858185513121214,3.518479352171031e-08,-0.007588026572856985,-1.528980636711963,1.630467591820373,-3.0196031189108283,-1.3458270693764611,-0.6612453075266819
1780435492.044271469,-0.023811142122704965,-1.5808895980783628,1.5808319248707676,-3.1415363516755956,-1.4852788643611632,3.518479352171031e-08,-0.009477762950574405,-1.5282943901547341,1.6324717143124727,-3.034234604651142,-1.3293091057290036,-0.6486789367975764
1780435492.094291449,-0.023940130413351746,-1.5809395324687063,1.5808812318026846,-3.141535593091932,-1.4848166768984399,3.518479352171031e-08,-0.009526957179345742,-1.5290055162322131,1.6312189809654105,-3.0220631426590123,-1.335978789196119,-0.6486789367978234
1780435492.144256115,-0.02405238169908408,-1.5809829473679518,1.580924097056309,-3.1415349247446738,-1.4844144658625886,3.518479352171031e-08,-0.00965613386939916,-1.528275953200339,1.6313846789690465,-3.027425986909105,-1.3447968256305005,-0.6486789367987322
1780435492.194164276,-0.02405238169908408,-1.5809829473679518,1.580924097056309,-3.1415349247446738,-1.4844144658625886,3.518479352171031e-08,-0.009920639859872042,-1.5272271643131932,1.6318853611264599,-3.037293920807586,-1.3474736991085168,-0.6486789367975876
1780435492.244247198,-0.024163625494985297,-1.5810259306452412,1.5809665378917444,-3.1415342748638753,-1.4840158691671625,2.3937791046092114e-08,-0.010839307573213205,-1.5287928711259173,1.6316578015198155,-3.022988338597576,-1.3365977340710424,-0.6486789367975003
1780435492.294268370,-0.02426851751853487,-1.581066423273814,1.581006519072244,-3.141533666098297,-1.48364003538798,2.3937791046092114e-08,-0.011978239222763394,-1.5282008150078008,1.6325059717490462,-3.03033797546425,-1.318794291897987,-0.661245307539767
1780435492.344349861,-0.024361438999080498,-1.5811022670086885,1.5810419078287705,-3.141533123177661,-1.4833070958607042,2.3937791046092114e-08,-0.011044059566359394,-1.527328648389945,1.6317373499062204,-3.031019352507955,-1.332250607511217,-0.6612453075384023
1780435492.394276857,-0.024361438999080498,-1.5811022670086885,1.5810419078287705,-3.141533123177661,-1.4833070958607042,2.3937791046092114e-08,-0.011124693540952201,-1.5281896089526468,1.6315439833241143,-3.0221017698250927,-1.339265341028345,-0.661245307539418
1780435492.444141150,-0.024434243331429073,-1.5811303357306556,1.581069615242509,-3.141532682553773,-1.4830462385237677,2.3937791046092114e-08,-0.012399007239678976,-1.5276722611096307,1.633257562426135,-3.033300256095964,-1.3343247096778315,-0.6612453075393472
1780435492.494096041,-0.024485830149455268,-1.5811502198499499,1.5810892369304328,-3.14153234842445,-1.4828614044478048,2.3937791046092114e-08,-0.0133775874951109,-1.5279475747036422,1.6332302185521452,-3.0304915426129493,-1.3281725163918798,-0.6612453075383987
1780435492.544270992,-0.024526034030424526,-1.5811657138651194,1.581104522707672,-3.141532075340056,-1.482717355721503,2.3937791046092114e-08,-0.01293048433313385,-1.5276356797594017,1.6323760611684783,-3.0279794369496797,-1.3375404015545445,-0.6738116782688759
1780435492.594298840,-0.024526034030424526,-1.5811657138651194,1.581104522707672,-3.141532075340056,-1.482717355721503,2.3937791046092114e-08,-0.01304091028270046,-1.5266750239195401,1.6327402234735673,-3.03612679948977,-1.3400982198819682,-0.6738116782676714
1780435492.644129753,-0.024569445811962964,-1.5811824346203078,1.5811210227142531,-3.14153179580786,-1.4825618138315306,1.3151977500559055e-08,-0.01386423216684806,-1.5281190254460295,1.6326029387975347,-3.022683705235942,-1.3290568521197457,-0.6738116782675501
1780435492.694251060,-0.024609954838553882,-1.5811980315314473,1.5811364140220519,-3.141531536928782,-1.4824166729047485,1.3151977500559055e-08,-0.014888803455985594,-1.5274936555278629,1.6333942372722277,-3.030025924325819,-1.3118754014388545,-0.6612453075272762
1780435492.744243383,-0.02464324711580712,-1.5812108475518976,1.5811490592297863,-3.1415313179991693,-1.4822973894748364,1.3151977500559055e-08,-0.013891706222870252,-1.5265390878840606,1.6326773207132244,-3.03191906983749,-1.3253997696295974,-0.6612453075257905
1780435492.794357538,-0.02464324711580712,-1.5812108475518976,1.5811490592297863,-3.1415313179991693,-1.4822973894748364,1.3151977500559055e-08,-0.01388916996070691,-1.527347143357333,1.6324843187826903,-3.024093514757439,-1.33243306139273,-0.6612453075268012
1780435492.844223738,-0.024663012986384736,-1.5812184603500112,1.5811565648536774,-3.141531166695828,-1.4822265701941255,0.0,-0.015064988524686606,-1.5268602046601227,1.6341311433323624,-3.0355714414852417,-1.3274289346906605,-0.6612453075267444
1780435492.894121170,-0.02466886503619037,-1.5812207231248756,1.5811587857161455,-3.1415310857478573,-1.482205602866987,0.0,-0.01592116736942516,-1.5272290012868925,1.6340609290251022,-3.0324235116945757,-1.3217690121709074,-0.6612453075258031
1780435492.944264650,-0.024669775360441903,-1.5812210853505642,1.581159130086676,-3.1415310325711583,-1.482202341264446,0.0,-0.015344626758833782,-1.5269558783655421,1.63314003176317,-3.029604716560395,-1.332122600762137,-0.6486789367988144
1780435492.994274378,-0.024669775360441903,-1.5812210853505642,1.581159130086676,-3.1415310325711583,-1.482202341264446,0.0,-0.015381442812733665,-1.5260606695854886,1.6334983926710225,-3.037422616187234,-1.3349909034921548,-0.6486789367975764
1780435493.044389248,-0.024680754890238354,-1.5812253160004106,1.5811632980389838,-3.1415309377978256,-1.4821630027069226,0.0,-0.01609707930131868,-1.527618217553199,1.6332550435076139,-3.0225669452288346,-1.3242355404357378,-0.6486789367974687
1780435493.094126701,-0.02469553933088875,-1.5812310072422804,1.5811689102895292,-3.141530829700918,-1.4821100315961662,0.0,-0.01726104038673301,-1.5277387457105318,1.6340963848486942,-3.0233292078086724,-1.3053554729027628,-0.6486789367986655
1780435493.144319773,-0.024707221555494208,-1.5812355049439075,1.5811733443045763,-3.141530739792596,-1.4820681754525378,0.0,-0.01593659230125578,-1.5260747938108201,1.6332671648351156,-3.0305126063182106,-1.321275204986242,-0.6612453075383509
1780435493.194241285,-0.024707221555494208,-1.5812355049439075,1.5811733443045763,-3.141530739792596,-1.4820681754525378,0.0,-0.015873340789294154,-1.526934472804843,1.6330736893215296,-3.0217150146513805,-1.3287804083253603,-0.6612453075394001
1780435493.244154692,-0.02470727242001658,-1.5812355327214584,1.581173362737472,-3.1415307069380063,-1.4820679932105678,0.0,-0.016982317576119184,-1.52644078294309,1.6347295157466566,-3.0326867602774925,-1.3248262178250056,-0.6612453075393762
1780435493.294220209,-0.02469486887264516,-1.5812307744797653,1.5811686531023197,-3.14153073433008,-1.482112433776674,0.0,-0.017275082111992385,-1.52707553517316,1.6336283834688705,-3.0221157270030097,-1.3214438933571313,-0.6738116782679175
1780435493.344236135,-0.024678706448922227,-1.581224570587378,1.5811625157915274,-3.141530781718155,-1.4821703420643777,0.0,-0.017203899496491426,-1.5263500619063626,1.6337977037997855,-3.0277528155455973,-1.330444752956625,-0.6738116782688498
1780435493.394271851,-0.024678706448922227,-1.581224570587378,1.5811625157915274,-3.141530781718155,-1.4821703420643777,0.0,-0.017207332250572267,-1.525289682559654,1.6341771353572747,-3.037531268815982,-1.333242819012469,-0.6738116782676212
1780435493.444280148,-0.02467734303261615,-1.5812240527535062,1.5811619974368905,-3.141530763746469,-1.4821752270474624,0.0,-0.0178721507828497,-1.5268925490064253,1.6338802677522608,-3.022930245199367,-1.3224002440340816,-0.6738116782675951
1780435493.494439602,-0.02468457582418626,-1.5812268377492682,1.5811647431465126,-3.1415307085482107,-1.4821493126918064,0.0,-0.018776168344998238,-1.5262235668043056,1.6346772738562283,-3.0309182645156056,-1.3054700927028835,-0.6612453075272017
1780435493.544122458,-0.024692678235312293,-1.5812299561612884,1.5811678189124303,-3.1415306516168844,-1.4821202825980349,0.0,-0.017478004259057264,-1.5256115844760565,1.6336532674862867,-3.02838332629755,-1.3211888743577815,-0.6612453075258757
1780435493.594306946,-0.024692678235312293,-1.5812299561612884,1.5811678189124303,-3.1415306516168844,-1.4821202825980349,0.0,-0.01824829471907621,-1.5266427318886153,1.6345993504524052,-3.023622670769804,-1.3177771020627653,-0.6486789367984437
1780435493.644318342,-0.024687430977149205,-1.5812279443512445,1.5811658261985702,-3.1415306516168844,-1.4821390829741725,0.0,-0.019024348166852702,-1.5255474609012296,1.635534356596025,-3.0365489137450337,-1.3136675406554876,-0.6486789367974947
1780435493.694243908,-0.024673719478797373,-1.5812226792476451,1.5811606194800036,-3.1415307050085235,-1.4821882098781964,0.0,-0.01872707262632359,-1.526246777207275,1.6341967564076838,-3.0252837269968498,-1.3228039245705383,-0.6486789367977619
1780435493.744227648,-0.024656365227376575,-1.5812160131185955,1.581154028766631,-3.1415307700708044,-1.4822503884837444,0.0,-0.01859441706580382,-1.5256817983534807,1.6342509362019446,-3.0300256415341345,-1.3326631993544367,-0.648678936798769
1780435493.794282675,-0.024656365227376575,-1.5812160131185955,1.581154028766631,-3.1415307700708044,-1.4822503884837444,0.0,-0.01857495075927254,-1.5247593537794186,1.6345933703506246,-3.0388007224861666,-1.3356217070759298,-0.6486789367975664
1780435493.844147921,-0.024653317112306006,-1.5812148448493861,1.5811528707833222,-3.1415307700708044,-1.4822613095955814,0.0,-0.019183716599939202,-1.5263789414583746,1.6342432632337183,-3.023699335816802,-1.3249668953867835,-0.6486789367974717
1780435493.894592762,-0.024659289046331523,-1.581217143229165,1.5811551384875102,-3.141530731597209,-1.482239912716139,0.0,-0.02024245533001376,-1.526536571693498,1.6350486668785884,-3.024445269689,-1.306013633732414,-0.6486789367986925
1780435493.944389582,-0.024666602680047056,-1.5812199568198206,1.581157915622436,-3.1415306874450977,-1.4822137086684055,0.0,-0.018805557868635515,-1.5249521187453192,1.634125385110429,-3.0307139651018913,-1.3222870694695195,-0.6612453075383768
1780435493.994213820,-0.024666602680047056,-1.5812199568198206,1.581157915622436,-3.1415306874450977,-1.4822137086684055,0.0,-0.018655629097866146,-1.525789722888618,1.6339530042596662,-3.0221690519815425,-1.329828019396917,-0.6612453075393415
1780435494.044268370,-0.02466288925311666,-1.581218531994307,1.5811565051825682,-3.1415306874450977,-1.4822270135185507,0.0,-0.019680525849149207,-1.5253465834736506,1.6355248217909077,-3.0325444134212387,-1.3257701821692218,-0.6612453075394684
1780435494.094158173,-0.02464918079974332,-1.5812132651430053,1.5811512987365068,-3.1415307495169915,-1.4822761296223286,0.0,-0.020293644901837465,-1.5257807556903362,1.6353160656075936,-3.0273940227623064,-1.3228228706514955,-0.6612453075384321
1780435494.144143105,-0.02463000340028021,-1.5812058950882886,1.5811440142901259,-3.1415308297067703,-1.48234484055045,0.0,-0.020594912307959456,-1.5258541751047545,1.634764175335324,-3.023842178177309,-1.3208441763654426,-0.6612453075395556
1780435494.194179296,-0.024627104353347917,-1.5812047823075002,1.581142912842085,-3.1415308297067703,-1.4823552275899727,0.0,-0.020183732398091674,-1.5243078035753355,1.635029727934947,-3.0371902212607234,-1.326955106696976,-0.6612453075396124
1780435494.244221210,-0.024627104353347917,-1.5812047823075002,1.581142912842085,-3.1415308297067703,-1.4823552275899727,0.0,-0.019741757881850036,-1.5245260061317634,1.6344534113098073,-3.0322380479031334,-1.3302022836660354,-0.6612453075383342
1780435494.294253349,-0.024636618636108665,-1.581208441520607,1.5811465267605742,-3.1415307861757618,-1.482321138731285,0.0,-0.01963228784116482,-1.5249309844015828,1.6341331776161225,-3.0260033780678866,-1.326929139005097,-0.648678936797344
1780435494.344550371,-0.024647196057038023,-1.5812125089666473,1.5811505441963578,-3.141530731961785,-1.4822832407745299,0.0,-0.02051139993364785,-1.5252258067823288,1.6353466703324886,-3.029390363325598,-1.3192742292493183,-0.6486789367985977
1780435494.394345045,-0.024648824622705234,-1.5812131363250082,1.5811511625920294,-3.1415307190983315,-1.4822774057720949,0.0,-0.021165197632125172,-1.5246560856577673,1.636032593288546,-3.037373204463624,-1.3144855340755408,-0.6486789367975121
1780435494.444256306,-0.024641258248243147,-1.5812102291845456,1.581148288612183,-3.1415307485195747,-1.4823045154098873,0.0,-0.020813282787555197,-1.5253514024253247,1.6347212902750248,-3.0255374751100903,-1.3219153280339386,-0.6486789367977723
1780435494.494241476,-0.02463052549277478,-1.5812061045776309,1.581144211673482,-3.141530792543133,-1.4823429699375712,0.0,-0.020567924100550885,-1.5246748879955483,1.6347868986219314,-3.030663560452637,-1.3314146064189067,-0.6486789367987558
1780435494.544208050,-0.02463052549277478,-1.5812061045776309,1.581144211673482,-3.141530792543133,-1.4823429699375712,0.0,-0.020473218431512948,-1.5236787689554792,1.6351336691472567,-3.0399760505869855,-1.3343361690570874,-0.6486789367975496
1780435494.594130278,-0.024633360225868373,-1.581207195597604,1.5811452883385935,-3.1415307745972902,-1.4823328133322278,0.0,-0.021032596718307813,-1.525311705260651,1.634789353237121,-3.0249564490761296,-1.3236386947132586,-0.6486789367974668
1780435494.644147635,-0.02464434996632736,-1.581211421435441,1.5811494625144216,-3.1415307193250577,-1.482293438060367,0.0,-0.022030855559286414,-1.5254740395028126,1.6355578238975113,-3.0256539570884535,-1.3047322282052505,-0.6486789367986933
1780435494.694135189,-0.024656635597661847,-1.581216145022685,1.5811541284540462,-3.141530657962726,-1.4822494197723906,0.0,-0.021535590716402916,-1.524013787154261,1.6356372376914625,-3.0357993233758584,-1.308627884183045,-0.6486789367977367
1780435494.744345427,-0.024658640815679256,-1.58121691706362,1.581154889846049,-3.1415306435167802,-1.4822422352651987,0.0,-0.020326499451359524,-1.5244033696809565,1.6342196248219347,-3.0248550656369484,-1.3283193466398033,-0.6486789367976107
1780435494.794169903,-0.024658640815679256,-1.58121691706362,1.581154889846049,-3.1415306435167802,-1.4822422352651987,0.0,-0.020509844896501667,-1.5244757289245747,1.6348641384215825,-3.0265114859129647,-1.3360650130386462,-0.6486789367986129
1780435494.844235182,-0.02465089009809951,-1.581213939444389,1.581151946075716,-3.1415306732024684,-1.4822700053631541,0.0,-0.021885520906583168,-1.5247080553331838,1.635760865575083,-3.0287878266536583,-1.3223405392715457,-0.6612453075384201
1780435494.894330263,-0.02463818816709562,-1.5812090585055731,1.5811471214710986,-3.14153072498128,-1.482315515239291,0.0,-0.02214709745188272,-1.5248446701892835,1.6351605149673503,-3.0245462952579305,-1.3204621637689968,-0.6612453075395728
1780435494.944393396,-0.02464230830205416,-1.581210644022618,1.5811486862484245,-3.141530699356999,-1.4823007531605983,0.0,-0.021693218234236745,-1.5233357666647827,1.6353892321221077,-3.037207662858381,-1.326597907826869,-0.6612453075396292
1780435494.994273901,-0.02464230830205416,-1.581210644022618,1.5811486862484245,-3.141530699356999,-1.4823007531605983,0.0,-0.02121315016222015,-1.5235727676105117,1.6347876488579256,-3.0315917111290296,-1.329856199919997,-0.6612453075383492
1780435495.044232607,-0.024657948306330724,-1.581216657556813,1.5811546261321172,-3.1415306202983015,-1.4822447164607864,0.0,-0.021862269326153757,-1.5247493427368077,1.6350626856880581,-3.0222927621669284,-1.3180171269227388,-0.661245307539308
1780435495.094325304,-0.024676175724379412,-1.5812236636241819,1.5811615478325893,-3.141530533529758,-1.4821794093955987,0.0,-0.02257817749221087,-1.5239960369467562,1.6362962571865076,-3.0330157437485483,-1.3086843881756531,-0.661245307539632
1780435495.144254684,-0.024684898270109557,-1.5812270153805112,1.5811648598196797,-3.141530494218856,-1.4821481574012951,0.0,-0.022037293454922238,-1.5234790791446944,1.6355182182804666,-3.03295666888136,-1.3170758921068317,-0.6612453075384428
1780435495.194365025,-0.02468703135081629,-1.5812278348789501,1.5811656697339684,-3.141530494218856,-1.4821405147938131,0.0,-0.02116884658626432,-1.523980552581718,1.6344834589445318,-3.023853967033858,-1.3360613710015263,-0.6612453075395696
1780435495.244247675,-0.02468703135081629,-1.5812278348789501,1.5811656697339684,-3.141530494218856,-1.4821405147938131,0.0,-0.02152735091872392,-1.5229959989849169,1.6356540253113039,-3.0366938773262775,-1.3406367636426235,-0.6612453075392561
1780435495.294209719,-0.024685463638128624,-1.5812272323437488,1.5811650745042758,-3.141530494218856,-1.482146131746032,0.0,-0.02225110382109299,-1.5231749651874678,1.6357948027613225,-3.0367532863194615,-1.3318818872139269,-0.661245307538138
1780435495.344119072,-0.0246996283458234,-1.5812326749656247,1.5811704523414098,-3.1415304282511523,-1.4820953810941404,0.0,-0.02321012121786239,-1.5245214795546378,1.6356876914805787,-3.0264518644571834,-1.3140364613538937,-0.6612453075395768
1780435495.394166708,-0.02472538277199554,-1.5812425693525967,1.5811802287204284,-3.1415303103349466,-1.4820031058715237,0.0,-0.023155881660751897,-1.5235047235394612,1.6358979661274016,-3.0344809995245736,-1.3084118412433268,-0.661245307539805
1780435495.444181204,-0.02472538277199554,-1.5812425693525967,1.5811802287204284,-3.1415303103349466,-1.4820031058715237,0.0,-0.021872565662386174,-1.5225591361541202,1.6350919672836792,-3.0369112666713693,-1.3219499252984386,-0.661245307538334
1780435495.494137049,-0.0247532556822474,-1.5812532753018669,1.5811908068737797,-3.1415301826773816,-1.481903240599551,0.0,-0.0215778355977246,-1.5235229211592038,1.6347697515678135,-3.028035003991729,-1.3293449863931777,-0.6612453075394004
1780435495.544366598,-0.02477457556600271,-1.5812614625605876,1.5811988963821921,-3.14153008521108,-1.481826854199304,0.0,-0.023033574872492836,-1.5231722273380495,1.6364881275221008,-3.0394323885962082,-1.314274180494606,-0.6738116782676693
1780435495.594510078,-0.024783717605389555,-1.581264972790203,1.581202364749881,-3.141530043656923,-1.4817940994932615,0.0,-0.02266865158526783,-1.523767185522443,1.6352145175235346,-3.028788053404717,-1.3213690255926533,-0.673811678267891
1780435495.644282341,-0.02478961083956488,-1.5812672354338968,1.5812046004219422,-3.1415300169389315,-1.481772984836577,0.0,-0.022419513181266962,-1.5231689556262253,1.6352551767748995,-3.03361070020569,-1.3301787705471428,-0.6738116782688722
1780435495.694241762,-0.02478961083956488,-1.5812672354338968,1.5812046004219422,-3.1415300169389315,-1.481772984836577,0.0,-0.022240859829336226,-1.522221767334714,1.6355030942909226,-3.04216611216655,-1.3329177652809177,-0.6738116782676407
1780435495.744292974,-0.024809967580790016,-1.5812750506301017,1.5812123221225614,-3.1415299235490384,-1.4817000494865216,0.0,-0.022760224670861435,-1.523797907687567,1.6352389573100554,-3.0279826588686145,-1.3220182307455484,-0.6738116782675583
1780435495.794271231,-0.024838225368979394,-1.5812858970743608,1.5812230386256152,-3.141529793576606,-1.4815988060124283,0.0,-0.02369605649073952,-1.5240066406743988,1.6359755389869073,-3.028504020320835,-1.3036373405812212,-0.673811678268859
1780435495.844199896,-0.024866950279243127,-1.5812969202665244,1.5812339296501416,-3.1415296614488732,-1.481495889169838,0.0,-0.02319660680883455,-1.522454584486657,1.636076955525863,-3.040028075344086,-1.3070485322396943,-0.6738116782678654
1780435495.894288540,-0.024886614529573414,-1.5813044648993024,1.5812413838090977,-3.1415295711731064,-1.4814254354000145,0.0,-0.02196783134491115,-1.522971552071641,1.634639606986174,-3.0286629795728186,-1.3261626937963291,-0.673811678267736
1780435495.944214582,-0.024886614529573414,-1.5813044648993024,1.5812413838090977,-3.1415295711731064,-1.4814254354000145,0.0,-0.02210943276644511,-1.5229554272669068,1.6353137704061762,-3.031736338259095,-1.3332896256627607,-0.6738116782686991
1780435495.994238138,-0.024895854909397386,-1.5813080097164,1.5812448861516828,-3.141529528936002,-1.481392328683489,0.0,-0.022941435616553697,-1.522576727753985,1.636343169000999,-3.039699575547138,-1.3297654601748232,-0.6738116782674239
1780435496.044286728,-0.0249010108453529,-1.581309987525172,1.5812468402643485,-3.141529505399211,-1.4813738558495917,0.0,-0.023848448929596755,-1.5236066339114522,1.6358647928484031,-3.0298913741875535,-1.3157800035643317,-0.6738116782676714
1780435496.094285250,-0.0249195108596707,-1.5813170836074288,1.5812538510943412,-3.141529420199137,-1.4813075735415415,0.0,-0.023106806246876083,-1.5221907460146422,1.6356223942143233,-3.0395240953725873,-1.32291471737776,-0.6612453075271424
1780435496.144400597,-0.0249195108596707,-1.5813170836074288,1.5812538510943412,-3.141529420199137,-1.4813075735415415,0.0,-0.022594168823310872,-1.5225307727508683,1.6350320656095456,-3.0327063562758227,-1.326036229510184,-0.6612453075258004
1780435496.194258451,-0.024946593875219136,-1.5813274700404474,1.581264112577216,-3.1415292951543843,-1.481210540039278,0.0,-0.023208163197693615,-1.5236378772368084,1.6353359050493315,-3.02372053000401,-1.3139916198132267,-0.6612453075267057
1780435496.244237423,-0.024974835889318925,-1.5813382985097633,1.5812748106841066,-3.141529164784281,-1.4811093543020784,0.0,-0.023891177603563803,-1.5228787234648955,1.636585283875914,-3.03450749958198,-1.3050009502925926,-0.6612453075270724
1780435496.294170380,-0.02499114020697757,-1.5813445486978361,1.5812809856146963,-3.141529089647796,-1.481050939162662,0.0,-0.023261892762319342,-1.5224658278191185,1.6357303497735658,-3.0331267401280533,-1.3147840803993502,-0.6612453075259425
1780435496.344142199,-0.024997497040550876,-1.5813469852895645,1.58128339291259,-3.141529060543726,-1.4810281639100946,0.0,-0.022376437512206512,-1.5230212823206157,1.6347040464104494,-3.023260253932366,-1.3344605685234219,-0.6612453075270288
1780435496.394147635,-0.024997497040550876,-1.5813469852895645,1.58128339291259,-3.141529060543726,-1.4810281639100946,0.0,-0.022756641404213327,-1.52197604982939,1.6359507372966562,-3.0366887019171256,-1.339130931967017,-0.6612453075266381
1780435496.444177866,-0.024997932573052495,-1.5813471521977283,1.581283557843856,-3.141529060543726,-1.4810266034854465,0.0,-0.023460271663764052,-1.5221960181452028,1.6360099284486112,-3.0360675976060145,-1.3301609707047295,-0.661245307525557
1780435496.494203329,-0.025014859440286585,-1.5813536398382704,1.5812899672729768,-3.1415289805054414,-1.4809659579979062,0.0,-0.02439720962217127,-1.523638651719688,1.6359003001847172,-3.0246764304214566,-1.3120983504898873,-0.6612453075270027
1780435496.544239521,-0.02504116756718311,-1.5813637213930942,1.5812999271186208,-3.141528858684229,-1.4808717015613668,0.0,-0.02341517097815845,-1.5218476806918675,1.6355410942593536,-3.0358266342624507,-1.3194846190340284,-0.6486789367977085
1780435496.594309807,-0.02504116756718311,-1.5813637213930942,1.5812999271186208,-3.141528858684229,-1.4808717015613668,0.0,-0.02271982241853008,-1.522604177689944,1.6347968162409017,-3.024627191367005,-1.32576273611898,-0.6486789367974026
1780435496.644242048,-0.025068024524120602,-1.5813740110368162,1.5813100924505363,-3.1415287343282894,-1.4807754790046284,0.0,-0.023518808648560714,-1.5229700866527134,1.636019736036212,-3.0267875975798457,-1.3187450336889281,-0.648678936798463
1780435496.694230080,-0.025082153701726284,-1.5813794233878813,1.5813154394034745,-3.141528669004411,-1.4807248573652183,0.0,-0.024139047404904503,-1.5220390139975049,1.6368497855586182,-3.0384193775436144,-1.3143037467713126,-0.648678936797518
1780435496.744225979,-0.025088493498895303,-1.5813818516785467,1.581317838392805,-3.141528639863209,-1.480702143329598,0.0,-0.023691086287724376,-1.5228642409104847,1.6354527589752832,-3.025966268136297,-1.3231434688930435,-0.6486789367977844
1780435496.794239521,-0.02508979227617303,-1.581382349116227,1.5813183298368059,-3.141528639863209,-1.480697490110754,0.0,-0.023427218886336892,-1.5222094929042163,1.6355372576365916,-3.0316440042022808,-1.3328388499465549,-0.648678936798718
1780435496.844155312,-0.02508979227617303,-1.581382349116227,1.5813183298368059,-3.141528639863209,-1.480697490110754,0.0,-0.023297228492286923,-1.521211206790496,1.6358843489070907,-3.0417931562793656,-1.335739660495859,-0.6486789367975268
1780435496.894257069,-0.025104656464034036,-1.5813880420271271,1.581323953878851,-3.1415285650773788,-1.480644235197678,0.0,-0.023798088710019986,-1.5228691751428185,1.635517804475352,-3.027418784814542,-1.325045235110676,-0.6486789367974453
1780435496.944306612,-0.02512813432136607,-1.5813970325883462,1.5813328355527534,-3.141528456084941,-1.480560119657218,0.0,-0.024731394128121465,-1.5231313219346614,1.6362474870493369,-3.0280429489625313,-1.3060733109948932,-0.6486789367986255
1780435496.994116306,-0.025151957480527898,-1.5814061536218729,1.5813418460456117,-3.1415283454874765,-1.4804747671556484,0.0,-0.024224532849273443,-1.5216058344960128,1.6363767736505102,-3.0400010594048674,-1.3090555128515937,-0.6486789367976799
1780435497.044127941,-0.025166394000325276,-1.5814116799620423,1.5813473054015994,-3.141528278563416,-1.480423044751415,0.0,-0.022929981208413254,-1.5222188448641312,1.6348453926364725,-3.0278454678174858,-1.3283391347806326,-0.6486789367976658
1780435497.094143629,-0.025166394000325276,-1.5814116799620423,1.5813473054015994,-3.141528278563416,-1.480423044751415,0.0,-0.023057931291348,-1.5222064227261054,1.6355663909995724,-3.0312813800971417,-1.3353703996255923,-0.6486789367985769
1780435497.144277334,-0.025168778672927772,-1.5814125927378289,1.581348207135633,-3.1415282675933756,-1.48041450107789,0.0,-0.023872713243956418,-1.5217947745112452,1.6365933304325389,-3.039913236417969,-1.3314828360231032,-0.6486789367972989
1780435497.194332361,-0.02516781174050564,-1.5814122226028937,1.5813478415092812,-3.1415282675933756,-1.4804179653498526,0.0,-0.024599210756197698,-1.522901553080347,1.6357506937753459,-3.028087506072533,-1.3174730206215173,-0.6612453075396221
1780435497.244254112,-0.025180877850301542,-1.581417223760707,1.5813527819845614,-3.141528211445348,-1.4803711528389494,0.0,-0.024014481246049886,-1.5215504808009959,1.6358381228899344,-3.0389789157205653,-1.3233107870801084,-0.6612453075396707
1780435497.294311762,-0.025180877850301542,-1.581417223760707,1.5813527819845614,-3.141528211445348,-1.4803711528389494,0.0,-0.02346078426676775,-1.5217884117403297,1.6352973350281577,-3.0335754163755504,-1.3265954015098766,-0.6612453075383251
1780435497.344266653,-0.02520063170297604,-1.581424783734735,1.5813602501414183,-3.1415281195114524,-1.4803003799639303,0.0,-0.024055958026115678,-1.5229720588066815,1.6355955298324754,-3.024480672675363,-1.3148107889675138,-0.6612453075392635
1780435497.394479752,-0.025219896614276927,-1.5814321554085415,1.581367532242694,-3.141528029875817,-1.4802313589516904,0.0,-0.024743445047319252,-1.5221486831188873,1.6368459963524926,-3.0364435947057045,-1.305198529930511,-0.6612453075395962
1780435497.444269657,-0.02522829625229317,-1.5814353691291156,1.5813707069206764,-3.1415279908709035,-1.4802012653358068,0.0,-0.024133707797676263,-1.521884737717742,1.635960861222321,-3.0343541896811934,-1.313814813642946,-0.6612453075384814
1780435497.494153261,-0.025227731739432713,-1.5814351531287025,1.5813704935720323,-3.1415279908709035,-1.4802032878310065,0.0,-0.023205062424601512,-1.5225047276147228,1.6348925153694613,-3.024031593326587,-1.3328063908961325,-0.6612453075395978
1780435497.544125557,-0.025227731739432713,-1.5814351531287025,1.5813704935720323,-3.1415279908709035,-1.4802032878310065,0.0,-0.02351245209337634,-1.5214769861935515,1.636099721520555,-3.0371375461454537,-1.3374107436322802,-0.6612453075392041
1780435497.594128132,-0.025221291286550596,-1.5814326889947186,1.5813680593890396,-3.141528023538392,-1.4802263622192102,0.0,-0.024184462598100902,-1.521847898731564,1.63614065601118,-3.0351110354541033,-1.328659789895376,-0.6612453075382183
1780435497.644152641,-0.02522955799695037,-1.5814358518490277,1.5813711837881315,-3.141527985045922,-1.4801967448501019,0.0,-0.02508754568337659,-1.5232300740833207,1.6360375729132757,-3.023951024456266,-1.3109038285455834,-0.6612453075395961
1780435497.694227457,-0.02524585257806322,-1.5814420855807132,1.5813773416693873,-3.141527909061576,-1.4801383658697969,0.0,-0.025000931675851854,-1.5221600830008182,1.6362982052689494,-3.032138749206892,-1.3053160254225875,-0.6612453075397768
1780435497.744918346,-0.02524585257806322,-1.5814420855807132,1.5813773416693873,-3.141527909061576,-1.4801383658697969,0.0,-0.023639583783283964,-1.521318390972496,1.635430131731783,-3.033062226449473,-1.3196748530057654,-0.6612453075383222
1780435497.794260502,-0.025262485380698863,-1.5814484478418258,1.5813836264892336,-3.1415278315317052,-1.4800787752178168,0.0,-0.024242428743970874,-1.5223829286119752,1.6362370561535444,-3.0285062901769257,-1.316145932082348,-0.6738116782688095
1780435497.844254017,-0.025269453425204702,-1.5814511129379474,1.581386259151621,-3.141527799108706,-1.4800538106996495,0.0,-0.02477183568072077,-1.5219042024883782,1.6368852162691963,-3.035549188565393,-1.3124453447980335,-0.6738116782676629
1780435497.894251347,-0.025264943192357947,-1.581449387900114,1.581384555120048,-3.1415278201307775,-1.480069969577242,0.0,-0.024383981428818816,-1.5225033129687073,1.635612120841399,-3.02489629849583,-1.319657718945577,-0.67381167826789
1780435497.944297552,-0.02525836381898472,-1.5814468713719263,1.5813820692180975,-3.141527850749804,-1.4800935416060188,0.0,-0.024107460335712774,-1.5219107887297731,1.635674466994478,-3.02991045395779,-1.3284843936717705,-0.6738116782688706
1780435497.994304180,-0.02525836381898472,-1.5814468713719263,1.5813820692180975,-3.141527850749804,-1.4800935416060188,0.0,-0.02389875557150571,-1.520983907830364,1.6359378560835207,-3.0386517775070825,-1.3312293071565415,-0.6738116782676312
1780435498.044438839,-0.025266318479373773,-1.5814499139467388,1.5813850747324492,-3.14152781360273,-1.4800650423155641,0.0,-0.02438015007091203,-1.522587341777304,1.6356412976733035,-3.0244655890500796,-1.3203370448446394,-0.6738116782675504
1780435498.094353914,-0.02528082604708448,-1.5814554624423147,1.5813905556092935,-3.1415277458120516,-1.480013065867011,0.0,-0.025281639319679007,-1.5228279823478097,1.636376368310312,-3.0250586191753137,-1.301957769015272,-0.6738116782688656
1780435498.144282579,-0.025294607004932246,-1.5814607324305738,1.581395761351246,-3.1415276814304702,-1.4799636927113955,0.0,-0.024747396416718234,-1.5213404602080223,1.636478510708585,-3.036366715291323,-1.3054591392991568,-0.6738116782678683
1780435498.194294453,-0.025298361734453323,-1.5814621681793355,1.581397179592303,-3.141527663883176,-1.4799502406196705,0.0,-0.023488151865869694,-1.5218510489748995,1.6350325585309227,-3.025346652265652,-1.3245520385740164,-0.6738116782677152
1780435498.244281054,-0.025298361734453323,-1.5814621681793355,1.581397179592303,-3.141527663883176,-1.4799502406196705,0.0,-0.02358319355857232,-1.5219130300254244,1.6356710413054354,-3.0279818636921556,-1.3317598471211072,-0.6738116782687195
1780435498.294543743,-0.025292869544683683,-1.5814600680697843,1.5813951050637856,-3.141527689433443,-1.479969917521962,0.0,-0.024369063745804043,-1.5215966411823585,1.636716509880762,-3.035641383701358,-1.3284931799053707,-0.6738116782673701
1780435498.344142199,-0.025283365494480847,-1.5814564336915833,1.5813915149295956,-3.1415277335930014,-1.480003967762813,0.0,-0.0252447609764397,-1.5225009088717059,1.6362713717115622,-3.027406456886811,-1.3145957519716236,-0.6738116782676258
1780435498.394122124,-0.025287763485763115,-1.5814581155957992,1.5813931762955702,-3.1415277129109023,-1.4799882110389735,0.0,-0.0253305794337155,-1.5222640203525,1.6362353386225534,-3.0297822957872813,-1.3092582394643857,-0.673811678269164
1780435498.444123030,-0.025301005153226974,-1.581463179126672,1.581398178033862,-3.1415276508579186,-1.4799407700300833,0.0,-0.024442056639329957,-1.5211942697292136,1.6358274143480245,-3.035528245326555,-1.3155719114568944,-0.6738116782678742
1780435498.494131565,-0.025301005153226974,-1.581463179126672,1.581398178033862,-3.1415276508579186,-1.4799407700300833,0.0,-0.023746386025159077,-1.5217729052344593,1.6351823587702488,-3.0267983256671407,-1.321464234505817,-0.6738116782674043
1780435498.544144154,-0.0253146497095873,-1.5814683961513483,1.5814033313653444,-3.141527586902562,-1.4798918856433732,0.0,-0.024538859034203588,-1.5220660401952015,1.6363830114894593,-3.030905540759917,-1.313678496990926,-0.6738116782687978
1780435498.594496012,-0.025319726784782226,-1.5814703372951397,1.5814052487419876,-3.1415275628660755,-1.4798736960073802,0.0,-0.02456186671765012,-1.5216033622274905,1.6360578793197533,-3.0338181064469234,-1.312112300374491,-0.6612453075259972
1780435498.644225359,-0.025312960216270497,-1.5814677503967234,1.581402693299617,-3.1415275940658125,-1.4798979385923507,0.0,-0.023676286070137772,-1.5220611947822338,1.6351140823905084,-3.0259045413129297,-1.330588066703391,-0.6612453075269943
1780435498.694262266,-0.025312960216270497,-1.5814677503967234,1.581402693299617,-3.1415275940658125,-1.4798979385923507,0.0,-0.023981560649897267,-1.521120080066594,1.6362426009829398,-3.0389154922493615,-1.3347464675971232,-0.6612453075267011
1780435498.744274378,-0.0253017858329736,-1.5814634780921955,1.581398472886138,-3.14152764542938,-1.4799379730852715,0.0,-0.024625120688524255,-1.5214159755127783,1.6363077996356774,-3.0381415305145514,-1.3255924046814689,-0.6612453075255027
1780435498.794325113,-0.025305633777632508,-1.581464949861605,1.5813999262126406,-3.1415276256256157,-1.4799241870394386,0.0,-0.02552509276100899,-1.5228657431391337,1.636216179597705,-3.027253919197951,-1.3073975275479093,-0.6612453075270033
1780435498.844286919,-0.025318482980719814,-1.581469862455311,1.5814047789900139,-3.1415275660139033,-1.4798781521831623,0.0,-0.025381163057634493,-1.5218010812425478,1.63643221091142,-3.035904199833482,-1.3023563105990767,-0.6612453075272112
1780435498.894274473,-0.02533188944759246,-1.5814749875522205,1.5814098416662528,-3.141527503836222,-1.4798301208697335,0.0,-0.023923442643227582,-1.5212092918428892,1.6354038215296562,-3.0342798613661226,-1.3179248223355595,-0.661245307525823
1780435498.944124460,-0.02533188944759246,-1.5814749875522205,1.5814098416662528,-3.141527503836222,-1.4798301208697335,0.0,-0.023677790529765697,-1.5220714998056009,1.6353090500790317,-3.0265816942943107,-1.3255036281033512,-0.6612453075266452
1780435498.994331598,-0.02533249218653033,-1.5814752178368359,1.5814100692800952,-3.141527503836222,-1.479827961439792,0.0,-0.024297365537588204,-1.5185871445254184,1.6379942235027898,-3.044155606902231,-1.3107324190572323,-0.6486789367979322
1780435499.044190884,-0.02364699723486474,-1.5809236071308046,1.5807589190937892,-3.141150751986712,-1.4858670327397503,-0.005314315074659959,-0.024023845294792397,-1.5163325480934482,1.6391585897049472,-3.0305963548137083,-1.3174312302880278,-0.6486789367984868
1780435499.094305277,-0.021615163586005792,-1.5802283759777076,1.5799636988807166,-3.1407696252193893,-1.493148434938556,-0.010556007285413394,-0.025294045859587028,-1.5128751325884444,1.6394222456742649,-3.0372966630814444,-1.3249932110032634,-0.6486789367991609
1780435499.144235373,-0.021615163586005792,-1.5802283759777076,1.5799636988807166,-3.1407696252193893,-1.493148434938556,-0.010556007285413394,-0.026311756512677722,-1.5108356897341508,1.6396547432924042,-3.0415151666917843,-1.3276926067540566,-0.6486789367975875
1780435499.194244862,-0.019565129497951972,-1.5794813918239843,1.5791512524475664,-3.1405135453163964,-1.500496963152786,-0.015329455928293712,-0.02777724532390999,-1.510891194372304,1.6397171884359805,-3.0350016236828026,-1.3175838004246503,-0.6486789367976654
1780435499.244248629,-0.017502495511876326,-1.578691346119168,1.5783227488969673,-3.1403557002431346,-1.5078929503243117,-0.01967398932743425,-0.028939658429183092,-1.5105847977123377,1.6398000341686096,-3.035888648339784,-1.305834961906264,-0.6486789367987958
1780435499.294233084,-0.015425712274989678,-1.5778648956605874,1.5774764588938563,-3.1402661487561643,-1.5153423700774518,-0.02360837087801393,-0.028793906739719984,-1.5093394703359122,1.639336346528618,-3.0435376506231395,-1.3096337779045606,-0.6612453075385931
1780435499.344097376,-0.01332971208920064,-1.5769992052532373,1.5766099619908343,-3.1402465143094958,-1.5228638485510784,-0.027139864078029596,-0.02900995063691122,-1.5103645358699067,1.638411862664669,-3.0344828709101797,-1.321383576067387,-0.648678936798008
1780435499.394105196,-0.01332971208920064,-1.5769992052532373,1.5766099619908343,-3.1402465143094958,-1.5228638485510784,-0.027139864078029596,-0.028731372337854725,-1.5097302606342717,1.6378677549785094,-3.040789605034777,-1.332869156290886,-0.648678936798838
1780435499.444355249,-0.0112246675094676,-1.5760807452368164,1.5757288959471962,-3.1403658881403285,-1.5304213355467118,-0.030394426689632326,-0.028527451307955167,-1.5090766913671594,1.6376565654512079,-3.0494091822653533,-1.3370546871456777,-0.6486789367976913
1780435499.494343281,-0.009154029119883944,-1.5751598304591425,1.5748483468737335,-3.1404983502515504,-1.5378591539373838,-0.03330294614179685,-0.029764885380721938,-1.5114402047747895,1.6373328512505083,-3.0329237465916985,-1.3154418794647333,-0.6612453075397261
1780435499.544324160,-0.007119989983090491,-1.5742308902845803,1.5739706247499092,-3.1406722694905915,-1.5451695957827658,-0.035914814718403854,-0.029179700156871245,-1.5105044831853611,1.6370201977308074,-3.0412089939188545,-1.3129445558867807,-0.6612453075398207
1780435499.594339132,-0.007119989983090491,-1.5742308902845803,1.5739706247499092,-3.1406722694905915,-1.5451695957827658,-0.035914814718403854,-0.027189365895160415,-1.5100579248037063,1.6354641100487646,-3.0392767046440863,-1.3328998727168069,-0.661245307538471
1780435499.644258976,-0.005123397464123158,-1.5732979363354707,1.573096438048199,-3.140875856483487,-1.552349742190688,-0.038233813460551325,-0.026879316876345066,-1.5097452560853384,1.63477850037155,-3.031984571187881,-1.3418410499410498,-0.6612453075390735
1780435499.694239616,-0.003672325122106024,-1.5732580168607386,1.5723866504222743,-3.138463906394218,-1.5575709504131536,-0.03853084986616828,-0.027888335474794385,-1.5065978545027097,1.63641158060048,-3.0415763636026756,-1.3407389142576192,-0.6612453075395224
1780435499.744249105,-0.0025721380798211513,-1.5736825685680342,1.5717914779875286,-3.134802241122194,-1.5615313093895296,-0.03815900217305579,-0.02774307799869976,-1.506297410254902,1.6368729476272084,-3.0372402734451436,-1.3425912411621435,-0.6612453075383519
1780435499.794284582,-0.0014679552151184438,-1.573783701240555,1.571221700275026,-3.1323958309366655,-1.5655075869375938,-0.038012289394244725,-0.02667490582324894,-1.5073021838894007,1.6357841277186176,-3.0290553380836274,-1.3445049053296043,-0.661245307539489
1780435499.844368458,-0.0014679552151184438,-1.573783701240555,1.571221700275026,-3.1323958309366655,-1.5655075869375938,-0.038012289394244725,-0.024708912734660565,-1.5070009745532484,1.635205486670302,-3.0388208489496336,-1.3553546523792723,-0.6612453075394463
1780435499.894445181,-0.0003596322532501972,-1.573639199551712,1.570672421279128,-3.1309437238715683,-1.569500377813764,-0.038175419538979405,-0.02286485928144231,-1.5088052291894671,1.6340254808458066,-3.033037404022258,-1.3608038392087716,-0.661245307538248
1780435499.944190979,0.0007327396158012256,-1.5733094895859558,1.570148612976913,-3.1302457390339495,-1.573437334004467,-0.03848422114587269,-0.022040201814811713,-1.5116886346822858,1.6334652373193441,-3.0232183084784268,-1.3515492219780094,-0.6612453075392126
1780435499.994340658,0.0017931470788499215,-1.572818643663572,1.5696564702658284,-3.130237669181429,-1.577260690503441,-0.03892681334422221,-0.021226853767469054,-1.5124067902095746,1.6335813783660684,-3.03408490678833,-1.3471310987765825,-0.6612453075394364
1780435500.044304132,0.0028087626833019907,-1.5721944138123662,1.5691995183128984,-3.1308335477922338,-1.5809240748816542,-0.03945487825509275,-0.01906047942076833,-1.513671716151702,1.6318453639199748,-3.0332705864975873,-1.3605272122774117,-0.6612453075384426
1780435500.094243765,0.0028087626833019907,-1.5721944138123662,1.5691995183128984,-3.1308335477922338,-1.5809240748816542,-0.03945487825509275,-0.016508877825649686,-1.515782942154349,1.6301530591427533,-3.026373508407728,-1.383185782626289,-0.6612453075393215
1780435500.144254923,0.0037538413794486747,-1.5714601074145715,1.5687882868005931,-3.1319889963295022,-1.584334411400195,-0.04005992717046869,-0.017362105662209627,-1.5138482349446605,1.6300736330578849,-3.041257885409302,-1.3904244824684697,-0.6612453075390344
1780435500.194252729,0.004383257173163235,-1.571704382841677,1.5684265925377092,-3.1298178990103316,-1.5866064298458769,-0.038006672390521246,-0.020407657310924428,-1.5125745717379022,1.6296920486115187,-3.0367457408278167,-1.3857865143882258,-0.6612453075382209
1780435500.244275331,0.004760650035456004,-1.57246688105326,1.5681309099955851,-3.126034660751557,-1.587969010705673,-0.03497316027123709,-0.021183947218267385,-1.513213485142571,1.630494195873487,-3.0244279955870774,-1.370979458438794,-0.6612453075392738
1780435500.294240952,0.004963826927042669,-1.5729985856739184,1.5679522989890593,-3.1235004112865448,-1.5887026759518417,-0.0321187724312475,-0.019592462203228366,-1.5119154290121424,1.6299719308429914,-3.0336077773248142,-1.3678988341164744,-0.6612453075391224
1780435500.344313622,0.004963826927042669,-1.5729985856739184,1.5679522989890593,-3.1235004112865448,-1.5887026759518417,-0.0321187724312475,-0.016491616713469166,-1.5126966993660842,1.6289508599145417,-3.0331369589218116,-1.3873737181254087,-0.6612453075381742
1780435500.394241333,0.005065563172571563,-1.5733355079482578,1.5678518810016915,-3.121942237786271,-1.5890700668768618,-0.029489274562767953,-0.014657461460591215,-1.5154693711794964,1.62800710877091,-3.0240534236505496,-1.3960267549418433,-0.6612453075389488
1780435500.444346905,0.005066409936038463,-1.573528929802479,1.5678247981158855,-3.121157454271112,-1.5890731247864593,-0.026918319237364763,-0.014070247491215517,-1.5168010064290502,1.6284703263857236,-3.0348351926300277,-1.3942646672132666,-0.66124530753899
1780435500.494224548,0.004942733502314001,-1.5736168377672621,1.5678795410218762,-3.121040055040026,-1.588626505228354,-0.02430151817210824,-0.012978989675167123,-1.5192368374113334,1.6274546077779062,-3.0314455554628195,-1.393067752667964,-0.6612453075382189
1780435500.544125557,0.004677472023629559,-1.5736217320134616,1.5680222018691563,-3.121531510672402,-1.587668676392231,-0.021558195789538992,-0.011322973156783883,-1.5219580016895087,1.6256755878400873,-3.0236130783907655,-1.396251122575382,-0.6612453075391531
1780435500.594276667,0.004677472023629559,-1.5736217320134616,1.5680222018691563,-3.121531510672402,-1.587668676392231,-0.021558195789538992,-0.009298261056121804,-1.5225055883398149,1.624806737562418,-3.037230918572811,-1.407607316070045,-0.6612453075390545
1780435500.644124985,0.004253402247820448,-1.5735417367633344,1.5682614692179933,-3.122669927885367,-1.5861376388554813,-0.01863383569436916,-0.00748262138632389,-1.5247880720157454,1.6236446828515496,-3.0371111794203185,-1.4123039200418201,-0.6612453075381078
1780435500.694351435,0.0036601368634474607,-1.573378717257933,1.5686008580135133,-3.124462356472204,-1.5839962160498722,-0.015501511343220642,-0.007987167545301047,-1.5276201279013382,1.6238423507728366,-3.035058065062817,-1.3910642017087684,-0.6738116782681504
1780435500.744315147,0.003684887594484376,-1.5727981427978666,1.568662820467367,-3.126754371470464,-1.5840855442912485,-0.01591319240557798,-0.0028627236972221717,-1.5238043881977923,1.6257575324440687,-3.0549111979378827,-1.3964780123412714,-0.6738116782680178
1780435500.794365883,0.003684887594484376,-1.5727981427978666,1.568662820467367,-3.126754371470464,-1.5840855442912485,-0.01591319240557798,0.00046590773317379614,-1.523074800630316,1.6260772786354645,-3.045712428975319,-1.4175757884657572,-0.673811678268175
1780435500.844300508,0.0047831526061634655,-1.5714259530969743,1.5682471521515355,-3.130171619446388,-1.5880502635515779,-0.02028233796268708,0.0009155930250339804,-1.5231653937146499,1.626432908862245,-3.0476536722259215,-1.4261279126186213,-0.6738116782687618
1780435500.894267321,0.006034452542196922,-1.569647345133209,1.5677821822903943,-3.134884030696134,-1.592569761969088,-0.02503529926078052,0.0007725546969347876,-1.523445244493887,1.6267482317091408,-3.055324056641395,-1.4230754901834564,-0.6738116782680413
1780435500.944308996,0.006748410065058108,-1.568892037477445,1.5674814089499134,-3.136520339222877,-1.5951496054111676,-0.02738341371545605,-0.0028717425336527666,-1.5186932080901343,1.6262463213132863,-3.044531137873901,-1.4101920110018509,-0.6738116782680391
1780435500.994255781,0.006703906346767097,-1.56968932270577,1.5674200299757814,-3.1334327607696904,-1.5949887691954583,-0.027375181009656302,-0.004158807844131278,-1.513426101842521,1.627456764097965,-3.0441550884959443,-1.4077101637890477,-0.6738116782687629
1780435501.044237852,0.006703906346767097,-1.56968932270577,1.5674200299757814,-3.1334327607696904,-1.5949887691954583,-0.027375181009656302,-0.0037872046269950463,-1.5082231626341134,1.6275956593830396,-3.0459960144777884,-1.417111240105686,-0.673811678267783
1780435501.094261169,0.006503233054335311,-1.5709382603946453,1.5673838408589666,-3.1288249020402783,-1.5942635777977063,-0.027586883058596356,-0.003925727886622959,-1.5078640257999014,1.6289949552264968,-3.0342542486371333,-1.423423856899004,-0.6738116782676864
1780435501.144341469,0.006271168977775465,-1.5717886984074392,1.5674038741963119,-3.1258561842030086,-1.5934250297442567,-0.027548291851782203,-0.003913272268940497,-1.5080514904036013,1.6290880625929454,-3.0352962681475404,-1.416590962456687,-0.6738116782683934
1780435501.194225788,0.006132748990808512,-1.5721116882012165,1.5674373398902037,-3.1248228984672077,-1.5929249005738546,-0.028034622605214388,-0.0037042950603227895,-1.5090114756839599,1.629472581387122,-3.042180007136848,-1.4115824311280083,-0.6738116782677158
1780435501.244320631,0.005969134112566277,-1.5723534240979848,1.5674944480459092,-3.124164674697343,-1.5923337795153039,-0.02838405077324424,-0.0028620768302050643,-1.5106961731419188,1.6275447996414494,-3.031128708269795,-1.416399449086268,-0.6738116782678545
1780435501.294301033,0.005969134112566277,-1.5723534240979848,1.5674944480459092,-3.124164674697343,-1.5923337795153039,-0.02838405077324424,-0.0016489842469957652,-1.5114974821875373,1.6265100969787212,-3.0334473454367354,-1.4269279090510307,-0.6738116782684533
1780435501.344310284,0.005785428400421289,-1.5724756393433026,1.5675778649483239,-3.124026892401431,-1.591670124714346,-0.028680015339840992,-0.0006444066622118712,-1.5123371482423398,1.6262280892975318,-3.0406998822956024,-1.4311627856805145,-0.6738116782676379
1780435501.394314766,0.005566461577481974,-1.5724386155895935,1.5677010971205048,-3.1245992016425976,-1.5908791572694856,-0.02902611063698135,-0.00023554522809482383,-1.5155969902674862,1.6252517343814736,-3.027132395615891,-1.4216319545896987,-0.673811678267581
1780435501.444277287,0.005282337618292887,-1.5722862449401864,1.5678739309622662,-3.1257605911493624,-1.5898529398966152,-0.02934119145928804,-2.3850346383467357e-05,-1.5176124627642835,1.6251718537002107,-3.0284248891255796,-1.4068139810457607,-0.6738116782685077
1780435501.494131804,0.004921117433817956,-1.5719439221907097,1.5681107808559067,-3.127830460836847,-1.5885484479120109,-0.029795229107269172,0.0015264284978367792,-1.5181815700963934,1.624299200532452,-3.038413306709282,-1.4097187391157808,-0.6738116782678322
1780435501.544144869,0.004921117433817956,-1.5719439221907097,1.5681107808559067,-3.127830460836847,-1.5885484479120109,-0.029795229107269172,0.004318332423693789,-1.5199009171886564,1.622565195434511,-3.0294956651947462,-1.426162865040228,-0.6738116782678443
1780435501.594253063,0.004534212993289488,-1.5715539012564719,1.568364342996141,-3.13013347209434,-1.5871514305748544,-0.03091518149630268,0.003592163026537085,-1.5173575674937974,1.6239376249987583,-3.0382252765903726,-1.4311916253212622,-0.6738116782680461
1780435501.644173622,0.0038749700294282707,-1.572464781095909,1.5686037314325092,-3.1277333705455863,-1.5847716050342857,-0.028978647905589128,-0.00428785739625398,-1.5102844037416778,1.625139368240091,-3.0470000385785467,-1.4275462981952192,-0.6738116782675697
1780435501.694320202,0.0027504127820789925,-1.574517372241786,1.5689316445502204,-3.121590644737019,-1.580713562126535,-0.024548896768705752,-0.007300503651746901,-1.5067320902923935,1.6253617160387437,-3.030619629814823,-1.4197022966103352,-0.6738116782674658
1780435501.744433165,0.0027504127820789925,-1.574517372241786,1.5689316445502204,-3.121590644737019,-1.580713562126535,-0.024548896768705752,-0.00835055649234903,-1.5029675405202623,1.626301700676553,-3.035864426468833,-1.4221958258436245,-0.6612453075267839
1780435501.794287205,0.0015583468213593576,-1.576887706417943,1.5692185772101117,-3.114211029985379,-1.5764139667937291,-0.02039648922759607,-0.010123837119824763,-1.499132957157153,1.626963064428315,-3.029722591037499,-1.4270006158925224,-0.6738116782674811
1780435501.844120264,0.0003690837906145106,-1.579603517813183,1.5694048987889944,-3.1053064734786795,-1.5721265192585383,-0.01641946279515505,-0.010831191670705839,-1.4986982098236616,1.6279237621077787,-3.0182278026736578,-1.4425414053495944,-0.6738116782674726
1780435501.894144535,-0.0009505266280065428,-1.5821425966124565,1.5696439854258275,-3.0972649634813787,-1.5673714466213164,-0.011729338064648154,-0.010500829146028469,-1.4989090149155269,1.6274947138879383,-3.0199265966070774,-1.4444130578641219,-0.6738116782678125
1780435501.944166660,-0.002310499279832179,-1.584153292429388,1.5699720968942137,-3.0914192025058367,-1.562473356823439,-0.007241416042459647,-0.010340049759918528,-1.500842049767412,1.6288117192870462,-3.026836520668542,-1.4368418734270636,-0.6738116782671142
1780435501.994223833,-0.0036515535732029036,-1.5858497165247405,1.5703321218701773,-3.0867994447760907,-1.557645708266577,-0.003115329110821463,-0.0090444573375967,-1.5044156627494747,1.6271631380682443,-3.0139418179250583,-1.4361903495311763,-0.6738116782672097
1780435502.044719458,-0.0036515535732029036,-1.5858497165247405,1.5703321218701773,-3.0867994447760907,-1.557645708266577,-0.003115329110821463,-0.00883502055017244,-1.5074331923332327,1.6270401871530384,-3.0151993506251915,-1.4304646639845318,-0.6738116782680152
1780435502.094159842,-0.004924696907500525,-1.5871268794651439,1.5707325222955941,-3.08378470285364,-1.5530645547893478,0.00011626123055916062,-0.0029372903555708436,-1.5119557652985565,1.62785108167109,-3.0232038953603126,-1.4324643311893903,-0.673811678267594
1780435502.144250631,-0.006044916813537249,-1.5875349953292712,1.571242127817492,-3.084155889956677,-1.549035224176964,0.0008076788101806724,-9.759528261872122e-05,-1.5134230778489473,1.6254563082117162,-3.016829312772629,-1.4487401790075838,-0.6738116782676301
1780435502.194303274,-0.007191878775309135,-1.5881990683374676,1.5717020895236915,-3.083470258119234,-1.5449111506276534,0.0019246591922612408,0.00018376543512503508,-1.5149153679733356,1.6260143214642966,-3.021708659713778,-1.4541474353395099,-0.6738116782681166
1780435502.244151831,-0.008309928396285748,-1.5889039135195837,1.5721317632021936,-3.0825390656587675,-1.5408923828918457,0.002699525116554729,-0.0003126131048586166,-1.5154880057734479,1.626738218434901,-3.030487969939623,-1.447355965753635,-0.6738116782676056
1780435502.294137239,-0.008309928396285748,-1.5889039135195837,1.5721317632021936,-3.0825390656587675,-1.5408923828918457,0.002699525116554729,-0.0009682424747247436,-1.5178799516723496,1.6259703095957727,-3.0162587214959014,-1.4338813665812715,-0.673811678267773
1780435502.344122648,-0.0094035674178512,-1.5896409970544791,1.5725354987368778,-3.081407408350976,-1.5369625868449353,0.0031608465290685556,-0.0009603910845591271,-1.5181786837485403,1.6259087330310815,-3.0165719576997057,-1.428355890425797,-0.6738116782685961
1780435502.394326687,-0.01045984760942531,-1.5904067112409237,1.5729072796506278,-3.0800672377892417,-1.53316813453507,0.0033071812762603676,-1.446124308535795e-07,-1.5170911221739427,1.625213756076328,-3.021436803436188,-1.433216611044273,-0.6738116782679057
1780435502.444124222,-0.011462882991626344,-1.5911979336554616,1.5732395431530095,-3.078503544301027,-1.5295659082369477,0.0031288515445945866,0.0003727549034764346,-1.5188179439829428,1.6247933159962893,-3.007275007826109,-1.437565076939773,-0.6738116782677286
1780435502.494239569,-0.01239962809684414,-1.5919772232714653,1.5735348792288877,-3.0768544878453903,-1.5262025543179396,0.0026908439448101356,-0.0006086301244841799,-1.5199927504706174,1.6261011805968304,-3.006879686716823,-1.4278446851386015,-0.6738116782683838
1780435502.544392586,-0.01239962809684414,-1.5919772232714653,1.5735348792288877,-3.0768544878453903,-1.5262025543179396,0.0026908439448101356,-0.0012996077885716042,-1.5197463504135813,1.6267122000364131,-3.014763965420844,-1.4183961351318828,-0.6738116782678895
1780435502.594120502,-0.013261505023313802,-1.5927177891742659,1.5737961517365966,-3.075222039359591,-1.5231086662017344,0.0020112618036761338,-0.0012087967387558445,-1.5215607098751844,1.6254506511366844,-2.9994705489381714,-1.421875210335294,-0.6738116782680416
1780435502.644129276,-0.014045886071389901,-1.5934202513016613,1.5740226710896164,-3.0736015393482226,-1.520293487051803,0.0011325050387231551,-0.000985216950167185,-1.5214555068393256,1.6254710346082046,-3.0033726787979402,-1.4285331223082327,-0.6738116782685757
1780435502.694129229,-0.014745543434684372,-1.594108396768842,1.5742052253188477,-3.0718796205889705,-1.5177827870355172,8.863534787532587e-05,-0.0010324311072662641,-1.5208254632724367,1.6258800879298645,-3.0123858611904546,-1.4301984074122571,-0.673811678267807
1780435502.744139433,-0.015399850596185871,-1.594739348960939,1.5743759866687352,-3.070314333254999,-1.5154351545518452,-0.0009001977121938509,-0.002236057586373275,-1.5239918102522605,1.6260311585259937,-2.9962299760532476,-1.4185191228951208,-0.6738116782676885
1780435502.794540882,-0.015399850596185871,-1.594739348960939,1.5743759866687352,-3.070314333254999,-1.5154351545518452,-0.0009001977121938509,-0.0037944795432358867,-1.527324195747834,1.6257780983359376,-2.997257564459048,-1.398583394898591,-0.6738116782684703
1780435502.844249964,-0.016085691092664334,-1.594839979701705,1.5747018701899322,-3.071098256192825,-1.512974710343915,-0.0008661076256561984,-0.0026465703891410896,-1.5275442237291905,1.6244361756342212,-3.00424959696024,-1.4092586688794084,-0.661245307526112
1780435502.894387484,-0.016660158348080323,-1.5948232400169537,1.574999801001365,-3.0721868658987197,-1.5109140655370252,-0.0008609329669901911,-0.0024337964904923826,-1.5302922345937624,1.6234522435921064,-2.9985154036809867,-1.4133237746326741,-0.6612453075266692
1780435502.944251299,-0.01709712694026244,-1.5946232049316054,1.5752737696497277,-3.0738202833373887,-1.5093467827077998,-0.0008534472692760531,-0.0034649915534907152,-1.531931578605409,1.6247183609514948,-3.0127699377220143,-1.403740732600336,-0.6612453075266422
1780435502.994167566,-0.01709712694026244,-1.5946232049316054,1.5752737696497277,-3.0738202833373887,-1.5093467827077998,-0.0008534472692760531,-0.004341403727579054,-1.5344215581378604,1.6242634842081527,-3.0121888265641945,-1.391113322256473,-0.6612453075259206
1780435503.044266462,-0.017393773206278773,-1.5942332181243364,1.5755232022447327,-3.0760210355242927,-1.5082828667395063,-0.0008370916615838553,-0.0044897042695236184,-1.537076603768913,1.6228035222140178,-3.005956670301401,-1.3859095243710817,-0.6612453075269432
1780435503.094104528,-0.017553876907067334,-1.5936424309418982,1.5757509902218707,-3.078838847882028,-1.5077086811590634,-0.0008012594880408841,-0.003979583247057436,-1.5376527033047598,1.6225600542782408,-3.020863666747112,-1.3905878551855368,-0.6612453075268883
1780435503.144144773,-0.017578714965767794,-1.5928353406718099,1.5759587230003849,-3.0823360199899237,-1.5076196049886041,-0.0007588377832465909,-0.003976791279482749,-1.5386721173407931,1.622277920107256,-3.0229546412708133,-1.392135623223753,-0.6612453075257756
1780435503.194125175,-0.017662545910880567,-1.5926344809508715,1.576047815739842,-3.083337821340216,-1.5073189667976816,0.00022322245850365705,-0.005324881025193523,-1.5380506625547286,1.6234856200191503,-3.020167989609596,-1.3862873762002017,-0.6612453075266773
1780435503.244176865,-0.017662545910880567,-1.5926344809508715,1.576047815739842,-3.083337821340216,-1.5073189667976816,0.00022322245850365705,-0.005449866959603669,-1.535906539231461,1.6249982262182212,-3.029421515305548,-1.384174919231934,-0.6612453075270088
1780435503.294110298,-0.01768734913826986,-1.592610280183421,1.5760657879310898,-3.0834837814825033,-1.5072300172193174,0.00013057886110165893,-0.005566153607706564,-1.5335546787992254,1.6251803849928217,-3.0222929042226934,-1.3845633823682528,-0.6612453075263396
1780435503.344130993,-0.017594488720694912,-1.592915232238159,1.5759475227763626,-3.0820220929178084,-1.507563036126566,-0.0008750576008393906,-0.006489746708686413,-1.5352639394027596,1.6271517690966424,-3.0128564023614053,-1.3882832926696098,-0.6612453075271449
1780435503.394247293,-0.017654689794195377,-1.593140391301458,1.575923480047592,-3.0811638655033176,-1.5073471405603076,-0.0004413975316976959,-0.007553194400913342,-1.5313217199396787,1.6259109626296886,-3.026009863050996,-1.4013383867517295,-0.6486789367975244
1780435503.444258928,-0.017654689794195377,-1.593140391301458,1.575923480047592,-3.0811638655033176,-1.5073471405603076,-0.0004413975316976959,-0.00826468103060167,-1.5312990013134247,1.6280843958297244,-3.013483947999748,-1.4054038261384891,-0.6486789367976618
1780435503.494230986,-0.0180048153955088,-1.5937403988837033,1.5759518098108993,-3.079200251993849,-1.5060915500402947,0.00029075312371270776,-0.008746770965797832,-1.5302517995026763,1.6289885490103522,-3.011643669968534,-1.4036180751071297,-0.648678936798449
1780435503.544227600,-0.018397414441523097,-1.5943439981673464,1.5759977055941414,-3.0772878407877147,-1.5046837331815874,0.0006733684484779246,-0.009208777773439451,-1.5287572685189428,1.6298499217066271,-3.0181946111232696,-1.4041592661023707,-0.6486789367978537
1780435503.594260216,-0.018792653677269122,-1.5949822029429495,1.57603338315631,-3.0752238601427524,-1.503266540700837,0.000599650705115831,-0.008840565756043065,-1.5295349061391867,1.6291361574278669,-3.003684458548521,-1.4172456580908035,-0.6486789367979862
1780435503.644166708,-0.018201578750962177,-1.5947241195418114,1.575803892344955,-3.075312331597887,-1.5053859668382037,-0.0027504274133471895,-0.007127992028792202,-1.5285819882181197,1.6314939188022854,-3.008087809334112,-1.4203043044880765,-0.6486789367989315
1780435503.694254637,-0.018201578750962177,-1.5947241195418114,1.575803892344955,-3.075312331597887,-1.5053859668382037,-0.0027504274133471895,-0.006985934473473138,-1.5270623530701268,1.6313531992232035,-3.0135278970647588,-1.4290826033008774,-0.6486789367982005
1780435503.744128704,-0.01714817893577436,-1.5941880637878114,1.5754109704487418,-3.075786438268745,-1.5091636817256546,-0.0067037584566165265,-0.007796858995662845,-1.5283452545958234,1.630388370263218,-2.9971520056816328,-1.4358411891719756,-0.6486789367981549
1780435503.794340372,-0.01592680435428928,-1.5936339686563716,1.574932954419827,-3.076027113333918,-1.5135446852717056,-0.010698982449974359,-0.009471859028558197,-1.5283793605723233,1.6312115297174694,-2.998252471749295,-1.4292666067870046,-0.6486789367987547
1780435503.844216108,-0.014561500000939809,-1.593073107487096,1.5743771465956347,-3.0760207851714423,-1.5184431856517957,-0.014835339104473988,-0.010340887875800469,-1.5276605612130103,1.630826691221294,-3.0001764749828133,-1.4202067600847403,-0.6612453075392625
1780435503.894233227,-0.014561500000939809,-1.593073107487096,1.5743771465956347,-3.0760207851714423,-1.5184431856517957,-0.014835339104473988,-0.01014304594404915,-1.5280081708504625,1.6296364629114355,-2.989993708210772,-1.4310151777157782,-0.6612453075398634
1780435503.944307566,-0.013054329474046611,-1.5924975130933845,1.5737444469617141,-3.0757976988454137,-1.5238523106184871,-0.01915458854281571,-0.010806789668339823,-1.527753362087343,1.630604704621665,-3.000328868961593,-1.4332462866174485,-0.6612453075395648
1780435503.994231462,-0.011521453011246408,-1.5915719294326216,1.573177603669185,-3.0770038116494307,-1.5293555920898134,-0.022685927625045288,-0.01226974682050323,-1.5315309442857057,1.6297142190951672,-2.9967973937114767,-1.4233791536749862,-0.6612453075386162
1780435504.044254541,-0.010036094317387168,-1.5902809247850058,1.57271505167973,-3.079830526372773,-1.5346902475153268,-0.02527443504888982,-0.012261972026503065,-1.5349107201099885,1.628335562899794,-2.9892755140288005,-1.421816395486405,-0.6612453075394471
1780435504.094238997,-0.008473572230234261,-1.5887951371818865,1.5722438352154642,-3.0833051549713173,-1.5403042821146018,-0.027643378091925186,-0.01243863223565896,-1.5360687064733645,1.6280911930963202,-3.0033922629143666,-1.4221597919200326,-0.6612453075395175
1780435504.144210577,-0.008473572230234261,-1.5887951371818865,1.5722438352154642,-3.0833051549713173,-1.5403042821146018,-0.027643378091925186,-0.012140582112564666,-1.5383078123531826,1.626780471942007,-3.003606441413073,-1.427362193077204,-0.6612453075389039
1780435504.194141626,-0.006845331295732393,-1.5871155913993693,1.5717641785452527,-3.0874304137383777,-1.5461570635616457,-0.029793946208166666,-0.011098773289943251,-1.540521697204614,1.6244538600830176,-2.9989685020750376,-1.438370335346177,-0.6612453075394723
1780435504.244183779,-0.0051694137091917725,-1.5852315009463327,1.5712816730291688,-3.0922700005179817,-1.552184208176568,-0.03172216348905188,-0.010268237564845635,-1.544989607974661,1.6264743213961843,-3.015315658754913,-1.4412452837284586,-0.6612453075391941
1780435504.294162750,-0.004937353976909975,-1.582838848819054,1.5716355264643664,-3.1018505864165444,-1.5530190204256957,-0.03141604666616793,-0.009129661734812363,-1.5486246574868439,1.6223728310304097,-3.0212458762451604,-1.430367845219749,-0.661245307538246
1780435504.344170332,-0.004921833968531963,-1.5806387179396175,1.5720176955875687,-3.110916904608026,-1.553074854363926,-0.030122211107892483,-0.010161023106341377,-1.5537157231080228,1.6221038628159758,-3.0226912141914553,-1.4156547615237896,-0.6612453075392591
1780435504.394204378,-0.004921833968531963,-1.5806387179396175,1.5720176955875687,-3.110916904608026,-1.553074854363926,-0.030122211107892483,-0.008067444913681634,-1.553654045944321,1.6206999288204529,-3.0392918033281933,-1.4156548190354272,-0.6612453075393361
1780435504.444308281,-0.004727816530887274,-1.5783549043983216,1.5722762710535543,-3.119895846378348,-1.5537728645858824,-0.02978047125514749,-0.005983463583106078,-1.555155775732075,1.6193672771565433,-3.0349446691083344,-1.4402299832933148,-0.673811678267611
1780435504.494126558,-0.004497042231205839,-1.5760211789174612,1.5724781200517666,-3.1289070839629405,-1.5546031710817338,-0.029614824531393857,-0.005231399930058084,-1.556660346579683,1.6183560988828867,-3.0397647898803544,-1.4474865464488889,-0.6612453075393351
1780435504.544275999,-0.004252553373606638,-1.573624849278822,1.5726349651735985,-3.1380403431539965,-1.5554828898830788,-0.029633679162355264,-0.005324944093918746,-1.5561471103713282,1.61896715916146,-3.05734109355483,-1.445188859218427,-0.6738116782676135
1780435504.594153166,-0.0038961267038857272,-1.5719811013853917,1.5726234939080292,-3.14391141613515,-1.556765510359238,-0.028830829335592334,-0.006770532073888768,-1.553016984222407,1.6197290771931974,-3.053251030880545,-1.4406380067568778,-0.6612453075388394
1780435504.644232750,-0.0038961267038857272,-1.5719811013853917,1.5726234939080292,-3.14391141613515,-1.556765510359238,-0.028830829335592334,-0.007075304227792516,-1.5514008744902172,1.6210138658033948,-3.0509460789692424,-1.4389732470336352,-0.6612453075394401
1780435504.694135904,-0.0035063812963294083,-1.5703992146733166,1.5725711316231128,-3.149437255797236,-1.558168205274825,-0.028397810426919357,-0.007095453120641813,-1.5484073265364202,1.6212640431685839,-3.0596549093947525,-1.4396938521119311,-0.6612453075394739
1780435504.744464397,-0.0030359130737176443,-1.56885051009957,1.5724597878579352,-3.1546525702896475,-1.5598616691404334,-0.028334718880532073,-0.00571311851705546,-1.5478367557374613,1.6202297219616828,-3.0480409748556654,-1.4621465808231227,-0.6738116782678695
1780435504.794312477,-0.0025753825626164684,-1.567328409154638,1.5723355344072236,-3.159746087484392,-1.5615196279626797,-0.028476071840366934,-0.005671646668114398,-1.546791466126078,1.6208604759749943,-3.0508054343851905,-1.4681739986602398,-0.6738116782682367
1780435504.844236135,-0.0025753825626164684,-1.567328409154638,1.5723355344072236,-3.159746087484392,-1.5615196279626797,-0.028476071840366934,-0.005814382189430033,-1.5456268378596603,1.6210697903596238,-3.0590229907944098,-1.4622246609862393,-0.6738116782676925
1780435504.894250393,-0.00228027584953594,-1.5659133978770194,1.5722698862245377,-3.164682671351422,-1.5625821838371357,-0.028158787947262454,-0.009027642149124784,-1.5446722533204769,1.6238643490546028,-3.051202741141685,-1.444104398841227,-0.6738116782675933
1780435504.944206238,-0.002259633086457491,-1.5652196462914727,1.5722917344794474,-3.1673078412192646,-1.5626565139328363,-0.025775090691125158,-0.008616252533790496,-1.5409229770412631,1.6233527994110257,-3.0512871465158966,-1.44383750795912,-0.6738116782682471
1780435504.994153023,-0.0021941054396847903,-1.564658636935862,1.5722834850830474,-3.169339770968588,-1.5628924683227163,-0.023705784160687138,-0.007175809824384627,-1.5332612033381992,1.6235310035520016,-3.0605926681798956,-1.4576039353146228,-0.6738116782679643
1780435505.044161797,-0.001210038170796679,-1.5648025987925402,1.5718078782658698,-3.1670704895279314,-1.5664366007987702,-0.02510408997031277,-0.00829525754642295,-1.5280911745001484,1.6264423055063904,-3.044303914798786,-1.4772691786831242,-0.6738116782681224
1780435505.094127655,-0.001210038170796679,-1.5648025987925402,1.5718078782658698,-3.1670704895279314,-1.5664366007987702,-0.02510408997031277,-0.0102919083643566,-1.5205160144254348,1.6269173557029657,-3.0506900126984413,-1.4863051607293964,-0.6738116782681847
1780435505.144283533,-0.00023803207251305025,-1.5656070558129809,1.5712994901331094,-3.1622644188760396,-1.5699385491231075,-0.02548758740373458,-0.017255143871486595,-1.5132425656441164,1.6297899047886792,-3.0476649082110914,-1.47371773824141,-0.6612453075263571
1780435505.194340706,-0.0001885714984055653,-1.5684871903637339,1.5710900136590065,-3.1510048073720074,-1.5701167799796405,-0.021746742931726182,-0.018958615533534267,-1.5070441352293678,1.6330740791256586,-3.0311002222737384,-1.468604009349377,-0.6612453075268567
1780435505.244307041,-0.0007791655469899794,-1.5709667213302136,1.5711726154142356,-3.1423348468126,-1.5679887946067081,-0.01879242962361083,-0.017451044951952866,-1.5015876661657037,1.6338567639034522,-3.036231050507187,-1.473190664886498,-0.6612453075264153
1780435505.294242859,-0.0007791655469899794,-1.5709667213302136,1.5711726154142356,-3.1423348468126,-1.5679887946067081,-0.01879242962361083,-0.016346988246819547,-1.501828099374932,1.6335675719816376,-3.0220129877635,-1.4933823335802405,-0.6612453075262698
1780435505.344132900,-0.0016648876121880818,-1.5733150231685737,1.5713753819701257,-3.1346251037761177,-1.5647982976308379,-0.015251907462518588,-0.01617332567862436,-1.4997533601203745,1.6333297056307432,-3.023646722585064,-1.4990805813462253,-0.6612453075266259
1780435505.394165039,-0.0025419008149754063,-1.575839477982882,1.5715129912950312,-3.126103024258027,-1.5616401761924648,-0.012536018172464303,-0.01345676603601165,-1.5004947477175046,1.6374613807401064,-3.0288523170459287,-1.492710567089286,-0.6612453075263764
1780435505.444137335,-0.0035585412613698963,-1.5774119087173881,1.5718167206910456,-3.1216002986966016,-1.5579804707070863,-0.012948347794714543,-0.011576539564005306,-1.5027371289166949,1.6364585668523441,-3.015702562600838,-1.4727739200562218,-0.6612453075265393
1780435505.494325876,-0.004323004874742686,-1.5785505290833806,1.5720410170186345,-3.1183661369674542,-1.5552293843200085,-0.013586954504590132,-0.010227952390025875,-1.5043067872935687,1.6370999765621654,-3.0196498473587905,-1.4697559141025691,-0.6612453075272335
1780435505.544431210,-0.004323004874742686,-1.5785505290833806,1.5720410170186345,-3.1183661369674542,-1.5552293843200085,-0.013586954504590132,-0.008078477843874174,-1.5032664700168112,1.6347765641583252,-3.0303742045530013,-1.4737947287922961,-0.6612453075267578
1780435505.594253778,-0.004327854013925325,-1.5788439186347674,1.5719991550276546,-3.1171798477442976,-1.5552119358842376,-0.015427348749097902,-0.00803792007669255,-1.5065036188073027,1.6336106241782686,-3.0175862131504614,-1.477801219411824,-0.6612453075265544
1780435505.644350052,-0.004145024987369794,-1.5790219489501203,1.5718780496863254,-3.1161203460242373,-1.555869820545447,-0.016853947030819327,-0.008901125276256028,-1.5081580705910822,1.6334181854496939,-3.01865629267635,-1.4674895027975017,-0.6612453075270025
1780435505.694329262,-0.003811676312212242,-1.5791169248207293,1.5716916953869302,-3.115122916248624,-1.5570694319662968,-0.01803267249493601,-0.009456798780466975,-1.5082945728769088,1.632927540343008,-3.027456525089673,-1.4575844229837334,-0.6612453075266044
1780435505.744245529,-0.003811676312212242,-1.5791169248207293,1.5716916953869302,-3.115122916248624,-1.5570694319662968,-0.01803267249493601,-0.008423041213942146,-1.5099651767379285,1.6306833779226526,-3.0127056552930527,-1.4719515669424055,-0.6486789367982428
1780435505.794248343,-0.0033344379652051614,-1.5791344866709052,1.5714422163291748,-3.1141750107572186,-1.5587870886580024,-0.019042497141785297,-0.008179483510065136,-1.509488785779669,1.6304869286668533,-3.0243171508189537,-1.4744490464401054,-0.6486789367980668
1780435505.844132900,-0.002722099135572087,-1.5791052788362476,1.571128615177021,-3.1131649021534655,-1.5609914038688242,-0.02001765650854459,-0.008724191285332255,-1.510999990782211,1.6302360786114827,-3.0226655762066215,-1.4637399866883611,-0.6486789367974588
1780435505.894254923,-0.00199269507571298,-1.5790258398105204,1.570759948366567,-3.112136961940731,-1.5636177486467329,-0.020981250779883,-0.009349472139292523,-1.5135432885372477,1.6296234603620652,-3.011866793158209,-1.4481255476316748,-0.6486789367981352
1780435505.944356441,-0.0011316153349287816,-1.5788913631273918,1.570328338358277,-3.111080180296338,-1.566719096209635,-0.02195100309254716,-0.008599350830008772,-1.5128598081348272,1.6289366473929239,-3.0213254433603667,-1.4477385635061848,-0.6486789367981958
1780435505.994255781,-0.0011316153349287816,-1.5788913631273918,1.570328338358277,-3.111080180296338,-1.566719096209635,-0.02195100309254716,-0.007691053530635196,-1.5140550963949444,1.6279078088470693,-3.015589310937485,-1.4604687110959538,-0.6486789367977751
1780435506.044230700,-0.00012865098295478106,-1.5786770425443395,1.5698312062102786,-3.110072769430844,-1.5703327076359468,-0.022922410426887474,-0.006363213408352813,-1.5156397517588207,1.6272066437681918,-3.0079153066267224,-1.4767262738060987,-0.6486789367982486
1780435506.094244242,0.0011353070162707368,-1.57814612749877,1.5692425810505566,-3.10985630681931,-1.5748886239198567,-0.02480856169120038,-0.0045588234295671545,-1.5151619706834127,1.6276717598181958,-3.0193717256708323,-1.480057213455486,-0.6486789367981991
1780435506.144120455,0.0025951599331037745,-1.577380919561671,1.5685804185770875,-3.1102052366598723,-1.5801534709684724,-0.027465472953235093,-0.004508057972951171,-1.5172191344246286,1.6276200228726472,-3.0130817248072157,-1.469996222426346,-0.6486789367976757
1780435506.194141626,0.004047714466833829,-1.5768955791534296,1.5678679088301186,-3.109389824567016,-1.5853951363423864,-0.029884002900022466,-0.005643489976804203,-1.5171519693812519,1.6282168205257477,-3.0077671695707835,-1.4515725509155013,-0.6486789367981871
1780435506.244286776,0.004047714466833829,-1.5768955791534296,1.5678679088301186,-3.109389824567016,-1.5853951363423864,-0.029884002900022466,-0.004966806527286906,-1.5121415425942324,1.6282644174397605,-3.020763409359828,-1.460369724986101,-0.6612453075393419
1780435506.294280767,0.0050292827863105405,-1.5769338649870663,1.5673202192345255,-3.1073139779246226,-1.5889390489030806,-0.030240176198994106,-0.007022243041230575,-1.5189772818513916,1.6300062919902019,-3.0050052695488882,-1.4672023395214,-0.6612453075385993
1780435506.344268560,0.005077540066973141,-1.5760293410865822,1.5674435589047464,-3.110940562468648,-1.5891133190383462,-0.02649098533250349,-0.006639957628212893,-1.5220401168356128,1.6257921431824347,-3.009177172053825,-1.4618136535048434,-0.6612453075391127
1780435506.394266844,0.004964719767008852,-1.5748314562954917,1.567692124044614,-3.116060690005826,-1.5887059001127204,-0.02305442265040991,-0.005654212803823109,-1.5250698996899104,1.6255056285501743,-3.025358014780363,-1.4593645926539796,-0.6612453075385546
1780435506.444224119,0.004964719767008852,-1.5748314562954917,1.567692124044614,-3.116060690005826,-1.5887059001127204,-0.02305442265040991,-0.004473363247443781,-1.527507184195282,1.623533602693085,-3.018189149681187,-1.459549709592511,-0.6612453075389471
1780435506.494210720,0.004777655957947324,-1.5739064523619133,1.5679283619312252,-3.120184532806421,-1.5880304160427166,-0.019733281442021244,-0.002735088893534477,-1.5275614520726029,1.6219864715360777,-3.026439280986517,-1.4653891453679686,-0.6612453075392145
1780435506.544130087,0.004500716758249368,-1.57302105876294,1.568198336309818,-3.1242990783148596,-1.5870304949422334,-0.016452016593967222,-0.001549424985183822,-1.5280170395954418,1.6218805598697597,-3.035115054787503,-1.4687299333393478,-0.6612453075387215
1780435506.594127178,0.004154831105901202,-1.5721586187569896,1.568492888374925,-3.1284307100425313,-1.5857818033961157,-0.01315612812751965,-0.0012462396951140682,-1.530532468895589,1.6211393926591096,-3.022714472823681,-1.4579817561874309,-0.6612453075386657
1780435506.644456625,0.0037539536096968806,-1.5713016033615608,1.5688063841011477,-3.1326220160173115,-1.5843348164660993,-0.009837684914010936,-0.0014163296718986839,-1.5315614294057402,1.62124931635227,-3.0246403702594478,-1.4409969605249724,-0.6612453075394032
1780435506.694165707,0.0037539536096968806,-1.5713016033615608,1.5688063841011477,-3.1326220160173115,-1.5843348164660993,-0.009837684914010936,-0.00040189769853590156,-1.5310505377985324,1.6207450966114352,-3.0331686408242153,-1.4406464358554694,-0.6612453075389004
1780435506.744137764,0.003290563167189342,-1.5704649156733632,1.5691406021951073,-3.1368262013627697,-1.5826624931463922,-0.006466232290329721,0.0013580226495915407,-1.5321060753683202,1.6187453559389344,-3.0213728010488765,-1.4534478077221347,-0.661245307538834
1780435506.794243097,0.0027756551541033847,-1.5696223290102225,1.5694920611229342,-3.1411252885971104,-1.5808046300595668,-0.00305371052543002,0.001023459904662525,-1.5324208709604372,1.620192946614359,-3.030937880032284,-1.450401640475529,-0.6738116782676665
1780435506.844261408,0.002220380059856808,-1.5687615553664145,1.5698552573804574,-3.1455446310869,-1.5788015598381326,0.0004952504835521389,0.0008901063089061289,-1.533655028377133,1.6197839202665365,-3.02663145752267,-1.4406234164161325,-0.673811678267185
1780435506.894239187,0.002220380059856808,-1.5687615553664145,1.5698552573804574,-3.1455446310869,-1.5788015598381326,0.0004952504835521389,0.0014443725277907432,-1.5347104206488957,1.61843936783145,-3.0204376724872044,-1.4390459852838609,-0.6738116782678527
1780435506.944217443,0.0016208047081776034,-1.567856542651513,1.5702331267223233,-3.150190514968574,-1.576639191203487,0.004188740645030106,0.003313242804011758,-1.5331234827961824,1.618636882131241,-3.035014278164374,-1.4462111669510387,-0.6738116782680584
1780435506.994117498,0.0010491018917220263,-1.567126275876018,1.570572924240093,-3.1540763931455915,-1.5745778277923135,0.005887123817916039,0.007757047604459389,-1.5294889308575401,1.6207812215769268,-3.033864997166349,-1.4519989685390329,-0.6738116782675422
1780435507.044137001,0.0008838515816786963,-1.5664717658187195,1.570698294683458,-3.1569163924598715,-1.5739820787515661,0.00424636472024292,0.008999369704358091,-1.5262101870266411,1.6233981078998967,-3.026384607545613,-1.4453819551992104,-0.6738116782683732
1780435507.094473600,0.0012512009597922535,-1.5655276400126743,1.5705730044626853,-3.1599085845115056,-1.5753064740645346,0.0004719090486173575,0.008060606249152174,-1.5227762710320247,1.6257752980736546,-3.0334384509585206,-1.4336875172631756,-0.6738116782687064
1780435507.144289732,0.0012512009597922535,-1.5655276400126743,1.5705730044626853,-3.1599085845115056,-1.5753064740645346,0.0004719090486173575,0.008083671898115376,-1.520704497052269,1.6254153362575763,-3.0331171328937185,-1.4355503381821981,-0.673811678268032
1780435507.194306374,0.0017562802111747988,-1.5643152993598513,1.5703873775715151,-3.1636720161043783,-1.577127737969036,-0.003759071817380111,0.00888963492053947,-1.5205640780665046,1.6242447153401465,-3.0227207385849906,-1.4484697154934172,-0.6738116782685862
1780435507.244276285,0.0023483629266198847,-1.562904940937285,1.5701577093453745,-3.1680158871970256,-1.5792631981024146,-0.008381689485331911,0.008761737636338826,-1.5191347648283458,1.6249737854761594,-3.034778421567116,-1.4526018320918241,-0.6738116782684062
1780435507.294116020,0.0030036327182363376,-1.5613555629126328,1.5698889409912147,-3.1727473038991842,-1.5816271571513862,-0.01322348626503711,0.008016930305218732,-1.5197133106149234,1.6251183993507063,-3.0334287693535757,-1.4434695656887324,-0.6738116782677729
1780435507.344138861,0.003690242746081873,-1.5596549872911432,1.5695930698680816,-3.177960968317328,-1.5841048717741142,-0.018097262015300153,0.007332296817962144,-1.5210400080414423,1.624282221588907,-3.0234465370443644,-1.427652331025808,-0.6738116782686108
1780435507.394178867,0.003690242746081873,-1.5596549872911432,1.5695930698680816,-3.177960968317328,-1.5841048717741142,-0.018097262015300153,0.0074735002458243835,-1.5197591784356588,1.6241890262496785,-3.0345834308540978,-1.4239344937032554,-0.673811678268703
1780435507.444241762,0.004403330499673119,-1.557925168899839,1.5692670693820219,-3.1831978384270148,-1.5866788991768885,-0.023115433784218098,0.008867157102480799,-1.5193143786989571,1.6226183432506145,-3.031809211758213,-1.435579153895999,-0.6738116782679966
1780435507.494317532,0.005144529915321661,-1.5561672400923152,1.5689095505651145,-3.1884494796516716,-1.5893552437075353,-0.028287501215749522,0.009373980636861035,-1.520198087575368,1.622045339926308,-3.0235104636021046,-1.4414549237582646,-0.6738116782684831
1780435507.544338942,0.005446483567456584,-1.5554004448390213,1.568758244840183,-3.1907657174810584,-1.5904457970636772,-0.03070921469679888,0.0039421273658676245,-1.5135180199961829,1.6231234784713837,-3.040708946055931,-1.434464568092047,-0.6738116782679751
1780435507.594594955,0.004799309841417854,-1.5565510031853433,1.5690779238911454,-3.1876345038033858,-1.588108604994651,-0.028815282639726547,0.0004131712276193368,-1.5089995276173482,1.6245857680809945,-3.033644662184544,-1.4289768674015266,-0.6738116782676087
1780435507.644460440,0.004799309841417854,-1.5565510031853433,1.5690779238911454,-3.1876345038033858,-1.588108604994651,-0.028815282639726547,-0.0007769510276852819,-1.504300194903176,1.6244777641681063,-3.0296308547344646,-1.4253204763386127,-0.6738116782682024
1780435507.694242954,0.003916523695195684,-1.5581902789591409,1.5695013568200413,-3.183072905763888,-1.5849215912530106,-0.02697608077369651,-0.0009037876722133135,-1.499246860535811,1.6250795733867351,-3.0387699015822096,-1.433568782918794,-0.6738116782680964
1780435507.744242191,0.0028818003079225107,-1.5602951219872327,1.5699743695106274,-3.176986983066482,-1.581187584664482,-0.025105191506169966,-0.0012232621948166744,-1.4968648302455563,1.6249483860597738,-3.0283276713002016,-1.43763872936631,-0.6738116782674232
1780435507.794301748,0.0017280836273561029,-1.5628545358031563,1.5704633463590885,-3.169319429918371,-1.5770260543015464,-0.02315086514193787,-0.002845733349617201,-1.4959722117810506,1.6268859406980436,-3.0258890465432122,-1.4272959141935022,-0.673811678267709
1780435507.844202757,0.0002586664885333434,-1.5643876889762982,1.5711168013142136,-3.1660689377802615,-1.5717285512500174,-0.019433036216987,-0.003097095121095956,-1.4977583835986588,1.6279146876522157,-3.036834048865095,-1.4187205055922405,-0.6738116782677012
1780435507.894574642,0.0002586664885333434,-1.5643876889762982,1.5711168013142136,-3.1660689377802615,-1.5717285512500174,-0.019433036216987,-0.00247367175005877,-1.5006035554300396,1.627711270729407,-3.0379358006545685,-1.416760901421861,-0.6738116782671597
1780435507.944360256,-0.0011882696080451893,-1.5654841162578723,1.5717662737283085,-3.164417565796864,-1.5665150148873028,-0.015933623891711157,-0.0004751201253841803,-1.5026826572536631,1.6243785323819715,-3.0336017184258908,-1.4226709674757427,-0.6738116782678066
1780435507.994226456,-0.002594967816058613,-1.5663210705755146,1.5724001414318236,-3.1636646640446493,-1.561449113552385,-0.012832483317686716,0.00048747759864640816,-1.5042376035971232,1.6246539311925519,-3.050239383088287,-1.4256101138948223,-0.6738116782676447
1780435508.044252157,-0.004169816896833822,-1.5665603419078833,1.573135772073904,-3.165474534219337,-1.5557806079969598,-0.009355979502327472,0.0012058029594500847,-1.5098819397980865,1.6255495876232424,-3.0546481741167377,-1.4151990625816462,-0.6738116782666177
1780435508.094249249,-0.0059303980734588535,-1.5664456360357981,1.573962637135345,-3.1689205881076834,-1.549447072752466,-0.005479263654136091,0.0016088569851795463,-1.5139058387914162,1.6237273394063323,-3.0554522217793356,-1.3952160588979978,-0.6738116782677809
1780435508.144240379,-0.0059303980734588535,-1.5664456360357981,1.573962637135345,-3.1689205881076834,-1.549447072752466,-0.005479263654136091,0.0028503470324914844,-1.5153824535839338,1.6222527223951813,-3.0727840130174835,-1.3945155624892005,-0.6738116782677999
1780435508.194159031,-0.007753978761151359,-1.566177226976607,1.5748071864294306,-3.1730059328823215,-1.542890550759469,-0.001655625928554727,0.005165066765606243,-1.5174967898785825,1.621047666500715,-3.078541787895659,-1.4106365296168581,-0.6738116782675313
1780435508.244151115,-0.0089651136181228,-1.5653932522047969,1.5753733188445995,-3.1779818596195906,-1.538537949713131,-0.0009693153086205442,0.007477137180436694,-1.5185515559274334,1.6219656151636965,-3.076513536365173,-1.418288436646988,-0.6738116782682713
1780435508.294331312,-0.009239066578120791,-1.5638487848243852,1.5755214337208536,-3.184251820513966,-1.537553615710558,-0.003477050820605676,0.006047929334554391,-1.5195345579337909,1.622687993210569,-3.088985722343505,-1.4156936945783298,-0.6738116782683701
1780435508.344271660,-0.009288017579231145,-1.5618871041636169,1.5755500892526206,-3.1916671959882805,-1.5373777387508767,-0.006197656013551267,0.0048725223744903595,-1.5217635735409987,1.6214242238390835,-3.0873663400068523,-1.4096901699411706,-0.6738116782676556
1780435508.394229650,-0.009288017579231145,-1.5618871041636169,1.5755500892526206,-3.1916671959882805,-1.5373777387508767,-0.006197656013551267,0.004452537484496157,-1.5154719827309817,1.6226427803404864,-3.0840651864994126,-1.405143440554696,-0.673811678269319
1780435508.444504261,-0.008579813673565972,-1.5608215959461713,1.575236174465037,-3.194485602512798,-1.5399224876726727,-0.0114514799380796,0.0014988269104285732,-1.5067614920173078,1.6246329388077705,-3.0875255887545325,-1.4115391329616807,-0.6738116782681318
1780435508.494110346,-0.008095887407598035,-1.5612097157259006,1.5750285668480797,-3.192259769663411,-1.5416616413088384,-0.014095094432329702,-0.0027345166167163956,-1.500541203068921,1.626165216188732,-3.070796060331717,-1.4155329050019274,-0.6738116782682635
1780435508.544117928,-0.00779187987281027,-1.5622643145630253,1.5748961675464315,-3.1878304912657054,-1.5427543182541648,-0.015823055224893245,-0.006068796677272715,-1.4943398286689824,1.6289096350671741,-3.0757209412772286,-1.405055432283133,-0.6738116782686169
1780435508.594127893,-0.007482310287900695,-1.5635294427324284,1.5747478623406193,-3.1825761561093024,-1.5438670851473875,-0.017502656652348847,-0.00892025355313112,-1.4907506340602188,1.6312710005528521,-3.0758878357311246,-1.3953475377380582,-0.6738116782676143
1780435508.644154787,-0.007482310287900695,-1.5635294427324284,1.5747478623406193,-3.1825761561093024,-1.5438670851473875,-0.017502656652348847,-0.009854536097242093,-1.4898149449564313,1.6304746555970862,-3.0631176104571227,-1.3917552242596458,-0.6738116782684745
1780435508.694343090,-0.007042675434519197,-1.5644267102101201,1.5745344761613804,-3.1784637662906405,-1.545447553057631,-0.0192196024135729,-0.009387410811336733,-1.4876487604165325,1.6309318361032508,-3.074034382645718,-1.4078541068209858,-0.6612453075264983
1780435508.744444609,-0.0064861778143336934,-1.5652778614068819,1.5742597261813769,-3.174308547596631,-1.547448434461785,-0.020973895717970592,-0.01049299445124415,-1.488694868450664,1.6306831362773138,-3.05991343407169,-1.397766111741396,-0.6612453075264766
1780435508.794224024,-0.00581544288609237,-1.5660920977049058,1.573923682584326,-3.1700769485998546,-1.5498605056783825,-0.022799686728432356,-0.01183190734249752,-1.4888807738168968,1.6313996207246317,-3.061164429473672,-1.3797625335290749,-0.6612453075274428
1780435508.844258308,-0.00581544288609237,-1.5660920977049058,1.573923682584326,-3.1700769485998546,-1.5498605056783825,-0.022799686728432356,-0.012198136271358097,-1.4873717283580739,1.6310017618507326,-3.0679107455797325,-1.3828287107242323,-0.6612453075264644
1780435508.894254446,-0.005164350786463601,-1.5672911121726933,1.5735672755873122,-3.164374319614728,-1.5522024208845489,-0.023585276730222482,-0.014705934353394177,-1.4845822115128788,1.6294952277364885,-3.054138030380137,-1.4017212363267666,-0.6612453075264798
1780435508.944266319,-0.004963004927261316,-1.5696210104388149,1.5733318893726582,-3.155018780936585,-1.5529267405737803,-0.021508896783123177,-0.01640281746863286,-1.4815972219544795,1.6306286206760858,-3.058428853057146,-1.4067974325944808,-0.6612453075268688
1780435508.994121075,-0.004901358368256226,-1.572349199370998,1.573079965861867,-3.1442319620938726,-1.5531485166977372,-0.019478259060560887,-0.01773284928241052,-1.4797567108567797,1.6323172708193123,-3.063633116635337,-1.4052755936965995,-0.6738116782676298
1780435509.044389486,-0.00476231529850768,-1.5748170697548538,1.5727554203031513,-3.134200957206474,-1.5536487462855444,-0.01745451977843082,-0.01896081778015174,-1.4809775900735662,1.6318778253326824,-3.053211424646833,-1.3843764596280068,-0.6612453075261765
1780435509.094734192,-0.00476231529850768,-1.5748170697548538,1.5727554203031513,-3.134200957206474,-1.5536487462855444,-0.01745451977843082,-0.019217860451593325,-1.4821595728917618,1.6319111428073618,-3.0503524501050396,-1.3805706405958176,-0.6738116782678595
1780435509.144291878,-0.004584471480103325,-1.5773042823235457,1.57235285103163,-3.1238943919211075,-1.5542886006504881,-0.015446268447344202,-0.018433716207921322,-1.4817983240815362,1.6316028184353515,-3.0607984637631236,-1.3884872096751757,-0.6612453075262343
1780435509.194125414,-0.004342608928427083,-1.5792677579912207,1.5719412768061636,-3.1154770525699997,-1.5551588441215989,-0.012969774277348911,-0.014152739260069725,-1.4883592225516766,1.6313366883254916,-3.0590712016564785,-1.382997948145932,-0.6738116782670511
1780435509.244302750,-0.004058227999262698,-1.5799709364194303,1.5716820708301558,-3.112077709853307,-1.556182161308504,-0.012855262581006777,-0.01135169643513579,-1.4928510604284835,1.6323027860899528,-3.0575352372616305,-1.3783178878745268,-0.6612453075268722
1780435509.294248819,-0.003824816941489395,-1.580759921001066,1.5714281599528557,-3.108403057356742,-1.5570221406651568,-0.013339672914628231,-0.009151125638077556,-1.4948071108003322,1.631411087588152,-3.070100328203061,-1.3777170582399088,-0.6612453075263199
1780435509.344236374,-0.003824816941489395,-1.580759921001066,1.5714281599528557,-3.108403057356742,-1.5570221406651568,-0.013339672914628231,-0.005628180338549072,-1.497620389559791,1.629835417462497,-3.06207189074679,-1.3908431447595213,-0.6612453075265632
1780435509.394289494,-0.0034767335217100737,-1.5814379727493222,1.571126351891471,-3.1049566689874104,-1.5582749152650992,-0.015480083860994753,-0.0038288277989571304,-1.4989722719261334,1.6293671954079838,-3.067490364528729,-1.4085063816635863,-0.6612453075273723
1780435509.444188356,-0.003066818627115886,-1.5822049864700336,1.5707680956129724,-3.101007577721413,-1.559750415332771,-0.018007159393194527,-0.00298751468835091,-1.4992297017612168,1.6285960737009806,-3.0765707220891834,-1.412709715916146,-0.6612453075265613
1780435509.494398594,-0.0026629687438903815,-1.5831129750588762,1.5703760272261647,-3.096457693600883,-1.5612042879293977,-0.020924609103127878,-0.003173993376547773,-1.5024223732573656,1.6283447224323224,-3.062756239110655,-1.4034813949551666,-0.6612453075265314
1780435509.544161797,-0.002353035946224935,-1.583488868261159,1.5701331883725915,-3.09429482500936,-1.5623201948945873,-0.023327547096452683,-0.004568830840371048,-1.5095675818333003,1.6312854473743035,-3.0603902555711366,-1.387423060492746,-0.6612453075275405
1780435509.594337940,-0.002353035946224935,-1.583488868261159,1.5701331883725915,-3.09429482500936,-1.5623201948945873,-0.023327547096452683,-0.0008031346092618877,-1.5115105749652757,1.6282314368315483,-3.069380680172498,-1.3977770420458446,-0.6486789367971986
1780435509.644382238,-0.0021095118024927473,-1.5827040758446227,1.5701595998014577,-3.0971215619632826,-1.5631970843525265,-0.025867235108538722,0.0008506756222909206,-1.5165639632109222,1.6271520189766513,-3.0692621349025133,-1.4049901920863346,-0.6486789367982927
1780435509.694247246,-0.0018421233456420438,-1.5818256057896791,1.5701862096823695,-3.100282090280918,-1.5641599927018577,-0.028138161807547135,0.0009749746625994705,-1.519617872249504,1.6257513500909424,-3.079894892290778,-1.40465083738542,-0.6486789367981114
1780435509.744260311,-0.0016072703734923977,-1.580815786274579,1.5702480618974133,-3.1040345170465695,-1.5650058117905346,-0.02999737136930758,0.0005370787820797655,-1.5234386236896569,1.6249649773692159,-3.0819746903609757,-1.4016497985152025,-0.6486789367973143
1780435509.794195414,-0.0016072703734923977,-1.580815786274579,1.5702480618974133,-3.1040345170465695,-1.5650058117905346,-0.02999737136930758,-0.0010841060020181413,-1.531197537049228,1.624543532506443,-3.0779851483177216,-1.3989469828802819,-0.6486789367980526
1780435509.844155312,-0.0018728694917298228,-1.579219089599328,1.5706652919013167,-3.111120465125459,-1.5640492662549308,-0.0289263547244909,-0.0010151473637274543,-1.5290742696118693,1.6204481573021379,-3.098631635352704,-1.402361031802544,-0.6486789367976958
1780435509.894276857,-0.0029663328749878204,-1.578506333865536,1.5713499074373982,-3.116064788355845,-1.5601121482727622,-0.02514604469731463,-0.00065565560379104,-1.5310568911863598,1.6216110816791507,-3.0938275329602165,-1.422326510428259,-0.6486789367972553
1780435509.944137335,-0.0042076314515373525,-1.5780739139410436,1.5720525896711284,-3.1200943875324385,-1.5556445354685806,-0.02162663242457974,-0.0005402985998974077,-1.5313273010375044,1.620884302258604,-3.086984213765601,-1.4270433737806,-0.648678936797831
1780435509.994582176,-0.0042076314515373525,-1.5780739139410436,1.5720525896711284,-3.1200943875324385,-1.5556445354685806,-0.02162663242457974,-0.0015648283177775704,-1.529964860573867,1.6217990210988649,-3.0991569539159314,-1.4159930963531773,-0.6612453075388292
1780435510.044430494,-0.0055781938801748865,-1.5778860616937749,1.5727727924659993,-3.123327452700394,-1.550713811657653,-0.018262315227286052,-0.001665750437269566,-1.5307796916991618,1.6212633347236185,-3.0843037537073283,-1.4211800620084232,-0.661245307538997
1780435510.094241381,-0.007088097979639052,-1.5779419864417266,1.5735176228670635,-3.12578772380034,-1.545284251493988,-0.014971536985322942,-0.001279305693105489,-1.528868405007577,1.6206685340903744,-3.0869836916319287,-1.4272418157953373,-0.6612453075395414
1780435510.144246340,-0.008746466012081733,-1.578246559912178,1.5742914134681159,-3.1274703982260434,-1.5393236205081573,-0.011725039079237831,-0.00142135249509235,-1.5277223311409411,1.6211097285268896,-3.0932127955789843,-1.429086790111308,-0.6612453075387347
1780435510.194275618,-0.010417109327285345,-1.578555656354757,1.5750594071080355,-3.1291180765886257,-1.533321641969569,-0.009371178966196325,0.00012987151225144714,-1.5260326310620878,1.6224253784946148,-3.084215781738979,-1.4215045574424803,-0.6612453075389334
1780435510.244218826,-0.010417109327285345,-1.578555656354757,1.5750594071080355,-3.1291180765886257,-1.533321641969569,-0.009371178966196325,0.001201378665009651,-1.5226398207117189,1.6258464053688935,-3.0801320592967247,-1.4168497649105642,-0.6612453075398073
1780435510.294316769,-0.011579283525565032,-1.578884518313357,1.575572643100789,-3.1297848328737157,-1.5291479343563967,-0.009965307809580715,0.0002804694830138487,-1.5192912879554497,1.6265438615089134,-3.087784296091417,-1.4177202272366167,-0.661245307539496
1780435510.344429016,-0.01256390228924964,-1.5789959288806408,1.5760244927561375,-3.1310066230754927,-1.5256128101720812,-0.010738977513326198,-0.00027163171489106685,-1.5191556759480838,1.6269799855965288,-3.0812459607538747,-1.4258346085701321,-0.6612453075391311
1780435510.394330025,-0.01347780161295109,-1.578960709387765,1.576457059951179,-3.132683014039366,-1.5223323192661544,-0.011695712084654808,-0.00032496112891608616,-1.5190565618965213,1.6263592527624215,-3.076837760701579,-1.4348470897804173,-0.661245307539687
1780435510.444338083,-0.01434775508497843,-1.5788265056768775,1.5768766273625727,-3.1346678900594855,-1.519210193340312,-0.01275423553079591,-0.0006406346752420246,-1.5180229728976906,1.6264552122033042,-3.0871376939166275,-1.436299881161089,-0.6612453075394525
1780435510.494127512,-0.01434775508497843,-1.5788265056768775,1.5768766273625727,-3.1346678900594855,-1.519210193340312,-0.01275423553079591,-0.0016070667481632868,-1.519056241112712,1.6269108356923683,-3.086547438925999,-1.4264481918615415,-0.661245307538723
1780435510.544272900,-0.015176751694925272,-1.5786081624102586,1.5772823206053146,-3.1369062560899974,-1.5162355910074474,-0.013851053600946628,-0.0023435124786571637,-1.520106554563439,1.626601874518875,-3.081862541436894,-1.4142281106889587,-0.6738116782687364
1780435510.594233274,-0.015954428347424,-1.5783239163554708,1.5776669389389857,-3.13930803930111,-1.5134455883757125,-0.014959553633405065,-0.0024564608828091298,-1.5200397000630357,1.6265454174736644,-3.088480465513101,-1.4240704098628696,-0.6738116782680358
1780435510.644265413,-0.016671635914679683,-1.578002291433795,1.5780232421029123,-3.1417456400594035,-1.5108728971465943,-0.015975313493504117,-0.0022392728189618042,-1.521703982984353,1.6254102987813879,-3.0764248534018677,-1.4373816284957166,-0.6738116782679411
1780435510.694264650,-0.016671635914679683,-1.578002291433795,1.5780232421029123,-3.1417456400594035,-1.5108728971465943,-0.015975313493504117,-0.002639084621342505,-1.5222339438966994,1.625255448505305,-3.0779322239192557,-1.440777174805365,-0.6738116782685175
1780435510.744400501,-0.017352753962684098,-1.5776461988614328,1.5783620326537662,-3.1442478897756065,-1.5084299781075563,-0.016930898795724403,-0.0037713770467206267,-1.5224806603589878,1.625784447034148,-3.0844264740580702,-1.4316544018552642,-0.6738116782677513
1780435510.794308186,-0.017995509114289376,-1.577265806474581,1.578681353400747,-3.1467714918655925,-1.5061249224615452,-0.017803135753061916,-0.005063288751003497,-1.5247479572194313,1.625729347628047,-3.0733446390083263,-1.4126539654258519,-0.6738116782678676
1780435510.844346762,-0.0185986608565738,-1.576852758602648,1.578981531613862,-3.1493479379671867,-1.5039621211413747,-0.01865177940046081,-0.004933985201391209,-1.5249356601048438,1.6251894007902585,-3.0751975187519247,-1.4125027539321822,-0.6738116782687325
1780435510.894236803,-0.019142478923987127,-1.576401183830229,1.5792545522322132,-3.151969654900362,-1.502012261990795,-0.01944738014778924,-0.00502730880507899,-1.524838473310827,1.6251417373676305,-3.081506293249331,-1.421244535317393,-0.6738116782680107
1780435510.944240570,-0.019142478923987127,-1.576401183830229,1.5792545522322132,-3.151969654900362,-1.502012261990795,-0.01944738014778924,-0.004809373861415573,-1.5265408070090096,1.6242348777005455,-3.0704431788816313,-1.4336981359408214,-0.6738116782678922
1780435510.994207621,-0.019640462680735382,-1.5759157633207002,1.5795059377110239,-3.154640118717278,-1.5002268867177317,-0.02017655809488339,-0.005125139520837268,-1.526997754052128,1.624080870981392,-3.0734326844808635,-1.4366710522824362,-0.6738116782684741
1780435511.044160366,-0.020112175535746957,-1.5753938857637557,1.5797441456993686,-3.1574000070811343,-1.4985358210769757,-0.020890933248907118,-0.009067384965198702,-1.5263062933166962,1.6258907065504957,-3.0835550700341106,-1.4253720690792857,-0.6738116782671743
1780435511.094230652,-0.021534671143355943,-1.5759641899649237,1.5803024601113804,-3.157369166526759,-1.4934369288281726,-0.015042591592700383,-0.0132180292973305,-1.5251657035533501,1.6255981122125127,-3.072825014697507,-1.4224169199009826,-0.6738116782673389
1780435511.144301414,-0.02279378204667104,-1.576780223508254,1.5807684645617954,-3.156111907420597,-1.488924460615034,-0.011879250446557243,-0.010990064859472069,-1.5190292452153935,1.6284703720501268,-3.0784094410333838,-1.4158782796435028,-0.6738116782686926
1780435511.194187403,-0.02279378204667104,-1.576780223508254,1.5807684645617954,-3.156111907420597,-1.488924460615034,-0.011879250446557243,-0.009449165679699355,-1.5140844335967723,1.6308224003648173,-3.0805939112562153,-1.4284857725202353,-0.6738116782678685
1780435511.244163752,-0.02328452518566504,-1.5773836878241685,1.5809269157155665,-3.1545048308589547,-1.4871658878029335,-0.01205907304947651,-0.010937654621390715,-1.5127203179990758,1.6312456963758901,-3.0667817026581976,-1.4322407838384534,-0.6738116782678635
1780435511.294263840,-0.023600442629676976,-1.5779278008994124,1.5810154030691175,-3.152859662346549,-1.486033850254314,-0.012005685356378137,-0.013720623920376434,-1.5114317083350004,1.6332728373655385,-3.075144046776325,-1.4114418473192145,-0.6612453075268838
1780435511.344368458,-0.023827144479861673,-1.5784419792156967,1.581067525648147,-3.1511924241418243,-1.4852215248090523,-0.011849897617780769,-0.015454427319396221,-1.5102715573118752,1.6336211335144757,-3.074542946048403,-1.4075885824544507,-0.6738116782677369
1780435511.394123793,-0.02395392553625353,-1.578925542097263,1.5810790613482668,-3.149490234745802,-1.4847672469282278,-0.01159920369182732,-0.01647282448638002,-1.5109767058774084,1.6327544841296129,-3.061548574474526,-1.4027389922663855,-0.6738116782679313
1780435511.444282532,-0.02395392553625353,-1.578925542097263,1.5810790613482668,-3.149490234745802,-1.4847672469282278,-0.01159920369182732,-0.016789489252750568,-1.5102199717617788,1.6323325086131766,-3.065764443713835,-1.4050194175123298,-0.67381167826852
1780435511.494153500,-0.023977026704713467,-1.5793719573654794,1.5810490869063658,-3.1477733275279722,-1.4846844721689516,-0.011288365840393944,-0.016802024565362235,-1.5096427656886373,1.632520854756867,-3.0744130939844596,-1.4208198252886994,-0.673811678267712
1780435511.544468880,-0.023903858577262405,-1.5798991791481418,1.580969535696577,-3.145588480621012,-1.4849466445876836,-0.01062577388408581,-0.018667580182367426,-1.5102779212806334,1.631772854983574,-3.0613668046526894,-1.4272940197445547,-0.6738116782675775
1780435511.594374180,-0.023814381742943702,-1.5807176626923614,1.5808510302724192,-3.142221637610423,-1.4852672561654892,-0.009195532359566272,-0.020823824352133195,-1.5103530311269022,1.6324610716043249,-3.0611874701252297,-1.420910830456876,-0.6738116782682292
1780435511.644302607,-0.023643840459369514,-1.5815489231717654,1.5806904198259746,-3.138665545418298,-1.4858783442794303,-0.007686598750163753,-0.022727695495632583,-1.510005580742149,1.6332191698603902,-3.0675407368739895,-1.4071719858753635,-0.673811678267549
1780435511.694288492,-0.023643840459369514,-1.5815489231717654,1.5806904198259746,-3.138665545418298,-1.4858783442794303,-0.007686598750163753,-0.02347207191807602,-1.5111984371624771,1.6319647446150651,-3.0542510041418796,-1.4025694773001942,-0.6738116782677313
1780435511.744264841,-0.02328729492667936,-1.5821472660960456,1.580470253136752,-3.135735192411321,-1.487155962732663,-0.00671632548466139,-0.019948683079808537,-1.5116273591374725,1.6355926238247471,-3.068350175126449,-1.4162581062638553,-0.6612453075267275
1780435511.794089794,-0.022440600699765056,-1.5816932333817757,1.580158299910788,-3.136232905355136,-1.4901901422345976,-0.008166214567724595,-0.01806958381952722,-1.5130270651947866,1.6344592260501078,-3.070603925692297,-1.4186446258961636,-0.6738116782678629
1780435511.844120026,-0.021459124168395682,-1.5810313514568053,1.579808654904615,-3.137337920853679,-1.4937077003073753,-0.00930846498328286,-0.01778969466652987,-1.515819966540925,1.632710073089718,-3.0589186749905477,-1.4218217349887476,-0.6738116782676461
1780435511.894181490,-0.020446263473871795,-1.5803063918002067,1.5794480677480365,-3.138630598617825,-1.4973382034076863,-0.010412135101616649,-0.01864481758323471,-1.5180809893436624,1.6334359027828267,-3.061709178901493,-1.4105118836289228,-0.6738116782684392
1780435511.944229126,-0.020446263473871795,-1.5803063918002067,1.5794480677480365,-3.138630598617825,-1.4973382034076863,-0.010412135101616649,-0.018967950907330673,-1.5186733684474678,1.6329943501750892,-3.06982804825867,-1.3982645034542311,-0.6738116782677854
1780435511.994127750,-0.019409675868115706,-1.579508374813904,1.5790801766958507,-3.1401605030982647,-1.501054288525351,-0.011451217896166987,-0.018393762978846158,-1.5212277389214757,1.631384566818915,-3.057341849399012,-1.4009805153247794,-0.6738116782678785
1780435512.044165373,-0.018346977290384814,-1.57861529129233,1.578705255908241,-3.142008569003839,-1.5048645900980873,-0.012459649085161395,-0.017623557137749157,-1.5220027846356183,1.630630078672717,-3.061081448920898,-1.4065734491104045,-0.673811678268565
1780435512.094280005,-0.017263792272194323,-1.5776401302707566,1.5783231869788905,-3.144129271155539,-1.5087490338797123,-0.01342456683452209,-0.017371298872001856,-1.5226063494285773,1.6304433724669751,-3.0659895612788897,-1.4051483670993385,-0.6612453075258873
1780435512.144327879,-0.017263792272194323,-1.5776401302707566,1.5783231869788905,-3.144129271155539,-1.5087490338797123,-0.01342456683452209,-0.017331966670211432,-1.5255111333907116,1.6302063764425405,-3.057196658877082,-1.399998531256194,-0.6612453075268043
1780435512.194264174,-0.016163753608255504,-1.5765789524003333,1.577934669161918,-3.1465408986809114,-1.5126946827856376,-0.014373345755708478,-0.01869599822065912,-1.5237458552244272,1.6315607631726887,-3.0717380075033023,-1.4001659657545065,-0.6612453075267786
1780435512.244251251,-0.015191172101510553,-1.5761578197691213,1.5775385240422588,-3.146623565275983,-1.5161838522429374,-0.014062903216977674,-0.01646114047997736,-1.5184416774957112,1.630341462719786,-3.0700250360624985,-1.4072370905633633,-0.6612453075264743
1780435512.294224501,-0.014002997621815005,-1.576403577303319,1.5769783670366864,-3.1437140473611866,-1.5204474031640043,-0.016607523257049728,-0.01628526237258058,-1.5152738280133846,1.6320835960424682,-3.0581795606425994,-1.4276959621806207,-0.6612453075267138
1780435512.344312906,-0.013439013465870175,-1.5773359374008447,1.5766246386796852,-3.1390924784348933,-1.5224715376558784,-0.013699865743391548,-0.021716605186767556,-1.5120251358068373,1.636261347062159,-3.0650212370614995,-1.4308100987699295,-0.6612453075266892
1780435512.394155264,-0.013439013465870175,-1.5773359374008447,1.5766246386796852,-3.1390924784348933,-1.5224715376558784,-0.013699865743391548,-0.021584611832957668,-1.5104050801455768,1.6355892366598517,-3.060552249688028,-1.4188012530041703,-0.6612453075257562
1780435512.444272280,-0.01300078115134351,-1.5776247415920395,1.5763903947362692,-3.137215398309172,-1.5240445248390504,-0.011191772497618935,-0.021495624097865294,-1.5122202660296509,1.6362065496234421,-3.048573912066705,-1.4013208862824165,-0.6612453075265798
1780435512.494407892,-0.012479799292872684,-1.5776762209825854,1.5761421126581558,-3.1361385146122327,-1.5259147369949506,-0.009352816291697152,-0.02138310530840867,-1.5106034675555584,1.6357579218064457,-3.05832039330281,-1.3952311666364765,-0.6612453075267959
1780435512.544295549,-0.011994340650638868,-1.5779420977104195,1.5758840147341513,-3.134261281420742,-1.527657633393618,-0.0070209958727938115,-0.020663697321277624,-1.510436707706936,1.634599969616271,-3.0526896959702534,-1.4002337123503044,-0.6612453075259598
1780435512.594157934,-0.011498224556806491,-1.5781789654796023,1.5756217317313501,-3.1324747829825212,-1.52943900162074,-0.004848348145589654,-0.019263098552478045,-1.5115021773021287,1.6339310870447135,-3.042809369367462,-1.4199795188275048,-0.6612453075266171
1780435512.644252300,-0.011498224556806491,-1.5781789654796023,1.5756217317313501,-3.1324747829825212,-1.52943900162074,-0.004848348145589654,-0.01905129754121948,-1.5108429366053269,1.6342210266801334,-3.053993405622291,-1.4250441045170652,-0.6612453075264194
1780435512.694295883,-0.010961397048054877,-1.578407256372543,1.57533859637878,-3.1306461715461618,-1.5313667937456898,-0.002748107374206832,-0.019382527393800572,-1.511754251945721,1.6339585416967783,-3.0526286350825944,-1.4156981432607905,-0.6612453075256296
1780435512.744315147,-0.010394341352533587,-1.5786263337135598,1.5750393906824252,-3.1287949344913684,-1.5334034207107603,-0.0007417607480988408,-0.01985373200285126,-1.5139287415284457,1.633484169291688,-3.041590414612533,-1.3966090638383977,-0.6612453075266174
1780435512.794193268,-0.0093955548172735,-1.578362294467599,1.5745916998447658,-3.128132645096126,-1.5369913744061208,0.00010794597068290582,-0.018477121383726865,-1.5140336079390453,1.6344615151513875,-3.0527166034707385,-1.3902509407665369,-0.6612453075268184
1780435512.844134808,-0.0078056276016935655,-1.5775464220283704,1.5739226721940733,-3.1286427393616525,-1.5427049035142204,0.0004107731673188914,-0.016869110415101325,-1.5138683847099355,1.6319300875597471,-3.0502869027042747,-1.4019883509394802,-0.661245307526012
1780435512.894119024,-0.0078056276016935655,-1.5775464220283704,1.5739226721940733,-3.1286427393616525,-1.5427049035142204,0.0004107731673188914,-0.01662240276245788,-1.5159159822241781,1.6311200865843254,-3.0413802337739004,-1.4080015321324257,-0.6612453075265062
1780435512.944093227,-0.006080279720507065,-1.5766413153528056,1.5731883382139717,-3.1292387341871164,-1.5489080500139512,0.0008767825824325601,-0.017314637111619877,-1.5161613902857942,1.6318189150517903,-3.0532063569597865,-1.4007830744478553,-0.6612453075265848
1780435512.994160891,-0.004229832784536924,-1.5756809493555632,1.5723868616015104,-3.129793576977503,-1.5555646466128001,0.0014562461025059777,-0.01753672303724367,-1.5173562704286798,1.6304174658712145,-3.048131272586738,-1.396084198353798,-0.6612453075258857
1780435513.044252872,-0.0022577216612571505,-1.5746993826090234,1.571513219733653,-3.130168080775246,-1.562663396586311,0.0021220715224017543,-0.016552915354612126,-1.5176936524869529,1.6290240916353846,-3.0454864976988745,-1.4088821044150712,-0.648678936798346
1780435513.094063282,-0.0022577216612571505,-1.5746993826090234,1.571513219733653,-3.130168080775246,-1.562663396586311,0.0021220715224017543,-0.016452491613631926,-1.517701015363314,1.6278835731933816,-3.051932591240164,-1.4027791367630191,-0.6612453075267554
1780435513.144125462,-0.00019635466663903145,-1.5737194207855865,1.5705788017390485,-3.130321613040621,-1.570088733162585,0.0029248539519321215,-0.015616883867232671,-1.518640060145625,1.626300811868122,-3.045895819914196,-1.4061964056699294,-0.6612453075257769
1780435513.194307327,0.0019194023272195437,-1.5727619217704225,1.5695973876415383,-3.130228854958523,-1.5777160182017322,0.003933817692884512,-0.015702320920145077,-1.522566198742929,1.630254114895741,-3.0417923768778667,-1.3830028234798228,-0.6486789367985426
1780435513.244307995,0.005206082976327853,-1.5703673099355964,1.5681438531765284,-3.133596386162063,-1.5895775404751546,0.00029494473278264804,-0.010411155886556408,-1.517435453805799,1.6285650158085438,-3.052173343300117,-1.3865829179858589,-0.6486789367983891
1780435513.294248104,0.008765192123253662,-1.5682784869054176,1.5664614511475223,-3.135063074601813,-1.6024417688634873,-0.005485380758031511,-0.007540139040484269,-1.5168392036881189,1.6296042515861635,-3.046231935337144,-1.4081428949426134,-0.6486789367979486
1780435513.344228506,0.008765192123253662,-1.5682784869054176,1.5664614511475223,-3.135063074601813,-1.6024417688634873,-0.005485380758031511,-0.0065144595428914655,-1.5170527212772766,1.6295863490808522,-3.041727485680384,-1.4171518907046359,-0.6486789367984396
1780435513.394262314,0.012410136604177557,-1.5660255699796473,1.5646970491305447,-3.136841462884765,-1.6156393065366492,-0.012029625128538335,-0.006772769062966554,-1.5211118767463434,1.6326736621455986,-3.052992822748591,-1.4171653541070024,-0.6486789367984327
1780435513.444156885,0.015841066502392476,-1.5621241817032407,1.5631377504350104,-3.1453657025909503,-1.6280851857929433,-0.01771906734952111,-0.0030304164198979,-1.5230934515911807,1.627905013395226,-3.0601825594613565,-1.4170951858380527,-0.6486789367977545
1780435513.494144678,0.019065209484647072,-1.5576599915046234,1.5616286533450852,-3.1562365014478835,-1.639803141172183,-0.02341261297070396,-0.0007344309467121615,-1.5277831947081797,1.627265022219693,-3.052018402858741,-1.4283647048683386,-0.6486789367985126
1780435513.544110298,0.02214509164814804,-1.5531888344247387,1.5600816884905302,-3.16713632782268,-1.651018327336435,-0.02950026670392525,0.001980659805400716,-1.5269034092275842,1.6248198997936394,-3.070476743842762,-1.4404031268171609,-0.6486789367985561
1780435513.594345570,0.02214509164814804,-1.5531888344247387,1.5600816884905302,-3.16713632782268,-1.651018327336435,-0.02950026670392525,0.004293634213179638,-1.5278577532140778,1.6232153535595242,-3.075106675407221,-1.4454578736893229,-0.648678936797816
1780435513.644274235,0.02508410550886131,-1.548608788981765,1.5584975378128578,-3.1784552248923332,-1.6617414416976768,-0.036200564522193446,0.004094097638736102,-1.5297261166668745,1.6235266902359953,-3.0761246872782144,-1.4239152924945127,-0.6612453075402316
1780435513.694281101,0.02781997514724477,-1.5446491557422668,1.556923014558705,-3.187612592075032,-1.6717427802711438,-0.041479772962604855,0.0008313201678714524,-1.5238096788040414,1.6223672658420707,-3.095005378903026,-1.4287270769869373,-0.6612453075391967
1780435513.744296074,0.030139072570765757,-1.5429214121676953,1.5555738137100104,-3.189196673545077,-1.680235951383911,-0.042030987111415286,-0.0015270611722991358,-1.5183042020128612,1.6216809810570743,-3.082463362271384,-1.4425471949838442,-0.6612453075392599
1780435513.794245243,0.030139072570765757,-1.5429214121676953,1.5555738137100104,-3.189196673545077,-1.680235951383911,-0.042030987111415286,-0.0022104213312233835,-1.5119337596182518,1.6225100232653025,-3.0844319160039344,-1.4497850715162697,-0.6612453075396246
1780435513.844232082,0.032269796553576535,-1.5418201658066035,1.5543273747083688,-3.1887858473665482,-1.6880522531454405,-0.042432549166191436,-0.0032409096133210265,-1.5082735354269383,1.624809535347301,-3.08914926719198,-1.4458853403816752,-0.6612453075387668
1780435513.894212246,0.03433940796584345,-1.5407866655586338,1.5531009726386689,-3.188195618385319,-1.6956567600629402,-0.04264840430020822,-0.0038629512153227725,-1.505913897598937,1.6245985051661005,-3.0792228081070765,-1.4347079304109844,-0.661245307539103
1780435513.944255829,0.03633009387102892,-1.5400594060182176,1.5519137229911086,-3.1865847831809186,-1.7029832008012287,-0.042622079836103666,-0.00319177160899737,-1.5019789607627336,1.6240094608626008,-3.0833563570908895,-1.4388902286079008,-0.6612453075396143
1780435513.994403124,0.038282311252998635,-1.5396389050914099,1.5507424002768952,-3.1838639854929913,-1.7101798185557886,-0.042320733256975274,-0.0018635823501736957,-1.4979670986030849,1.6233734046561987,-3.0904132077140103,-1.4571338764022603,-0.6612453075390099
1780435514.044244766,0.038282311252998635,-1.5396389050914099,1.5507424002768952,-3.1838639854929913,-1.7101798185557886,-0.042320733256975274,-0.0013653324915322918,-1.49657221137534,1.622741616754279,-3.078135627294544,-1.4663671214631955,-0.6612453075387962
1780435514.094244480,0.040214028918435174,-1.5395299680781278,1.5495741867417214,-3.1799689867166863,-1.717312699538411,-0.04171519820035474,-0.0018548525306971704,-1.4945537695826019,1.6232632359557688,-3.0781536498009,-1.4645491581125845,-0.6612453075392882
1780435514.144247055,0.04213115524886191,-1.5397570071087605,1.5484010088699758,-3.174781831862751,-1.7244037087105406,-0.04077112458671728,-0.001518628641574009,-1.491674361885865,1.6223528140359387,-3.08330692868773,-1.4673968712697028,-0.6738116782674283
1780435514.194238901,0.04374479466323056,-1.5385118260322024,1.5473800861824172,-3.175759508064774,-1.730381732415748,-0.03915408571795531,0.0015501532828318069,-1.4996197948530172,1.6268313577129345,-3.074368387399742,-1.488954156617971,-0.6738116782675367
1780435514.244198084,0.04374479466323056,-1.5385118260322024,1.5473800861824172,-3.175759508064774,-1.730381732415748,-0.03915408571795531,0.005659513947525708,-1.4989442577222327,1.6231833435853746,-3.091598185307343,-1.4983236985691804,-0.673811678267598
1780435514.294449806,0.04520243454995865,-1.5368059904676636,1.5464341871574376,-3.1787821327325534,-1.735789523134832,-0.037836301600212785,0.00786959483627801,-1.5013597137492782,1.6220648141212866,-3.09573787395237,-1.4985758412694763,-0.673811678267186
1780435514.344144821,0.04660601566635103,-1.5350671071534565,1.5455041442419095,-3.182009626618273,-1.7410038222342301,-0.03685379737736838,0.007980446761781588,-1.5031154395300002,1.6211808349131687,-3.09454661763405,-1.48559075033851,-0.6738116782677361
1780435514.394315004,0.047852256841046215,-1.5337641367255292,1.5446734198190506,-3.1839461381111236,-1.7456395356982286,-0.035032794286676605,0.010400602449361177,-1.5005969934473837,1.6182173910955575,-3.1072577560835963,-1.5009965822067786,-0.6612453075263122
1780435514.444293499,0.047852256841046215,-1.5337641367255292,1.5446734198190506,-3.1839461381111236,-1.7456395356982286,-0.035032794286676605,0.012509976353436073,-1.5013398208425963,1.617402975288921,-3.0957584467805166,-1.5106086377179422,-0.6612453075263082
1780435514.494250536,0.048860819544089384,-1.5330772755390267,1.544008886910999,-3.184131755536932,-1.7493953039312968,-0.032851545635376844,0.011634372801057648,-1.4949711886962778,1.6184594102383687,-3.0997443288252824,-1.5071082944618557,-0.6612453075265122
1780435514.544246197,0.04928670333190133,-1.5341211919178228,1.5437752765379846,-3.179249574556937,-1.7509823775861735,-0.028681555692828375,0.011698112997948354,-1.490098200064339,1.6188602483790602,-3.1008088329048347,-1.5083746514109604,-0.6612453075261187
1780435514.594222307,0.049510566764363606,-1.5352635116399735,1.5436618827322437,-3.17444994358063,-1.7518168859266074,-0.024734590095976117,0.013393152251188365,-1.4886943145714193,1.6187006943787823,-3.090869832474963,-1.5208291846701383,-0.6612453075263186
1780435514.644271135,0.049565649433031655,-1.536411961771881,1.5436461262860708,-3.1700033340275815,-1.7520222495240443,-0.0209300411996578,0.015709675220217198,-1.4862791636648947,1.61764727049021,-3.09640393798269,-1.5403105113944018,-0.6612453075263641
1780435514.694325924,0.049565649433031655,-1.536411961771881,1.5436461262860708,-3.1700033340275815,-1.7520222495240443,-0.0209300411996578,0.016036735823665563,-1.4862291694980296,1.617991848005259,-3.097711944363692,-1.5376792709372975,-0.6486789367974106
1780435514.744296789,0.04949651174150671,-1.5376297548627562,1.5437010355075176,-3.1655686253936923,-1.7517644866947144,-0.017185097728726006,0.016807086745938272,-1.4869332037097083,1.617050632720472,-3.091089394061569,-1.5302840384943206,-0.6486789367976643
1780435514.794295311,0.04917233500375784,-1.5393316448122665,1.5439087944829342,-3.159879468761597,-1.7505561127546727,-0.01238378580265298,0.015913591131199358,-1.4822745948592706,1.6153217924493048,-3.10392657500008,-1.535573958923005,-0.6486789367973832
1780435514.844254494,0.04807082086311443,-1.5428528472406375,1.5445619591072288,-3.1490183581272535,-1.7464531240356411,-0.003554855868651785,0.014746786974635702,-1.4787719141159776,1.614552374945362,-3.0951444485132082,-1.5514971593105376,-0.6486789367972409
1780435514.894238234,0.04807082086311443,-1.5428528472406375,1.5445619591072288,-3.1490183581272535,-1.7464531240356411,-0.003554855868651785,0.021468933936725616,-1.4789888344394209,1.6187115093338997,-3.0894668739945677,-1.5520407579458781,-0.6486789367978539
1780435514.944251776,0.047320915439262645,-1.5440848378399021,1.5450139101607618,-3.146061384324653,-1.7436623855385287,-0.0011175224493733538,0.027374705311839078,-1.4766441695546284,1.6174889868658646,-3.098999886969192,-1.5597045344677227,-0.6486789367978717
1780435514.994241714,0.04698168849985129,-1.5441060714413695,1.545237801719504,-3.1467992564143583,-1.7424006408773103,-0.000918951878842833,0.028063035955739914,-1.4788961447078055,1.6177928442608793,-3.0939695296186915,-1.5586821410373817,-0.6486789367978361
1780435515.044126272,0.04659271903985274,-1.5441240891864592,1.5454940188379718,-3.14766722521547,-1.740954392318148,-0.0007890714336271643,0.02835578857608043,-1.4806550222765793,1.6172001622059644,-3.089663010492899,-1.5458227637938595,-0.6486789367980194
1780435515.094283104,0.04606057410253461,-1.544189378154817,1.5458417435395213,-3.1486927464457275,-1.7389766755327045,-0.0008298247190188235,0.030614515194191946,-1.4790699828174043,1.6146748941910878,-3.09949599596202,-1.550115629765728,-0.6486789367980924
1780435515.144214153,0.04606057410253461,-1.544189378154817,1.5458417435395213,-3.1486927464457275,-1.7389766755327045,-0.0008298247190188235,0.03328280749387609,-1.4799086811617075,1.6129239754276694,-3.0928156569217538,-1.5717500252995649,-0.6486789367980497
1780435515.194287539,0.04539466104836998,-1.5442951729825847,1.5462740801219066,-3.1498759303254533,-1.736503230855936,-0.0010228863198706861,0.03443031364369685,-1.4822907522053663,1.6127790739890597,-3.082945061215316,-1.580775241827014,-0.6486789367979632
1780435515.244301081,0.04459744784512365,-1.5444352655783877,1.5467884761284942,-3.151230693522565,-1.7335441464585095,-0.001357036344411533,0.03524718948206557,-1.4820120051951786,1.6123090656672283,-3.091481462708868,-1.5795116190278353,-0.6486789367980013
1780435515.294127703,0.04365666793432843,-1.5446174389535523,1.5473912194188801,-3.1527509515760017,-1.7300550214970407,-0.0018583073280220574,0.03607807740597126,-1.4831965584944165,1.6115265546324555,-3.0879034071505878,-1.5777394515473104,-0.6486789367981268
1780435515.344221592,0.04365666793432843,-1.5446174389535523,1.5473912194188801,-3.1527509515760017,-1.7300550214970407,-0.0018583073280220574,0.03818015694023672,-1.4836445344606704,1.6098201687960745,-3.0819492120163723,-1.5956158221221812,-0.661245307539238
1780435515.394247770,0.042565936250385183,-1.5448548517382719,1.5480842786341873,-3.15439473605078,-1.7260135657225044,-0.002571897165434933,0.039728532183617486,-1.4833192955864147,1.6089148718554735,-3.0883361174667585,-1.6003514160448162,-0.661245307539345
1780435515.444267988,0.04131979575981082,-1.5451561332761017,1.5488688799854096,-3.1561343095211654,-1.7214011930423814,-0.0035349501347585743,0.04005144234387466,-1.486462491495459,1.6091239719462376,-3.076533469049751,-1.5915545030546094,-0.661245307539307
1780435515.494340420,0.03991878425938067,-1.5454947507413639,1.5497430637567877,-3.158061941595999,-1.716221729641573,-0.004691762811553701,0.040630536718553135,-1.487568793763403,1.6087228454403006,-3.0773845387202243,-1.5788001323105776,-0.6612453075393445
1780435515.544379234,0.03836237393509068,-1.5458459582826896,1.5507049949831693,-3.1602638290368836,-1.71047521417284,-0.006037259420011765,0.042706014768463765,-1.4868673979719942,1.606925356834502,-3.083662432542337,-1.5821617959720164,-0.6612453075395146
1780435515.594187737,0.03836237393509068,-1.5458459582826896,1.5507049949831693,-3.1602638290368836,-1.71047521417284,-0.006037259420011765,0.04488911866104564,-1.4890968910766569,1.605623506598472,-3.0718839367945043,-1.5994832894942272,-0.6612453075395087
1780435515.644130707,0.03665575751455963,-1.5461848204443713,1.5517487650447863,-3.1628122110285726,-1.704182901853585,-0.00757552145155671,0.046137924634729974,-1.4905051198201535,1.6052954768398529,-3.0733648765410364,-1.6054313037206287,-0.6612453075392837
1780435515.694340944,0.034790647042771905,-1.5464954388486687,1.5528759613597307,-3.1657732371259715,-1.6973164419368452,-0.009329066783971385,0.04679680070010802,-1.4913646361289006,1.6050852971953908,-3.0808101170677467,-1.599231748267162,-0.6612453075394558
1780435515.744234085,0.033229070418064666,-1.5476298084944435,1.5537941502051849,-3.1648842417455803,-1.6915754298950416,-0.013777701964992062,0.04698267319754469,-1.4833885378794758,1.6063578542432848,-3.0722206945406865,-1.586441520353724,-0.661245307539881
1780435515.794266701,0.033229070418064666,-1.5476298084944435,1.5537941502051849,-3.1648842417455803,-1.6915754298950416,-0.013777701964992062,0.04705346532537892,-1.4776363388063318,1.6081601913395753,-3.078849699441196,-1.6109794568278182,-0.6738116782684731
1780435515.844267607,0.032016366123182705,-1.5493639635026994,1.5544778552419845,-3.1609067159956408,-1.687121905505256,-0.0193148865004229,0.04374003922082121,-1.482170523255963,1.6143477926206942,-3.0709321751029868,-1.6196090776775691,-0.6738116782683888
1780435515.894358635,0.030978191599344118,-1.5490606179912172,1.5551029075129654,-3.164321763430458,-1.6833126428519094,-0.02311047865663607,0.04299658081125116,-1.4831088430762573,1.6122561093042613,-3.0689862041692813,-1.6153453536227251,-0.673811678268212
1780435515.944409370,0.030124638779344348,-1.5483067048279446,1.555618439959262,-3.169027327016853,-1.6801830458298053,-0.027286011966387136,0.04157924086113141,-1.4843411975061542,1.6125925509523065,-3.081894733628326,-1.6085184393731042,-0.6738116782683419
1780435515.994278669,0.029301190954212908,-1.547643728592412,1.5561034789106236,-3.1732916521423964,-1.6771657265406503,-0.030705212244622082,0.03928792590897708,-1.485118025716611,1.6115274633344465,-3.081187451619527,-1.6017552347478834,-0.6738116782682334
1780435516.044361591,0.029301190954212908,-1.547643728592412,1.5561034789106236,-3.1732916521423964,-1.6771657265406503,-0.030705212244622082,0.034286568239993584,-1.479588653229639,1.6100748573195083,-3.078453409355213,-1.6057976334212594,-0.6738116782679165
1780435516.094309807,0.027837276789303145,-1.5491603781761887,1.556932730239754,-3.1706446249267697,-1.6718060904363359,-0.029673914280528457,0.03156106360596267,-1.474318410975938,1.610860960945266,-3.086797260394457,-1.6095221648631481,-0.673811678267832
1780435516.144255161,0.02619514834799097,-1.5512623610008562,1.5578366672850306,-3.166101924694616,-1.6658006936137637,-0.028198292468005093,0.028836840336739965,-1.4727639040852045,1.612987661202387,-3.079976839004978,-1.6147547037799115,-0.6738116782678272
1780435516.194120884,0.024533509999616232,-1.5532555565889634,1.5587295770885847,-3.1619522632713255,-1.6597309617229232,-0.026094212054365684,0.026637931034051886,-1.4732189675767868,1.6136953866950037,-3.074801641346825,-1.6121299549322943,-0.6738116782676651
1780435516.244097233,0.022990262084477964,-1.5550420615464944,1.559540304639737,-3.1582926879325526,-1.6540998226473667,-0.023547302223367872,0.0243628034278734,-1.473069507621572,1.6147134366762117,-3.0839319566313463,-1.6128748794196641,-0.673811678267676
1780435516.294109106,0.022990262084477964,-1.5550420615464944,1.559540304639737,-3.1582926879325526,-1.6540998226473667,-0.023547302223367872,0.02261496085009227,-1.4739681330400352,1.6134160070903256,-3.0770768684103356,-1.6073529081815385,-0.6738116782679032
1780435516.344122171,0.021529368475458277,-1.5567992546728693,1.5602862928797736,-3.154525931508178,-1.648774462618138,-0.020462479460936045,0.02186469928957216,-1.4754192500274925,1.6125153602807931,-3.0681619419045556,-1.611393431889732,-0.6738116782676498
1780435516.394290209,0.020111268025152507,-1.5585472468301722,1.560989789744878,-3.1506586844099016,-1.6436098637337322,-0.01684835159572451,0.0209917889345757,-1.4752287311258119,1.6130483783315455,-3.079153382367853,-1.6091628721466413,-0.6612453075263146
1780435516.444254160,0.01878576652399966,-1.5600488977816864,1.5616398621845518,-3.1475177747339544,-1.638786630836253,-0.013405616561958489,0.020273968716968387,-1.4786937984646267,1.6141632486127186,-3.0667897874247503,-1.5899542320733295,-0.661245307526536
1780435516.494275331,0.01878576652399966,-1.5600488977816864,1.5616398621845518,-3.1475177747339544,-1.638786630836253,-0.013405616561958489,0.024129212462116616,-1.479306650650031,1.6145256458488326,-3.0692262195171782,-1.5881754982848586,-0.6612453075265184
1780435516.544362307,0.017723291714137446,-1.560623271209237,1.562197386919064,-3.1474376626057823,-1.634923304992138,-0.01272265585201282,0.025131350795070385,-1.4798286513316432,1.6146703271850615,-3.075576196283827,-1.599605258290938,-0.6612453075267645
1780435516.594282389,0.016791050578509825,-1.5611441630297174,1.5626817146629561,-3.147288929682946,-1.631535538472086,-0.011942453773565731,0.02527481437759408,-1.4817149638616742,1.6134369472599854,-3.0649168079546167,-1.6084835550658214,-0.6612453075267564
1780435516.644263268,0.01585829295261565,-1.5617211933784851,1.5631587517645094,-3.146910041581475,-1.6281477356794625,-0.01123879335986988,0.025152152781856656,-1.482448119846178,1.6133589801266568,-3.066123655871637,-1.610089473297758,-0.6612453075264527
1780435516.694150209,0.014896867672021807,-1.5623570938183633,1.563643579490454,-3.1463461073051895,-1.6246576989023467,-0.010575515109195521,0.024436577760754197,-1.482704533699028,1.6138573690207114,-3.0722552167250505,-1.5982070503759538,-0.6612453075265843
1780435516.744134426,0.014896867672021807,-1.5623570938183633,1.563643579490454,-3.1463461073051895,-1.6246576989023467,-0.010575515109195521,0.023094873427371286,-1.4856125773360906,1.6144431832455814,-3.0595283109026057,-1.578106040320239,-0.6612453075266355
1780435516.794210672,0.013903902445240979,-1.5630349241085533,1.5641385167418635,-3.1456677256893584,-1.6210551392864119,-0.009914418923297141,0.023138415800855697,-1.4855610369763452,1.6139081978814593,-3.061111082001289,-1.572016594860667,-0.6612453075266755
1780435516.844142437,0.012884308066092975,-1.563774204803364,1.5646387472921393,-3.144786981915098,-1.6173580030999517,-0.009252781906343266,0.023776570719323143,-1.4847119886781401,1.613301249370368,-3.0673765167123896,-1.5778858540482792,-0.66124530752674
1780435516.894303083,0.01184602649560218,-1.5645743630826168,1.5651392806816802,-3.1436887039662404,-1.6135951767781496,-0.008647713240946153,0.024150798135353792,-1.4869857144257894,1.6133211893019515,-3.054486601100438,-1.5954414427077435,-0.6612453075266911
1780435516.944142818,0.010794784966117632,-1.565446699064875,1.5656352917925271,-3.1423154254712204,-1.609787460596916,-0.008067239742350019,0.023857254034891185,-1.4876153865188222,1.613489116007921,-3.0549067336408244,-1.60243248402801,-0.6612453075264685
1780435516.994517088,0.010794784966117632,-1.565446699064875,1.5656352917925271,-3.1423154254712204,-1.609787460596916,-0.008067239742350019,0.02238792862048344,-1.488718108772014,1.61457495996078,-3.0560992658801256,-1.590205428892099,-0.6486789367980919
1780435517.044220924,0.009726364575231461,-1.566385695469604,1.5661286549817692,-3.1406950905882622,-1.6059196099440811,-0.007537407930663598,0.021961467864223254,-1.4901175841875274,1.614048378073454,-3.0480980619988127,-1.5908365640524733,-0.6486789367980661
1780435517.094268799,0.008619973846869078,-1.5674081443441672,1.5666279348928713,-3.1387991584332555,-1.6019164628832012,-0.006994085065359812,0.022209248248916222,-1.489108405293309,1.613726827165765,-3.0579047935837465,-1.5946252596902954,-0.6486789367980305
1780435517.144242764,0.007478355555795346,-1.5685047306983018,1.5671311296785972,-3.1366556141625646,-1.597788098512332,-0.006450047672879933,0.022250305072357313,-1.4904109194180135,1.6134067982500362,-3.0507793071763367,-1.595319046190925,-0.6486789367980687
1780435517.194249868,0.007478355555795346,-1.5685047306983018,1.5671311296785972,-3.1366556141625646,-1.597788098512332,-0.006450047672879933,0.02108548497558605,-1.492688116293019,1.6145365287816171,-3.045113574113655,-1.5827564566259147,-0.6486789367979019
1780435517.244229078,0.0063105489174613005,-1.5696860804309765,1.5676308019957033,-3.134201137801331,-1.593567320272113,-0.0058886876829999935,0.019944782097674987,-1.492711377137181,1.6152558534391293,-3.05630922142974,-1.5618946330135723,-0.6486789367980015
1780435517.294272900,0.005114420847255996,-1.5709416257981843,1.5681275598976037,-3.131477871202092,-1.5892465080437956,-0.005293876042715695,0.020726629772209303,-1.493933560283816,1.6135803183729454,-3.043824303397447,-1.5690054045684225,-0.6612453075392939
1780435517.344122410,0.00411983325707399,-1.5718822642400463,1.5685450702943982,-3.1296058150341644,-1.5856554670512981,-0.006143897235547868,0.022637259852992007,-1.495231576001414,1.6153352448402574,-3.046860394258935,-1.5701585914584693,-0.6612453075394571
1780435517.394361973,0.00411983325707399,-1.5718822642400463,1.5685450702943982,-3.1296058150341644,-1.5856554670512981,-0.006143897235547868,0.02181022601302631,-1.499903472527956,1.6168410315935453,-3.058107318666632,-1.5597097770899255,-0.6612453075390526
1780435517.444316864,0.003382460710005031,-1.5711259464247291,1.569021229281576,-3.1340229989814254,-1.582994114919365,-0.006173160382129339,0.02147910869893092,-1.5047177649884924,1.6139873333702794,-3.0486833113516023,-1.5445784734401633,-0.6738116782679342
1780435517.494284868,0.0026409433039153996,-1.569901521864061,1.5695345002855057,-3.1402716085599978,-1.5803186356192302,-0.005686809843719054,0.021708679288651982,-1.5067542649191195,1.6134268744171025,-3.071128840890291,-1.5560296050679814,-0.673811678267908
1780435517.544242620,0.0021106948840292628,-1.568619795301439,1.569923285847649,-3.146303353370928,-1.5784059410637061,-0.004989493169636816,0.021766605151867652,-1.5101322843718856,1.6119981831506482,-3.0682301234015688,-1.5729691062200657,-0.6738116782678572
1780435517.594312906,0.0021106948840292628,-1.568619795301439,1.569923285847649,-3.146303353370928,-1.5784059410637061,-0.004989493169636816,0.02122961955161237,-1.5129598809076787,1.6110930921931899,-3.066894925666404,-1.5815797940945202,-0.673811678267726
1780435517.644253254,0.0017254117285856463,-1.5672028714366775,1.570229181289565,-3.152551040243899,-1.5770164188511897,-0.004203526582317707,0.020079748318195725,-1.5139497577010887,1.6123548588552155,-3.079252536584553,-1.5801989320437848,-0.6738116782679276
1780435517.694238424,0.0015972203189440481,-1.5659928879958098,1.570373950288722,-3.1574848328714222,-1.5765541447559661,-0.004480342388907488,0.019307025117869435,-1.5116380516312198,1.6141869135074518,-3.074899961967548,-1.567457108612605,-0.6738116782680125
1780435517.744271994,0.0017995394736096681,-1.5650170851913172,1.570329986651446,-3.16089149674815,-1.5772837435188967,-0.005843348927630387,0.017937370198933836,-1.510367747301892,1.6145749994345304,-3.068563751185283,-1.562807479883596,-0.6738116782680875
1780435517.794211864,0.00208734506948538,-1.5640050792677531,1.57023891047077,-3.1642686095574777,-1.5783217238898128,-0.007146303496895712,0.01722010027844139,-1.5081120433352124,1.6150009443920148,-3.077580967922386,-1.5650621079756872,-0.6738116782680551
1780435517.844254732,0.00208734506948538,-1.5640050792677531,1.57023891047077,-3.1642686095574777,-1.5783217238898128,-0.007146303496895712,0.01682387894762568,-1.5081225714811533,1.6147945667863342,-3.0694604659628535,-1.5729829260321364,-0.673811678267979
1780435517.894192219,0.002452096730365172,-1.5629483196831817,1.5701050082692525,-3.167663547646042,-1.5796373869318785,-0.00841894046210001,0.01652326340188041,-1.5077302513551176,1.6156355785223409,-3.066587712249102,-1.5798606861359052,-0.6738116782680804
1780435517.944334984,0.003147178485060298,-1.5618101379696308,1.5698044765402819,-3.1707589289759057,-1.5821451002491038,-0.011242952011886409,0.016391750109353637,-1.5049547442871907,1.618242497678831,-3.0795374549082624,-1.5765294912041607,-0.6738116782681508
1780435517.994317770,0.004114997143144894,-1.5605337829081272,1.5693657570503614,-3.17386865538947,-1.5856380096432465,-0.015305187509484064,0.015632201558952605,-1.504708988863233,1.6184653479907705,-3.071098625630511,-1.5767202406342373,-0.6738116782682586
1780435518.044292212,0.005144671949367741,-1.5591506585427846,1.5688889294819557,-3.177245903135345,-1.5893557566516563,-0.019684241817428116,0.015236857537666801,-1.5046343834817604,1.6182038617165042,-3.066501956072823,-1.5753584546857233,-0.6738116782683143
1780435518.094270229,0.005144671949367741,-1.5591506585427846,1.5688889294819557,-3.177245903135345,-1.5893557566516563,-0.019684241817428116,0.015668267628020892,-1.5031479531410898,1.6180917344515706,-3.077719466267566,-1.5789301054885119,-0.6738116782683079
1780435518.144125700,0.006204756480898244,-1.5576809623555272,1.5683868351015782,-3.18086589981001,-1.5931850689470117,-0.024402623245701527,0.01622140045073009,-1.5036605356667296,1.6173223551346008,-3.0716154187874882,-1.5794184821074067,-0.6738116782682798
1780435518.194122553,0.007316648799385428,-1.5561173523643728,1.5678468483600063,-3.1847125291554232,-1.5972035087343448,-0.029472222139107274,0.01593340451210838,-1.505208377644621,1.6178133063518358,-3.0667005400988474,-1.5713909163967597,-0.673811678268225
1780435518.244088888,0.008496850006424639,-1.5544672686544114,1.5672584604713569,-3.188722301488166,-1.6014711092018246,-0.03485864090805091,0.015943022357846937,-1.5044885856033439,1.6180965294524265,-3.0794313531517434,-1.5667369105783973,-0.6738116782683137
1780435518.294118404,0.009753248907054646,-1.552631503093287,1.5666137641562208,-3.1932428250341407,-1.6060169100766624,-0.04084678553550258,0.01609151319850178,-1.5058767639396216,1.6178354525001186,-3.0756520390451914,-1.5672523670818905,-0.6738116782683727
1780435518.344167948,0.009753248907054646,-1.552631503093287,1.5666137641562208,-3.1932428250341407,-1.6060169100766624,-0.04084678553550258,0.01531863030076143,-1.5065836766377476,1.616862354717712,-3.0676310666625968,-1.5660737263493796,-0.6738116782681419
1780435518.394821167,0.011009782672396495,-1.5513134175688954,1.5659630793022072,-3.1958072846216843,-1.6105660391156729,-0.04558556675526493,0.009997603607427484,-1.4986444975061763,1.6169137713475332,-3.079968109406177,-1.5733419046537953,-0.6738116782680075
1780435518.444135904,0.011901962372289354,-1.5519146157292552,1.565528041795116,-3.191926423678447,-1.6137978410132616,-0.046317620642264856,0.00764932908796431,-1.494458087574662,1.6175902643248692,-3.0667828356742572,-1.5737544838393902,-0.6738116782678868
1780435518.494307518,0.012302109313391929,-1.5537832438639914,1.565340675876561,-3.184211373928917,-1.6152478079510262,-0.0451741609948213,0.004071616236901372,-1.4886976791454485,1.6199075795132472,-3.0721442612357412,-1.564354167280516,-0.6612453075264503
1780435518.544265032,0.012302109313391929,-1.5537832438639914,1.565340675876561,-3.184211373928917,-1.6152478079510262,-0.0451741609948213,0.001853303513537119,-1.4837162678120714,1.6216499739895311,-3.062251371712754,-1.5636228559891596,-0.6612453075264628
1780435518.594614744,0.012176662605138944,-1.5566222646586905,1.5653772618387822,-3.173752530054489,-1.614793208165862,-0.04254390991337598,0.00190929086347524,-1.4764747339996687,1.6233218716593136,-3.0554037789575044,-1.5730019478856507,-0.6738116782678817
1780435518.644348621,0.012153205522012156,-1.55997566215727,1.5652759584030107,-3.1609854114032907,-1.6147082065988538,-0.04188531887513225,0.001479005745678122,-1.471589120569961,1.624803411813555,-3.0540077279605935,-1.5831208839620254,-0.673811678267915
1780435518.694102287,0.01216659111676166,-1.5636072581109026,1.5650431042567152,-3.1468553474474334,-1.6147567119269919,-0.041689448085719505,0.00017374875612611272,-1.469150163381471,1.626540998370817,-3.0554077412312024,-1.591170893607938,-0.6738116782680288
1780435518.744584084,0.012422659664728775,-1.5666793104980412,1.564623689454338,-3.1342192068999033,-1.615684692445286,-0.04125619037194905,-0.0001967781714116623,-1.4701709671755578,1.6262084600196862,-3.0468792708617274,-1.59012169703368,-0.6612453075264861
1780435518.794374228,0.012422659664728775,-1.5666793104980412,1.564623689454338,-3.1342192068999033,-1.615684692445286,-0.04125619037194905,0.001746580323612796,-1.4727127159553408,1.630340620280716,-3.060434470281666,-1.5887887578450541,-0.6612453075265193
1780435518.844295025,0.012528574965499972,-1.5686211929351588,1.5643446538039016,-3.126240341999241,-1.6160685613029173,-0.04157405759270283,0.004204793120131017,-1.4823358077296662,1.6307396647942476,-3.0521495607437137,-1.5726407205525506,-0.6612453075264568
1780435518.894397020,0.012425474290086003,-1.5690256015735145,1.5643527201304657,-3.1248210849618765,-1.6156948932142807,-0.04122175566982378,0.006144930717300024,-1.4883812223824453,1.6288139470715028,-3.0649492737392907,-1.5711886642088848,-0.6612453075265852
1780435518.944223642,0.012291358776007177,-1.568898280806378,1.564444080984932,-3.125603768204535,-1.6152088484610827,-0.040511300322175536,0.008146805006780018,-1.4935072211559364,1.6245123343592032,-3.0768286398384723,-1.5722714336315609,-0.6612453075266302
1780435518.994249582,0.012091186209220561,-1.568554557873438,1.5645982732067052,-3.127387331264759,-1.614483471909396,-0.04015371122003497,0.011070207252686863,-1.4990221112795377,1.6226989722935474,-3.075427975599459,-1.5828339195557284,-0.66124530752668
1780435519.044214010,0.012091186209220561,-1.568554557873438,1.5645982732067052,-3.127387331264759,-1.614483471909396,-0.04015371122003497,0.01252059167889242,-1.5019778807411237,1.6210626225399654,-3.081301284171392,-1.5850894117463914,-0.6612453075265338
1780435519.094152927,0.011863584586516263,-1.5682887324147519,1.5647569327517148,-3.1289092853980947,-1.6136587917886125,-0.0397862438833263,0.012471541588959814,-1.5040751503829837,1.6206764589705658,-3.0954701469370214,-1.574069502355098,-0.661245307526492
1780435519.144268751,0.011550306689113166,-1.5679980316564643,1.5649646530185164,-3.130697946441522,-1.6125238369067274,-0.03913027311556938,0.011267145901782126,-1.5070233427891422,1.619992891123168,-3.087554750305383,-1.5540621395101897,-0.6486789367976288
1780435519.194278717,0.01042666993132646,-1.5694638520534454,1.5654162483301826,-3.1270583039724835,-1.6084545908911965,-0.03323520289591908,0.007862862842585257,-1.5022538044085456,1.617889963130808,-3.099606676165999,-1.5673268837966299,-0.6486789367974473
1780435519.244135380,0.01042666993132646,-1.5694638520534454,1.5654162483301826,-3.1270583039724835,-1.6084545908911965,-0.03323520289591908,0.008329208809344709,-1.5032192242377436,1.6196426383929754,-3.0888473084712076,-1.5689304018814443,-0.6486789367974912
1780435519.294140577,0.00876558674495942,-1.571045064228361,1.5661362651084128,-3.1239799301018065,-1.60244319640044,-0.027478476857995204,0.009560772170447483,-1.5040442545660397,1.6200792481657003,-3.081715586304715,-1.568402366457204,-0.648678936797478
1780435519.344254494,0.006899269346418047,-1.5725363159014698,1.5669634552198308,-3.1216169658911332,-1.595694834674112,-0.022126726034014332,0.00939972175332166,-1.5031742065749834,1.619925587208382,-3.090601822976668,-1.5637273480237848,-0.6486789367974826
1780435519.394348383,0.004886376656582758,-1.5741475980340223,1.567835144694107,-3.118995669372985,-1.5884229977966449,-0.016557766235320237,0.008664738317006785,-1.504877659569332,1.620325930951366,-3.083008279576705,-1.5644756621983478,-0.6486789367975215
1780435519.444225311,0.004886376656582758,-1.5741475980340223,1.567835144694107,-3.118995669372985,-1.5884229977966449,-0.016557766235320237,0.007975609120468167,-1.5059274202934771,1.6193981063958172,-3.0734932085200355,-1.558518133563023,-0.6486789367976004
1780435519.494283438,0.002737422321820393,-1.5759337676975171,1.5687326688115857,-3.115857876821493,-1.5806666962846023,-0.010845302472780816,0.008931234381282932,-1.5038373388321844,1.6184660670091875,-3.0840585009269326,-1.5711474167253465,-0.661245307538709
1780435519.544320345,0.0004433413510724904,-1.577907976243849,1.5696523267487006,-3.112148844729334,-1.572394169193558,-0.004921295931451297,0.008137113631206467,-1.5063339258390585,1.6186817706393446,-3.0675608142964625,-1.5715023353178845,-0.6612453075386278
1780435519.594239235,-0.0019587505581535325,-1.580049355777895,1.5705704037380503,-3.107863694397214,-1.5637399882516867,0.0012954936869579107,0.006817086244536072,-1.5065557294335647,1.6191591304536674,-3.0691392939128557,-1.5660546760754714,-0.6612453075386546
1780435519.644443274,-0.00435047637132957,-1.581912030170166,1.5714992547065705,-3.1046128904811088,-1.555130535258483,0.00547332736690209,0.01010358137692326,-1.5063640314530593,1.6229344926930591,-3.07849742860206,-1.5653969470028173,-0.661245307539087
1780435519.694333076,-0.00435047637132957,-1.581912030170166,1.5714992547065705,-3.1046128904811088,-1.555130535258483,0.00547332736690209,0.014873321645929452,-1.5075829942055439,1.62485074387073,-3.0664692986910556,-1.575399674534602,-0.6612453075393064
1780435519.744309187,-0.006355074557657048,-1.5830665815546219,1.5723311206850055,-3.1035080026447113,-1.5479198638764906,0.005909809731478882,0.015355725880826348,-1.5076342870961215,1.6249095587244384,-3.06506598901763,-1.5852669147188352,-0.6612453075392561
1780435519.794241190,-0.007875421201299915,-1.5838118399601937,1.5729755603982072,-3.1031753460641216,-1.5424540409130563,0.005327307330376851,0.016476662471383678,-1.5069571505864614,1.627281892725226,-3.0742361582108786,-1.5857662531738979,-0.6612453075395834
1780435519.844121218,-0.008206321268096062,-1.5833172971264382,1.573234915058049,-3.105821372123266,-1.541264738702493,0.001784226626245649,0.015543520495897495,-1.5087013691404865,1.6265408845454108,-3.0582331181593565,-1.5877896373658202,-0.6612453075395122
1780435519.894175529,-0.008206321268096062,-1.5833172971264382,1.573234915058049,-3.105821372123266,-1.541264738702493,0.001784226626245649,0.012946256648212471,-1.5091693829980155,1.6270857407737058,-3.060240848642753,-1.5827412696588197,-0.6612453075394704
1780435519.944306374,-0.008268466171204025,-1.5827405827997154,1.5733685825697645,-3.1083154402484077,-1.5410413935324723,-0.0014168670476761847,0.01178535906920271,-1.5084479263276585,1.626310322835685,-3.0636271969653244,-1.5852445826148636,-0.6738116782683733
1780435519.994236708,-0.008140363320327637,-1.5821234096719428,1.573409756826757,-3.1106282382382813,-1.541501792044416,-0.004486569566285681,0.010889743686902657,-1.5095075718388227,1.6250916374496556,-3.051572908799045,-1.6044167978444037,-0.6738116782681468
1780435520.044291973,-0.007842568014557294,-1.5814840276092816,1.573366105550861,-3.112722190953174,-1.5425721261251368,-0.007441627404908502,0.009260433048139343,-1.5089234989148643,1.6257464937397739,-3.0595528001760424,-1.6102857239264765,-0.6738116782680371
1780435520.094240904,-0.007374294678846205,-1.5807968274855462,1.5732414318867605,-3.114700392505369,-1.5442553775329966,-0.010383371277270292,0.006952592095236383,-1.5103198363320463,1.6261072226418878,-3.052833252925448,-1.6044811701456938,-0.6738116782681859
1780435520.144264460,-0.007374294678846205,-1.5807968274855462,1.5732414318867605,-3.114700392505369,-1.5442553775329966,-0.010383371277270292,0.00517901183439041,-1.5117098407142135,1.6260088513824993,-3.0434859952944424,-1.6025575979350974,-0.6738116782681361
1780435520.194203615,-0.006737438392772965,-1.5800680689707924,1.5730351276891854,-3.116538411628082,-1.5465449881701057,-0.01333819387724322,0.003909166707074274,-1.5115805895656154,1.6258271531141315,-3.045236268246463,-1.6098595142528163,-0.6612453075393703
1780435520.244253635,-0.005936576996053766,-1.5792981206342196,1.5727486099822385,-3.1182397547539518,-1.5494248508591095,-0.01637904179879701,0.003889737424508903,-1.5101802881165858,1.6247959054361953,-3.0511195825526176,-1.6214992239688606,-0.6612453075396747
1780435520.294333458,-0.004979637040542606,-1.5785016069779658,1.5723826093156748,-3.1197550784649315,-1.5528669065918645,-0.019570970038589763,0.0037543764277277723,-1.5117679245552624,1.6241192835147717,-3.037677145110936,-1.6394021742206846,-0.6612453075395801
1780435520.344251871,-0.0038680316154762195,-1.5776479368028387,1.571940994609336,-3.1212062979171664,-1.5568666185202966,-0.02295725054673614,0.002892810872010329,-1.5123115499257302,1.6245411161980345,-3.0377246544932595,-1.6425139502283341,-0.6612453075391396
1780435520.394222260,-0.002972049859859105,-1.5764608630256722,1.5716494354649626,-3.1243801823490354,-1.560091567687695,-0.025773082458164787,0.0016313087531354352,-1.5159271346805507,1.6268435331405273,-3.0420904825802633,-1.6362914573132068,-0.6612453075393282
1780435520.444251776,-0.002972049859859105,-1.5764608630256722,1.5716494354649626,-3.1243801823490354,-1.560091567687695,-0.025773082458164787,0.0001295517432924327,-1.5191429291019345,1.6232218596954358,-3.036013963247496,-1.6299257900460864,-0.6612453075393498
1780435520.494274378,-0.0031709450534265216,-1.575318627371023,1.571899166294142,-3.1293400532094964,-1.5593755897435475,-0.02480464009985539,0.0002283330683506575,-1.5207432007531319,1.6229751122213616,-3.044805022350445,-1.6352776836706187,-0.6612453075390006
1780435520.544312954,-0.003435443095187729,-1.5742046793610642,1.5721650898493782,-3.13427378862235,-1.5584235319536939,-0.02398185981850709,0.0019092089458867334,-1.5194389796689922,1.6215653329813189,-3.058984553678502,-1.6433484446686653,-0.661245307539315
1780435520.594304085,-0.003581493013489201,-1.573178200195816,1.5723499960429634,-3.1386186421027964,-1.5578978636262022,-0.023707698435997848,0.002000664842727658,-1.5218140848849266,1.6217629400014284,-3.0509094829741783,-1.6490540064960704,-0.6612453075391869
1780435520.644222260,-0.003825042140948476,-1.5721313240152206,1.572574500472126,-3.143193225347765,-1.557021330205374,-0.02324390879252025,0.0013084356865532719,-1.5233831323329543,1.6223523003180522,-3.055557723922075,-1.6450858300016873,-0.6612453075388516
1780435520.694311857,-0.003825042140948476,-1.5721313240152206,1.572574500472126,-3.143193225347765,-1.557021330205374,-0.02324390879252025,0.0011295463031485954,-1.5234131381588307,1.6221804518273655,-3.0654672653996182,-1.643248276209189,-0.6612453075392843
1780435520.744275808,-0.0041114831063513435,-1.5711086246491988,1.5728064456991453,-3.14772211231822,-1.5559905206328448,-0.02277925649278245,0.0018476934924599253,-1.5250619206995433,1.6207813004068856,-3.054165494711281,-1.6551762078230599,-0.6612453075393762
1780435520.794432878,-0.004427410964771283,-1.5700897697644969,1.5730411444550592,-3.152261597289885,-1.55485371081628,-0.022315732109746023,0.0020132068283463234,-1.5243756373463624,1.6205016272387376,-3.057645642848665,-1.6733991476103451,-0.6612453075385978
1780435520.844637156,-0.0051468593021359865,-1.5700078568265798,1.5733920485728619,-3.15383195516652,-1.5522653427306787,-0.019024904475110738,-0.0035945639823828247,-1.5176922443082468,1.6225294093882725,-3.0609129033361517,-1.664732728543014,-0.6486789367974761
1780435520.894081116,-0.006050351753773775,-1.570635448449198,1.5737760412287247,-3.152947902295742,-1.5490156786352527,-0.015973771869703057,-0.0041954447255407885,-1.5117166575800791,1.6247594555133256,-3.0632746094195134,-1.6639945612644258,-0.6486789367979452
1780435520.944377661,-0.006050351753773775,-1.570635448449198,1.5737760412287247,-3.152947902295742,-1.5490156786352527,-0.015973771869703057,-0.006831097033676996,-1.5099440395875643,1.6262584401179687,-3.0528872352129484,-1.6397242988817309,-0.6612453075388423
1780435520.994410038,-0.006909321064263452,-1.5717653574635317,1.5740955468728508,-3.150012792390094,-1.5459269968467675,-0.013412916896445637,-0.00800153343185252,-1.5050901503372955,1.6279855684490134,-3.0632530157855618,-1.6342632166141873,-0.6612453075390766
1780435521.044309139,-0.0078490460267302,-1.5730335488157863,1.5744331542273564,-3.146652423526462,-1.542548841919774,-0.011037458552740631,-0.007782638160360178,-1.504006444153677,1.6278023773820043,-3.0535767228058206,-1.6433276114432254,-0.6612453075392953
1780435521.094115734,-0.008888257948205691,-1.574194101296845,1.5748181419765266,-3.143860985195895,-1.5388141113147507,-0.008532473871427193,-0.008782355481876818,-1.5041372223602787,1.6282119093445455,-3.050371885201899,-1.646247782644969,-0.6486789367978361
1780435521.144110680,-0.010022552127976425,-1.5753380026393744,1.575240883294599,-3.141273219615412,-1.534738893551192,-0.005786796469592126,-0.008347635856863227,-1.502362809544672,1.6279442643041344,-3.0639611816084487,-1.6587458979157832,-0.6486789367976741
1780435521.194247723,-0.010022552127976425,-1.5753380026393744,1.575240883294599,-3.141273219615412,-1.534738893551192,-0.005786796469592126,-0.009962545234145744,-1.5053350723043586,1.6288417697355588,-3.052313186431445,-1.6479631412738116,-0.6612453075390077
1780435521.244268894,-0.011255139713440165,-1.576485394488917,1.5757004807641313,-3.1388125745133166,-1.5303119076236928,-0.002782924273433629,-0.010447933097363115,-1.5055251085368013,1.6287042790292845,-3.0560045893622227,-1.64416515324434,-0.6612453075387934
1780435521.294254541,-0.01255306684558466,-1.5777561026906328,1.5761672383081624,-3.1359432238742135,-1.5256517087045607,0.00021044607127243499,-0.0096986562339621,-1.5040499204062847,1.627780788060483,-3.0639288429256806,-1.6540253287959983,-0.6612453075392027
1780435521.344283581,-0.013920895332244498,-1.5791232928166519,1.576643595002766,-3.132772465304573,-1.5207420520960646,0.0032539380205368683,-0.009426463284091502,-1.5062453371392754,1.6268953252340348,-3.0480023978131334,-1.6702421493516613,-0.6612453075391155
1780435521.394265652,-0.015377965093979817,-1.5805638305328058,1.5771388374407507,-3.129418054766477,-1.5155136739901378,0.006505402777938781,-0.010232553299020552,-1.507307731614965,1.6275217100457076,-3.049783841703347,-1.6689389194102846,-0.6612453075385509
1780435521.444269180,-0.015377965093979817,-1.5805638305328058,1.5771388374407507,-3.129418054766477,-1.5155136739901378,0.006505402777938781,-0.010073444714537734,-1.505818907561932,1.6279247633055618,-3.058116623023297,-1.6576414253984924,-0.6612453075391701
1780435521.494378328,-0.01681159935854204,-1.5823752113516,1.5775573973143129,-3.1244857153568404,-1.510370875285111,0.008552231938162918,-0.010216747287398428,-1.5052159931192595,1.6290158746507923,-3.0404002282556024,-1.6548607985417318,-0.6612453075392686
1780435521.544373512,-0.01815456539213045,-1.584422837048609,1.5778762733867457,-3.118384985355103,-1.5055545521912004,0.009557147218484855,-0.009780893759277315,-1.5091716673127449,1.6341617131545714,-3.0469038699181685,-1.6673182161168458,-0.661245307538954
1780435521.594503164,-0.019897973363438126,-1.5850117104646841,1.5785854335397649,-3.118831015101964,-1.499303709998781,0.011599401218588221,-0.007959789570994169,-1.5112428070236188,1.6310773530530318,-3.054601390330733,-1.6689884761476417,-0.6486789367979334
1780435521.644199610,-0.021585416660532708,-1.5854138789980388,1.5792868148778392,-3.119908692558079,-1.4932550508922766,0.013401330858378758,-0.007327735892511339,-1.5140456525857893,1.6298975352011853,-3.0562518570346833,-1.67139002004288,-0.6486789367984257
1780435521.694279909,-0.021585416660532708,-1.5854138789980388,1.5792868148778392,-3.119908692558079,-1.4932550508922766,0.013401330858378758,-0.0071311166255175066,-1.5168278882151025,1.629793273468803,-3.0555002360014814,-1.6684956286145916,-0.661245307538773
1780435521.744271755,-0.023282016506776415,-1.5856558106606364,1.580005224286056,-3.121614083549038,-1.48717487738758,0.014962189036948681,-0.0047646637711712125,-1.519969873381834,1.6286245537038941,-3.0692918426901104,-1.663809852495627,-0.6486789367979032
1780435521.794113159,-0.024750215411568632,-1.5852152233139591,1.580709410710391,-3.1256864356199334,-1.4819141335101218,0.014979184813914045,-0.004728028396795026,-1.524994559048734,1.6282829601379014,-3.0735047547417573,-1.6511518434296377,-0.6486789367983867
1780435521.844118595,-0.025997737854588365,-1.5846134375482244,1.5813243761656954,-3.1300231522770896,-1.477444652829182,0.0150877039206373,-0.0073677023458854725,-1.5267368244471067,1.6281571463653008,-3.0718413988625093,-1.6463286394751648,-0.6486789367978268
1780435521.894156218,-0.02707129742019987,-1.584260027035822,1.5818210591807302,-3.1330633216476733,-1.4735987656505358,0.01599962470024667,-0.007748978404212615,-1.5249219148473623,1.626707322225437,-3.0835677560737342,-1.6553992949142562,-0.6486789367980039
1780435521.944145679,-0.02796538918351743,-1.5838544172783866,1.5822407773593836,-3.1360192958259114,-1.470395998238689,0.016958963859336252,-0.008467394764334838,-1.5261508672146071,1.626323030682836,-3.0766269598559086,-1.6663340042065888,-0.6486789367981852
1780435521.994123459,-0.02796538918351743,-1.5838544172783866,1.5822407773593836,-3.1360192958259114,-1.470395998238689,0.016958963859336252,-0.010466443904678423,-1.5277655985264538,1.627461141459235,-3.0752499389189634,-1.6594155850021786,-0.6486789367976176
1780435522.044154644,-0.028693977559253625,-1.5834209050643313,1.58258860266964,-3.13882196851318,-1.4677862000036006,0.017913518775124777,-0.012323098123411676,-1.5270787715017953,1.6278153564521312,-3.087068030763995,-1.6386866347425648,-0.6486789367979534
1780435522.094283819,-0.029276871468215226,-1.5829759937474481,1.582872744660611,-3.1414409571085047,-1.4656983387480942,0.018750122186544912,-0.013405274258552804,-1.5288226010099617,1.627382950579381,-3.0764009987454197,-1.6303442821840446,-0.6486789367980995
1780435522.144226789,-0.029332893005325822,-1.5821976771074633,1.5829738689886574,-3.1445981786128625,-1.4654976783097222,0.018131283036372528,-0.012236950005633943,-1.5282448213715982,1.6287316802904177,-3.0829623516142015,-1.6336516038896756,-0.6486789367979935
1780435522.194245577,-0.0284794589243349,-1.580802151671696,1.582761733096782,-3.148845750092913,-1.4685545948446066,0.015249039855180743,-0.011501842346577428,-1.5263281166992018,1.627508642263358,-3.091414789682562,-1.6415166619951567,-0.6486789367983123
1780435522.244251490,-0.0284794589243349,-1.580802151671696,1.582761733096782,-3.148845750092913,-1.4685545948446066,0.015249039855180743,-0.01287388036705572,-1.5291313097976724,1.6279693137286348,-3.0761785468698877,-1.642000488506835,-0.6486789367982427
1780435522.294263601,-0.027290235048761602,-1.579250375409388,1.582415129063185,-3.1531815250099164,-1.4728144836141865,0.011928379781534727,-0.014875789995216347,-1.5304512269046366,1.6289281629984975,-3.078584076954169,-1.6295665835916722,-0.6486789367979167
1780435522.344607115,-0.025837844428487244,-1.577109829003561,1.5819877532900894,-3.1593734835597775,-1.478017475523596,0.009244799705739666,-0.01689460518933009,-1.5327819766392512,1.626623798627574,-3.087317714849325,-1.6216958693457955,-0.6486789367982349
1780435522.394299030,-0.024169521290809293,-1.5742861685224634,1.5814802692640348,-3.167797629043978,-1.4839947441118282,0.007587868217952086,-0.017022795546593313,-1.5362038857406697,1.6250914570745199,-3.080573333779222,-1.6223776093705249,-0.6486789367982371
1780435522.444231987,-0.022245760429567163,-1.5716088327166347,1.580817429486454,-3.175168634621114,-1.4908884056625933,0.006462157174539869,-0.017957331894601615,-1.5343349131368988,1.6246068884358777,-3.0938308143278976,-1.6316919640368042,-0.6486789367978075
1780435522.494365454,-0.022245760429567163,-1.5716088327166347,1.580817429486454,-3.175168634621114,-1.4908884056625933,0.006462157174539869,-0.019544455186470664,-1.5301043446124405,1.6270667053320589,-3.096997505098705,-1.6284898929464435,-0.6486789367979967
1780435522.544241190,-0.02009192771140711,-1.5697438361581293,1.5800013518846916,-3.179018384693359,-1.498608406059538,0.005789721130759485,-0.02091396810618108,-1.5295612904360594,1.6294280732031536,-3.085959638756587,-1.6198939102436811,-0.6486789367978857
1780435522.594476223,-0.017957334275324754,-1.5678391633377462,1.5791690393695466,-3.1829730368488542,-1.506261818381291,0.00478395200171263,-0.020534254144403116,-1.5242106372490882,1.6317206002440563,-3.1002086617609055,-1.6155573095850835,-0.6486789367975686
1780435522.644272566,-0.017374749587443006,-1.5668291476459322,1.578943508118911,-3.185880411706936,-1.5083510928918233,0.007576494371620214,-0.018581297418293015,-1.5213882060932935,1.6324233990689498,-3.089042192192835,-1.6254039258653634,-0.6486789367978288
1780435522.694166183,-0.017091064401832945,-1.5656899532907875,1.5788348076974095,-3.189712075329547,-1.5093685264696282,0.010405159838819768,-0.017083211457384367,-1.5203405402199186,1.6330145109677014,-3.0853898434989375,-1.6375671174484958,-0.6486789367975606
1780435522.744186640,-0.017091064401832945,-1.5656899532907875,1.5788348076974095,-3.189712075329547,-1.5093685264696282,0.010405159838819768,-0.015902784334168907,-1.5188909709885783,1.6330869645478707,-3.0941504423659865,-1.6397004942804199,-0.6486789367974849
1780435522.794170380,-0.017086901858493597,-1.5645028298806238,1.5788309667203642,-3.1941276593605297,-1.5093834557661934,0.013161761547418143,-0.015531126474514689,-1.519819799718145,1.6336867492829907,-3.0934329347806284,-1.6329018856130935,-0.6486789367978592
1780435522.844342470,-0.017056043296365786,-1.5637726373220673,1.5788120217113002,-3.1967896405651546,-1.5094941328305183,0.014098346121345902,-0.013411973609590677,-1.5124898767334756,1.6343224293432899,-3.088635970283239,-1.6289174112102542,-0.6486789367979672
1780435522.894262075,-0.01662333718813791,-1.5639798413480248,1.5786391563059867,-3.195366263516499,-1.5110461383631222,0.01244037156811132,-0.013472149464863772,-1.5056172187934331,1.6361215179108466,-3.098343360395639,-1.6402403996819552,-0.6486789367981686
1780435522.944241762,-0.016256703002618167,-1.564714630703694,1.5784938546300251,-3.1920766930411713,-1.5123612581240842,0.010525417685053065,-0.013761496053551595,-1.5018879045340636,1.6365713511589743,-3.0866949333416303,-1.6520309575920364,-0.6486789367982684
1780435522.994300604,-0.016256703002618167,-1.564714630703694,1.5784938546300251,-3.1920766930411713,-1.5123612581240842,0.010525417685053065,-0.014656869080594102,-1.498063174765532,1.637480854447635,-3.085977262316324,-1.654072355732075,-0.6486789367978052
1780435523.044262409,-0.015989328195232133,-1.5659673606491467,1.5783803574528463,-3.186987475455621,-1.513320391207433,0.008333757197397724,-0.01618820586550275,-1.4945564120977632,1.6389244199227861,-3.089888427603061,-1.6471682066721756,-0.648678936798245
1780435523.094232321,-0.015804041119354295,-1.5677375532120639,1.578276892851982,-3.1800420907668903,-1.5139850862201305,0.005905792575521554,-0.016942153548610568,-1.4932381557588759,1.6392865649853272,-3.0739842083787057,-1.6430975056797592,-0.648678936798373
1780435523.144234180,-0.01579834154469495,-1.569637845714519,1.578219028833772,-3.172824896832517,-1.5140055331350855,0.00222417795436302,-0.013941327601481373,-1.491224542415269,1.6401330100051366,-3.0766809174115854,-1.652686430306313,-0.6486789367981175
1780435523.194255352,-0.016050129690515114,-1.5713148675835953,1.5782548708745128,-3.1668086491454117,-1.5131022783681178,-0.0016659289414064915,-0.011836270970376414,-1.490343432280694,1.6396218802115967,-3.0835907981228377,-1.6671387808468476,-0.6486789367985377
1780435523.244311333,-0.016050129690515114,-1.5713148675835953,1.5782548708745128,-3.1668086491454117,-1.5131022783681178,-0.0016659289414064915,-0.011178745613592075,-1.4936675805772675,1.639547364678383,-3.071230928923944,-1.6678808842158366,-0.6486789367983976
1780435523.294334173,-0.01653119664027436,-1.5729620230558918,1.5783716325492605,-3.1612256233916414,-1.5113766387627852,-0.005486132480105432,-0.010946597039296527,-1.4956064658661905,1.6397887705530587,-3.073919414519704,-1.658524282451598,-0.6486789367980282
1780435523.344158173,-0.017219396559648992,-1.5746398417301766,1.5785580250962807,-3.1558100621636695,-1.5089082583275983,-0.009332786999398657,-0.008448401301435742,-1.4977374837410338,1.6399948731188019,-3.080259009666771,-1.6600049347241892,-0.6612453075269772
1780435523.394183636,-0.018067139932322895,-1.5759318898368848,1.5788274221892744,-3.1521131853624995,-1.5058680549545862,-0.014342453841380554,-0.0059336875147312585,-1.5002726989435926,1.6384831967730522,-3.0773339760906304,-1.6549042281444584,-0.6612453075275834
1780435523.444325686,-0.018916778995761163,-1.576988379446819,1.579107888319963,-3.1493172802909273,-1.5028214884315112,-0.01968308424877474,-0.004076351697269602,-1.502309139006882,1.637127308224976,-3.0725149970009067,-1.6748173982903423,-0.6486789367981731
1780435523.494649172,-0.018916778995761163,-1.576988379446819,1.579107888319963,-3.1493172802909273,-1.5028214884315112,-0.01968308424877474,-0.0035956739918861593,-1.5035508603547996,1.636105257659171,-3.0816582824698315,-1.671799286242286,-0.648678936798607
1780435523.544298649,-0.01985848067578999,-1.5780453888409083,1.5794210584538073,-3.146644841357676,-1.4994452891405619,-0.024985616219410645,-0.0029515370943584123,-1.507118092893731,1.6350631907765396,-3.0776898882822548,-1.6742273100732656,-0.6612453075275361
1780435523.594244242,-0.020925556318586835,-1.5790947608182258,1.5797817236278795,-3.144177994094605,-1.495620161959545,-0.030215154628593588,-0.00384104171254133,-1.5114558887609588,1.635257768223839,-3.0693071836237813,-1.6619400202204564,-0.6612453075270689
1780435523.644221067,-0.02212158728345681,-1.5801436044205595,1.5801901279853314,-3.141891105530524,-1.4913334225654964,-0.035381591461482564,-0.0034031480230366892,-1.5117049307642585,1.6339226196637278,-3.0812554074702887,-1.6561084026833122,-0.6612453075271557
1780435523.694116116,-0.02388137904810428,-1.5815154402594285,1.5807950430804751,-3.1391626443105234,-1.4850271925098388,-0.039279427403632106,-0.0022109450969518855,-1.5127697839511622,1.633535943189407,-3.0797443216207454,-1.6639074528124207,-0.6612453075274932
1780435523.744100094,-0.02626728736202022,-1.5827438548496833,1.581663063426085,-3.137901986678019,-1.4764789996677807,-0.04061780204158083,-0.0037847057962903984,-1.518407610157169,1.6338509136404724,-3.069246999248922,-1.665826562344965,-0.6612453075264072
1780435523.794327497,-0.02626728736202022,-1.5827438548496833,1.581663063426085,-3.137901986678019,-1.4764789996677807,-0.04061780204158083,-0.00524088060208411,-1.5170099391613618,1.6308674463113229,-3.085673689754994,-1.6653675973852013,-0.6612453075264517
1780435523.844280958,-0.02935826812223219,-1.5839761590366228,1.5827971667462277,-3.1375906895707075,-1.465406788718921,-0.03734091410284268,-0.007523071780225096,-1.5209092482013062,1.6326373526012006,-3.0782079330461865,-1.6479263754327034,-0.6486789367979408
1780435523.894297361,-0.032580389834622636,-1.5852394711753153,1.5839458315659134,-3.1372248733420673,-1.4538661011749001,-0.0344607613905481,-0.007899247862054433,-1.5218569894033545,1.631132686739549,-3.082663719962077,-1.6400685130514436,-0.6486789367976109
1780435523.944270611,-0.03577712818772394,-1.5859583730523799,1.585109076380962,-3.1388602688666567,-1.4424162485704235,-0.030589145154537256,-0.008435685760812195,-1.5239626456200064,1.6291264821669247,-3.0910421437682016,-1.645108077254491,-0.6486789367979472
1780435523.994250298,-0.03577712818772394,-1.5859583730523799,1.585109076380962,-3.1388602688666567,-1.4424162485704235,-0.030589145154537256,-0.006505581944748517,-1.5261077591637546,1.6300782132839395,-3.086333035517151,-1.6447905953610407,-0.6486789367981182
1780435524.044251919,-0.0384770626583979,-1.5864974326381942,1.5860695952462076,-3.1404106348597383,-1.4327447230223713,-0.02919742832651462,-0.006929305324462821,-1.5274234546340848,1.6300835884740412,-3.0863661311254513,-1.6413103017533628,-0.6486789367977108
1780435524.094247103,-0.04075183690278994,-1.5867997144648482,1.5868733928424044,-3.142245477230494,-1.4245947458030157,-0.028109026564115958,-0.009687622022273646,-1.5284403524005814,1.6301242031337646,-3.094128723136216,-1.6289253536545139,-0.6486789367979826
1780435524.144231796,-0.04274282147913855,-1.587133489824578,1.5875535499553413,-3.1435223659896074,-1.4174600220783873,-0.026059464405637556,-0.01698109159644124,-1.5273405393923118,1.6302185333068904,-3.0856122773982704,-1.6219823984724189,-0.6486789367979355
1780435524.194247723,-0.04359637373527292,-1.5893151682203026,1.587625259479139,-3.1359727751503366,-1.4144007871719442,-0.02111739809195523,-0.025498770355299672,-1.519309066313598,1.6307100837377317,-3.078603881120354,-1.6310733730447902,-0.6486789367975714
1780435524.244435787,-0.04359637373527292,-1.5893151682203026,1.587625259479139,-3.1359727751503366,-1.4144007871719442,-0.02111739809195523,-0.029705586980113767,-1.513489122675968,1.6323387895862245,-3.0847327639434052,-1.6326588328515412,-0.6486789367975264
1780435524.294301748,-0.04432086781006994,-1.591333729120211,1.587638823442536,-3.1288327669021556,-1.4118038394788401,-0.016201467151424787,-0.034123938518335784,-1.5219147440036886,1.6389906956905522,-3.0778617354343294,-1.6212881476039867,-0.6486789367977095
1780435524.344258070,-0.04547338269090595,-1.590606644660646,1.5881399814761457,-3.1332268648515496,-1.407672092815071,-0.010787954648674436,-0.027793009078500984,-1.523395733102375,1.6368429223299397,-3.089910969548454,-1.5996736817173862,-0.6486789367977128
1780435524.394154549,-0.04562862737118323,-1.589372513988783,1.5883352662158634,-3.138340869112442,-1.4071154877575012,-0.011447466633816461,-0.024938254285850982,-1.5211356095310942,1.6393470497069715,-3.101882390814013,-1.5982795907192062,-0.6486789367983415
1780435524.444360495,-0.04500803456667768,-1.588082125046558,1.5882539662772857,-3.142668564146379,-1.409340444014462,-0.014831029537524465,-0.024742571281054726,-1.5220302703816424,1.6386267309783196,-3.0835794609267646,-1.5978010273479484,-0.6486789367983731
1780435524.494242430,-0.04500803456667768,-1.588082125046558,1.5882539662772857,-3.142668564146379,-1.409340444014462,-0.014831029537524465,-0.02458688980428698,-1.5212847991754943,1.6384939392998124,-3.086950883682291,-1.6039849220067668,-0.6486789367982267
1780435524.544265270,-0.04432624758030457,-1.5866382351948145,1.5881543063735397,-3.1474949208054985,-1.4117845547198353,-0.018580868179136623,-0.02542979620195539,-1.5210381486552436,1.6390957004906244,-3.0965538651103475,-1.598868974005308,-0.6486789367983147
1780435524.594282627,-0.043611999945699864,-1.5850601843585332,1.5880404155616807,-3.152770621173082,-1.4143447777633131,-0.022702687276146882,-0.026708346862852245,-1.5238157541316708,1.639117358716262,-3.0829958688657624,-1.5845739057572272,-0.6486789367983613
1780435524.644396305,-0.043052935593797415,-1.5837289010843731,1.587946672093042,-3.157245846141797,-1.4163485741417565,-0.02627808903289175,-0.028199782031955285,-1.5213870282768047,1.6384179374784338,-3.08667386180025,-1.57999656056128,-0.6486789367982543
1780435524.694325686,-0.04282632636140704,-1.583073784407656,1.5879129163000911,-3.159499271546154,-1.417160745103346,-0.0287547156710799,-0.02900154982229537,-1.5190828805293055,1.639440401060874,-3.0919914205128376,-1.5896264527792197,-0.648678936798349
1780435524.744372368,-0.04282632636140704,-1.583073784407656,1.5879129163000911,-3.159499271546154,-1.417160745103346,-0.0287547156710799,-0.028836251630845182,-1.5192131280638534,1.638334909718013,-3.0767834724676946,-1.6021028427577413,-0.6486789367982583
1780435524.794102907,-0.04260738460041136,-1.5823212000077511,1.587884750001534,-3.162132001513241,-1.417945413966482,-0.03136869370899209,-0.029721609531497085,-1.5190280496184139,1.6387515113671132,-3.0755633129758304,-1.604115021712525,-0.661245307526857
1780435524.844115257,-0.042370313783339775,-1.581542282833194,1.5878480307537612,-3.1648343951159355,-1.4187950322545682,-0.03403209471937618,-0.030656731093123994,-1.518468321541805,1.639750138495995,-3.0848973223395357,-1.6040408104122248,-0.661245307526778
1780435524.894111633,-0.04211384751010794,-1.5807378092162407,1.5878019457727481,-3.167601056698656,-1.419714133328343,-0.036772481857918926,-0.03227735765723785,-1.5196611361322336,1.640396161909347,-3.081349118788264,-1.5896949413046428,-0.6612453075269167
1780435524.944249392,-0.041831304602853336,-1.579901160283093,1.5877441820792422,-3.170448063285387,-1.4207266539308296,-0.03955391521154539,-0.032849398926607154,-1.520947742953246,1.6397197418990606,-3.071344535936594,-1.5833708835101636,-0.6612453075269467
1780435524.994394064,-0.041831304602853336,-1.579901160283093,1.5877441820792422,-3.170448063285387,-1.4207266539308296,-0.03955391521154539,-0.03234603503277609,-1.5196768038245478,1.6391470202792255,-3.08135420546988,-1.5898609246364384,-0.6612453075269411
1780435525.044092417,-0.041530201493976016,-1.5790478475210898,1.5876762642743873,-3.1733247213531355,-1.4218056514591124,-0.042408440555881555,-0.03757080885641856,-1.513468488210063,1.638202323436663,-3.078718260051842,-1.5952858388340172,-0.6612453075265746
1780435525.094278812,-0.04224594462665365,-1.5800309163223565,1.5878783932307754,-3.1704730376233723,-1.4192407388607187,-0.039616324536573266,-0.04080840305477146,-1.5106192379246473,1.6401193887666827,-3.0650819811912577,-1.5885849282487374,-0.6612453075263695
1780435525.144244671,-0.04319199987313205,-1.5815403818614113,1.5881258623197805,-3.165872934060358,-1.415850154074267,-0.03700425854921896,-0.043089274637578286,-1.5063848433297817,1.6413480471674553,-3.0742145901114353,-1.569355020022152,-0.6486789367979185
1780435525.194262028,-0.044254078793247054,-1.5835801223714512,1.5883651583369902,-3.159330596550241,-1.4120432555554672,-0.034364842607057966,-0.04404514022988826,-1.5037662194882335,1.6410745004839888,-3.055575396183422,-1.57523412095188,-0.6486789367979252
1780435525.244282484,-0.044254078793247054,-1.5835801223714512,1.5883651583369902,-3.159330596550241,-1.4120432555554672,-0.034364842607057966,-0.04470426858615568,-1.503284920659686,1.6442155823605709,-3.0618782415440418,-1.583443458025263,-0.648678936797738
1780435525.294291496,-0.04534372600574166,-1.5851142736525397,1.588626028220579,-3.154728626726782,-1.4081369458295008,-0.031384438251652824,-0.045722586423639924,-1.502940246148329,1.6442364330857597,-3.0666523776998202,-1.5708231569150983,-0.648678936797665
1780435525.344273567,-0.04633262858396581,-1.5865347136727737,1.5888475792230488,-3.15040783584221,-1.4045912295422625,-0.028451616094759657,-0.04720289640582224,-1.5048580059706147,1.6445193702731356,-3.0582904161496316,-1.5551288852782168,-0.6486789367976945
1780435525.394281149,-0.04725591690964848,-1.5879470857264213,1.5890349368353047,-3.1460039634566277,-1.4012802463019307,-0.02530448384301831,-0.04806653214494769,-1.5052475129813434,1.6445843796935917,-3.0630552420870254,-1.549605409799187,-0.6486789367978537
1780435525.444180250,-0.04813038799802527,-1.5893610903668058,1.5891928639649067,-3.141500178565979,-1.3981438240728528,-0.02193592840123859,-0.04896309994007919,-1.5057231850983372,1.644659008704476,-3.071819223772709,-1.5487912266956165,-0.6612453075264492
1780435525.494371414,-0.04813038799802527,-1.5893610903668058,1.5891928639649067,-3.141500178565979,-1.3981438240728528,-0.02193592840123859,-0.04789172716119157,-1.5069791080849875,1.6428114599561563,-3.0598860687863945,-1.5677183028696142,-0.6486789367976898
1780435525.544238091,-0.04898481627417173,-1.590776447281523,1.5893308685534726,-3.1369327738688306,-1.395078788708478,-0.018373686211120344,-0.04866866214176102,-1.5083907704840875,1.6432121790188703,-3.061412516603211,-1.5649140655390534,-0.6486789367976138
1780435525.594234228,-0.04983498387615182,-1.592199671488716,1.5894532833461814,-3.132294574841317,-1.3920285198262814,-0.01460636358980505,-0.050009795734232136,-1.509538876266543,1.6439518896411276,-3.06780020212773,-1.5516270892057624,-0.64867893679757
1780435525.644462109,-0.050667691930204484,-1.5936339602118768,1.5895548383467053,-3.127555657373508,-1.3890403665300992,-0.010609582129111672,-0.050009637473267636,-1.5126164496459573,1.6437437401846284,-3.053820448000895,-1.546530652960936,-0.6486789367978878
1780435525.694203138,-0.05121071295002455,-1.594110413202257,1.5896754468854,-3.126297012174209,-1.3870914554232945,-0.009893165742854926,-0.045165729897320095,-1.5142129563467952,1.6448313578688478,-3.0562474549843155,-1.554188290207279,-0.6486789367980094
1780435525.744670868,-0.05121071295002455,-1.594110413202257,1.5896754468854,-3.126297012174209,-1.3870914554232945,-0.009893165742854926,-0.04447866837854702,-1.5159904608579247,1.6446926493110439,-3.0611353252938094,-1.5554384466057969,-0.6612453075267032
1780435525.794184446,-0.051612296580254124,-1.594419295992811,1.589769357640064,-3.1255379781436154,-1.385650011652234,-0.009369735229223686,-0.04355176373064667,-1.5170101249667134,1.6430359838725361,-3.056255089700131,-1.5671181987674911,-0.6612453075266026
1780435525.844389200,-0.05207122767571981,-1.594774526548778,1.589875375489737,-3.1246582427791973,-1.3840025608440412,-0.008743329156169821,-0.04423357478174047,-1.520100275846402,1.6433522684199529,-3.044621855882528,-1.5671493730071624,-0.6612453075265067
1780435525.894136190,-0.052610830207024506,-1.5951534109472014,1.5900040035959642,-3.123776133053258,-1.382065289740499,-0.007992053246165476,-0.04535214807352084,-1.5205559169134588,1.6441938322177228,-3.0537515055828286,-1.5512557557481796,-0.6612453075265915
1780435525.944149017,-0.053230159408279576,-1.5955623280079143,1.590153603172895,-3.122863094353408,-1.3798414710881275,-0.007215279495246918,-0.04559919288769524,-1.5217331119584747,1.643333734545752,-3.0481900413323086,-1.544427103227172,-0.6612453075266138
1780435525.994177103,-0.05391993736634504,-1.5960258136191143,1.5903171076664733,-3.1218068229905915,-1.377364285014007,-0.00644195453194385,-0.04506272680294953,-1.5232600591942136,1.6422559958631706,-3.037758026159626,-1.549678551383205,-0.6612453075267096
1780435526.044167757,-0.05391993736634504,-1.5960258136191143,1.5903171076664733,-3.1218068229905915,-1.377364285014007,-0.00644195453194385,-0.04429915868039521,-1.522473650755746,1.642074872913529,-3.0477457396088536,-1.5583939994218172,-0.6612453075266059
1780435526.094136000,-0.05467866967656665,-1.596545525583764,1.5904930931984074,-3.120596497389565,-1.3746389512366104,-0.0056696300710736836,-0.044692702663597816,-1.5241895449476717,1.6423632484310955,-3.0432119272143514,-1.5577806451413283,-0.661245307526426
1780435526.144132137,-0.05550847918812085,-1.5971242683856604,1.5906810651414935,-3.119220604593518,-1.3716576731578272,-0.0048294333776128795,-0.04602744768153035,-1.5272010076689444,1.6429053862314054,-3.0312377845487064,-1.5449366693906572,-0.6612453075265912
1780435526.194169044,-0.05640403446860631,-1.5977621077776352,1.59087838504972,-3.1176696980281897,-1.3684394119032648,-0.003940463031040231,-0.046263781542161965,-1.5264577946981293,1.6428154385109104,-3.0410940991835966,-1.5383161944847292,-0.6612453075267091
1780435526.244135380,-0.057368650961928225,-1.5984518352216286,1.591086269208805,-3.115973843206407,-1.364972034591439,-0.0029972781219917977,-0.04567262465451642,-1.5269852775120745,1.6417418797776355,-3.0374868645381174,-1.5448818181098927,-0.6612453075266234
1780435526.294249296,-0.057368650961928225,-1.5984518352216286,1.591086269208805,-3.115973843206407,-1.364972034591439,-0.0029972781219917977,-0.04526303957832141,-1.5289442377274058,1.6414724275315566,-3.0269324937156887,-1.5497606845087164,-0.661245307526676
1780435526.344234467,-0.05838097824915778,-1.5991612584001533,1.5913019236902877,-3.1142369182450427,-1.3613320679870275,-0.0023940215332771686,-0.04438057018606682,-1.52866987499623,1.643024171239028,-3.0377864392063523,-1.536914450270357,-0.6612453075266571
1780435526.394132853,-0.059279423265352627,-1.5998381868199303,1.5914817753247508,-3.112487991742389,-1.3581006091545644,-0.002983515026197203,-0.04501594326970113,-1.5303551653410352,1.6434112713496334,-3.030252817786976,-1.5237077134788417,-0.6612453075265399
1780435526.444233179,-0.06011224266568682,-1.6006184740198313,1.5916199029799916,-3.1102274351604358,-1.3551043410420913,-0.003757943318375645,-0.04554526766594997,-1.5314550023276237,1.6431101091194777,-3.023653743196162,-1.5183606768667317,-0.6612453075268933
1780435526.494397402,-0.06091997387614523,-1.601506133718372,1.591727258143516,-3.1074819059270813,-1.3521975300678655,-0.004736507161087644,-0.045094169856627314,-1.5300993363694761,1.6429291717332017,-3.0339597881947054,-1.5263454282533415,-0.6612453075269603
1780435526.544454575,-0.06091997387614523,-1.601506133718372,1.591727258143516,-3.1074819059270813,-1.3521975300678655,-0.004736507161087644,-0.04720139714920411,-1.5374276220356808,1.644006705341822,-3.0250944060683906,-1.538759661441438,-0.6612453075262721
1780435526.594254971,-0.0622263386492774,-1.6011767728353838,1.5921897702856451,-3.1102821325153904,-1.3474945314808258,-0.002204141270760296,-0.04774282847581158,-1.5423153879752487,1.639971428033082,-3.0260889111706315,-1.5259078483020194,-0.661245307526342
1780435526.644185305,-0.0637817359309425,-1.600172812244696,1.5928182482238957,-3.116069236929493,-1.341892073759011,0.0013759118693426452,-0.048041054370080216,-1.5471496515210825,1.639467185203087,-3.0405990540634207,-1.5103343599678498,-0.6612453075262227
1780435526.694281101,-0.06540166002987391,-1.598904410547651,1.5934714102462928,-3.1229162889310893,-1.336053634168418,0.005420129879036096,-0.048094397129654104,-1.551015983976134,1.638109628960873,-3.0408336341311313,-1.5060692084636398,-0.6612453075261634
1780435526.744309187,-0.0669486295213888,-1.597866557233635,1.5940393361654233,-3.1286717825320607,-1.3304745624805125,0.00963842639425638,-0.047580536863364074,-1.5528064951331597,1.636367446544132,-3.037055669036964,-1.5158583228256377,-0.6612453075264458
1780435526.794444323,-0.0669486295213888,-1.597866557233635,1.5940393361654233,-3.1286717825320607,-1.3304745624805125,0.00963842639425638,-0.047483715148646154,-1.5527169348678873,1.6362619047532792,-3.0543153448944995,-1.5305511279559891,-0.6612453075262912
1780435526.844149351,-0.06841893835361201,-1.5967281506015265,1.594568317085589,-3.13467835455109,-1.3251685682403673,0.014220128321969672,-0.04551429440222378,-1.5508100289083107,1.6387442052376178,-3.062219321722457,-1.53079654089555,-0.6612453075263077
1780435526.894265652,-0.06962346076679715,-1.5962862413352052,1.594932364468042,-3.137601646704744,-1.3208191599716521,0.015064647044459808,-0.0445845760949272,-1.5487391550954825,1.6420331574027804,-3.0588742693472595,-1.5254808852886372,-0.661245307526773
1780435526.944188356,-0.07059710936706765,-1.5958805274348329,1.5952231690507415,-3.140134313523184,-1.317301657614463,0.014836446907952067,-0.04619640533365479,-1.5464293083306337,1.6429027790482473,-3.067002454999343,-1.512820400907746,-0.6612453075268652
1780435526.994176149,-0.07156792334602713,-1.5953582879056185,1.5955156192166149,-3.143102351824897,-1.313792785096152,0.014458750577562992,-0.04722113349936841,-1.546800372473439,1.6430083461493084,-3.0584574252080015,-1.5033722566694399,-0.6612453075266597
1780435527.044100046,-0.07156792334602713,-1.5953582879056185,1.5955156192166149,-3.143102351824897,-1.313792785096152,0.014458750577562992,-0.04710579895176623,-1.5467952210987628,1.642332916915276,-3.053673279681864,-1.5058347821942262,-0.6612453075269091
1780435527.094315052,-0.07256389245230732,-1.594762791030658,1.5958109134829535,-3.1463569003431795,-1.3101912747879183,0.014057358737923608,-0.04727197113958379,-1.545617414982476,1.6430390580298564,-3.0675271198847014,-1.5134240373214118,-0.6486789367979241
1780435527.144127846,-0.07356989480148624,-1.594093573606009,1.596103462273515,-3.149881703621779,-1.3065516683075211,0.013718269114819102,-0.04801969862972279,-1.5469775529385084,1.6425820945631926,-3.061245906872581,-1.512912883091241,-0.661245307526424
1780435527.194204092,-0.07475787673540069,-1.5938393499281132,1.5964008866084347,-3.1519236680930875,-1.3022512625610947,0.015393023474572175,-0.053423973993561726,-1.5454054811205555,1.6425282242766184,-3.0525702342873715,-1.5078136284170482,-0.6612453075265028
1780435527.244123697,-0.07613027384565108,-1.5945670212924137,1.5966706368377106,-3.1502815209415465,-1.2972799259160706,0.01826589684118579,-0.05568633696320365,-1.5392321285160318,1.6435504864206885,-3.062552166889297,-1.5029590254134915,-0.6612453075269373
1780435527.294145107,-0.07613027384565108,-1.5945670212924137,1.5966706368377106,-3.1502815209415465,-1.2972799259160706,0.01826589684118579,-0.05548065903011388,-1.5352466792369137,1.6485907880189876,-3.055614035320292,-1.5119183594341306,-0.6612453075268059
1780435527.344177246,-0.07697804189638902,-1.595689430006856,1.5967861621998436,-3.14662437441266,-1.2942071384255103,0.017697744791710008,-0.056481963050039295,-1.5332732250748284,1.6491945258826366,-3.0474086508833125,-1.513402544064989,-0.6612453075269421
1780435527.394161701,-0.07760108258425102,-1.5963714911192488,1.596876901207316,-3.1444819842556697,-1.2919479647480863,0.016942689686824816,-0.05717720016958136,-1.5313207431476652,1.65028745593666,-3.0570738188094135,-1.512857799401793,-0.6612453075268235
1780435527.444233179,-0.07805606427978962,-1.5968239160606696,1.596944785731023,-3.1430906708252664,-1.2902976778952535,0.01573205063637276,-0.05820756511211453,-1.5319697105762495,1.6504725485946181,-3.053587416071993,-1.5043646456940467,-0.6612453075264354
1780435527.494274616,-0.07834905541984583,-1.5971283066518591,1.5969866558599901,-3.1421409117934225,-1.2892347279575418,0.014249818715513406,-0.05974798593713278,-1.534244532471428,1.6504305662069483,-3.0424031161218608,-1.4879267122316038,-0.6612453075268903
1780435527.544393539,-0.07834905541984583,-1.5971283066518591,1.5969866558599901,-3.1421409117934225,-1.2892347279575418,0.014249818715513406,-0.06064570357478914,-1.5339082766679208,1.6504417026945635,-3.052070220526978,-1.4807971458371139,-0.6612453075270343
1780435527.594318628,-0.07849939587962229,-1.597354455239711,1.5970020944301122,-3.1413773611065685,-1.288689234434126,0.012581026833435278,-0.06105907551881484,-1.5341178438098897,1.6489659009437208,-3.0465595436857575,-1.4862158519528803,-0.6612453075266183
1780435527.644234896,-0.07857766860446347,-1.5977458043850339,1.596986754050412,-3.139900969337184,-1.2884052118567695,0.011418241714415078,-0.06160027525550836,-1.5350884919488372,1.64832257587473,-3.036447154163041,-1.492874547347852,-0.661245307526859
1780435527.694333076,-0.07858827943409441,-1.598201564890724,1.5969490841615608,-3.1381103294394563,-1.2883667081157943,0.01032486254089334,-0.06284880866306607,-1.5345853514094738,1.6493296217746964,-3.047068510371502,-1.4856979214873614,-0.6612453075267294
1780435527.744284153,-0.07836925479574486,-1.5984603020043506,1.5968752900427563,-3.13690155540753,-1.2891614395353344,0.008194261551688306,-0.06308849850557452,-1.5362858681266296,1.6502688296701111,-3.04477072042242,-1.4716691798316333,-0.6612453075264855
1780435527.794306755,-0.07836925479574486,-1.5984603020043506,1.5968752900427563,-3.13690155540753,-1.2891614395353344,0.008194261551688306,-0.06294133813560537,-1.5374329144121717,1.6497405457903949,-3.035565926717615,-1.466779794220075,-0.6612453075271724
1780435527.844270468,-0.07755380929325462,-1.5985443621583428,1.596678321451843,-3.13587209320682,-1.292119407616684,0.004450906089882786,-0.06271868013734584,-1.5362635878773627,1.6494631965409567,-3.045385046004498,-1.475738025688172,-0.6612453075272071
1780435527.894135714,-0.07652760178029361,-1.5986331338809006,1.596427473368526,-3.134629564029255,-1.295839965278618,0.00045022384500591293,-0.06279851327533476,-1.5357831698635405,1.6487721290981676,-3.041128158159577,-1.4881128529926433,-0.6612453075265557
1780435527.944137573,-0.07552821169342572,-1.5992642388618323,1.5961212706615082,-3.1312345868467912,-1.2994612718850442,-0.0023688916461290788,-0.06521757102477568,-1.5329136622036028,1.6525967277027627,-3.0348047519343666,-1.4943968348725414,-0.6612453075268961
1780435527.994319677,-0.07473188304605838,-1.5999102145714792,1.5958529762115363,-3.1279360488773573,-1.3023453863202121,-0.004301183890629723,-0.06790613687198996,-1.530165709717335,1.6545430625216753,-3.043275650553306,-1.4768146584280837,-0.6612453075268435
1780435528.044397831,-0.07473188304605838,-1.5999102145714792,1.5958529762115363,-3.1279360488773573,-1.3023453863202121,-0.004301183890629723,-0.06887952995827866,-1.529433488686105,1.6543336955926031,-3.039695550592094,-1.4694892737016974,-0.6612453075265741
1780435528.094142437,-0.07408409481076639,-1.6004499065076168,1.5956262325979644,-3.125178918990879,-1.3046906283424127,-0.005965552509478833,-0.06860173051916559,-1.530015847300156,1.6530028827360834,-3.0276351662140777,-1.473571907724436,-0.6612453075270186
1780435528.144210339,-0.07353469319018746,-1.6009443015771279,1.5954243304766142,-3.1226804780955786,-1.306679055235204,-0.007509227670355223,-0.06794833481117409,-1.5286006797346872,1.6531430432391248,-3.039128014875339,-1.4831690010496357,-0.661245307526783
1780435528.194130898,-0.07303853756323342,-1.6014356585342018,1.5952317598481964,-3.1202321707659118,-1.3084742910108815,-0.00904337742857475,-0.06829473127727434,-1.5296131695248283,1.653241909859105,-3.0385427036912973,-1.4844149763147103,-0.6612453075262773
1780435528.244270086,-0.07258982809199743,-1.601930279739543,1.5950467032311944,-3.117804517108199,-1.3100974656001654,-0.010578699587441065,-0.06944871335072432,-1.5323802740553143,1.6531609765160495,-3.027027359250194,-1.4742461433371696,-0.6612453075268232
1780435528.294252396,-0.07258982809199743,-1.601930279739543,1.5950467032311944,-3.117804517108199,-1.3100974656001654,-0.010578699587441065,-0.06969191459318146,-1.5319636480664256,1.6530373960577458,-3.0362005950955178,-1.4680429963156887,-0.6612453075269763
1780435528.344238281,-0.07217311939050841,-1.602478237835948,1.5948581954302565,-3.1151800021975236,-1.3116045543776789,-0.01222567892733828,-0.06874435023447444,-1.532447625317375,1.651439485363359,-3.0311277619701738,-1.4752137497241655,-0.6612453075265738
1780435528.394250631,-0.07179285268894198,-1.6030752021737564,1.594667414052763,-3.112379210683695,-1.3129795749582733,-0.013991130485745629,-0.06819760726517379,-1.5342131667916261,1.6505402491322512,-3.0203679435055,-1.4808622231656408,-0.6612453075268637
1780435528.444508553,-0.071449445470396,-1.6037106417802036,1.594475515087906,-3.1094444536272197,-1.3142210946079462,-0.01585687792887569,-0.06836180133731554,-1.5341207919060187,1.6512705160526464,-3.0309065543013016,-1.474090077385655,-0.6612453075267528
1780435528.494578362,-0.07113951661174323,-1.604382272350711,1.594281479837065,-3.10638086434422,-1.3153414029626127,-0.017766809081416923,-0.06881720046583735,-1.5357457821909337,1.651179002509343,-3.0268706103209975,-1.4623118772542634,-0.6612453075263073
1780435528.544255018,-0.07113951661174323,-1.604382272350711,1.594281479837065,-3.10638086434422,-1.3153414029626127,-0.017766809081416923,-0.06892153850862974,-1.5380440592838953,1.6504754490064741,-3.015363386403728,-1.4584023608521155,-0.6612453075270269
1780435528.594584227,-0.0708567997437326,-1.605089651085132,1.594083137639694,-3.1031830071071504,-1.3163632021745437,-0.019736161950919318,-0.06851374194227003,-1.5389523122840485,1.6502178342508,-3.0171080630770213,-1.4628127123832644,-0.6738116782685205
1780435528.644097567,-0.07059566189266597,-1.6058558131845881,1.5938741600319883,-3.0997483043807765,-1.3173068880980754,-0.021845981108010726,-0.06741989288976681,-1.538435470473364,1.6493013865401864,-3.023500303832246,-1.4739157582358131,-0.6738116782680729
1780435528.694129467,-0.07036032304880546,-1.6066874185228386,1.5936532603325058,-3.096050359066487,-1.3181572432340234,-0.024083277344852938,-0.0665624273298873,-1.540397887479945,1.648070796327188,-3.011788262582546,-1.4855879720830485,-0.6738116782679028
1780435528.744449377,-0.07015950094047518,-1.6075861295967542,1.5934211649301213,-3.092087610178753,-1.3188828040070604,-0.026431039519712485,-0.06693307409670955,-1.5417736957547268,1.6484338071096294,-3.013897965749136,-1.4801045927072753,-0.6738116782682894
1780435528.794187784,-0.07015950094047518,-1.6075861295967542,1.5934211649301213,-3.092087610178753,-1.3188828040070604,-0.026431039519712485,-0.0676111118567896,-1.5425269096909595,1.6488316963277119,-3.020403253538221,-1.4639824245793809,-0.6738116782678748
1780435528.844161034,-0.0699961844705923,-1.6085408785257327,1.5931794758549178,-3.0879060749105958,-1.3194728085470775,-0.02881011901158992,-0.07139208124214978,-1.5539073930842395,1.6473989147130186,-3.007682882804267,-1.4625394617511003,-0.6738116782670494
1780435528.894293547,-0.07097950983678736,-1.6074080548360499,1.5936942071343385,-3.0936637775707445,-1.3159197186023794,-0.023743667194560558,-0.0710206757106056,-1.5577220658088216,1.642217120779832,-3.02302335543812,-1.4722823688261923,-0.6738116782675684
1780435528.944152594,-0.07227088399169546,-1.6058787710838232,1.5943416731365077,-3.1013105963026906,-1.3112510021403443,-0.016835213563087592,-0.07115430746391979,-1.5617505173756348,1.638574090845307,-3.0328250269700376,-1.475398075930928,-0.6738116782669976
1780435528.994064331,-0.07369173536132578,-1.6041004952986535,1.5950212426029198,-3.1100012564834314,-1.306110736256791,-0.008680600105562597,-0.07110063778578742,-1.5672083382231285,1.6371591800611345,-3.030041527590099,-1.4746217824211552,-0.6738116782668928
1780435529.044124365,-0.07454591015715462,-1.6028923235907344,1.5954241928481105,-3.115731266227267,-1.303018760939957,-0.001039053006035573,-0.07237568468827213,-1.5650725197243567,1.637137510453058,-3.0435185436295527,-1.4706881553412308,-0.6738116782674377
1780435529.094251633,-0.07454591015715462,-1.6028923235907344,1.5954241928481105,-3.115731266227267,-1.303018760939957,-0.001039053006035573,-0.07056505716393545,-1.5690626027935677,1.6433269788549005,-3.0514392736947515,-1.461159035662403,-0.6738116782677197
1780435529.144164562,-0.07332931225640138,-1.600183449435849,1.595465877657284,-3.1255522119977863,-1.3074222382538974,-0.00016298035818618217,-0.06812785187119202,-1.5703752105685878,1.6414489239023915,-3.041862486822715,-1.4580464437204543,-0.6738116782678998
1780435529.194120884,-0.07114535207267991,-1.597226646435459,1.5952336541443497,-3.135320007197775,-1.315320310903835,-0.0014184011135291996,-0.07066219518695792,-1.567061450020132,1.6435076121395698,-3.051883055526774,-1.4695734870877881,-0.6738116782683216
1780435529.244248629,-0.0685556898666313,-1.5948028901724571,1.5947910903542093,-3.142433419467281,-1.324674890915861,-0.0015450885921826085,-0.0709124938213487,-1.5636944405877538,1.6428723688906215,-3.050855137029872,-1.4866911070874138,-0.6612453075263498
1780435529.294256687,-0.0685556898666313,-1.5948028901724571,1.5947910903542093,-3.142433419467281,-1.324674890915861,-0.0015450885921826085,-0.07297517197766934,-1.5632902503318373,1.6450100363778837,-3.043769968739692,-1.4799472862815117,-0.6612453075267034
1780435529.344235182,-0.06594300555056165,-1.5923016559724026,1.5943048614548183,-3.1496889429154926,-1.3341017034081668,-0.001971862267862612,-0.07346758112771534,-1.5604723989851328,1.6452924812124017,-3.0518369237227425,-1.4749661623655368,-0.6612453075269054
1780435529.394255400,-0.06323592611300644,-1.589743184713421,1.5937515646314115,-3.156929500142983,-1.3438584235692215,-0.002788764293117474,-0.07242660297995142,-1.558612137349738,1.6441432375750122,-3.0492617395074273,-1.4844770015629243,-0.6612453075264738
1780435529.444810390,-0.06042453215865695,-1.587155673873177,1.5931240879451265,-3.164027036290949,-1.3539805889500194,-0.004122971361525174,-0.0721395855851741,-1.5583932559334803,1.6439207005775407,-3.0415282570858904,-1.4809940379969908,-0.6738116782678799
1780435529.494280338,-0.05729060455046486,-1.5847013869463993,1.5923525633795115,-3.1701213157707215,-1.3652526146470727,-0.007166436304163248,-0.07048658359620022,-1.5547993297210452,1.6443956748205082,-3.052598862368727,-1.486847227121998,-0.661245307527033
1780435529.544249535,-0.05729060455046486,-1.5847013869463993,1.5923525633795115,-3.1701213157707215,-1.3652526146470727,-0.007166436304163248,-0.07027967369969867,-1.5522576155972443,1.6458332734980499,-3.043890984257397,-1.482933903177032,-0.6612453075267569
1780435529.594282389,-0.05358025159215796,-1.5827572265410392,1.5913489986643725,-3.1734820037781724,-1.3785842464509894,-0.013073311509584684,-0.07470390557349524,-1.5447912670633395,1.6460072493359608,-3.0444599525029457,-1.4732039528015206,-0.6612453075265701
1780435529.644255638,-0.050449656813716715,-1.5828732666935235,1.590401635225034,-3.1694902626223023,-1.38982283222564,-0.01447794281831527,-0.07602799291253629,-1.5324308461276361,1.6521566090577764,-3.0378817114658627,-1.4773459049565605,-0.6612453075271825
1780435529.694290638,-0.04843974492882808,-1.5831480943515261,1.5897602099662451,-3.16608487663944,-1.3970341464357485,-0.014393217430833438,-0.07455527754494785,-1.5261807285294555,1.6536277733444982,-3.025986094298429,-1.478301080720646,-0.6612453075264647
1780435529.744245529,-0.04688199667448423,-1.583037441799414,1.5892660366503677,-3.1646476509793384,-1.4026212167873648,-0.013946608777158254,-0.07266017814855083,-1.5241972305316622,1.6545562130964269,-3.0190528714642277,-1.4878214500951492,-0.6612453075265716
1780435529.794237375,-0.04688199667448423,-1.583037441799414,1.5892660366503677,-3.1646476509793384,-1.4026212167873648,-0.013946608777158254,-0.07092426530942723,-1.5223818741700326,1.655353267353999,-3.030721495084328,-1.4886553131081097,-0.6612453075263771
1780435529.844242334,-0.04568353964233207,-1.5827557001118322,1.5888899738502202,-3.1642771087975357,-1.4069186052949023,-0.013461927318258127,-0.06948731479169966,-1.5233663647708928,1.6552828985556658,-3.0305991450653416,-1.4842870953813994,-0.6612453075260141
1780435529.894391060,-0.04477883351917722,-1.5824050906952127,1.588610230197865,-3.1645166460164864,-1.4101621249723246,-0.013074854584028905,-0.06774779924944122,-1.5257876665408139,1.654180308170847,-3.020457933784476,-1.483467005136459,-0.6612453075266506
1780435529.944302797,-0.04398465158044296,-1.5822734403686827,1.5883527879768302,-3.1640408288841426,-1.4130090382814222,-0.013414092270884304,-0.06504778289433359,-1.522321976732191,1.6526720339132623,-3.0331548169190743,-1.4938890593568421,-0.648678936797965
1780435529.994360447,-0.04398465158044296,-1.5822734403686827,1.5883527879768302,-3.1640408288841426,-1.4130090382814222,-0.013414092270884304,-0.06350914690482193,-1.522685777163379,1.6526912322710243,-3.01884955379421,-1.4945476313153787,-0.6486789367979173
1780435530.044230700,-0.04321672228956519,-1.5826300750718278,1.5880735460118425,-3.1617066022414066,-1.4157615455681265,-0.01484568740157588,-0.06211136981248868,-1.5217405153833239,1.6528908122997155,-3.021582735039661,-1.481792129148764,-0.6486789367982633
1780435530.094352484,-0.04269292981463124,-1.5831318467808506,1.5878634485524343,-3.1591057061245644,-1.4176388296275562,-0.01672388090423116,-0.06116229776499589,-1.521300496968979,1.6538929534593407,-3.029036215859404,-1.4602865134143144,-0.6486789367978583
1780435530.144248486,-0.042399347479866734,-1.5837894546201294,1.5877172194712807,-3.1561810658648772,-1.418690982115403,-0.019029355882195453,-0.058729962792997845,-1.521956243820802,1.6523088936653823,-3.018554664098302,-1.456329788586162,-0.6486789367980259
1780435530.194330692,-0.042283399665418386,-1.584567552419224,1.5876185740111812,-3.1530024441376634,-1.419106510463969,-0.021648207816875598,-0.05628793673553044,-1.5219548025865715,1.651800693503922,-3.0205098095506253,-1.4669014939014586,-0.6486789367986413
1780435530.244323254,-0.042283399665418386,-1.584567552419224,1.5876185740111812,-3.1530024441376634,-1.419106510463969,-0.021648207816875598,-0.05614239937686448,-1.5284219692951782,1.6555380921305762,-3.027603334151128,-1.472511502932419,-0.6612453075268887
1780435530.294080973,-0.04246195050184287,-1.5843303272334897,1.5876990234988448,-3.1541557982639015,-1.4184666259505558,-0.02308120130556013,-0.05396096417419749,-1.529870547519435,1.6502974456653259,-3.033329778488929,-1.473905255251647,-0.6612453075264282
1780435530.344101429,-0.042668006218345766,-1.5832378743079625,1.5878479038881161,-3.1586633274973908,-1.4177281532994224,-0.024315404750869796,-0.05215963201835589,-1.5339722906140167,1.6490875867804209,-3.032260358761373,-1.489882443460296,-0.6612453075267604
1780435530.394134998,-0.04281777244509577,-1.5819079463261794,1.5879799376423638,-3.163990169496265,-1.417191402018661,-0.02590109265915519,-0.05148950412271579,-1.5350174903779328,1.648351161154815,-3.0533417991241962,-1.4910357129932168,-0.6612453075267114
1780435530.444130659,-0.04292595124735765,-1.5803633216963107,1.5880921522614493,-3.170052355787564,-1.4168036908368098,-0.027825160221004452,-0.051150619322111804,-1.5379785454358323,1.647071809512065,-3.0557189324301324,-1.4856657321700475,-0.6612453075263509
1780435530.494120836,-0.043013726173127154,-1.5785955563055207,1.588184650389257,-3.1768924988160423,-1.4164891029671178,-0.029984187512509308,-0.05068450700961273,-1.5414310318644269,1.6459816975247656,-3.0524092226571313,-1.4847102290141965,-0.6612453075269376
1780435530.544132471,-0.043013726173127154,-1.5785955563055207,1.588184650389257,-3.1768924988160423,-1.4164891029671178,-0.029984187512509308,-0.049550402182319944,-1.5411736082696814,1.644468178857003,-3.0717990151560066,-1.4889798326324972,-0.6612453075270064
1780435530.594116449,-0.04310141399411194,-1.5766512212148438,1.588254816181915,-3.1843417862711147,-1.4161748237894418,-0.03235418729035011,-0.04912789128533965,-1.5413910832213409,1.6431059643367356,-3.0766210076900684,-1.4915692727636942,-0.6612453075265821
1780435530.644116879,-0.04334233973291646,-1.5750810664351036,1.5883441688797681,-3.190516540190454,-1.4153113111646016,-0.03389520499711729,-0.04877308544958273,-1.5423462737324751,1.642318900342002,-3.070617376008195,-1.4908907892448708,-0.6612453075268698
1780435530.694095373,-0.043937013201018615,-1.5744912835750213,1.5885313008945823,-3.1934307410568072,-1.413179797973032,-0.03274011247257125,-0.05341035215415248,-1.5348229573589958,1.6426801305132663,-3.0866887739185014,-1.4880328415511974,-0.6612453075265678
1780435530.744103909,-0.044881768240278674,-1.5749481363690574,1.5888284301924072,-3.1928590568590343,-1.4097931096313507,-0.029631254930987616,-0.056436883623550205,-1.5315668838240866,1.6438512743257978,-3.0747629369081717,-1.481349167432847,-0.661245307526191
1780435530.794198990,-0.044881768240278674,-1.5749481363690574,1.5888284301924072,-3.1928590568590343,-1.4097931096313507,-0.029631254930987616,-0.058211418466628535,-1.5294433046805418,1.6458533242371625,-3.0717893181843774,-1.4800539498764498,-0.6612453075266709
1780435530.844522715,-0.04595173545922471,-1.575468703697223,1.589161174878704,-3.1921866703427115,-1.405956991156125,-0.02617270983116171,-0.057946408215144275,-1.5258026329531305,1.6449103156496805,-3.0832488688108644,-1.4925140568951671,-0.6612453075264418
1780435530.894746542,-0.047034787284095714,-1.5758271816088678,1.589493586558589,-3.1921195096007144,-1.4020732824957314,-0.02228556990080932,-0.05797732872929787,-1.5256267820977722,1.644626994872626,-3.0775901455995776,-1.510811192951549,-0.6612453075261603
1780435530.944470882,-0.048119005428745254,-1.5761495187107304,1.5898223013155055,-3.1921744286629794,-1.3981846526325494,-0.017967803478849298,-0.05972704880477441,-1.5259062576378577,1.6456738836772005,-3.0817148003988213,-1.4979419350154908,-0.648678936797749
1780435530.994253159,-0.048119005428745254,-1.5761495187107304,1.5898223013155055,-3.1921744286629794,-1.3981846526325494,-0.017967803478849298,-0.06047402597528526,-1.525536129667227,1.645373437460671,-3.0871903790869615,-1.4933774985830122,-0.6486789367974293
1780435531.044402122,-0.04923199952309698,-1.5764476442787512,1.590155497059244,-3.19233833384246,-1.3941919881608724,-0.013169356163619028,-0.06011226541396074,-1.5263191893946813,1.6438236543119797,-3.0796952085556657,-1.5017693705705641,-0.648678936797599
1780435531.094294310,-0.050374477943977425,-1.5767308607628259,1.5904930380505786,-3.19257616139022,-1.390092619087472,-0.00782979104823145,-0.05971038015732244,-1.5258437398469562,1.6432747646739008,-3.0890622558878658,-1.5156248133579928,-0.6486789367976165
1780435531.144345760,-0.05152679189607845,-1.5769752933517527,1.5908287385265456,-3.192953638780536,-1.3859569331795072,-0.001954317276237738,-0.060236458743470965,-1.5263589217968372,1.6430652607830567,-3.094421248308509,-1.5186793282736482,-0.6486789367971793
1780435531.194274426,-0.052692869138118326,-1.5771894111991847,1.5911635228823269,-3.1934429420763744,-1.3817707329457196,0.004513452071297168,-0.061496142711436344,-1.5289182451838217,1.642916246502042,-3.0859619044226276,-1.5111311616258043,-0.6486789367973551
1780435531.244177818,-0.052692869138118326,-1.5771894111991847,1.5911635228823269,-3.1934429420763744,-1.3817707329457196,0.004513452071297168,-0.062229086918342495,-1.5288219559166025,1.6427846975146807,-3.1001988014545043,-1.5068225608297094,-0.6486789367974628
1780435531.294114351,-0.053924728999517946,-1.5773630618584278,1.5915115299716345,-3.1941371502942406,-1.3773470753799604,0.011704873951815428,-0.06196215400380193,-1.529574107196333,1.6406851761483956,-3.0973635470869656,-1.5165739237892177,-0.6486789367971827
1780435531.344139338,-0.05520501199290351,-1.577497843200348,1.5918668769016688,-3.1950084086927095,-1.3727480264426388,0.01965704322001756,-0.05769173321165934,-1.5289568220151555,1.641625221751329,-3.092740682977607,-1.5274368939229117,-0.6486789367978657
1780435531.394281387,-0.055938630821234625,-1.5781799676487047,1.5920737167406964,-3.1932525097483184,-1.3701119857443773,0.02042024100066754,-0.05510930500637229,-1.5262517268346647,1.6458026400938675,-3.102444511886638,-1.5060839931309264,-0.6612453075392686
1780435531.444320202,-0.055938630821234625,-1.5781799676487047,1.5920737167406964,-3.1932525097483184,-1.3701119857443773,0.02042024100066754,-0.05355041740450112,-1.5251792088248104,1.6464910241930761,-3.0972772469544543,-1.5010417709599597,-0.6612453075391942
1780435531.494225264,-0.05622505077399964,-1.578638781604555,1.5921547200398383,-3.19184783838993,-1.3690826724221932,0.019329875820548934,-0.052262805869105367,-1.5251682188585525,1.6463016580511267,-3.092934974583397,-1.5098312946608208,-0.6612453075394915
1780435531.544404268,-0.05621018902934516,-1.5788199279632114,1.5921514562484056,-3.191157366246448,-1.3691360834646016,0.01692197374386852,-0.05066587002327868,-1.523517438601588,1.6480298985733102,-3.108258970666166,-1.5248828887725505,-0.6738116782679868
1780435531.594294786,-0.055680683148086274,-1.5791689879942528,1.5920066405206057,-3.189293598304153,-1.3710389057459977,0.012244660222459,-0.05007359972320647,-1.5218605944594694,1.6474239287571408,-3.0973165671016676,-1.517780019597287,-0.6738116782682598
1780435531.644409418,-0.055680683148086274,-1.5791689879942528,1.5920066405206057,-3.189293598304153,-1.3710389057459977,0.012244660222459,-0.05125753489365917,-1.5211306615420916,1.6499183941202102,-3.095721739004762,-1.515614551580475,-0.6738116782685146
1780435531.694266081,-0.054913116758285696,-1.5792870206575458,1.59179310419269,-3.18803085666637,-1.3737967157458524,0.006857220911052566,-0.0474614276961864,-1.5201278521985317,1.64941706363574,-3.1080582761492987,-1.5295939983542743,-0.6738116782682098
1780435531.744198799,-0.05473344154964277,-1.5785050709111417,1.591743233242569,-3.1907579683655856,-1.3744421917183498,0.002155988926593316,-0.04605437444378978,-1.5225533352173386,1.6496983141285773,-3.097517456436012,-1.5296698661345431,-0.6738116782681577
1780435531.794239044,-0.05485152431507956,-1.5777361623266293,1.591771924157371,-3.1937466492091966,-1.3740179876665835,-0.0016938213789554624,-0.04573823765114332,-1.523253124200977,1.6482172780188507,-3.098830538160463,-1.517240713169225,-0.6738116782683595
1780435531.844223022,-0.05571122634289427,-1.5777806783458352,1.5920081816367342,-3.194495487613593,-1.3709291540766841,-0.001805163452489822,-0.049993052474136435,-1.5195697781444766,1.6480300087219715,-3.109448045100411,-1.5047462530489206,-0.673811678267613
1780435531.894279480,-0.05571122634289427,-1.5777806783458352,1.5920081816367342,-3.194495487613593,-1.3709291540766841,-0.001805163452489822,-0.05363455379101802,-1.5170004222509448,1.6482459824611866,-3.091657741613117,-1.500083188163451,-0.6738116782678836
1780435531.944223404,-0.05724780650188421,-1.5790396917433815,1.5924337633801728,-3.191427741051486,-1.3654064725835937,0.0011592282224905017,-0.054327510413412265,-1.5108951923803797,1.6492154876713525,-3.092844078434224,-1.5068031460592046,-0.673811678268169
1780435531.994381428,-0.058743086279593015,-1.5809343978464376,1.5928344078206351,-3.185899754507499,-1.360029777311322,0.0029843338591807743,-0.05509419201530923,-1.505479996923909,1.6492619051203172,-3.095509335719878,-1.526489332913032,-0.67381167826774
1780435532.044491053,-0.060242265864901334,-1.5827918280963402,1.5932148432625775,-3.1804555115860493,-1.3546364760305245,0.004963003819234717,-0.05708326173558924,-1.5068931158097385,1.6519030863721877,-3.0836054903945644,-1.5298267978458282,-0.6738116782676254
1780435532.094279766,-0.061678427373172084,-1.5843477397020216,1.593564808023313,-3.1760310898351394,-1.349467314308221,0.007100999100507064,-0.05943343172589988,-1.5067179534681054,1.6522971677570601,-3.084764927559222,-1.5127424321413503,-0.6738116782679695
1780435532.144236803,-0.061678427373172084,-1.5843477397020216,1.593564808023313,-3.1760310898351394,-1.349467314308221,0.007100999100507064,-0.0606539792575398,-1.5058620569337267,1.6518926816993886,-3.0905045233899613,-1.5049574765678564,-0.6738116782677265
1780435532.194471359,-0.06303952097691479,-1.5858597149983877,1.5938807912914124,-3.171652565686075,-1.3445658988917835,0.009428610606799124,-0.060916171400697876,-1.5069417906772973,1.6506693135015635,-3.0782116863797864,-1.5081810137177218,-0.6738116782677372
1780435532.244272709,-0.06434244668900213,-1.5873575851749457,1.5941673629572082,-3.1672268752620854,-1.3398716122839067,0.011937086823676663,-0.06109196858705181,-1.5069484494788403,1.6501684257331586,-3.080363103023956,-1.5140449041912554,-0.67381167826786
1780435532.294473648,-0.06555809638682142,-1.5886636413419506,1.5944259913210395,-3.1634111540254652,-1.3354896154977318,0.013780214654556953,-0.059520644569515245,-1.50788278223797,1.652539872954637,-3.0878793698352895,-1.5120852990311133,-0.6738116782676847
1780435532.344516754,-0.06661743817160293,-1.589529486037521,1.594656321705928,-3.1611083950361287,-1.3316692907505878,0.013827016275400021,-0.05898318129356785,-1.5108169189969365,1.6516516284697749,-3.072543102917833,-1.5015798685774335,-0.6738116782677819
1780435532.394389153,-0.06661743817160293,-1.589529486037521,1.594656321705928,-3.1611083950361287,-1.3316692907505878,0.013827016275400021,-0.05951709869885901,-1.5117802192365053,1.6517482769948868,-3.0755979159678533,-1.496360877359826,-0.6738116782682114
1780435532.444288015,-0.06764524852230647,-1.5904025385800784,1.5948723444324766,-3.158728136169459,-1.3279610525792709,0.013943152482721436,-0.05886930284693732,-1.5109938348124468,1.6505176917125968,-3.0841058307581353,-1.5048312268901032,-0.6738116782679355
1780435532.494257212,-0.06871584255762286,-1.5913199346931801,1.5950906742281559,-3.156197481728216,-1.3240966963419343,0.014039454372502652,-0.058565054153681836,-1.5131215335354922,1.6493812348624377,-3.0706104557771132,-1.5147068847772442,-0.6738116782678332
1780435532.544306755,-0.06983738569213394,-1.5923009715165506,1.5953112020764826,-3.153446144989819,-1.320046449360115,0.014092459655147367,-0.05953869668365667,-1.5145448012671858,1.6501169106264229,-3.071018015386422,-1.506325844201385,-0.6738116782680631
1780435532.594286680,-0.07101811011119352,-1.5933409906706464,1.5955349871521995,-3.150495823634902,-1.3157802089197954,0.014169583224628999,-0.06066797608365791,-1.5147082291725757,1.6503839042775936,-3.077621575798605,-1.4859414018046917,-0.6738116782678004
1780435532.644252539,-0.07101811011119352,-1.5933409906706464,1.5955349871521995,-3.150495823634902,-1.3157802089197954,0.014169583224628999,-0.06099554865353496,-1.5168825693356833,1.6494965489318225,-3.0634210430394493,-1.4791214402834962,-0.6738116782679209
1780435532.694243670,-0.07225116326203995,-1.5944257854520076,1.5957600409266222,-3.147391370346724,-1.3113223208219535,0.014305093190840602,-0.06055875577779459,-1.5167788674622686,1.649028157619253,-3.0669290973509074,-1.4848431733244913,-0.6738116782682729
1780435532.744457245,-0.07352734909625269,-1.5955635381369877,1.5959822926287863,-3.1440884116600296,-1.306705631614868,0.014492263062038935,-0.060903630574709405,-1.5171424670642217,1.6488860049973717,-3.0726362130380513,-1.4868411634218897,-0.6612453075394497
1780435532.794510603,-0.07490909695388481,-1.5964006739944772,1.596245904738194,-3.142031562966955,-1.3017036649765448,0.015571613331724946,-0.06193285389732208,-1.5235995898407886,1.6497312261056332,-3.058787249499422,-1.4989167686477254,-0.6738116782676522
1780435532.844337463,-0.07612540680782764,-1.59599561431265,1.5965661430231115,-3.144690491673872,-1.2972975626595815,0.016270868061092143,-0.061396919896231986,-1.5258544242898529,1.6484462417943424,-3.069118277165458,-1.4758356658127003,-0.6738116782680859
1780435532.894289970,-0.07612540680782764,-1.59599561431265,1.5965661430231115,-3.144690491673872,-1.2972975626595815,0.016270868061092143,-0.06142781582282239,-1.5270755171854002,1.6478358799250523,-3.0776862237153386,-1.4657982111219239,-0.6738116782678709
1780435532.944404364,-0.07710053833939146,-1.5956940335546292,1.5968137980929544,-3.146710879526644,-1.2937630231367203,0.01643113005966366,-0.06101567739207791,-1.5292077393086325,1.6462588156623423,-3.066064927741206,-1.4671115829888908,-0.6738116782678979
1780435532.994602680,-0.07794315575687882,-1.5955116206174003,1.5970173111649884,-3.148137017015806,-1.2907072539398046,0.01632403335485628,-0.060762672511530995,-1.5294488842643803,1.6458661808751431,-3.067896061605591,-1.472895797262111,-0.6738116782682991
1780435533.044714928,-0.07867234596047368,-1.5954098389609195,1.5971864126458526,-3.1491427833616754,-1.2880616457687202,0.01600713881182099,-0.06117180919542429,-1.5292513001023904,1.6459168646018194,-3.073330096926234,-1.4732235357898487,-0.6612453075394009
1780435533.094130278,-0.07930619807804362,-1.5953700612178539,1.5973280553702223,-3.1498205429319874,-1.2857610286409296,0.015500226441515996,-0.061967247018348,-1.5302805172827467,1.6463299032208463,-3.0697743841946985,-1.4763652150669924,-0.6612453075388716
1780435533.144162416,-0.07985381937857294,-1.5954039746836344,1.5974446197506602,-3.150135448300386,-1.283772701665277,0.014807917175568126,-0.06383013700583608,-1.5327100547287165,1.6470941040550504,-3.0581001479567846,-1.466542481102972,-0.661245307539431
1780435533.194151640,-0.07985381937857294,-1.5954039746836344,1.5974446197506602,-3.150135448300386,-1.283772701665277,0.014807917175568126,-0.06521282085982538,-1.5329993896580518,1.647279768440913,-3.065964974213079,-1.4601739577519233,-0.661245307539501
1780435533.244183302,-0.08037871745056968,-1.5952443480470802,1.5975671284555608,-3.151181224661048,-1.2818662692809388,0.01460651151547417,-0.06506703406291871,-1.5332786311090842,1.6456494677199636,-3.06792463121766,-1.4674159493190813,-0.6612453075389165
1780435533.294169903,-0.08089557466583575,-1.5949401805100845,1.5976945302217682,-3.1527768510542185,-1.2799884506931383,0.01481848548869897,-0.06516707787325976,-1.5352178383154156,1.6449993824448377,-3.061947632179276,-1.4726992102727483,-0.6612453075392819
1780435533.344167233,-0.0813702402446701,-1.594657731842461,1.5978093645724238,-3.154248296916009,-1.2782633981601528,0.014959723718275975,-0.06629786256170957,-1.535832444360536,1.6461602051431423,-3.0743262670338227,-1.4613303296516482,-0.661245307539256
1780435533.394303799,-0.08178767860995961,-1.5943073063424356,1.59791364902041,-3.1559322288805784,-1.2767459056624926,0.015232777824195742,-0.0672989054689745,-1.5376203374146824,1.6456700632288106,-3.070875385102098,-1.444518560708101,-0.6612453075387009
1780435533.444170713,-0.08178767860995961,-1.5943073063424356,1.59791364902041,-3.1559322288805784,-1.2767459056624926,0.015232777824195742,-0.0681520531149102,-1.5396665877996796,1.6457627454854127,-3.0621276725149285,-1.4396707647064548,-0.6612453075393236
1780435533.494259357,-0.0822679223409386,-1.5940486817429882,1.5980239305831134,-3.157304525562349,-1.27499961115746,0.016235311433466414,-0.06748236754578968,-1.5374291945308682,1.6456251632215297,-3.072594308718627,-1.447942294310483,-0.6612453075393944
1780435533.544227600,-0.08297114973266773,-1.5940119088514235,1.5981667479923427,-3.1579864772453012,-1.272441533215269,0.017752944612615833,-0.06658966987405143,-1.5377001370796197,1.6449343628901119,-3.0667969897644687,-1.4642309971777112,-0.6612453075387589
1780435533.594259977,-0.08379110594053074,-1.5940226217693558,1.598328210628109,-3.1585661993483436,-1.2694573841910541,0.019257323478442404,-0.06746615922405808,-1.540063251339176,1.6457019193233124,-3.056409976503377,-1.460051303165433,-0.6612453075391554
1780435533.644286156,-0.0847296318715074,-1.5940914694813122,1.5985073304259858,-3.1590005705218838,-1.2660397537574148,0.020741408452991845,-0.06860208657291135,-1.5399375784935616,1.6464395789156963,-3.0656217981473297,-1.438962445013265,-0.6612453075392958
1780435533.694358110,-0.0847296318715074,-1.5940914694813122,1.5985073304259858,-3.1590005705218838,-1.2660397537574148,0.020741408452991845,-0.06846993151450177,-1.540528902969597,1.6455617566797667,-3.0632400706076135,-1.430219660799546,-0.6612453075387021
1780435533.744441271,-0.08578641473255733,-1.5941942202949297,1.5987039914758245,-3.1593785727390014,-1.2621889373658233,0.0222833964114962,-0.06723392567065717,-1.541224780495413,1.6446039483262778,-3.0582647791428936,-1.4429949466537828,-0.6738116782682215
1780435533.794222355,-0.08695881614346668,-1.5943135499371914,1.5989170811585591,-3.1597601672454587,-1.2579135779323236,0.02392901937964547,-0.06816402052770437,-1.5422415667114562,1.6453502001751743,-3.060642439645515,-1.4283386802206381,-0.6612453075259663
1780435533.844246626,-0.08695881614346668,-1.5943135499371914,1.5989170811585591,-3.1597601672454587,-1.2579135779323236,0.02392901937964547,-0.06618533685266449,-1.5397896190165952,1.6450135203114982,-3.0567325620245156,-1.4248933694514394,-0.6612453075275108
1780435533.894262314,-0.08757437678695101,-1.5954420913392955,1.5989836773605588,-3.1558467335343003,-1.2556674398292174,0.02112901824023151,-0.06215843360344313,-1.5287087947480362,1.648798324283483,-3.059754036221975,-1.4323661781151338,-0.6612453075283815
1780435533.944240332,-0.08676186621218385,-1.597486433616461,1.5987211409663844,-3.1473300243587428,-1.2586320307201184,0.012105497427017123,-0.06604041559512429,-1.5285076354291816,1.6562234021440658,-3.061165739199271,-1.4362419587064377,-0.6612453075270723
1780435533.994238377,-0.08540157421472294,-1.5978142995999898,1.5984338810663614,-3.1450482140771063,-1.2635915766655046,0.005034783945226019,-0.06833172895694269,-1.5308625518918388,1.6568040575475782,-3.052258599605783,-1.4353692022263222,-0.6612453075268906
1780435534.044529438,-0.08450121592342441,-1.5985501212882127,1.598198769969189,-3.141483275198673,-1.2668717222575872,0.0018731474927748864,-0.07178704628633635,-1.5264684193541402,1.656353132856136,-3.0580298053734203,-1.4307567291918164,-0.6612453075273107
1780435534.094759941,-0.08450121592342441,-1.5985501212882127,1.598198769969189,-3.141483275198673,-1.2668717222575872,0.0018731474927748864,-0.07419463763177428,-1.5237155489078509,1.6575934537932602,-3.0616151241366985,-1.4155348654754996,-0.6612453075264713
1780435534.144302845,-0.08379469420915342,-1.5998083993734662,1.597947417554941,-3.1359761066929446,-1.2694443215615596,-0.001332087464655629,-0.07560925399336381,-1.5243064311235495,1.6586579192715392,-3.050271516675055,-1.4125351935947832,-0.6612453075269517
1780435534.194265366,-0.08293347269841256,-1.6007107054022942,1.5976784363702294,-3.131718372473729,-1.272578617191102,-0.005528270739150187,-0.07275202978363332,-1.523450507766051,1.6594046668133247,-3.059982420710786,-1.4225222005937304,-0.6612453075275319
1780435534.244238615,-0.08189555282592842,-1.6011423381388505,1.597406602428662,-3.1291647659464634,-1.276353691926218,-0.01126022123769399,-0.07184992391455843,-1.5238455866293181,1.6585792126873597,-3.0615293615201558,-1.4343114952686673,-0.6612453075266581
1780435534.294410706,-0.08088859011255423,-1.6015168582225225,1.59713960183486,-3.126842121686852,-1.2800138305446822,-0.01697686848334623,-0.0721367972754225,-1.5265248693294327,1.6577308124813364,-3.0510674141158187,-1.4332019125402031,-0.6612453075272519
1780435534.344352007,-0.08088859011255423,-1.6015168582225225,1.59713960183486,-3.126842121686852,-1.2800138305446822,-0.01697686848334623,-0.07243933815479725,-1.5266231595676754,1.6575394792587455,-3.061381898682712,-1.419546396548316,-0.6612453075271555
1780435534.394246340,-0.07994157128040769,-1.6019291500003447,1.596874500147727,-3.124397220341438,-1.2834540280910733,-0.02293562240024105,-0.07251582069140976,-1.5285052976287732,1.6570629887621473,-3.0572919820187017,-1.409955904160509,-0.6612453075264518
1780435534.444385052,-0.07903173618940329,-1.6023639924114539,1.5966079658950503,-3.121873095653187,-1.2867573148281526,-0.029111648833867854,-0.07259885656381175,-1.531261017283624,1.6563104511295095,-3.0455170309989237,-1.4079857893361232,-0.6612453075274637
1780435534.494124413,-0.07813507677507303,-1.6028286285432962,1.5963333185334503,-3.119220128844539,-1.2900110440717976,-0.03554266789738403,-0.07159209598814877,-1.530656148980177,1.655247655019944,-3.054483832790936,-1.4179221399336088,-0.661245307527537
1780435534.544396639,-0.07724668517388267,-1.6033358153935406,1.5960471469144564,-3.116381341679161,-1.2932331226920208,-0.04228612188961023,-0.07121318466111096,-1.5321023602981523,1.6542162982707667,-3.0485339021316546,-1.4217567805205658,-0.6612453075268298
1780435534.594246626,-0.07724668517388267,-1.6033358153935406,1.5960471469144564,-3.116381341679161,-1.2932331226920208,-0.04228612188961023,-0.07277840674622323,-1.537817661788126,1.654964178070913,-3.0371643583654055,-1.4209692125666573,-0.6612453075270834
1780435534.644351006,-0.07656299548384826,-1.6031081474497704,1.5959079113882393,-3.116694500217793,-1.295711679301217,-0.046812506106260976,-0.07398585104113595,-1.5407467704199487,1.6504867999770962,-3.0513223193575336,-1.4102281879676455,-0.6612453075265317
1780435534.694194078,-0.07624237279965307,-1.6019600498232203,1.5959803749918744,-3.1210549490932245,-1.2968736986043403,-0.04814787133065224,-0.07450184201399908,-1.545763240416833,1.6506619309361918,-3.0531001174226104,-1.4080797412071064,-0.6612453075258623
1780435534.744273424,-0.07595459002071969,-1.6007484330210282,1.5960585910118543,-3.125675920700666,-1.2979165238616144,-0.04921819375961878,-0.0749872261985299,-1.5493813613925855,1.6483153302554494,-3.0496029892420013,-1.390187689355024,-0.6612453075267595
1780435534.794213057,-0.07584023676376539,-1.5996964761068426,1.5961506346833723,-3.129787275703577,-1.298330855154802,-0.04875925863697983,-0.0766434836265674,-1.5483398467967904,1.649733603918821,-3.072033684331413,-1.3844123006543108,-0.6612453075266667
1780435534.844207764,-0.07584023676376539,-1.5996964761068426,1.5961506346833723,-3.129787275703577,-1.298330855154802,-0.04875925863697983,-0.07659953239490824,-1.5478542514578821,1.648389912164569,-3.068704151608184,-1.3928781165360102,-0.6612453075261719
1780435534.894228935,-0.07599898574686392,-1.5988967614322025,1.5962741167204766,-3.1331166915972926,-1.2977556597774242,-0.04716287221100757,-0.07624709869426805,-1.5482000543876921,1.647701382047247,-3.0617679500647315,-1.4044495643882502,-0.6612453075266882
1780435534.944311619,-0.07633491820677385,-1.5981766617154758,1.5964260002744117,-3.136271927990507,-1.2965383111936237,-0.04522456366478966,-0.0768027219174487,-1.5473291613901585,1.6485829570298696,-3.0718781676779368,-1.4037643145536918,-0.6612453075266224
1780435534.994247437,-0.0768364648657549,-1.5975172955845816,1.596605171492105,-3.139316902043777,-1.2947203932993014,-0.042880303607508274,-0.07759531134730595,-1.5482189068736911,1.6484911506276974,-3.0645069888105505,-1.3984010785189802,-0.6612453075258188
1780435535.044290304,-0.07749405991484704,-1.5969417550668172,1.5968068920742298,-3.1421503248273184,-1.2923360901191323,-0.04016604715671601,-0.078403978217379,-1.549245118811018,1.6486181997817262,-3.057550168617144,-1.3973631144626193,-0.6612453075266858
1780435535.094294786,-0.07749405991484704,-1.5969417550668172,1.5968068920742298,-3.1421503248273184,-1.2923360901191323,-0.04016604715671601,-0.07846545809601554,-1.547438919142869,1.648083959841514,-3.0681142044632956,-1.3967161376336439,-0.6612453075267849
1780435535.144271374,-0.07832720058647791,-1.5964513000041096,1.5970351093388688,-3.1447816181553745,-1.2893140218357049,-0.03704444582511979,-0.07823688109594913,-1.5476392868282156,1.647436858286392,-3.06271628288069,-1.3989061299979066,-0.6612453075259259
1780435535.194271326,-0.07934766692695572,-1.5960500899217225,1.597291208716068,-3.1472002893793536,-1.2856104843147467,-0.033481249675197944,-0.07816960655167084,-1.5484909766896289,1.6469107608626188,-3.0530851584519274,-1.3982647032409667,-0.6612453075265172
1780435535.244309902,-0.08053487251529567,-1.5960997168327058,1.597545508091229,-3.1479733649660147,-1.2812989969856332,-0.030819334167440537,-0.07509699163140969,-1.542812403216792,1.6480633329816265,-3.066442748853071,-1.384584676007397,-0.6612453075268689
1780435535.294262648,-0.08165527733361433,-1.5973167467187244,1.5976986390654877,-3.1441087279648046,-1.2772272598950831,-0.03108562330558673,-0.07494861161276328,-1.5404339253952166,1.650890445571631,-3.0549698412604847,-1.3812388825732542,-0.6612453075262379
1780435535.344268560,-0.08165527733361433,-1.5973167467187244,1.5976986390654877,-3.1441087279648046,-1.2772272598950831,-0.03108562330558673,-0.07757974604459011,-1.5370967731531007,1.6511706820767345,-3.050271871789094,-1.3602061667489964,-0.6612453075270001
1780435535.394217730,-0.08277309095487695,-1.5989756260576664,1.5978040481825173,-3.1384677369677614,-1.2731621125901516,-0.03077621597558,-0.07959074342849361,-1.5332724708467573,1.6517915944802106,-3.055973308461354,-1.352429672010434,-0.6612453075271965
1780435535.444309473,-0.08439178306320283,-1.6003607119082455,1.5980225068445015,-3.1342506099633978,-1.2672702693489493,-0.028341337012495416,-0.07956340378286493,-1.5381064122184975,1.6549863601815222,-3.047576250687368,-1.369236107422127,-0.6486789367970697
1780435535.494188547,-0.08706924375775849,-1.6002442005093886,1.5985777930973297,-3.136726695578895,-1.2575107064382607,-0.02180320711029271,-0.07854361185929827,-1.540520852900011,1.650493977004841,-3.049263088955936,-1.3598156571008388,-0.6612453075262518
1780435535.544137001,-0.08982989260581942,-1.5998067265941707,1.599140731739713,-3.1404181128135287,-1.247428789945797,-0.014743608363406047,-0.07902479689614623,-1.542460775925253,1.6497593062944844,-3.0654075307541317,-1.3485159129841529,-0.6612453075258948
1780435535.594149113,-0.08982989260581942,-1.5998067265941707,1.599140731739713,-3.1404181128135287,-1.247428789945797,-0.014743608363406047,-0.07926619212674124,-1.5464418340837147,1.6490660471724323,-3.0679978596367734,-1.3443677834984926,-0.6612453075248176
1780435535.644105434,-0.0926983969037316,-1.5990313742734417,1.599703575754567,-3.145377838194835,-1.2369311935541418,-0.006916239049575168,-0.07993977200123001,-1.5504264040711275,1.6466185621324971,-3.0661303606776467,-1.3424193772604411,-0.6612453075260643
1780435535.694125652,-0.09566609327126496,-1.5978948943956706,1.6002485920060756,-3.151651488023896,-1.2260458355581791,0.001995664265780489,-0.08049866955585722,-1.5523761686783022,1.6450279373231278,-3.085075553611272,-1.3523858788236787,-0.6612453075259622
1780435535.744120836,-0.09847244155163182,-1.59698299369669,1.6007015338871338,-3.156799002247391,-1.2157277988900805,0.007036171695392368,-0.07232408008391547,-1.5499063498415806,1.6489076818770427,-3.092407174063762,-1.3512226492276806,-0.6612453075268072
1780435535.794261694,-0.10070019842914757,-1.5965373287828601,1.6010191927911555,-3.159717606424339,-1.2075192287576977,0.006753985758636542,-0.06972028846904539,-1.5496418116118829,1.649706968097161,-3.0818197376306324,-1.3701011409006403,-0.6612453075266053
1780435535.844274759,-0.10070019842914757,-1.5965373287828601,1.6010191927911555,-3.159717606424339,-1.2075192287576977,0.006753985758636542,-0.0705021057724032,-1.549288304490183,1.6501731826796913,-3.083923764663032,-1.3714527757338266,-0.6612453075275943
1780435535.894275427,-0.10267860572342524,-1.5959241059377147,1.601282244274123,-3.1630717198734493,-1.2002156226979501,0.00582059626044173,-0.07224143829336804,-1.549423347843904,1.6512903875163907,-3.0901999266636118,-1.3595409781274685,-0.6612453075264857
1780435535.944221735,-0.10450267992015405,-1.5951551677541156,1.601504123889913,-3.1668751284055654,-1.1934698268048765,0.004199348451820775,-0.07286650343973666,-1.550831986689361,1.650715306714658,-3.0822165331180695,-1.3560790249216976,-0.6612453075267841
1780435535.994263649,-0.10618014390485442,-1.5943069431138746,1.6016860195217548,-3.170847595854428,-1.187255784996398,0.002189113184680034,-0.0744448659921203,-1.549319957300301,1.6501804277732948,-3.087611092511516,-1.3654739130143834,-0.6612453075276841
1780435536.044172764,-0.10793428029158303,-1.5943643000608585,1.6018647345124273,-3.171383422472407,-1.1807466835197449,0.002297447641108733,-0.07805472306865945,-1.5446418912345345,1.6502798965474417,-3.09496569302486,-1.3682371017809394,-0.6612453075268679
1780435536.094252586,-0.10793428029158303,-1.5943643000608585,1.6018647345124273,-3.171383422472407,-1.1807466835197449,0.002297447641108733,-0.07906841671663681,-1.5432641613114706,1.652139762122289,-3.084343590081333,-1.3682448598427048,-0.6612453075266264
1780435536.144226074,-0.1095255362005556,-1.5944614570721996,1.6020171079383845,-3.1716622971820048,-1.174831942339197,0.0012617208409323704,-0.0818465514121946,-1.5418918664997445,1.653264907797329,-3.0845468708680115,-1.3542055431444793,-0.6612453075274578
1780435536.194162130,-0.11101395554574633,-1.5944325381742255,1.602149065182609,-3.1723421602442157,-1.1692905586140618,0.0008628710722186692,-0.08476550028712034,-1.539856777497154,1.6538836015879286,-3.092837715228215,-1.331902207248784,-0.661245307526581
1780435536.244302750,-0.1124516260759485,-1.5943764087607741,1.6022673541768129,-3.1730745714590514,-1.163929744952874,0.0009095656571359442,-0.0865880601495945,-1.540645730873858,1.6534896853902994,-3.0777669109914165,-1.3252815239984457,-0.661245307526704
1780435536.294180393,-0.11384552023292827,-1.5943557923136806,1.6023745709764767,-3.173629098210795,-1.1587241231668575,0.0012551933860798577,-0.08757759781644563,-1.538972686198881,1.653435988304528,-3.082739849564861,-1.3323648883290318,-0.6612453075276856
1780435536.344280481,-0.11384552023292827,-1.5943557923136806,1.6023745709764767,-3.173629098210795,-1.1587241231668575,0.0012551933860798577,-0.08804143818534932,-1.5366263307808072,1.6530491042232789,-3.0921879513939876,-1.3503108680746805,-0.6612453075265186
1780435536.394252300,-0.11521485408045962,-1.5944099479362928,1.6024741229592279,-3.1738674996617133,-1.15360233291704,0.0018323825524936832,-0.09001917672005992,-1.538103683288913,1.6534503655880262,-3.077812297262166,-1.3547348587022519,-0.6612453075263576
1780435536.444279671,-0.11658451811790549,-1.5945509278350514,1.6025688870314296,-3.173753866281908,-1.1484713044274075,0.0026301648897784895,-0.09298702062883266,-1.5378932798805875,1.6546844446083722,-3.0774485073405162,-1.335253482327342,-0.6612453075274991
1780435536.494246006,-0.11793031517026709,-1.5951313269144203,1.6026674921516555,-3.1719587906083593,-1.1434217148182277,0.002849986296943423,-0.09392521520580277,-1.5333255685430052,1.654304432069542,-3.087861766202251,-1.3262463583533932,-0.6612453075267786
1780435536.544236183,-0.11924922659011994,-1.596239244558534,1.602770075609544,-3.168143122585535,-1.1384651680142897,0.00246558375257136,-0.09479362921606949,-1.5323953912346981,1.6546650629581368,-3.0747769335956012,-1.3275908965557959,-0.6612453075266982
1780435536.594271660,-0.11924922659011994,-1.596239244558534,1.602770075609544,-3.168143122585535,-1.1384651680142897,0.00246558375257136,-0.09589651235018484,-1.5301903878583536,1.6551000125238307,-3.07753870042499,-1.325730576102566,-0.6612453075276481
1780435536.644249201,-0.12059767004275734,-1.5975148688209257,1.6028669328171479,-3.1636623382271996,-1.1333894447336332,0.0021217800520028167,-0.09568561740489809,-1.524343489866518,1.656170339590532,-3.086133044143173,-1.3265566271145492,-0.6612453075266054
1780435536.694245815,-0.12151246556093476,-1.5987664811474795,1.6029289969429865,-3.1591293691702873,-1.1299412235068829,-0.0007086361623960258,-0.09866890826110704,-1.5322302105616217,1.666123646077006,-3.0749060132829777,-1.3261714062832317,-0.6612453075264798
1780435536.744355917,-0.1224101875112229,-1.5982559471759998,1.6029694926459892,-3.161270415837434,-1.1265535171639165,-0.0025573297346666024,-0.0993156366814076,-1.5315504241786426,1.663459492247202,-3.075916769826113,-1.3041937195024553,-0.6612453075279906
1780435536.794605970,-0.12320043799304692,-1.5975568206049902,1.602994711636413,-3.164084261216175,-1.1235681793038061,-0.004794044359315741,-0.10011010531039133,-1.5323813314456753,1.6635574487013352,-3.081847312432455,-1.297100726142167,-0.661245307526712
1780435536.844534874,-0.12320043799304692,-1.5975568206049902,1.602994711636413,-3.164084261216175,-1.1235681793038061,-0.004794044359315741,-0.09992436620155941,-1.534563513544267,1.6616011890232385,-3.070250424712725,-1.2972081149723063,-0.6612453075268069
1780435536.894176006,-0.12390683345956965,-1.596697896494808,1.6030040796357623,-3.1674640545082333,-1.1208970583390006,-0.007377448162258382,-0.10055115196260249,-1.5362318411300295,1.6602445162205648,-3.0703941785203908,-1.2902467526320525,-0.6738116782688188
1780435536.944160938,-0.12454161224534754,-1.5956945757373786,1.602996119095529,-3.1713503084720944,-1.118494657102632,-0.010275033862765959,-0.1002149224687615,-1.5361837922242128,1.6597106002555304,-3.083792260103016,-1.3071254337874767,-0.6738116782686726
1780435536.994277477,-0.1251027611434843,-1.594564802126123,1.602968981813389,-3.175671157620524,-1.116369255758329,-0.013411752428441837,-0.10081989953193525,-1.538015287397375,1.658846012724506,-3.0815042618031687,-1.3133703642727848,-0.6738116782672332
1780435537.044327497,-0.12562107351277607,-1.5933714669540553,1.6029245192914525,-3.1801938983020754,-1.1144047036313225,-0.016531003613615702,-0.10361001723780908,-1.5396756193555179,1.658450515283549,-3.0733656820485837,-1.3052620536239925,-0.6738116782685053
1780435537.094288588,-0.12619552672923362,-1.5926370266394496,1.6028961462232387,-3.1830016574848274,-1.1122257795749046,-0.017858229144381177,-0.10707219057478226,-1.5374759232457338,1.6588905481210072,-3.0831222634581,-1.2970701783529646,-0.6738116782689769
1780435537.144262314,-0.12619552672923362,-1.5926370266394496,1.6028961462232387,-3.1830016574848274,-1.1122257795749046,-0.017858229144381177,-0.10794310795922192,-1.5355576342531538,1.6576152288656771,-3.08318783884009,-1.301744583878591,-0.67381167826742
1780435537.194222689,-0.12677772920654018,-1.5919351669827586,1.6028633669465744,-3.1856756470228005,-1.1100157502340906,-0.018933189823459706,-0.10923393230484311,-1.5357992193162042,1.6576050292826374,-3.074476404230129,-1.3010934083434627,-0.6738116782684481
1780435537.244107962,-0.1273295677703281,-1.5912553328824401,1.6028254059066536,-3.1882507894452488,-1.107919376508729,-0.019727885056598282,-0.11119999808105825,-1.5343745947926202,1.6584814909743952,-3.085280207349678,-1.287331267194597,-0.673811678268419
1780435537.294111252,-0.12784865263167333,-1.5905963245609067,1.6027828752353317,-3.1907329054540075,-1.1059459922914874,-0.020248403716474073,-0.11273990305289228,-1.534534340291148,1.658262242628516,-3.079158985766914,-1.2762679698451593,-0.6738116782671828
1780435537.344112158,-0.1283230276280296,-1.5899602646598332,1.6027365524259205,-3.1931145559311513,-1.1041413507363158,-0.02047900229029853,-0.11427605030859836,-1.5347946002904855,1.6583515846435473,-3.07540620511304,-1.2732895699517641,-0.6738116782685377
1780435537.394308805,-0.1283230276280296,-1.5899602646598332,1.6027365524259205,-3.1931145559311513,-1.1041413507363158,-0.02047900229029853,-0.1137020897799935,-1.5323747146231979,1.6576568726601515,-3.090402678335987,-1.29601530091444,-0.6612453075264316
1780435537.444073439,-0.12876280348636016,-1.5893519548539885,1.602687711111908,-3.1953811755480386,-1.1024672767356813,-0.020413989080351413,-0.11515671671584315,-1.532866279121004,1.6570755610004029,-3.0832243898568987,-1.302489726919465,-0.6738116782672043
1780435537.494174004,-0.12918278401152072,-1.5887769058736332,1.602637630071307,-3.1975158173041542,-1.1008676014465797,-0.020042586657830874,-0.11716735563638941,-1.5339651233531182,1.657351762051841,-3.074946711776433,-1.2944683600185294,-0.6738116782680876
1780435537.544189215,-0.12959882165385395,-1.5882376820744994,1.6025871999365517,-3.19951197665407,-1.0992820180792755,-0.019335398054575847,-0.11956007597507258,-1.5329354013418053,1.6582679581298234,-3.0870754826441997,-1.2717063482960742,-0.6738116782684749
1780435537.594726086,-0.1300143000486944,-1.5877347589407744,1.602536975970356,-3.2013692423919187,-1.0976976401295628,-0.018282720530470087,-0.12045023626169409,-1.5325973604977294,1.657394288629465,-3.0849775045343586,-1.2620185579954368,-0.6738116782671625
1780435537.644435883,-0.1300143000486944,-1.5877347589407744,1.602536975970356,-3.2013692423919187,-1.0976976401295628,-0.018282720530470087,-0.12081266567286003,-1.5329453581855033,1.656547021556249,-3.077754937400313,-1.2614137344660774,-0.6738116782685217
1780435537.694303513,-0.13043227058029316,-1.5872721160081564,1.6024878230023731,-3.203074371957185,-1.0961028190033497,-0.016866406331778272,-0.12085856158335906,-1.5314878889212178,1.6566496074028298,-3.089735797464965,-1.2754029472729689,-0.6738116782682791
1780435537.744292021,-0.13074622576656125,-1.5869869130380003,1.6024557314040313,-3.2041263346687074,-1.0949042584647737,-0.01582134831358495,-0.11969512559893265,-1.529480907922995,1.6579173371650955,-3.089041839048174,-1.2821500473379972,-0.6738116782670446
1780435537.794243097,-0.13055729229549584,-1.5872517994355357,1.6024850095829588,-3.2031569521765526,-1.0956255982989944,-0.017654208540720084,-0.1212866373466122,-1.5292244065373453,1.6591117858177753,-3.077915287209804,-1.278723301305258,-0.6738116782685342
1780435537.844337940,-0.13022269414031573,-1.5875927717822735,1.6025218996824036,-3.2018995459204973,-1.09690260346078,-0.0191436413578554,-0.1238239798221408,-1.52675482271112,1.6594619985035914,-3.0863457191662795,-1.2575687494637422,-0.6738116782686748
1780435537.894290447,-0.13022269414031573,-1.5875927717822735,1.6025218996824036,-3.2018995459204973,-1.09690260346078,-0.0191436413578554,-0.12529783048191073,-1.525885647703359,1.6594638610285977,-3.0820251801336176,-1.247852136500829,-0.6738116782673915
1780435537.944316387,-0.12983071280912206,-1.5880295122582426,1.602566713421205,-3.2002866872105225,-1.0983978429412335,-0.020349380059253797,-0.1259064632095404,-1.5249834291041449,1.6587244491283086,-3.077047311847502,-1.247683682025798,-0.6738116782687855
1780435537.994229317,-0.1293809879969725,-1.5885719538480378,1.6026189281048238,-3.1982791418849628,-1.1001123309529142,-0.021268458934087242,-0.12611368872273712,-1.5228594566275664,1.6590433182725872,-3.088836313354391,-1.264409344214763,-0.6738116782683421
1780435538.044238806,-0.12885869295172636,-1.5892408206003221,1.6026784001579488,-3.1957958591716515,-1.102102123175249,-0.021892797943769082,-0.12734900892952408,-1.522561102933972,1.6590201915927894,-3.0861687830540028,-1.2700114916331398,-0.6738116782668347
1780435538.094233274,-0.1281277776007954,-1.5902795235808984,1.6027608147070753,-3.1919253485026164,-1.1048842735664444,-0.02387858111019714,-0.12752356021515543,-1.5221722037617607,1.6600864473192734,-3.075491385605971,-1.2644557736961073,-0.6738116782684976
1780435538.144300938,-0.1281277776007954,-1.5902795235808984,1.6027608147070753,-3.1919253485026164,-1.1048842735664444,-0.02387858111019714,-0.12912897394130243,-1.5199276733079987,1.660810149200301,-3.08324955015435,-1.2449158739404766,-0.6738116782686753
1780435538.194292545,-0.12730797991667586,-1.5915201351632815,1.6028438971960288,-3.187274527835786,-1.1080014159110885,-0.025972186692824195,-0.12990723072585558,-1.519006063260007,1.6606907725451079,-3.0790091774932606,-1.2355019176190034,-0.6738116782673231
1780435538.244316578,-0.12649497701839785,-1.592916143059898,1.6029192013498252,-3.1820129687157817,-1.111089288310536,-0.027801751722796197,-0.12991857051922912,-1.5182894991643927,1.659995961781554,-3.0731345001886803,-1.2356100787399158,-0.6738116782687336
1780435538.294343233,-0.1256792027384499,-1.5941678908252186,1.6029668765091625,-3.1772440626413747,-1.1141842930189885,-0.029155570207111126,-0.1295672028044432,-1.5191154788830232,1.6620431432055294,-3.08389971896567,-1.2542962953299797,-0.6738116782683595
1780435538.344263792,-0.12481790169014673,-1.5950491676301892,1.6029807771995095,-3.173814356822673,-1.117448382086847,-0.03017822459796271,-0.12917020318360525,-1.5197295416111238,1.6599972633605404,-3.081173518336026,-1.2596852339789268,-0.673811678266628
1780435538.394241333,-0.12481790169014673,-1.5950491676301892,1.6029807771995095,-3.173814356822673,-1.117448382086847,-0.03017822459796271,-0.1303164068020321,-1.522116651374807,1.660373269208175,-3.07066729250725,-1.2565885623040625,-0.6738116782682133
1780435538.444307804,-0.123976827964837,-1.5960975075911508,1.6029892483554056,-3.169734817123892,-1.1206322525257484,-0.03079571607483267,-0.1314252959648549,-1.5213685500077476,1.6601600947919166,-3.078252942803808,-1.2411705174304815,-0.6738116782685736
1780435538.494148016,-0.1231785516000059,-1.5973281600087157,1.6029891738376087,-3.1649437789954638,-1.1236509003831685,-0.031109001760075472,-0.13184760385728533,-1.5210146975496661,1.659805224813625,-3.080122174036574,-1.2336145578865232,-0.6738116782669329
1780435538.544141531,-0.12242901102717596,-1.598736789787516,1.6029755751351817,-3.1594485947641564,-1.1264824422935478,-0.031073351661676796,-0.1315881280631966,-1.5217840779042806,1.6586941578330536,-3.068729560827019,-1.2335730572556642,-0.6738116782686434
1780435538.594119787,-0.12172468291221783,-1.600346032226268,1.6029423899821742,-3.1531499049782497,-1.1291407308227628,-0.030703481665769417,-0.13101873183710014,-1.5201147774751567,1.6588479250183945,-3.080424644780948,-1.2448517419871883,-0.673811678268025
1780435538.644129753,-0.12172468291221783,-1.600346032226268,1.6029423899821742,-3.1531499049782497,-1.1291407308227628,-0.030703481665769417,-0.13144785421873476,-1.5206849035237946,1.6595195119002784,-3.0806013200086153,-1.2542173450260101,-0.6738116782661896
1780435538.694131374,-0.1209881637760244,-1.6016680077166123,1.6028858668058914,-3.1478943986714416,-1.1319180012905958,-0.029042718277549895,-0.131643719060605,-1.5244750346315223,1.6595520074154761,-3.0730287292565293,-1.2516202246858779,-0.6738116782677347
1780435538.744155407,-0.11993746202134226,-1.6020878065021193,1.6028108996149244,-3.1460054913728017,-1.1358756031005486,-0.027003304896298097,-0.1302279500492768,-1.5250703531752832,1.6610035060280328,-3.0852246447199287,-1.2396397886066415,-0.6738116782683556
1780435538.794193745,-0.11866875296350976,-1.6024415282733298,1.6027142654339972,-3.1442888401355296,-1.1406475884674485,-0.02650208343297944,-0.12866319515328103,-1.5281485517523912,1.6601096874347916,-3.081778759578876,-1.2332155557448392,-0.6738116782668062
1780435538.844212294,-0.11752088252631143,-1.6018868948075484,1.6026437306932115,-3.146100146693298,-1.1449588012460055,-0.02561713160117396,-0.1258222296609819,-1.5320245812961684,1.6576563622877512,-3.075961400012531,-1.2326327972868905,-0.6738116782681303
1780435538.894265890,-0.11752088252631143,-1.6018868948075484,1.6026437306932115,-3.146100146693298,-1.1449588012460055,-0.02561713160117396,-0.12323729023722381,-1.5339553447683345,1.65766538506053,-3.093835814823335,-1.2494723740522713,-0.6738116782680308
1780435538.944248915,-0.11643903209346007,-1.6012557053419885,1.602575261942858,-3.1482066136728832,-1.1490167087872738,-0.02530918008602434,-0.12165862663979378,-1.5368528560989114,1.6561036589025886,-3.097166510195163,-1.249384823684211,-0.6738116782665668
1780435538.994285583,-0.11542189525431112,-1.600543547062701,1.6025088850257523,-3.1506260136137545,-1.1528272342608794,-0.02554407219250976,-0.12065810926847728,-1.5406077976015995,1.6551617041663038,-3.092052806615152,-1.242275896997237,-0.6738116782678079
1780435539.044250727,-0.11458514730282232,-1.600223040394546,1.6024458409670068,-3.151581291678455,-1.1559586405225275,-0.02471625894346463,-0.12282132400710735,-1.5392203844090782,1.655116154050837,-3.1014350961812727,-1.2267926177551705,-0.6738116782685715
1780435539.094260693,-0.11398409719983249,-1.60028938858611,1.602393203090614,-3.15111983149802,-1.1582061552632315,-0.022818826264030534,-0.12335461848723138,-1.5385488540467795,1.6550005800195475,-3.1027403387678736,-1.2211325052483588,-0.6738116782668325
1780435539.144256115,-0.11398409719983249,-1.60028938858611,1.602393203090614,-3.15111983149802,-1.1582061552632315,-0.022818826264030534,-0.1227069205691783,-1.5393566085642671,1.65451914772677,-3.0906773620564345,-1.2248078974765853,-0.6738116782687172
1780435539.194315672,-0.11356711713946588,-1.6004445135921088,1.6023532421220397,-3.150375991550609,-1.1597644860934118,-0.020861455450296162,-0.12051863277116662,-1.5383754256702433,1.6554078658925655,-3.099842908807258,-1.2297019752705416,-0.6738116782683711
1780435539.244371653,-0.11327027861702543,-1.600506170030334,1.602325260515041,-3.15003253851388,-1.1608733857926898,-0.01944210819310843,-0.11971305321243048,-1.5391728470385146,1.6550255349327996,-3.0953503493993733,-1.2305254820758467,-0.6738116782666409
1780435539.294128656,-0.11312732849892981,-1.6005626485232796,1.6023109556324817,-3.149763285344312,-1.1614072745697843,-0.01757288596508122,-0.11989791232261356,-1.5411059904957192,1.655144651932623,-3.085975073758286,-1.2212194643535903,-0.6738116782678778
1780435539.344058037,-0.11307062524645062,-1.6004739323840473,1.6023079865087382,-3.1500850074093565,-1.1616190260073127,-0.016360000221613547,-0.11884919617252497,-1.541566552988848,1.657767547504199,-3.098457026841576,-1.2018556203986102,-0.6738116782684344
1780435539.394219875,-0.11307062524645062,-1.6004739323840473,1.6023079865087382,-3.1500850074093565,-1.1616190260073127,-0.016360000221613547,-0.11730273506809115,-1.5418704041330837,1.6560797328067083,-3.094963224553829,-1.1961571697317415,-0.6738116782668534
1780435539.444218397,-0.11297762007041978,-1.6002681726966355,1.602304399718589,-3.150844549959814,-1.1619663139221554,-0.015480299689396126,-0.11616248458185686,-1.5427271978119848,1.655982968810883,-3.093245965954542,-1.2130681906244998,-0.661245307527649
1780435539.494298935,-0.11294890808633529,-1.600055231478919,1.6023065107566055,-3.1516543005560838,-1.1620735193167562,-0.014198257016635907,-0.11595156696777444,-1.542044091026785,1.655460815919308,-3.1022685705193838,-1.2139104902828477,-0.6612453075259664
1780435539.544308901,-0.11302627075953442,-1.599869280014115,1.6023172929351195,-3.15239776960329,-1.161784653243087,-0.012556373664650344,-0.1162800491835757,-1.544173853857239,1.654959465251249,-3.0885283855798336,-1.2071559437501638,-0.6612453075257417
1780435539.594283342,-0.11302627075953442,-1.599869280014115,1.6023172929351195,-3.15239776960329,-1.161784653243087,-0.012556373664650344,-0.11723510277193643,-1.5449461308759682,1.6556796011402406,-3.088699092127211,-1.1922378618316103,-0.6612453075274104
1780435539.644316435,-0.11322309930230112,-1.5997350012193072,1.6023373808623271,-3.1529846103395816,-1.1610495999854633,-0.010559146172768763,-0.11710823393162446,-1.5435309442468137,1.6550345283734689,-3.0984790490917637,-1.185910188124197,-0.6612453075262407
1780435539.694257021,-0.11355334524266247,-1.599644343998901,1.6023679589196307,-3.153449927262839,-1.1598159418495015,-0.008169950377089563,-0.11648545722931727,-1.5444183683236874,1.6542796839826772,-3.0911452292043986,-1.1905795559844567,-0.6612453075257347
1780435539.744203568,-0.1140377829111987,-1.5995967077299866,1.6024103714887459,-3.1538014786447164,-1.158005469212867,-0.0053383425672963725,-0.11603856415344171,-1.5446950192793887,1.6542206190841118,-3.092595420210581,-1.196314837019356,-0.6612453075277228
1780435539.794236183,-0.11468131222464617,-1.599573337075288,1.60246451090935,-3.1541098099070286,-1.155598908567944,-0.001956937256767155,-0.11589863674580535,-1.54410012768109,1.6538175980275258,-3.0978006382824295,-1.1968893165388843,-0.6612453075257897
1780435539.844216585,-0.11468131222464617,-1.599573337075288,1.60246451090935,-3.1541098099070286,-1.155598908567944,-0.001956937256767155,-0.11572946523332574,-1.5458750103658208,1.653241138277172,-3.083769736332525,-1.2041921297809195,-0.6612453075255855
1780435539.894291639,-0.11543942985674516,-1.5998319483616221,1.602522307939602,-3.1533674769682634,-1.1527615816668426,0.0010999292979358612,-0.1139266542298944,-1.5407470983468396,1.6553703649516054,-3.0835955098594896,-1.185440611730038,-0.6612453075283526
1780435539.944238663,-0.11596578242982147,-1.601539003982972,1.6025304328279122,-3.1469617565396284,-1.1507902116425202,0.000533938882728362,-0.1144555921469978,-1.5357094346758426,1.6564417138298781,-3.0840917305195843,-1.1802372759759685,-0.661245307525904
1780435539.994282722,-0.1164226430640074,-1.6033444624881161,1.6025093740290368,-3.140101601903297,-1.1490781429184764,-7.740015514912102e-05,-0.11504594807121446,-1.5393728893826948,1.661774094448139,-3.071619011680521,-1.1883546213082592,-0.6612453075269195
1780435540.044320822,-0.11686950768692483,-1.6033741750686596,1.6025451599667297,-3.1401276680301113,-1.1474026552543242,-7.54613161362272e-05,-0.11254232441184109,-1.538850453678581,1.6605238611149662,-3.094297049589599,-1.1960544512935536,-0.6612453075263519
1780435540.094308615,-0.11686950768692483,-1.6033741750686596,1.6025451599667297,-3.1401276680301113,-1.1474026552543242,-7.54613161362272e-05,-0.11269168884726227,-1.5420443120836147,1.6615590056751892,-3.0935567672318673,-1.1987618034191878,-0.6612453075249826
1780435540.144274473,-0.1172173048665508,-1.6033951879765045,1.6025725633251668,-3.140154166495999,-1.1460980086325332,-7.343761238320923e-05,-0.11290650268408402,-1.5437874934121396,1.6596738245610592,-3.085045477415445,-1.1870292430830625,-0.6612453075265684
1780435540.194332123,-0.11753150657137557,-1.6034130911391005,1.6025969597515706,-3.1401807889512985,-1.1449189260073807,-7.133638124834363e-05,-0.11383638239674307,-1.543903227455794,1.6604813572765011,-3.097733828286504,-1.173054800713931,-0.6612453075268538
1780435540.244259596,-0.1178151888237764,-1.6034282286578678,1.6026186968930416,-3.1402075791694686,-1.1438539959056033,-6.920277460764623e-05,-0.11370842356681912,-1.544565279938566,1.6595902616427896,-3.095199788916953,-1.1704482418706132,-0.6612453075253462
1780435540.294330120,-0.11807242595804546,-1.603441014312489,1.6026381723961414,-3.1402345119885933,-1.1428880299334967,-6.703945649277898e-05,-0.11307271262528347,-1.545596565139486,1.6584004224851145,-3.085603356135362,-1.1751957549559076,-0.6612453075272532
1780435540.344299555,-0.11807242595804546,-1.603441014312489,1.6026381723961414,-3.1402345119885933,-1.1428880299334967,-6.703945649277898e-05,-0.1129991231591852,-1.5444660273914872,1.658688077070453,-3.0986529754576964,-1.1747902119453157,-0.6612453075266743
1780435540.394111633,-0.11830663515529594,-1.6034517939578423,1.6026557117072482,-3.1402615396655564,-1.1420082802978806,-6.483083681363411e-05,-0.11313335882030633,-1.5449456159386434,1.6588579152503216,-3.0986553637751313,-1.175725581510802,-0.6612453075249846
1780435540.444292784,-0.11851395237253204,-1.6034603386410913,1.6026710940136486,-3.1402886702233452,-1.1412293385067276,-6.257765608097543e-05,-0.1144681172325748,-1.5459527082718925,1.6589037835437486,-3.0932095436638707,-1.1551656358100528,-0.6486789367987849
1780435540.494340897,-0.11871759195835896,-1.6034684459271462,1.6026860496431963,-3.140315813422042,-1.1404640261250814,-6.028702430249666e-05,-0.11467110656406887,-1.5452950223630078,1.6590535794751142,-3.1010429481654196,-1.1502261557031095,-0.6486789367971548
1780435540.544238329,-0.11871759195835896,-1.6034684459271462,1.6026860496431963,-3.140315813422042,-1.1404640261250814,-6.028702430249666e-05,-0.11399136270501269,-1.546267571967654,1.6579087540995752,-3.0885511856270584,-1.15718281116958,-0.6486789367972535
1780435540.594228268,-0.11890528688134605,-1.6034752132643355,1.6026997146939759,-3.1403430317996084,-1.139758470661266,-5.7970784212102444e-05,-0.11355866391585012,-1.5457690947470422,1.657906490336359,-3.0931522165251413,-1.1678745807134991,-0.6486789367988777
1780435540.644266129,-0.11907466707087622,-1.6034805023636762,1.6027119553839704,-3.1403703282088737,-1.1391216243037796,-5.562849004370207e-05,-0.11399750860441141,-1.5453604923869264,1.6582635537186263,-3.099011319326402,-1.1683939297644963,-0.6486789367970778
1780435540.694280386,-0.11923087353562511,-1.6034847239318344,1.6027231657917695,-3.140397676565767,-1.1385341938497433,-5.326000951644261e-05,-0.11374426390913533,-1.5466227829346524,1.6575408317066163,-3.084854134648219,-1.1753091365390702,-0.6486789367969722
1780435540.744242430,-0.11936195039828856,-1.6034870415168836,1.6027325392095566,-3.140425109554378,-1.1380411801182166,-5.086068039172886e-05,-0.1151399710245916,-1.5470363141644619,1.658379824916064,-3.0848074000921337,-1.1652915295448771,-0.648678936798277
1780435540.794232845,-0.11936195039828856,-1.6034870415168836,1.6027325392095566,-3.140425109554378,-1.1380411801182166,-5.086068039172886e-05,-0.11578793635146359,-1.5461811999950736,1.6586000589644612,-3.0924414982267385,-1.1609377602214703,-0.6486789367978072
1780435540.844244480,-0.11948716668845893,-1.6034888715178308,1.6027414420634392,-3.1404525698143004,-1.1375701362829558,-4.8443223535699076e-05,-0.11528765088512352,-1.5456737353273438,1.6578277408874844,-3.092739953609956,-1.1696069255544632,-0.6486789367963133
1780435540.894245148,-0.11960916578908876,-1.6034904120708315,1.6027500636035588,-3.140480041888894,-1.1371111260520586,-4.6005500931478593e-05,-0.1142167710972335,-1.5472600253928448,1.6591032218131887,-3.085311802953338,-1.1777131737350646,-0.6486789367981872
1780435540.944247961,-0.11905110776542394,-1.6029593280025747,1.6027270330012975,-3.1423889951024244,-1.1392102118660103,-0.002388455160560632,-0.11379090907862874,-1.545649049022419,1.6587211755114983,-3.0986556463247905,-1.1766848060073964,-0.6486789367979469
1780435540.994715929,-0.11828132521920942,-1.6021817756958567,1.6026929090694872,-3.1451834115352857,-1.1421033627340043,-0.0040525478048731856,-0.11543762126283015,-1.5472971574424808,1.658816499209713,-3.0941829526849514,-1.1769366215001447,-0.648678936796051
1780435541.044226408,-0.11828132521920942,-1.6021817756958567,1.6026929090694872,-3.1451834115352857,-1.1421033627340043,-0.0040525478048731856,-0.11675981537822852,-1.5487335165516622,1.6576173979059294,-3.0824684814244607,-1.1718228002075528,-0.6486789367980244
1780435541.094246626,-0.11746577896082844,-1.6013246032503377,1.6026526202027165,-3.1482555733110567,-1.1451656134914652,-0.005116709788090645,-0.1182113582133988,-1.5480445446215434,1.6575045269427628,-3.0897419072861196,-1.1666293677145787,-0.6486789367983923
1780435541.144151688,-0.11661080151347392,-1.6003890342419158,1.6026053203300763,-3.1515986229849102,-1.148372762244109,-0.00561837753366401,-0.11828178654946936,-1.5473806470735578,1.6563108492378797,-3.0911934310774516,-1.1745620261430636,-0.6486789367965993
1780435541.194389820,-0.11576088105162352,-1.5993726694820092,1.602553118321033,-3.1552318041441585,-1.1515577789154943,-0.005581937001561066,-0.11851656338971743,-1.5481835574893275,1.6556773123108262,-3.085033105244737,-1.1813369283227195,-0.6486789367973268
1780435541.244312763,-0.11493102129209731,-1.5982763399620872,1.602495843853537,-3.159153693412137,-1.1546646187304805,-0.0050251062657205026,-0.11945695465033782,-1.5480845196824502,1.6559371507990512,-3.0904410482022815,-1.1756704320245024,-0.648678936798338
1780435541.294299841,-0.11493102129209731,-1.5982763399620872,1.602495843853537,-3.159153693412137,-1.1546646187304805,-0.0050251062657205026,-0.12020458386769986,-1.547495861608338,1.6557361023911001,-3.0973075031197985,-1.1687318915639504,-0.6486789367960049
1780435541.344140053,-0.11412532260418118,-1.5971147196393387,1.6024324533403895,-3.163306959303887,-1.157678205518935,-0.003974912428592603,-0.12096389370271103,-1.5496556821192407,1.6553785740235896,-3.0842409564787396,-1.1691635662543813,-0.6486789367977782
1780435541.394303083,-0.11335197072108105,-1.5958481658780777,1.6023619460417946,-3.1678418511170396,-1.1605682449781511,-0.0023676432504444733,-0.12136312476605085,-1.5481229181817744,1.6548328569940711,-3.094809533732472,-1.161891877734683,-0.6486789367980904
1780435541.444158554,-0.11263771804631251,-1.594536383990686,1.6022853260354086,-3.1725386091807164,-1.1632352300406943,-0.0003410757335702286,-0.12066156544651224,-1.5477524446690811,1.6538651540439437,-3.093998820393433,-1.1665387857682414,-0.6486789367960073
1780435541.494329691,-0.11199470735025407,-1.5931763384109834,1.6022025057279627,-3.177411881172874,-1.1656344160642629,0.002115464458671182,-0.12037922288030367,-1.5488677450447899,1.6536569724390797,-3.0865658805593306,-1.1696875368237896,-0.6486789367976278
1780435541.544232607,-0.11199470735025407,-1.5931763384109834,1.6022025057279627,-3.177411881172874,-1.1656344160642629,0.002115464458671182,-0.11911992880336651,-1.5458582521600253,1.6538865135234277,-3.100445202871833,-1.1666957227901777,-0.6486789367976986
1780435541.594241142,-0.11136313952711951,-1.5922849268521482,1.6021254007365904,-3.1805139298864504,-1.1679892784546881,0.003496445489749583,-0.11846470806701521,-1.543378870984216,1.6552002191259447,-3.093261020125282,-1.1648282314282856,-0.6486789367962824
1780435541.644270182,-0.11064527437891147,-1.592381452811627,1.6020699231667495,-3.179890349526213,-1.1706639710833802,0.0034067629268688523,-0.11967031859411241,-1.5406347991728113,1.6556519152703588,-3.082665319360311,-1.1472131969818362,-0.6486789367982129
1780435541.694250345,-0.10999580956430943,-1.5928504152269936,1.6020279624218379,-3.1778930150730953,-1.173082054409968,0.002894422151366074,-0.11966372454959373,-1.5379285625990056,1.6574217969032932,-3.0881453704519406,-1.1430087396076785,-0.6486789367982452
1780435541.744243622,-0.10948611092460592,-1.5931818738621644,1.6019910341093127,-3.176454793083621,-1.1749786047692652,0.002934753794884286,-0.11902720075047543,-1.5362228577742894,1.6570509972253604,-3.0873782067270126,-1.151692627385669,-0.648678936796151
1780435541.794299603,-0.10948611092460592,-1.5931818738621644,1.6019910341093127,-3.176454793083621,-1.1749786047692652,0.002934753794884286,-0.11692437360820154,-1.5360587183037486,1.6586646523246784,-3.080478896814175,-1.1624863768482292,-0.6486789367980568
1780435541.844251394,-0.10890504413586921,-1.5935078810923944,1.601944867162419,-3.175002118880609,-1.177139482235587,0.0012420963995691413,-0.11529029524236527,-1.5338848610542763,1.6593617722687566,-3.0937926482301754,-1.166313759524493,-0.6486789367978919
1780435541.894462585,-0.10812499636071493,-1.5934685934739097,1.6018709041375476,-3.174833198806709,-1.1800382962631382,-0.0013222719040273392,-0.11626777481593907,-1.5354447467278503,1.6596906168705223,-3.0870622398176613,-1.166199185795653,-0.6486789367959969
1780435541.944276333,-0.10739887564594941,-1.5933397259876196,1.601798473598005,-3.1750151124242865,-1.1827346340002327,-0.003311759241444001,-0.11673998135043753,-1.5364524763973497,1.6586873420917823,-3.0776852292141785,-1.1617734524174075,-0.648678936797849
1780435541.994480610,-0.1067764660832129,-1.5931418017240127,1.601733501981244,-3.1754938307155984,-1.1850442850110756,-0.004770916836480232,-0.11740326040348428,-1.5358109671086986,1.6587469592980504,-3.0859938035786363,-1.1578364126078795,-0.6486789367982307
1780435542.044365168,-0.1067764660832129,-1.5931418017240127,1.601733501981244,-3.1754938307155984,-1.1850442850110756,-0.004770916836480232,-0.11681969890143683,-1.5353740654326966,1.6577087376637145,-3.088363165079602,-1.1671904436451508,-0.6486789367964583
1780435542.094248533,-0.10627316548135113,-1.5928986455832632,1.6016785936421434,-3.176188956717596,-1.186910894475223,-0.00572297921589815,-0.11631174068479758,-1.536340790266908,1.6569022136976141,-3.0826393826447283,-1.177930736481957,-0.6486789367972435
1780435542.144238949,-0.10590346693180841,-1.5926001861900634,1.6016354888553415,-3.177146580642917,-1.1882814164393816,-0.006154548757233869,-0.11658872567152181,-1.5363376184138184,1.6571545503158074,-3.090070071488265,-1.176797151667391,-0.648678936798133
1780435542.194537401,-0.10567808366556353,-1.5922473702081366,1.6016054172725884,-3.178369017088055,-1.1891166976280596,-0.006050594844063006,-0.11668406876379853,-1.536230224948568,1.6569173437438147,-3.0958564797539614,-1.174849356007236,-0.6486789367954489
1780435542.244256020,-0.10559277156192692,-1.5918510395815177,1.6015879271151594,-3.1798139777012575,-1.189432820201044,-0.005417731231697864,-0.11736020000952345,-1.5383387071865364,1.656925997050127,-3.089283178846603,-1.1725773502243853,-0.6486789367976472
1780435542.294251919,-0.10559277156192692,-1.5918510395815177,1.6015879271151594,-3.1798139777012575,-1.189432820201044,-0.005417731231697864,-0.11726840698540285,-1.5370876892527372,1.6559520338156597,-3.1009281539573785,-1.1658984916836452,-0.6486789367979254
1780435542.344121933,-0.10567157585884424,-1.5914687255579114,1.6015864119285748,-3.181276593139201,-1.1891408131277936,-0.004352607687074794,-0.11686630098614942,-1.5373474106982652,1.6553042629096388,-3.1025770693594734,-1.1609734652858936,-0.6612453075259201
1780435542.394347668,-0.10592839816397515,-1.591092252472989,1.601601576866279,-3.182792531499033,-1.1881890087338531,-0.00280347539968151,-0.11559432183346911,-1.538913900867204,1.654701402773134,-3.0918722812155663,-1.1761989329421145,-0.6486789367974962
1780435542.444255590,-0.10636821948348807,-1.5907000300239984,1.6016322710548143,-3.184441813798149,-1.1865584356487258,-0.0006892162299765303,-0.11528762138581532,-1.5378061229011122,1.6545773347468753,-3.1054918401402856,-1.1747605650328208,-0.6486789367973745
1780435542.494235516,-0.10698433356207637,-1.590226793374418,1.6016738187791428,-3.186459394067604,-1.1842730860867023,0.001859660025062858,-0.11490483311922414,-1.5391730087468751,1.6547975863523197,-3.102731213429344,-1.1752817850633663,-0.6486789367955264
1780435542.544257402,-0.10698433356207637,-1.590226793374418,1.6016738187791428,-3.186459394067604,-1.1842730860867023,0.001859660025062858,-0.11380984666831916,-1.5411441147843288,1.6547379893535221,-3.0935641931930324,-1.1725042761775848,-0.6486789367974274
1780435542.594241381,-0.10760872584898351,-1.5895555492119025,1.6017032089426657,-3.1892022010816725,-1.1819555912936242,0.004049165329259798,-0.11208666086952611,-1.537762610435422,1.655325353044703,-3.1053437826729775,-1.1692090336231415,-0.648678936798089
1780435542.644333839,-0.10800553347232178,-1.589641918210682,1.601742138943783,-3.189043371775908,-1.180482039981852,0.0036590000832161214,-0.11089541155674709,-1.536991176040436,1.6562873463878247,-3.0992198155295143,-1.1798101719643863,-0.6486789367965103
1780435542.694313049,-0.10826368750503157,-1.5896348049641116,1.6017643555135317,-3.18917290324466,-1.1795230615428212,0.0033564778255862405,-0.11123692747365545,-1.5369437455331285,1.6561746183040906,-3.0924281598286907,-1.1887072560259306,-0.6486789367980508
1780435542.744290113,-0.10853589140044306,-1.5896064897285695,1.6017865385555248,-3.1893853759255157,-1.178511617172938,0.0034856434348604502,-0.11142292988310099,-1.5343436657248049,1.6558165477494382,-3.1059806706759114,-1.1883980474179452,-0.6486789367976036
1780435542.794145107,-0.10885367351807407,-1.589558109485366,1.601811303122174,-3.1896886434825213,-1.1773304572837358,0.004041943104745519,-0.11241145980354739,-1.533798426059021,1.6560604381502906,-3.1099184713323913,-1.1792634708334582,-0.6612453075259749
1780435542.844251871,-0.10885367351807407,-1.589558109485366,1.601811303122174,-3.1896886434825213,-1.1773304572837358,0.004041943104745519,-0.11173591977969964,-1.5330506520257137,1.6554638794183465,-3.099297242746719,-1.1805442223157379,-0.661245307525894
1780435542.894198418,-0.10918512426220772,-1.5900307775330687,1.6018605806424309,-3.1880701207877746,-1.176098079866546,0.003950253557791281,-0.11211178245860444,-1.5317760129492584,1.6567284964396747,-3.099618742530477,-1.177113464618918,-0.6612453075273569
1780435542.944127798,-0.10955142000969786,-1.5907540268564855,1.6019215723336682,-3.1855318371320522,-1.1747356510246583,0.0037381680247662186,-0.1128773656397428,-1.5292809126515667,1.6572140436752778,-3.1087102327341887,-1.1659664038830657,-0.6612453075257938
1780435542.994134426,-0.10995841769895165,-1.5917331720615877,1.6019916837435069,-3.182048307881993,-1.1732212211657416,0.0034582507537292096,-0.11302660392498486,-1.529535423955645,1.6571441532709044,-3.091904019565423,-1.1668582216410381,-0.6612453075261927
1780435543.044138908,-0.11042276476299762,-1.5929725804140933,1.602067776252789,-3.177598249600837,-1.1714926044204397,0.00310396190752763,-0.11346098653983622,-1.5276668284225003,1.65767238200172,-3.0955748736229842,-1.1633996875661592,-0.6612453075277762
1780435543.094123602,-0.11042276476299762,-1.5929725804140933,1.602067776252789,-3.177598249600837,-1.1714926044204397,0.00310396190752763,-0.1130835392348221,-1.525117574783894,1.657980665918697,-3.103946135646077,-1.1751344465629219,-0.6612453075263258
1780435543.144093275,-0.11095996218994308,-1.5945208277929428,1.6021458271989817,-3.1719897108955606,-1.169491728591936,0.0026386415786988663,-0.11255137424030723,-1.5238606743202245,1.657390094366391,-3.097134653698635,-1.1901610392817636,-0.6612453075256367
1780435543.194133043,-0.11156912009343323,-1.596387634799953,1.602216512279165,-3.165162855915518,-1.1672214360340245,0.0020846915458449184,-0.11334088202576405,-1.5232609098089176,1.6582090703152357,-3.0936747436378274,-1.1909868855145975,-0.6612453075265807
1780435543.244111061,-0.1122210304523028,-1.5985773580453495,1.602265266674678,-3.157061280759598,-1.164790156423602,0.0013963959697576977,-0.11474668348251789,-1.5213103985667598,1.6594088750067013,-3.10169581262742,-1.1793233678308586,-0.6612453075266965
1780435543.294091940,-0.1129294390094584,-1.6011263514028418,1.602277446555081,-3.1475138526283204,-1.1621462114272374,0.0005776412254922579,-0.11527375765132035,-1.5202917752406409,1.6591231832481081,-3.093348153968971,-1.1760823349956653,-0.6612453075254071
1780435543.344124794,-0.1129294390094584,-1.6011263514028418,1.602277446555081,-3.1475138526283204,-1.1621462114272374,0.0005776412254922579,-0.11534960571434034,-1.5209230272327137,1.6603833717051233,-3.0878981108317203,-1.183413299219119,-0.6612453075276297
1780435543.394093275,-0.11367527621242779,-1.6031530483387506,1.602272948849476,-3.1399116592408203,-1.1593603453834653,-8.123260772574525e-05,-0.11341696583757836,-1.526926740932815,1.6634124095961305,-3.1070820015797116,-1.1878173205059828,-0.661245307525017
1780435543.444284439,-0.11433821595864391,-1.6032074925253061,1.6023322836451632,-3.1399353001741,-1.1568821779852607,-8.013520724059475e-05,-0.11221472126643015,-1.5301416566278867,1.6611401675634485,-3.102168223961151,-1.1826045885767051,-0.6486789367976895
1780435543.494128466,-0.11487255904992111,-1.6032487474366413,1.602379010532137,-3.139959992633467,-1.154883379697269,-7.905590516354977e-05,-0.11131468967265229,-1.5339463892449707,1.6600032891647833,-3.1046879344410008,-1.1887595871913337,-0.6612453075271865
1780435543.544320583,-0.11487255904992111,-1.6032487474366413,1.602379010532137,-3.139959992633467,-1.154883379697269,-7.905590516354977e-05,-0.1118795125222666,-1.5350831673945802,1.6598870976203979,-3.11142413482167,-1.1775150802502798,-0.6486789367959804
1780435543.594239235,-0.1153285040617602,-1.6032819890955352,1.6024181060847995,-3.139985440785162,-1.153176884925097,-7.800814400393818e-05,-0.11109449139518877,-1.5369159352317299,1.6583541356719333,-3.105931261388846,-1.1824116437109577,-0.64867893679808
1780435543.644300461,-0.11575321993663401,-1.6033116790079562,1.6024538635234105,-3.1400114042197718,-1.1515864741942226,-7.702010914645285e-05,-0.11084695721790327,-1.5367788097441712,1.658297232237146,-3.1188501561525475,-1.1819692534784194,-0.6486789367975523
1780435543.694259167,-0.11615273457897679,-1.6033385477189173,1.6024869130403796,-3.1400375640203344,-1.1500897245742339,-7.59247036414834e-05,-0.11073670706424225,-1.538133295985216,1.6581808976219525,-3.11693286091141,-1.1837790486655666,-0.6486789367960543
1780435543.744215488,-0.11651386512775197,-1.6033616840487062,1.6025163069537522,-3.1400636954567807,-1.1487361829619802,-7.453994983031009e-05,-0.11132253760294174,-1.5398200761658094,1.6576411983460264,-3.107917087046317,-1.1708832271491043,-0.6486789367974652
1780435543.794490814,-0.11651386512775197,-1.6033616840487062,1.6025163069537522,-3.1400636954567807,-1.1487361829619802,-7.453994983031009e-05,-0.11234446862253242,-1.5399405526304157,1.6583744293477372,-3.115594391799462,-1.1526067743741812,-0.6486789367980897
1780435543.844438553,-0.11685562942704308,-1.6033827388029014,1.6025436962979978,-3.14008994915485,-1.147454703956635,-7.303454990115199e-05,-0.11202925184976986,-1.5398793142805944,1.6576976723780874,-3.117038965744465,-1.1512427723704592,-0.6486789367963686
1780435543.894448757,-0.11717302689285347,-1.6034013779199459,1.6025687654984058,-3.140116364339755,-1.146264132432476,-7.143907213169598e-05,-0.11215097971991181,-1.541315071281617,1.6573032929422071,-3.107640804812759,-1.1480003546818083,-0.6612453075260688
1780435543.944176197,-0.11747149232225951,-1.6034166695395893,1.6025920686891284,-3.1401485648409295,-1.1451441709827126,-7.468477177852151e-05,-0.11207611136837989,-1.5412463792125815,1.6572015565247378,-3.110514344639296,-1.147964999027861,-0.6612453075281763
1780435543.994119167,-0.11775560764095694,-1.6034320474307897,1.6026139002776847,-3.140174803450956,-1.1440776905807084,-7.254777749032826e-05,-0.11212285340794599,-1.5408614027326122,1.6573229146633106,-3.1165574220936323,-1.1503042047819851,-0.6612453075262856
1780435544.044062376,-0.11801831247376171,-1.6034454480948526,1.6026338385598327,-3.140201195946163,-1.1430912591167246,-7.036853237174512e-05,-0.11162074563052223,-1.5416448550103476,1.656645415583377,-3.108289153431287,-1.1561248346516675,-0.6612453075256604
1780435544.094449997,-0.11801831247376171,-1.6034454480948526,1.6026338385598327,-3.140201195946163,-1.1430912591167246,-7.036853237174512e-05,-0.11290219638436522,-1.5420893130473337,1.6576272076713263,-3.1105317829953347,-1.1402604111780208,-0.6486789367982632
1780435544.144247293,-0.1182612873623663,-1.6034570684900444,1.6026520688642727,-3.1402277147207385,-1.1421786373876044,-6.813981881492737e-05,-0.11317176818482795,-1.5417510950483786,1.6575409351302437,-3.114621307475656,-1.1366076312706463,-0.6486789367965179
1780435544.194169521,-0.11848299743394186,-1.6034668454725516,1.6026685325643821,-3.1402543699382246,-1.1413456560986717,-6.587513993316918e-05,-0.11271689846850882,-1.5428462701879422,1.6568066813342994,-3.103698847033112,-1.1441666136842739,-0.6486789367976407
1780435544.244140863,-0.1186823290938328,-1.6034747459079535,1.602683201860931,-3.140281177545057,-1.1405965633897184,-6.359453002335869e-05,-0.11209635112978512,-1.5414629842630792,1.6570094225085887,-3.1183987329323397,-1.163370718701995,-0.6486789367980774
1780435544.294136286,-0.1186823290938328,-1.6034747459079535,1.602683201860931,-3.140281177545057,-1.1405965633897184,-6.359453002335869e-05,-0.11260254935787906,-1.5424455313613707,1.6568352391108219,-3.11200847681086,-1.1650002059333735,-0.648678936796126
1780435544.344140768,-0.11886021385028833,-1.6034808998106413,1.6026961924083287,-3.1403080929203786,-1.1399279171881656,-6.12712553600403e-05,-0.11327836884258426,-1.5435501301833483,1.6568859492607246,-3.1037006260127553,-1.1559865782712575,-0.6486789367973225
1780435544.394115448,-0.11904331843678051,-1.6034873049815266,1.6027094315369768,-3.1403350331315067,-1.1392395006994827,-5.8925751869942644e-05,-0.11418454643675235,-1.5434578918844162,1.657295431051621,-3.1066278096534066,-1.140297390510139,-0.648678936798485
1780435544.444107294,-0.11921366819854384,-1.603492645239733,1.6027216509476354,-3.140362057316725,-1.138598901727172,-5.655659974124205e-05,-0.11445413265670638,-1.5427538591361705,1.657454758219125,-3.11419441849774,-1.135689288837124,-0.6486789367971135
1780435544.494256020,-0.11921366819854384,-1.603492645239733,1.6027216509476354,-3.140362057316725,-1.138598901727172,-5.655659974124205e-05,-0.11318200528596511,-1.5437396277471658,1.6563746279905354,-3.101340475270434,-1.153416804771149,-0.6612453075394968
1780435544.544271946,-0.11937207851929887,-1.6034970050966324,1.602732931455592,-3.1403891583354877,-1.1380030823939205,-5.416591182960673e-05,-0.11354431084923328,-1.542860531730315,1.657013788812298,-3.1124324902606735,-1.1532662452211537,-0.6612453075392513
1780435544.594241142,-0.11951270031853944,-1.6034999856702514,1.6027428915562776,-3.1404163637303846,-1.1374740740184084,-5.176529735706481e-05,-0.11396317506359141,-1.5435691286804003,1.6571627899251595,-3.108482469287854,-1.1532928590262739,-0.661245307537404
1780435544.644254684,-0.11963600680484454,-1.603501651228834,1.6027515916981252,-3.14044366347468,-1.1370101300882274,-4.9353714117295056e-05,-0.11423780382757714,-1.544817393434971,1.6566847335686976,-3.09625391772072,-1.1504654354731685,-0.6612453075395461
1780435544.694453716,-0.11974766988370789,-1.603502437631481,1.6027594412874424,-3.1404709964288062,-1.1365899346624904,-4.6899634577712845e-05,-0.11497021754846078,-1.5444051970966566,1.6573388069475317,-3.1021496494665284,-1.1483037359797417,-0.6612453075398624
1780435544.744300127,-0.11974766988370789,-1.603502437631481,1.6027594412874424,-3.1404709964288062,-1.1365899346624904,-4.6899634577712845e-05,-0.11510218021141036,-1.5438988726592742,1.657025478010427,-3.1048365444356336,-1.151333831735792,-0.6612453075382756
1780435544.794282675,-0.11984787325082635,-1.6035023658103453,1.6027664677060411,-3.14049838847708,-1.1362128141401495,-4.4430371604065044e-05,-0.1145963421340501,-1.5446588475922924,1.6563808309127357,-3.0954061068962266,-1.1617155076993064,-0.6612453075390371
1780435544.844187498,-0.1199478390785016,-1.6035022324488732,1.602773438614015,-3.1405258049201765,-1.1358365415961318,-4.1951551890129224e-05,-0.11487904144839715,-1.5438283390655272,1.656803623307159,-3.1047174409704477,-1.1605427882273815,-0.6612453075399046
1780435544.894261599,-0.12005184941196667,-1.6035023298235949,1.602780640605219,-3.1405532527240942,-1.135444996620003,-3.9483493033287687e-05,-0.11455314045672674,-1.5441745285949837,1.6566118557782556,-3.1006034605467248,-1.1672552278375983,-0.6612453075374496
1780435544.944220543,-0.12012983487954454,-1.6035005880899558,1.6027860697810359,-3.140580781267548,-1.1351513890306482,-3.6987109749198055e-05,-0.11541534842116515,-1.545822358261911,1.6569717146756762,-3.088817513867447,-1.1644230671292497,-0.6612453075394806
1780435544.994609356,-0.12012983487954454,-1.6035005880899558,1.6027860697810359,-3.140580781267548,-1.1351513890306482,-3.6987109749198055e-05,-0.11639530277697638,-1.545076716937154,1.6572615271520075,-3.0952068617865303,-1.153276907255853,-0.6612453075398492
1780435545.044409752,-0.12019691368435126,-1.6034980712863893,1.6027907517798523,-3.140608345972824,-1.1348988214743319,-3.446952829566641e-05,-0.11637254772810153,-1.5445911006938005,1.6570772353192906,-3.097548287327031,-1.1542335416649467,-0.6612453075381308
1780435545.094460726,-0.12026122422267616,-1.6034953428381105,1.6027952325828425,-3.140635934945124,-1.134656657556814,-3.194586178789649e-05,-0.11579000086460584,-1.5454153351459974,1.65638007862967,-3.0871263309966164,-1.1630105800582817,-0.6612453075393884
1780435545.144043922,-0.12032215595914941,-1.603492363625004,1.6027994740735751,-3.1406635478482783,-1.1344271989891883,-2.9416330523446277e-05,-0.1165796042298876,-1.5448282738152805,1.6568591619899589,-3.094971251387312,-1.1504548464895705,-0.6486789367991092
1780435545.194143057,-0.12038655694939582,-1.6034896009953652,1.6028039275354649,-3.140691169666814,-1.13418465709882,-2.6886827720673523e-05,-0.1166242745533992,-1.5442237121159028,1.6571965030637579,-3.102949526036845,-1.1527815565902415,-0.6486789367972673
1780435545.244327068,-0.12038655694939582,-1.6034896009953652,1.6028039275354649,-3.140691169666814,-1.13418465709882,-2.6886827720673523e-05,-0.11605657413564155,-1.5451130663520116,1.656337079407036,-3.092167556224693,-1.1568524851988478,-0.6486789367969389
1780435545.294092417,-0.12044508111591412,-1.603486472748214,1.6028079784955842,-3.1407186165338983,-1.1339642313492142,-2.4374213491995533e-05,-0.11642090437119358,-1.5453005883299005,1.656925208138834,-3.0940877461908056,-1.1521965877573772,-0.6486789367987063
1780435545.344341516,-0.12049654625260864,-1.603483407245788,1.6028115383504338,-3.1407439317438963,-1.1337703796280483,-2.2055116073005365e-05,-0.11713798355265956,-1.5447257161324597,1.657491906888694,-3.1022689649778212,-1.1421852970517883,-0.6486789367966159
1780435545.394098043,-0.12053437542473411,-1.6034800380708791,1.6028141822076987,-3.140766850104756,-1.1336278821142143,-1.995392483511438e-05,-0.1172390065372726,-1.5459786986592192,1.6571439670827912,-3.0915869665482547,-1.142912066933346,-0.648678936796966
1780435545.444224834,-0.12055647688328364,-1.6034761708311418,1.6028157825657505,-3.1407876087486732,-1.133544625748761,-1.80500603477185e-05,-0.11715644727233575,-1.5449825425969426,1.6569920269996323,-3.0995632632287626,-1.1441700025890813,-0.6612453075398994
1780435545.494252682,-0.12055647688328364,-1.6034761708311418,1.6028157825657505,-3.1407876087486732,-1.133544625748761,-1.80500603477185e-05,-0.1162096792615241,-1.545175009640399,1.6565930079517586,-3.0959978066192892,-1.1632959534502594,-0.6612453075377596
1780435545.544245005,-0.12057892286852212,-1.603472836804694,1.6028173870312592,-3.140806376331663,-1.1334600692230783,-1.6327958240580642e-05,-0.11640700731531783,-1.5460937413081837,1.6564580459663174,-3.0879517351714827,-1.1681788283140635,-0.6612453075391769
1780435545.594254732,-0.12059129928370993,-1.6034692874186547,1.6028183233290045,-3.140823370067667,-1.1334134448863527,-1.476873891625985e-05,-0.11738059149720427,-1.5454557810535352,1.6573311181017327,-3.0977702887342677,-1.160669155116734,-0.6612453075395763
1780435545.644244909,-0.12060904327733013,-1.603466516487095,1.6028195929213185,-3.1408387224720893,-1.1333465986054447,-1.3359134884538548e-05,-0.1181635365048362,-1.5460454449031031,1.6572498648974499,-3.09224775927893,-1.147684673393183,-0.6612453075376412
1780435545.694252491,-0.12062820807001629,-1.6034642182718315,1.602820941128525,-3.140852599377751,-1.13327439815507,-1.208429195997951e-05,-0.11801890469044524,-1.5463832281299101,1.656998561124019,-3.0881006422012947,-1.1472997944880736,-0.6612453075394125
1780435545.744277716,-0.12062820807001629,-1.6034642182718315,1.602820941128525,-3.140852599377751,-1.13327439815507,-1.208429195997951e-05,-0.11854446950692456,-1.5453472775377284,1.6574954120881642,-3.1002549282149587,-1.1402565720589755,-0.6612453075397131
1780435545.794404268,-0.12064126485000592,-1.6034618521281265,1.6028218831590693,-3.1408651602709847,-1.133225207736789,-1.093047781886014e-05,-0.11782733135634986,-1.5454198328476325,1.6568060992486209,-3.096996990666443,-1.1454656506717014,-0.66124530753779
1780435545.844309330,-0.1206589670344913,-1.6034601061193694,1.602823114287376,-3.1408765049911285,-1.133158514844867,-9.887290767451873e-06,-0.11713092345669167,-1.5462554235142427,1.6562848954120861,-3.0877673461531607,-1.1538765992998667,-0.6612453075394638
1780435545.894278288,-0.12067043762643603,-1.6034582224727663,1.6028239342217658,-3.1408867764370614,-1.133115298667315,-8.943137106420807e-06,-0.11740475514967454,-1.5453502724831525,1.6570465331384658,-3.099001540144856,-1.1532930173809968,-0.6612453075393231
1780435545.944154739,-0.12067827745377002,-1.6034563490600604,1.6028245121108284,-3.1408960722938355,-1.1330857612713672,-8.088880500523032e-06,-0.11766268162623365,-1.5460129217721539,1.65709595492632,-3.0941585420404465,-1.1533084290267626,-0.661245307537458
1780435545.994228125,-0.12067827745377002,-1.6034563490600604,1.6028245121108284,-3.1408960722938355,-1.1330857612713672,-8.088880500523032e-06,-0.11782633071605489,-1.5470900194395822,1.6566081972935536,-3.0823823393466148,-1.150359249071983,-0.6612453075394905
1780435546.044351816,-0.12068500402149684,-1.6034546301700807,1.6028250110626792,-3.140904480515054,-1.1330604179728674,-7.316132095702699e-06,-0.11849116427418636,-1.5465273014764405,1.657434939519882,-3.089757296127369,-1.148451459264317,-0.6612453075398453
1780435546.094338894,-0.12067306902666086,-1.6034518714097619,1.602824302668926,-3.140912130246654,-1.1331053846147903,-6.615971291701328e-06,-0.11805695053015812,-1.5459088357158572,1.6569384543931358,-3.092102697153225,-1.1608125358808097,-0.6612453075382954
1780435546.144358158,-0.12065907139279819,-1.6034491616654485,1.602823455196227,-3.140919056447389,-1.133158121671137,-5.982609340371425e-06,-0.11730031819697921,-1.546420344031315,1.6562345165602026,-3.0844049039594585,-1.1792100528843854,-0.6612453075388673
1780435546.194122314,-0.12064887277210445,-1.6034468752184408,1.6028228468102497,-3.1409253138213753,-1.1331965451070305,-5.410229341862305e-06,-0.11792189188071767,-1.5462859755356826,1.656943814077402,-3.08923628859296,-1.1786592063132029,-0.6612453075399893
1780435546.244314671,-0.12064887277210445,-1.6034468752184408,1.6028228468102497,-3.1409253138213753,-1.1331965451070305,-5.410229341862305e-06,-0.11867214358845538,-1.5459059565325433,1.65757208913773,-3.0958342770664093,-1.1718882054053879,-0.6612453075378194
1780435546.294134617,-0.12064707483506965,-1.6034453043349437,1.6028227751058652,-3.1409309541313597,-1.1332033188079151,-4.8931821208242354e-06,-0.11915269526942107,-1.5481721052688373,1.6575250637025396,-3.0820426783429196,-1.17211750472787,-0.6612453075394513
1780435546.344122171,-0.12053968845581586,-1.6032455781017738,1.6028215872570355,-3.1416789252840553,-1.1336078680924047,6.462066754004059e-05,-0.12119834095749336,-1.5453489912133653,1.6560279586987774,-3.0942273273662595,-1.1638527579923188,-0.6612453075397902
1780435546.394118071,-0.11994880612893954,-1.6030892107988697,1.6027862443265648,-3.1421305522697702,-1.1358329013822877,0.00010584411088704763,-0.12346081942459287,-1.5436899861389115,1.6549863595210301,-3.0886422183686513,-1.167320943956633,-0.6612453075380602
1780435546.444224834,-0.11994880612893954,-1.6030892107988697,1.6027862443265648,-3.1421305522697702,-1.1358329013822877,0.00010584411088704763,-0.12603727495691486,-1.5419505961932218,1.6543557428946474,-3.078363216710442,-1.1700696822010435,-0.6612453075396523
1780435546.494260788,-0.11899053566689766,-1.6029696564609548,1.6027223538014612,-3.142331901685867,-1.1394379631484979,0.00012306064121052218,-0.12920847157100224,-1.5390474809096686,1.655428649087709,-3.0876876414917946,-1.1498050627852916,-0.6738116782675306
1780435546.544317722,-0.1178753483592363,-1.6028816157934394,1.6026421490783416,-3.142351033117624,-1.1436281138017446,0.0001231845814998554,-0.13014632213997818,-1.537218545381843,1.6550358818857844,-3.0739692254269677,-1.1450647662025946,-0.6738116782681202
1780435546.594247103,-0.11695550156682266,-1.6028854376671928,1.6025698602191618,-3.142056139287554,-1.1470801269817557,9.53758274961277e-05,-0.13011260518307133,-1.5337145260934202,1.6554722735773835,-3.078272245766936,-1.1522455326710774,-0.6738116782697946
1780435546.644298315,-0.1161962646192709,-1.6029894958049287,1.6025039079525634,-3.1414107445086707,-1.149926601066804,3.6967146665232924e-05,-0.13040491290324843,-1.5303668717330563,1.6558322947943147,-3.0834279428903715,-1.1547793265501962,-0.6738116782681137
1780435546.694512129,-0.1161962646192709,-1.6029894958049287,1.6025039079525634,-3.1414107445086707,-1.149926601066804,3.6967146665232924e-05,-0.1299300787841804,-1.5286074025043108,1.655896415154949,-3.076701733792117,-1.1610639370844293,-0.6738116782671859
1780435546.744262457,-0.11574820713111578,-1.6030733451869175,1.6024628156868175,-3.140938167627029,-1.1516052498951783,-5.237694187698594e-06,-0.12949014198956876,-1.527595755088064,1.6561320089626692,-3.070290864676433,-1.1567767335035464,-0.6738116782683143
1780435546.794410944,-0.1157141860108526,-1.603065733407952,1.6024601912376453,-3.1409565730140168,-1.1517326747583052,-3.6206334153021658e-06,-0.13012123522455124,-1.5253482890466046,1.6570511497202265,-3.0766772139559655,-1.1443950446215831,-0.673811678268908
1780435546.844537735,-0.11571648519677957,-1.6030631561993234,1.60246048758364,-3.1409673663202464,-1.1517240633983041,-2.668332247601768e-06,-0.13001036767432253,-1.5224814942146727,1.6572343000975314,-3.0816337512094054,-1.1478844719452013,-0.6612453075385012
1780435546.894284248,-0.1157208020860363,-1.6030416616905683,1.6024616819621367,-3.1410524718387522,-1.1517078948804471,4.8780399652096506e-06,-0.130144652230214,-1.5223739260399034,1.6565165684284944,-3.0639279643434483,-1.148545199926292,-0.6612453075389778
1780435546.944133997,-0.11572138874025661,-1.6030379938397026,1.6024618725063153,-3.1410669439434065,-1.1517056976139948,6.157214642530648e-06,-0.1304601964182715,-1.5201524637771096,1.6566322533578826,-3.066085503380897,-1.1452808358121016,-0.6612453075405919
1780435546.994323730,-0.11572138874025661,-1.6030379938397026,1.6024618725063153,-3.1410669439434065,-1.1517056976139948,6.157214642530648e-06,-0.13009547076055658,-1.5175896570433887,1.6569073218569108,-3.0718734525339455,-1.157385609937396,-0.6612453075390995
1780435547.044189692,-0.11573562186551989,-1.603047276622564,1.6024627371944467,-3.141035504698338,-1.151652388128122,3.367806397116973e-06,-0.12950338874673506,-1.5161043221938195,1.6561154131000795,-3.065128366378967,-1.1715888515341235,-0.6612453075382255
1780435547.094137192,-0.11575771198486517,-1.6030662375544384,1.6024639027846626,-3.140968974041694,-1.151569648922509,-2.5348179439887986e-06,-0.13022677945523298,-1.5159224211414495,1.6574137695542341,-3.0608164058574148,-1.1705181888450187,-0.661245307539204
1780435547.144144535,-0.11575771198486517,-1.6030655225849504,1.6024639302175097,-3.140971757585446,-1.151569648922509,-2.2927054033061722e-06,-0.13116528458614174,-1.5150838375493745,1.6586448089921682,-3.068654179609732,-1.1556787748855153,-0.6612453075396604
1780435547.194124699,-0.11575771198486517,-1.6030648760237023,1.602463955020377,-3.140974274785367,-1.151569648922509,-2.0737211690047275e-06,-0.13100106900450106,-1.5151221864936746,1.6589061774666294,-3.069268216767271,-1.1526152571486228,-0.6612453075375064
1780435547.244263887,-0.11575771198486517,-1.6030648760237023,1.602463955020377,-3.140974274785367,-1.151569648922509,-2.0737211690047275e-06,-0.13012242098366217,-1.5163739995070644,1.6582466793512742,-3.059394651824371,-1.1596532968972453,-0.6612453075397895
1780435547.294225216,-0.11575771198486517,-1.6030642912097157,1.602463977452538,-3.1409765515869132,-1.151569648922509,-1.8756860749036264e-06,-0.1297903749515529,-1.516210365990676,1.6588332230372977,-3.067903814263057,-1.160333816691499,-0.6612453075396131
1780435547.344251871,-0.11575771198486517,-1.603063762372698,1.602463997739157,-3.140978610468459,-1.151569648922509,-1.6967488774000117e-06,-0.12825100928264477,-1.5171221561844197,1.6582899287898203,-3.0627637854894387,-1.1802810527530772,-0.6612453075377082
1780435547.394297123,-0.11575771198486517,-1.6030632841292203,1.602464016074917,-3.1409804723422967,-1.151569648922509,-1.5346621813350225e-06,-0.1280796182810326,-1.5186941641127332,1.6582095455141832,-3.055407161566193,-1.180080132768526,-0.6612453075386643
1780435547.444149017,-0.11575771198486517,-1.6030628515821856,1.6024640326576391,-3.140982156311449,-1.151569648922509,-1.3880637617091907e-06,-0.1286395458190706,-1.5195880700745485,1.6592011860810423,-3.059281193593817,-1.167888842139315,-0.6612453075399072
1780435547.494532824,-0.11575771198486517,-1.6030628515821856,1.6024640326576391,-3.140982156311449,-1.151569648922509,-1.3880637617091907e-06,-0.12843289458645152,-1.519430622243017,1.6593352085303719,-3.0691117597040627,-1.16344282179643,-0.6612453075386251
1780435547.544263601,-0.11575771198486517,-1.603062460436612,1.6024640476515681,-3.140983679094613,-1.151569648922509,-1.2554928439101332e-06,-0.12732901413360917,-1.521148635305578,1.6581890340554668,-3.0577027404840775,-1.171296330765967,-0.661245307538579
1780435547.594261885,-0.11575771198486517,-1.6030621067896274,1.602464061206398,-3.1409850558859396,-1.151569648922509,-1.135677079489028e-06,-0.12682583456210558,-1.5224772331794183,1.658130364544448,-3.056474895716228,-1.1706949812528338,-0.6486789367980772
1780435547.644123077,-0.11575771198486517,-1.6030617869185502,1.6024640734663942,-3.1409863011838905,-1.151569648922509,-1.027331713920887e-06,-0.12650149233958555,-1.522518175426419,1.658582496864587,-3.0655896450050752,-1.171015430316796,-0.6486789367981791
1780435547.694332361,-0.11575771198486517,-1.6030614975781123,1.6024640845581175,-3.1409874276306975,-1.151569648922509,-9.293302882795729e-07,-0.12495433274529232,-1.5233931304417254,1.657949618462533,-3.061795154849661,-1.1915916559247626,-0.648678936796204
1780435547.744242907,-0.11575771198486517,-1.6030612359224294,1.6024640945859883,-3.140988446287501,-1.151569648922509,-8.406690703566255e-07,-0.12484419082373864,-1.5249375327967973,1.6577763180777816,-3.0550274732159615,-1.1916903494543787,-0.6486789367972006
1780435547.794299364,-0.11575771198486517,-1.6030612359224294,1.6024640945859883,-3.140988446287501,-1.151569648922509,-8.406690703566255e-07,-0.12549830720383803,-1.5256803684980191,1.658797439467478,-3.0603874940415774,-1.1798813945711277,-0.6486789367982256
1780435547.844344854,-0.11575771198486517,-1.6030609992340903,1.6024640945859883,-3.1409893677400373,-1.151569648922509,-7.604301686114923e-07,-0.1253696523873772,-1.5256917136397306,1.6587731776336783,-3.067214645968787,-1.175448770517985,-0.6486789367968684
1780435547.894348145,-0.11575771198486517,-1.6030607851755097,1.6024641118571368,-3.1409902010872797,-1.151569648922509,-6.878444835933806e-07,-0.12436950578318595,-1.527020476159878,1.65771103747604,-3.058141231283667,-1.1832474908646005,-0.6486789367971116
1780435547.944570303,-0.11575771198486517,-1.6030605916684548,1.6024641118571368,-3.1409909544187165,-1.151569648922509,-6.222198543071045e-07,-0.12343974202218615,-1.5273109931570463,1.6575612637155601,-3.0615848728449726,-1.1932325628470233,-0.6486789367988153
1780435547.994214296,-0.11575771198486517,-1.6030604167017701,1.6024641259681673,-3.1409916355622216,-1.151569648922509,-5.628070800511864e-07,-0.12378058166749557,-1.5280877327293698,1.658107246461001,-3.0654280117381596,-1.1821196863404666,-0.6612453075271482
1780435548.044250727,-0.11575771198486517,-1.6030602584087639,1.6024641259681673,-3.14099225180342,-1.151569648922509,-5.090723336209635e-07,-0.12233599550746263,-1.5289120519366088,1.6573859322241904,-3.0597740230310304,-1.2016629834193637,-0.661245307525284
1780435548.094133854,-0.11575771198486517,-1.6030602584087639,1.6024641259681673,-3.14099225180342,-1.151569648922509,-5.090723336209635e-07,-0.12228878042184056,-1.5301802350749494,1.6572943584850623,-3.053457911732582,-1.202206241629177,-0.6612453075260477
1780435548.144360065,-0.11575771198486517,-1.6030601152613366,1.6024641375152127,-3.140992809088552,-1.151569648922509,-4.6057608305005715e-07,-0.12309344405434752,-1.5308959118670664,1.6582999967196133,-3.0571807246504146,-1.1898242404029102,-0.66124530752737
1780435548.194160461,-0.11575771198486517,-1.6030599857813979,1.6024641375152127,-3.140993313166125,-1.151569648922509,-4.166836866659196e-07,-0.12311280899180987,-1.5303454136533752,1.6584728318502682,-3.0680750879033183,-1.1846429600742696,-0.6612453075261087
1780435548.244323015,-0.11575771198486517,-1.603059868612437,1.6024641375152127,-3.1409937693154637,-1.151569648922509,-3.769293259736628e-07,-0.12218184260276164,-1.531729145184178,1.6572292727019498,-3.056434758112818,-1.1914553510107235,-0.661245307526189
1780435548.294125080,-0.11575771198486517,-1.603059762658157,1.6024641510219444,-3.140994181795442,-1.151569648922509,-3.40965424783235e-07,-0.1219383306487247,-1.5325020906683253,1.6573195707969286,-3.0570968686957833,-1.1894794879354094,-0.6738116782686812
1780435548.344129801,-0.11575771198486517,-1.603059666900406,1.6024641510219444,-3.140994554572929,-1.151569648922509,-3.084185093982228e-07,-0.12178017432558862,-1.5322940559681832,1.6577990595158023,-3.0659463955102617,-1.189909608502877,-0.6738116782685916
1780435548.394136667,-0.11575771198486517,-1.603059666900406,1.6024641510219444,-3.140994554572929,-1.151569648922509,-3.084185093982228e-07,-0.12042005852114292,-1.532881948553694,1.657118693245738,-3.061497073095002,-1.2091654877689526,-0.6738116782666974
1780435548.444249630,-0.11575771198486517,-1.6030595803156888,1.6024641510219444,-3.140994891641767,-1.151569648922509,-2.789964419491753e-07,-0.12048287290989797,-1.5341851188386375,1.6569797483181776,-3.053905671925385,-1.208942285577898,-0.6738116782677076
1780435548.494260073,-0.11575771198486517,-1.6030595020314387,1.6024641510219444,-3.140995196400787,-1.151569648922509,-2.5245160362175056e-07,-0.12139755286633497,-1.5343726562052424,1.658195500943713,-3.0619591617956345,-1.1955793496662097,-0.6738116782685755
1780435548.544339657,-0.11575771198486517,-1.6030594312041062,1.6024641637096826,-3.140995472134718,-1.151569648922509,-2.284305891109284e-07,-0.1213584713964056,-1.5342694261463183,1.6580126655232434,-3.0662663607576555,-1.1910316847222249,-0.6738116782670462
1780435548.594404459,-0.11575771198486517,-1.6030593670665674,1.6024641637096826,-3.140995721822622,-1.151569648922509,-2.066502711173257e-07,-0.12056072788591342,-1.5355156158357497,1.6569399474687247,-3.055228438111188,-1.1974698345905663,-0.6738116782682622
1780435548.644233465,-0.11575771198486517,-1.6030593670665674,1.6024641637096826,-3.140995721822622,-1.151569648922509,-2.066502711173257e-07,-0.11949841561592968,-1.5342556797271438,1.6574602538859933,-3.0719571982595246,-1.2167482270655021,-0.6738116782681925
1780435548.694268703,-0.11575771198486517,-1.603059309036082,1.6024641637096826,-3.1409959477464886,-1.151569648922509,-1.8701439508106432e-07,-0.11965113640197365,-1.5352743778798068,1.6574293410470395,-3.0691718119465694,-1.2180356125693752,-0.6738116782665204
