time,target_shoulder_pan_joint,target_shoulder_lift_joint,target_elbow_joint,target_wrist_1_joint,target_wrist_2_joint,target_wrist_3_joint,actual_shoulder_pan_joint,actual_shoulder_lift_joint,actual_elbow_joint,actual_wrist_1_joint,actual_wrist_2_joint,actual_wrist_3_joint
1780435770.389629126,5.479358315430005e-05,-1.5707710596299087,1.570771052320656,-3.1415926533457093,-1.5709938040382543,0.0,-0.017116011983490616,-1.3358562358443127,1.7740881634743564,-3.050085601415665,-1.5751540810863596,-0.6610382883553845
1780435770.439299107,5.479358315430005e-05,-1.5707710596299087,1.570771052320656,-3.1415926533457093,-1.5709938040382543,0.0,-0.016383989471085058,-1.3351222734921517,1.773684254481167,-3.0585469928684894,-1.5885024153879137,-0.6610382883553706
1780435770.489341259,5.479358315430005e-05,-1.5707710596299087,1.570771052320656,-3.1415926533457093,-1.5709938040382543,0.0,-0.016143691226723027,-1.336973478385822,1.7723342229049637,-3.044398108974718,-1.5929735136547631,-0.6610382883551535
1780435770.539339781,5.479358315430005e-05,-1.5707710596299087,1.570771052320656,-3.1415926533457093,-1.5709938040382543,0.0,-0.01661437853094482,-1.337182225395848,1.7728029613098848,-3.0501651943110746,-1.58449609855957,-0.6610382883550341
1780435770.589513302,5.479358315430005e-05,-1.5707710596299087,1.570771052320656,-3.1415926533457093,-1.5709938040382543,0.0,-0.01721882398559885,-1.3371038756581592,1.7733411897744997,-3.059720152303532,-1.5721040716048105,-0.6610382883552355
1780435770.639355898,5.479358315430005e-05,-1.5707710596299087,1.570771052320656,-3.1415926533457093,-1.5709938040382543,0.0,-0.01694939097205481,-1.338691809577016,1.7717137516815595,-3.047208135957084,-1.5730785919252623,-0.6610382883554369
1780435770.689304352,5.479358315430005e-05,-1.5707710596299087,1.570771052320656,-3.1415926533457093,-1.5709938040382543,0.0,-0.01611839743164012,-1.338594892535741,1.7707875183112847,-3.0487946000685557,-1.5863506228637603,-0.661038288355259
1780435770.739482641,5.479358315430005e-05,-1.5707710596299087,1.570771052320656,-3.1415926533457093,-1.5709938040382543,0.0,-0.01588546186973339,-1.3382896939785232,1.7709671979068964,-3.056498501953061,-1.5913184473545694,-0.6610382883551591
1780435770.789233923,5.479358315430005e-05,-1.5707710596299087,1.570771052320656,-3.1415926533457093,-1.5709938040382543,0.0,-0.01688785449687801,-1.3405143176954466,1.7706741113682132,-3.043992422233102,-1.5725674123318527,-0.6484719176265683
1780435770.839376926,5.479358315430005e-05,-1.5707710596299087,1.570771052320656,-3.1415926533457093,-1.5709938040382543,0.0,-0.016676980452871713,-1.3396424767288755,1.77074578310465,-3.0558462034782985,-1.57488219722796,-0.648471917626745
1780435770.889400482,5.479358315430005e-05,-1.5707710596299087,1.570771052320656,-3.1415926533457093,-1.5709938040382543,0.0,-0.01595713936257099,-1.3401636049901473,1.7694764674520207,-3.0516065927879374,-1.587027858055755,-0.6484719176267545
1780435770.939284325,5.479358315430005e-05,-1.5707710596299087,1.570771052320656,-3.1415926533457093,-1.5709938040382543,0.0,-0.015697519957227898,-1.3413706554199027,1.7684756669552013,-3.0439539798293085,-1.5915851566418286,-0.6484719176264389
1780435770.989322662,5.479358315430005e-05,-1.5707710596299087,1.570771052320656,-3.1415926533457093,-1.5709938040382543,0.0,-0.016191803265091544,-1.3411237131383578,1.7693524335767397,-3.0552937166479874,-1.5831593275755227,-0.648471917626387
1780435771.039205551,5.479358315430005e-05,-1.5707710596299087,1.570771052320656,-3.1415926533457093,-1.5709938040382543,0.0,-0.016728637640971974,-1.3424261007315748,1.7689948427847337,-3.0500578727986873,-1.5708948154512645,-0.6484719176265679
1780435771.089176655,5.479358315430005e-05,-1.5707710596299087,1.570771052320656,-3.1415926533457093,-1.5709938040382543,0.0,-0.016382665605335463,-1.3428974775863578,1.7680267171920234,-3.0437048965759783,-1.5729639194327623,-0.6484719176267382
1780435771.139310122,3.9183669206188654e-05,-1.5709585458548716,1.570760745829755,-3.1408800020434864,-1.570937537371826,1.6236965780589046e-08,-0.015195905493619244,-1.3417686527891233,1.7687950076345527,-3.0555764384760526,-1.5906752128393795,-0.6610382883676861
1780435771.189272165,-5.35843104163547e-05,-1.5708161466060044,1.5708215010188564,-3.141611950428084,-1.5706032224235154,0.0,-0.01478584217263719,-1.3458303962507712,1.768024381183101,-3.0451888714104074,-1.5834967991682851,-0.6610382883675907
1780435771.239393711,-5.35843104163547e-05,-1.5708161466060044,1.5708215010188564,-3.141611950428084,-1.5706032224235154,0.0,-0.014466474107723067,-1.3463311611706148,1.7683633113689912,-3.0526888434361594,-1.5715317341058632,-0.6610382883677897
1780435771.289355993,-0.00026006157284275133,-1.5709117208691374,1.5709165557053004,-3.141610097189366,-1.5698591670346325,0.0,-0.012767488308646604,-1.3464413736600198,1.7676602169073272,-3.0566925401349487,-1.5854512008452806,-0.6736046590966318
1780435771.339316607,-0.0006060689701889999,-1.5710712192095588,1.5710755552007971,-3.1416083920683997,-1.5686124348095678,1.0250417953254368e-08,-0.011420519618018012,-1.3487717039209146,1.7667658289275645,-3.0476190950749644,-1.590209958429916,-0.6736046590963343
1780435771.389385223,-0.0010601746256320155,-1.5712798025535477,1.571283629119439,-3.1416067915393624,-1.5669764476259722,1.0250417953254368e-08,-0.01098191234334291,-1.3494654095645595,1.767866541800048,-3.059590136277476,-1.5821352149719754,-0.6736046590962967
1780435771.439345121,-0.0010601746256320155,-1.5712798025535477,1.571283629119439,-3.1416067915393624,-1.5669764476259722,1.0250417953254368e-08,-0.010676052766970453,-1.351547736070227,1.7677841842262842,-3.0570166811754262,-1.5706229834358032,-0.6736046590964989
1780435771.489141703,-0.0016049835681037905,-1.571529078599049,1.5715323529862666,-3.141605252646875,-1.56501404803452,1.0250417953254368e-08,-0.009565684611344145,-1.3537352470476458,1.7664397822178024,-3.047478139877406,-1.5727992836752918,-0.6736046590966897
1780435771.539161444,-0.0022279592828180483,-1.571812892334174,1.5718155403673242,-3.141603734015609,-1.5627705654600694,2.1508023835502715e-08,-0.008127026485608558,-1.3535284954883924,1.7663465735242512,-3.059539665605976,-1.5854097456040468,-0.673604659096605
1780435771.589575291,-0.0029175666011180823,-1.5721255755317083,1.5721274946594788,-3.1416021984048914,-1.5602877037314098,2.1508023835502715e-08,-0.007288473161739152,-1.3551864618051415,1.765810668273479,-3.0565140582274424,-1.5901661412665993,-0.6736046590964856
1780435771.639315128,-0.0029175666011180823,-1.5721255755317083,1.5721274946594788,-3.1416021984048914,-1.5602877037314098,2.1508023835502715e-08,-0.008026289812343877,-1.357257174688761,1.7662593682794308,-3.0527709082318655,-1.5712199501689332,-0.6610382883553036
1780435771.689174175,-0.0036646465777678827,-1.5724625816888853,1.572463643902814,-3.141600612065554,-1.5575985858209416,2.1508023835502715e-08,-0.007421778222008538,-1.3575249220984134,1.7661178808599638,-3.061105011524659,-1.5715718428416556,-0.6610382883555147
1780435771.739378214,-0.004456727389162474,-1.5728179348324929,1.5728179949653338,-3.1415989503168698,-1.5547482269134427,2.1508023835502715e-08,-0.006287038005364355,-1.359415320809739,1.7644644185949976,-3.0504989615089326,-1.5822372442720753,-0.6610382883554661
1780435771.789271116,-0.005282802415512933,-1.5731864115359073,1.5731853137582616,-3.1415971957318156,-1.551776325918162,3.18730439284544e-08,-0.006368018088453975,-1.3597028054827076,1.7653745724262666,-3.0602824915997067,-1.5794044000945833,-0.6484719176264768
1780435771.839381218,-0.005282802415512933,-1.5731864115359073,1.5731853137582616,-3.1415971957318156,-1.551776325918162,3.18730439284544e-08,-0.0067633402772915305,-1.3616281032546613,1.76519604065959,-3.055918414941319,-1.5657189961217501,-0.6484719176266444
1780435771.889352322,-0.0061372720188792584,-1.573565278010804,1.573562856280901,-3.1415953321272063,-1.5487030938860151,3.18730439284544e-08,-0.006317716303886799,-1.363270647616618,1.7640048711966734,-3.048244838588774,-1.5659609183781613,-0.6484719176268573
1780435771.939252615,-0.007014882760618235,-1.5739520038708736,1.5739480857737866,-3.141593347894805,-1.5455474734061179,3.18730439284544e-08,-0.005443428036543359,-1.362720980479299,1.7638250151187056,-3.0600531997452003,-1.5776364662982307,-0.64847191762677
1780435771.989149809,-0.007913592430830008,-1.5743455117516243,1.5743399169436565,-3.14159123020475,-1.5423168422995595,3.18730439284544e-08,-0.005147771656016374,-1.3641555303342443,1.763268807948629,-3.0558096130894503,-1.5819902491732971,-0.6484719176266093
1780435772.039269686,-0.008825948782012816,-1.5747423980616988,1.574734950646552,-3.14158897892233,-1.539038007995817,3.18730439284544e-08,-0.0056859848822159945,-1.3662356662316322,1.7630719260438534,-3.048995506379688,-1.5734585370277447,-0.6484719176265119
1780435772.089282990,-0.008825948782012816,-1.5747423980616988,1.574734950646552,-3.14158897892233,-1.539038007995817,3.18730439284544e-08,-0.006302920935831338,-1.365793468183389,1.7637549729626674,-3.062229836393088,-1.5609720227361694,-0.6610382883681031
1780435772.139333010,-0.00974355246141645,-1.5751389337523545,1.575129470154771,-3.1415866022131604,-1.5357411503319351,3.18730439284544e-08,-0.0056244498812163205,-1.3676468203645173,1.7619650062502392,-3.0487675003917447,-1.570607679543675,-0.661038288368057
1780435772.189398527,-0.01066286694691243,-1.5755335649711126,1.575521929044584,-3.1415841037015593,-1.5324389523462534,3.18730439284544e-08,-0.0054920492836297,-1.3680016960785641,1.7619420734342628,-3.053406351861876,-1.5746020316172868,-0.661038288367814
1780435772.239263535,-0.011581881669597394,-1.5759254262481592,1.5759114683272173,-3.141581486826498,-1.529138605013217,3.18730439284544e-08,-0.00628220586345303,-1.3684153952695004,1.7628027040486094,-3.0625742704900953,-1.5652448103729233,-0.6610382883677378
1780435772.289257050,-0.011581881669597394,-1.5759254262481592,1.5759114683272173,-3.141581486826498,-1.529138605013217,3.18730439284544e-08,-0.007149163928093049,-1.3708348549382556,1.762122308278264,-3.050310572456085,-1.551919686864648,-0.6610382883679041
1780435772.339365482,-0.01249912656081964,-1.5763139030879536,1.5762974799414395,-3.141578754999557,-1.5258453522528566,3.18730439284544e-08,-0.0072885555305267375,-1.371244015741742,1.7616940852389233,-3.05272295132922,-1.5504725837481153,-0.6610382883681639
1780435772.389156103,-0.013403078292081538,-1.576694183457338,1.576675187758637,-3.141575941408116,-1.522600517228228,3.18730439284544e-08,-0.006934244976435061,-1.3708856303139223,1.7613710246015852,-3.060257921818143,-1.5602297840753234,-0.6610382883680438
1780435772.439187050,-0.01425789267068911,-1.5770514540605243,1.577029893951544,-3.1415731583610755,-1.5195326682602728,3.18730439284544e-08,-0.007063326377532328,-1.3725473659851497,1.7605128671637238,-3.051713793257166,-1.5640733013487755,-0.6610382883678192
1780435772.489639044,-0.01425789267068911,-1.5770514540605243,1.577029893951544,-3.1415731583610755,-1.5195326682602728,3.18730439284544e-08,-0.00867723233262687,-1.37298329680298,1.7619115360141613,-3.0614973648666854,-1.5433875242778015,-0.6736046590966284
1780435772.539409637,-0.015071700345425043,-1.577389474794539,1.577365357412926,-3.1415704026032323,-1.5166125077580128,3.18730439284544e-08,-0.008999289757469267,-1.3739394960965248,1.7609990392329495,-3.0579108094299854,-1.5419274444165212,-0.6736046590967053
1780435772.589307308,-0.015837091085598942,-1.5777055083074014,1.5776788836920121,-3.1415677143922704,-1.5138665217061202,3.18730439284544e-08,-0.008779873263304134,-1.3751390542747215,1.7595048288166568,-3.0487096473159148,-1.5511617352659346,-0.6736046590967355
1780435772.639192343,-0.016558476108585296,-1.578001707015611,1.5779726306066206,-3.141565097313912,-1.5112787890133648,3.18730439284544e-08,-0.00912273652190336,-1.374468198086042,1.7599492559259877,-3.0609084000321767,-1.5547389345156895,-0.6736046590965025
1780435772.689361095,-0.016558476108585296,-1.578001707015611,1.5779726306066206,-3.141565097313912,-1.5112787890133648,3.18730439284544e-08,-0.010792302528684143,-1.3765609979442406,1.7601202928819222,-3.0516636372161465,-1.5336947559320608,-0.6610382883552968
1780435772.739323139,-0.01723645310773847,-1.5782786108073088,1.5782471530857896,-3.1415625651601116,-1.5088470851668276,3.18730439284544e-08,-0.01128454176365083,-1.376763875869444,1.7596094969055416,-3.053693644862569,-1.5319058669800356,-0.6610382883556538
1780435772.789267778,-0.01787581866427601,-1.5785384384791055,1.5785046681348478,-3.141560114893814,-1.5065541383552619,3.18730439284544e-08,-0.011209845290392309,-1.3760760176247038,1.7592018719012703,-3.0612272322262917,-1.5410406000566126,-0.6610382883554308
1780435772.839265108,-0.018477210407429112,-1.5787816775344208,1.5787456736071348,-3.1415577558006627,-1.5043976048500145,2.1544945443083826e-08,-0.011929031923110676,-1.3778924614058559,1.758754429967716,-3.04969577951286,-1.538248185581067,-0.6484719176265358
1780435772.889443159,-0.018477210407429112,-1.5787816775344208,1.5787456736071348,-3.1415577558006627,-1.5043976048500145,2.1544945443083826e-08,-0.013357941516232666,-1.3775809200169498,1.759606259957094,-3.060962824609141,-1.5239202637537907,-0.6484719176267275
1780435772.939388275,-0.01904810648843558,-1.5790115447662707,1.5789733695992585,-3.141555470306832,-1.502350622235424,2.1544945443083826e-08,-0.013834964566653686,-1.3783782679096666,1.758631435278695,-3.054950076080875,-1.5229255720856627,-0.6484719176267291
1780435772.989315033,-0.01958848990579476,-1.5792281955715763,1.5791879202941277,-3.1415532665442445,-1.5004132136005248,2.1544945443083826e-08,-0.013745202168298772,-1.37882050930929,1.7574394361639254,-3.0502743809283817,-1.533200521494386,-0.6484719176268203
1780435773.039150000,-0.02009714201318058,-1.5794312965000774,1.5793890066524976,-3.1415511623401424,-1.4985897136603912,2.1544945443083826e-08,-0.01427069733377121,-1.37816364344339,1.7578396254395305,-3.0614668777266845,-1.536927899800757,-0.6484719176266267
1780435773.089314461,-0.02009714201318058,-1.5794312965000774,1.5793890066524976,-3.1415511623401424,-1.4985897136603912,2.1544945443083826e-08,-0.016031556700444954,-1.3802587697214612,1.7579216822166217,-3.0507158310674285,-1.5161057228232961,-0.6610382883678289
1780435773.139301538,-0.020565828329243807,-1.5796177289305007,1.5795735505504396,-3.1415491972230125,-1.4969096084839784,2.1544945443083826e-08,-0.01666225395976576,-1.3802321555909192,1.7575345164530067,-3.0533403177199845,-1.5132611639247437,-0.6610382883682632
1780435773.189204693,-0.020990857567782406,-1.5797862081713943,1.5797402890368666,-3.1415473874358826,-1.495386096115448,2.1544945443083826e-08,-0.016624714400968896,-1.3794289833072035,1.757136730540127,-3.0607293977271364,-1.522025795010415,-0.6610382883679361
1780435773.239356995,-0.0213736224865837,-1.5799374561909119,1.5798899465718363,-3.141545734598703,-1.4940141540952752,2.1544945443083826e-08,-0.017356364728215282,-1.3811733193286493,1.7567289160976283,-3.049297081712161,-1.5191427489932214,-0.6736046590964369
1780435773.289570332,-0.0213736224865837,-1.5799374561909119,1.5798899465718363,-3.141545734598703,-1.4940141540952752,2.1544945443083826e-08,-0.018729828484367946,-1.3808301923429305,1.757601711065111,-3.0603288522836483,-1.5061520739545453,-0.673604659096648
1780435773.339553833,-0.021719387442518112,-1.5800736945454847,1.5800247298098378,-3.1415442230574335,-1.4927748893853066,2.1544945443083826e-08,-0.01914762912003705,-1.3814841674228893,1.7566636513895286,-3.0553813461179624,-1.5065032082569436,-0.6736046590965566
1780435773.389265060,-0.02203295036482711,-1.580196925213329,1.5801466259400383,-3.1415428372483984,-1.4916510873323396,2.1544945443083826e-08,-0.01904042458052348,-1.3820981465035098,1.7554385411002877,-3.0492680013223654,-1.5170852640866597,-0.6736046590967135
1780435773.439144135,-0.022321337576279632,-1.5803099932972975,1.5802584545415574,-3.1415415513977334,-1.4906175523642808,1.1511553285288023e-08,-0.01949118940819404,-1.3813505669538646,1.7558808497521994,-3.0609497834693418,-1.520776587736672,-0.6736046590965026
1780435773.489266634,-0.022321337576279632,-1.5803099932972975,1.5802584545415574,-3.1415415513977334,-1.4906175523642808,1.1511553285288023e-08,-0.021155034384676114,-1.3835457870214203,1.755873637026958,-3.0487582458264715,-1.4998698490704376,-0.6610382883552263
1780435773.539314747,-0.022586667054243392,-1.5804137938886793,1.5803611046386499,-3.1415403589954662,-1.4896666839440256,1.1511553285288023e-08,-0.021628652563686145,-1.3832288669545276,1.7556442590951904,-3.0540031240201366,-1.4978079287766417,-0.6610382883557034
1780435773.589329481,-0.022825433627486902,-1.5805070167616826,1.5804532837499057,-3.141539277550804,-1.4888110346251793,1.1511553285288023e-08,-0.021479407043519128,-1.3823455375903313,1.7552691402231255,-3.06326998441712,-1.5070884413533954,-0.6610382883553595
1780435773.639365673,-0.023040215818366683,-1.5805907251357691,1.580536046359252,-3.1415382969847037,-1.488041355947332,0.0,-0.022112662869789752,-1.3843488906717756,1.7547392148356127,-3.0500038703621195,-1.5043147177471787,-0.6484719176264994
1780435773.689392567,-0.023040215818366683,-1.5805907251357691,1.580536046359252,-3.1415382969847037,-1.488041355947332,0.0,-0.023351360839566994,-1.384030823441198,1.7555660940888416,-3.060865887827336,-1.4911553644360074,-0.6484719176267313
1780435773.739284515,-0.023231556973211553,-1.5806651775818903,1.5806096506891336,-3.14153741811915,-1.4873556942870385,0.0,-0.023608900673349507,-1.384425569234339,1.7547644487440843,-3.0589931470829006,-1.4923617671409934,-0.6484719176265404
1780435773.789218903,-0.023403062147250075,-1.5807318157199797,1.5806755241793602,-3.141536625490389,-1.486741125920445,0.0,-0.02328765263387333,-1.3854038540047862,1.7532892674737213,-3.049413765535814,-1.504942843339153,-0.6484719176267856
1780435773.839166641,-0.023558985971854796,-1.580792320893086,1.5807353306771472,-3.141535901392953,-1.486182401145773,0.0,-0.023673340038463317,-1.384638861857467,1.7538489901201475,-3.061466523822751,-1.509028114018784,-0.6484719176265816
1780435773.889491796,-0.023558985971854796,-1.580792320893086,1.5807353306771472,-3.141535901392953,-1.486182401145773,0.0,-0.02472026333363512,-1.385860469784066,1.7537737083165175,-3.056725360936863,-1.5000357024146926,-0.6484719176261675
1780435773.939248323,-0.023700873580925652,-1.5808473140693238,1.5807896852835888,-3.141535239936004,-1.485673980480561,0.0,-0.02566744839425371,-1.3865708919846869,1.753528162455004,-3.0539977070563538,-1.4863333946305544,-0.6610382883682963
1780435773.989388943,-0.023827908204443915,-1.580896497737382,1.5808382949020603,-3.1415346453833064,-1.4852187882379324,0.0,-0.025372559359326606,-1.385728446615488,1.7530981600569306,-3.0622460202400688,-1.4956416822611853,-0.6610382883678655
1780435774.039366484,-0.023941076333709788,-1.5809402708446942,1.5808815547043662,-3.1415341136184884,-1.4848132875234175,0.0,-0.025402904357151684,-1.3874111239689757,1.7518997548643023,-3.048443738814518,-1.5005823383147037,-0.6610382883676512
1780435774.089335442,-0.023941076333709788,-1.5809402708446942,1.5808815547043662,-3.1415341136184884,-1.4848132875234175,0.0,-0.026983157589730303,-1.387277378343355,1.7534727851849436,-3.059686500868426,-1.4813803888610226,-0.673604659096595
1780435774.139287710,-0.02403743203426245,-1.5809775101472976,1.580918355190466,-3.141533658036393,-1.4844680322094934,0.0,-0.027134051967984636,-1.3875878542631845,1.7526337380189168,-3.0583258429491256,-1.483847212396953,-0.6736046590964251
1780435774.189287901,-0.024119712113405356,-1.5810092871821455,1.5809497561488086,-3.1415332666833584,-1.4841732143135449,0.0,-0.026771702596866953,-1.3886687375350482,1.7511575943172768,-3.0483096472985842,-1.4965759119618485,-0.673604659096706
1780435774.239478111,-0.024193444240195205,-1.5810377452928641,1.580977876364639,-3.1415329148013367,-1.483909026608055,0.0,-0.027062502424364174,-1.3878130653564966,1.7517250053900573,-3.0610285392071654,-1.5006482415505944,-0.6736046590964481
1780435774.289319277,-0.024193444240195205,-1.5810377452928641,1.580977876364639,-3.1415329148013367,-1.483909026608055,0.0,-0.02858862046932745,-1.3896415849834955,1.7518188363996126,-3.0524738699057252,-1.4802636204463635,-0.661038288355131
1780435774.339231491,-0.02425778936762857,-1.5810625667136717,1.581002402212839,-3.1415326067593057,-1.483678474757565,0.0,-0.02886094346315958,-1.3897811851449209,1.75129981797947,-3.05432723730517,-1.478700876488045,-0.6610382883557543
1780435774.389313459,-0.024314050784104424,-1.5810842594149346,1.5810238359284685,-3.1415323366299552,-1.4834768884172336,0.0,-0.028460989960616113,-1.3889523004781665,1.7508646137030068,-3.06259991883731,-1.4883362059403695,-0.6610382883552913
1780435774.439136267,-0.02436028621655062,-1.5811020793715187,1.581041442416734,-3.1415321131812237,-1.483311226285628,0.0,-0.02840567056368044,-1.3905282010979896,1.749727578674435,-3.0499842630003733,-1.4932192763939502,-0.661038288355043
1780435774.489519358,-0.02436028621655062,-1.5811020793715187,1.581041442416734,-3.1415321131812237,-1.483311226285628,0.0,-0.02990601674481676,-1.390511592908524,1.7511855398400111,-3.0601473403260435,-1.4738354942607448,-0.6484719176266831
1780435774.539405107,-0.024396443332197926,-1.5811160108063085,1.581055206229659,-3.1415319364990726,-1.4831816753937392,0.0,-0.029902231049096867,-1.3911033605816447,1.7501888260322715,-3.0554096905657855,-1.4766519974623205,-0.6484719176264816
1780435774.589263678,-0.024424554899440842,-1.5811268399577099,1.5810659044080209,-3.1415317971186085,-1.483080951994637,0.0,-0.02941915248029683,-1.3916946058135116,1.7489575998185316,-3.049718034914526,-1.4900454478437732,-0.6484719176267599
1780435774.639149666,-0.024448549674854547,-1.5811360814564877,1.5810750338648276,-3.141531677471844,-1.4829949792200647,0.0,-0.029650123324800846,-1.390992339692776,1.749445071379459,-3.061840796848056,-1.4943717111147374,-0.6484719176265724
1780435774.689599514,-0.024448549674854547,-1.5811360814564877,1.5810750338648276,-3.141531677471844,-1.4829949792200647,0.0,-0.031086277496548072,-1.3931326250948963,1.7493526856061368,-3.0500003190257146,-1.474358415229859,-0.6610382883677238
1780435774.739271879,-0.024471561625558635,-1.5811449425957296,1.581083787654729,-3.1415315632809766,-1.4829125280669349,0.0,-0.03127725776821479,-1.3929385545881514,1.7490373810635553,-3.0544779403245905,-1.472367022497136,-0.6610382883683105
1780435774.789252520,-0.024494177776743342,-1.5811536494700285,1.5810923892491529,-3.1415314520267557,-1.4828314952244037,0.0,-0.03076702420553137,-1.3920865104739422,1.7485616489545488,-3.0631203314652287,-1.48216916008312,-0.6610382883678341
1780435774.839189768,-0.024513829802845777,-1.581161213966162,1.5810998621565746,-3.141531355111697,-1.4827610828720088,0.0,-0.030607773184750494,-1.3936579513090273,1.7474208142291694,-3.0509074197472223,-1.487448555727193,-0.6610382883675856
1780435774.889309883,-0.024513829802845777,-1.581161213966162,1.5810998621565746,-3.141531355111697,-1.4827610828720088,0.0,-0.03204228395590197,-1.3937427948981247,1.7488257248479822,-3.0603396156975338,-1.4686620797807597,-0.6736046590966562
1780435774.939311981,-0.02452568329082272,-1.5811657766268246,1.5811043689192883,-3.1415312943751865,-1.4827186124036515,0.0,-0.03194154017314216,-1.3943063036486585,1.7478075079106032,-3.055859884267208,-1.4723913267439963,-0.6736046590963937
1780435774.989261150,-0.024529710100337887,-1.5811673275635831,1.5811058997214629,-3.141531269655061,-1.482704184552488,0.0,-0.03142943691838652,-1.3949527133963322,1.7465811999452223,-3.0498935922885932,-1.4857151370491,-0.673604659096676
1780435775.039309502,-0.024531384840730475,-1.5811679733640158,1.581106536278889,-3.1415312562659587,-1.4826981840454732,0.0,-0.03205461527623549,-1.3943449755117987,1.7477290388677613,-3.0631568649965706,-1.4829475278310411,-0.6610382883549286
1780435775.089302063,-0.024531384840730475,-1.5811679733640158,1.581106536278889,-3.1415312562659587,-1.4826981840454732,0.0,-0.03296402340461125,-1.3963424880148194,1.7469406920028272,-3.050345713064595,-1.4698753546872798,-0.661038288355139
1780435775.139394760,-0.024537004082799463,-1.5811701365724895,1.581108672431553,-3.1415312255098757,-1.4826780506025656,0.0,-0.03304829841250239,-1.3961167612119594,1.746596383517525,-3.0549805968462604,-1.4686731040680496,-0.6610382883557614
1780435775.189491749,-0.024543583614503817,-1.5811726689118482,1.58111117355518,-3.141531191167886,-1.4826544765067027,0.0,-0.032477898251010634,-1.395275776887341,1.7461055962478365,-3.0635930566462553,-1.4788477336495678,-0.6610382883552721
1780435775.239269972,-0.024549993678209425,-1.5811751357964887,1.5811136101345997,-3.141531158105532,-1.4826315096190292,0.0,-0.032854234937646803,-1.3972480372611589,1.745603357346504,-3.0505781398109977,-1.4760207596629507,-0.648471917626472
1780435775.289377213,-0.024549993678209425,-1.5811751357964887,1.5811136101345997,-3.141531158105532,-1.4826315096190292,0.0,-0.033675291700406805,-1.3968919753316493,1.7463496818668391,-3.061498383875168,-1.4648643158540946,-0.6484719176267266
1780435775.339254141,-0.02455295597419216,-1.5811762762050794,1.5811147360663518,-3.1415311411413915,-1.482620895888374,0.0,-0.033513261175914216,-1.3971933297022545,1.7454697426622712,-3.060234716580591,-1.4686379161998964,-0.6484719176264003
1780435775.389272690,-0.02455155000184206,-1.581175736200393,1.5811142015435435,-3.1415311411413915,-1.4826259334034804,0.0,-0.0326752698554256,-1.3976685630343724,1.7444394108122467,-3.055224801388196,-1.4869208920725765,-0.6610382883679852
1780435775.439219475,-0.024548020892368072,-1.5811743793992852,1.5811128599582822,-3.1415311571612152,-1.482638577995198,0.0,-0.03348606287477048,-1.3976012000496842,1.7452281739677025,-3.064160873359492,-1.4807387909289733,-0.6610382883675019
1780435775.489295959,-0.024548020892368072,-1.5811743793992852,1.5811128599582822,-3.1415311571612152,-1.482638577995198,0.0,-0.034343399777401015,-1.3994765098583173,1.7444328575282408,-3.052135079298988,-1.4684614216819132,-0.6610382883677015
1780435775.539203167,-0.024546573662059146,-1.581173823337772,1.581112309746555,-3.1415311571612152,-1.4826437633374834,0.0,-0.034423159411142136,-1.3993694643732573,1.7440429919418914,-3.055741919384655,-1.4667838109441682,-0.6610382883683336
1780435775.589632273,-0.024551441665459528,-1.5811756965537276,1.5811141601440135,-3.14153113667675,-1.4826263215663067,0.0,-0.033432607772308096,-1.3988252215728814,1.7432766580265948,-3.059216782741312,-1.4835488036540632,-0.673604659096076
1780435775.639273405,-0.02455917167242916,-1.5811786705267874,1.5811170983161864,-3.1415310994996353,-1.482598625420005,0.0,-0.03411145265687673,-1.4005629322618764,1.7429995194456085,-3.0498384617309715,-1.473783807600284,-0.6736046590964588
1780435775.689172268,-0.02455917167242916,-1.5811786705267874,1.5811170983161864,-3.1415310994996353,-1.482598625420005,0.0,-0.0348342700417977,-1.4000646722206245,1.743831581416982,-3.0614574926035782,-1.4640110365353838,-0.6736046590966078
1780435775.739507914,-0.02456202642436267,-1.5811797690707614,1.5811181833288444,-3.141531084663168,-1.4825883970219031,0.0,-0.03375402955490698,-1.4005826617409625,1.7419426981345376,-3.052217841041746,-1.4808792659081704,-0.6610382883552194
1780435775.789349794,-0.02456024197135953,-1.5811790831348382,1.5811175050328297,-3.141531084663168,-1.4825947906053862,0.0,-0.033802753462267694,-1.4007983675477078,1.7419426148313015,-3.0553078901166777,-1.4862994325343257,-0.6610382883554389
1780435775.839276552,-0.02455893614740745,-1.581178581283016,1.5811170086511555,-3.141531095217107,-1.4825994692915856,0.0,-0.03456306307233769,-1.400794691384215,1.7426121767609368,-3.0631769602524117,-1.4796268393622147,-0.6610382883548721
1780435775.889178514,-0.02455893614740745,-1.581178581283016,1.5811170086511555,-3.141531095217107,-1.4825994692915856,0.0,-0.035414118692875494,-1.4023472783083584,1.7420501504124057,-3.0549473595212593,-1.4668000548401365,-0.6610382883550867
1780435775.939460278,-0.02455954914602998,-1.5811788174650268,1.5811172416044712,-3.141531095217107,-1.482597272955485,0.0,-0.03462175477958127,-1.401171436397287,1.7414009159828672,-3.064578676258288,-1.4781513689249441,-0.6484719176268127
1780435775.989323139,-0.02456351530848533,-1.5811803433950642,1.5811187490496994,-3.1415310714018214,-1.4825830624440348,0.0,-0.03440801689029384,-1.4019431866414855,1.7407227338258968,-3.0606052697402037,-1.482434957126895,-0.6484719176261527
1780435776.039182901,-0.02456630449555508,-1.5811814165408622,1.5811198091168532,-3.1415310574216266,-1.4825730689647214,0.0,-0.035049732478641855,-1.4037022652505966,1.7404090615623908,-3.050894570637941,-1.472756619078106,-0.6484719176265183
1780435776.089588642,-0.02456630449555508,-1.5811814165408622,1.5811198091168532,-3.1415310574216266,-1.4825730689647214,0.0,-0.03549853115734347,-1.4027791777374015,1.740921930323442,-3.0631316995949893,-1.4639582372542712,-0.6610382883678095
1780435776.139322996,-0.024564819016132944,-1.5811808454869487,1.5811192444918907,-3.1415310574216266,-1.4825783913423933,0.0,-0.03465790540193113,-1.4036964617724736,1.7393534241481117,-3.0534157053979616,-1.478931284521543,-0.661038288367772
1780435776.189594507,-0.02455958609687947,-1.5811788329933867,1.5811172555063338,-3.1415310854998735,-1.4825971405628842,0.0,-0.034645422864905344,-1.4039255436833642,1.7393192132590276,-3.0561763519720393,-1.4846118288289079,-0.661038288368017
1780435776.239697218,-0.02455958609687947,-1.5811788329933867,1.5811172555063338,-3.1415310854998735,-1.4825971405628842,0.0,-0.03595005177626918,-1.4046616488004808,1.7400618580823213,-3.0580266458934737,-1.4671348060040228,-0.673604659096177
1780435776.289286137,-0.024554697108007062,-1.581176952731358,1.581115397161269,-3.1415311064154334,-1.482614657510629,0.0,-0.03597161425295916,-1.4052352775901973,1.7391480985669252,-3.0547904844469564,-1.467275968067825,-0.6736046590967615
1780435776.339328289,-0.024552980116197887,-1.5811762925613735,1.5811147444794555,-3.1415311064154334,-1.4826208093890134,0.0,-0.035086273971869836,-1.4037346846515488,1.7390416849533243,-3.0692292123684486,-1.4838535717190893,-0.661038288355031
1780435776.389316797,-0.02455769356328119,-1.5811781059593528,1.5811165360583672,-3.1415310903889515,-1.4826039213939373,0.0,-0.03569846577751939,-1.4059521985664443,1.7383572546705885,-3.055611136899911,-1.4743680526453198,-0.6610382883549424
1780435776.439296961,-0.02455769356328119,-1.5811781059593528,1.5811165360583672,-3.1415310903889515,-1.4826039213939373,0.0,-0.036493224814790774,-1.4063615256732742,1.7386620105522452,-3.058942974966883,-1.4598951434532461,-0.6610382883556272
1780435776.489212513,-0.024562117855354337,-1.581179808047052,1.58111821766507,-3.141531069153516,-1.4825880694304079,0.0,-0.03617948702669657,-1.4056790644141186,1.7383214646716287,-3.0670021329083044,-1.463154748043412,-0.6610382883552876
1780435776.539152384,-0.02456216700856917,-1.5811798272240392,1.581118236318076,-3.141531069153516,-1.4825878933175307,0.0,-0.0353023877864827,-1.406925564051769,1.7366038233211853,-3.054074152489017,-1.4785998603388872,-0.6610382883552339
1780435776.589478731,-0.02455729259775019,-1.5811779525743734,1.5811163835583208,-3.14153108884404,-1.4826053580288345,0.0,-0.03590103262176906,-1.4064873929460218,1.7378120308796865,-3.0659949993802793,-1.475478190507468,-0.6484719176264573
1780435776.639333725,-0.02455729259775019,-1.5811779525743734,1.5811163835583208,-3.14153108884404,-1.4826053580288345,0.0,-0.03664107312415455,-1.40723521140953,1.7376370172562403,-3.0653862823065765,-1.4658603443689961,-0.6484719176261653
1780435776.689498186,-0.02455342815683359,-1.5811764663717138,1.5811149146241856,-3.141531105182541,-1.4826192040862685,0.0,-0.03662207237893061,-1.408558933166062,1.7363463824260998,-3.0551830153416866,-1.4655066940963093,-0.6484719176268684
1780435776.739548922,-0.02455523923360836,-1.5811771634658642,1.5811156029817242,-3.141531105182541,-1.4826127151074076,0.0,-0.035653351857471434,-1.4070848564925535,1.7361759201238667,-3.0679152477430525,-1.482263988857566,-0.6610382883675463
1780435776.789321899,-0.024560097544792825,-1.5811790326910895,1.5811174495712923,-3.141531071397392,-1.4825953080767853,0.0,-0.0362609933053532,-1.4088845349321524,1.73577652789359,-3.0576691933157774,-1.4730398976071046,-0.661038288367504
1780435776.839368343,-0.024560097544792825,-1.5811790326910895,1.5811174495712923,-3.141531071397392,-1.4825953080767853,0.0,-0.03704098526268862,-1.4094133020695025,1.7359592799517591,-3.0595074450864,-1.4589932695206633,-0.661038288368185
1780435776.889273643,-0.024565928192851416,-1.5811812759084702,1.5811196656371793,-3.141531042850288,-1.482574417233149,0.0,-0.0367698376975479,-1.4086346348395713,1.7356892966216808,-3.0683083379538667,-1.461243073433761,-0.661038288367861
1780435776.939211607,-0.02456914593928694,-1.581182514232185,1.581120888519976,-3.1415310254704316,-1.482562888255762,0.0,-0.03572089434172654,-1.4098101295188519,1.7341359034391313,-3.055356441623073,-1.4797196918051625,-0.6736046590964484
1780435776.989303112,-0.024569238941421823,-1.5811825501386547,1.5811209238528214,-3.1415310254704316,-1.4825625550351784,0.0,-0.03644635183982365,-1.4094862538234434,1.7351258781711179,-3.066752890291187,-1.4731880237606685,-0.6736046590964665
1780435777.039525270,-0.024569238941421823,-1.5811825501386547,1.5811209238528214,-3.1415310254704316,-1.4825625550351784,0.0,-0.03707111947523656,-1.4106777344148975,1.7347343091857959,-3.0604933866607076,-1.465024794321333,-0.673604659096177
1780435777.089605331,-0.024570137549399185,-1.58118289567523,1.581121265380301,-3.1415310254704316,-1.4825593353815458,0.0,-0.03706307652643484,-1.4111015589133729,1.7339061483578668,-3.0583674084934724,-1.4652705340182792,-0.6736046590967465
1780435777.139149904,-0.024575659048622356,-1.5811850191955799,1.5811233638290783,-3.141530996048728,-1.4825395522166698,0.0,-0.036502022904379726,-1.4099264964924387,1.733643433791084,-3.0716693115794564,-1.47478384902153,-0.6736046590967134
1780435777.189519405,-0.02459030619248903,-1.5811906520948718,1.581128930001623,-3.1415309297371805,-1.4824870725220114,0.0,-0.036731490005095915,-1.4118300854868568,1.7331029407835,-3.0591968850352744,-1.4724095555072962,-0.6610382883549552
1780435777.239515066,-0.02459030619248903,-1.5811906520948718,1.581128930001623,-3.1415309297371805,-1.4824870725220114,0.0,-0.037488494633513864,-1.4121132159542364,1.7334736697210467,-3.063751466668096,-1.4579062939059506,-0.6610382883556053
1780435777.289222002,-0.024606700198448905,-1.5811969560219516,1.5811351591953509,-3.1415308554199717,-1.482428334026066,0.0,-0.037130310015681206,-1.4113721520946898,1.733121203962778,-3.0727522405405248,-1.4613296439991943,-0.661038288355316
1780435777.339404106,-0.02462040898438911,-1.5812022267627075,1.5811403674303142,-3.141530793294796,-1.4823792165401777,0.0,-0.03609327666365206,-1.4125635412113127,1.73165989856475,-3.0606497674069932,-1.480019675671454,-0.6484719176265042
1780435777.389280558,-0.024629720098968022,-1.5812058063853769,1.5811439045560447,-3.1415307509843355,-1.482345855594926,0.0,-0.03681441385323943,-1.412223195007937,1.732606959483298,-3.0730537916201124,-1.4737745247586167,-0.6484719176265443
1780435777.439305305,-0.024629720098968022,-1.5812058063853769,1.5811439045560447,-3.1415307509843355,-1.482345855594926,0.0,-0.037442030046052864,-1.4134401473690037,1.7321989042186976,-3.067453716173637,-1.4654097516286708,-0.6484719176262145
1780435777.489183903,-0.0246396459093976,-1.5812096220839322,1.5811476748782862,-3.141530705655036,-1.4823102922770808,0.0,-0.03742411025777103,-1.4141131948712058,1.7312884820849532,-3.0634463591278793,-1.4653004874569557,-0.648471917626817
1780435777.539687395,-0.024652723485584005,-1.5812146488898655,1.5811526419202018,-3.1415306460554064,-1.4822634365050797,0.0,-0.03646667777040627,-1.4126129771338256,1.7310899545977774,-3.0773232757667794,-1.4820203816177138,-0.6610382883676027
1780435777.589124441,-0.024672408659863088,-1.581222214546706,1.5811601175837804,-3.1415305563263516,-1.4821929064123207,0.0,-0.036793826064435355,-1.4135464177477646,1.7303879682410228,-3.0748579519717154,-1.4724423714353536,-0.6610382883552102
1780435777.639184952,-0.024692599967852225,-1.5812299734753346,1.5811677841646596,-3.1415304642753235,-1.4821205630220762,0.0,-0.03658314992313136,-1.414499855300921,1.7295861303742446,-3.0692377003959987,-1.4735803595670227,-0.6736046590962558
1780435777.689625502,-0.02470878012712241,-1.5812361901263605,1.5811739267787799,-3.14153039048214,-1.4820625912627925,0.0,-0.03636059301278455,-1.415674924250525,1.7289948199258338,-3.0617432854489017,-1.4795313324248003,-0.6736046590964674
1780435777.739449024,-0.02472013278155316,-1.5812405515414358,1.5811782361771816,-3.1415303385117217,-1.4820219159814698,0.0,-0.037062976859695895,-1.4152993499790973,1.7299754207962412,-3.073492891465868,-1.4731328387861793,-0.6736046590964384
1780435777.789327145,-0.02472013278155316,-1.5812405515414358,1.5811782361771816,-3.1415303385117217,-1.4820219159814698,0.0,-0.03770157212531429,-1.4162932151704881,1.7297088258334194,-3.0697371508103504,-1.4646602528382213,-0.6736046590961472
1780435777.839436293,-0.0247312333640064,-1.5812448157469623,1.5811824494859437,-3.1415302876168885,-1.481982143885964,0.0,-0.037664846797045286,-1.4171585053627211,1.7286935632209761,-3.0635572738041303,-1.4646409030719616,-0.6736046590967821
1780435777.889272213,-0.02474598342627843,-1.5812504812683654,1.5811880473693996,-3.141530220026661,-1.4819292961904402,0.0,-0.036689042055512565,-1.415688613737042,1.728484142010982,-3.0765405848634066,-1.4811402906253157,-0.661038288355026
1780435777.939287424,-0.024766238790933315,-1.5812582602503706,1.5811957334673274,-3.1415301273219427,-1.481856723774265,0.0,-0.03723811060866979,-1.41784570318434,1.727926593494947,-3.062483740338534,-1.4714597777893432,-0.6610382883549564
1780435777.989324093,-0.024766238790933315,-1.5812582602503706,1.5811957334673274,-3.1415301273219427,-1.481856723774265,0.0,-0.03798371230671183,-1.4180839054931464,1.7283301017201935,-3.0665870643373485,-1.4567529964623627,-0.6610382883556194
1780435778.039232016,-0.024786161635132586,-1.5812659102782707,1.5812032921031367,-3.141530036150331,-1.481785342865681,0.0,-0.03759917913728541,-1.4172968522730338,1.7279901066484082,-3.075159537508275,-1.4601365490620755,-0.6610382883553038
1780435778.089275599,-0.024802306592089707,-1.5812721087624029,1.5812094164905066,-3.141529962236345,-1.481727497719489,0.0,-0.03654396812151817,-1.4184715638068859,1.726574462763652,-3.0627446459428738,-1.4788498588058463,-0.6484719176265218
1780435778.139325619,-0.02481318387298792,-1.5812762844310857,1.5812135421740452,-3.1415299122569977,-1.4816885259745929,0.0,-0.037246165812695395,-1.4181800412112926,1.7275015079353664,-3.0738998655394836,-1.4726382571638525,-0.6484719176265621
1780435778.189244270,-0.02481318387298792,-1.5812762844310857,1.5812135421740452,-3.1415299122569977,-1.4816885259745929,0.0,-0.03787086183329648,-1.4191526727475212,1.7272426201216209,-3.0702415232138613,-1.4643514477445179,-0.64847191762619
1780435778.239875555,-0.024823176415048387,-1.5812801201684135,1.581217331939957,-3.141529866199297,-1.4816527241560067,0.0,-0.03701917783522175,-1.4191481051638704,1.7259742980909196,-3.0674004925992335,-1.4767888436160137,-0.6610382883682113
1780435778.289356232,-0.024836445327910184,-1.581285213060279,1.5812223638067724,-3.141529805164544,-1.4816051836286874,0.0,-0.03683378370295823,-1.4186300611828875,1.7259894736482104,-3.0755415116677427,-1.4809317799791117,-0.6610382883675645
1780435778.339350224,-0.02485426434065463,-1.5812920514691493,1.5812291202881517,-3.141529723376143,-1.4815413408632807,0.0,-0.037397858915540025,-1.4205693069709389,1.7255931450906317,-3.0638348090646703,-1.4716332980955886,-0.6610382883675214
1780435778.389163971,-0.02485426434065463,-1.5812920514691493,1.5812291202881517,-3.141529723376143,-1.4815413408632807,0.0,-0.03813674541693389,-1.4210469232266538,1.725839194896241,-3.065791680038051,-1.4571847212492566,-0.6610382883682316
1780435778.439288855,-0.024872688148862565,-1.581299120943907,1.5812361050197048,-3.1415296387936738,-1.481475331315469,0.0,-0.036923051851540545,-1.4203184580545134,1.7246236711813534,-3.067970713621518,-1.4723945381988808,-0.6736046590962582
1780435778.489371300,-0.024886572937599105,-1.5813044480477672,1.581241368223171,-3.141529574993571,-1.481425584417078,0.0,-0.03669157148895427,-1.4212931646238838,1.7241559141723208,-3.062275807122222,-1.4783530819172677,-0.6736046590964505
1780435778.539428473,-0.024896019538539704,-1.5813080720663208,1.5812449487187306,-3.141529531450073,-1.4813917388453888,0.0,-0.03739322319675961,-1.4210008368247902,1.725103516177363,-3.073605425946734,-1.4719087773681174,-0.6736046590964728
1780435778.589363337,-0.024896019538539704,-1.5813080720663208,1.5812449487187306,-3.141529531450073,-1.4813917388453888,0.0,-0.03798729083317244,-1.4221919476932348,1.724743262516555,-3.0675688319823107,-1.4637773987367335,-0.6736046590961662
1780435778.639607430,-0.024904560915169682,-1.5813113486109796,1.5812481858578364,-3.141529491922351,-1.4813611365634252,0.0,-0.0379517617382307,-1.4226672371330942,1.7239418302727663,-3.0651379510866135,-1.4638005782400236,-0.6736046590967377
1780435778.689357281,-0.024915561515841844,-1.5813155681419673,1.5812523546899804,-3.141529441240497,-1.481321723339052,0.0,-0.037342029526006765,-1.4214791279498895,1.7236477733472209,-3.0783287038851443,-1.4729481893409078,-0.6736046590967079
1780435778.739207029,-0.024933612199363964,-1.581322491065201,1.5812591944100118,-3.14152935811701,-1.4812570509860095,0.0,-0.036969822226465776,-1.4224461685784675,1.72282337273599,-3.0722069412758803,-1.477065122009039,-0.6736046590960701
1780435778.789259911,-0.024951008608461223,-1.581329162087692,1.5812657852260696,-3.1415292780359154,-1.4811947228775866,0.0,-0.03753872216420373,-1.4238738277729386,1.7228409186849059,-3.0664312246566503,-1.466982289732391,-0.6736046590964302
1780435778.839272022,-0.024951008608461223,-1.581329162087692,1.5812657852260696,-3.1415292780359154,-1.4811947228775866,0.0,-0.03812246450426522,-1.4235729887709274,1.723465697905387,-3.076692804438878,-1.457368853647258,-0.673604659096692
1780435778.889274597,-0.024963945236375906,-1.5813341223178217,1.5812706857755896,-3.141529218416623,-1.4811483733998783,0.0,-0.03774955335003035,-1.4236965420459766,1.7225996164397261,-3.0768312224618666,-1.4623502067569853,-0.673604659096272
1780435778.939226389,-0.024971203678228804,-1.5813369051884436,1.5812734351219606,-3.141529184850206,-1.4811223678060017,0.0,-0.0369514157231424,-1.4248028639063905,1.7212175588656573,-3.0670267702010823,-1.47737710442333,-0.6736046590966794
1780435778.989317656,-0.02497778802548556,-1.5813394295087706,1.5812759289827658,-3.141529154247428,-1.4810987773770075,0.0,-0.03692405097471494,-1.4239362740041308,1.7216816037698413,-3.07993037392831,-1.4818294359653228,-0.67360465909642
1780435779.039307117,-0.024986665347652703,-1.5813428326399634,1.5812792911060243,-3.1415291132250682,-1.4810669716886435,0.0,-0.037567219920237246,-1.4246990968940931,1.7217936263024192,-3.0805780848951074,-1.4733009106665078,-0.6736046590959237
1780435779.089271545,-0.024986665347652703,-1.5813428326399634,1.5812792911060243,-3.1415291132250682,-1.4810669716886435,0.0,-0.03831980398697735,-1.4266119023446908,1.7213237210508963,-3.070173407144308,-1.4588983569102592,-0.6736046590966616
1780435779.139142990,-0.025001902289872646,-1.5813486731481845,1.581285061232722,-3.1415290428848093,-1.481012380797675,0.0,-0.03812175228022117,-1.4256170095310043,1.7211822182091132,-3.081366080085095,-1.4571475039346637,-0.673604659096743
1780435779.189153433,-0.025016023727843617,-1.5813540854135288,1.5812904082623365,-3.1415289777340334,-1.4809617865980815,0.0,-0.03705460844183742,-1.425685294444298,1.7200089195566484,-3.079526155240532,-1.4709304731222557,-0.6736046590962136
1780435779.239153147,-0.02502574588561224,-1.5813578112322038,1.5812940891485234,-3.1415289328453273,-1.4809269541481402,0.0,-0.03679753614822844,-1.4270506394119193,1.7194021482929867,-3.070808973023097,-1.4770120035404732,-0.673604659096445
1780435779.289361000,-0.02502574588561224,-1.5813578112322038,1.5812940891485234,-3.1415289328453273,-1.4809269541481402,0.0,-0.03806781280262177,-1.4266944569671516,1.7207511608643193,-3.0836366787813323,-1.4596987314595258,-0.6610382883551277
1780435779.339459419,-0.025029523631275197,-1.5813592589240635,1.5812955193489813,-3.1415289152949826,-1.480913419286562,0.0,-0.03775263394485352,-1.4280648936428735,1.7193852661911313,-3.0714641742548725,-1.4644624909581225,-0.6610382883552949
1780435779.389345169,-0.02503177868227091,-1.5813601231053216,1.5812963730535623,-3.141528904694435,-1.4809053399191772,0.0,-0.037170890121645137,-1.4277145294812108,1.7188270119462876,-3.0755114283499148,-1.4756968438532714,-0.6610382883556531
1780435779.439260244,-0.02503753267599418,-1.5813623280013651,1.5812985513007964,-3.1415288779575534,-1.48088472459244,0.0,-0.03698290245138373,-1.4272034890251248,1.7188247496380165,-3.083555969547652,-1.479581772182689,-0.6610382883550086
1780435779.489240885,-0.025048275312865798,-1.5813664441845905,1.5813026177840859,-3.1415288282574507,-1.4808462360535852,0.0,-0.03752783658440964,-1.4292139551422132,1.7184287775296994,-3.070927834496045,-1.4697944494541644,-0.661038288354948
1780435779.539294720,-0.025048275312865798,-1.5813664441845905,1.5813026177840859,-3.1415288282574507,-1.4808462360535852,0.0,-0.038264365318646895,-1.4295817266816897,1.7187773149001566,-3.073812189379188,-1.4547917642809063,-0.6610382883556485
1780435779.589394093,-0.02505888055487393,-1.581370507356585,1.5813066318973463,-3.1415287792473787,-1.4808082398058087,0.0,-0.03782308584666038,-1.4288039800092154,1.7183851297297048,-3.0815161026237012,-1.4580616620544948,-0.6610382883552586
1780435779.639398575,-0.025064501978896203,-1.581372660947265,1.5813087594761106,-3.141528753252935,-1.4807880994949914,0.0,-0.03683173035602895,-1.4299531235522505,1.7168425798809717,-3.068994104554178,-1.4739529452861104,-0.6610382883552098
1780435779.689269543,-0.02506425495590303,-1.581372566353691,1.5813086659832483,-3.141528753252935,-1.480788984523178,0.0,-0.03677554678342965,-1.4298554705590547,1.717062104286106,-3.0743130332141426,-1.4794705032121913,-0.6610382883554257
1780435779.739305258,-0.025064603737712687,-1.5813727000101183,1.5813087979829357,-3.141528753252935,-1.4807877349158955,0.0,-0.03745119083730308,-1.429684934329706,1.7177241015195497,-3.0837547257033164,-1.4729167425629492,-0.6610382883549486
1780435779.789167881,-0.025064603737712687,-1.5813727000101183,1.5813087979829357,-3.141528753252935,-1.4807877349158955,0.0,-0.03818259750525072,-1.4318256989129257,1.7170182813959638,-3.0692729065623254,-1.4598452303010094,-0.661038288355132
1780435779.839225531,-0.025070706789382946,-1.5813750380543867,1.5813111077224549,-3.1415287240347496,-1.4807658690516874,0.0,-0.038067399530112844,-1.4313697607443405,1.7167329361493366,-3.07516457341118,-1.457867802701319,-0.6610382883557351
1780435779.889165401,-0.025078886919240873,-1.5813781715779038,1.5813142033644683,-3.141528686141384,-1.480736561500608,0.0,-0.03724976627188389,-1.4302548155827361,1.7162025332177047,-3.0857855958873865,-1.4676154346288157,-0.6610382883552202
1780435779.939185619,-0.02508855118056008,-1.5813818733446023,1.5813178603763585,-3.141528641400587,-1.4807019366695124,0.0,-0.036815528480260686,-1.4318627721509287,1.7152173738317762,-3.073810399136941,-1.4730940507851837,-0.6610382883549866
1780435779.989362955,-0.02508855118056008,-1.5813818733446023,1.5813178603763585,-3.141528641400587,-1.4807019366695124,0.0,-0.038091843990618345,-1.4319617470491979,1.71652134313692,-3.0830790671225605,-1.4543127395975954,-0.6484719176267072
1780435780.039446115,-0.02509376591831547,-1.5813838706752419,1.5813198335380474,-3.141528617197804,-1.4806832534724759,0.0,-0.03765800936998134,-1.4324464670453265,1.715496442402394,-3.078795293686671,-1.4591975890714566,-0.6484719176263654
1780435780.089254856,-0.025092749659489044,-1.5813834814963794,1.5813194490077231,-3.141528617197804,-1.4806868944917095,0.0,-0.03683354232575432,-1.433124995458006,1.7143565120738726,-3.0722305375581693,-1.4742790186721901,-0.6484719176267382
1780435780.139270067,-0.025090876261120165,-1.5813827640284819,1.5813187401473734,-3.141528630103596,-1.480693606443591,0.0,-0.03680580400622246,-1.4323308586275374,1.7147695316055096,-3.0844936814507227,-1.4788326561615708,-0.648471917626566
1780435780.189275026,-0.025093646662195823,-1.5813838251824475,1.581319788401619,-3.1415286170315864,-1.4806836807394248,0.0,-0.03740385658763491,-1.4334209662726298,1.7147348840415422,-3.080982673188289,-1.4704909262116805,-0.6484719176260298
1780435780.239166260,-0.025093646662195823,-1.5813838251824475,1.581319788401619,-3.1415286170315864,-1.4806836807394248,0.0,-0.0381683698449446,-1.4350673603744095,1.7144311277301412,-3.071857476618233,-1.4553204101266723,-0.6484719176266956
1780435780.289425611,-0.02510125267630592,-1.5813867382799147,1.5813226662218454,-3.1415285816586613,-1.4806564301680378,0.0,-0.037959570483407395,-1.4340238971047166,1.7143090841054374,-3.082851540619246,-1.4533676017540664,-0.6484719176268199
1780435780.339426517,-0.025108288799444267,-1.5813894329447802,1.5813253282535515,-3.141528548953487,-1.4806312213986903,0.0,-0.036669995427146315,-1.4347593318785892,1.7128877679234642,-3.0727430167814753,-1.471757788883982,-0.6610382883675623
1780435780.389118671,-0.02511012047254013,-1.5813901344434749,1.5813260212182383,-3.141528548953487,-1.4806246589485852,0.0,-0.03656943654311787,-1.4354990082466461,1.7125519224657364,-3.0701923517597773,-1.4741801382326112,-0.6484719176265745
1780435780.439121485,-0.025106088375320468,-1.5813885904053775,1.5813244957605774,-3.141528548953487,-1.480639104997599,0.0,-0.03724164011580352,-1.4350046877797595,1.713563555053038,-3.082407769705729,-1.4683452106678545,-0.6484719176264877
1780435780.489157677,-0.025106088375320468,-1.5813885904053775,1.5813244957605774,-3.141528548953487,-1.480639104997599,0.0,-0.03790273573736229,-1.4357438412115036,1.7134472225490818,-3.0812856348861377,-1.4595107080247476,-0.6484719176261439
1780435780.539316416,-0.02510246095392521,-1.5813872013417818,1.5813231233528,-3.1415285748306654,-1.480652101193284,0.0,-0.037012954000814384,-1.4359837410931267,1.7120734450027577,-3.076205285842845,-1.4716014769009627,-0.6610382883682492
1780435780.589286804,-0.025104897757055156,-1.5813881348046674,1.5813240452778972,-3.1415285626454463,-1.4806433707017064,0.0,-0.036743535711626044,-1.4355051283606546,1.7120151541604287,-3.08308048656883,-1.4756714535078768,-0.66103828836751
1780435780.639294863,-0.02511009396732522,-1.5813901250053224,1.5813260111419325,-3.1415285376230306,-1.4806247539104742,0.0,-0.03732008518680969,-1.4370206552423088,1.711971054979919,-3.0759560510643422,-1.4661281473130279,-0.661038288367474
1780435780.689265966,-0.02511009396732522,-1.5813901250053224,1.5813260111419325,-3.1415285376230306,-1.4806247539104742,0.0,-0.03806380232911584,-1.4375412148629296,1.712207992892603,-3.078650465779346,-1.4515081206046438,-0.6610382883682218
1780435780.739339828,-0.025117620347456793,-1.581393007607347,1.5813288584027922,-3.1415285010865803,-1.4805977886869837,0.0,-0.03763300718802695,-1.4368034847477684,1.7117775335648933,-3.086771514473392,-1.4541282090038767,-0.6610382883678092
1780435780.789247513,-0.025119284003519482,-1.5813936444761207,1.5813294877794308,-3.1415285010865803,-1.4805918282067676,0.0,-0.03709433038866241,-1.4389752433301872,1.7112647806635315,-3.072548427278011,-1.4701846083050234,-0.6610382883552037
1780435780.839272976,-0.025111629210386788,-1.5813907131365674,1.581326591948335,-3.1415285297138795,-1.4806192534996292,0.0,-0.036939561252612,-1.4383900581690474,1.7107585854333156,-3.0799634100643694,-1.475174824822528,-0.661038288355394
1780435780.889254808,-0.02494109378704401,-1.5813595171343087,1.581258471289378,-3.1413940936389313,-1.4812302458328155,-0.0005785553242914077,-0.03741342559400457,-1.437364373275428,1.7117306871859646,-3.090679150798048,-1.4679417959508227,-0.6610382883552453
1780435780.939146280,-0.02494109378704401,-1.5813595171343087,1.581258471289378,-3.1413940936389313,-1.4812302458328155,-0.0005785553242914077,-0.037618545061806875,-1.4349142320467223,1.7134193074284336,-3.0787686619429633,-1.452359075297106,-0.6610382883557058
1780435780.989341259,-0.02305988406705417,-1.5807173422768361,1.5805312070031767,-3.1410671655284212,-1.487970875080392,-0.006436690403168299,-0.038643082477796666,-1.4313448921935636,1.713161776166226,-3.0849982521648003,-1.45256490312107,-0.6610382883561275
1780435781.039258242,-0.0210462873214885,-1.5800160287721488,1.5797402815191053,-3.14072384825334,-1.495187415275252,-0.011598280430021646,-0.03929043864603849,-1.4293152872254726,1.7131955307377384,-3.0916985103416517,-1.4652687611735786,-0.6610382883554914
1780435781.089237690,-0.019000396223673555,-1.5792615628542261,1.5789262956037555,-3.140489533524527,-1.5025216831645842,-0.016289096119241897,-0.03992860795426279,-1.4300998128610338,1.7118557609649052,-3.0768444208413173,-1.4714556377709997,-0.6610382883553091
1780435781.139261484,-0.019000396223673555,-1.5792615628542261,1.5789262956037555,-3.140489533524527,-1.5025216831645842,-0.016289096119241897,-0.04177257226617769,-1.4295618709491889,1.7131339070526124,-3.087885073035448,-1.4539096918397434,-0.6484719176142878
1780435781.189280987,-0.016939481145500146,-1.5784636126423859,1.5780952347291228,-3.140351323015557,-1.5099121992414233,-0.020554765465064406,-0.04193122541627789,-1.429373197720997,1.7119157909129978,-3.0878759406661356,-1.4598237549900381,-0.6484719176139663
1780435781.239434958,-0.014867085053754892,-1.5776274991977584,1.5772477650155545,-3.1402927132608363,-1.5173466759992085,-0.024423375368789912,-0.041365534202358174,-1.4303085715007864,1.7101429750314825,-3.0785267780633236,-1.4767329832565719,-0.6484719176142988
1780435781.289384604,-0.012797663484066746,-1.5767609565507383,1.5763894266835363,-3.1403061268785186,-1.524773646607966,-0.027929393575448103,-0.04143983409952434,-1.4296590390658723,1.7101295571320738,-3.0904355381930353,-1.4820826159590728,-0.6484719176141037
1780435781.339291334,-0.010744384916564265,-1.5758696216746024,1.5755257859077008,-3.14039157126653,-1.5321461758493689,-0.03110771771915033,-0.04197574576366891,-1.43094065380431,1.7095511829127095,-3.0862058411189794,-1.4747837886193333,-0.6484719176135714
1780435781.389572859,-0.010744384916564265,-1.5758696216746024,1.5755257859077008,-3.14039157126653,-1.5321461758493689,-0.03110771771915033,-0.04248956218640447,-1.4326579423344654,1.7087994364104016,-3.0781137168539012,-1.4623349100967213,-0.6484719176141844
1780435781.439181328,-0.008721768913692252,-1.574964975045452,1.5746628239505196,-3.1405295418351504,-1.5394123680723686,-0.033976969708625404,-0.04183483795519762,-1.4318568250347994,1.7080869498376463,-3.088812246044852,-1.4639387727830535,-0.6484719176143127
1780435781.489240646,-0.006738423088233247,-1.5740539435765761,1.5738045569363803,-3.140709725763344,-1.5465414476801262,-0.03655158510470269,-0.0402414125140235,-1.4323110861649004,1.7063024394098425,-3.0839170509898004,-1.4816806432744571,-0.6484719176137708
1780435781.539236307,-0.004797979119240736,-1.5731354498890813,1.572953609724406,-3.1409455228380416,-1.553520437863508,-0.0388554651559021,-0.03974862966489849,-1.4327676457609524,1.705278185285318,-3.077232965868271,-1.488890690948383,-0.6484719176137894
1780435781.589398146,-0.0036260710931426132,-1.5735463791554025,1.5723330477783704,-3.137236192875704,-1.5577374217150375,-0.03844704098393592,-0.04051989200930448,-1.4293822440274564,1.7057223689381777,-3.085804599613073,-1.4840862639238401,-0.6484719176139526
1780435781.639260769,-0.0036260710931426132,-1.5735463791554025,1.5723330477783704,-3.137236192875704,-1.5577374217150375,-0.03844704098393592,-0.04046178302058492,-1.4292219160185917,1.7064191688976211,-3.0832096058487104,-1.483842221400555,-0.6484719176135417
1780435781.689242125,-0.0025772389784357586,-1.5739026736850334,1.571769080264171,-3.1339336408467573,-1.5615129441342868,-0.0380876545461577,-0.039228298207004464,-1.4307985918591664,1.7050746387494855,-3.0727468290067317,-1.4879286788510342,-0.6484719176140958
1780435781.739288330,-0.001498888202521087,-1.5739152694977419,1.5712219442148359,-3.131926144995005,-1.5653961725768788,-0.038134848948160105,-0.03728183124180455,-1.4299463590941368,1.7044905396761754,-3.0851494904642025,-1.5065048744899496,-0.6359055468849453
1780435781.789388418,-0.00041856729299194484,-1.5736911519026373,1.5706964555040075,-3.1308441286638233,-1.5692880198598829,-0.03840814704940421,-0.03647835762280737,-1.4331054204383005,1.7037783166120037,-3.076151323342507,-1.4996670149897033,-0.6359055468849093
1780435781.839363337,-0.00041856729299194484,-1.5736911519026373,1.5706964555040075,-3.1308441286638233,-1.5692880198598829,-0.03840814704940421,-0.03568760558262936,-1.435001448820695,1.703184820418968,-3.07914652016045,-1.4893719824493465,-0.6359055468854963
1780435781.889427900,0.0006445012463689448,-1.5732861564518856,1.5701971134727786,-3.1305028874903162,-1.573119257623567,-0.038872374241021745,-0.03378687247863267,-1.435770477563116,1.7017998483209151,-3.087326226365633,-1.495695336304055,-0.6359055468852408
1780435781.939624071,0.0016696074062609867,-1.5727414551574626,1.5697301081461121,-3.1307775570688268,-1.5768151786392695,-0.03939959559780082,-0.031156255708289834,-1.43855651261305,1.699732276619768,-3.0770377366655346,-1.514430382988564,-0.6359055468851792
1780435781.989260197,0.0026376076686338568,-1.5720747784011975,1.56930327870993,-3.1316337352495167,-1.5803066021266847,-0.039991264286417305,-0.029596262546464778,-1.4403992511586488,1.6989523286480457,-3.0801586202320927,-1.5218570209470852,-0.6359055468853222
1780435782.039327145,0.0034745323482348045,-1.5715401757014202,1.5689261067397053,-3.1321963254712566,-1.5833263777945206,-0.04009173192685811,-0.029686112288304034,-1.4404207337077848,1.6985755488564254,-3.089886237431513,-1.5170791995214543,-0.6359055468849073
1780435782.089300156,0.0034745323482348045,-1.5715401757014202,1.5689261067397053,-3.1321963254712566,-1.5833263777945206,-0.04009173192685811,-0.033000763464646476,-1.4399005945757999,1.697416221457166,-3.078933920927934,-1.5098169198543478,-0.6359055468850324
1780435782.139277697,0.003959384710172875,-1.572142985262074,1.568598595143049,-3.1288650266122535,-1.5850762990833456,-0.037122865229560986,-0.033425687407452255,-1.4378103589780729,1.6969615005162788,-3.080923259446946,-1.508586583944857,-0.6359055468853659
1780435782.189665556,0.0042465990145856836,-1.5728860288760886,1.5683521057681127,-3.125329939321185,-1.5861130791372506,-0.03415409598187136,-0.03140137011704868,-1.4370095372118916,1.696348209052161,-3.086797793071189,-1.5211222672345517,-0.6359055468849345
1780435782.239312172,0.004388259610627276,-1.573360868529388,1.5682134571327042,-3.123142480248362,-1.5866244897381367,-0.03136174395638225,-0.029368703020140472,-1.439366378491715,1.6958485106947787,-3.0800156231460645,-1.5282955319155789,-0.6359055468847872
1780435782.289260864,0.004388259610627276,-1.573360868529388,1.5682134571327042,-3.123142480248362,-1.5866244897381367,-0.03136174395638225,-0.029383478072825656,-1.4402035016388766,1.6964593767118228,-3.0912506038729815,-1.5118672994866813,-0.6484719176262992
1780435782.339277029,0.004434135355095847,-1.5736605673238895,1.5681480408219055,-3.121842292401808,-1.5867901130234898,-0.028752885763098313,-0.027306871731465582,-1.4425466821372384,1.6948259376379142,-3.088465815420758,-1.5193351313869696,-0.6484719176261876
1780435782.389692545,0.00437391117701913,-1.5738293087735276,1.5681571905355955,-3.1212747403037073,-1.586572688862475,-0.0261257679221627,-0.024774569282165152,-1.4456580039828264,1.6928348381665963,-3.0794681366565366,-1.5368064137534154,-0.6484719176263165
1780435782.439300299,0.00418347751996051,-1.5738911728888025,1.568251156372497,-3.1213899001955334,-1.5858852135451773,-0.023465425796604933,-0.02322591385161133,-1.4468810801692698,1.6921627423609191,-3.0910901802529156,-1.5433169344907158,-0.648471917626182
1780435782.489268780,0.0038453015110153643,-1.5738526901403862,1.568438097899655,-3.122193688885397,-1.5846645193851465,-0.02071120359682954,-0.022374519626124276,-1.450139842138892,1.6914968159079868,-3.0886200965941226,-1.5375772499862081,-0.6484719176259631
1780435782.539263487,0.0038453015110153643,-1.5738526901403862,1.568438097899655,-3.122193688885397,-1.5846645193851465,-0.02071120359682954,-0.02154419818584562,-1.4539408860085343,1.6904206938971627,-3.081022463050559,-1.5283659812911394,-0.6484719176262844
1780435782.589297056,0.003346660868407847,-1.5737215479759712,1.5687224394655985,-3.123675376457679,-1.5828649259711378,-0.017775289517844683,-0.019929346871477998,-1.4547384083276613,1.689129377000911,-3.094664752924691,-1.5314989626760642,-0.6484719176263807
1780435782.639264584,0.002682671900406497,-1.573505700501567,1.5691034162922868,-3.125805482105374,-1.5804691752842448,-0.014573815051133643,-0.015378474545028404,-1.453824262366946,1.6885279009832108,-3.09854087508979,-1.5488921227922847,-0.6484719176266048
1780435782.689369917,0.0033797762548857246,-1.5725197159419997,1.5688594037445918,-3.1284520982282222,-1.5829844276041856,-0.01806720958045016,-0.012084989545310914,-1.4530296413069559,1.6909354505483984,-3.093476237048744,-1.5563619326140417,-0.6484719176267727
1780435782.739332676,0.004523061387747163,-1.5709628303257777,1.5684389621998331,-3.13251866054647,-1.5871111683479553,-0.022662550052729102,-0.011830276177343321,-1.4520697709169665,1.691441950177429,-3.103740442314628,-1.5550839269346204,-0.648471917626837
1780435782.789375544,0.004523061387747163,-1.5709628303257777,1.5684389621998331,-3.13251866054647,-1.5871111683479553,-0.022662550052729102,-0.011765809290013366,-1.4535922952808997,1.6910599704304317,-3.1015756219370885,-1.550380662626265,-0.6484719176268474
1780435782.839285135,0.005763122349821792,-1.569026726909243,1.5679908616070846,-3.1378674601367225,-1.5915895456671905,-0.027677283097435,-0.01285100543404054,-1.4504540634220184,1.6889055191930111,-3.096422508631252,-1.551628631899693,-0.648471917626761
1780435782.889149189,0.0060836009927620616,-1.5690091794946657,1.5678229401169796,-3.137326648808347,-1.5927473301121076,-0.028557065752756294,-0.014552189672886169,-1.443794038723424,1.6900284018005316,-3.102938840948522,-1.5645012315961455,-0.6484719176266882
1780435782.939467430,0.005953657769485199,-1.5699009406205153,1.56779771134167,-3.1340285155821426,-1.5922778675962395,-0.02862782077961956,-0.014944130846975618,-1.4390741432374918,1.689807132352374,-3.101388681440621,-1.5687140627074467,-0.6484719176265259
1780435782.989322901,0.005676898113049944,-1.5712357450636194,1.567792433008183,-3.1292235240697344,-1.59127807423258,-0.028888077771700438,-0.016139991935561405,-1.437725944631704,1.6908975144508902,-3.089614818750891,-1.5589710015262135,-0.6484719176265022
1780435783.039296150,0.005676898113049944,-1.5712357450636194,1.567792433008183,-3.1292235240697344,-1.59127807423258,-0.028888077771700438,-0.01726455693339032,-1.4379722186973174,1.6934302727756112,-3.0976779071370215,-1.547356730185387,-0.6484719176265937
1780435783.089253902,0.005379025705940066,-1.5720074437139626,1.5678573613399018,-3.126696798692051,-1.5902021496494978,-0.02877540549102342,-0.01623982755405809,-1.438609539452453,1.691641231955616,-3.0990754103171176,-1.5431412939195237,-0.648471917626604
1780435783.139090776,0.005149722113798383,-1.5723468845642739,1.5679374678871338,-3.1257713182033426,-1.589373994920562,-0.02916207805910709,-0.014223798466379292,-1.4409625547691025,1.6897613332507073,-3.092071763242072,-1.5553388562289276,-0.64847191762663
1780435783.189189672,0.004886594636885011,-1.5725673173957837,1.568050450007923,-3.125388628706987,-1.5884237849248866,-0.029493012737360935,-0.013119732328199674,-1.4417727594476704,1.6892675971828626,-3.1038256779548834,-1.5612470688626179,-0.6484719176264925
1780435783.239285469,0.004593953319266264,-1.5726378172759787,1.5681982885242773,-3.1256655591807725,-1.5873671228905284,-0.02983459927725729,-0.012817133093473645,-1.4446140177520146,1.688597765142891,-3.100359097455352,-1.5546905914420928,-0.6484719176263639
1780435783.289313555,0.004593953319266264,-1.5726378172759787,1.5681982885242773,-3.1256655591807725,-1.5873671228905284,-0.02983459927725729,-0.012478079316744129,-1.4480934109345656,1.6877079680502913,-3.092301300928348,-1.5443540841327603,-0.648471917626598
1780435783.339156151,0.0042518687115369325,-1.5725473152910059,1.568392711893116,-3.1266837385510686,-1.5861321027727833,-0.030228259722206552,-0.011267465471439001,-1.448706727163854,1.6865704334072833,-3.104254126990333,-1.5464025873930376,-0.6484719176267164
1780435783.389137745,0.0038369648789273736,-1.5723042250539434,1.5686437830188171,-3.1284504062359177,-1.5846344293613441,-0.030665682218244505,-0.00917184990499887,-1.4509156768445832,1.6846790934875941,-3.10159639523028,-1.5596994534800848,-0.6484719176266028
1780435783.439152956,0.0033303723282864794,-1.5719341026456988,1.5689560949010242,-3.1308929252718762,-1.5828061470428079,-0.03108238540754993,-0.007202759225520432,-1.4536046536461251,1.683920279820047,-3.0944529152348705,-1.5660478935719029,-0.6484719176266163
1780435783.489291668,0.0029470169253900114,-1.5717101795500952,1.5691834327950722,-3.1325100283377347,-1.5814228840679396,-0.03277147784019441,-0.007126079853658686,-1.451579157534172,1.6851638181879949,-3.1096591595646137,-1.5589625434525787,-0.6484719176263417
1780435783.539122343,0.0029470169253900114,-1.5717101795500952,1.5691834327950722,-3.1325100283377347,-1.5814228840679396,-0.03277147784019441,-0.01452189887407477,-1.4458972109692967,1.6853779943016631,-3.1053679033618584,-1.5559576817020158,-0.6484719176263473
1780435783.589323997,0.0018312847098531648,-1.573586991981064,1.5695414559381926,-3.1270816740265683,-1.57739822784918,-0.02819554067010266,-0.016170244596446812,-1.4424978844095806,1.6848097465015388,-3.09805054731996,-1.5665245064969011,-0.661038288355032
1780435783.639269590,0.0005531289206144319,-1.5757885660794493,1.5699162298403562,-3.1205859145865196,-1.5727898956297608,-0.023962511215971816,-0.017643813962849045,-1.438230331178855,1.6850909106686207,-3.0984336109632133,-1.5708486766929608,-0.6610382883548815
1780435783.689251184,-0.0007561894336234332,-1.57832530080871,1.5702220344507019,-3.112698425631164,-1.5680715716780593,-0.019953890895694215,-0.019567070140486795,-1.4370357833290388,1.6857045050092658,-3.0859728455588136,-1.5618580997608476,-0.6610382883548553
1780435783.739223003,-0.0007561894336234332,-1.57832530080871,1.5702220344507019,-3.112698425631164,-1.5680715716780593,-0.019953890895694215,-0.021453386357660902,-1.4340891631426125,1.6866219002907323,-3.094226849329724,-1.5484164159095697,-0.6610382883550041
1780435783.789306641,-0.0021079923080780105,-1.5811663151220285,1.5704511733717186,-3.103523727216982,-1.5632025560340121,-0.01596822025747624,-0.022113862301145575,-1.4358757612219843,1.687614458399977,-3.085197765017926,-1.5502706038162994,-0.6610382883549092
1780435783.839176893,-0.0036132114389850756,-1.583475532196723,1.5708123426324085,-3.0967291801869585,-1.5577837049207108,-0.011092855283184377,-0.0207884748898777,-1.4374824325612519,1.6861122190178628,-3.081998546062101,-1.5580725998628526,-0.6610382883549688
1780435783.889158964,-0.005098538861380675,-1.585411522905532,1.5712058565120592,-3.0913791280835086,-1.5524391669355122,-0.006722897209017198,-0.019586845791111245,-1.4388363765591974,1.6854786832120656,-3.093301428170117,-1.5612677090948583,-0.661038288354796
1780435783.939133883,-0.00657282329690112,-1.5870620994861202,1.5716313400388597,-3.087150729523982,-1.5471368794563087,-0.002625161377489249,-0.019237699883843305,-1.4430314387252174,1.685252583677685,-3.089074212972177,-1.550229089364688,-0.6610382883546166
1780435783.989158154,-0.00657282329690112,-1.5870620994861202,1.5716313400388597,-3.087150729523982,-1.5471368794563087,-0.002625161377489249,-0.017530323198700553,-1.4482780067642782,1.684886990863014,-3.0801749247026287,-1.536148337983887,-0.6610382883550631
1780435784.039245844,-0.007945265002531343,-1.58808876290737,1.5721274274790829,-3.08533653310903,-1.5422030029140483,-0.0002610281464816566,-0.01261684146550678,-1.451205150739348,1.6847507575084752,-3.094582574907173,-1.535403134650262,-0.6610382883550739
1780435784.089373827,-0.009264185588717666,-1.5885870067952643,1.572707728341351,-3.0856432130871383,-1.5374633648595806,0.0008228930195427835,-0.010361796588065039,-1.4529238551421306,1.6833331487556378,-3.0880696404023635,-1.5593185189753729,-0.6484719176139065
1780435784.139655590,-0.010558816095651125,-1.5892550386999549,1.5732300924490412,-3.085161265565422,-1.5328126658368557,0.002063015908330852,-0.010049275079146238,-1.4543290879032114,1.6830104075075998,-3.0920172167761764,-1.565974179792312,-0.6484719176138838
1780435784.189275742,-0.010558816095651125,-1.5892550386999549,1.5732300924490412,-3.085161265565422,-1.5328126658368557,0.002063015908330852,-0.01058025539127731,-1.4549961715820308,1.6832162694078123,-3.0997449468607203,-1.5594060983985354,-0.6484719176138415
1780435784.239269972,-0.011820411045787793,-1.589980269988927,1.57371566420197,-3.084353987245843,-1.528282125508996,0.002931347347635844,-0.0114824951805863,-1.4580789337083608,1.682979288154445,-3.084898358540817,-1.5462913837333507,-0.6484719176139668
1780435784.289328575,-0.013055506292655394,-1.5907486929311982,1.5741710560888664,-3.0832933520562102,-1.5238480863990596,0.0034691842839441496,-0.011469845019195637,-1.4580724750439424,1.682526359571446,-3.087713366221702,-1.5417788319686805,-0.6484719176142192
1780435784.339206934,-0.014254807961590288,-1.591538757641243,1.5745965632367123,-3.0820551571790396,-1.5195437379734127,0.0037206908004618518,-0.010574800799815515,-1.4569219654353684,1.6814269361095329,-3.0946318992029913,-1.5488928632518348,-0.6484719176141115
1780435784.389476538,-0.015405817385826026,-1.5923455386977263,1.574987172999064,-3.080639323692524,-1.5154137473360514,0.0036851907073672404,-0.010525596334154399,-1.4593344353381212,1.6812804348887358,-3.080351442931676,-1.553331808237345,-0.6484719176139585
1780435784.439272642,-0.015405817385826026,-1.5923455386977263,1.574987172999064,-3.080639323692524,-1.5154137473360514,0.0036851907073672404,-0.011451452263002027,-1.4604541658696384,1.6821597625768976,-3.0802891043366034,-1.5437227730097085,-0.6484719176140957
1780435784.489135504,-0.01648603425319628,-1.5931774968445085,1.575329696187177,-3.0789714171881357,-1.5115386345187973,0.003318846365474627,-0.012128670575093464,-1.4601885441166766,1.6822952743760224,-3.086386719147392,-1.534558083538559,-0.648471917614076
1780435784.539133787,-0.01748222882622308,-1.5940293922821862,1.575618974048841,-3.077052300677066,-1.5079656332209517,0.002613831812339264,-0.012336174106987521,-1.4622822059489264,1.681584183882483,-3.0715537055294617,-1.5373047641181403,-0.6484719176142352
1780435784.589265108,-0.018388758212596557,-1.5948946080832291,1.575854027570858,-3.0749021358263406,-1.5047147724740677,0.001571009394177585,-0.012063790912666341,-1.4619489904772456,1.6811762203320584,-3.074977488902442,-1.5457592343901017,-0.6484719176143054
1780435784.639277935,-0.018388758212596557,-1.5948946080832291,1.575854027570858,-3.0749021358263406,-1.5047147724740677,0.001571009394177585,-0.012593192725338,-1.462413840553153,1.6817653475543182,-3.0787510948399865,-1.5437190038340263,-0.6359055468852629
1780435784.689449072,-0.019210971324259418,-1.5957467089802222,1.5760445546000859,-3.072645792617614,-1.50176669440431,0.00023191892073172438,-0.014170455680385182,-1.4649391569738581,1.6822507777234506,-3.0669770101946474,-1.5246948865766226,-0.6359055468855731
1780435784.739221811,-0.019975093772662156,-1.5965968032575404,1.5762010858764088,-3.070282123130955,-1.4990272398826852,-0.001034070943869203,-0.01510733150490175,-1.466244276558883,1.6823773233377814,-3.0754899470391743,-1.518959676551293,-0.6359055468855779
1780435784.789152861,-0.02078439009849653,-1.5968167317770483,1.576544755278919,-3.0707188666711445,-1.496126165318131,-0.0010584672993676492,-0.014572484034275265,-1.4687087250167767,1.6795865781492676,-3.0727324472342783,-1.524021074358951,-0.6359055468852968
1780435784.839147806,-0.021503357245600263,-1.5969169176444975,1.5768731808491823,-3.071511941147367,-1.493549162129307,-0.0010965933005415707,-0.014382657286696864,-1.4722093930947917,1.6787119575470668,-3.0652498578151497,-1.5281334644767388,-0.6359055468853112
1780435784.889666319,-0.021503357245600263,-1.5969169176444975,1.5768731808491823,-3.071511941147367,-1.493549162129307,-0.0010965933005415707,-0.01529333554338368,-1.4740445608491326,1.6793295973050648,-3.0777918627652068,-1.5186352297647496,-0.635905546885286
1780435784.939486980,-0.022095095873824633,-1.5968433252452305,1.577182727410849,-3.072834106887108,-1.4914283644462039,-0.0011009533207273492,-0.016003300129121625,-1.4769002227194203,1.6782771714239786,-3.06828974518003,-1.5064766917046706,-0.6484719176266119
1780435784.989275932,-0.02254488700524604,-1.596589595974054,1.5774675431282277,-3.0746882095351893,-1.489816410283911,-0.0010919734365106848,-0.015665105070088316,-1.4787438714964747,1.6772811109052632,-3.071888941214648,-1.5142349191687698,-0.6484719176268154
1780435785.039263487,-0.02286231484921597,-1.596163918953442,1.5777292227901312,-3.077053599331319,-1.488678868305465,-0.0010841243368391318,-0.015577751518531238,-1.4797674857127676,1.6767902004982693,-3.0815246151963023,-1.516545319052971,-0.6484719176264361
1780435785.089279652,-0.02286231484921597,-1.596163918953442,1.5777292227901312,-3.077053599331319,-1.488678868305465,-0.0010841243368391318,-0.01648036850396097,-1.4838686852149596,1.676300463532825,-3.0703362929969282,-1.505462118685371,-0.6484719176263045
1780435785.139377117,-0.023051353821555765,-1.5955148605833518,1.5779806295569552,-3.0801539941418814,-1.488001443065344,-0.001019250918067982,-0.017754677616417833,-1.4866124678589117,1.67655647451521,-3.0736413348453473,-1.4858769060857737,-0.6484719176268458
1780435785.189295292,-0.023142571825976788,-1.5950021919222017,1.5781476724374708,-3.0824973995257756,-1.4876745664283852,-0.0007206522857643449,-0.01838336845982728,-1.482510959663765,1.6772383065575336,-3.086726024714744,-1.4827355342868231,-0.6484719176265925
1780435785.239407063,-0.023231120738797628,-1.5950648466721606,1.5781748702428176,-3.0823764294305573,-1.487357257495506,-0.0006768992615970859,-0.017318346966268876,-1.4809806728838604,1.6760706001285228,-3.0700116691314387,-1.4959829628393482,-0.6484719176266506
1780435785.289306879,-0.023264576850954732,-1.5951694782743813,1.5781657913284413,-3.0819849022459405,-1.4872373706108712,-0.001304980106897169,-0.017817551594116802,-1.4811542467709105,1.6793110137473628,-3.0739899961783705,-1.5023007142083857,-0.6484719176267583
1780435785.339317322,-0.023264576850954732,-1.5951694782743813,1.5781657913284413,-3.0819849022459405,-1.4872373706108712,-0.001304980106897169,-0.01854871708558109,-1.4806758100860433,1.679240657062025,-3.083367982616999,-1.4970283204177643,-0.6484719176264222
1780435785.389266253,-0.02330881134679963,-1.5950010889919106,1.5782269683739756,-3.0827770606143656,-1.4870788610459291,-0.001754900765104317,-0.021922361494235834,-1.4799064453888295,1.6791738726242305,-3.071482218041738,-1.486236294989522,-0.6484719176264565
1780435785.439333677,-0.023696211269928824,-1.5958501402790546,1.5782065511886607,-3.0797868928420162,-1.4856906866506385,-0.0004853972070479884,-0.021781804631225095,-1.4778906158622904,1.681074689286492,-3.06938011184889,-1.4864949125789724,-0.6484719176268525
1780435785.489315271,-0.024156230715789206,-1.5965974214347636,1.5782407194578625,-3.0773405998445336,-1.4840423652034769,-0.0002506655984273465,-0.021449598540218703,-1.4754180052085255,1.6814520960462145,-3.076249726501143,-1.4940835097291434,-0.6484719176266583
1780435785.539241791,-0.0241711148418009,-1.5969060643462711,1.5781699806161604,-3.076037326662799,-1.4839890343074735,-0.0018981033124010338,-0.0196030119116631,-1.475530639556915,1.682316782720336,-3.066941023428266,-1.5126537223648568,-0.6484719176267747
1780435785.589257002,-0.0241711148418009,-1.5969060643462711,1.5781699806161604,-3.076037326662799,-1.4839890343074735,-0.0018981033124010338,-0.01924386959018309,-1.474874660046745,1.6828230815058955,-3.0675175311522884,-1.5190047435238547,-0.6484719176269901
1780435785.639313698,-0.02331697732109994,-1.5965168749894287,1.5778590910156707,-3.0762938092133902,-1.48704959923613,-0.00574513890185635,-0.021006848354150415,-1.4745028442238581,1.6835348619083588,-3.07404814187815,-1.5145517797574186,-0.6484719176266955
1780435785.689434528,-0.022284433949264937,-1.5961082023369162,1.577463976064317,-3.076324976120921,-1.4907498072395722,-0.009555257425064134,-0.02299554143875246,-1.4762471669686947,1.6829041922745112,-3.061052310372117,-1.5004740972298107,-0.648471917626818
1780435785.739451170,-0.021131934706424715,-1.595721886678529,1.5770005925321595,-3.076042586553267,-1.4948804260996384,-0.013511092548022852,-0.02378223495530395,-1.475823613172281,1.68230174599292,-3.062896036022021,-1.4948405544713266,-0.6484719176272707
1780435785.789140224,-0.0198571588716554,-1.5953439349808,1.5764696845638426,-3.075497155996536,-1.4994500277508784,-0.01763100122240946,-0.023352769824232556,-1.4743540496789587,1.6810984769412332,-3.0689430324056586,-1.5013979355587865,-0.6484719176268918
1780435785.839122534,-0.0198571588716554,-1.5953439349808,1.5764696845638426,-3.075497155996536,-1.4994500277508784,-0.01763100122240946,-0.02344237505630402,-1.476168900181805,1.6803194611789725,-3.0544579553630467,-1.5065042095829202,-0.6484719176267356
1780435785.889296532,-0.01845389478433823,-1.5949598318972003,1.575869908108733,-3.074733799883562,-1.5044812084429502,-0.021946216618617953,-0.025494818817730865,-1.4771037614525087,1.6819994785151757,-3.0634298332234233,-1.4865449461142124,-0.6610382883555967
1780435785.939467907,-0.017048516376029,-1.5940914803704684,1.575385188977087,-3.076028041809444,-1.5095211289141997,-0.025004416659071715,-0.025947978529894857,-1.4804481053764462,1.6799713516031476,-3.059722241461186,-1.4956450130617678,-0.6610382883552189
1780435785.989449263,-0.015639750114726958,-1.5929587322023107,1.574955917399501,-3.078423578020554,-1.5145744804250931,-0.027474086987513857,-0.025456970263954503,-1.4838140070100643,1.678128193137574,-3.0520554193934433,-1.5119224073701696,-0.6610382883554528
1780435786.039389372,-0.015639750114726958,-1.5929587322023107,1.574955917399501,-3.078423578020554,-1.5145744804250931,-0.027474086987513857,-0.0253410658081303,-1.484966406526743,1.6772858710754608,-3.0653301944857527,-1.5158222874388394,-0.6610382883553038
1780435786.089247227,-0.014179311161107933,-1.5916558743826217,1.574530175629436,-3.0814208643328937,-1.5198146662523486,-0.02970411652417937,-0.025890365063273985,-1.4880845070137427,1.6766966184169305,-3.064330006125553,-1.5064930536977514,-0.6610382883548813
1780435786.139159203,-0.012683794275703875,-1.5901686264793495,1.5741155742306538,-3.0850998553242137,-1.5251824123368465,-0.03169982761707146,-0.026490539517552047,-1.49170158382723,1.675635156994748,-3.0579604357910863,-1.4896929591270258,-0.6610382883553481
1780435786.189149141,-0.011157609848885919,-1.5884988592906186,1.5737087971721044,-3.089448207247069,-1.5306621474518067,-0.033496209902712515,-0.025854398358915006,-1.4924808840718287,1.6747238979001147,-3.0727079896833933,-1.4862596929155147,-0.6610382883554637
1780435786.239124060,-0.010287028369394768,-1.5864194564725,1.5737016660576433,-3.0966382139265654,-1.5337888774040156,-0.03426623904754944,-0.02364909955641292,-1.4979185565955868,1.674406420123261,-3.0737104422189434,-1.4986200409077244,-0.6610382883548416
1780435786.289463520,-0.010287028369394768,-1.5864194564725,1.5737016660576433,-3.0966382139265654,-1.5337888774040156,-0.03426623904754944,-0.022146947217669456,-1.5017446800196659,1.6697569907906424,-3.073941610141052,-1.5041926937645074,-0.6610382883550001
1780435786.339319468,-0.01033608229756755,-1.5842511442798344,1.5741414683271853,-3.1057535841581125,-1.5336126796413803,-0.03303342996459602,-0.024087863647423446,-1.5041710258181764,1.6707632163216615,-3.092619000863945,-1.486444903304862,-0.6484719176135589
1780435786.389295816,-0.010430208380743267,-1.5821206047552323,1.5745517386717764,-3.114687036638636,-1.533274592587361,-0.03164951831010843,-0.0224782735301673,-1.5068285487344335,1.6683462577471935,-3.087226408383228,-1.4852409293983946,-0.6484719176139173
1780435786.439121008,-0.01040927043345441,-1.5799346069648772,1.5748703977111724,-3.1235449724153237,-1.5333497979053448,-0.030980700029480168,-0.021262117304847103,-1.508764372592104,1.6673964889575266,-3.091648701902524,-1.4837472121701112,-0.6610382883553239
1780435786.489659309,-0.01040927043345441,-1.5799346069648772,1.5748703977111724,-3.1235449724153237,-1.5333497979053448,-0.030980700029480168,-0.01957895080874136,-1.5079666814831043,1.6663388512083308,-3.107918744136265,-1.4937090650632856,-0.6610382883552677
1780435786.539623737,-0.010387308551555563,-1.5777198933579086,1.5751491992352624,-3.1324178029479466,-1.5334286814478144,-0.030472418508709964,-0.018605066821111994,-1.5090347711509438,1.6655650308318692,-3.1102275813335507,-1.4986455329010582,-0.6610382883547857
1780435786.589347839,-0.010357707246393844,-1.5756117026924716,1.5753707134022465,-3.1407584430451707,-1.5335350052763594,-0.029891681730174646,-0.02119522508949416,-1.5080352662337475,1.6680914557832835,-3.1133550048396543,-1.4775453844668016,-0.6484719176142069
1780435786.639162064,-0.010269653004041146,-1.5741303817274792,1.5754724158355307,-3.146454454241758,-1.5338512888558267,-0.028720268834245388,-0.020849748675417765,-1.5040933393925764,1.6674307058280669,-3.1197138573307406,-1.4805928790825498,-0.6484719176139268
1780435786.689382315,-0.010269653004041146,-1.5741303817274792,1.5754724158355307,-3.146454454241758,-1.5338512888558267,-0.028720268834245388,-0.01994087124059987,-1.5042487013656878,1.6673242817093268,-3.105776397969598,-1.501088349051605,-0.6359055468852987
1780435786.739246368,-0.010138131790434102,-1.572707848671432,1.5755317270960842,-3.151808181940176,-1.534323715690718,-0.02784676760259508,-0.02044676093918776,-1.5018166483037518,1.6682907053086062,-3.1165454407622035,-1.4975415298807653,-0.6359055468852863
1780435786.789243221,-0.00993298645691798,-1.5713528696807666,1.5755370097219736,-3.1567416903688454,-1.5350606342805087,-0.02737499264611376,-0.02075784725241114,-1.5009533339753567,1.6682747450489686,-3.1149926206548413,-1.4954877116952543,-0.6359055468850489
1780435786.839335680,-0.00976138393939241,-1.570014431701324,1.5755431136000926,-3.1616369180983654,-1.5356770916981164,-0.027045397899913226,-0.02076436420963594,-1.5023207062482635,1.6681529952334553,-3.1045675722718555,-1.4989183455897588,-0.6359055468854733
1780435786.889567852,-0.009447475872788047,-1.5692574219987199,1.5754423113820522,-3.1640328714985437,-1.5368048342563396,-0.028158299233414397,-0.01919988981525874,-1.493133061914988,1.6673878859241271,-3.123219097842534,-1.5055659987936858,-0.6359055468856498
1780435786.939462423,-0.009447475872788047,-1.5692574219987199,1.5754423113820522,-3.1640328714985437,-1.5368048342563396,-0.028158299233414397,-0.021561390143817832,-1.4859324538503227,1.6708335143194808,-3.1013065459028653,-1.5130813445533509,-0.6359055468855519
1780435786.989354610,-0.008653832007124329,-1.569855704702384,1.5750457188503357,-3.1604012657555365,-1.5396564984768624,-0.030270987604374078,-0.0246085692821457,-1.4799524405024034,1.673600292721075,-3.11066422002965,-1.4978342502920972,-0.6484719176267877
1780435787.039263964,-0.007931381370593904,-1.5707255619087102,1.5746547698347713,-3.155812204265241,-1.5422529041379374,-0.03190267799288282,-0.026549805706079555,-1.475463326323041,1.6741834695949047,-3.097146032654933,-1.5052629755115698,-0.6484719176267685
1780435787.089363098,-0.00732089387821766,-1.5719294763179361,1.5742771720998034,-3.150076939598517,-1.5444473462269954,-0.033075739267136584,-0.02775305097034403,-1.4709611686882589,1.6746485428803266,-3.0960813512334067,-1.5187236883476034,-0.6484719176269226
1780435787.139473438,-0.00732089387821766,-1.5719294763179361,1.5742771720998034,-3.150076939598517,-1.5444473462269954,-0.033075739267136584,-0.028967998894471943,-1.4669632329321614,1.6749728208218444,-3.0985664138432467,-1.5230876238721296,-0.6484719176263894
1780435787.189573050,-0.006992945032287423,-1.5739083984862026,1.5739418659671187,-3.1417277070169143,-1.545626344611681,-0.0327812767124156,-0.03612328053307353,-1.4597827940525656,1.6764421528140154,-3.0839730176336864,-1.5126123112957761,-0.648471917626379
1780435787.239603758,-0.0074229918367496595,-1.576980449429211,1.5738068909918577,-3.1302445418985085,-1.5440803204265139,-0.028515940345061885,-0.03712372464492508,-1.4580909301583471,1.6797756465093094,-3.090617492708014,-1.5001595515048893,-0.6484719176259844
1780435787.289313316,-0.008067160975819831,-1.579130371323406,1.5738376051627867,-3.1227120982898637,-1.5417648870126843,-0.024465833186591013,-0.03698771779904447,-1.4595160173815156,1.6790339393517035,-3.0753930076047653,-1.4956498904706903,-0.6484719176262801
1780435787.339343548,-0.008067160975819831,-1.579130371323406,1.5738376051627867,-3.1227120982898637,-1.5417648870126843,-0.024465833186591013,-0.034417100512554935,-1.4584023489557971,1.6788453013064282,-3.0886337540918243,-1.512202475033245,-0.6610382883548495
1780435787.389230013,-0.008692894574450882,-1.580705755730838,1.573914868118508,-3.1174141026278264,-1.5395161270771176,-0.021403254040616382,-0.03074325243252077,-1.4619244997459635,1.6794773318281295,-3.08417897218131,-1.5005582853693014,-0.6610382883545888
1780435787.439281464,-0.00945770363547993,-1.5816994784595462,1.574138471534174,-3.11470368115077,-1.5367680886164887,-0.019835294496597378,-0.029442074809236236,-1.4654953684396146,1.6798944025940628,-3.084619610160404,-1.4886859248319353,-0.6610382883552876
1780435787.489367962,-0.009586644796669042,-1.581775282658814,1.5741902662598668,-3.1146204665871116,-1.536304845871423,-0.019851151663135447,-0.026701718808583602,-1.4655672034389928,1.6779017189896503,-3.095752948072625,-1.4844174715581315,-0.6610382883553395
1780435787.539309740,-0.00933852961300552,-1.5815374131967417,1.5741052115276648,-3.115156687835832,-1.5371962555757523,-0.01996650436098868,-0.024794308374838234,-1.4674840881688924,1.6761887524419894,-3.093945221889905,-1.5062406974956102,-0.6610382883549315
1780435787.589290380,-0.00933852961300552,-1.5815374131967417,1.5741052115276648,-3.115156687835832,-1.5371962555757523,-0.01996650436098868,-0.024635978520302967,-1.4705834405272933,1.674898274030203,-3.084746548255346,-1.5153367458583782,-0.6610382883551085
1780435787.639329910,-0.008935173509492245,-1.5812190079820319,1.573955328487959,-3.1157469095114334,-1.5386455313000411,-0.019841965025650943,-0.025613315617983034,-1.4707761814022948,1.6750432646445017,-3.096913158636711,-1.502426885819782,-0.6484719176138485
1780435787.689324617,-0.008416341242363679,-1.5808586185058964,1.5737536435971275,-3.1163015985709137,-1.5405099549058123,-0.019628956475447268,-0.02515610399140309,-1.4732714467021282,1.673180905385024,-3.0842930573567067,-1.5108895855080011,-0.6484719176139621
1780435787.739387035,-0.007794773860902993,-1.5804705860181345,1.5735036637480524,-3.1167826466718593,-1.5427439161074332,-0.01940405818888369,-0.024237871938961004,-1.4735785986428214,1.6719770219567391,-3.088226550230725,-1.524181561866429,-0.6484719176140984
1780435787.789275408,-0.007794773860902993,-1.5804705860181345,1.5735036637480524,-3.1167826466718593,-1.5427439161074332,-0.01940405818888369,-0.02361226657448707,-1.4734021792914493,1.671073080263289,-3.096869515370545,-1.528146680869363,-0.648471917613778
1780435787.839269400,-0.007085206693345114,-1.5800487431400718,1.5732130826465454,-3.1172391838590605,-1.5452946460807961,-0.019177860369300248,-0.024028783792984884,-1.476751233675202,1.670769690078811,-3.082715232291701,-1.5181958123869712,-0.6484719176136964
1780435787.889304399,-0.006292201814797949,-1.5795910414563386,1.572883827673813,-3.1176853678904233,-1.5481459523740781,-0.01897075048855701,-0.02429703475717628,-1.4776876503199698,1.6706692051791583,-3.0854281295207806,-1.5026249478853195,-0.6484719176141346
1780435787.939179182,-0.005410556953777679,-1.5790843266696264,1.5725144994681135,-3.118162823590544,-1.5513167844707336,-0.018795071447328837,-0.02288704623464492,-1.476825600224613,1.669060608705086,-3.0931445050373343,-1.5074825031008263,-0.6484719176139437
1780435787.989166498,-0.0044311251939452845,-1.5785269851346744,1.5720997453180292,-3.118658399755325,-1.5548403465317993,-0.018673895224662118,-0.021294864027652644,-1.478641701211905,1.6676896884278265,-3.0826798080321907,-1.5277210194148785,-0.6484719176138417
1780435788.039143562,-0.0044311251939452845,-1.5785269851346744,1.5720997453180292,-3.118658399755325,-1.5548403465317993,-0.018673895224662118,-0.020766041921959452,-1.4796388003682095,1.6676108028812942,-3.0856639066844247,-1.5357186629590365,-0.6484719176139461
1780435788.089375496,-0.003351086871349551,-1.5779331744974687,1.5716349096371367,-3.1191056022827937,-1.5587271619151641,-0.018662171195495958,-0.021499405497797875,-1.4805110876316334,1.667726137313479,-3.088468593610038,-1.5215763359780752,-0.635905546885082
1780435788.139752865,-0.00207774045045106,-1.57713564800388,1.5710951928619226,-3.1200088469903147,-1.5633114932327006,-0.019503765706178733,-0.019614231941476577,-1.4824846347275207,1.6678366265293496,-3.0845885215045223,-1.5233705884481357,-0.6484719176139367
1780435788.189401150,-0.0006129279318143332,-1.5761035050066727,1.5704821836637721,-3.121485390314091,-1.568587722265649,-0.021253288701363893,-0.01764435282231485,-1.4809967918918572,1.6662791498015275,-3.094832397802819,-1.535507609419204,-0.6359055468854976
1780435788.239274502,-0.0006129279318143332,-1.5761035050066727,1.5704821836637721,-3.121485390314091,-1.568587722265649,-0.021253288701363893,-0.017351175881647193,-1.4800628502037583,1.6661984216980683,-3.0928354811189283,-1.5401691409116778,-0.6359055468851285
1780435788.289268732,0.0007663118434075855,-1.5755614710978962,1.5698362448495675,-3.121106955907173,-1.5735583560247317,-0.022332115368076444,-0.01895224920607637,-1.4793390878547017,1.6682499878440162,-3.07979475298818,-1.5304411012865207,-0.6359055468852961
1780435788.339330912,0.0018225007581920138,-1.5755576506526534,1.5692779505163441,-3.119131174490962,-1.5773665497271763,-0.022537521309997643,-0.018911538071107462,-1.475976997478389,1.6686938538240357,-3.0907850769490146,-1.5215808323466788,-0.6359055468853043
1780435788.389481068,0.0027356043612174474,-1.5755948023487,1.568784595043715,-3.1172430547889407,-1.5806601376260243,-0.02291545958793062,-0.017650942260379884,-1.4755898124904316,1.6678467926823675,-3.0834892305950525,-1.5334639054519918,-0.6359055468853455
1780435788.439588070,0.003347612371072506,-1.575402621582925,1.5684839371088237,-3.1168541224531117,-1.5828683595820783,-0.022253358998015393,-0.017605158087939582,-1.4786347310788468,1.6686968125658346,-3.083205946106373,-1.5521503289727525,-0.6359055468851148
1780435788.489270210,0.003347612371072506,-1.575402621582925,1.5684839371088237,-3.1168541224531117,-1.5828683595820783,-0.022253358998015393,-0.01693349959175409,-1.4809580449107678,1.6643052549425128,-3.099176246173028,-1.5536125158622383,-0.6359055468848683
1780435788.539274454,0.0032612403609684204,-1.574440249752361,1.568669587379699,-3.120930231759864,-1.5825566814655092,-0.018657061749508763,-0.015311604556542265,-1.4873769565502126,1.6632304656384185,-3.096347598307571,-1.5632081661888846,-0.635905546884816
1780435788.589260578,0.0030097034586458182,-1.5733646018457481,1.5689485570488608,-3.125755077627332,-1.5816490610226044,-0.01518497344019476,-0.014597536043443117,-1.4888278612486943,1.6620748540466426,-3.1109784388523383,-1.5617752143024328,-0.6359055468849423
1780435788.639615297,0.002727500066204369,-1.5724361820327744,1.569213342997313,-3.1300180924139607,-1.5806308998114158,-0.01172588687303655,-0.013985585301636355,-1.4904340012341368,1.6612611914000266,-3.1199093422640196,-1.5629853139001484,-0.6359055468849742
1780435788.689267397,0.0023973482031875992,-1.57151635931527,1.569492202398159,-3.134312973291136,-1.579439895932433,-0.008231288293910843,-0.013098779694776406,-1.4931749640466787,1.6596138050306575,-3.1110687798114736,-1.567494168836157,-0.6359055468850721
1780435788.739524126,0.0023973482031875992,-1.57151635931527,1.569492202398159,-3.134312973291136,-1.579439895932433,-0.008231288293910843,-0.011529233555571354,-1.4936308740085646,1.6581041488809287,-3.1171178631422416,-1.5793131810199923,-0.635905546884979
1780435788.789287806,0.0020056511532413612,-1.5705990349120214,1.569792415065518,-3.138688064188008,-1.578027079821977,-0.004714815628538815,-0.010506642138296558,-1.4936256293232262,1.657425311746699,-3.1288099542906487,-1.5834824336525735,-0.6359055468849382
1780435788.839152813,0.0015441824162578666,-1.5696856874377323,1.570117284240594,-3.143150549206702,-1.5763628904423355,-0.0010874121296176043,-0.010441710168299097,-1.4963305676492427,1.6571365765320882,-3.1204027523478564,-1.5740430959960188,-0.6359055468848706
1780435788.889205456,0.001021817378136669,-1.5687896038745608,1.5704603517209157,-3.1476296347717554,-1.5744794608802728,0.002587177795500636,-0.010681893994441447,-1.4976295328586158,1.6570840600741168,-3.125516670933237,-1.5590765360313372,-0.6359055468850074
1780435788.939244032,0.0004399717845067208,-1.5678714467581338,1.5708233981967774,-3.152274789374247,-1.5723820239440673,0.006419894762986614,-0.009700235699835719,-1.4971962886836234,1.6558032301524623,-3.1360303364703643,-1.5581103471571216,-0.6359055468850205
1780435788.989286423,0.0004399717845067208,-1.5678714467581338,1.5708233981967774,-3.152274789374247,-1.5723820239440673,0.006419894762986614,-0.004016249546021682,-1.4938213784212966,1.6574378375781713,-3.1293420877332996,-1.5633598056365923,-0.6359055468853567
1780435789.039333344,0.00010630914992093565,-1.5673065022635795,1.5710286660937325,-3.1550744119201752,-1.5711794498861913,0.005553342673067368,-0.0008388417044016879,-1.4878853547754591,1.6599564005830219,-3.1329210935731493,-1.568410820629809,-0.635905546885621
1780435789.089289665,0.00045902652918261566,-1.5664466907744048,1.5709099018245294,-3.1577770814307238,-1.5724507049818373,0.0020299177378135186,-0.0016353101936785754,-1.48527987731467,1.661833004138141,-3.1361082325984415,-1.5609155995606685,-0.6359055468855566
1780435789.139262915,0.0009925414227793805,-1.5653126128329067,1.5707124882902554,-3.1612030971006826,-1.5743739155374792,-0.0018634622329418704,-0.0027729505229387537,-1.4855415358249147,1.66236814817665,-3.127481676888283,-1.5478571909102234,-0.6359055468857108
1780435789.189259291,0.001623607709585917,-1.563971392687642,1.5704687544970544,-3.1652311434622336,-1.5766492990153624,-0.006184834584020749,-0.0026207754446749888,-1.4837571117558026,1.661532043784532,-3.136024351456516,-1.546469806322566,-0.6359055468858685
1780435789.239519596,0.001623607709585917,-1.563971392687642,1.5704687544970544,-3.1652311434622336,-1.5766492990153624,-0.006184834584020749,-0.0016081452056378326,-1.4827002326722383,1.6603562098473228,-3.141803435473924,-1.5587617827146771,-0.6359055468857602
1780435789.289332390,0.002327869539971994,-1.5624858714725454,1.5701834113729605,-3.169653651994901,-1.579189276185434,-0.010795606317983264,-0.001355071972275595,-1.484322346983526,1.6602143793218263,-3.1348322402183926,-1.5647648366654,-0.6359055468856724
1780435789.339590788,0.00309641492452295,-1.560824064434657,1.5698578850607707,-3.1745994371035415,-1.5819619311783564,-0.015485729486020006,-0.0019323367149370796,-1.4841485997777912,1.6598825369338783,-3.1436210296004385,-1.5581406179484922,-0.635905546885736
1780435789.389279842,0.003903416162215567,-1.5590858965890657,1.5694982298128823,-3.179726661043288,-1.5848742798736062,-0.02032242875586654,-0.0025724023276445084,-1.484204889406615,1.6597548197428729,-3.15126584528206,-1.548456432006422,-0.6359055468857118
1780435789.439181089,0.004737731556508695,-1.557313906349619,1.569107602760016,-3.184891226283046,-1.5878862569095968,-0.02534333096185737,-0.002107670357248889,-1.4852344334487615,1.6585813760755796,-3.1448830932165417,-1.5495467702409353,-0.6359055468858188
1780435789.489354849,0.004737731556508695,-1.557313906349619,1.569107602760016,-3.184891226283046,-1.5878862569095968,-0.02534333096185737,-0.0009050326411843586,-1.484562028378389,1.657121299357799,-3.1501035843647163,-1.5612900032797583,-0.6359055468858499
1780435789.539298296,0.00535922326404803,-1.5560261927526335,1.5688049013028005,-3.188591140119918,-1.590130627664946,-0.02905113655118363,-0.006348355199576197,-1.4761677961949342,1.6565492762010738,-3.162634155730159,-1.5669789257729931,-0.6359055468851725
1780435789.589332104,0.004906690692764171,-1.5570613051777187,1.5690261384905548,-3.1855344198573023,-1.5884963522324513,-0.026814118897471317,-0.00922825872147553,-1.4738795646300993,1.658393998905596,-3.1449584552408405,-1.560485797868948,-0.6359055468851081
1780435789.639254332,0.004176082304214512,-1.5586005664417968,1.5693715804554669,-3.181066208336939,-1.5858585175734996,-0.024728440510491723,-0.011120996734811596,-1.469500708554289,1.6594452010787364,-3.149215096737705,-1.5432787411388884,-0.6359055468852944
1780435789.689233303,0.003280521195847763,-1.5606167117003444,1.5697730225530178,-3.175055769058205,-1.5826262564316398,-0.02265947293263526,-0.011181832145425957,-1.464644377332216,1.6587613268923536,-3.155435271767403,-1.5456797556244926,-0.6359055468852454
1780435789.739313602,0.003280521195847763,-1.5606167117003444,1.5697730225530178,-3.175055769058205,-1.5826262564316398,-0.02265947293263526,-0.01076367650802868,-1.463382267159754,1.658195354068585,-3.138319964787116,-1.5633525930967205,-0.6359055468852071
1780435789.789243937,0.0022534105570839458,-1.5630935189722335,1.5701968870017806,-3.167465040534946,-1.5789206995847618,-0.02049581357795116,-0.01162520025561646,-1.4614305666974152,1.6596649180814733,-3.1447704593210157,-1.5699935448578237,-0.6359055468849809
1780435789.839557648,0.000990493508852719,-1.565273112782699,1.5707156237279736,-3.161359088554047,-1.5743665324667662,-0.017191838526619208,-0.012003820770494455,-1.46401168751781,1.6607838799544057,-3.1526065858799437,-1.5671087489109747,-0.6359055468848335
1780435789.889356852,-0.00042820664751364035,-1.5666416721085605,1.5713340822375061,-3.1586081757492277,-1.5692532872588734,-0.013111067409885102,-0.011959474902706187,-1.4672643171493451,1.660052770274736,-3.14436419653331,-1.5545545054617533,-0.648471917626272
1780435789.939305067,-0.00042820664751364035,-1.5666416721085605,1.5713340822375061,-3.1586081757492277,-1.5692532872588734,-0.013111067409885102,-0.010516296674079464,-1.4683670714279744,1.6587839053516276,-3.1586468718638474,-1.568223377336418,-0.6484719176263056
1780435789.989347458,-0.0017870506762260874,-1.5677328557158958,1.5719290562944488,-3.1567923242353366,-1.5643583295898935,-0.009428776463627386,-0.00987460349474361,-1.4718837922985948,1.6577542524472577,-3.1647726768930085,-1.5728511148281372,-0.635905546885127
1780435790.039644718,-0.0031294263947554413,-1.5685392374207074,1.57252628891019,-3.156026399133914,-1.5595250435257553,-0.0059181386476554465,-0.008244674874398386,-1.477103127534412,1.6578770045921696,-3.1564539610664055,-1.5901019360886248,-0.6484719176261317
1780435790.089362383,-0.00480670688838547,-1.5686937497724411,1.5733191133785467,-3.158346767591678,-1.5534890380244555,-0.0015500608790084414,-0.007409139796068528,-1.478725067336926,1.655493365201188,-3.1758079537076545,-1.5814156306530036,-0.6484719176261238
1780435790.139558077,-0.006556171518180776,-1.56870168564138,1.5741419572329611,-3.161315431998541,-1.5471967543597671,0.002715136889363653,-0.007273282528979428,-1.4830148924302398,1.655064385081677,-3.1791531636892723,-1.5717423306693872,-0.648471917626158
1780435790.189301968,-0.006556171518180776,-1.56870168564138,1.5741419572329611,-3.161315431998541,-1.5471967543597671,0.002715136889363653,-0.004295733868675187,-1.4883119243944396,1.6541420011362988,-3.17720109550597,-1.567630633933369,-0.6484719176264733
1780435790.239255190,-0.008203806084094545,-1.567950884037181,1.5749408704695425,-3.1669803746407057,-1.5412737782105204,0.004900929390624411,-0.0008871759249270647,-1.4902569101542396,1.650724176435707,-3.195062020952872,-1.5731945733632848,-0.6484719176264825
1780435790.289148569,-0.009655769623281962,-1.5665055442638236,1.5756503860815163,-3.1748967922759173,-1.5360565099292343,0.006132045675459814,0.0018661470275647316,-1.4930207087716605,1.6493594922587502,-3.2019935865047517,-1.5756618956457076,-0.6484719176270246
1780435790.339324236,-0.010311580507210039,-1.5649628269512945,1.5759758797490304,-3.1817996594034037,-1.533700687820649,0.001769521625443464,0.005106541109616976,-1.491762529263485,1.6539894769364107,-3.2026398350073344,-1.5603146299824007,-0.6484719176271835
1780435790.389482498,-0.010324432302017073,-1.5632461045184805,1.5759986682275013,-3.188263331418618,-1.5336545252851135,-0.004954500546233476,0.00569295390179956,-1.4874295883443374,1.6540269009335886,-3.214942001967583,-1.5602463399407607,-0.648471917627372
1780435790.439399719,-0.010324432302017073,-1.5632461045184805,1.5759986682275013,-3.188263331418618,-1.5336545252851135,-0.004954500546233476,0.002508580357685969,-1.4826661029425559,1.6558564470409072,-3.2026881894587023,-1.5672718258039688,-0.6484719176271841
1780435790.489306688,-0.010242826862908672,-1.5627628250561614,1.5759643098140306,-3.1899375278416713,-1.5339476475792928,-0.010554353993344812,0.0015691418013988596,-1.4776881070596781,1.6559560898704284,-3.209314119756611,-1.582983910981549,-0.6610382883557496
1780435790.539289474,-0.010150313239224218,-1.562308861876316,1.5759237951672136,-3.1914816804628288,-1.534279959001954,-0.016245738995438685,-0.0017857045206926296,-1.4759489181757637,1.6576252458199572,-3.20030171033162,-1.5736962426099925,-0.6610382883554038
1780435790.589548111,-0.010209046871521466,-1.5629926108761678,1.5759494943693941,-3.189025459619879,-1.5340689852879716,-0.018030196650666852,-0.008574424840777087,-1.4711446753122281,1.659006011690548,-3.1961934537095833,-1.5732814625598583,-0.6610382883553729
1780435790.639284134,-0.010209046871521466,-1.5629926108761678,1.5759494943693941,-3.189025459619879,-1.5340689852879716,-0.018030196650666852,-0.012206371169411777,-1.4649241768891477,1.6589788708157653,-3.204585302056163,-1.5693934941444356,-0.6610382883553831
1780435790.689296484,-0.010362993580348423,-1.5642329926766703,1.576008306588245,-3.184627653885177,-1.533516017430097,-0.019317641332328606,-0.014818164087569528,-1.4624131018173072,1.659835267855087,-3.1939266613849098,-1.5727057573217176,-0.6610382883554382
1780435790.739256144,-0.010487557782708379,-1.5658294567271973,1.5760359657741012,-3.178813700820828,-1.533068605990353,-0.020510127512562093,-0.016453727273370744,-1.4609462718811193,1.6608793837051659,-3.192767759796934,-1.581870652642549,-0.6610382883553436
1780435790.789294958,-0.010445243684207739,-1.5669793305313338,1.5759860041716753,-3.174385961939211,-1.5332205887483692,-0.02170591205220518,-0.016838555802826914,-1.458472929508532,1.659486837058543,-3.2041771137568067,-1.582776001857581,-0.6610382883553259
1780435790.839184046,-0.010245864476743805,-1.5680643677887112,1.5758579295408284,-3.1699250651262547,-1.5339367365244785,-0.022926493616865606,-0.01808753260393664,-1.461068380248542,1.6603164399869597,-3.189024258863302,-1.5811095579706762,-0.6610382883552447
1780435790.889202595,-0.010245864476743805,-1.5680643677887112,1.5758579295408284,-3.1699250651262547,-1.5339367365244785,-0.022926493616865606,-0.018954436554266752,-1.4613573882980058,1.660132822655691,-3.1920517869731233,-1.5789420468111843,-0.6610382883552791
1780435790.939296484,-0.00990907177800704,-1.5691014073910168,1.575659430492907,-3.1653973072223316,-1.5351465426551378,-0.024193044619961412,-0.01942249059960782,-1.4611795556856793,1.659471007620694,-3.1963567768912804,-1.5820597814427055,-0.6484719176142197
1780435790.989249468,-0.009705210122891827,-1.570841516969952,1.5754666744855765,-3.158345007787857,-1.5358788941674835,-0.023426065924253336,-0.02268097763516369,-1.45902089373672,1.6582414915721366,-3.186253134408485,-1.6028905721651485,-0.6484719176137477
1780435791.039256334,-0.00983673498490134,-1.5733683725878969,1.5753377485322595,-3.148716794236181,-1.535406400432585,-0.02109087321694414,-0.024669715446633926,-1.455564471640451,1.6581835531155957,-3.1937965585188683,-1.6067344230405636,-0.6484719176137809
1780435791.089262486,-0.00983673498490134,-1.5733683725878969,1.5753377485322595,-3.148716794236181,-1.535406400432585,-0.02109087321694414,-0.026545215526229543,-1.4561525622793319,1.6600092402761017,-3.1880423870212082,-1.5957440795526392,-0.6484719176137799
1780435791.139317036,-0.009988166670881427,-1.5759441814222344,1.575161551833628,-3.138812432160845,-1.5348624132168505,-0.0189171150040659,-0.02761269352048269,-1.4574981877464888,1.6596846906039096,-3.1797372703221485,-1.576050033391392,-0.6484719176137795
1780435791.189321756,-0.010082631674055875,-1.5784048303836737,1.5749179638734203,-3.1291486564063558,-1.53452307808542,-0.016763354064712743,-0.027547814731928928,-1.4570801713417731,1.659114839232668,-3.188002818603854,-1.5723513409005576,-0.648471917613845
1780435791.239323854,-0.01013234136052965,-1.5809028345969924,1.5745946472135854,-3.11913579403375,-1.5343445154033155,-0.014602549281067745,-0.026416761284682427,-1.458542798754765,1.657743965052924,-3.1754625619649035,-1.5878023823706233,-0.6359055468851146
1780435791.289310694,-0.01013234136052965,-1.5809028345969924,1.5745946472135854,-3.11913579403375,-1.5343445154033155,-0.014602549281067745,-0.026990486633199688,-1.4647858597906716,1.6606682901694185,-3.1778429436771716,-1.5786417516389688,-0.6359055468849464
1780435791.339261532,-0.010116982311971334,-1.582314865664256,1.574365609492998,-3.1133427065706405,-1.5343996865536322,-0.011552067286012324,-0.021696620039552326,-1.4685939384465074,1.6595359491090493,-3.1899748879724346,-1.5727056110539412,-0.6359055468853667
1780435791.389381170,-0.009792443105637538,-1.5827457256917299,1.5741329179249237,-3.1110028660910065,-1.5355655140239683,-0.012824144031030826,-0.018428798199881663,-1.4722719458644864,1.658865891556624,-3.1830958574534662,-1.57242482918522,-0.6359055468854473
1780435791.439300537,-0.009421608965892503,-1.5834258895415658,1.5738299969719625,-3.1075438295273448,-1.536897767647031,-0.014493481613017778,-0.016969164682749158,-1.4743942397271423,1.6582388760809268,-3.1848211630714847,-1.5777291081662443,-0.6359055468854923
1780435791.489314079,-0.009118181902112,-1.5842560576916602,1.5735265406709962,-3.1035659515185503,-1.5379879545393855,-0.01651038418490902,-0.01501632002094399,-1.4739950867442095,1.6558427830441256,-3.192977768059531,-1.585918861339388,-0.635905546885602
1780435791.539271355,-0.009118181902112,-1.5842560576916602,1.5735265406709962,-3.1035659515185503,-1.5379879545393855,-0.01651038418490902,-0.014063061911540541,-1.4775560176966636,1.6557143076031104,-3.1793721980521594,-1.590208432488701,-0.6359055468855426
1780435791.589180231,-0.008905144778319496,-1.585163905799046,1.5732452107836308,-3.0994052265227126,-1.5387534322186651,-0.019163786218793888,-0.010735140229472574,-1.4796865899363265,1.6582986319903135,-3.1809392355644475,-1.5794426149226086,-0.6359055468857923
1780435791.639192104,-0.008541539132211007,-1.5855636666957231,1.5729793850234,-3.097077560950706,-1.540060031625437,-0.025145808778052725,-0.009345444923022988,-1.4798873065543194,1.6569849510321089,-3.185873884109845,-1.5773261462678936,-0.6359055468859278
1780435791.689330578,-0.008227408880561171,-1.585478717820111,1.5728343181185462,-3.096863281928135,-1.5411889506076575,-0.029470951535177647,-0.010923295004988433,-1.4878113238420712,1.656259992917055,-3.173207903504365,-1.5896951298103927,-0.635905546885691
1780435791.739203930,-0.008160346903808069,-1.5846518082610421,1.572962575782268,-3.1001960608819723,-1.5414299704312198,-0.03178940811514863,-0.010705735677953071,-1.4925828596303354,1.6529655868747304,-3.1816323261698463,-1.5957739443053536,-0.6359055468855228
1780435791.789391041,-0.008160346903808069,-1.5846518082610421,1.572962575782268,-3.1001960608819723,-1.5414299704312198,-0.03178940811514863,-0.010406990307153426,-1.494777212043692,1.6514035782822434,-3.1902081535537756,-1.5947812805586041,-0.6484719176267487
1780435791.839324474,-0.008218498489243053,-1.5838508134107157,1.5731437531051367,-3.1036324315884785,-1.541220974167297,-0.03372997447254544,-0.010363781968671791,-1.4998039576668818,1.6510776095045854,-3.187371673149015,-1.5932122657791936,-0.6484719176266523
1780435791.889204264,-0.008350337694098542,-1.582966357378882,1.5733704811597888,-3.1075302815847667,-1.540747158035729,-0.03533387102994556,-0.010197819244835274,-1.5016517730469046,1.6489805882709914,-3.1982806196397155,-1.5906203617900259,-0.6484719176266718
1780435791.939526796,-0.009320580816900126,-1.5821533078914563,1.5739965550227262,-3.112602488799372,-1.5372607429839356,-0.032663896907957124,-0.012918017370373227,-1.5046059183605731,1.6483965894340966,-3.2050990612649306,-1.59730064094715,-0.6359055468850493
1780435791.989285231,-0.009320580816900126,-1.5821533078914563,1.5739965550227262,-3.112602488799372,-1.5372607429839356,-0.032663896907957124,-0.012856720760034666,-1.506868942713571,1.6484572659974763,-3.19205421576451,-1.6040586485333062,-0.6484719176262053
1780435792.039340734,-0.01071318370239549,-1.5818193452146776,1.5747385533438272,-3.116412161636298,-1.5322582360947052,-0.029351510268191383,-0.011825803190351269,-1.5041636462457975,1.6462095076932515,-3.201560809142054,-1.6037869201452613,-0.6484719176262106
1780435792.089262962,-0.01223386892573064,-1.5817840640624565,1.5754833239839068,-3.119184729768997,-1.5267976525851488,-0.026382404585306496,-0.011941745012035834,-1.505511350450771,1.6476100619673584,-3.1934769193480914,-1.6113045733014657,-0.6484719176263788
1780435792.139263391,-0.01388951642658931,-1.5818723549230214,1.5762620908926368,-3.121645755693702,-1.5208546661872049,-0.02325953966989136,-0.013595339647177527,-1.5080611952810452,1.648739603907872,-3.1847607749385505,-1.6062715003892885,-0.6484719176261295
1780435792.189352989,-0.015741760117787607,-1.581863217287828,1.5771333054653236,-3.1247856677115,-1.5142085171684458,-0.019310772037377966,-0.014339958856931791,-1.5074153005116493,1.647176771444208,-3.1941778898038096,-1.6007515418512477,-0.6484719176261201
1780435792.239348888,-0.015741760117787607,-1.581863217287828,1.5771333054653236,-3.1247856677115,-1.5142085171684458,-0.019310772037377966,-0.014673935790517508,-1.50869290722368,1.6466833815607458,-3.1886878361322744,-1.6042495999790336,-0.6484719176263105
1780435792.289349556,-0.01773329054873063,-1.5819403570626287,1.5780394055310731,-3.1277503668186672,-1.5070652626870302,-0.015038584021203505,-0.013527517948382839,-1.5085102824627494,1.6468009391802054,-3.1805413490663685,-1.6103445876633316,-0.6484719176265018
1780435792.339272499,-0.019527119612366306,-1.5822941110558713,1.5788030934435007,-3.1292275197885018,-1.5006332332750532,-0.01321865444185022,-0.010144414334611614,-1.5031842222616785,1.6489555056303447,-3.1853292542711946,-1.6133996279668286,-0.6484719176264336
1780435792.389159203,-0.020918406136956058,-1.5825228925471668,1.5793926104966567,-3.130526680740467,-1.495645791200647,-0.013606448654728709,-0.01107979992904746,-1.5017686384392714,1.6507489726203664,-3.18656801744748,-1.6044803761564082,-0.6484719176266432
1780435792.439321756,-0.022197646382569047,-1.5825079506588704,1.5799558089177315,-3.1326004197607977,-1.4910608380049588,-0.014332233432163832,-0.012351276168036846,-1.5033618730625964,1.651839939848147,-3.1754624224141397,-1.5893353226031515,-0.6484719176266409
1780435792.489179134,-0.022197646382569047,-1.5825079506588704,1.5799558089177315,-3.1326004197607977,-1.4910608380049588,-0.014332233432163832,-0.012527287597576745,-1.5019970406116876,1.6510929085326915,-3.187056017404421,-1.5880809143421792,-0.6484719176266742
1780435792.539164305,-0.02342462015565694,-1.5823245025590502,1.5805084655007398,-3.1352403933995983,-1.4866638761578752,-0.015279503864808142,-0.012286995155822423,-1.5034692058515011,1.650450192317299,-3.179795616338524,-1.600265328144239,-0.64847191762683
1780435792.589246988,-0.024597952540378998,-1.5820136349527072,1.5810436858221264,-3.138278051230068,-1.4824596762190039,-0.016292292308605738,-0.011781271540910944,-1.5051469391367478,1.6497151112109816,-3.1713187469298916,-1.6206725327636125,-0.6484719176266417
1780435792.639266729,-0.02573978065242777,-1.5815994615002555,1.581566839280943,-3.1416490735826166,-1.4783687952452818,-0.017415732120361405,-0.012900901336693105,-1.5048913639627655,1.6501497173012907,-3.183329298425685,-1.617870926405343,-0.6610382883553461
1780435792.689304113,-0.02573978065242777,-1.5815994615002555,1.581566839280943,-3.1416490735826166,-1.4783687952452818,-0.017415732120361405,-0.01417406336156291,-1.5079203320619117,1.6501344569254806,-3.1706603135012608,-1.6068748805802908,-0.6610382883553706
1780435792.739197969,-0.026870584344587556,-1.581103682913703,1.58208272608158,-3.145295481641254,-1.4743177728356827,-0.01857775048424415,-0.01471892214752725,-1.508662795106285,1.6493517184260666,-3.1725329515455885,-1.5991414409586289,-0.6610382883552627
1780435792.789303064,-0.028007389964566975,-1.5805316435631926,1.5825961668531732,-3.149217953583028,-1.470245549209709,-0.01975611777895292,-0.014287605088577968,-1.5083149330700385,1.6481431846670345,-3.1797908934376893,-1.6019247170637867,-0.6610382883554107
1780435792.839474201,-0.029144177546344352,-1.5799016905026821,1.5831014475528609,-3.1533319945064733,-1.4661736294117587,-0.020870877840588165,-0.013729093322879582,-1.510939398234716,1.6478623554380472,-3.166973281088712,-1.619909720454223,-0.6610382883553942
1780435792.889277220,-0.030261492209278984,-1.5792421692679985,1.583587689708781,-3.157497044135667,-1.462171633731681,-0.021853165475068437,-0.014282170852936678,-1.5119636946573252,1.6477162590159942,-3.168045480453341,-1.6267324378072097,-0.6610382883551179
1780435792.939180374,-0.030261492209278984,-1.5792421692679985,1.583587689708781,-3.157497044135667,-1.462171633731681,-0.021853165475068437,-0.015549352811167039,-1.5123711414629097,1.647860870984827,-3.175520849638263,-1.623550385254898,-0.6610382883553275
1780435792.989338398,-0.031380194532804495,-1.5785438975154662,1.5840631916443708,-3.161777735233665,-1.458164780196654,-0.022714523947983345,-0.01668494723082954,-1.5153225272756874,1.6480677635223742,-3.163593890907955,-1.622807002211269,-0.6610382883553714
1780435793.039214134,-0.03249793188736483,-1.5777967092667815,1.5845267022847362,-3.1662080030798823,-1.4541614361911472,-0.023455489866200274,-0.01667492248098005,-1.514698027992039,1.6474841257066748,-3.166960684978491,-1.626807792104895,-0.6610382883555606
1780435793.089496136,-0.0328468708575258,-1.577280893922584,1.5846819347541092,-3.1686662298438577,-1.4529116605032364,-0.027903804004304256,-0.015354875169943076,-1.5084362954243522,1.6500512020199183,-3.175480087364549,-1.6275506471780707,-0.6610382883557939
1780435793.139250755,-0.03286914732228485,-1.577279217830574,1.5846902578844675,-3.168703161344462,-1.4528318740423058,-0.032109968305647385,-0.01904831092957978,-1.5038284941650488,1.650890648924616,-3.166868076901758,-1.6350560250220387,-0.6610382883553882
1780435793.189150572,-0.03286914732228485,-1.577279217830574,1.5846902578844675,-3.168703161344462,-1.4528318740423058,-0.032109968305647385,-0.02535598016037807,-1.497593242094112,1.6530915734437492,-3.157170620565421,-1.6412714434943176,-0.6610382883549811
1780435793.239307880,-0.03374624920390268,-1.5788666348907503,1.584932665998346,-3.1638049038368097,-1.4496903908063743,-0.03125185912341699,-0.028934172562460746,-1.492691072271203,1.654781408368346,-3.163585536496369,-1.6249826281808237,-0.6484719176141385
1780435793.289304495,-0.03480399668414336,-1.5802425979433554,1.5852404541754153,-3.159933622212514,-1.4459018343527053,-0.03025965956683052,-0.030252990145716554,-1.4928907017301718,1.6571958480963762,-3.153640518670641,-1.6350885068225127,-0.648471917614024
1780435793.339296103,-0.035824273364210235,-1.581220872522036,1.585551004708593,-3.15752526347696,-1.4422473796993422,-0.029128951298180716,-0.030586467775838764,-1.4909309213072879,1.656044473926927,-3.1571879846344983,-1.6482988291493146,-0.6484719176136916
1780435793.389398575,-0.035824273364210235,-1.581220872522036,1.585551004708593,-3.15752526347696,-1.4422473796993422,-0.029128951298180716,-0.03189744660504718,-1.4901928891792657,1.6565788666216106,-3.1653387176064083,-1.654861753024862,-0.6484719176139253
1780435793.439632177,-0.03677653166176409,-1.5821860253884825,1.5858309775317327,-3.155056986499104,-1.43883641895495,-0.027803424371218632,-0.034098584647587755,-1.4926435869328216,1.6574405810815827,-3.1531086356924987,-1.64923587715781,-0.648471917613933
1780435793.489284515,-0.03766371874947083,-1.5831431351015404,1.5860815128941326,-3.152514765481863,-1.4356583898860826,-0.026301009416906496,-0.03566012610570381,-1.4930431822751995,1.6570971592746186,-3.15482126032229,-1.6458432270894534,-0.648471917613627
1780435793.539295435,-0.0384996407426641,-1.584096445169079,1.5863076087582577,-3.149901827085422,-1.4326638385184118,-0.02460522998797643,-0.03589120742796119,-1.4923057886343694,1.6559424802932312,-3.1611778492284053,-1.6560287558799769,-0.6484719176140943
1780435793.589619160,-0.03928429121823651,-1.585057481524382,1.5865083886289544,-3.1471737860394704,-1.429852793900169,-0.022744143049544974,-0.036147401020720366,-1.494006373548327,1.655395788362011,-3.1514541190392893,-1.6731494717619833,-0.6484719176140177
1780435793.639327288,-0.03928429121823651,-1.585057481524382,1.5865083886289544,-3.1471737860394704,-1.429852793900169,-0.022744143049544974,-0.03720776813945788,-1.4950703015736861,1.6554391780273776,-3.1526304775197933,-1.6765017967964755,-0.6484719176134285
1780435793.689388037,-0.04003497851700999,-1.5860284442594246,1.5866898683277415,-3.14434521285502,-1.4271632548562643,-0.020695324965557482,-0.03904205389664711,-1.4961643663104072,1.6559641972870218,-3.1552493381759428,-1.660844933572115,-0.6359055468855016
1780435793.739238739,-0.040746396095737936,-1.5870186465864773,1.5868489959515866,-3.1413721717044494,-1.42461424092643,-0.018478464696123353,-0.03923293670602746,-1.4978388061085814,1.6549291280707072,-3.145687070556134,-1.6721827284347248,-0.6359055468851044
1780435793.789298773,-0.04141307262178984,-1.588036247844042,1.5869825140966232,-3.1382145224555535,-1.422225371025803,-0.01607553528476302,-0.03923499808787574,-1.4973267036876718,1.653918614903589,-3.1547528215446587,-1.6861770080461236,-0.6359055468849742
1780435793.839405775,-0.04141307262178984,-1.588036247844042,1.5869825140966232,-3.1382145224555535,-1.422225371025803,-0.01607553528476302,-0.04029663387065651,-1.4990160533270949,1.6541928625367117,-3.153165735001852,-1.6855545022443885,-0.6359055468854564
1780435793.889220953,-0.04204722586363108,-1.5890812725355996,1.587094255619443,-3.1348871896979578,-1.4199528815742175,-0.01350634014431673,-0.040221954092114896,-1.5029679568645902,1.6567871650108346,-3.144982229775341,-1.6751217567322338,-0.6359055468851553
1780435793.939356804,-0.04241136576627369,-1.5896020667846935,1.5871647425705173,-3.1332852178124035,-1.4186479112155865,-0.013415634950944444,-0.03751015802382561,-1.5022714402664743,1.656347690402711,-3.1575475572652105,-1.6710370374279766,-0.6359055468852873
1780435793.989544868,-0.04249911954523533,-1.589783542771099,1.5871746614013202,-3.132674570399156,-1.4183334190593104,-0.014253832409960587,-0.03699894487239433,-1.5041802715737376,1.6555765723249565,-3.153265547000774,-1.6815597930765511,-0.635905546885914
1780435794.039242268,-0.04253178975512739,-1.589986857747026,1.5871616245084892,-3.131903671774711,-1.4182163346521532,-0.015147408102050619,-0.036811084743401126,-1.5066100004457814,1.654610137376374,-3.1422941364599137,-1.691213257592059,-0.6359055468852399
1780435794.089178085,-0.04253178975512739,-1.589986857747026,1.5871616245084892,-3.131903671774711,-1.4182163346521532,-0.015147408102050619,-0.03699656318368785,-1.5066379492358664,1.6542520553306101,-3.1508719529766323,-1.6912956281054397,-0.6359055468851887
1780435794.139322281,-0.04254981523602552,-1.5902359260054588,1.5871371915103605,-3.130929380732068,-1.4181517342342929,-0.01613182476047026,-0.0383121260239956,-1.5089483956137801,1.6548462637297081,-3.1479103454612107,-1.6807835834027103,-0.6359055468857697
1780435794.189218760,-0.0425560226519579,-1.5905155534132511,1.5871040184023535,-3.12981568782144,-1.4181294878235766,-0.01716631492253473,-0.03911833859711931,-1.5117574472056345,1.6547654821877071,-3.1374653529790257,-1.676836767097217,-0.6359055468852746
1780435794.239319801,-0.04255940334931019,-1.5908105115792015,1.587067134632116,-3.128635091358597,-1.4181173719244118,-0.01820137736124927,-0.03723351250272699,-1.5093445323702843,1.6523470836216292,-3.1489891845445803,-1.6988033784366876,-0.6484719176269393
1780435794.289255857,-0.04255940334931019,-1.5908105115792015,1.587067134632116,-3.128635091358597,-1.4181173719244118,-0.01820137736124927,-0.03831161933301237,-1.5128684331414197,1.6533999472461982,-3.139342912904662,-1.699940912112538,-0.6484719176268042
1780435794.339286327,-0.042560603276121434,-1.5911175302918839,1.587027084275616,-3.1274013169015324,-1.4181130715701435,-0.019225609839613078,-0.03959033435312823,-1.5145590503393223,1.65372711885284,-3.1420591290984943,-1.687018550142177,-0.6484719176261873
1780435794.389261723,-0.042567961507861796,-1.5914444672286372,1.5869857630367656,-3.1260934483130987,-1.4180867007786961,-0.02026194415361715,-0.039657735747584424,-1.514370880842164,1.6523673521793547,-3.149108131298144,-1.6800268919918981,-0.6484719176268467
1780435794.439195156,-0.04270948205082448,-1.5922809939654652,1.5869212595736748,-3.1229000163772938,-1.4175795079203866,-0.020650754728774423,-0.040414475503357354,-1.5129761366635517,1.6530564803519936,-3.1394944805226266,-1.6850595551371095,-0.648471917626815
1780435794.489286661,-0.04265005742739625,-1.5925350321051948,1.5868625495924782,-3.1217917319061517,-1.417792479798761,-0.0199629144126936,-0.04167425519186041,-1.5165198405255147,1.657820114588965,-3.13887009283001,-1.6899501591301416,-0.6484719176260287
1780435794.539294243,-0.04265005742739625,-1.5925350321051948,1.5868625495924782,-3.1217917319061517,-1.417792479798761,-0.0199629144126936,-0.041830631156524155,-1.5145764728522835,1.6541916932668193,-3.1512844977959094,-1.6764224328191255,-0.6484719176262492
1780435794.589308500,-0.042472877250435914,-1.5923666856290168,1.5868211337319016,-3.1222387574972723,-1.4184274665915417,-0.01761377517534779,-0.046232869608434236,-1.5139655141478956,1.6560240587371295,-3.141294415778994,-1.6691108667734251,-0.6484719176261196
1780435794.639157057,-0.04279343396506974,-1.5932720719058233,1.5868063622224775,-3.1189883437024006,-1.4172786300401397,-0.012667925365737354,-0.04827694270608387,-1.5114995888309881,1.6562434630490912,-3.1411232340879964,-1.6663553354164242,-0.648471917625732
1780435794.689151049,-0.043271120898682014,-1.59461126821064,1.5867747678559008,-3.1141586234949137,-1.4155665725501363,-0.00780014786309291,-0.04864954453221299,-1.5076270084180639,1.6547972508311612,-3.144154903110236,-1.6775970894535972,-0.6484719176264504
1780435794.739133835,-0.04368828658085899,-1.5959409827955255,1.5867086028941577,-3.109254846160285,-1.4140713400229838,-0.002816272094256611,-0.04918463321533831,-1.508665919662251,1.656060174120586,-3.134668675824545,-1.694252093586737,-0.6484719176262981
1780435794.789314508,-0.04368828658085899,-1.5959409827955255,1.5867086028941577,-3.109254846160285,-1.4140713400229838,-0.002816272094256611,-0.04777104937016231,-1.5097457011458104,1.6595286020115039,-3.144193091121541,-1.6785393873258563,-0.6610382883548543
1780435794.839356422,-0.04350759278810745,-1.5960069221143565,1.586628787361475,-3.108741220098827,-1.414719004677707,-0.002133353473445787,-0.04308286977002804,-1.511141783787278,1.6601599438935293,-3.1416298337459585,-1.673495205089973,-0.6610382883556832
1780435794.889179707,-0.042736309680435625,-1.5954502025920654,1.5864324063959263,-3.109997715761154,-1.417483359882219,-0.0032592116521454884,-0.04331606241616852,-1.514635399460917,1.6600309633304593,-3.1324923761850227,-1.675301962278634,-0.6484719176267999
1780435794.939203739,-0.041847975023588724,-1.5948840898445873,1.5861899828191488,-3.1111246796377667,-1.4206669147235003,-0.004428243662311537,-0.042819451924181025,-1.514691383269568,1.6581004685007603,-3.1333800877367057,-1.6846220309467161,-0.6484719176262225
1780435794.989225149,-0.04091318411648448,-1.5943232331472998,1.5859254073389502,-3.1121551365896845,-1.4240166127997904,-0.0056993086566912154,-0.041737360527334684,-1.5135582162203622,1.6560632408078493,-3.13912458760709,-1.7041976893142519,-0.6484719176269386
1780435795.039152384,-0.04091318411648448,-1.5943232331472998,1.5859254073389502,-3.1121551365896845,-1.4240166127997904,-0.0056993086566912154,-0.04299757976131398,-1.5167188116649077,1.6571685645916285,-3.1289304741329427,-1.7066614749192661,-0.648471917626783
1780435795.089148045,-0.03993541113593402,-1.5937709186729663,1.5856391644762615,-3.1130791115775107,-1.4275199919347195,-0.007084475444110616,-0.044434546435779064,-1.5177906837897668,1.6572280968018558,-3.1303423201477334,-1.6934977036112535,-0.6484719176261333
1780435795.139151573,-0.038910873882542774,-1.593231646689281,1.585328725842529,-3.113871671461549,-1.4311905991067686,-0.008640605836156112,-0.04446701222225816,-1.51695280962634,1.6558224301805022,-3.1357827043703326,-1.6865016728670856,-0.6484719176268798
1780435795.189182520,-0.0378437675009522,-1.5927342303467613,1.5849906851871136,-3.1144192919490545,-1.435013409314072,-0.010476256116819904,-0.04409556626347819,-1.5188462882630542,1.654967467365271,-3.1213246525197573,-1.691432152985159,-0.6484719176268965
1780435795.239192963,-0.03672989561853779,-1.5922727379699104,1.5846240274113668,-3.1147390531322197,-1.439003471506422,-0.012610521179664325,-0.04321234974714089,-1.5187003514110158,1.654169836258884,-3.1214699678123616,-1.6995265185226875,-0.6484719176262198
1780435795.289555550,-0.03672989561853779,-1.5922727379699104,1.5846240274113668,-3.1147390531322197,-1.439003471506422,-0.012610521179664325,-0.04433223894813791,-1.5196319461615726,1.6549850320849258,-3.1230677878246094,-1.6846204520182002,-0.6610382883557162
1780435795.339309931,-0.03555917509506301,-1.5918305056811413,1.5842269263447812,-3.1148829950613446,-1.443196928646195,-0.014984388180044661,-0.0445033122095186,-1.521398722859094,1.654879008515056,-3.1146567415239517,-1.6803403124419047,-0.6610382883552821
1780435795.389324188,-0.03433508140557784,-1.5913893743006602,1.5838030511396262,-3.114928008839604,-1.447581369266195,-0.017576856357265136,-0.04319563371298489,-1.5194956444712906,1.6531979408514688,-3.125453280165824,-1.6900629399351828,-0.6610382883553784
1780435795.439232588,-0.033056694613637916,-1.5909292266128627,1.5833545864366627,-3.114952610976631,-1.4521601451674364,-0.02044861571065848,-0.04216927826281289,-1.520279306907514,1.652363670670789,-3.1211514900498454,-1.7044223536754732,-0.6610382883560135
1780435795.489347696,-0.033056694613637916,-1.5909292266128627,1.5833545864366627,-3.114952610976631,-1.4521601451674364,-0.02044861571065848,-0.042452896054454604,-1.5230308462121567,1.652884320875727,-3.110790705106476,-1.7052556538993433,-0.6610382883552505
1780435795.539241076,-0.031726871179530214,-1.5904756212982933,1.582877811676902,-3.114853788988674,-1.4569231028448097,-0.023607519936289734,-0.04271818178255495,-1.5227226582041569,1.652794797985191,-3.120219125952327,-1.6919226621517824,-0.661038288355302
1780435795.589268923,-0.03048127821456692,-1.5896054479929385,1.5824972402378243,-3.116561836430445,-1.4613844196809591,-0.025559625631407457,-0.04566191314941579,-1.5301487041061845,1.6522201306759667,-3.113436355022377,-1.6896987068182976,-0.6610382883556573
1780435795.639296770,-0.029574159599151884,-1.5879149950294051,1.5823757521547452,-3.1220889193782884,-1.4646335034102176,-0.024873358768277676,-0.043239035986550385,-1.5322890012854824,1.64775536827021,-3.112620549827446,-1.7121359648718129,-0.6484719176135287
1780435795.689297199,-0.029574159599151884,-1.5879149950294051,1.5823757521547452,-3.1220889193782884,-1.4646335034102176,-0.024873358768277676,-0.042301822557260456,-1.5355854095959778,1.64712906408257,-3.1293413046425678,-1.715730045715486,-0.6484719176142371
1780435795.739377022,-0.028736100800907494,-1.5859952874197747,1.582294116370672,-3.1285935470921595,-1.4676353175512622,-0.0243946009552225,-0.042133683162184514,-1.539774613851499,1.6464145773382817,-3.122424888542133,-1.706953342675061,-0.6484719176139915
1780435795.789388180,-0.027831484221725766,-1.5841676447793542,1.5821485695682578,-3.1345703575081245,-1.4708756551416045,-0.02409803649606257,-0.04174858469475629,-1.5413706285064386,1.6453373320912983,-3.13044091079077,-1.6886233436879237,-0.6484719176135713
1780435795.839656353,-0.026919885440316982,-1.582226652802209,1.5819898662295773,-3.1409317812267723,-1.4741411624484204,-0.023830487126310196,-0.040712385777472465,-1.5421724821322664,1.6443480781396205,-3.142062187106889,-1.6839828035517124,-0.6484719176141132
1780435795.889259338,-0.025974931919019006,-1.5801963588591414,1.581800761572906,-3.147534679219042,-1.4775263553087594,-0.02373128154032944,-0.0391926833540958,-1.5445673251163807,1.6427655557099483,-3.135085523009136,-1.6917929200058706,-0.648471917614191
1780435795.939263821,-0.025974931919019006,-1.5801963588591414,1.581800761572906,-3.147534679219042,-1.4775263553087594,-0.02373128154032944,-0.03510527543354879,-1.543619428569479,1.6430291666399728,-3.1457589127037657,-1.7091992630238482,-0.6484719176137654
1780435795.989367485,-0.025060683932286665,-1.5783103054385865,1.5815861859047744,-3.153556791231807,-1.4808017787049463,-0.02546916070938199,-0.03262308570908143,-1.5424309062568762,1.6440594924399279,-3.1534427538904195,-1.7095333949893137,-0.6484719176143154
1780435796.039228678,-0.024183218313988064,-1.5765930729139734,1.5813527486597239,-3.158925529578804,-1.483945666751123,-0.02838872804023751,-0.03238451537209071,-1.5446539514731281,1.6447583795822827,-3.1420975184875988,-1.7028297018354486,-0.6484719176143016
1780435796.089282751,-0.02354953419486705,-1.5757789427325495,1.581146905567863,-3.161130241594993,-1.4862162696166523,-0.02846093274107009,-0.0388068839135304,-1.5386710632973477,1.6449459871682994,-3.1501280676338066,-1.7007764396678946,-0.6484719176131752
1780435796.139295578,-0.02337067140626381,-1.5762091730563608,1.5810460696981685,-3.159197565266881,-1.4868571934228845,-0.024930725992890146,-0.04094393211557803,-1.5325351632496433,1.6448252698262549,-3.154291664781105,-1.7128820484436011,-0.6484719176139372
1780435796.189128160,-0.02337067140626381,-1.5762091730563608,1.5810460696981685,-3.159197565266881,-1.4868571934228845,-0.024930725992890146,-0.041628208641906944,-1.5296586598229824,1.6450179720521547,-3.1450374087752464,-1.7271249784534795,-0.6484719176137289
1780435796.239337444,-0.023331905216915416,-1.5768638426816182,1.5809849410683556,-3.1565990906437005,-1.4869961069407278,-0.02077146426780807,-0.04316715033981209,-1.5277503088466284,1.6470387745129373,-3.151747656183752,-1.717447412850869,-0.6359055468846274
1780435796.289455175,-0.023548042752027598,-1.5775631531166123,1.5810222457125171,-3.1542030471688367,-1.4862216138939441,-0.017209873005490373,-0.04120121842860566,-1.5266618315264031,1.6482332514564544,-3.148885947280328,-1.7136903352664905,-0.6359055468854731
1780435796.339263916,-0.024683425005064485,-1.5768038609761055,1.5815420819899888,-3.1588530156930057,-1.4821534359583897,-0.011916150167436967,-0.038961625733537196,-1.5344457588310263,1.6492156511284268,-3.1445759234117885,-1.7273461200286788,-0.6359055468855144
1780435796.389275789,-0.024683425005064485,-1.5768038609761055,1.5815420819899888,-3.1588530156930057,-1.4821534359583897,-0.011916150167436967,-0.033339953326381414,-1.532541506412631,1.6476244184801354,-3.157079871073014,-1.7248502637466967,-0.6359055468847215
1780435796.439305067,-0.0250263723691333,-1.5752735804261357,1.5817727551641687,-3.1652678583101492,-1.4809247095902336,-0.011467549465643323,-0.032986958117129,-1.5318061796513218,1.647191332267123,-3.1685188657318526,-1.7254945910940878,-0.635905546885383
1780435796.489258766,-0.02510054536987294,-1.573722088633093,1.5818759778877842,-3.171321811430329,-1.4806589642809724,-0.010685386331435787,-0.034791027750653444,-1.5345361240345738,1.6481787893716622,-3.1588046418468307,-1.7193322575613204,-0.6359055468852983
1780435796.539279222,-0.025067723688511734,-1.5722173305434115,1.5819164648575184,-3.1770001324915897,-1.4807765568310671,-0.009689300675378654,-0.03564440150017847,-1.533424111180298,1.6471372708119776,-3.162176329720877,-1.7142195647512664,-0.6359055468845471
1780435796.589151382,-0.02497080377388361,-1.5707712650313423,1.5819138382979512,-3.182326936016259,-1.481123800585527,-0.008500236790117022,-0.034967963505714524,-1.530242305893239,1.6448835035088278,-3.1695865434817603,-1.7227576688448782,-0.6359055468853837
1780435796.639434814,-0.02497080377388361,-1.5707712650313423,1.5819138382979512,-3.182326936016259,-1.481123800585527,-0.008500236790117022,-0.03523245124190897,-1.5311235414066555,1.6452707718753001,-3.1574668049973824,-1.7332137035497102,-0.6359055468852848
1780435796.689449787,-0.024843183799550417,-1.5693694411672832,1.5818838695111699,-3.1874105922033307,-1.4815810407156036,-0.0070764922374229045,-0.036845319178200005,-1.529863577943475,1.6457719344616943,-3.1659927481594434,-1.7125519598171546,-0.6484719176260558
1780435796.739294291,-0.024178199659679933,-1.5682808263405796,1.581634634602233,-3.1905263754901165,-1.4839636489214953,-0.008053614091426908,-0.03457691479204905,-1.5211227962600598,1.6454419535038054,-3.1669007929147805,-1.7053023631218371,-0.648471917627233
1780435796.789275408,-0.022587839457860248,-1.5678497979873676,1.5810210153086337,-3.1898341446603222,-1.4896624824346656,-0.012567388868576224,-0.03586033110287057,-1.5160940788313857,1.6491160833500254,-3.1550962076639184,-1.707779237626351,-0.6484719176267989
1780435796.839328051,-0.022587839457860248,-1.5678497979873676,1.5810210153086337,-3.1898341446603222,-1.4896624824346656,-0.012567388868576224,-0.03539582803511213,-1.5110081374306938,1.6500792798683168,-3.1613883193411016,-1.7303449032362845,-0.6736046590963185
1780435796.889512300,-0.021098416827737054,-1.5671769296150106,1.5804392168580697,-3.1901638008332274,-1.4950005650894704,-0.016686200015765706,-0.03668786645061718,-1.5086896095687843,1.6510553921830575,-3.164607778370822,-1.723442295288562,-0.6736046590971361
1780435796.939398766,-0.019687426041054223,-1.566550729964443,1.5798808690865498,-3.1904096870340304,-1.5000585202672205,-0.02050538313228767,-0.03813396121945654,-1.508187493081408,1.652015348764554,-3.157162700497156,-1.7209716914723507,-0.6736046590968094
1780435796.989564180,-0.018336840215702033,-1.566136866224907,1.5793395734456928,-3.18993030163921,-1.5049009396773947,-0.024077747771092284,-0.037744656311878455,-1.5046308275246192,1.6503228637543546,-3.164403578780829,-1.7328708424813477,-0.6736046590963998
1780435797.039558411,-0.018336840215702033,-1.566136866224907,1.5793395734456928,-3.18993030163921,-1.5049009396773947,-0.024077747771092284,-0.04171460764165584,-1.4958083866132528,1.6498315030636372,-3.16881403208244,-1.7460717616109558,-0.6736046590965314
1780435797.089455128,-0.017734645459533738,-1.567402898109627,1.579084230323375,-3.1842747270337552,-1.507060403742054,-0.023658178576690503,-0.04500748692967435,-1.494969734536923,1.653077344282362,-3.149689426884983,-1.73051392426803,-0.6610382883546049
1780435797.139318705,-0.017694621422917223,-1.5695422134399761,1.5790207216611658,-3.176133685672643,-1.5072039373527808,-0.021906456979882805,-0.045611534888689555,-1.488261556234014,1.6527371573368805,-3.1577379431088737,-1.7258547146665997,-0.6610382883551792
1780435797.189379692,-0.01778175499870649,-1.572001355983324,1.5789595634908815,-3.1668841276953517,-1.5068914614737912,-0.020318476026307764,-0.04561834204472639,-1.4856781401829293,1.6525272519079275,-3.144979473269399,-1.735163797284763,-0.6610382883554761
1780435797.239298105,-0.017955371666655395,-1.5748272592793011,1.5788630078736647,-3.156241745528612,-1.5062688563686137,-0.018829943119681225,-0.04551438025953871,-1.4828056977974473,1.652439194472884,-3.1436489924098807,-1.7463080818589778,-0.6610382883547893
1780435797.289274693,-0.017955371666655395,-1.5748272592793011,1.5788630078736647,-3.156241745528612,-1.5062688563686137,-0.018829943119681225,-0.045300242490051934,-1.4798732193804245,1.6529185977923904,-3.1529305899107674,-1.7463045477103072,-0.6610382883554173
1780435797.339226246,-0.018286382683568192,-1.5777606044429184,1.578762803249378,-3.145286092728324,-1.5050818714856593,-0.01822512926990516,-0.0421429374899854,-1.4831750596545845,1.655250792444169,-3.141678990682041,-1.7340988554398127,-0.6610382883556387
1780435797.389270544,-0.01887653962928404,-1.5800966737035296,1.5787802777199778,-3.1369753882278437,-1.502965766022431,-0.019340850384407027,-0.04080982535249388,-1.4852592649650784,1.6549367819504925,-3.142456107523453,-1.7316424718125485,-0.6610382883547765
1780435797.439432144,-0.019604239227025033,-1.5823026075227844,1.578836517368074,-3.129317038521503,-1.500356750771295,-0.020073633530950374,-0.038435979919374405,-1.4849499301203748,1.6515889820773206,-3.1485708243689214,-1.7431425215875034,-0.6610382883559064
1780435797.489587784,-0.020499019761167858,-1.5845146752228887,1.5789323366981842,-3.1218210785744525,-1.4971490911268637,-0.020651243046753365,-0.037230090230730456,-1.4886547936258898,1.6511552118251418,-3.1405352220530207,-1.7601623866361786,-0.661038288355866
1780435797.539260387,-0.020499019761167858,-1.5845146752228887,1.5789323366981842,-3.1218210785744525,-1.4971490911268637,-0.020651243046753365,-0.03698599781364013,-1.4910665691363851,1.6506558605337893,-3.1451528980012173,-1.756201621227798,-0.6610382883547665
1780435797.589170694,-0.021569404285163074,-1.5867714942164488,1.579065838500625,-3.114342090348764,-1.4933124410126561,-0.021100941957256758,-0.036808905903300194,-1.4924801341248477,1.649618281737558,-3.1544539302329477,-1.7419232239612756,-0.6610382883556233
1780435797.639208555,-0.022744549294892558,-1.5889802975020517,1.579219860751824,-3.1071431286265425,-1.4891008909537335,-0.021775317320014587,-0.03476975266494102,-1.4978617058596138,1.6517737944133215,-3.1453002736004674,-1.7332407873180464,-0.6610382883559628
1780435797.689149857,-0.023323056872742498,-1.5900932857445742,1.579278227635627,-3.103461544175623,-1.4870278138934454,-0.025293969627637303,-0.032263788825607556,-1.4987858849282993,1.648897441023176,-3.1514113354683957,-1.73248651412619,-0.6610382883549438
1780435797.739568710,-0.02407399793217113,-1.5902426135076082,1.5795916816473343,-3.104045223361163,-1.4843370125834312,-0.02597952796447256,-0.03206885451131893,-1.5039618243540325,1.6465530753897613,-3.1613557733921778,-1.750323265054389,-0.6610382883558259
1780435797.789316416,-0.02407399793217113,-1.5902426135076082,1.5795916816473343,-3.104045223361163,-1.4843370125834312,-0.02597952796447256,-0.034274479872680556,-1.5112994167586375,1.6462314836120824,-3.1525517483563683,-1.7276561536133048,-0.6484719176264253
1780435797.839272738,-0.02493568534013413,-1.589947056670458,1.5800344391699916,-3.1066394230948298,-1.4812496233020065,-0.025668868857864346,-0.033403828764387355,-1.5146586121555137,1.642870023806072,-3.168126452622779,-1.7195266161839562,-0.6484719176265361
1780435797.889237881,-0.025792358386042658,-1.5895406707542827,1.5804880578594815,-3.1096645450467904,-1.4781804318337528,-0.024809788125065957,-0.03221956652267096,-1.517615143114936,1.6405369305122766,-3.167962403370791,-1.7225732247967032,-0.6484719176271853
1780435797.939257622,-0.02650813107309169,-1.5892532389479523,1.5808523941087607,-3.111961939439159,-1.4756162000857627,-0.02415537032980275,-0.03157700354107372,-1.520715815927261,1.639755632533597,-3.16096103464587,-1.727543103132535,-0.6484719176263634
1780435797.989281893,-0.02650813107309169,-1.5892532389479523,1.5808523941087607,-3.111961939439159,-1.4756162000857627,-0.02415537032980275,-0.03135952110482163,-1.5204945947496746,1.6391870142818636,-3.1743102987896883,-1.7239097631898148,-0.6484719176262979
1780435798.039278984,-0.027099152847752883,-1.589023760481254,1.581148370908232,-3.113816760899828,-1.4734989808834182,-0.023697475084001773,-0.03237448842274841,-1.5225970541680658,1.6395198787069345,-3.17271017926371,-1.7099000559989117,-0.6484719176270132
1780435798.089154959,-0.027606680331373035,-1.5888292588403932,1.5813996179382732,-3.1153920664542047,-1.4716809261541597,-0.023323994937519466,-0.03280240385155392,-1.5251598895148275,1.6398789653877324,-3.163843032541197,-1.7056272282450087,-0.6484719176263164
1780435798.139227152,-0.02806486806532238,-1.5885541866569692,1.5816402072566924,-3.117214813445456,-1.4700396601279149,-0.02277204498273644,-0.03197541104091408,-1.524473621657961,1.6378533817780168,-3.1727619669521157,-1.7156019980148012,-0.6484719176262413
1780435798.189442396,-0.02806486806532238,-1.5885541866569692,1.5816402072566924,-3.117214813445456,-1.4700396601279149,-0.02277204498273644,-0.03176201038725162,-1.5271557212959355,1.6377217105960131,-3.1611739630299382,-1.7277562917706752,-0.6610382883678759
1780435798.239311695,-0.02851826654688505,-1.5881216541242917,1.5819002626379086,-3.1196643409070486,-1.4684155873631042,-0.021763060843728255,-0.03266366847509914,-1.5287195610639142,1.6384623872785182,-3.1623912509113143,-1.7164165080753349,-0.6610382883670859
1780435798.289569378,-0.028923180683761984,-1.587717458791552,1.5821317457276975,-3.121916018505311,-1.4669652139971738,-0.020809663806195644,-0.032797130236161286,-1.5287990094804806,1.6371191332679806,-3.168068743615345,-1.7096773283849034,-0.6610382883678413
1780435798.339283228,-0.029332541534177636,-1.5872053286711667,1.5823770105336121,-3.1246023976075477,-1.4654989372234732,-0.01961670044506114,-0.03208642295050171,-1.530933331869333,1.6360794615884406,-3.1555188401191665,-1.7151860486639916,-0.6610382883679503
1780435798.389285803,-0.029748262816663207,-1.5866813820282255,1.5826219570968907,-3.127334650317014,-1.4640099003582145,-0.0183327162912601,-0.031537989031488176,-1.5322885816650444,1.6361239397273477,-3.1565541948693,-1.7232527165739446,-0.6610382883670454
1780435798.439401865,-0.029748262816663207,-1.5866813820282255,1.5826219570968907,-3.127334650317014,-1.4640099003582145,-0.0183327162912601,-0.03175728799538343,-1.5336689787133686,1.634930276335958,-3.163837935343204,-1.7172076373991918,-0.6610382883677542
1780435798.489295006,-0.030441588974525757,-1.5859501972924068,1.5830021085014923,-3.1312942137384394,-1.4615265755072837,-0.016130833357216545,-0.03260122410853963,-1.537882997569798,1.6359102280226547,-3.153627123248732,-1.7060157550865214,-0.6610382883677454
1780435798.539254904,-0.031147079799969113,-1.585241129537609,1.5833742934580706,-3.1351576821038707,-1.4589997203296479,-0.013933760455557831,-0.031625550802418946,-1.5366383806366652,1.6340021855044156,-3.16488155498085,-1.7084429558020986,-0.6736046590961378
1780435798.589334488,-0.031850556827752285,-1.584519671977481,1.5837371445936006,-3.1390428185399175,-1.456480103998893,-0.011654027594833138,-0.030735822893569485,-1.5376151474399409,1.6330587908063943,-3.1637021570883803,-1.7198938383307338,-0.6736046590969504
1780435798.639302492,-0.031850556827752285,-1.584519671977481,1.5837371445936006,-3.1390428185399175,-1.456480103998893,-0.011654027594833138,-0.03156835069839829,-1.5408300226128135,1.6344950572626629,-3.1564501909094447,-1.7174633464722027,-0.6736046590960756
1780435798.689325094,-0.03252521424607835,-1.583822278641887,1.5840763256923742,-3.1427672772998507,-1.4540637204980618,-0.009392200087889435,-0.03246242681160826,-1.540864233176924,1.6340297075215926,-3.1691471239698976,-1.6976285614783784,-0.673604659096064
1780435798.739274979,-0.03325715959957343,-1.5831038479280268,1.5844304097038953,-3.1466322174477943,-1.4514421485130402,-0.006961913200500547,-0.03233949500811267,-1.541907434522483,1.633234450725059,-3.1679139665987472,-1.6905382845016312,-0.6736046590967292
1780435798.789372921,-0.033987589828837095,-1.5824250259373693,1.5847705380698123,-3.1503151225684496,-1.4488259834892645,-0.004509044277440033,-0.029658967780068005,-1.540662037993469,1.6330759361222726,-3.1632803521613133,-1.6962215112850247,-0.6736046590968633
1780435798.839275122,-0.03390425291796273,-1.5825320035466417,1.5847296543587177,-3.149780389231009,-1.4491244708910536,-0.010678286439967266,-0.02377974861578327,-1.5341418519633239,1.6359888895597965,-3.165443909863331,-1.6986041431981411,-0.6736046590964921
1780435798.889314651,-0.03390425291796273,-1.5825320035466417,1.5847296543587177,-3.149780389231009,-1.4491244708910536,-0.010678286439967266,-0.024588014946264287,-1.5322980825705717,1.638297437625352,-3.1642811850554784,-1.6946679264547353,-0.6610382883560462
1780435798.939298153,-0.03384372177095951,-1.5830377696648528,1.5846617522833661,-3.147711693911969,-1.449341274719587,-0.015658281790154938,-0.032572494645775885,-1.5256739227812952,1.6401846608298443,-3.160036599394164,-1.6756771942289657,-0.6610382883548745
1780435798.989136219,-0.03452135523706712,-1.585070642501023,1.5847222448253588,-3.1406357114749794,-1.4469141863371933,-0.015482251628820443,-0.03735812548317951,-1.5176369672343677,1.6424823692543515,-3.160747105901932,-1.6665758690322086,-0.673604659096304
1780435799.039212465,-0.03530070259092355,-1.5870756386973692,1.5847968058926831,-3.133745946635857,-1.4441227358101871,-0.015518884709544878,-0.03775186042742499,-1.5153459136566276,1.644529748152745,-3.148096552950089,-1.6598112338224686,-0.6736046590968265
1780435799.089218855,-0.03600152252551503,-1.5885274931892104,1.5848866225561924,-3.128906541740856,-1.441612489630538,-0.017218588174765515,-0.036310051660125596,-1.5140491565084275,1.6449576489794044,-3.141216373700123,-1.6654859074650579,-0.6736046590965551
1780435799.139407635,-0.03600152252551503,-1.5885274931892104,1.5848866225561924,-3.128906541740856,-1.441612489630538,-0.017218588174765515,-0.03600099708477883,-1.512473409335536,1.645132607544072,-3.1512079917814306,-1.6770083058722174,-0.6610382883555164
1780435799.189310551,-0.03673298466919839,-1.5898290537172892,1.5849952366866595,-3.1246824360112577,-1.4389924063907369,-0.018476776681285223,-0.03765479873435655,-1.5153893146534152,1.645800564981101,-3.1381834321855115,-1.6658128495564297,-0.6610382883554443
1780435799.239287376,-0.03753032625112862,-1.5911011719772707,1.5851225288933835,-3.1206409614264508,-1.4361362311488124,-0.01956379318495216,-0.038205123815037274,-1.5158115094100557,1.6453406799602754,-3.1410802026449134,-1.6609645260943364,-0.6610382883550571
1780435799.289431810,-0.03839014310927347,-1.592360673872637,1.585265255088426,-3.1167095895703434,-1.4330561053693245,-0.020464979196606947,-0.037405227503198496,-1.5147692441225225,1.6433888609024814,-3.1485716923049747,-1.6697373850622645,-0.6610382883555498
1780435799.339345932,-0.03839014310927347,-1.592360673872637,1.585265255088426,-3.1167095895703434,-1.4330561053693245,-0.020464979196606947,-0.03911905119399453,-1.5251839466999568,1.6435517681329552,-3.1321063079122973,-1.6825287026350115,-0.661038288355223
1780435799.389574766,-0.03981134664546104,-1.5921498113157782,1.5858481459767195,-3.119529434131919,-1.4279644945379726,-0.017466560548450083,-0.04044773276291812,-1.5300266139118586,1.6402352422039193,-3.1384525267241483,-1.6691772743603985,-0.6610382883546098
1780435799.439278364,-0.04134376875667378,-1.5916539789860753,1.5865017819805376,-3.1236169348530094,-1.4224737119833906,-0.01339159447995808,-0.04040806137067823,-1.5340977262445907,1.637997106048209,-3.1544534674703506,-1.649645887554751,-0.6610382883550783
1780435799.489324331,-0.042896456645567405,-1.591020913249956,1.587162943628033,-3.1282324120225478,-1.4169093995613276,-0.010714043234938408,-0.03721610846972521,-1.5361917948356947,1.638681311582645,-3.156208045430466,-1.643109414282819,-0.6610382883552915
1780435799.539209127,-0.044395200190625594,-1.5907483234147497,1.5877398195169223,-3.131278076911386,-1.411537380310424,-0.009496276529778136,-0.035107993256708984,-1.5367842289341214,1.6379477574523957,-3.153791145057991,-1.6485949278325294,-0.6610382883550282
1780435799.589403868,-0.044395200190625594,-1.5907483234147497,1.5877398195169223,-3.131278076911386,-1.411537380310424,-0.009496276529778136,-0.034572598094467694,-1.5362680894346035,1.6373460796569215,-3.1635316610935824,-1.663177027452479,-0.6610382883550315
1780435799.639409304,-0.045835137126911896,-1.590450673376412,1.5882855757308751,-3.134309297589121,-1.4063750587145059,-0.00803853093294471,-0.036470146619576614,-1.5391590032705338,1.6386248123929656,-3.1548316381847283,-1.6498594861265874,-0.6484719176265145
1780435799.689386129,-0.045835137126911896,-1.590450673376412,1.5882855757308751,-3.134309297589121,-1.4063750587145059,-0.00803853093294471,-0.03537888745185371,-1.5372522925920462,1.6369207324680901,-3.166055495927713,-1.6639633120527981,-0.673604659096467
1780435799.739295483,-0.04725106503043719,-1.5901201786931978,1.5888139117727988,-3.137403589858731,-1.4012976469080947,-0.006374207557233724,-0.03656429006000486,-1.5402294023084622,1.6374610483521592,-3.154457530028901,-1.6606195303361406,-0.6736046590963721
1780435799.789302588,-0.0486856855757436,-1.5897795923775888,1.5893367556166416,-3.140523462025996,-1.3961518988656003,-0.004457473600646189,-0.037963387074877085,-1.5415626045796342,1.637861821987495,-3.1560515017922235,-1.6466650688949729,-0.6736046590959799
1780435799.839299202,-0.050174166439179935,-1.5894381920287008,1.5898642255503554,-3.143673052064404,-1.3908114355254941,-0.002265934510106149,-0.038599130980595114,-1.5413718195689174,1.6370735334614546,-3.1626585929077886,-1.640154803241812,-0.6736046590963645
1780435799.889197350,-0.05128549645108116,-1.589173566786128,1.590249908582258,-3.1460366473357286,-1.3868230376343451,-0.002968826381698264,-0.03495173728129693,-1.5398247070224365,1.6383161855280626,-3.1544598551652894,-1.645559073548322,-0.6736046590967996
1780435799.939142227,-0.05128549645108116,-1.589173566786128,1.590249908582258,-3.1460366473357286,-1.3868230376343451,-0.002968826381698264,-0.034414192289843076,-1.5379705411958113,1.6394314367361067,-3.1546913324004056,-1.6532538550763265,-0.6736046590964141
1780435799.989161015,-0.05184982171734731,-1.5888762004179462,1.5904569509227215,-3.1478680292293015,-1.3847973763895647,-0.005469309391966881,-0.03597250174910986,-1.5365076706960963,1.6399765452311614,-3.161246563761313,-1.6498262271106718,-0.6736046590967439
1780435800.039407492,-0.05224641631516924,-1.5885161824918645,1.5906131015723113,-3.149741650543562,-1.3833736292979975,-0.007834858795062516,-0.03836305850373079,-1.5383480014599096,1.6409509297049076,-3.14824226019691,-1.6362450424377248,-0.6736046590967147
1780435800.089409113,-0.05253911222561136,-1.5881226140480855,1.5907367474716876,-3.1516199309831734,-1.3823227848437707,-0.010128879311119832,-0.038504469818813655,-1.5364699278707992,1.639909876729346,-3.157782896275265,-1.6388307201470416,-0.6610382883554146
1780435800.139346361,-0.05253911222561136,-1.5881226140480855,1.5907367474716876,-3.1516199309831734,-1.3823227848437707,-0.010128879311119832,-0.0388279610964368,-1.536758220832521,1.6395101605732847,-3.154379571042554,-1.6488709419423346,-0.6610382883557325
1780435800.189275742,-0.052740629538424955,-1.5876805491063042,1.590833308884828,-3.1535768918297027,-1.3815992488288575,-0.01237633439273722,-0.04015461337896088,-1.5388081863711376,1.6401632630469103,-3.144924884792403,-1.6453674969612082,-0.6610382883553167
1780435800.239260197,-0.05288145931663557,-1.5872332695912634,1.5909091912970519,-3.155479412603875,-1.3810935866219545,-0.014580843895282136,-0.041734943717910734,-1.5386352459059705,1.6404919069716684,-3.154643842351391,-1.6287344823042404,-0.6610382883553656
1780435800.289291859,-0.05297718882032498,-1.5867413116964526,1.5909720791510291,-3.1574990776066842,-1.3807498510457359,-0.01679928886180182,-0.04249660840254733,-1.5394204168746768,1.639901899350532,-3.150577539916103,-1.622419551449437,-0.6610382883556597
1780435800.339288712,-0.05303622548682263,-1.5862404428099683,1.5910220378297437,-3.1595064297360347,-1.3805378642370103,-0.019032336890827395,-0.04224966848913548,-1.540686470389133,1.6390331473437567,-3.1418474328468107,-1.6287376015981159,-0.6610382883554211
1780435800.389367819,-0.05303622548682263,-1.5862404428099683,1.5910220378297437,-3.1595064297360347,-1.3805378642370103,-0.019032336890827395,-0.0418219542203982,-1.5397651495021636,1.6382870470090167,-3.1525553448998798,-1.6381710721643887,-0.6610382883553683
1780435800.439687252,-0.05305689467273922,-1.5857112480722293,1.5910597502641917,-3.1615746847914314,-1.3804636453074997,-0.02128608098773732,-0.04252934657210449,-1.5413132670380953,1.638512076608699,-3.1490840884159526,-1.6369593304369239,-0.6610382883556186
1780435800.489316225,-0.05302123389202773,-1.5851566006433542,1.5910794463040705,-3.163672042700986,-1.3805916958288424,-0.02355695153203463,-0.04404666636404353,-1.5437976961639874,1.639003207429524,-3.1420439673562974,-1.6231078563962795,-0.6610382883553871
1780435800.539299011,-0.05294050350294732,-1.5846042487674108,1.591083090686331,-3.165704423015704,-1.3808815778425005,-0.02582754399213094,-0.04452389564357122,-1.5433225669044477,1.6383895475164398,-3.153456060371249,-1.6176845937037085,-0.6610382883554353
1780435800.589275599,-0.05284084978812942,-1.5840159513009313,1.5910804542959658,-3.1678482080182384,-1.3812394006494042,-0.028248894959816084,-0.043934480626296735,-1.5439952641335282,1.6370538422325713,-3.1500786286660083,-1.625642935438746,-0.6610382883557054
1780435800.640005112,-0.05284084978812942,-1.5840159513009313,1.5910804542959658,-3.1678482080182384,-1.3812394006494042,-0.028248894959816084,-0.04409607836873577,-1.5463211216196209,1.636670423908131,-3.143296567806569,-1.6236868267128386,-0.6736046590968133
1780435800.689333916,-0.052724008495205865,-1.5833822694589648,1.5910720439847132,-3.1701405116413373,-1.3816589270511814,-0.030798996747848584,-0.043562032774715057,-1.5457789345284647,1.6362353333484356,-3.1534394286594187,-1.6353977426723165,-0.6610382883554036
1780435800.739517450,-0.05258057445721498,-1.5827366700340928,1.591053328428523,-3.1724419921870375,-1.382173920052531,-0.0334351692329351,-0.04586839801870423,-1.5468926389528095,1.6366008921272295,-3.1520936200697567,-1.622882282030324,-0.6610382883551958
1780435800.789269924,-0.052693953444213903,-1.5833370042111152,1.5910648314259386,-3.170279548324963,-1.3817668397578569,-0.031879041504423,-0.053191816068690397,-1.5425440311514338,1.6373111498082231,-3.1456388437627516,-1.6152394221849755,-0.6610382883548611
1780435800.839311838,-0.05324539924186489,-1.5848497982929715,1.591162971737816,-3.1651054186614065,-1.3797867452635346,-0.027865174354444022,-0.055103328665849695,-1.5357828619827698,1.6364815976957081,-3.1543516449985223,-1.618978998292524,-0.6610382883548357
1780435800.889401436,-0.05324539924186489,-1.5848497982929715,1.591162971737816,-3.1651054186614065,-1.3797867452635346,-0.027865174354444022,-0.05499732177044732,-1.5274065329500175,1.6376547533867312,-3.1528835466306333,-1.626797181341189,-0.6610382883557105
1780435800.939308167,-0.05309580651523049,-1.5874962069460414,1.5909569315476577,-3.1547023333971147,-1.380323919594761,-0.02745906052915803,-0.05812563004735067,-1.5188427388159589,1.6434555278948721,-3.1347058747878993,-1.6145838623739106,-0.6610382883553483
1780435800.989253998,-0.05181399773750339,-1.5909181176118308,1.5902518253913471,-3.1397745742199272,-1.3849259754377883,-0.03063920098656414,-0.0626003878712866,-1.511860746144146,1.647085863281523,-3.1358115491525864,-1.5924770494952065,-0.661038288355511
1780435801.039284706,-0.04994758174083902,-1.5921904552040056,1.5894923566589259,-3.1324687080233513,-1.3916244960732813,-0.031100464275040984,-0.06884131070351983,-1.5201914535444923,1.654142188950846,-3.1217800923372345,-1.5859279588294029,-0.6610382883551625
1780435801.089184523,-0.047940328608414795,-1.5921058169151348,1.588817574039019,-3.1303334278490356,-1.3988255437006085,-0.03044710634629677,-0.06746706710007148,-1.5204830689981632,1.6503096190030875,-3.123563512222784,-1.5893282827635584,-0.6610382883551172
1780435801.139207363,-0.047940328608414795,-1.5921058169151348,1.588817574039019,-3.1303334278490356,-1.3988255437006085,-0.03044710634629677,-0.06691456494289408,-1.5221363413644173,1.648991300102973,-3.1313780429765115,-1.5915609673931337,-0.6610382883551912
1780435801.189211130,-0.04576579600760233,-1.5916101349547027,1.5881192068805217,-3.129579646279969,-1.406623680096768,-0.029976228211279654,-0.06623177148143626,-1.5266718483373598,1.6480550413177715,-3.1218707393128367,-1.5907154091233238,-0.6610382883551361
1780435801.239559650,-0.04345746826801111,-1.5907344408686708,1.5874040489087922,-3.1301176525298433,-1.4148986643132764,-0.029667071453387095,-0.06681213644475018,-1.5278629236950092,1.6473221545371082,-3.133907352481143,-1.5707180672899086,-0.6484719176264572
1780435801.289340019,-0.04110834812407749,-1.5897293213714656,1.5866714636752133,-3.1310538730349835,-1.4233172961202687,-0.02897137249130921,-0.06675550645279976,-1.5298379275993241,1.6461572501970492,-3.1358409697558303,-1.5664466909751653,-0.6484719176261337
1780435801.339232683,-0.04110834812407749,-1.5897293213714656,1.5866714636752133,-3.1310538730349835,-1.4233172961202687,-0.02897137249130921,-0.06942519420543279,-1.5238043737747882,1.6462741713883022,-3.1328514424039264,-1.5746263904123596,-0.6484719176261623
1780435801.389257431,-0.03964668103151325,-1.5908546881268668,1.585973964590927,-3.12455600819003,-1.4285544567631359,-0.024133871720663613,-0.06877670819342256,-1.517560252300692,1.6460120569572103,-3.1417837168732485,-1.5936417996059908,-0.6484719176261547
1780435801.439173698,-0.038356121059566206,-1.5922734991362733,1.5852656871069875,-3.1170180702677865,-1.4331779861197234,-0.019715895513943593,-0.06985315695668506,-1.5187690756956034,1.6486954087107197,-3.1277225865659344,-1.6011260549889628,-0.6484719176260949
1780435801.489197969,-0.03698343066795662,-1.593369229168065,1.5845420584914967,-3.1105989522068413,-1.4380952918044319,-0.015870683219475268,-0.06929373472355545,-1.5184594591002902,1.6492941490030844,-3.1270976089068325,-1.588363337888363,-0.6484719176261542
1780435801.539156914,-0.03535321610858233,-1.5938645568361949,1.5837929518716285,-3.106216318942459,-1.443934641482758,-0.014198731459959646,-0.06602067410232938,-1.5188453514537228,1.6506245754465292,-3.133094416308984,-1.5846770875010494,-0.6484719176266286
1780435801.589319706,-0.03535321610858233,-1.5938645568361949,1.5837929518716285,-3.106216318942459,-1.443934641482758,-0.014198731459959646,-0.061315996309337845,-1.520574127432897,1.6492342218036748,-3.1252143810997386,-1.5926070768919662,-0.6484719176267162
1780435801.639286280,-0.033036440600950456,-1.5933254576129174,1.5829299193235495,-3.105054418294722,-1.4522326880079,-0.01565449017315057,-0.059351375855198146,-1.5209792567087392,1.6487770150526893,-3.133549601407428,-1.6090100483724412,-0.6610382883678007
1780435801.689320326,-0.030679424055024995,-1.5926940801065372,1.582046712458535,-3.104144313312418,-1.4606747182023216,-0.017246247782991553,-0.05833456029008408,-1.5231101952537944,1.6474185351366428,-3.1296128972216803,-1.6023565600141985,-0.6610382883679449
1780435801.739321232,-0.02834577961485074,-1.5920797121592534,1.5811499474111066,-3.103127604377962,-1.4690334311511428,-0.019263222611749065,-0.05765998889798545,-1.5263473389953353,1.6468225384008013,-3.1187303971073503,-1.588052887507134,-0.6610382883678713
1780435801.789461374,-0.02834577961485074,-1.5920797121592534,1.5811499474111066,-3.103127604377962,-1.4690334311511428,-0.019263222611749065,-0.055798290284728956,-1.525951116587816,1.6454595534675398,-3.128236607696994,-1.5851225385242071,-0.6610382883679712
1780435801.839356422,-0.02600902069171962,-1.5914889425814724,1.5802269211751991,-3.1019367858614695,-1.4774042320105139,-0.021757791301821428,-0.05354917885090291,-1.5269046656008278,1.6437927169811832,-3.124014547731414,-1.5962867492233999,-0.6610382883681902
1780435801.889377832,-0.02364449417781067,-1.5909124110977118,1.5792677850094072,-3.1005701104312826,-1.4858760018375783,-0.024716511216952952,-0.05139784368701106,-1.5288288910460572,1.6426015833688985,-3.1134551866739995,-1.6127245900567067,-0.6610382883680098
1780435801.939271212,-0.02125009718747517,-1.590353307452105,1.5782698527116656,-3.099007342507689,-1.4944568975393846,-0.028178739764696203,-0.05039149810106393,-1.529972583070375,1.6424874303287333,-3.122419594538419,-1.619020464286277,-0.6610382883674535
1780435801.989194632,-0.02000105013131126,-1.5884083102699407,1.5780590820017857,-3.10504512398841,-1.4989341892427914,-0.026114825996888413,-0.05127398987672207,-1.5382997236789935,1.6388039935978638,-3.1196429582668945,-1.620636220352795,-0.6610382883676345
1780435802.039561749,-0.02000105013131126,-1.5884083102699407,1.5780590820017857,-3.10504512398841,-1.4989341892427914,-0.026114825996888413,-0.049772000130847344,-1.5456161677064042,1.6365428056429345,-3.119122666301085,-1.6133648339712234,-0.6610382883674307
1780435802.089331865,-0.019131487504197686,-1.5860681387265796,1.5780648969035276,-3.113263685574475,-1.5020516700579662,-0.023697075983129423,-0.04740051838692541,-1.5473134978895375,1.6333747298530978,-3.1384463821682904,-1.6107180247811572,-0.6610382883675412
1780435802.139289618,-0.018247375666001098,-1.5838722398226217,1.5780024073723764,-3.120777164236225,-1.5052217448056826,-0.02140160240445166,-0.04544864076745092,-1.5501416911319765,1.6320092828583954,-3.1372772999538783,-1.6220127837745708,-0.6610382883677725
1780435802.189149141,-0.01732259396030944,-1.5816885774349254,1.577885513458313,-3.1280937749013584,-1.508538144585419,-0.019263249595116605,-0.04304674238368547,-1.5521116668699149,1.630084647963541,-3.1328162542474858,-1.6393339484432294,-0.6610382883674997
1780435802.239165068,-0.016404939052844014,-1.5794699533363907,1.5777430309213756,-3.1354834800060605,-1.5118295233360808,-0.017251902143094355,-0.04177706270466026,-1.5521082018275996,1.6296546666644776,-3.1495585583804693,-1.6439141220136202,-0.6610382883674929
1780435802.289407969,-0.016404939052844014,-1.5794699533363907,1.5777430309213756,-3.1354834800060605,-1.5118295233360808,-0.017251902143094355,-0.04248661772606809,-1.5547064458210658,1.6299413324634042,-3.1441409229578303,-1.624834584668418,-0.6736046590962883
1780435802.339438438,-0.015488360629023035,-1.577231689439273,1.577569603297911,-3.142873950616476,-1.515117607276001,-0.015331894550031144,-0.04112431548679594,-1.5549577155357008,1.6288397331745386,-3.152189445429001,-1.6188294504561902,-0.6736046590960666
1780435802.390314579,-0.014599467781467368,-1.5749526690947642,1.5773786078813894,-3.150390883532639,-1.518306944705377,-0.013556151592900356,-0.0389225551571039,-1.5541133008990364,1.6275565937576777,-3.1649710357820764,-1.625576944650054,-0.6736046590963533
1780435802.439283133,-0.013707851642169366,-1.5726272046755394,1.577155344727045,-3.1580043378141394,-1.5215066484314557,-0.011872412153114631,-0.03680707942084053,-1.5557318665996194,1.626537210383636,-3.1580886513629745,-1.64360368501762,-0.6736046590963763
1780435802.489295244,-0.013707851642169366,-1.5726272046755394,1.577155344727045,-3.1580043378141394,-1.5215066484314557,-0.011872412153114631,-0.03455854076770023,-1.5549762611664057,1.6270799986206304,-3.167129543540732,-1.6501478726112657,-0.6736046590963306
1780435802.539160252,-0.012763994690224045,-1.5704031955972173,1.5768688230265875,-3.165062892723647,-1.524894509148183,-0.011716484084600687,-0.03063776775100645,-1.5504679697039734,1.6300505847747235,-3.1782072651570243,-1.6450209621499288,-0.6736046590966668
1780435802.589396000,-0.011484377378528698,-1.5683435846895968,1.5763970722542473,-3.1708790249983636,-1.529488724769509,-0.015190167234906404,-0.029773631742543792,-1.5492456219004032,1.6308945161419655,-3.17136096916272,-1.6444724459766134,-0.6736046590968889
1780435802.639321804,-0.010153426012507794,-1.566132294297109,1.5758814839306279,-3.17712501522775,-1.5342687777063517,-0.019108307173588024,-0.029112417917074793,-1.5481602192458137,1.6304373667098453,-3.169361782680461,-1.63875555374488,-0.67360465909666
1780435802.689263582,-0.009248001048786314,-1.5646114767213986,1.5755146102137463,-3.181396755326734,-1.5375215147107966,-0.021303299104775242,-0.030478624897758218,-1.5417198477852523,1.629246599684585,-3.184764178148099,-1.6373886143712861,-0.6736046590962304
1780435802.739258289,-0.009248001048786314,-1.5646114767213986,1.5755146102137463,-3.181396755326734,-1.5375215147107966,-0.021303299104775242,-0.03431552931461027,-1.5364931514736853,1.6309426020529878,-3.161328115930615,-1.642217016460179,-0.6736046590961112
1780435802.789149046,-0.009446016433201088,-1.5652477950409773,1.5755898807008182,-3.1793185620134583,-1.5368100776441125,-0.01853833877293365,-0.03470316237048758,-1.528352098807141,1.631282705667859,-3.1660017373089584,-1.6421135721357791,-0.6736046590959959
1780435802.839190483,-0.009907972519275887,-1.5664196303691922,1.5757649677118382,-3.1756353900981225,-1.5351504915203034,-0.015893111850036945,-0.035767674608999864,-1.5233473477652248,1.632525793577878,-3.16277196147161,-1.6316897754461142,-0.6736046590963307
1780435802.889206171,-0.010515232902326588,-1.568121978787926,1.5759758043184897,-3.1701461205955663,-1.53296920405813,-0.013254917408320743,-0.03678305090972124,-1.5208896450437317,1.6342931153283342,-3.1495543855990693,-1.6264942347700246,-0.6736046590960905
1780435802.939296484,-0.011228369046411224,-1.570331449689105,1.5761883634959868,-3.1628364636861983,-1.5304080430114348,-0.010541041131427953,-0.03751026351106078,-1.5152914296851998,1.6340001476889454,-3.1586735656225073,-1.6248642369600086,-0.6736046590962065
1780435802.989523888,-0.011228369046411224,-1.570331449689105,1.5761883634959868,-3.1628364636861983,-1.5304080430114348,-0.010541041131427953,-0.03762576511619779,-1.5119899833567452,1.6338335980242054,-3.1540255171734146,-1.6371812570550222,-0.6736046590965186
1780435803.039227009,-0.012051538217868973,-1.5730366674244003,1.576382328087636,-3.1537055425411653,-1.527452271923261,-0.007785621864382364,-0.03782238230515477,-1.5132098818087965,1.6362005294962003,-3.1472936637881825,-1.6540372355755064,-0.6610382883546
1780435803.089514494,-0.012939781742066003,-1.5749739903567255,1.5766271866013548,-3.147590930994843,-1.524263487940548,-0.004191142954085514,-0.03661129654570117,-1.5130218741167134,1.6340256733737943,-3.1514030136322293,-1.6558182099768506,-0.6736046590961169
1780435803.139318228,-0.013751675893083792,-1.576603075829107,1.5768440543181188,-3.142512313216444,-1.5213493638820754,-0.0011201822446640364,-0.036176965100043965,-1.5160148067790526,1.6348843673608666,-3.1508921064168325,-1.652690397249328,-0.673604659096478
1780435803.189124823,-0.013751675893083792,-1.576603075829107,1.5768440543181188,-3.142512313216444,-1.5213493638820754,-0.0011201822446640364,-0.03545293938579096,-1.5194771914090923,1.634087809729982,-3.1436485044025844,-1.6484837063534525,-0.6736046590961783
1780435803.239334106,-0.014468422665249392,-1.577997541980153,1.5770260472537247,-3.138168546937203,-1.5187771824850378,0.0015666095374635043,-0.03464301539619859,-1.5179263391469844,1.6317617063564565,-3.157431544204905,-1.654298338121684,-0.6610382883551629
1780435803.289298058,-0.015179717568256201,-1.579567171441468,1.577171846638225,-3.1330851809085956,-1.516224949781865,0.0048488104167399935,-0.03378589748590004,-1.5206108508172296,1.6313887572913164,-3.1468671202496794,-1.6542053014045113,-0.6610382883551477
1780435803.339232206,-0.016049321156088148,-1.5811489726676786,1.5773725274899728,-3.128174849424126,-1.5131051788020962,0.0073817340956004816,-0.03156116261514466,-1.5217042082074892,1.6312983386685918,-3.149135262354271,-1.647019581844029,-0.6610382883547243
1780435803.389433861,-0.017099220651968672,-1.582851761121189,1.5776225841284441,-3.1230311183457107,-1.5093392734547297,0.009842684414339315,-0.03063801606144612,-1.5223686578616116,1.630896390866741,-3.1551416789524707,-1.6407136949256147,-0.6610382883550451
1780435803.439338207,-0.017099220651968672,-1.582851761121189,1.5776225841284441,-3.1230311183457107,-1.5093392734547297,0.009842684414339315,-0.030616647983929938,-1.5257276975744851,1.6305891298559847,-3.1436884739311077,-1.6383870769611169,-0.661038288355107
1780435803.489227295,-0.018285292615852988,-1.5845830902968316,1.5779118872962297,-3.11794661936776,-1.505085780292851,0.012753189112612475,-0.025709955630561377,-1.5278066968416697,1.633288953660062,-3.1509242766806094,-1.649367977832308,-0.6610382883551448
1780435803.539145470,-0.018517645932719873,-1.5847676773764263,1.5779904416249184,-3.117575296687087,-1.5042526146187907,0.010736391043723438,-0.021875693131403917,-1.5262491338204578,1.6299894880169872,-3.1610372059382223,-1.6678384232604557,-0.6610382883556035
1780435803.589184046,-0.018471814224858107,-1.5848775353571076,1.577952081041625,-3.117051861119529,-1.5044169540901304,0.008779651890938796,-0.022729938290024756,-1.5304125634266015,1.630993000858201,-3.149802118954061,-1.6685633021955895,-0.6610382883556397
1780435803.639433146,-0.018329605160631424,-1.5850745986518398,1.57785508234478,-3.1160132711230895,-1.5049268832157034,0.006535984459972178,-0.02325175501411923,-1.53129544746497,1.6305920862160748,-3.1522793529544164,-1.65467172007368,-0.661038288355113
1780435803.689325333,-0.018329605160631424,-1.5850745986518398,1.57785508234478,-3.1160132711230895,-1.5049268832157034,0.006535984459972178,-0.022751404753065044,-1.5308195104313747,1.6298678693577158,-3.15972977640429,-1.6382420187895717,-0.6610382883556271
1780435803.739570856,-0.0178727539392316,-1.5850028450231894,1.5776543861012609,-3.1155531668791387,-1.5065651287261161,0.0032594564881977734,-0.02317285517090874,-1.5336546251772845,1.62989514187609,-3.1452050707313504,-1.6301187066722411,-0.6610382883556434
1780435803.789179325,-0.01721628035508438,-1.5848411692022433,1.5773739544478642,-3.115126584875809,-1.5089194345881438,-0.00014840116516534607,-0.02228074415016447,-1.532876623146283,1.6281582747911416,-3.146466323800128,-1.6336524623455215,-0.6610382883553149
1780435803.839205265,-0.016414548230692105,-1.5846298351743089,1.5770314938960617,-3.114654729923801,-1.5117950549446828,-0.0036398563193698052,-0.020992463130733094,-1.531709965450137,1.6268808425121226,-3.1525675784519276,-1.6527932137870267,-0.6610382883557319
1780435803.889179468,-0.01562522612974515,-1.5840190902284474,1.5767568698171357,-3.1158295226989945,-1.5146265861550665,-0.005874672527940383,-0.023404399009391248,-1.538130211318217,1.6289104272564128,-3.139288531219148,-1.6586374922242535,-0.6610382883553334
1780435803.939510107,-0.01562522612974515,-1.5840190902284474,1.5767568698171357,-3.1158295226989945,-1.5146265861550665,-0.005874672527940383,-0.02488049960942341,-1.5417975351703568,1.6253931338636247,-3.1473786314662067,-1.6417441220337496,-0.6610382883550786
1780435803.989619970,-0.015126732397813036,-1.5826366007982688,1.5767342929788386,-3.120626030823752,-1.5164150556771112,-0.005974233432806564,-0.024224077049575174,-1.5449921314679687,1.6239739325537872,-3.1592768876911297,-1.6380690147705042,-0.6610382883553788
1780435804.039489746,-0.014557503001941363,-1.5811359881503169,1.576680994592203,-3.1257486208014122,-1.5184575282683443,-0.006050850852517442,-0.022250547917040172,-1.5466085858679506,1.6217235187706898,-3.1516563836988243,-1.658550588258529,-0.6484719176264899
1780435804.089279890,-0.013805422271534695,-1.579668987457847,1.5765222682765134,-3.130393448347598,-1.5211564710318646,-0.0064067698323668765,-0.021721797359242852,-1.54727614409987,1.6214675213996668,-3.1641937347853983,-1.6656143938940728,-0.648471917626457
1780435804.139288187,-0.013805422271534695,-1.579668987457847,1.5765222682765134,-3.130393448347598,-1.5211564710318646,-0.0064067698323668765,-0.022492010568535812,-1.549756371336592,1.621288268972832,-3.1641723300114717,-1.6596568112225005,-0.6484719176268767
1780435804.189547777,-0.012927512118240614,-1.5780339257481124,1.5763100544049549,-3.135463450694038,-1.5243075312743857,-0.006636204613729824,-0.022737169392331266,-1.5524629697035595,1.6210579113893961,-3.1595923228793588,-1.6579929958358004,-0.6484719176264949
1780435804.239386320,-0.011930822126615226,-1.5763059044433945,1.5760348506622477,-3.1406606063205613,-1.5278856928492965,-0.007050990226878717,-0.021266634654850267,-1.5512212164308226,1.6190959916484406,-3.1748392573213873,-1.6698886986258008,-0.6484719176264697
1780435804.289302826,-0.010860865574227496,-1.5744147006692026,1.5757215187239744,-3.1463303773717657,-1.531727839357897,-0.007426811728321603,-0.019626323394541585,-1.5514955672694857,1.6174290289782816,-3.1766117132332883,-1.6897119476127598,-0.6484719176270936
1780435804.339334488,-0.009697206609170728,-1.5724155775906947,1.5753507038929737,-3.15220960543798,-1.5359076467558923,-0.007998259503029459,-0.019701690940004634,-1.5545486363564152,1.618329578915624,-3.1726487721698993,-1.696216639817798,-0.6484719176265072
1780435804.389167070,-0.009697206609170728,-1.5724155775906947,1.5753507038929737,-3.15220960543798,-1.5359076467558923,-0.007998259503029459,-0.020047512042072516,-1.5542544811886927,1.6181368921309927,-3.1892164791539455,-1.6858347994984286,-0.6484719176264632
1780435804.439174652,-0.008434528633851635,-1.570347128366743,1.5749138499220678,-3.1581308711921885,-1.5404445939494114,-0.008874879762616139,-0.019540841257041686,-1.5551526913822276,1.6168743561446364,-3.1916412647259613,-1.6813521095362622,-0.6484719176270558
1780435804.489202499,-0.007095991651418387,-1.5681028013749705,1.5744249491200137,-3.1645371515312695,-1.5452558726629864,-0.00988612332259109,-0.018257714252253445,-1.5571222637900064,1.6160292951570148,-3.1860833471701024,-1.6900413948335014,-0.6484719176265282
1780435804.539285421,-0.005730561984028881,-1.5661953635020351,1.5738803845956386,-3.1695387004784017,-1.5501657868419354,-0.009905090340539324,-0.019480763018695998,-1.552297505938351,1.616740721815321,-3.2062518252752477,-1.7030424604507455,-0.6484719176262775
1780435804.589603186,-0.004528277663021996,-1.5647788609352995,1.5733746966651052,-3.1728974532236034,-1.5544907849675038,-0.008628238214831718,-0.020081307530019417,-1.550568194171924,1.6169093379300874,-3.1981331765388834,-1.7031149157610812,-0.6484719176266545
1780435804.639358282,-0.004528277663021996,-1.5647788609352995,1.5733746966651052,-3.1728974532236034,-1.5544907849675038,-0.008628238214831718,-0.020799030579202578,-1.550721129441996,1.6192976600600648,-3.196165831342013,-1.69975941137553,-0.6484719176259713
1780435804.689304113,-0.003440295020723738,-1.563350492772713,1.5729102553472143,-3.1764645451942215,-1.558406068303345,-0.007466085360942287,-0.018870191875863866,-1.5455870976672346,1.6167062136906076,-3.2055755014151814,-1.6957161988189182,-0.6610382883683584
1780435804.739520788,-0.002106791249892659,-1.5624497993367932,1.5723089398103434,-3.1775856673786667,-1.56320688103248,-0.008687047009588333,-0.018262928326254403,-1.5442517262767446,1.6188829229195014,-3.193679131930993,-1.709430071474035,-0.6610382883676061
1780435804.789493561,-0.0007380757131176807,-1.5618261117484007,1.5716780105497172,-3.1775748778689668,-1.5681368312874895,-0.010363972141289146,-0.01758595556710384,-1.5399952164778208,1.618377111044965,-3.201053996482733,-1.7090962904730584,-0.661038288367745
1780435804.839313984,-0.0007380757131176807,-1.5618261117484007,1.5716780105497172,-3.1775748778689668,-1.5681368312874895,-0.010363972141289146,-0.017241316949734634,-1.5392577598903676,1.6184004704034483,-3.1972666817856696,-1.6976424850306615,-0.6610382883683739
1780435804.889295816,0.0005546420241313577,-1.5611054279014729,1.5710785137594452,-3.1780411364890977,-1.5727953496893896,-0.01227743359170308,-0.01721264974317745,-1.5416059757318754,1.6201675860861366,-3.1856432702490305,-1.6914639082808935,-0.6610382883676982
1780435804.939259052,0.001799469057538472,-1.5602904655298309,1.5704973276008032,-3.178927031573866,-1.5772834895757502,-0.014276221211212636,-0.015814933049910503,-1.539211495400143,1.6181282987495536,-3.196284569674117,-1.6883259369769106,-0.661038288367835
1780435804.989391804,0.0030317459380619916,-1.5594231157255827,1.5699165794693999,-3.1800123803585736,-1.5817285930770417,-0.016526294434999755,-0.01405232816736324,-1.5392380552978207,1.6169836476536865,-3.1956357007808296,-1.7001030744465597,-0.6610382883686138
1780435805.039393902,0.005119940789439337,-1.559798410938365,1.5688876745335678,-3.1748385118237996,-1.589266442613579,-0.022802135561593495,-0.013045575074636663,-1.5277397478917631,1.619076634157096,-3.194878612722084,-1.7090203167635123,-0.661038288367754
1780435805.089391470,0.005119940789439337,-1.559798410938365,1.5688876745335678,-3.1748385118237996,-1.589266442613579,-0.022802135561593495,-0.021959916901213045,-1.5145072415192207,1.6248258175877317,-3.1966235137430075,-1.7111773004859703,-0.6610382883674562
1780435805.139576197,0.006665900229961608,-1.5626062910999936,1.568006335076493,-3.16126368965815,-1.594851417888326,-0.02328867249640343,-0.023120036573059256,-1.5092398758898913,1.6270141686132666,-3.1725131145841012,-1.6994529796116133,-0.6610382883678414
1780435805.189275265,0.007656378378230633,-1.5648567690455675,1.5673554845482087,-3.150675103460668,-1.5984317242317347,-0.024500389514461318,-0.02202262500947165,-1.507010594288472,1.6319375026719882,-3.173910678146997,-1.6951380276423336,-0.6610382883676124
1780435805.239144802,0.009042243508051495,-1.5658666715371368,1.566542331205388,-3.144066377493191,-1.6034440647048047,-0.028418513640622756,-0.020512689849924683,-1.5042482300230438,1.6314878055479705,-3.1788514083489483,-1.6924752083300445,-0.661038288368272
1780435805.289283752,0.009042243508051495,-1.5658666715371368,1.566542331205388,-3.144066377493191,-1.6034440647048047,-0.028418513640622756,-0.01917544457335616,-1.5055204313368291,1.6307032113941624,-3.163836635521578,-1.7145495987365789,-0.6736046590967418
1780435805.339371204,0.010506858145773235,-1.5666389541150458,1.5656813269470098,-3.1381686721132276,-1.6087449149234683,-0.03223992379763718,-0.018173064969223256,-1.5042616269521174,1.6289529908341436,-3.1718069419989092,-1.7215060550988344,-0.6736046590966476
1780435805.389283419,0.012013402452191402,-1.5672986477013637,1.564784936178053,-3.132567893090485,-1.61420162314435,-0.03628588902847518,-0.01833228934758889,-1.5061501036029359,1.6289235738918553,-3.1689966164091965,-1.7189197542823555,-0.6736046590974324
1780435805.439707518,0.01359048624401149,-1.5678736827776483,1.563835750510839,-3.1270977208229893,-1.619918447961103,-0.040694103380179314,-0.01834659508355299,-1.508991969697532,1.6282271389214864,-3.1579135508489404,-1.7113357241712632,-0.6736046590966874
1780435805.489265680,0.015036689048306462,-1.5677397756458094,1.5630287687666629,-3.124688290032953,-1.6251651421075453,-0.043009904469924365,-0.01979199170105865,-1.5140035360195698,1.6275355335445614,-3.1676214080590706,-1.705180680623704,-0.6736046590966205
1780435805.539292574,0.015036689048306462,-1.5677397756458094,1.5630287687666629,-3.124688290032953,-1.6251651421075453,-0.043009904469924365,-0.017194436428678544,-1.518399751975739,1.6214951625243774,-3.1721114852110737,-1.708056622325706,-0.673604659097339
1780435805.589322567,0.016145896307795393,-1.5668646402277417,1.5624983096672977,-3.1259273880166543,-1.6291921253206594,-0.04365679276517742,-0.01497049758075131,-1.5241763311665544,1.619714035337439,-3.172989784112802,-1.7255750933132694,-0.6736046590964359
1780435805.639481306,0.017348945254118897,-1.5658075302686632,1.5619284233609176,-3.1276827389749506,-1.6335627057070612,-0.04403261722541174,-0.013694116201842018,-1.5269471545956534,1.6171573836786497,-3.1851567749923073,-1.7265525331887652,-0.6736046590964186
1780435805.689552546,0.018610487754843197,-1.5645545414683149,1.56133776269182,-3.130075027773522,-1.6381491194247513,-0.04423389136296496,-0.01303567645803827,-1.5310568522577386,1.6157890218851458,-3.187424205487392,-1.7193325171741383,-0.6736046590970183
1780435805.739308834,0.01990853052470154,-1.5630766501108981,1.5607379629027656,-3.13325631269375,-1.6428718872494752,-0.04422826846542982,-0.012233148505351099,-1.535547591234927,1.6143961926842518,-3.182265994890174,-1.718287473447357,-0.6736046590963575
1780435805.789228916,0.01990853052470154,-1.5630766501108981,1.5607379629027656,-3.13325631269375,-1.6428718872494752,-0.04422826846542982,-0.00995229785852191,-1.5359456502921942,1.611205629365093,-3.199897448315856,-1.7309299497865491,-0.6736046590964406
1780435805.839174271,0.021224119549656972,-1.56136773900697,1.5601350422407698,-3.137278358104643,-1.6476623804275512,-0.04399713311439424,-0.006285219214182037,-1.5361660464992024,1.6107408175270623,-3.2008962428973446,-1.7501856001858012,-0.6736046590968817
1780435805.889194250,0.020975448564383825,-1.561020011405848,1.5603103332118045,-3.1391738861265144,-1.6467565827656685,-0.040710383688697505,-0.003896752571553994,-1.5379788981760099,1.611408779366115,-3.1917500602568163,-1.757491976804622,-0.673604659095862
1780435805.939311504,0.02026717181065374,-1.560881798815407,1.5607312871228403,-3.1411958259012134,-1.6441774261442266,-0.03711547163192375,-0.0019009045577652198,-1.537083282033219,1.610100922166829,-3.200569677636929,-1.75485833620304,-0.673604659095805
1780435805.989302635,0.02026717181065374,-1.560881798815407,1.5607312871228403,-3.1411958259012134,-1.6441774261442266,-0.03711547163192375,-0.0006352207710556867,-1.5370771240287908,1.6097464652630633,-3.1915511996497417,-1.7404114350337747,-0.6610382883551863
1780435806.039373159,0.019369335420578393,-1.5611986063611116,1.5612203974096772,-3.1418087012305107,-1.6409096361560245,-0.03445816630229448,0.0017469675661104835,-1.5387692948976452,1.6116123763636985,-3.1919893532588115,-1.7477330895520196,-0.661038288354326
1780435806.089109421,0.018166086171552465,-1.5608538822028013,1.5619312426427876,-3.1456332483686427,-1.6365330760643957,-0.031719647136045914,0.004371615347142948,-1.5386073364654633,1.6083500592180309,-3.2023979670495097,-1.7347854497190376,-0.6736046590960207
1780435806.139297247,0.016919234986657372,-1.5603403752520961,1.562666144845835,-3.150168944246287,-1.632001251029692,-0.02938784695565655,0.007200489657480659,-1.539902177171296,1.6067342073178352,-3.20142034979804,-1.7522375949341018,-0.6736046590971027
1780435806.189296961,0.015619628368474192,-1.559676556859083,1.5634237977117613,-3.1553491382778307,-1.627281190320046,-0.02735853945268385,0.007222504405887699,-1.5425858076143104,1.6077455902461435,-3.199795646266411,-1.748321210751681,-0.6610382883544392
1780435806.239456892,0.015619628368474192,-1.559676556859083,1.5634237977117613,-3.1553491382778307,-1.627281190320046,-0.02735853945268385,0.008056303067287041,-1.5426147784771542,1.6057890090795433,-3.2134645398030455,-1.734610267444934,-0.6610382883553312
1780435806.289250851,0.014243691292166405,-1.5588453315169248,1.564212010106866,-3.1612715823552455,-1.6222876987007826,-0.025599726626463593,0.009020606867953574,-1.5458314211185433,1.605629744479748,-3.209064359447221,-1.726242971001397,-0.6610382883553744
1780435806.339298725,0.012782219059090272,-1.5578414856111698,1.565028223220077,-3.1679548024138264,-1.6169879314609616,-0.024073601255304666,0.011198217574802334,-1.546683856919394,1.603285616333232,-3.2118577374194697,-1.7287363060824241,-0.6610382883543504
1780435806.389435053,0.011139052799686855,-1.5569206372968747,1.5659083318068352,-3.1745905586057943,-1.6110342106797386,-0.022022353663254002,0.012926596584936667,-1.5458445348548269,1.6012608944254327,-3.221756531624687,-1.7459965379508227,-0.661038288355252
1780435806.439579725,0.008582272177505734,-1.557989751348737,1.5671933833267333,-3.1753320870446493,-1.6017800886163904,-0.013192668541998742,0.0036185656584054454,-1.5424194092611216,1.6018371149489714,-3.210686974824727,-1.7503953430234225,-0.6610382883540923
1780435806.489341021,0.008582272177505734,-1.557989751348737,1.5671933833267333,-3.1753320870446493,-1.6017800886163904,-0.013192668541998742,-0.0009800081313334492,-1.538506443133958,1.6036373154677719,-3.216084976526991,-1.7371759370601807,-0.6610382883536206
1780435806.539401054,0.0056136832351574295,-1.5597401174146626,1.568644100796256,-3.17416106335317,-1.5910497281204066,-0.0025677278754976385,0.002547314643737288,-1.5198368125544839,1.604571141967411,-3.2201053023202006,-1.7346288421830938,-0.6610382883549011
1780435806.589274883,0.004917443403233079,-1.5623719390578499,1.5689035029544873,-3.165395454483534,-1.5885351807734969,-0.0032042897005872817,0.000225626491747158,-1.5145493761528472,1.614961361477614,-3.1983436583881506,-1.7421441821986332,-0.6610382883550143
1780435806.639154911,0.004662082784855581,-1.563800856894753,1.568963156772499,-3.160368111481867,-1.5876131110218648,-0.003456667229575494,-0.0011277754786526918,-1.5070970287677428,1.6162946801929385,-3.1952034814899837,-1.7433041132198102,-0.6610382883543895
1780435806.689179182,0.004510814975574373,-1.5651605873335575,1.568959763894144,-3.155384812082383,-1.5870669536097273,-0.0035422981061143943,-0.0022374785952539314,-1.502138528701093,1.6172259872758792,-3.1948684947524266,-1.7496282489649158,-0.661038288355773
1780435806.739224672,0.004510814975574373,-1.5651605873335575,1.568959763894144,-3.155384812082383,-1.5870669536097273,-0.0035422981061143943,-0.003871197790761623,-1.5014969173799528,1.6188655295650825,-3.1802250338080764,-1.753067916134566,-0.6610382883549013
1780435806.789095640,0.004475819969592454,-1.5664618085329574,1.568887125857846,-3.150382898522538,-1.5869406081022106,-0.003475063288898461,-0.005758784908883144,-1.4994437998964223,1.6194306368935374,-3.1868297245045025,-1.7444461630372667,-0.6610382883549305
1780435806.839130878,0.004575005334374493,-1.5677045245661194,1.5687361904843993,-3.145328957763027,-1.5872987106258414,-0.003265651180604401,-0.0069623505685828145,-1.4996664924632555,1.6193181078349785,-3.1777224277935936,-1.7412752338392143,-0.6610382883556737
1780435806.889137506,0.004808640974349521,-1.568896055971738,1.5685059009131508,-3.1401923695147156,-1.5881422985559936,-0.0029403871849771335,-0.006767287263582041,-1.5001745868635803,1.6188753461284504,-3.16904312284015,-1.752797995056447,-0.6610382883550412
1780435806.939650059,0.004808640974349521,-1.568896055971738,1.5685059009131508,-3.1401923695147156,-1.5881422985559936,-0.0029403871849771335,-0.005237117140122988,-1.4986998482323663,1.6183137972352866,-3.1787916270299013,-1.7643656506515508,-0.6484719176267363
1780435806.989392519,0.004989072405127359,-1.569930031971376,1.5683061687250794,-3.135750294536892,-1.5887938411345601,-0.0032437521999248986,-0.005635164201284725,-1.5025784320656044,1.6193983338809494,-3.165876820218474,-1.7563830694921287,-0.6484719176267226
1780435807.039361715,0.004978961881182631,-1.5709367651993809,1.5682001612859826,-3.131755624277258,-1.5887573304046994,-0.003376507370647097,-0.005218516077461972,-1.5035885398647473,1.6184533025542223,-3.1689770570045663,-1.7520660367516963,-0.6484719176258805
1780435807.089146852,0.004809700307925269,-1.5719425739846455,1.5681705006287494,-3.128049015790864,-1.588146123686581,-0.0033640367597209675,-0.003370381174622276,-1.5029862751933392,1.615809533135233,-3.176659008892929,-1.761300662989855,-0.6484719176268793
1780435807.139128208,0.004481710226056812,-1.5729744256002922,1.5682146684135887,-3.124523645152195,-1.586961874072065,-0.0033048778308382154,-0.002309183053850818,-1.5068329912951732,1.6156388553289578,-3.1624540534939567,-1.775261438936928,-0.6484719176268502
1780435807.189177752,0.004481710226056812,-1.5729744256002922,1.5682146684135887,-3.124523645152195,-1.586961874072065,-0.0033048778308382154,-0.002232886399550973,-1.508809253474908,1.6155085713982733,-3.1623386994797,-1.7709255609537646,-0.6484719176256988
1780435807.239243269,0.003992470884899291,-1.5741163471604285,1.5683225677841395,-3.12084402243133,-1.5851957263398226,-0.0031040304439349242,-0.0020423315822255157,-1.5094612493407196,1.614497358006477,-3.1673006651604143,-1.7577300924240968,-0.6484719176266671
1780435807.289401770,0.0033719258956428355,-1.5753464597905715,1.5684791966746119,-3.1170362587832403,-1.5829560983037005,-0.0029179400237184794,-0.0016232490739930849,-1.5122280513374742,1.614277854001191,-3.154977196280932,-1.760357483214531,-0.6610382883677595
1780435807.339314222,0.002646857028919536,-1.576635112805688,1.5686728207750478,-3.113165061213251,-1.5803399697566096,-0.002699227815097238,0.00010604368849353339,-1.5111693875204448,1.6123092302298725,-3.167680207916377,-1.7730149774116144,-0.6610382883676511
1780435807.389230251,0.002646857028919536,-1.576635112805688,1.5686728207750478,-3.113165061213251,-1.5803399697566096,-0.002699227815097238,0.0003012339494724344,-1.5138347965092764,1.612429157039367,-3.1641067887854186,-1.776653438339859,-0.6610382883685773
1780435807.439582825,0.0017898669744582651,-1.5779709446391124,1.5689187502569883,-3.109325614957707,-1.5772488614232456,-0.002330135489635232,0.00030176600912470086,-1.5176553810818687,1.6124248845392226,-3.1545111548822273,-1.7789292037095312,-0.6484719176267426
1780435807.489301682,0.000845073912047134,-1.5792916003629545,1.5692029088431085,-3.1056872560757887,-1.5738422857518088,-0.0020390813538915253,0.0011219575723195136,-1.5183100903304307,1.6133536656558454,-3.1657254231955823,-1.759686132646301,-0.661038288367718
1780435807.539275885,0.00010375337682244634,-1.5800695437018613,1.569464665356639,-3.1038828486297687,-1.5711702390603222,-0.003313825995658881,0.0029439700018085825,-1.5192189997940542,1.6113635944475218,-3.1644618064061754,-1.7656929461534472,-0.6610382883688546
1780435807.589582682,-0.0005183940040982549,-1.5808011327318479,1.5696664981880288,-3.10203243256382,-1.5689283295251606,-0.004500331622251608,0.0030151678216429906,-1.5226142645797855,1.6117146748989013,-3.1556889196989584,-1.7740856858027354,-0.6610382883677725
1780435807.639327526,-0.0005183940040982549,-1.5808011327318479,1.5696664981880288,-3.10203243256382,-1.5689283295251606,-0.004500331622251608,0.0029161200253794003,-1.522617135634392,1.610743200848694,-3.1663844344677576,-1.7674695045089919,-0.6610382883676227
1780435807.689286232,-0.0010948234696757098,-1.5815440942608117,1.569837842269541,-3.1000378908492583,-1.5668516309844396,-0.005727304450812376,0.002487900011859394,-1.5252976208305489,1.6117379582829303,-3.1633538739142986,-1.7505822242743654,-0.6610382883686657
1780435807.739477396,-0.001359861825426023,-1.5819295393247135,1.5699069071685445,-3.0989346280378482,-1.5658969272926155,-0.008005484444174371,0.002257100893307635,-1.527977071970783,1.6115516810069743,-3.1534245142712076,-1.7462358906524513,-0.6610382883677327
1780435807.789256811,-0.0014130335690971663,-1.5821993522296562,1.569883201749931,-3.09790920383477,-1.5657054066778278,-0.010292091332931186,0.0030864535475404443,-1.5262378265507222,1.6091446728979297,-3.163674912942446,-1.7563909532026274,-0.6610382883678765
1780435807.839329958,-0.0013776863931571626,-1.5823170275820626,1.5698410228442368,-3.0973501154544163,-1.5658327241291854,-0.012242518766228727,0.0028075791339090177,-1.5285138940049077,1.60899122260334,-3.1597617994113,-1.7681233148219837,-0.6610382883685358
1780435807.889275551,-0.0013776863931571626,-1.5823170275820626,1.5698410228442368,-3.0973501154544163,-1.5658327241291854,-0.012242518766228727,0.0011659862170144931,-1.53647153243364,1.6071330100591283,-3.149862803386368,-1.7685825018577985,-0.6610382883675764
1780435807.939292192,-0.0018945013720061965,-1.581440778800153,1.570286658007017,-3.1019821453901484,-1.5639713638490118,-0.010792482707237205,0.0003902439411414148,-1.5407674352827936,1.6056774962678133,-3.1673488715221336,-1.7598474235606192,-0.6610382883675594
1780435807.989336014,-0.0024511065976575708,-1.580285162677387,1.5707896373772285,-3.1078111010666487,-1.5619670802982775,-0.008967905327700976,0.0006086823689743248,-1.54373670421385,1.6035399243655566,-3.1725062353274684,-1.754497182984566,-0.6610382883682292
1780435808.039572239,-0.002821806324872611,-1.5792335247126985,1.5711599096452442,-3.1128238091748455,-1.5606324432131728,-0.007261903839872019,0.000981792053554274,-1.5471854030759022,1.6028066136658023,-3.164222808759365,-1.762557984031962,-0.6610382883675521
1780435808.089301348,-0.00309290003442797,-1.5780677510873993,1.5714820198565596,-3.1180852080406667,-1.5596565284070438,-0.005409290666501754,0.0019997303985946836,-1.5471522688318533,1.6007582274609888,-3.1756657481706156,-1.7716464142147463,-0.6610382883673164
1780435808.139518023,-0.00309290003442797,-1.5780677510873993,1.5714820198565596,-3.1180852080406667,-1.5596565284070438,-0.005409290666501754,0.0017550759299659862,-1.5494250053390717,1.6007713733113769,-3.1739002675154198,-1.7704990590762921,-0.661038288368297
1780435808.189337969,-0.0032794009933425627,-1.5768273842640816,1.5717561036705594,-3.123458637449137,-1.558985193373716,-0.003465519134750572,0.00014146223305735485,-1.552447929458582,1.602008263699257,-3.1715331656548975,-1.7528937670541758,-0.6736046590955519
1780435808.239298582,-0.0033935552100601285,-1.5755048758903794,1.571988263399177,-3.128994703859075,-1.5585743012081403,-0.001444450024573385,0.0015466715066627039,-1.550891740593081,1.599472033309705,-3.18290430817508,-1.7609567223244682,-0.6736046590965777
1780435808.289339304,-0.0034571708898631925,-1.5740928642709973,1.5721886388602693,-3.134758663183741,-1.5583453268126979,0.0007120288806000217,0.0020302423586900185,-1.553408031645481,1.5995679607369238,-3.174327854919416,-1.7759906451840721,-0.6736046590967492
1780435808.339123249,-0.0034797884642969734,-1.5726259718862465,1.5723561940664674,-3.140625610331416,-1.5582639196888968,0.002878697207191218,0.001674300632554919,-1.5552300029166073,1.5997522285834769,-3.177269802784056,-1.7711471248167794,-0.6610382883674107
1780435808.389279127,-0.0034797884642969734,-1.5726259718862465,1.5723561940664674,-3.140625610331416,-1.5582639196888968,0.002878697207191218,0.0005936918695130638,-1.5549670836325635,1.5997957391730733,-3.1932782798035793,-1.7499093610486653,-0.6736046590964843
1780435808.439271688,-0.00348444243520607,-1.5710770034746702,1.5725034222521004,-3.146740795233914,-1.5582471687931436,0.00516618505884089,0.00041983271728617834,-1.5574240723810986,1.5998827992770002,-3.1871325810486715,-1.7421924174718777,-0.6736046590965337
1780435808.489275932,-0.00344010649614912,-1.5694543827697665,1.5726120876076164,-3.1530112949301174,-1.558406746863767,0.007531973054305219,0.001296291591904461,-1.557981107020903,1.598506407049338,-3.190051808290031,-1.7453506113787094,-0.6736046590955618
1780435808.539192200,-0.003801963603157432,-1.5684994795747649,1.5728522632969757,-3.1573561228476454,-1.5571043867923233,0.011594496294187273,5.833604773145841e-05,-1.553576776544367,1.600382221360107,-3.205121550764778,-1.743614920581268,-0.6610382883669941
1780435808.589459658,-0.003801963603157432,-1.5684994795747649,1.5728522632969757,-3.1573561228476454,-1.5571043867923233,0.011594496294187273,0.00011603215616061852,-1.551702335689055,1.6004448326276979,-3.20012424811426,-1.748047818369253,-0.6610382883677843
1780435808.639268398,-0.004671014744489277,-1.5680687745415405,1.573292628901788,-3.1605296602481006,-1.5539772268353413,0.017050463688448345,-0.0017083929063705604,-1.552928584556354,1.6031796897355008,-3.195677103083267,-1.731383871882133,-0.6736046590951641
1780435808.689654827,-0.005728489691742666,-1.5677297334875604,1.5738087921748143,-3.1636512923076388,-1.5501732401133497,0.02268313067298001,0.00103649384511494,-1.544811242297076,1.6015323897927554,-3.205239041392425,-1.723369701440642,-0.6736046590967085
1780435808.739274502,-0.005865286414591608,-1.568536121958834,1.573828331518704,-3.1607762656929466,-1.5496812430875373,0.021736034413249405,0.001493753397031783,-1.5391493836070849,1.6075299579424143,-3.186238716804929,-1.7266903925273953,-0.6736046590964048
1780435808.789290667,-0.005786504505843837,-1.5698129873572944,1.5737100130608865,-3.1556947656671706,-1.5499645840395475,0.02010602996727277,0.0004078440409283598,-1.530708252443472,1.6072742039541212,-3.187973660991945,-1.7248663675547513,-0.6736046590960478
1780435808.839252949,-0.005786504505843837,-1.5698129873572944,1.5737100130608865,-3.1556947656671706,-1.5499645840395475,0.02010602996727277,-0.0013487413564263811,-1.5256963153686414,1.6097499823033905,-3.1894597760104455,-1.7283938021100569,-0.673604659096968
1780435808.889318466,-0.005748478180504613,-1.5714974445354946,1.573563946275692,-3.1490569730658815,-1.55010134908947,0.01842658250748826,-0.004444994021289904,-1.5248123967568654,1.6132030214476127,-3.177157486628637,-1.719922958820618,-0.6736046590964567
1780435808.939284325,-0.005658857095268033,-1.5728871854828288,1.5733970261320418,-3.1434377189276836,-1.5504236857063836,0.01726457589084173,-0.00542557757742367,-1.5242867311430706,1.6129879961465896,-3.186126766111182,-1.7127399385016642,-0.6736046590963505
1780435808.989216089,-0.005425158194811708,-1.5734111406581768,1.573232295027964,-3.140958323881415,-1.5512642640356509,0.016036767755514325,-0.004397892240801266,-1.52571362424401,1.611915132771227,-3.1826439260654538,-1.7147050282418308,-0.673604659097228
1780435809.039120674,-0.0050451822396402335,-1.573643971606927,1.5730228781782638,-3.1393675039348157,-1.5526311110343576,0.01424403249521267,-0.002785821287924794,-1.528332444520653,1.6107100027402557,-3.172571501217805,-1.7287709571984817,-0.6736046590965508
1780435809.089117527,-0.0050451822396402335,-1.573643971606927,1.5730228781782638,-3.1393675039348157,-1.5526311110343576,0.01424403249521267,-0.002233776097790712,-1.5292432718023932,1.6100042548371376,-3.1819453794789743,-1.734257168330348,-0.6736046590965543
1780435809.139163256,-0.004511373332111823,-1.573647130166247,1.572760275612916,-3.138411148398825,-1.5545516071651724,0.012008799349073366,-0.0036309473443603257,-1.531460957444632,1.6101881632702835,-3.1805171298348314,-1.7241552041776178,-0.6736046590972196
1780435809.189442635,-0.0039005082500320754,-1.5738476125422594,1.572436653555964,-3.136528297050613,-1.5567497422057759,0.010175201114577441,-0.003594139314724509,-1.5320268563574206,1.609083390001169,-3.1768546722592683,-1.7266617758303087,-0.6610382883548573
1780435809.239635229,-0.003220677156869911,-1.5740733076677582,1.57207259609538,-3.1344121047974682,-1.5591965730115653,0.00827446942451693,-0.0026317550854071995,-1.5313619814694643,1.607665772464332,-3.183763098052593,-1.7411150856347815,-0.6610382883557123
1780435809.289304733,-0.003220677156869911,-1.5740733076677582,1.57207259609538,-3.1344121047974682,-1.5591965730115653,0.00827446942451693,-0.003085218441205604,-1.5343154980968476,1.608422409267224,-3.1719647976015772,-1.7410788758569888,-0.6610382883556405
1780435809.339261293,-0.0024555866997921783,-1.5742869149175078,1.5716630633522022,-3.1321786940191605,-1.5619509494693569,0.00619307775689957,-0.0035483139160639916,-1.5355796324496502,1.6084567082429235,-3.1733616208812503,-1.7320234561463377,-0.6610382883548565
1780435809.389169693,-0.001607731135621293,-1.574464735220766,1.5712111930643542,-3.1299242746334452,-1.5650041522932074,0.0038485897270779247,-0.006347587950036207,-1.5330270526497385,1.6078043475556472,-3.181784267349821,-1.7277657212551305,-0.661038288355237
1780435809.439193964,-0.0012301906200562485,-1.5763931375352653,1.5707623328511573,-3.1214561023925746,-1.5663640087850332,0.00584472945955085,-0.009746429538505266,-1.5297451296199478,1.607839881875625,-3.1653910822959017,-1.7383298180555677,-0.6610382883550333
1780435809.489269733,-0.0013050203211557587,-1.5782019415055926,1.5705309273875399,-3.1142302858961695,-1.5660944661486313,0.005322427131422013,-0.004813739073559637,-1.527738031274577,1.6130725690347403,-3.1681451042032256,-1.7505325321447767,-0.6610382883547887
1780435809.539353132,-0.0013050203211557587,-1.5782019415055926,1.5705309273875399,-3.1142302858961695,-1.5660944661486313,0.005322427131422013,-0.002318712495942873,-1.5258411204067324,1.6122626585043096,-3.1736059458535903,-1.7523588312472482,-0.6610382883555789
1780435809.589208841,-0.0015100105936083352,-1.5794828304128066,1.570429782272215,-3.1093575641771554,-1.5653561122808028,0.0032904554375567667,-0.003717985116457584,-1.5294395912122312,1.613674883681009,-3.161313572403563,-1.7474873224443,-0.6610382883556948
1780435809.639170647,-0.0018383333625759946,-1.5807820188234096,1.570377321268306,-3.1046095218981713,-1.5641736416956995,0.0016155196959563606,-0.00454097607377419,-1.5305104752727976,1.613343792405868,-3.162748976102751,-1.7441894702111418,-0.6610382883546707
1780435809.689336777,-0.002332709455794557,-1.5821779298785428,1.5703817989206081,-3.0997404229773102,-1.5623933842753779,0.00024590087948860007,-0.003413970160628694,-1.5288386588231546,1.6099172027725546,-3.1682000508379415,-1.7552714691067188,-0.6610382883557104
1780435809.739162207,-0.002972057331751543,-1.5834101378161058,1.5704824290332324,-3.095796640291366,-1.5600915407896414,-0.000169318925212103,-0.004493747507903406,-1.5344674708594646,1.6107128462116405,-3.1530230728397486,-1.7706704055028268,-0.6610382883555891
1780435809.789305449,-0.002972057331751543,-1.5834101378161058,1.5704824290332324,-3.095796640291366,-1.5600915407896414,-0.000169318925212103,-0.005482133159091953,-1.5372957181065052,1.6084577374824027,-3.154873619477091,-1.7575689154483711,-0.6610382883545686
1780435809.839366198,-0.003717626394167617,-1.5843817308616082,1.5706837763464265,-3.0931236092159677,-1.5574079106634526,0.0004444786082657457,-0.006153616070925309,-1.5390029750367287,1.6075604767874052,-3.1645944873424217,-1.7416561791075758,-0.661038288355437
1780435809.889117241,-0.004536643609541535,-1.5854174135747368,1.5709041773240433,-3.090300921304635,-1.5544606842109623,0.0014474279849308737,-0.006767532147353718,-1.542581397040803,1.6068601022999305,-3.155403527813487,-1.735411739901127,-0.6610382883554411
1780435809.939141273,-0.0045657114521624464,-1.5854652659954667,1.5709094744939947,-3.090153532396163,-1.5543560984720006,0.00023746564908656842,-0.003631980826867486,-1.5443332480030891,1.6079875590746184,-3.1656793319504763,-1.742373496562603,-0.6610382883551448
1780435809.989170790,-0.0033937977343407866,-1.5842351615598096,1.5705403188242053,-3.0931293561781574,-1.5585734282716333,-0.003381020470493823,-0.0022157579882186337,-1.5446722448328352,1.605031198783951,-3.170856607121095,-1.7498295407152213,-0.6610382883559865
1780435810.039284706,-0.0033937977343407866,-1.5842351615598096,1.5705403188242053,-3.0931293561781574,-1.5585734282716333,-0.003381020470493823,-0.002800312001648272,-1.5483201208416677,1.6048358453608331,-3.1613035623269,-1.753418175267257,-0.6610382883557857
1780435810.089497089,-0.0019147357388558106,-1.5828045249492773,1.5700346511983296,-3.096331696947734,-1.5638984948233645,-0.007151378227998606,-0.004136568781086574,-1.5489935445123715,1.6047582968709437,-3.170353296458403,-1.7373479994299204,-0.6484719176266589
1780435810.139310598,-0.00015705260835918722,-1.5811796180212996,1.5693998349760565,-3.0997677325925013,-1.5702303598345102,-0.011236390732751289,-0.0034201541072067156,-1.5496126637379533,1.6025554712481842,-3.168392357081171,-1.748983662508985,-0.6484719176276843
1780435810.189263105,0.0018630480924000103,-1.579360620898,1.5686371041117935,-3.1034448468308873,-1.5775127790849286,-0.01580202970641853,-0.0032142259174432974,-1.5522083591595273,1.6021941639969834,-3.1597827067921225,-1.7591877571062935,-0.6484719176267653
1780435810.239174843,0.0018630480924000103,-1.579360620898,1.5686371041117935,-3.1034448468308873,-1.5775127790849286,-0.01580202970641853,-0.0029407006803585383,-1.5519854219609384,1.601153999400764,-3.170794460713195,-1.7557628773647094,-0.6484719176267498
1780435810.289378881,0.004131478664412214,-1.5773323922484295,1.5677484395188221,-3.1074276942743593,-1.5856975048011455,-0.020996389654095005,-0.006666636582795855,-1.5511207443699728,1.6037092123656953,-3.170269338715598,-1.7434294846491165,-0.6484719176270813
1780435810.339219332,0.0065214475646822034,-1.576138362607355,1.566624223982849,-3.107650294485844,-1.5943293984809017,-0.02384633616405729,-0.008327427068736659,-1.549359767114865,1.604525062313957,-3.158271808053289,-1.7380673462663325,-0.6484719176265672
1780435810.389355659,0.008768334300557123,-1.5749436113501405,1.5655591440020113,-3.1080877084356886,-1.6024531356411797,-0.026223095462458268,-0.0072007906850089995,-1.5456039363107283,1.6034134264955848,-3.166033959705625,-1.7464407796529775,-0.6484719176262707
1780435810.439167023,0.010973875755789786,-1.5736186837993564,1.5645190548371148,-3.109076882984093,-1.610436002222956,-0.02847482992763961,-0.006088760582671302,-1.5450266478462087,1.6028829331106098,-3.1613598858405623,-1.7565794854069092,-0.6484719176274001
1780435810.489156246,0.010973875755789786,-1.5736186837993564,1.5645190548371148,-3.109076882984093,-1.610436002222956,-0.02847482992763961,-0.007310581980661488,-1.5446130458115306,1.606570589351945,-3.1524398274866443,-1.7580446461073778,-0.6484719176260311
1780435810.539492607,0.0124096051086382,-1.573133517338893,1.5637703207536107,-3.1081341430647758,-1.6156373803042738,-0.027993679888148826,-0.007123834258749097,-1.542240305290596,1.606448390434529,-3.158558126222081,-1.7437998368240257,-0.64847191762607
1780435810.589337826,0.013587974402257785,-1.5725855298248987,1.5631742421557464,-3.1079557277211216,-1.6199093388497943,-0.027507931136426578,-0.0057990619280931,-1.5431136714303735,1.6056242979520543,-3.1445062121193157,-1.746553687919122,-0.6610382883678976
1780435810.639351845,0.01458700050210493,-1.572033307810992,1.5626788484341314,-3.1081503276681226,-1.6235332625369843,-0.027126323740849223,-0.003499961747254443,-1.5424563910931548,1.6045927713666985,-3.144314768888674,-1.760211178780728,-0.6610382883670306
1780435810.689113855,0.015435455212132743,-1.5715052967367171,1.5622644107774126,-3.108547503446923,-1.6266125732417116,-0.026859012453696707,-0.0013009901541946396,-1.5417975956508645,1.6030949715244616,-3.1479959664028527,-1.7637487483911054,-0.6484719176261536
1780435810.739145041,0.015435455212132743,-1.5715052967367171,1.5622644107774126,-3.108547503446923,-1.6266125732417116,-0.026859012453696707,-0.00018928471520596494,-1.543244772938114,1.6033019489077438,-3.1445638155814466,-1.7706013695962335,-0.6484719176271971
1780435810.789365530,0.016160303251472552,-1.5710029398711427,1.5619160383273127,-3.1090893793044394,-1.6292444465662559,-0.026690176128943754,-0.000612773561670229,-1.545269461540678,1.6039475733261752,-3.1398230297599943,-1.756702900105256,-0.6610382883669774
1780435810.839331150,0.016764653379206962,-1.57053434358623,1.5616315159046363,-3.1097394270432264,-1.6314396379368503,-0.02667045152160874,0.0010761800503458212,-1.543987682344726,1.6018406908847211,-3.1465625701333573,-1.7505072637953978,-0.6610382883680672
1780435810.889282942,0.017240812877983736,-1.570155882213335,1.5614074789738808,-3.110285566355301,-1.633169743850993,-0.026866870302153956,0.002741413638409099,-1.5464169883521635,1.601606820333419,-3.131720853453242,-1.7536281655367374,-0.6610382883680752
1780435810.939217567,0.017240812877983736,-1.570155882213335,1.5614074789738808,-3.110285566355301,-1.633169743850993,-0.026866870302153956,0.004813451405127641,-1.5460530212105414,1.6002332797776304,-3.1316355748872713,-1.7528366274510578,-0.6610382883671841
1780435810.989169121,0.017615440439509022,-1.5698731141517213,1.5612280983750872,-3.1106513315792315,-1.634531277933358,-0.02732464020769143,0.006486267994873612,-1.5453026368158351,1.5997394719784068,-3.139654988287071,-1.7534395856404732,-0.6610382883680341
1780435811.039216280,0.01790083645036633,-1.5696650019674632,1.5610898716142734,-3.110898637768111,-1.63556871454296,-0.027977323214256167,0.00663349535220533,-1.5484548771862912,1.600630255879694,-3.1267849689581317,-1.7485520393002043,-0.6610382883679915
1780435811.089166164,0.01810121969094647,-1.5695332046941246,1.560990415702723,-3.1110129172076766,-1.6362972285555957,-0.028820731652570153,0.007551122492845006,-1.5485221370078177,1.6001614654477687,-3.130529151651779,-1.7463685226352026,-0.6610382883671928
1780435811.139305592,0.01810121969094647,-1.5695332046941246,1.560990415702723,-3.1110129172076766,-1.6362972285555957,-0.028820731652570153,0.010267656170046692,-1.5467936135988074,1.5976691199349438,-3.134764992364526,-1.7695235238099196,-0.6736046590974921
1780435811.189295530,0.018209584038862303,-1.569477485002178,1.5609341998529476,-3.1110108064124766,-1.6366912347413436,-0.029808741166792885,0.010649425972634503,-1.5495836536845085,1.5985140526724637,-3.125185259647021,-1.775356762192975,-0.6736046590963692
1780435811.239259243,0.018221904874234474,-1.5694932883587835,1.5609244450964168,-3.110919920862711,-1.6367360341708457,-0.03093010409192054,0.011000893571799642,-1.5489913898496352,1.597996902451566,-3.135406009366414,-1.7651398814759833,-0.6736046590962977
1780435811.289277554,0.018142375617794082,-1.5696075416948672,1.560954537008396,-3.1106210794753175,-1.6364468659923759,-0.03222639377923997,0.01178673115716424,-1.5499724449614831,1.5970841549386894,-3.1303837308280116,-1.7615935215927567,-0.6736046590973287
1780435811.339303493,0.018051920482655692,-1.5695288545227744,1.561020479885865,-3.1111354011711305,-1.6361179880904473,-0.03269593967582374,0.011279662745099766,-1.5538702918781375,1.597310496721403,-3.121010374365945,-1.7717358861372376,-0.6736046590962766
1780435811.389378071,0.018051920482655692,-1.5695288545227744,1.561020479885865,-3.1111354011711305,-1.6361179880904473,-0.03269593967582374,0.012533782202138802,-1.5541439912337962,1.591546993526045,-3.1371962330253145,-1.791868329118507,-0.6736046590964241
1780435811.439165115,0.018093438975870013,-1.5685438084603165,1.561140637088665,-3.1150692944342215,-1.6362689393322958,-0.030804790581503205,0.013135644110390065,-1.5597767308620556,1.5910323569100548,-3.1376639162349855,-1.7983111111454022,-0.6736046590974136
1780435811.489273787,0.017664979090259214,-1.5678507190452065,1.561489491789383,-3.1187877494171965,-1.634711342153345,-0.02711454395816304,0.009717005394952011,-1.5605631286365051,1.5941894132205041,-3.1458262406767794,-1.7836328980846081,-0.6610382883540008
1780435811.539261341,0.016358674098431614,-1.5682715133293597,1.5621970978724475,-3.1198117550470643,-1.6299649078630285,-0.02039045202416112,0.009889631808399947,-1.5581542568918296,1.5916369910272388,-3.1439559830952533,-1.7755806931216613,-0.6610382883553005
1780435811.589363337,0.016358674098431614,-1.5682715133293597,1.5621970978724475,-3.1198117550470643,-1.6299649078630285,-0.02039045202416112,0.01003148246101344,-1.559161893854002,1.5926463569282003,-3.1334405253061153,-1.777194182430193,-0.6610382883542717
1780435811.639455318,0.014826358704080667,-1.568869120184134,1.563004816320067,-3.1205620595552217,-1.6244018210677336,-0.013415146858863025,0.01117470896978826,-1.5563170428463717,1.591200999313034,-3.1420682208949597,-1.7755299308925379,-0.6610382883541388
1780435811.689493656,0.013120768454983223,-1.569667998334448,1.5638755016124575,-3.1208192574795817,-1.6182152473600544,-0.006233801969594666,0.011268569974224185,-1.5559837225513498,1.591362277595938,-3.1414736901198244,-1.7762187125448874,-0.6610382883552871
1780435811.739314079,0.011267446013437654,-1.5706203497239999,1.5647975877342428,-3.1207138779403034,-1.611499237145643,0.0009935028258258377,0.011307384731125584,-1.5587154607995615,1.594682822575845,-3.1334171417193306,-1.7692838195163814,-0.6610382883543128
1780435811.789295912,0.009727448241186876,-1.5706332999242134,1.5656572946084695,-3.123738408949649,-1.6059235319372336,0.004966725350042503,0.01499323656339946,-1.55737308516518,1.5968805525819432,-3.1481570285084306,-1.7664966195928395,-0.6610382883547342
1780435811.839434862,0.009727448241186876,-1.5706332999242134,1.5656572946084695,-3.123738408949649,-1.6059235319372336,0.004966725350042503,0.0174201643020603,-1.556855843890819,1.596841665473548,-3.1512598659386124,-1.7782199540337909,-0.6610382883560175
1780435811.889345646,0.00943771279172334,-1.5689666462777545,1.5660198357404647,-3.131003890647226,-1.604874999249546,0.005954529642746712,0.016685388544200715,-1.5579534530030328,1.5968708149300708,-3.146064320046942,-1.7909644303081953,-0.6610382883548346
1780435811.939686775,0.009396766748284158,-1.5672045761060867,1.5662287964057815,-3.138097198327817,-1.6047268304401907,0.007137276736967938,0.01585045953199595,-1.555649935708641,1.59568032222134,-3.1594756831881914,-1.7892920092348887,-0.6610382883547442
1780435811.989144325,0.009511508225098053,-1.565414493580196,1.5663294444207314,-3.144937535163003,-1.6051420455887655,0.008308725495886026,0.01374913381111892,-1.5564642208984907,1.5964607297667963,-3.156991224475698,-1.776537358400573,-0.6610382883557465
1780435812.039140224,0.009771600465684482,-1.5636091123690008,1.5663283021905288,-3.1515003201070155,-1.6060833290292553,0.009372446787443162,0.012442351665440877,-1.557515208023366,1.5967190542020684,-3.147027051045326,-1.7722516282979843,-0.6610382883546201
1780435812.089330912,0.009771600465684482,-1.5636091123690008,1.5663283021905288,-3.1515003201070155,-1.6060833290292553,0.009372446787443162,0.013167855546043519,-1.5535331180894625,1.5941820364821555,-3.1586324280478038,-1.782483477687333,-0.6610382883548045
1780435812.139276743,0.010177045051398714,-1.5617919414747243,1.5662270907700306,-3.157776673064476,-1.6075508910981045,0.010293094225956777,0.012462282797333073,-1.5551064317431065,1.5957084896700762,-3.149565357927496,-1.7942725002518027,-0.648471917626567
1780435812.189367771,0.01070721184554646,-1.55994589493831,1.5660390055783957,-3.1638753201323095,-1.609470353545242,0.011116351896127228,0.010850239682877967,-1.554487593921774,1.5960467599754786,-3.1526686078781236,-1.780283907254326,-0.6484719176253876
1780435812.239280939,0.01140520232009834,-1.5580943802824851,1.5657414187588126,-3.1696259884163482,-1.6119982099497365,0.011426326121981065,0.011152514262355754,-1.551127437467935,1.5943875188513372,-3.1597106866964753,-1.7727622631881288,-0.6484719176268735
1780435812.289277792,0.01140520232009834,-1.5580943802824851,1.5657414187588126,-3.1696259884163482,-1.6119982099497365,0.011426326121981065,0.01255630778906581,-1.547097955253478,1.5960881713498378,-3.145438163165327,-1.7740976824655603,-0.6484719176266783
1780435812.339207172,0.0126540530288064,-1.556856459655089,1.5651231698109926,-3.1719521017920944,-1.616523359408328,0.008110923502362508,0.012906989752574049,-1.5412822547449956,1.5960725039039712,-3.145042301637071,-1.7925279426628733,-0.6484719176257867
1780435812.389382601,0.013950858372780761,-1.5561232882707507,1.5644594928750273,-3.172244223226325,-1.6212254548231781,0.00450830800173473,0.011646370291544058,-1.5363758214902745,1.5969780812687364,-3.149019420985804,-1.793538619498307,-0.6484719176272123
1780435812.439499140,0.015178783681667252,-1.5556414001485104,1.5638204275703842,-3.171694686674971,-1.6256808762596249,0.0009794615733093506,0.009081300686429818,-1.538523222077548,1.602267708041192,-3.1386840016919466,-1.7818908785603347,-0.6484719176265518
1780435812.489193439,0.016136711512980684,-1.5541777163601909,1.5633380937472388,-3.1753754437877215,-1.6291587694154268,-0.0013311982082457874,0.009529559176057157,-1.5365736271601467,1.6005314016711496,-3.154236919780786,-1.7604098926754093,-0.6484719176264081
1780435812.539256334,0.016136711512980684,-1.5541777163601909,1.5633380937472388,-3.1753754437877215,-1.6291587694154268,-0.0013311982082457874,0.010661802454266227,-1.538772927963664,1.6005991728187026,-3.142179938003344,-1.7608035355393028,-0.6610382883682112
1780435812.589268684,0.01706669112374093,-1.5525434296979386,1.562859210950994,-3.179723283684163,-1.6325370237064982,-0.004172321006730151,0.013080127851839563,-1.537991770286527,1.5983769374535404,-3.1441821201466387,-1.7795950954420403,-0.6610382883673125
1780435812.639210939,0.017997894226359,-1.5508027745112072,1.5623638605433512,-3.1844313449373955,-1.635921567244945,-0.007356043811161506,0.013690446543314775,-1.537814989477594,1.5981343665078578,-3.1529413814342875,-1.784852611732618,-0.6610382883682886
1780435812.689451456,0.018906455903901387,-1.5489641012321442,1.5618616921495019,-3.1895088557641382,-1.6392256330390946,-0.0108949842783721,0.013310898515943942,-1.5406054167305845,1.5988716461841002,-3.143918643276496,-1.7773221966340005,-0.6610382883682818
1780435812.739144802,0.018906455903901387,-1.5489641012321442,1.5618616921495019,-3.1895088557641382,-1.6392256330390946,-0.0108949842783721,0.013761211923483188,-1.540531405846811,1.597753203020027,-3.149379879590081,-1.7729352128637161,-0.6610382883673851
1780435812.789121628,0.019790327879017466,-1.5470475821393102,1.5613512565458962,-3.1948792557440515,-1.6424416655197742,-0.014746615896706672,0.015390699798168563,-1.5391185019516875,1.5956537423505128,-3.1595976784936672,-1.7811785616948463,-0.6610382883684884
1780435812.839146137,0.0206463213388437,-1.5450632611127446,1.5608320853331645,-3.2005070459954594,-1.6455579383086727,-0.018895002603150246,0.01702470277405609,-1.5408685299461595,1.5950453926207766,-3.149477564446421,-1.7990404757099476,-0.6610382883684963
1780435812.889148712,0.021488864347770198,-1.54301696086893,1.5602946285993033,-3.2063385483056632,-1.6486268855811899,-0.023314758751695308,0.017667861135861888,-1.5410077864893728,1.5944933834457604,-3.153742758091479,-1.8037990263087673,-0.6610382883673147
1780435812.939236641,0.022313642468751782,-1.5409023401512458,1.559738672250108,-3.2124012010728893,-1.6516327287041426,-0.02802967417868807,0.017641493547594585,-1.5406463244555342,1.5942187246240072,-3.1639212773239733,-1.7988281873192282,-0.6610382883683986
1780435812.989341497,0.022313642468751782,-1.5409023401512458,1.559738672250108,-3.2124012010728893,-1.6516327287041426,-0.02802967417868807,0.01827468794184957,-1.542143860851895,1.593544022087036,-3.153965459527012,-1.8011504575535469,-0.673604659096782
1780435813.039644718,0.0231227906645326,-1.5387272574579605,1.5591613556344648,-3.218658173122886,-1.6545831774617579,-0.033027527447849536,0.015912962971930858,-1.5369029440021391,1.5920545675747209,-3.1715181658744505,-1.815462982345178,-0.6736046590963943
1780435813.089305162,0.023594625726239382,-1.5387737817528766,1.558919187631566,-3.217570789700526,-1.656304386472815,-0.03265593972175562,0.011552057426893185,-1.5323982693009048,1.5928772314302408,-3.164124492295914,-1.8202605267997607,-0.6736046590968867
1780435813.139323711,0.023814110485124385,-1.5395182160882603,1.558859004744782,-3.214462040201275,-1.6571052300205942,-0.03184151119193768,0.008724423423012823,-1.5286180065078865,1.5953714451841865,-3.162851723934323,-1.814373737553723,-0.6736046590954798
1780435813.189251423,0.023814110485124385,-1.5395182160882603,1.558859004744782,-3.214462040201275,-1.6571052300205942,-0.03184151119193768,0.007283278729058476,-1.5224161785972736,1.5948160980594293,-3.1694371623556363,-1.810257562159011,-0.6736046590965334
1780435813.239438534,0.023907287478449613,-1.540922786369289,1.558901936800119,-3.2092000780905807,-1.657445244501906,-0.03061484582288987,0.006494468592826091,-1.519241968527834,1.5948097207458,-3.1550606382517214,-1.8204471200124936,-0.6736046590966746
1780435813.289351940,0.023637675558800364,-1.5424898990792046,1.5591318225197799,-3.204032969092579,-1.656461455009521,-0.028106335646381986,0.007688261285734117,-1.5219040605348262,1.5996731025841016,-3.1576129163620794,-1.8361515239297297,-0.6736046590956432
1780435813.339248419,0.022627692488307094,-1.5431341825668863,1.5597003553616227,-3.20367773286705,-1.652777683592106,-0.023981607235604052,0.009649793746563167,-1.5204597996047582,1.5973844440698015,-3.1701360873905,-1.822194276295777,-0.6736046590965433
1780435813.389252901,0.021859567297265015,-1.5437105700403757,1.5601340148223337,-3.2030830288935417,-1.649977687238275,-0.022731324456721325,0.011227000244110852,-1.5207274958597852,1.5997933992247795,-3.1627987447148307,-1.8001168155810938,-0.6736046590967536
1780435813.439273357,0.021859567297265015,-1.5437105700403757,1.5601340148223337,-3.2030830288935417,-1.649977687238275,-0.022731324456721325,0.012115104402297036,-1.5199220243508949,1.5992276773095593,-3.164988717247043,-1.7931012646914797,-0.673604659095588
1780435813.489255190,0.021251860327277994,-1.544041685753836,1.5604695371821231,-3.2030633885124726,-1.6477634366119585,-0.022102213617460897,0.013706281760095416,-1.5181854133795607,1.596839484813009,-3.172414661685567,-1.7994133919840316,-0.6736046590971727
1780435813.539221287,0.020698036606712655,-1.5441830014315876,1.5607667098605087,-3.2036277166889824,-1.6457462630189257,-0.021780758321649607,0.014914911246864029,-1.5200361092281902,1.5968450242155305,-3.1657558007493614,-1.8155593269861106,-0.6736046590969355
1780435813.589367867,0.020184885417015908,-1.5441439568137563,1.5610328958321136,-3.20476738168449,-1.6438778584528668,-0.02174646748482445,0.015313514549051974,-1.520883226651998,1.595869446995956,-3.167652121581176,-1.8177720207539518,-0.6736046590957122
1780435813.639328480,0.019696860915997982,-1.5439668983527195,1.5612776724792925,-3.2063568360105186,-1.6421014964649512,-0.021947356707311627,0.015105375477964426,-1.52131098873165,1.5953992148213587,-3.176327324951316,-1.8108731226678059,-0.6736046590968139
1780435813.689264774,0.019696860915997982,-1.5439668983527195,1.5612776724792925,-3.2063568360105186,-1.6421014964649512,-0.021947356707311627,0.014978807651505366,-1.523857411096322,1.5954160760634493,-3.169604011455292,-1.8059171285759856,-0.6736046590970282
1780435813.739314795,0.019231199691005285,-1.5436741861827734,1.561502792508838,-3.2083182252604687,-1.6404070342998471,-0.022338681123105886,0.01631307848012768,-1.5237687885690416,1.593177660898298,-3.1744515494474195,-1.8147213811531175,-0.673604659095813
1780435813.789367914,0.01876941920944497,-1.5432689856728965,1.561716925882367,-3.210673328230055,-1.6387271706879458,-0.02290627973233139,0.017767868588402,-1.5231640172188428,1.5913321040682775,-3.1844378233384387,-1.8258833740912552,-0.6736046590971217
1780435813.839236736,0.018310306343136906,-1.5427917159668096,1.5619218948795255,-3.213275344309834,-1.6370574778875842,-0.023586301842032142,0.01754785471786659,-1.5265291255924325,1.5921414216190866,-3.175695275151943,-1.8205007569240121,-0.6736046590969973
1780435813.889273167,0.017772697202038,-1.5428973208651175,1.5622011696067226,-3.213912751500454,-1.635102896678064,-0.022379455444371033,0.01389781328022776,-1.5252840773326648,1.5918134998043902,-3.182931777736984,-1.8088818813233671,-0.6736046590954283
1780435813.939312696,0.017772697202038,-1.5428973208651175,1.5622011696067226,-3.213912751500454,-1.635102896678064,-0.022379455444371033,0.0113336022411343,-1.5214695033140586,1.590460638000754,-3.1912113607154873,-1.8024363168445248,-0.6736046590964161
1780435813.989267588,0.017045403869280662,-1.5439749048931084,1.5626350307707575,-3.211388574212615,-1.632459674939878,-0.01932054563436747,0.010180047312807474,-1.5202735770894433,1.5901801856544304,-3.1767135888722744,-1.8082331569597938,-0.673604659096417
1780435814.039422035,0.01618024990552347,-1.545446720456292,1.5631527060228332,-3.2076754847219413,-1.6293168869195167,-0.015506817209703705,0.010260741659754217,-1.5189980944011268,1.590701863338541,-3.182373615085028,-1.8166102497795709,-0.6610382883544825
1780435814.089265347,0.016807805415541166,-1.5461198891120853,1.5628657730269302,-3.204032988233314,-1.6315964092490685,-0.016157887581009334,0.008003194813708123,-1.5124712597208685,1.5968468127738191,-3.189962312878856,-1.799016322912632,-0.6610382883550421
1780435814.139384747,0.016807805415541166,-1.5461198891120853,1.5628657730269302,-3.204032988233314,-1.6315964092490685,-0.016157887581009334,0.006217880503546017,-1.5082961374027901,1.5980405404649942,-3.1736887253378576,-1.7913488773273938,-0.6610382883550632
1780435814.189326763,0.017360654705275813,-1.5466692821811865,1.5626050118995396,-3.2009680695097447,-1.6336052603073172,-0.015366169985086664,0.006035210891316227,-1.5042525614116906,1.5987000429116505,-3.1744108288579564,-1.791793490478698,-0.6610382883542983
1780435814.239296675,0.01786299075721942,-1.5471729904607887,1.5623634901265055,-3.1981543738311564,-1.635431132388355,-0.014756063631388372,0.006378356302049498,-1.5008329425009856,1.5980538131879447,-3.179890703821175,-1.795620165743425,-0.6610382883556417
1780435814.289276838,0.018368331016609396,-1.5476271384099167,1.5621144103952627,-3.1955059119861855,-1.6372684753704672,-0.0142212526833978,0.005736467639856292,-1.5015743378502417,1.5992459739571339,-3.1700606954942914,-1.795058964759331,-0.6610382883553146
1780435814.339187145,0.018900249837462635,-1.5480484294664567,1.5618464191816643,-3.1929164116136666,-1.6392030579653625,-0.013688116716406462,0.004802963733986477,-1.501027310833627,1.5994638149388716,-3.1759780268758786,-1.7869177851384181,-0.6610382883544828
1780435814.389364243,0.018900249837462635,-1.5480484294664567,1.5618464191816643,-3.1929164116136666,-1.6392030579653625,-0.013688116716406462,0.004329713097478037,-1.500294310623005,1.598868356412271,-3.184973586342756,-1.7833334634246527,-0.6610382883554191
1780435814.439138889,0.01946889363461546,-1.5484426399688314,1.5615543729873897,-3.190344583705461,-1.6412719015519421,-0.013140650764200679,0.004799335890848823,-1.5019088860462269,1.5977571874141514,-3.171490688156131,-1.793337695408503,-0.6610382883554519
1780435814.489315748,0.020080630665958887,-1.5488143996366963,1.5612348437319878,-3.187760059222749,-1.6434983359628301,-0.012572263440541853,0.005695570350927826,-1.5010963675181328,1.5967143627076084,-3.1779889141002196,-1.8103992162241216,-0.6484719176260443
1780435814.539236546,0.020749145467176433,-1.5491582470402712,1.5608801482507182,-3.1851550049896376,-1.6459323854888046,-0.011984221552633123,0.004489209842126762,-1.5025602139717007,1.5973946229267697,-3.179656861547952,-1.8002507152277172,-0.6484719176271901
1780435814.589314461,0.020749145467176433,-1.5491582470402712,1.5608801482507182,-3.1851550049896376,-1.6459323854888046,-0.011984221552633123,0.004143524329769208,-1.50447834908854,1.5968549889527608,-3.172312125883475,-1.794860715761088,-0.6484719176262583
1780435814.639400482,0.0214673636714251,-1.5494827856527555,1.5604937846994578,-3.182509827086014,-1.6485485492909078,-0.01138819111830891,0.005277244374181135,-1.5031313704032714,1.594656967097593,-3.184779048681171,-1.8031557981054123,-0.6484719176262224
1780435814.689350843,0.022242982794751454,-1.54978218406107,1.5600710805776024,-3.1798292641447437,-1.6513751519054374,-0.010798500629730867,0.006096093535024555,-1.5042767599534042,1.593627622251214,-3.1810614512157014,-1.8106079268339155,-0.6484719176273394
1780435814.739407778,0.023080085030105835,-1.5500615157186335,1.5596092368182324,-3.177083971748299,-1.6544274179580212,-0.010213232860307286,0.006156894834143195,-1.506611033760361,1.5940537196497773,-3.1756440524506977,-1.8118488219967896,-0.6484719176261644
1780435814.789267063,0.02399625855715004,-1.5503103435457808,1.5590978210870745,-3.174274852125538,-1.6577699309021652,-0.009634930558166666,0.005781336924105058,-1.5066762721900737,1.5934424862759755,-3.187943896139136,-1.802447792506757,-0.6484719176261307
1780435814.839261532,0.02399625855715004,-1.5503103435457808,1.5590978210870745,-3.174274852125538,-1.6577699309021652,-0.009634930558166666,0.0057947610806991165,-1.508340337176266,1.592820517468196,-3.1847627266310816,-1.7990971276715924,-0.6484719176272655
1780435814.889234066,0.024980211664109353,-1.5505416660498064,1.5585421235149464,-3.171372712570036,-1.661362019174443,-0.009070047352718547,0.006813794505657261,-1.5100261810354558,1.591640840324506,-3.177008401334861,-1.8104716022958207,-0.6484719176263145
1780435814.939304113,0.026036337544468102,-1.5507480203425548,1.5579388093662545,-3.1683933761690892,-1.6652202784966281,-0.008540572423785697,0.00819669198602879,-1.509043795748692,1.5896731590246334,-3.1898227306579363,-1.8232317999303427,-0.6484719176262386
1780435814.989148378,0.02715057605667659,-1.5509291026340533,1.5572949953578687,-3.1653640426760146,-1.6692939181826079,-0.00808164443424264,0.00834093065061932,-1.5110792925041805,1.5897070568323841,-3.1875663509433574,-1.8221934394780792,-0.6484719176273496
1780435815.039299726,0.02715057605667659,-1.5509291026340533,1.5572949953578687,-3.1653640426760146,-1.6692939181826079,-0.00808164443424264,0.00754394083771309,-1.5131819961016708,1.5899095178945788,-3.1846768461116,-1.804022815543124,-0.6610382883669729
1780435815.089430332,0.028310057167576952,-1.550972974083698,1.5566207028169898,-3.1627377638745755,-1.6735363943721833,-0.008214985977891942,0.014957822791500059,-1.5148145102442836,1.5912473135053324,-3.193076769329136,-1.8062033945715938,-0.6484719176264608
1780435815.139134645,0.029294586608356266,-1.5506033756099846,1.5560549427905372,-3.1620479855599704,-1.6771415340137708,-0.010614394564086638,0.018316578116530428,-1.5172354510797126,1.5897506857567905,-3.190513515862221,-1.817210158506838,-0.6484719176278438
1780435815.189394951,0.03020850038793288,-1.550148365147697,1.5555297026198274,-3.161824633189631,-1.6804904397903346,-0.013185966352261325,0.0207048600602705,-1.5192972452781923,1.5886794352099445,-3.186758211879104,-1.835689088613417,-0.661038288354732
1780435815.239313602,0.03097539193141796,-1.5490136786137771,1.5551056258756,-3.1645069786112265,-1.6833023744168143,-0.014174199157784173,0.019964745692581293,-1.525426389046335,1.5882783874440338,-3.1975932809785985,-1.832302356242429,-0.6610382883559681
1780435815.289319038,0.03097539193141796,-1.5490136786137771,1.5551056258756,-3.1645069786112265,-1.6833023744168143,-0.014174199157784173,0.019826518175224777,-1.5319686786737083,1.5855284498692581,-3.1940148840197766,-1.8249033480766554,-0.6610382883558308
1780435815.339146852,0.0317127178915777,-1.5473902658475218,1.5546984581166334,-3.1690921550630224,-1.6860074474427549,-0.014285319765413362,0.022564645294078322,-1.5351553990600673,1.5822195485261301,-3.2042347610096678,-1.816549138976754,-0.6610382883552226
1780435815.389140368,0.0325147164596129,-1.5455632856342243,1.5542380034568848,-3.1742710882200034,-1.688951532496791,-0.017075647533197902,0.022892740582614986,-1.5294650009835635,1.5830760881501633,-3.2209004266042367,-1.8122893467421448,-0.6610382883549816
1780435815.439406872,0.031492855164232614,-1.547780610606818,1.554822893069202,-3.168084767178318,-1.6852006638200354,-0.011404257536381301,0.02005801221163666,-1.5252820891155352,1.5859213155555936,-3.20983552838013,-1.8264650542229237,-0.6484719176127032
1780435815.489262104,0.031492855164232614,-1.547780610606818,1.554822893069202,-3.168084767178318,-1.6852006638200354,-0.011404257536381301,0.020988691945493257,-1.5194929037098355,1.58639528279087,-3.213472537016145,-1.8131233866575214,-0.6484719176129216
1780435815.539327860,0.02961394178362564,-1.5501141784673758,1.5558809912405576,-3.1632348244565756,-1.6783115064535057,-0.006054363086525072,0.02007739389228572,-1.519576385841213,1.5881393522092524,-3.201028096606198,-1.8022500332423457,-0.6484719176138657
1780435815.589677334,0.027502421223593476,-1.552449344630868,1.55704282858658,-3.158793089160111,-1.6705809267901524,-0.00019571870347778741,0.019408735960294167,-1.5195723120040068,1.588972819734618,-3.1970521870169093,-1.7988369378335731,-0.6484719176126773
1780435815.639320374,0.025419768851118185,-1.5550930529184388,1.5581382992017188,-3.1530059544387234,-1.6629674762373128,0.004333793157194534,0.022745065360758307,-1.5123228640100974,1.586188584106113,-3.2056581772907915,-1.8205679750913564,-0.6359055468853871
1780435815.689283848,0.025419768851118185,-1.5550930529184388,1.5581382992017188,-3.1530059544387234,-1.6629674762373128,0.004333793157194534,0.022873350706299478,-1.5082826644277603,1.5920895293589161,-3.1885125434702513,-1.8216646930687337,-0.6359055468847054
1780435815.739258289,0.02398038010632253,-1.5584191917038428,1.5587676532380845,-3.143081285625374,-1.6577119834929563,0.004391142632465964,0.021349131115666282,-1.5016593305309707,1.5923829484204752,-3.1895137805248424,-1.8110296486846926,-0.6359055468843633
1780435815.789267063,0.02258740476284493,-1.5620362870716713,1.5592701094380714,-3.131740489532327,-1.6526307905846807,0.0043710048549346564,0.01916171222553306,-1.4982728340348679,1.594123399907874,-3.188113978980061,-1.8025586842465637,-0.635905546885685
1780435815.839663982,0.021128339295979126,-1.5659510531344134,1.5596860139136934,-3.119138315273796,-1.6473134786617551,0.004574459557549924,0.016915701573089,-1.4970427251133094,1.5954302288903273,-3.1778612268582096,-1.7978587531581667,-0.6359055468854208
1780435815.889153719,0.01986167666187666,-1.5697438459822113,1.5598978108872024,-3.106378755742579,-1.6427013496464848,0.004255599137425914,0.017315812770512525,-1.4948780414053333,1.5953072461881257,-3.1762957062764197,-1.8078775210400477,-0.6359055468846357
1780435815.939316750,0.01986167666187666,-1.5697438459822113,1.5598978108872024,-3.106378755742579,-1.6427013496464848,0.004255599137425914,0.018706346414583238,-1.4983006826065823,1.6012405350247845,-3.1782992195394373,-1.815860158224596,-0.6484719176271508
1780435815.989330530,0.019311519639424013,-1.571137959432856,1.5600007268251905,-3.101810877597899,-1.640699270345504,0.0037817836415868847,0.017419288788473312,-1.5064465309932258,1.5973804397795612,-3.1709584236218444,-1.8003792431704635,-0.6484719176263932
1780435816.039157629,0.018254284582946312,-1.571800812747294,1.560529190497645,-3.101344501525128,-1.6368537706627988,0.006896228971927025,0.01677650844123656,-1.5122332212054248,1.5959833412000617,-3.1879552313613413,-1.8003087144475243,-0.6484719176262019
1780435816.089161396,0.017063489834737045,-1.5722611880620727,1.5611687154138827,-3.101986983030996,-1.6325253915315674,0.011171517885496005,0.016631593696012265,-1.5175480142708544,1.5906995184781014,-3.1911706500398647,-1.7915694299785971,-0.6484719176271977
1780435816.139283895,0.017063489834737045,-1.5722611880620727,1.5611687154138827,-3.101986983030996,-1.6325253915315674,0.011171517885496005,0.02081373030655031,-1.5210435003719427,1.5899960223840564,-3.192335328373578,-1.8050469608276838,-0.6610382883546811
1780435816.189264059,0.01580809518698212,-1.5725001913539147,1.5618792598945193,-3.1036625135405522,-1.6279654674258763,0.013471734158009141,0.023252009053829074,-1.523293353674207,1.5890004885251057,-3.2030080997975396,-1.7901675559896129,-0.6610382883553942
1780435816.239268541,0.014381257428098149,-1.5728846014263382,1.5626594754865455,-3.1050721572759294,-1.6227867754670644,0.015849106485990302,0.02328235759531665,-1.5283677453447826,1.58917579369511,-3.1959302945365318,-1.770685339144233,-0.6610382883553658
1780435816.289138794,0.012742379478710264,-1.5732894411342118,1.5635514683032903,-3.106806475353954,-1.6168435188483734,0.018523131250528724,0.024164800312007524,-1.5310578499746255,1.5874960364427244,-3.1981249545950097,-1.7627896745127798,-0.6610382883542608
1780435816.339586735,0.012742379478710264,-1.5732894411342118,1.5635514683032903,-3.106806475353954,-1.6168435188483734,0.018523131250528724,0.027478087421067814,-1.5306020639993339,1.5855775909475673,-3.2091184410359324,-1.767553039365591,-0.6610382883555448
1780435816.389328957,0.010937505823819915,-1.5737549002312123,1.5645177796769438,-3.108590898971547,-1.610304290956135,0.02013520433827746,0.029160334145650127,-1.5338181741054147,1.5877756439371626,-3.198144870679712,-1.7749918996088998,-0.6484719176135522
1780435816.439488411,0.009149996634268964,-1.5741035701789023,1.5654796902169923,-3.1107733425532462,-1.603833922519203,0.020776271444329048,0.029055595298411455,-1.5345577923994203,1.5868569799004932,-3.206269583521267,-1.7620225013666648,-0.64847191761356
1780435816.489282608,0.00729423712254218,-1.5743750452443095,1.5664779624723348,-3.113359560338691,-1.5971224912641269,0.021505060838171712,0.028579013541511523,-1.5371121305441395,1.586500215927653,-3.201107380882711,-1.7573546624429197,-0.6484719176144126
1780435816.539251804,0.00729423712254218,-1.5743750452443095,1.5664779624723348,-3.113359560338691,-1.5971224912641269,0.021505060838171712,0.028879868010821232,-1.5379802586248434,1.5870019062769807,-3.1926946317945477,-1.7665725470037905,-0.6484719176135463
1780435816.589283943,0.005479811312820715,-1.5748759540901212,1.5674035468175826,-3.114876645204712,-1.5905661744519461,0.02189015856478448,0.028810963583657496,-1.5365726738579548,1.58535237191963,-3.2002318097103273,-1.7798904442758172,-0.6484719176135338
1780435816.639216661,0.003859280302707546,-1.5752750343547977,1.5682265128927386,-3.116390248958362,-1.584714974313611,0.021708684933882606,0.029782668983308436,-1.5359335321371175,1.586773417141287,-3.2015358060958827,-1.7810445112702749,-0.6610382883556525
1780435816.689459085,0.002519671389567213,-1.5754370866537881,1.5689236026215574,-3.11829688309479,-1.5798811509591237,0.020140898670422392,0.027690427303412826,-1.5388258771737098,1.5885635556828845,-3.186485509160887,-1.778204520655814,-0.6610382883555048
1780435816.739370584,0.001327442886447594,-1.5755316862077997,1.5695443271918676,-3.120172260332044,-1.5755813711733584,0.01880389639705551,0.025332432989136,-1.5396174605260402,1.5892154710375106,-3.18940912609975,-1.763432590548778,-0.6610382883546162
1780435816.789249420,0.00022691124767715287,-1.5755596914850596,1.5701196557863781,-3.1221238362987522,-1.5716141015692653,0.017595738200370345,0.024082800185742596,-1.5390512077046647,1.5882884593022126,-3.198018670225592,-1.7561513562735063,-0.6610382883555344
1780435816.839281797,0.00022691124767715287,-1.5755596914850596,1.5701196557863781,-3.1221238362987522,-1.5716141015692653,0.017595738200370345,0.02352236799591311,-1.5412449991406874,1.5880038107651744,-3.1853663112858532,-1.7607767007729325,-0.6610382883555747
1780435816.889138699,-0.0008111295887456293,-1.5755405209024378,1.5706629252977793,-3.1241305109400126,-1.5678736374985887,0.0165097124419396,0.02337841496342822,-1.541865135006054,1.58738002684725,-3.185566305698826,-1.7687509582873229,-0.6610382883546544
1780435816.939350605,-0.0017902797328623876,-1.575465541988394,1.571177609546059,-3.126235715339279,-1.5643467004639398,0.015509510424235968,0.021310293589532518,-1.5432618091297474,1.5885622411088811,-3.1897770201227695,-1.7491731042380458,-0.6484719176146564
1780435816.989271641,-0.0024623596786224056,-1.5750880139574122,1.5715690074806534,-3.1289809236232924,-1.5619265630729373,0.013682615649138334,0.020938275972778517,-1.5452858874249555,1.589210826008474,-3.183206508429889,-1.7459137548941333,-0.6610382883556449
1780435817.039218903,-0.002761792089915005,-1.5746839367426375,1.5717703466260322,-3.1311443303616193,-1.560848501859751,0.011043605002055095,0.01971211790883685,-1.5451889695949275,1.5891775391698089,-3.1846787498379068,-1.7395511949977187,-0.6610382883546636
1780435817.089145184,-0.002761792089915005,-1.5746839367426375,1.5717703466260322,-3.1311443303616193,-1.560848501859751,0.011043605002055095,0.019525738672089083,-1.5442372760478316,1.587310128669454,-3.1900644048430715,-1.7468074796875415,-0.6610382883557229
1780435817.139337063,-0.0028888420276151905,-1.5740830847269534,1.5719050749844077,-3.1337758803046216,-1.5603911117405884,0.008717717342896955,0.01881942775576185,-1.5463568866678932,1.5875956370216666,-3.1798696634070827,-1.7531930873920587,-0.6610382883558303
1780435817.189478874,-0.00285494084666027,-1.573437637277233,1.5719604358817183,-3.136286941752965,-1.5605131567787858,0.006238623903460887,0.016967756774751805,-1.547953517552176,1.58877206239697,-3.1821883211052766,-1.7415783772925038,-0.6610382883548335
1780435817.239309072,-0.002677661589219227,-1.5726396647569292,1.5719566537296503,-3.139137835510635,-1.5611513896357732,0.0038513558486545627,0.015420076831909149,-1.5481435676314304,1.5880752241423113,-3.189840733056002,-1.719220052773845,-0.6610382883555594
1780435817.289537191,-0.002442629254559847,-1.5719130874845497,1.5719125581803695,-3.1415926012328512,-1.5619976034601777,0.0010719694312889719,0.01568933244619472,-1.549640722173482,1.5884546756529219,-3.178676550403678,-1.7096063132517052,-0.6610382883556227
1780435817.339310884,-0.002442629254559847,-1.5719130874845497,1.5719125581803695,-3.1415926012328512,-1.5619976034601777,0.0010719694312889719,0.016953542107153694,-1.5492775645231456,1.5880059715754744,-3.1795743294554497,-1.7093909341725328,-0.6610382883549799
1780435817.389281750,-0.002438141631690982,-1.5713749099087329,1.571961626356344,-3.1437088299197704,-1.5620137614415333,-0.0018657061648168494,0.015518176078289748,-1.5425541202535635,1.589218058654415,-3.1939005328577044,-1.7170393175651837,-0.6610382883554546
1780435817.439159155,-0.0031585404935690065,-1.5725410525753247,1.5722057015238544,-3.1403889850586846,-1.5594202419355856,-0.0019696766171906077,0.014009617003453049,-1.5392972603263724,1.5921748359283723,-3.1836453002191707,-1.7090051103094142,-0.6484719176269313
1780435817.489332914,-0.004030389952930591,-1.5736304830310939,1.572524517129005,-3.1376229066697476,-1.5562823390050404,-0.0026240512190369714,0.01230802590213769,-1.5394145275068194,1.5952729710938858,-3.1756192727523613,-1.7054106560786488,-0.6484719176263336
1780435817.539155245,-0.005032089955875563,-1.5747788079676823,1.5728932405083278,-3.1348326295339124,-1.5526782094697964,-0.0032965213760949297,0.010819504101110607,-1.5371567935622918,1.5953221330824439,-3.1821599714732294,-1.686029209650059,-0.6484719176263019
1780435817.589249372,-0.0061603110333283695,-1.5760310259182324,1.5733031906287627,-3.1318269109528125,-1.548620241832996,-0.004079903964460563,0.010367164828739173,-1.536780997022392,1.5950602377981575,-3.1752153579515645,-1.6792847143468657,-0.6484719176269632
1780435817.639171600,-0.0061603110333283695,-1.5760310259182324,1.5733031906287627,-3.1318269109528125,-1.548620241832996,-0.004079903964460563,0.010344418789965245,-1.537648327847319,1.5954456535813126,-3.163998497323298,-1.684341793524565,-0.648471917626482
1780435817.689147472,-0.007399818093690946,-1.577403865948905,1.573741963431462,-3.1285037309799653,-1.5441636253541828,-0.005006970925510501,0.011197365022129247,-1.5353657322173673,1.5940651361050335,-3.171519436024501,-1.6952925685989408,-0.6484719176264214
1780435817.739249706,-0.008747506153575557,-1.578911932297598,1.5742026309266202,-3.1247892861415796,-1.5393198828344952,-0.006099318844071,0.010713926110594452,-1.53636574418399,1.5946947516665528,-3.1666288812047916,-1.700234587242679,-0.6484719176271058
1780435817.789391518,-0.010203485916363775,-1.5805674053635457,1.574679300215888,-3.1206230745199064,-1.534088960337817,-0.007370695508702951,0.008793478282059427,-1.53959513143415,1.5967897540504592,-3.155098175357432,-1.692424771829737,-0.6484719176264161
1780435817.839337587,-0.0117793570652438,-1.5823731626928597,1.575172168392759,-3.1160000405838097,-1.5284295331415967,-0.008798934062576258,0.008517806287860058,-1.537963431842675,1.5954194479162054,-3.164358438701689,-1.6871186600536343,-0.6484719176265007
1780435817.889346600,-0.0117793570652438,-1.5823731626928597,1.575172168392759,-3.1160000405838097,-1.5284295331415967,-0.008798934062576258,0.008887167157002409,-1.5382541114409918,1.5942615733349,-3.160432206589847,-1.6964433322749966,-0.6484719176272293
1780435817.939295053,-0.013489577723641233,-1.58430993526758,1.5756858278160513,-3.1110088087149284,-1.5222900526955279,-0.010265186861452946,0.008488476343503398,-1.5408864244541638,1.5947708704467924,-3.1481532179060183,-1.6998147771716494,-0.6484719176265236
1780435817.989476919,-0.015271933414023664,-1.586036900307505,1.5762463282940313,-3.1069375470723886,-1.5158940927007727,-0.012969804461569368,0.012444123494094897,-1.5416611484931995,1.5972704365622867,-3.158223207834519,-1.6900788283200292,-0.648471917626771
1780435818.039290905,-0.016859615338171707,-1.5872745257192733,1.5767834156211515,-3.1045059319117434,-1.5101986542013925,-0.01735830702292951,0.012082925261810658,-1.5442040989165706,1.5972325289851141,-3.152816712541257,-1.6767316856802073,-0.6484719176272844
1780435818.089268446,-0.018384470068915526,-1.5885094500483543,1.5772781741534283,-3.101939910571317,-1.5047301488104363,-0.021673747120620313,0.010990945560456865,-1.547305997371227,1.5971269343976366,-3.142593416432816,-1.6712839147251348,-0.6484719176268038
1780435818.139372826,-0.018384470068915526,-1.5885094500483543,1.5772781741534283,-3.101939910571317,-1.5047301488104363,-0.021673747120620313,0.011455812595561294,-1.5463535749286903,1.595213190015632,-3.1521267520872365,-1.6789268524522905,-0.6484719176268248
1780435818.189467907,-0.019940068272854106,-1.589813210327378,1.5777612327257327,-3.099098653783669,-1.4991528029373278,-0.02606317983319073,0.010235709496786793,-1.5503362703618881,1.595421332695985,-3.1467496374956325,-1.690854297648184,-0.648471917627042
1780435818.239151239,-0.02173297248400008,-1.5904435026188075,1.5784773563040082,-3.099422876794331,-1.4927262000124797,-0.02772763732713379,0.006547612790936892,-1.559158215719913,1.5913275489889418,-3.1427936556537905,-1.6939927787461337,-0.6359055468855674
1780435818.289117336,-0.02377149353814101,-1.590306989837197,1.5794421926765825,-3.103293822737931,-1.485420933335952,-0.026821766082404608,0.005300142478023511,-1.5662259822292741,1.5911627973377238,-3.1505323081907277,-1.6937241799766685,-0.6359055468848888
1780435818.339264154,-0.025602728445497824,-1.5898356378445406,1.5803519834532478,-3.1081507727156836,-1.4788597980341098,-0.028211568184758562,0.008085912049974423,-1.5675297596011202,1.592722516217686,-3.161938509465731,-1.670698022898161,-0.635905546885457
1780435818.389139891,-0.027065808266435454,-1.5891940528419042,1.5811055942922043,-3.113067069180184,-1.4736184291254801,-0.031197030543776982,0.008129004233702015,-1.5695653338923128,1.59220515951904,-3.1681431370633044,-1.6672935860445302,-0.6484719176143721
1780435818.439157009,-0.028646185463512275,-1.5894899056596845,1.5817382909905664,-3.1142723849775713,-1.467957388223307,-0.031208313061505066,0.0014483212179618962,-1.5682133755871375,1.5923599799643569,-3.160280570873859,-1.6612841862574248,-0.6484719176138571
1780435818.489338875,-0.028646185463512275,-1.5894899056596845,1.5817382909905664,-3.1142723849775713,-1.467957388223307,-0.031208313061505066,-0.0013625590912850782,-1.5659614251934588,1.5927048973974312,-3.158571325802192,-1.6683020044005534,-0.6484719176133292
1780435818.539186954,-0.03032699203680611,-1.5902121465680068,1.5823339361600257,-3.1138489489969996,-1.461937030623508,-0.030122649097709342,-0.0027158262780323517,-1.5638039182839965,1.5919790326793741,-3.161872406803796,-1.6766065953244087,-0.6484719176139894
1780435818.589281321,-0.031959715843637326,-1.5907940625245311,1.5829225758427485,-3.113893804464671,-1.456089134774058,-0.028566766426136425,-0.005561119778919807,-1.5660072540692855,1.5941398850159854,-3.152010821602332,-1.673075444856,-0.6484719176138181
1780435818.639306068,-0.033558891826482196,-1.5912611062822268,1.5835067946159267,-3.114326732519172,-1.4503614445176813,-0.02655695890223697,-0.008486233906875381,-1.5669370623037215,1.5948137759837693,-3.1543092839794826,-1.6536015723872566,-0.6484719176134007
1780435818.689272881,-0.03506856493853405,-1.5914991719026998,1.58408266801614,-3.1155354448815706,-1.4449542086840648,-0.024452620987289286,-0.009444009347196402,-1.566971460328995,1.5947300830258673,-3.162728926262589,-1.6449545046701792,-0.648471917614155
1780435818.739364386,-0.03506856493853405,-1.5914991719026998,1.58408266801614,-3.1155354448815706,-1.4449542086840648,-0.024452620987289286,-0.006459152374286357,-1.5693357209843066,1.5965762479911154,-3.1532358303018575,-1.657651760118621,-0.6359055468853768
1780435818.789527178,-0.035534154196789736,-1.5905662439441635,1.584414945951057,-3.1200043979853676,-1.4432865498829814,-0.026125045783548906,-0.00767774540503362,-1.5682524501478605,1.596329879448117,-3.1677130722392137,-1.6340076781243325,-0.6484719176267234
1780435818.839367390,-0.035683514178640685,-1.5896172161912574,1.5846131244522275,-3.1240648005420435,-1.4427515627786196,-0.027894511987478943,-0.009498403486688747,-1.5706445504614894,1.5967541113125037,-3.1563431020796098,-1.624602544305718,-0.6484719176267767
1780435818.889280796,-0.035683514178640685,-1.5896172161912574,1.5846131244522275,-3.1240648005420435,-1.4427515627786196,-0.027894511987478943,-0.010027681864547866,-1.5700870246698155,1.5961715410345079,-3.1574205958869053,-1.6253622788821886,-0.648471917626437
1780435818.939544678,-0.03564150488315754,-1.58874702417633,1.5847167527935702,-3.12751811144506,-1.4429020346606531,-0.030035433874378903,-0.009802563779246555,-1.5680228125406268,1.5947056974785612,-3.163033089640056,-1.6383198518203992,-0.6484719176268663
1780435818.989251614,-0.03541174561070015,-1.5879391593975232,1.584732732194948,-3.1304432691093003,-1.4437249985312484,-0.03252848663582508,-0.012001379930147634,-1.5706300424380872,1.596785040329857,-3.151174568402267,-1.6393613903799729,-0.6484719176268574
1780435819.039278507,-0.03502018653448502,-1.5871687774981513,1.5846763182941133,-3.132980311285536,-1.4451274901266906,-0.03537210230385668,-0.014524028361994614,-1.5713125477197494,1.5977949471053956,-3.150980407048805,-1.622258795360583,-0.6484719176265578
1780435819.089477301,-0.03468630116297344,-1.5866234533773627,1.5846118780453646,-3.134690582247761,-1.446323391634703,-0.03756929330112335,-0.016483194947934408,-1.5684024370790608,1.5977095575042215,-3.1583679671233145,-1.613617691037147,-0.6484719176263981
1780435819.139405489,-0.03468630116297344,-1.5866234533773627,1.5846118780453646,-3.134690582247761,-1.446323391634703,-0.03756929330112335,-0.02011552515704564,-1.56599102173368,1.6009683985994294,-3.148763694683697,-1.6167278981749564,-0.648471917626353
1780435819.189292431,-0.03525904915270228,-1.5868552999113303,1.5848070362640223,-3.134567859469648,-1.4442719309706717,-0.03578816147831976,-0.021345457417096973,-1.5636471460196777,1.6019163689842262,-3.146190840295445,-1.6153351974988006,-0.6484719176260731
1780435819.239399910,-0.03607349534530968,-1.5869862558333319,1.585106076140607,-3.1351795438203647,-1.4413546882969905,-0.0336068201076154,-0.022226631195596116,-1.5613460911466381,1.6016019912358714,-3.149628566601336,-1.6094938967817947,-0.6484719176263425
1780435819.289159298,-0.0370031528000796,-1.5870993693614341,1.5854484965773774,-3.1360120636712168,-1.4380246452752594,-0.031239456968251922,-0.023352696950828804,-1.5614632696859854,1.6024486976139298,-3.147858770261649,-1.6145223446187973,-0.6359055468851915
1780435819.339149237,-0.03801892319330591,-1.5872153402678588,1.5858195477539825,-3.1369387710679524,-1.434385949710829,-0.02871820488157173,-0.02582139484839977,-1.5643224900547708,1.6040376622402237,-3.1360782213504415,-1.6045525386129698,-0.6359055468849604
1780435819.389142275,-0.03933524243549691,-1.5870952183262874,1.5863238193761873,-3.1391930383877376,-1.4296702529080783,-0.025287355958693247,-0.02691490483012243,-1.5648045960826007,1.6030728294069412,-3.1449436547918665,-1.5977632703879703,-0.6359055468848348
1780435819.439375639,-0.03933524243549691,-1.5870952183262874,1.5863238193761873,-3.1391930383877376,-1.4296702529080783,-0.025287355958693247,-0.02697851353379755,-1.5667903729930908,1.5999335848233518,-3.1444544345124306,-1.6046190965847384,-0.635905546885002
1780435819.489204407,-0.04100607053227279,-1.5865738916777836,1.5869879066856867,-3.1434718947752933,-1.4236837815584193,-0.020339700553560824,-0.026845380991910767,-1.5696268281170314,1.5997899052221303,-3.1414574031148246,-1.6085213578744217,-0.6359055468848119
1780435819.539178371,-0.04273842407597428,-1.5861263573574096,1.5876467718539797,-3.1474826867396266,-1.417475782047405,-0.015487042976211285,-0.027703979997316493,-1.5695837167665,1.6002025507608446,-3.156300189372797,-1.5968985077136797,-0.6359055468847847
1780435819.589150429,-0.04447003518909298,-1.58580860219978,1.588275008200877,-3.1509281291946247,-1.4112691165394926,-0.010670020802816538,-0.02906510458424033,-1.5706051699922305,1.600118608998003,-3.155830968492828,-1.5773191696014952,-0.6359055468848472
1780435819.639317036,-0.04626907934186697,-1.5854836132348318,1.5889088540344758,-3.154433052504302,-1.4048191028817083,-0.005454949203016923,-0.03027791775105103,-1.573285038848189,1.6005416898495166,-3.1480294911243796,-1.5719555475000224,-0.635905546884765
1780435819.689262629,-0.048141317162532005,-1.5851602240092566,1.5895477877241186,-3.1579647296319417,-1.3981046217650244,0.00012970088634211164,-0.031218154691301264,-1.5740555609327584,1.6003302998019857,-3.1523443351412648,-1.5737199978590966,-0.6484719176133308
1780435819.739335537,-0.048141317162532005,-1.5851602240092566,1.5895477877241186,-3.1579647296319417,-1.3981046217650244,0.00012970088634211164,-0.029593217643139498,-1.572107420179595,1.5978689939806963,-3.1567454385447067,-1.5957733147395847,-0.6359055468848719
1780435819.789353609,-0.050062077903909596,-1.5849009912765704,1.5901785659762193,-3.1612471442563117,-1.3912136510063506,0.005965637726070451,-0.03185150268617612,-1.575570984521831,1.5998036166615572,-3.1469707599375747,-1.5923067104107809,-0.6359055468846806
1780435819.839492798,-0.05205916539704347,-1.5846439409392943,1.5908131751716632,-3.164549899836499,-1.3840458637592352,0.01229950794437836,-0.034127102444174315,-1.5755702208193298,1.59997190170677,-3.1564397047365795,-1.5695115978081444,-0.6359055468846151
1780435819.889448404,-0.053934205048908446,-1.5840475152152065,1.591405532551911,-3.1689534100889056,-1.3773130411292875,0.017795006249052142,-0.03273526836697685,-1.5765205765675079,1.60142175468675,-3.158738333153497,-1.560312075440971,-0.635905546885057
1780435819.939306259,-0.053934205048908446,-1.5840475152152065,1.591405532551911,-3.1689534100889056,-1.3773130411292875,0.017795006249052142,-0.03004314821577815,-1.5774606848645183,1.6018660619065626,-3.1574292393083945,-1.559253027004533,-0.6359055468850775
1780435819.989223957,-0.05511257598872632,-1.5826772860907399,1.5917972703220447,-3.175473059729232,-1.373080129497069,0.020147940780746977,-0.02800907481738047,-1.5733362089542453,1.6018822606176586,-3.170426575020564,-1.5657736328899328,-0.6359055468853697
1780435820.039322376,-0.05588453911073188,-1.582186429402313,1.5920298559949824,-3.1781698072447413,-1.3703063667865312,0.0194491194310837,-0.029684702823714274,-1.573395510981741,1.604191521526054,-3.1590822842541977,-1.5574934059821095,-0.6484719176266048
1780435820.089253187,-0.0565080890003582,-1.582293182783805,1.5922032555420367,-3.1784353092360527,-1.3680654285493183,0.01825072808507917,-0.03205357895423434,-1.5699431134844524,1.604968191781735,-3.160805034098473,-1.5524382705580013,-0.6484719176267247
1780435820.139340162,-0.0565080890003582,-1.582293182783805,1.5922032555420367,-3.1784353092360527,-1.3680654285493183,0.01825072808507917,-0.03314117200733895,-1.5676384792866145,1.6066057030881025,-3.1659000286517944,-1.5623526715746416,-0.6484719176266024
1780435820.189147711,-0.05725327852896811,-1.582353862818552,1.5924100102875698,-3.1789991599478857,-1.3653868008908905,0.01715769387645583,-0.032247171646999424,-1.5683696757523862,1.6059688545538724,-3.1573311269684963,-1.5691171181356385,-0.6484719176266619
1780435820.239648104,-0.05810232037131691,-1.581935228349649,1.5926510245544319,-3.181472705525938,-1.3623341359251464,0.015596022310348182,-0.03409869348543857,-1.5692998302509409,1.6082911344847384,-3.166935109482795,-1.5510179585711656,-0.6610382883554236
1780435820.289719105,-0.05888643648513625,-1.5813390494268207,1.5928700199515031,-3.184529797350795,-1.3595141889429865,0.013206221248002635,-0.0340613595373177,-1.5700795709984066,1.6069140139188807,-3.1639800801264664,-1.5425338127526909,-0.6610382883553493
1780435820.339329720,-0.05888643648513625,-1.5813390494268207,1.5928700199515031,-3.184529797350795,-1.3595141889429865,0.013206221248002635,-0.03361266622714804,-1.5720132041742279,1.6065804049064865,-3.1556380424955037,-1.5442885749457353,-0.661038288355464
1780435820.389226198,-0.05961182457129599,-1.5806855216932991,1.5930660550221099,-3.187722874879064,-1.3569048147225224,0.010234825622370072,-0.033944464840924685,-1.5702365902706452,1.605875841522978,-3.1675614348262036,-1.5494011690370673,-0.6610382883554884
1780435820.439410686,-0.06027457359967592,-1.580206172812474,1.5932388859736306,-3.1901850490753065,-1.3545202192854848,0.0072119007829665755,-0.03575412643128268,-1.5725080217428546,1.6072895001496752,-3.157251958987654,-1.5356651512722697,-0.648471917614234
1780435820.489272833,-0.061442507886869,-1.5809497218739308,1.5935419450277692,-3.1885804251898517,-1.3503166353005476,0.007601610928672725,-0.042497067487996365,-1.5653519050161249,1.607860349206283,-3.1661402520577715,-1.5346324769596518,-0.6484719176137216
1780435820.539268970,-0.061442507886869,-1.5809497218739308,1.5935419450277692,-3.1885804251898517,-1.3503166353005476,0.007601610928672725,-0.047598688859956446,-1.557479759734079,1.6094899167332035,-3.160895171175642,-1.5274874541966768,-0.6484719176135699
1780435820.589322329,-0.0634449641088013,-1.5831784105950275,1.5940421383994656,-3.182203796806633,-1.3431053856018034,0.011371882358673369,-0.04957189526661885,-1.5527135044273939,1.6116776626713023,-3.1468474612360793,-1.5277538795568446,-0.648471917613783
1780435820.639128208,-0.06561699068645499,-1.58578005401559,1.594544485567728,-3.174483028994748,-1.3352772675615832,0.014665317253225512,-0.05070031114333395,-1.5456822356794566,1.6123224324341945,-3.155913121256927,-1.5336899103638892,-0.6484719176137008
1780435820.689323664,-0.06777242418504592,-1.5886304273696812,1.5949899188684282,-3.165670144667416,-1.3275021014620556,0.016949264400402477,-0.052656988651262795,-1.5456758289721702,1.6162220756868475,-3.1441118538445307,-1.5220714737760892,-0.6359055468855539
1780435820.739329576,-0.06777242418504592,-1.5886304273696812,1.5949899188684282,-3.165670144667416,-1.3275021014620556,0.016949264400402477,-0.049942934286477204,-1.5445761236914022,1.6191380056936042,-3.145851669979033,-1.5170119385784724,-0.635905546885692
1780435820.789431095,-0.06916291707801925,-1.5899413298671572,1.5952764748059132,-3.1619430642215707,-1.3224824162901712,0.014452717486101016,-0.050667589575425526,-1.5437655163006063,1.6184946641359734,-3.1516929909412386,-1.526210546442159,-0.635905546885456
1780435820.839321613,-0.07037161525808333,-1.590984894798809,1.5955207279610402,-3.159042336852345,-1.3181164429897798,0.012672642094909831,-0.051544877636537915,-1.5453199177593664,1.6169247206585038,-3.1401621166222924,-1.5365754174337733,-0.6359055468854208
1780435820.889341354,-0.07154605453431451,-1.5919415495452984,1.5957534576902555,-3.156419997811114,-1.3138718449140487,0.011195808731238412,-0.054593475862198454,-1.5466392915559162,1.6187217256968045,-3.1477778886388896,-1.514794245955841,-0.6484719176267191
1780435820.939449787,-0.07154605453431451,-1.5919415495452984,1.5957534576902555,-3.156419997811114,-1.3138718449140487,0.011195808731238412,-0.055746270225623715,-1.5471927945701758,1.6171029012788916,-3.1462472108089927,-1.505962838588296,-0.6484719176264518
1780435820.989402056,-0.07268707836547517,-1.5928295930148346,1.5959751463596197,-3.154009672513863,-1.3097457006295112,0.009975690403681271,-0.05649476651390929,-1.5493591978324543,1.616360414563535,-3.136474698972042,-1.5067853412865038,-0.6484719176266976
1780435821.039310694,-0.0737908764830788,-1.593638627513398,1.5961866432644374,-3.151851551878957,-1.305751931462713,0.00903233929635386,-0.05687901249920792,-1.5487246340865157,1.6156140226120586,-3.147408326505258,-1.5082983535573247,-0.6484719176266298
1780435821.089370728,-0.07484294361103494,-1.5943913256146658,1.596384122345964,-3.149847782008107,-1.3019432243794729,0.008304786348678367,-0.058158153193615836,-1.5505095279912435,1.6156575468474133,-3.145536760197044,-1.5056191864193578,-0.6484719176262804
1780435821.139605761,-0.07583613881281437,-1.5951008373112412,1.5965659178289748,-3.147943799352898,-1.2983457026090663,0.007752847811885615,-0.06062895379304055,-1.5541334069611326,1.6166311268178077,-3.1353927900838765,-1.4922089369794203,-0.6484719176266529
1780435821.189253330,-0.07583613881281437,-1.5951008373112412,1.5965659178289748,-3.147943799352898,-1.2983457026090663,0.007752847811885615,-0.061635600950609305,-1.5536426857089385,1.6154907894217754,-3.1441438646718622,-1.4836013463669337,-0.6484719176266953
1780435821.239201307,-0.07677265895190466,-1.5958084872331106,1.596730254087957,-3.1459824163595216,-1.294951693719737,0.0072729477546660745,-0.06160770138107164,-1.5541440735199084,1.6139884104480116,-3.1417771667142085,-1.4878754325324146,-0.6484719176262855
1780435821.289875984,-0.07766777168799255,-1.5965195380507042,1.5968805629362002,-3.14395752930611,-1.2917061000548493,0.006855761568472391,-0.06262313918005093,-1.5569811125499013,1.6146029128632156,-3.1325528950257637,-1.4870449543662838,-0.6484719176266023
1780435821.339358568,-0.07852266015457943,-1.5972086729793258,1.5970193760489335,-3.1419707027689827,-1.288604818385184,0.006561286487787009,-0.06436649696957553,-1.556637755780332,1.6147444375909477,-3.144357340431678,-1.4622729560291463,-0.6610382883550776
1780435821.389174461,-0.07852266015457943,-1.5972086729793258,1.5970193760489335,-3.1419707027689827,-1.288604818385184,0.006561286487787009,-0.06628499633728673,-1.5619353151730433,1.6155811907241064,-3.1307726334831774,-1.4541986484826053,-0.6610382883548668
1780435821.439359665,-0.07943671964533205,-1.597239194094218,1.5972217827230906,-3.142612482965592,-1.285287183860035,0.007775348858220201,-0.06647853336403187,-1.5646663061693946,1.611276361019834,-3.1400433132975034,-1.460348969253531,-0.6610382883550435
1780435821.489260435,-0.08045241703533712,-1.5963865028468849,1.5975080280900962,-3.146786174230891,-1.2815985438003592,0.011369431092034983,-0.06788986769712661,-1.5681669734813237,1.6096261540402277,-3.149754169435517,-1.4719099028475153,-0.6610382883544681
1780435821.539393425,-0.08140696889948895,-1.5952739068532225,1.597782309403854,-3.1518862749545904,-1.2781298960976333,0.016148032168663378,-0.0689127143940069,-1.573084328836269,1.6093107953866603,-3.1446875926202793,-1.4639579526128939,-0.6610382883544769
1780435821.589385033,-0.08228492667366893,-1.5942644560799497,1.5980170800835511,-3.1564843197114087,-1.2749377692059838,0.020309563195629002,-0.0701522279445998,-1.5753362825188821,1.6098001576616174,-3.1531644737513864,-1.4415439573705189,-0.6610382883551726
1780435821.639151573,-0.08228492667366893,-1.5942644560799497,1.5980170800835511,-3.1564843197114087,-1.2749377692059838,0.020309563195629002,-0.06979924766601996,-1.5747862164449016,1.608225141472963,-3.166099159222195,-1.4325713361759604,-0.6610382883546689
1780435821.689306498,-0.08311906866581253,-1.5933684808623756,1.5982231684936234,-3.1605766191949454,-1.2719033135520226,0.02431964342086856,-0.06962765242889594,-1.577247820622416,1.6078619452346008,-3.15673849144823,-1.4334989467120434,-0.6610382883546408
1780435821.739244938,-0.08391635549585619,-1.592555093379521,1.598406853382388,-3.164295581429862,-1.2690014112400974,0.02826757948946845,-0.07003671379002166,-1.578586546943419,1.6080596417975574,-3.1607277585627487,-1.4313460822938229,-0.6610382883552173
1780435821.789129257,-0.0846963604809714,-1.5915104925881671,1.5985816035240092,-3.168857032157798,-1.2661609473123985,0.03284306309004544,-0.0702369213844738,-1.578725865820016,1.6069863938351496,-3.1707168320217147,-1.4307834566694357,-0.661038288354489
1780435821.839253426,-0.08446508406407016,-1.5898586469804865,1.5985644073415453,-3.174954734835261,-1.2670033152375755,0.03557823055471108,-0.071147107660765,-1.5827863964190918,1.6106950464402738,-3.165200604520063,-1.4263211662049835,-0.6610382883549862
1780435821.889133453,-0.08446508406407016,-1.5898586469804865,1.5985644073415453,-3.174954734835261,-1.2670033152375755,0.03557823055471108,-0.07023204394116472,-1.5795449194059836,1.610582466404497,-3.1758861821346462,-1.4200753300588047,-0.6610382883559573
1780435821.939135790,-0.083048578719354,-1.588387338843411,1.5983119030255077,-3.179466033990432,-1.2721598055098866,0.03439303546456349,-0.07062646536919791,-1.57676377234512,1.610362288961811,-3.1860947443949086,-1.4221554877723266,-0.6610382883552515
1780435821.989233255,-0.08134470899339874,-1.587081856405554,1.5979915886036624,-3.1830938978386603,-1.278356197887648,0.032562695682462436,-0.07078562083193211,-1.5781407512282462,1.6113813064695257,-3.1723029089948085,-1.4353106795658759,-0.6484719176143896
1780435822.039288521,-0.07941868321667478,-1.5858457789234768,1.5976149078414754,-3.186241613549646,-1.2853526653856555,0.03020020524264461,-0.07169993767540524,-1.575635214992964,1.610707494986809,-3.1827502769756433,-1.4242207213847435,-0.6484719176143117
1780435822.089278936,-0.07941868321667478,-1.5858457789234768,1.5976149078414754,-3.186241613549646,-1.2853526653856555,0.03020020524264461,-0.07247604810331262,-1.5756678504081059,1.6118515230344126,-3.1810844887313965,-1.4170945502868006,-0.6484719176136764
1780435822.139283419,-0.07730107282942278,-1.5847028626753747,1.5971859609570582,-3.188834294447615,-1.2930359123772952,0.027129143232967334,-0.07339242123592495,-1.576793947229615,1.6123704818991114,-3.1701427476789314,-1.4163777208092012,-0.6484719176146101
1780435822.189331770,-0.07491476323249735,-1.5836390567919443,1.5966861340199305,-3.1908499608664074,-1.3016831454371767,0.02326487885726708,-0.07371757948167774,-1.5743612765180046,1.611148568492646,-3.178746648191621,-1.4071410575253631,-0.6484719176146005
1780435822.239149332,-0.07228734701423711,-1.5825814485277796,1.5961149857190433,-3.1925632425254267,-1.3111914642030893,0.018648769979394127,-0.07297556219252585,-1.5738361208059235,1.6104125463415795,-3.1744838382957488,-1.4089264486136608,-0.6484719176139584
1780435822.289435863,-0.07228734701423711,-1.5825814485277796,1.5961149857190433,-3.1925632425254267,-1.3111914642030893,0.018648769979394127,-0.07244649428701946,-1.5745645370030736,1.6108479511230902,-3.1673181698565678,-1.4097510813466931,-0.6484719176145946
1780435822.339537621,-0.06944346913389055,-1.5815757746781571,1.5954728712297783,-3.1938051892664405,-1.321469242488381,0.012993780774025724,-0.07343900694322668,-1.573216483093919,1.6112069763561345,-3.181882008661783,-1.3863972487752063,-0.6359055468856016
1780435822.389502764,-0.06727797746309427,-1.5808414890388844,1.594966384937837,-3.1945679928960087,-1.329286317423092,0.00976559093086613,-0.0737339498404651,-1.5706799479162,1.6154158231940383,-3.170940064871697,-1.3768345221726752,-0.6359055468853291
1780435822.439283609,-0.06653940625023402,-1.5803356995149187,1.594785752338931,-3.1957611698032653,-1.3319507561435726,0.0115792377879542,-0.07244212917471736,-1.5666768254732775,1.615117362482812,-3.1779000596375266,-1.3763811100341548,-0.6359055468855488
1780435822.489425182,-0.06602192811120045,-1.5798160127606806,1.5946545523528817,-3.1972037605721773,-1.3338170959984286,0.013109561751887532,-0.07042635748869905,-1.5641510476883793,1.6145220546298766,-3.1790450401449393,-1.3846301238102667,-0.6359055468844964
1780435822.539307356,-0.06602192811120045,-1.5798160127606806,1.5946545523528817,-3.1972037605721773,-1.3338170959984286,0.013109561751887532,-0.06729983778054136,-1.5661557711672511,1.6177442212071997,-3.1706731724613038,-1.3871606075041147,-0.6359055468854679
1780435822.589268923,-0.0660574175461548,-1.5793202614887658,1.5946518681069972,-3.1990675069523715,-1.333689112385037,0.013089927450233555,-0.06524681195753916,-1.5650786671412726,1.6167132794864252,-3.181602905681658,-1.3753174395776562,-0.6359055468854912
1780435822.639239311,-0.06658656594161982,-1.578821873402454,1.5947613704133656,-3.2013919533905493,-1.3317806496691613,0.012874817744771672,-0.06451291354053473,-1.567192032988057,1.6164459219918974,-3.1772345088508596,-1.365071096002185,-0.6359055468844971
1780435822.689398289,-0.06719264305798855,-1.579183453003652,1.5949105566745316,-3.2006157933764903,-1.329594209036749,0.010136135187391622,-0.061058755878402676,-1.5617839899748347,1.617215897783651,-3.1746841043241085,-1.3614734609516017,-0.6359055468863102
1780435822.739277840,-0.06719264305798855,-1.579183453003652,1.5949105566745316,-3.2006157933764903,-1.329594209036749,0.010136135187391622,-0.060105136644077975,-1.5575058690712256,1.6176616834545343,-3.1824145544088727,-1.3843131323823716,-0.6484719176263939
1780435822.789225340,-0.06757068782601294,-1.580353739637859,1.5950251564394182,-3.196641917620997,-1.3282301152003555,0.005914455629546053,-0.061295008116031106,-1.5555293348210606,1.6184565056830889,-3.1729589287685345,-1.3917587295509177,-0.6484719176269923
1780435822.839225769,-0.06803314266225513,-1.5819620071471583,1.5951558318463641,-3.1910970843751465,-1.3265611419202772,0.001578334690297326,-0.06397588222673618,-1.5518408193882332,1.6194303797002834,-3.1800827969627785,-1.3798877826768643,-0.6484719176273185
1780435822.889241457,-0.06958072583836561,-1.5839975745600627,1.5955214542519673,-3.184898920202546,-1.3209735121691155,-0.0017213286760391355,-0.061478895224465924,-1.5506655374666938,1.6214951931466888,-3.182013964737602,-1.3763691024460678,-0.6484719176261929
1780435822.939736366,-0.06958072583836561,-1.5839975745600627,1.5955214542519673,-3.184898920202546,-1.3209735121691155,-0.0017213286760391355,-0.06050871292791865,-1.5524854333306761,1.6210944621829306,-3.170836053424243,-1.3841972872161434,-0.648471917627181
1780435822.989363194,-0.071671091858863,-1.585797609119033,1.5959879099619187,-3.1799983850881355,-1.3134198004320154,-0.005367934973886435,-0.05934738527829285,-1.5510622391930848,1.6196552626531342,-3.1817245138443453,-1.3962371036153778,-0.661038288355188
1780435823.039233446,-0.07405598378972389,-1.5876380103789058,1.5964948129773944,-3.1751194572026002,-1.304792383098392,-0.00911343231867967,-0.05949822314574199,-1.5539670436881163,1.6198369104582089,-3.1741716760595886,-1.394196049867358,-0.6610382883552032
1780435823.089148283,-0.07674084117986535,-1.5895200283219033,1.597037361666093,-3.170236892216288,-1.2950670320695927,-0.012952772622351283,-0.06045128751253652,-1.5557854834556286,1.6196855062390967,-3.1776933803938014,-1.3780213829751835,-0.661038288356223
1780435823.139116049,-0.07971268406084331,-1.5914399023666563,1.597605941165504,-3.165325253120845,-1.2842852036732193,-0.016913968261812684,-0.0600676342908521,-1.555984356945049,1.6179149905964145,-3.1859799569687306,-1.3708407327992638,-0.6610382883553741
1780435823.189119577,-0.07971268406084331,-1.5914399023666563,1.597605941165504,-3.165325253120845,-1.2842852036732193,-0.016913968261812684,-0.05930151086896328,-1.559046565457054,1.616699023196513,-3.1751728437420565,-1.3741814486558095,-0.6610382883553244
1780435823.239682913,-0.08295044133113105,-1.593388444787589,1.598189095527348,-3.1603717935408047,-1.2725168789923211,-0.020988001903275766,-0.06113520082016024,-1.558712343757854,1.6184512343463473,-3.182165285511107,-1.3776436584313203,-0.6610382883559531
1780435823.289120436,-0.08673665235039163,-1.5959436632514983,1.598803984002411,-3.1533100310592617,-1.2587240011619034,-0.022702962871137267,-0.06277314007597734,-1.5565726461900997,1.6172931409084308,-3.1873039889673374,-1.3788654433438743,-0.6610382883549367
1780435823.339401245,-0.09065169439239451,-1.5985138376010326,1.5993775575650246,-3.1460441231174587,-1.2444236442441117,-0.02386427386155887,-0.0662091369149016,-1.5597228820267306,1.6195493028615948,-3.1743955856569213,-1.3658587417213144,-0.6484719176142583
1780435823.389546394,-0.09065169439239451,-1.5985138376010326,1.5993775575650246,-3.1460441231174587,-1.2444236442441117,-0.02386427386155887,-0.06811834733132212,-1.5578922015786105,1.6178395015633193,-3.1816798821733308,-1.356931177082469,-0.6484719176143631
1780435823.439459085,-0.09479442807011118,-1.6006650773956652,1.5999518068579341,-3.140316797281936,-1.2292457560528804,-0.02364530699602785,-0.07144443228316477,-1.568566440094016,1.6186200122604866,-3.1788751178571735,-1.3635200589187622,-0.6484719176123314
1780435823.489238739,-0.09946582936047044,-1.6004951633605904,1.6006933536654924,-3.1437451805176613,-1.2120694784550166,-0.018438585722102552,-0.07227609008963015,-1.5752747704715917,1.6148593734761396,-3.1777583331428962,-1.3634780258668864,-0.6484719176135196
1780435823.539261580,-0.10416330603918045,-1.5997237223709284,1.6013686477420572,-3.1492005214567067,-1.1947257851618325,-0.011759793876012559,-0.07377854496340842,-1.57927137915566,1.6109819860083132,-3.1922117261687157,-1.3528356406030198,-0.6484719176130587
1780435823.589272022,-0.10797348709637866,-1.5987243473539472,1.601843020009219,-3.1548036098061383,-1.1806010667448685,-0.007738930403059285,-0.0736009523772778,-1.5827557821243348,1.6134153059630783,-3.1974742499390723,-1.3475050009156664,-0.6484719176132384
1780435823.639358997,-0.10797348709637866,-1.5987243473539472,1.601843020009219,-3.1548036098061383,-1.1806010667448685,-0.007738930403059285,-0.07663965741613046,-1.5788105869288138,1.6168583528484592,-3.1975951236869555,-1.3455256780173093,-0.6484719176152242
1780435823.689317465,-0.1093687960277201,-1.598914583012263,1.6019854310515076,-3.1546586351335657,-1.175414981749249,-0.010968858362909728,-0.08064515509345639,-1.5749718059886044,1.6163285567961003,-3.200888543663796,-1.337624142593984,-0.6484719176141539
1780435823.739155531,-0.11049441336747368,-1.5990005112493844,1.6020964984999913,-3.1547813489201735,-1.1712258039215033,-0.013600568012450687,-0.08355383490524795,-1.574678193548646,1.6171542728906982,-3.1883936475289736,-1.3393797246201964,-0.6484719176140519
1780435823.789156914,-0.1114170493635136,-1.5990193358683165,1.6021848590676402,-3.1550666626769592,-1.1677883329209768,-0.015749482127453085,-0.08615644980481327,-1.5733864725365558,1.6172731301583154,-3.1892151067145202,-1.3378177542723728,-0.6484719176150603
1780435823.839517832,-0.1114170493635136,-1.5990193358683165,1.6021848590676402,-3.1550666626769592,-1.1677883329209768,-0.015749482127453085,-0.08907292859518649,-1.5733770716922715,1.617996958513344,-3.1892731161646526,-1.325248961588595,-0.6359055468845618
1780435823.889352322,-0.1121333545470744,-1.5989819608952542,1.6022519177242136,-3.155479086099473,-1.1651172410358512,-0.017428173444906214,-0.09217087333242611,-1.5742562210662756,1.6186899558066323,-3.1830286744896577,-1.3223257193068985,-0.6359055468856181
1780435823.939329147,-0.1126403961020106,-1.5988999007096085,1.6022987979385022,-3.1559794585485212,-1.1632252342211702,-0.018646796631268003,-0.09378182329905124,-1.572458214043536,1.6175348784260857,-3.1930830361847575,-1.3335026880709215,-0.6359055468856889
1780435823.989265442,-0.11296178706824733,-1.5987925699884045,1.602328512303642,-3.156506294588266,-1.162025431929285,-0.019442020408569682,-0.09516352758194403,-1.5728827338183233,1.6168714113367633,-3.1865028029457347,-1.3504073903511178,-0.6359055468845668
1780435824.039323568,-0.11312166534886003,-1.5986783919629346,1.6023437017986462,-3.15700025797958,-1.1614284235142485,-0.01984596287756979,-0.09860945708581051,-1.5748116089649216,1.6180510248232445,-3.177720095715939,-1.338853241352293,-0.6359055468852735
1780435824.089258671,-0.11312166534886003,-1.5986783919629346,1.6023437017986462,-3.15700025797958,-1.1614284235142485,-0.01984596287756979,-0.10158319501575779,-1.5742432942697189,1.6181759720035218,-3.185737817896361,-1.3166183111373881,-0.6359055468856545
1780435824.139272213,-0.11314846133230727,-1.5985747886200512,1.602347063310449,-3.157406051410357,-1.1613283531701697,-0.01988741308918396,-0.10326186298310298,-1.5738824355318197,1.6174860750171964,-3.1877145175304564,-1.307543732631486,-0.6359055468843345
1780435824.189278126,-0.1130398574059912,-1.5984905500162903,1.6023384757588062,-3.157689583282555,-1.1617339192432468,-0.019558410223273093,-0.10448733322976271,-1.5752171822688794,1.6173650681600906,-3.1776322455000785,-1.3073690990984081,-0.6359055468854332
1780435824.239196539,-0.1128053969455376,-1.5984380212929699,1.60231857711694,-3.1578066116287076,-1.1626093133966764,-0.018858864881297954,-0.10513749701922914,-1.5738715751267538,1.616799397245093,-3.1882067443566866,-1.3167844869992702,-0.6359055468854348
1780435824.289232731,-0.11244288461009155,-1.5984270203997424,1.6022867477499911,-3.157717587714793,-1.1639623655533375,-0.017773065258398724,-0.10656567599141895,-1.5747438028470553,1.6167519355515834,-3.182593103139628,-1.3232232836400581,-0.6359055468841405
1780435824.339286804,-0.11244288461009155,-1.5984270203997424,1.6022867477499911,-3.157717587714793,-1.1639623655533375,-0.017773065258398724,-0.10937106662973457,-1.5764355133500363,1.6177899247810632,-3.1755465515349144,-1.3075039415437715,-0.6484719176272781
1780435824.389385223,-0.11196891854481095,-1.5984725383034668,1.6022436810334686,-3.157369202496513,-1.1657306036293136,-0.016302813994460763,-0.10993249097688432,-1.5746292639471893,1.6165431520559528,-3.1857079768769716,-1.3202018377519513,-0.6484719176260826
1780435824.439393997,-0.1114135895816597,-1.5986037721890636,1.602190879319803,-3.1566583558607544,-1.167801229390352,-0.014457350326525287,-0.11098315010136484,-1.575862389629319,1.6162765284971574,-3.1737415562931375,-1.3253858830839464,-0.6484719176259911
1780435824.489534378,-0.11080651156754051,-1.5988197676863605,1.602130020203732,-3.1555971707738575,-1.1700633960355118,-0.012232824499095685,-0.1131447894900178,-1.5763213304298649,1.6171640795465654,-3.174321081945342,-1.311706447170911,-0.6484719176269467
1780435824.539288759,-0.11080651156754051,-1.5988197676863605,1.602130020203732,-3.1555971707738575,-1.1700633960355118,-0.012232824499095685,-0.11522715059545097,-1.5753492790934143,1.6172399416365333,-3.1842431882123288,-1.289685101928955,-0.6484719176259685
1780435824.589233637,-0.11014953569333663,-1.5991339355970995,1.6020597927440148,-3.15413197035474,-1.1725098519701618,-0.009601217094149739,-0.11610441123064434,-1.5766779331369802,1.6167780735150552,-3.169790594590071,-1.2840431281435298,-0.6484719176259882
1780435824.639339209,-0.1094538240981322,-1.5995624194896703,1.6019792916403428,-3.1522013791302097,-1.175098707604728,-0.0065376768921137085,-0.11660665449569821,-1.5760536981041886,1.6166856540108465,-3.1735607046373957,-1.2924236908184048,-0.6484719176271064
1780435824.689510345,-0.10871512010702489,-1.6001244757872923,1.6018853328403169,-3.1497245235568894,-1.17784549202113,-0.0030041597905192674,-0.11705582598373775,-1.5745065980148079,1.6158062651371974,-3.1820646860019344,-1.302811487598437,-0.6484719176258086
1780435824.739332914,-0.10793944286572987,-1.60089609599643,1.601772643262203,-3.146402634236538,-1.1807275096955472,0.0005424278806571924,-0.1175500757361195,-1.575690705631641,1.6165961647761764,-3.1695968748636227,-1.3027533150380686,-0.6484719176261906
1780435824.789235115,-0.10793944286572987,-1.60089609599643,1.601772643262203,-3.146402634236538,-1.1807275096955472,0.0005424278806571924,-0.11454193065130562,-1.5798946031839254,1.62472169855948,-3.172311639702874,-1.2877543698973666,-0.6484719176273224
1780435824.839324713,-0.10744010326589404,-1.6006868892102473,1.6017241218156377,-3.1469942072586585,-1.1825815946283678,0.00188084218811581,-0.11147677989249537,-1.5793283629774741,1.6223536115743096,-3.1841802036609703,-1.2761329810267243,-0.6484719176258846
1780435824.889197588,-0.10715528452666412,-1.5998047907439146,1.6017230566786147,-3.1502824115017534,-1.1836387290372805,0.003737588459991219,-0.11029015574246523,-1.5835879983434138,1.6231549268862318,-3.174661072359231,-1.276785989103665,-0.6484719176259451
1780435824.939490557,-0.10687518754968828,-1.598859633625099,1.6017189571110007,-3.1538025112408627,-1.184678043326021,0.004869456490095384,-0.10812998287698411,-1.5825852664531777,1.6208235593384501,-3.1870544603637696,-1.2879771686523909,-0.661038288355489
1780435824.989329576,-0.10687518754968828,-1.598859633625099,1.6017189571110007,-3.1538025112408627,-1.184678043326021,0.004869456490095384,-0.10701661445660993,-1.585133024671216,1.6208723296800476,-3.1876462179104834,-1.288928626714651,-0.6610382883540349
1780435825.039370060,-0.10660738879122,-1.5978241720272033,1.601711954237764,-3.1576595794464586,-1.1856714523764849,0.005248557737431051,-0.10664317875232818,-1.588207568868671,1.6207295905588255,-3.18316679956552,-1.2754333166502487,-0.6610382883555287
1780435825.089339972,-0.10635064768401037,-1.5967010513724187,1.601699930649998,-3.1618386759453925,-1.1866235941205519,0.004907723314411449,-0.10642847568511664,-1.5885762315943888,1.6198450903648127,-3.19593276922257,-1.2565490255970535,-0.6610382883558418
1780435825.139348507,-0.10608111482676996,-1.5955038672313568,1.6016782399913487,-3.1662731044484085,-1.1876229143322448,0.003919267690588277,-0.10520722303157931,-1.5902185483076146,1.618820419080273,-3.1955922857261103,-1.251154528140189,-0.6610382883543604
1780435825.189212084,-0.10578186781450327,-1.59424561081293,1.6016434740430059,-3.1709023767631166,-1.18873209155824,0.0023504416531401305,-0.10361009082982177,-1.5924788891700006,1.6181169795383132,-3.190383744561123,-1.2531537607392258,-0.6610382883560421
1780435825.239264965,-0.10578186781450327,-1.59424561081293,1.6016434740430059,-3.1709023767631166,-1.18873209155824,0.0023504416531401305,-0.10530086531989707,-1.5882641396980572,1.617024121472387,-3.203969705131568,-1.2524841737870047,-0.6610382883558259
1780435825.289152622,-0.10559874204943398,-1.5937681808344895,1.6016201841702233,-3.1726213536997676,-1.1894106975188574,0.002489640399355357,-0.1060230060931731,-1.5873772028976179,1.6182660163428209,-3.1984926997218315,-1.2573348050810396,-0.6610382883543718
1780435825.339153767,-0.10547229246332179,-1.5934743455207272,1.6016036848291881,-3.1736713521588253,-1.189879208538331,0.0025786824306857884,-0.10732499065582367,-1.5873484285705324,1.6194176553315678,-3.1885434463230706,-1.2490023141519828,-0.6610382883556157
1780435825.389261723,-0.10535802284221152,-1.593336246449864,1.6015899250797685,-3.1741397236179933,-1.190302541538344,0.0026216112037520025,-0.10860490487110896,-1.5849068400934998,1.6196216154308265,-3.196984050572165,-1.2300166348984507,-0.6610382883561334
1780435825.439255238,-0.10524699299502593,-1.5933576247145105,1.601578355953322,-3.1740092681753618,-1.1907138270219892,0.0026160692558830478,-0.10867978302597164,-1.583300755624288,1.619624970061247,-3.1982585941113104,-1.2275295437694544,-0.6610382883545741
1780435825.489130259,-0.10524699299502593,-1.5933576247145105,1.601578355953322,-3.1740092681753618,-1.1907138270219892,0.0026160692558830478,-0.10837442899491273,-1.583088152981614,1.619621792557302,-3.188112299745201,-1.2324218446614397,-0.6610382883557764
1780435825.539614201,-0.10511343024621045,-1.5935438995539437,1.601566072714818,-3.17324757205584,-1.1912085217795285,0.0025534977223371762,-0.10865493108105141,-1.5807233019281437,1.6197696601636062,-3.201416258473488,-1.2308066045138522,-0.6484719176133851
1780435825.589460135,-0.10495767327110705,-1.5939129717523564,1.601552356789787,-3.1717854023329117,-1.1917853393333901,0.002434117178089103,-0.1089995352537365,-1.5814480743000034,1.6204866306964913,-3.1878300572133056,-1.2299630124864038,-0.6484719176135357
1780435825.639291286,-0.10475050824479126,-1.5944652472003007,1.6015321900142265,-3.1696039696032763,-1.1925524024505583,0.0022561991587637903,-0.11049291966564785,-1.5804202338474145,1.6205912908928206,-3.186682602740249,-1.2084311115801638,-0.6484719176149432
1780435825.689323187,-0.10475050824479126,-1.5944652472003007,1.6015321900142265,-3.1696039696032763,-1.1925524024505583,0.0022561991587637903,-0.11079475516713029,-1.5781886413442185,1.620604227431612,-3.194665047248683,-1.200823378548618,-0.648471917613919
1780435825.739494324,-0.10451855886295025,-1.5952181666223657,1.6015057192779125,-3.166643475158134,-1.193411051833909,0.002016358500573978,-0.11041531279837503,-1.5772747038037354,1.6204354120917577,-3.19010875781995,-1.2044885580404103,-0.648471917613173
1780435825.789325714,-0.10424997292091831,-1.5961878011357848,1.6014674676402156,-3.162828620953338,-1.194405086297471,0.0017111833449952177,-0.11016984392405851,-1.5766099374032363,1.620650514809575,-3.185965496616131,-1.2116297001219214,-0.6484719176146418
1780435825.839392424,-0.10393960996237883,-1.5973858588148406,1.601411009621819,-3.158100012448701,-1.1955534190301371,0.0013342571534004479,-0.11045217089265544,-1.5741360154020603,1.6210259206306352,-3.1994028828045225,-1.2167105169740224,-0.648471917613441
1780435825.889156103,-0.10358437092228279,-1.598830136770018,1.601328006243454,-3.1523713929553505,-1.196867375441152,0.0008796986007531821,-0.11141754383950546,-1.575276506189124,1.621518940369421,-3.1817335182330444,-1.2161836594321223,-0.6484719176135517
1780435825.939692497,-0.10358437092228279,-1.598830136770018,1.601328006243454,-3.1523713929553505,-1.196867375441152,0.0008796986007531821,-0.11280190789268403,-1.5735987380340264,1.6214394113679433,-3.187209245357214,-1.1966703321482386,-0.63590554688554
1780435825.989283323,-0.10319342773554752,-1.6005411979163089,1.6012089580685362,-3.145546019834473,-1.1983128837066275,0.00034339169859669944,-0.11186024187704449,-1.5766874047868988,1.624897287018063,-3.1825990000311273,-1.2012405748196306,-0.6359055468836673
1780435826.039440632,-0.10436088330451732,-1.6002141939359076,1.601373659400823,-3.147395295547458,-1.1939946388782143,0.0028134760912595395,-0.10738213607257037,-1.5795184876131056,1.6218952235641402,-3.1789036057939417,-1.200864504426048,-0.6359055468845934
1780435826.089315176,-0.10574106657815463,-1.5996503080775195,1.6015640274120346,-3.1502361069669114,-1.188883298540242,0.005144364123674277,-0.10697013222361391,-1.5826383979309426,1.6233490692865202,-3.1899907649875345,-1.1922615786980377,-0.6359055468850263
1780435826.139455318,-0.10574106657815463,-1.5996503080775195,1.6015640274120346,-3.1502361069669114,-1.188883298540242,0.005144364123674277,-0.10518387574846638,-1.5844864741347902,1.6209192434021042,-3.1875303265689765,-1.1901808493164732,-0.6359055468831957
1780435826.189221859,-0.10719581951292767,-1.599048062890093,1.6017499219324653,-3.1532194271991507,-1.1834882976978278,0.0067980571151611754,-0.10501248783430488,-1.5878847134406069,1.620767060646142,-3.180843975087181,-1.1789547619774419,-0.6359055468850106
1780435826.239274979,-0.10871032147118509,-1.5983832560765023,1.6019278003053405,-3.1564252485592865,-1.1778633283313464,0.007783884487396741,-0.1042358708614349,-1.5880539255422068,1.6199222769222672,-3.195275056602297,-1.1732811473439186,-0.6359055468852718
1780435826.289292574,-0.11027971652632296,-1.597636806318424,1.6020945345679796,-3.1599174812842312,-1.1720252178356292,0.008059374718305125,-0.10226035446027341,-1.5891392799793609,1.6180292901837303,-3.1964515139960468,-1.1810212267208553,-0.6359055468836787
1780435826.339256287,-0.11189263774545566,-1.5968365901177872,1.6022457548031666,-3.1635780698061318,-1.166015101433576,0.007676866227793206,-0.10104395982857839,-1.5920732623535994,1.6180039916248954,-3.1899259332447367,-1.1883460194739173,-0.6359055468851758
1780435826.389156580,-0.11189263774545566,-1.5968365901177872,1.6022457548031666,-3.1635780698061318,-1.166015101433576,0.007676866227793206,-0.10072420172734035,-1.591958696796815,1.6172629525783786,-3.2041848878062678,-1.1839175931208812,-0.6359055468853113
1780435826.439283848,-0.11354947397187765,-1.595998911604461,1.6023792269138366,-3.1673396828402165,-1.1598304058856126,0.006640502603397634,-0.10098106950895183,-1.594575601941032,1.6172484494239063,-3.19463314776508,-1.1719886964289576,-0.648471917626054
1780435826.489265442,-0.11523435151861516,-1.595129367083418,1.6024919238305548,-3.1711712087697386,-1.1535293482985987,0.0049224501534033,-0.10066328330932096,-1.5954913135632953,1.616578476740522,-3.198337112897821,-1.169962755883905,-0.6484719176280668
1780435826.539307117,-0.1169712401208356,-1.594378493004637,1.602588345743881,-3.1745123157301034,-1.1470210945167238,0.003008143242090581,-0.1009211556000571,-1.5939437886372172,1.6153979837834502,-3.210192206585705,-1.1761732158374936,-0.6484719176258437
1780435826.589407206,-0.1169712401208356,-1.594378493004637,1.602588345743881,-3.1745123157301034,-1.1470210945167238,0.003008143242090581,-0.10364058358767193,-1.5916356695095164,1.6158926922686996,-3.201040125806673,-1.1922362757751104,-0.6484719176263849
1780435826.639341831,-0.1188834817390454,-1.5945143627985647,1.6027040313142606,-3.174526735364683,-1.1398404455656053,0.0030684192432700896,-0.10556530948407143,-1.5886964776978836,1.6169978106460097,-3.2036053359540846,-1.1918217884735691,-0.6484719176277749
1780435826.689299583,-0.12089300512587364,-1.5948538062847133,1.6028177192981867,-3.173749760258267,-1.132276640093897,0.0030572664767556574,-0.10702101218464058,-1.5855243936362582,1.617304285999888,-3.2084833205712617,-1.1839807599670624,-0.6484719176253232
1780435826.739310741,-0.12297540680080665,-1.59541198868705,1.6029278397461535,-3.1721105753965455,-1.1244185889422829,0.0029627895901135374,-0.10857976521328282,-1.5853167933637424,1.6190602894562993,-3.198207240682711,-1.1820520677562159,-0.6484719176264623
1780435826.789490938,-0.12512739712941734,-1.5962182250297996,1.6030338199508583,-3.169488967478503,-1.1162759088064167,0.002768018146992353,-0.11070430226456554,-1.5831074030537806,1.6190680779807742,-3.199220604347138,-1.162017854480231,-0.6484719176277833
1780435826.839227200,-0.12512739712941734,-1.5962182250297996,1.6030338199508583,-3.169488967478503,-1.1162759088064167,0.002768018146992353,-0.11160380963043011,-1.5803188354983932,1.6192937116154875,-3.2064633178574464,-1.160205061349312,-0.6484719176262851
1780435826.889147758,-0.12735239453911706,-1.5972996210375037,1.6031339999389826,-3.1657703957156533,-1.1078326262864557,0.0024554477853939902,-0.11200505848967468,-1.579151233726452,1.619361107231831,-3.1987025170507817,-1.1691244695590446,-0.6484719176257996
1780435826.939346790,-0.12963825896411763,-1.5986828478544384,1.6032245137094094,-3.1608346317197666,-1.0991316683803891,0.0020053055188171062,-0.11326939441596737,-1.577659320964658,1.619987647061341,-3.1974219062711584,-1.1699334368429875,-0.6484719176276125
1780435826.989213467,-0.13197722699911907,-1.6004244674832764,1.6032999640192216,-3.1544429121126702,-1.090199554695972,0.0013843454899108163,-0.1151382540638848,-1.5748046979098458,1.6203037975937138,-3.2055789141377056,-1.1601194687734635,-0.6484719176256993
1780435827.039131165,-0.13197722699911907,-1.6004244674832764,1.6032999640192216,-3.1544429121126702,-1.090199554695972,0.0013843454899108163,-0.11696847965975898,-1.5773036088596584,1.6271287495644493,-3.1973591446394547,-1.1593189057855362,-0.6484719176263904
1780435827.089155674,-0.13267945846419504,-1.6017176575395329,1.6033256449537432,-3.1495588985057257,-1.0875119661045076,-0.00258578352480221,-0.11931774155359408,-1.575092133083702,1.6263015020529739,-3.199096292242604,-1.137141067962009,-0.6484719176286066
1780435827.139150620,-0.13200782418493606,-1.6025539779499072,1.6033183223735212,-3.146302550248821,-1.0900825101334526,-0.008065761339712374,-0.12114299060379476,-1.573894567791715,1.6258174211745406,-3.2022811286849544,-1.1389344201632534,-0.6484719176265454
1780435827.189168692,-0.13112485422998787,-1.6032709604771105,1.603297533916415,-3.1434650899820156,-1.0934580845092672,-0.012729317123471695,-0.12250652459311236,-1.5746796532327094,1.625320767337851,-3.1920581173980342,-1.1490629003106776,-0.648471917626302
1780435827.239151716,-0.13006141990392184,-1.6039370748682593,1.6032625496930217,-3.1407802305729824,-1.0975178954209657,-0.01686866122065478,-0.12416030873044033,-1.5744938282080199,1.6250255768367172,-3.192842049558779,-1.1496503450192155,-0.6484719176283493
1780435827.289143085,-0.1288421982510526,-1.6045623428313247,1.6032119837738292,-3.1382044983967345,-1.1021649395775004,-0.020604391670424604,-0.1257492063729507,-1.5733720799061963,1.6242263756968782,-3.198491001881532,-1.1404191924646336,-0.648471917625513
1780435827.339298487,-0.1288421982510526,-1.6045623428313247,1.6032119837738292,-3.1382044983967345,-1.1021649395775004,-0.020604391670424604,-0.1277284793628156,-1.575560210912668,1.6253867129677868,-3.188438664202646,-1.1274201417631557,-0.6610382883567856
1780435827.389434338,-0.1274860794660091,-1.6051296275535174,1.6031450222772354,-3.1357995828778114,-1.1073245195883032,-0.023975861175492774,-0.1286407795706544,-1.5742624833647447,1.6237777831120437,-3.1930028637583683,-1.1197768113969164,-0.6610382883566227
1780435827.439274549,-0.12600257527059355,-1.6057031518512428,1.603058239792078,-3.133309076916872,-1.1129578385748617,-0.027168332514031057,-0.12836575683205545,-1.5743099939699077,1.6234220902413339,-3.1910922178212395,-1.1297896424579497,-0.6610382883543634
1780435827.489307165,-0.12441162980027443,-1.6062746670927384,1.6029501234629866,-3.130759760790071,-1.1189867541274232,-0.030209551833864978,-0.12893910154048385,-1.575903122992103,1.623889892021481,-3.1828570440806976,-1.1344295578863142,-0.6610382883559055
1780435827.539309025,-0.12441162980027443,-1.6062746670927384,1.6029501234629866,-3.130759760790071,-1.1189867541274232,-0.030209551833864978,-0.1331322752820768,-1.5807704933234783,1.6244242728644447,-3.1900710360167146,-1.1278126290999608,-0.6610382883557362
1780435827.589296818,-0.12285117116591415,-1.6052506829298192,1.6029004773891882,-3.134430145671922,-1.124887979736168,-0.029321321297777203,-0.1340808119269459,-1.5839871865399093,1.6193294831387066,-3.1939478809809065,-1.1212557848660878,-0.6610382883538777
1780435827.639288187,-0.12135149213673824,-1.6034646156927188,1.6028680530457362,-3.1410336834004324,-1.1305482800665327,-0.02694760277340702,-0.13390876147666037,-1.5903526518990114,1.6186144976085908,-3.1824728730154126,-1.1136427066934496,-0.6610382883558299
1780435827.689375401,-0.11972875294607377,-1.6017525956494065,1.6028038901565502,-3.147244431901812,-1.136661124353897,-0.02457436266230406,-0.1325572620738473,-1.5892639781169846,1.6171224731581877,-3.1986213334954954,-1.1135283671722713,-0.6610382883560048
1780435827.739315033,-0.11803571118841383,-1.6002008962486665,1.6027120858638915,-3.152746218977641,-1.1430259177438264,-0.022350266867198876,-0.13072782599108237,-1.5893698027378038,1.6159154256759056,-3.1999921177900372,-1.132034935909796,-0.661038288354151
1780435827.789344072,-0.11803571118841383,-1.6002008962486665,1.6027120858638915,-3.152746218977641,-1.1430259177438264,-0.022350266867198876,-0.1310174469081902,-1.5916000273062298,1.617513244665736,-3.194099922166883,-1.1394048647331827,-0.6610382883549759
1780435827.839349985,-0.11627678318359891,-1.598762836851523,1.6025965460412452,-3.157725759734391,-1.149624845928316,-0.020263370260873437,-0.1321508159964346,-1.5916909046537393,1.6172666725385259,-3.192961783192353,-1.1219128144841515,-0.6610382883568252
1780435827.889467955,-0.11446046588257186,-1.5974295113938268,1.6024596798575752,-3.162222920944326,-1.156424988337987,-0.018325876153612697,-0.1316049045773809,-1.589851530973112,1.616437584004151,-3.199981161181081,-1.1152307458260742,-0.6610382883555866
1780435827.939220667,-0.11262485177241821,-1.596192875028212,1.6023058569209074,-3.1662839997117436,-1.1632832528868855,-0.016489705833660828,-0.13059600080798833,-1.5896220143641449,1.6166350915183756,-3.198864664813812,-1.1205282716415752,-0.6610382883542342
1780435827.989197493,-0.11075612658377398,-1.5950059960209586,1.602134653393711,-3.170084667476087,-1.1702510806987068,-0.014599790279414826,-0.12975383289408163,-1.590093851467011,1.6165863886050489,-3.191314451531539,-1.125739337545443,-0.6610382883557457
1780435828.039143324,-0.11075612658377398,-1.5950059960209586,1.602134653393711,-3.170084667476087,-1.1702510806987068,-0.014599790279414826,-0.1301382265673273,-1.5888116834881059,1.6170686041038838,-3.202013547741957,-1.1191288594872772,-0.6610382883558898
1780435828.089272499,-0.10884050151439517,-1.5938657360941697,1.6019450287636905,-3.1736317046407185,-1.1773794238010584,-0.012657594358541857,-0.13036064399643738,-1.5889926902843978,1.616851624830734,-3.1967462944104614,-1.1121845320621682,-0.6610382883539709
1780435828.139151573,-0.10688359608342424,-1.5927910307584785,1.6017378383459924,-3.1768557001626663,-1.1846468472703764,-0.010621779194679881,-0.13022023427133014,-1.5893488649316403,1.617402121877001,-3.194068119850029,-1.111399245024655,-0.6610382883562302
1780435828.189242363,-0.10490482267294787,-1.5917348387788097,1.6015141404635778,-3.1799412067783965,-1.1919810421041355,-0.00835566878686933,-0.1298312914926561,-1.5877671873252286,1.6164149747737226,-3.1995685263939513,-1.1064768700254557,-0.661038288356506
1780435828.239140272,-0.10290088720516,-1.5907234898424747,1.6012741317616679,-3.1827881915837484,-1.1993942014622752,-0.0058483558565907146,-0.1283741131647872,-1.5865798000883897,1.6157693513789164,-3.2023597522558886,-1.1143636671519195,-0.6610382883548116
1780435828.289431572,-0.10290088720516,-1.5907234898424747,1.6012741317616679,-3.1827881915837484,-1.1993942014622752,-0.0058483558565907146,-0.1287128945735617,-1.5884121228624082,1.6167312534757574,-3.1903054030730247,-1.1105573133664797,-0.6484719176140504
1780435828.339307308,-0.10086659206206683,-1.589747142363878,1.6010169409009907,-3.185430777404477,-1.2069054677382187,-0.002976211680946861,-0.12865032317943978,-1.586727914982978,1.6163303973994823,-3.199621939147206,-1.1066309070577756,-0.6484719176144162
1780435828.389333010,-0.09879294627759716,-1.5887928274894847,1.600740842608094,-3.1879116779920107,-1.2145478322722862,0.0004347676371411458,-0.1275929560815801,-1.585673537164885,1.6151106201432808,-3.2007098859187217,-1.1211960347822125,-0.6484719176126378
1780435828.439384699,-0.09666652511405616,-1.5881684524838828,1.6004532849314972,-3.189080435055132,-1.2223703710009843,0.0035617178238658105,-0.12590029048721987,-1.5844881049478934,1.615390592334074,-3.1970056891247713,-1.1337109775524847,-0.6484719176135424
1780435828.489379883,-0.09666652511405616,-1.5881684524838828,1.6004532849314972,-3.189080435055132,-1.2223703710009843,0.0035617178238658105,-0.12332710571590784,-1.5792235887979302,1.6180434976883982,-3.1976163169695893,-1.1268215330111215,-0.6484719176157018
1780435828.539461374,-0.09436715587818512,-1.5889998581853506,1.6001628270870967,-3.184677071686962,-1.2308134624933196,0.0031502893841794228,-0.12322409076122598,-1.573300253862608,1.6181862301406462,-3.2017017541569452,-1.1225105286523354,-0.6484719176127164
1780435828.589502573,-0.09208327904770286,-1.590473855790302,1.599843819231652,-3.1777738618350737,-1.239184217416005,0.0025840366749834,-0.12416377979990459,-1.571546000472078,1.6208152606885775,-3.187407049173079,-1.1230080502604205,-0.6484719176142333
1780435828.639316559,-0.08989681074147171,-1.5925667914255008,1.5994794325638995,-3.1684531765469126,-1.24718415378665,0.0018846453262126928,-0.12436584190501374,-1.5658108724881066,1.620698387644463,-3.1954481934902943,-1.1189954598884595,-0.6484719176151236
1780435828.689210415,-0.08732387137179742,-1.594328274613634,1.5989832115498697,-3.159961508812974,-1.2565816336765527,0.001913339523948436,-0.12502017139351962,-1.5652616889147248,1.6230479095964794,-3.1943824158247067,-1.1293740954818723,-0.6484719176127457
1780435828.739151478,-0.08732387137179742,-1.594328274613634,1.5989832115498697,-3.159961508812974,-1.2565816336765527,0.001913339523948436,-0.12239372561809503,-1.5656467866532164,1.6218835477810647,-3.1867225384906828,-1.1398420317649924,-0.6484719176136632
1780435828.789157152,-0.08441432655406267,-1.5955451817073074,1.59837736180656,-3.1531490330812906,-1.2671881698326715,0.001235115504156861,-0.12020868806935793,-1.5651941359272934,1.6212977431287183,-3.1933241773736594,-1.148066236219016,-0.6484719176146102
1780435828.839286089,-0.08139173339649908,-1.5970039880405071,1.5976654719742458,-3.1451244074816165,-1.2781852747819364,0.00015098868020649281,-0.12142041361442815,-1.565090314990842,1.6217746826187118,-3.18762703502272,-1.136820984730276,-0.6359055468838772
1780435828.889301538,-0.0785267484228811,-1.5974540151574272,1.596999985126502,-3.141008271717538,-1.288589983700338,-8.863573248163448e-05,-0.12046186261106051,-1.5732810906284183,1.6279461503828703,-3.1901651968365035,-1.1329921570234658,-0.6359055468861229
1780435828.939313412,-0.0785267484228811,-1.5974540151574272,1.596999985126502,-3.141008271717538,-1.288589983700338,-8.863573248163448e-05,-0.11461230636934379,-1.574512282781816,1.6224161863938837,-3.2024579248830256,-1.1401040718220992,-0.635905546884327
1780435828.989310503,-0.07587262131942474,-1.5968669133571147,1.5964352925014682,-3.141043813751202,-1.2982135201815996,-7.96809695184919e-05,-0.111236633500564,-1.5796517950767814,1.6225764498911606,-3.1976090005928124,-1.1613542154962553,-0.6359055468836767
1780435829.039283276,-0.07340302647042751,-1.5963001960124572,1.5958895262307295,-3.1410765280784214,-1.307155507974696,-7.16660345227993e-05,-0.10920476359091975,-1.5827975639935783,1.6216647325492013,-3.1968247724740024,-1.1614088016503987,-0.6359055468853946
1780435829.089367628,-0.07133194773611784,-1.5957668953222983,1.5954206013696806,-3.141272996188956,-1.3146458365767337,-0.0010605567877703947,-0.10419870479049649,-1.5838786824633413,1.6227058020445513,-3.2093612617693683,-1.1539917940774111,-0.6359055468851256
1780435829.139381170,-0.06994004803571396,-1.5953909354027465,1.595098699164244,-3.1414437291266473,-1.3196755992520108,-0.004055388112424119,-0.10094541130973905,-1.5861223411422243,1.62156563922796,-3.2003113364805467,-1.1539611793078999,-0.6359055468841595
1780435829.189273596,-0.06994004803571396,-1.5953909354027465,1.595098699164244,-3.1414437291266473,-1.3196755992520108,-0.004055388112424119,-0.10004570156190548,-1.5866319355748422,1.6210775181280264,-3.2063833185956443,-1.1496450971569883,-0.635905546886531
1780435829.239267349,-0.06892425117470502,-1.5953436582773195,1.5948388554861088,-3.1406566871965618,-1.3233442227116194,-0.006796196136733101,-0.09765800946982106,-1.5846211843774531,1.6187157991565757,-3.2176313833837824,-1.1529020692721328,-0.6359055468846307
1780435829.289348602,-0.06835468517388854,-1.5956164373864947,1.5946629654980629,-3.13902586877433,-1.3254005139167688,-0.009256462639885221,-0.09650715532956701,-1.5880696740357143,1.6191852016887542,-3.2076028525459663,-1.1685968944717893,-0.6359055468843207
1780435829.339237452,-0.06821117211902372,-1.595644064337856,1.5946221698847298,-3.138776453907083,-1.3259185536828726,-0.010380625195038462,-0.09588357098886909,-1.5894141293082251,1.6177139453515597,-3.211090853165329,-1.1674439772124325,-0.6359055468861321
1780435829.389514685,-0.06846788284023475,-1.5957339815218434,1.5946816756698714,-3.138670999561989,-1.324991880530944,-0.010747474564768211,-0.09514638686794695,-1.5897665114281718,1.616221983169488,-3.22110857208522,-1.164965360490814,-0.63590554688399
1780435829.439337492,-0.06846788284023475,-1.5957339815218434,1.5946816756698714,-3.138670999561989,-1.324991880530944,-0.010747474564768211,-0.09498532516249701,-1.5933166729748178,1.6162644967736564,-3.2100049694159853,-1.165641729612391,-0.6359055468843139
1780435829.489476681,-0.06909528179858526,-1.595867673026806,1.5948344526734877,-3.138750419884705,-1.3227266521490293,-0.010306280383788113,-0.09413897595505429,-1.5942818740944853,1.6142400724206578,-3.2103732513194645,-1.165075216603386,-0.6359055468861836
1780435829.539376259,-0.070088230351395,-1.5960447891249538,1.5950766715616365,-3.1390022353864357,-1.3191402849093121,-0.009008767295819453,-0.09265323758907267,-1.5941436956270172,1.6126598983916374,-3.2183040948283104,-1.1792788997111816,-0.6359055468842781
1780435829.589412212,-0.07142145088243357,-1.5962379724376863,1.5954004472766257,-3.1394968224073376,-1.3143222942901005,-0.006808485603123415,-0.09178739875943746,-1.5966164575815007,1.6123979133200521,-3.206770217457916,-1.1954061817111434,-0.6484719176263979
1780435829.639468670,-0.07142145088243357,-1.5962379724376863,1.5954004472766257,-3.1394968224073376,-1.3143222942901005,-0.006808485603123415,-0.09233303258722267,-1.5969945613422194,1.611554112746822,-3.2164006357499715,-1.1889737896732164,-0.648471917626487
1780435829.689357519,-0.07307682375524127,-1.5964286454651289,1.5957977480885628,-3.1402729408839773,-1.3083357764787067,-0.0036399742311088445,-0.0923134874528118,-1.59852007486582,1.610308258413532,-3.2129301915224926,-1.1890230582687704,-0.6484719176246342
1780435829.739301443,-0.07499350374353764,-1.5966219372575559,1.596247190789078,-3.141234798146975,-1.301397992646966,8.701706176367447e-05,-0.08829518312155048,-1.599442729706797,1.612354545151955,-3.2073426235910034,-1.199489141584219,-0.648471917627627
1780435829.789311886,-0.07658700238153138,-1.5969794290876456,1.5965935845106074,-3.1412224347795106,-1.2956246638577937,7.881456283647635e-05,-0.08590093972533698,-1.5968545991750318,1.611327730716464,-3.2165188528199966,-1.206694360921295,-0.64847191762651
1780435829.839285374,-0.07797793359305416,-1.5972847497545812,1.5968892618832087,-3.1412115750880476,-1.2905811000381977,7.137338931674281e-05,-0.08557148265251033,-1.5971278453237776,1.6117515324245408,-3.212467711950667,-1.2092907620277877,-0.6484719176253569
1780435829.889292955,-0.07797793359305416,-1.5972847497545812,1.5968892618832087,-3.1412115750880476,-1.2905811000381977,7.137338931674281e-05,-0.08621851763865768,-1.5983941114411202,1.6125927140501046,-3.2022824408598023,-1.1964555545693392,-0.6484719176267434
1780435829.939274549,-0.079290638169776,-1.5975670914257796,1.5971625867372667,-3.1412014186726678,-1.2858175148131359,6.46315073374579e-05,-0.08653910596901428,-1.5971350661885904,1.6123746097828593,-3.209962423391989,-1.1877514274901828,-0.6484719176271956
1780435829.989277363,-0.08051210275841747,-1.59782473188113,1.5974119104557356,-3.141192034513813,-1.2813817171568944,5.8522551673495934e-05,-0.08566931031044757,-1.5963546343492867,1.6116946523260802,-3.211404934343406,-1.200320336924089,-0.6484719176257544
1780435830.039298296,-0.08165178905050574,-1.5980606932807504,1.5976401823250903,-3.1411833488216865,-1.2772399412596265,5.298769511788908e-05,-0.08476839215901905,-1.5970340847814395,1.611643493699899,-3.203091797674242,-1.2222357332221376,-0.6484719176262813
1780435830.089196444,-0.08272088532285515,-1.5982781376553348,1.5978504819212958,-3.1411752777569593,-1.2733520324691785,4.797363151148237e-05,-0.08507412189270556,-1.5966251167923966,1.6117287377303924,-3.20640627612702,-1.2268349747959393,-0.6484719176274446
1780435830.139267445,-0.08272088532285515,-1.5982781376553348,1.5978504819212958,-3.1411752777569593,-1.2733520324691785,4.797363151148237e-05,-0.08581118867715182,-1.5961042079145749,1.6120369176832354,-3.212159831760048,-1.2247880656247714,-0.6484719176255448
1780435830.189182997,-0.08373030595862474,-1.5984799644566188,1.5980456297745382,-3.1411677401087164,-1.2696787140497037,4.3431993907023616e-05,-0.08649019487608385,-1.5979074962401016,1.6125677209686429,-3.198683615200885,-1.224675049785114,-0.6484719176267546
1780435830.239439964,-0.08468131920397148,-1.598667011921071,1.598226446737193,-3.141160714764507,-1.2662157354216594,3.9318393851157205e-05,-0.08592381432260486,-1.595360893805048,1.6111035230665725,-3.2127270829609142,-1.2284311472406602,-0.6610382883549375
1780435830.289434433,-0.08559559135828021,-1.5988439819329576,1.5983974929914437,-3.1411540590873352,-1.2628844824742265,3.559349909191326e-05,-0.08550845554384552,-1.5965829714909123,1.6114955896386542,-3.2021839824752982,-1.2347545667228792,-0.6610382883548632
1780435830.339557409,-0.08559559135828021,-1.5988439819329576,1.5983974929914437,-3.1411540590873352,-1.2628844824742265,3.559349909191326e-05,-0.08597709216976669,-1.5966342436747594,1.6119123540725337,-3.2031766060210654,-1.228700461504065,-0.6610382883565367
1780435830.389521122,-0.0864590103454761,-1.5990085402944336,1.5985565133927984,-3.141147845999325,-1.2597366259912217,3.22201574903226e-05,-0.08652379207895322,-1.5956987805095553,1.611620506759916,-3.2094067574609304,-1.2179464163139035,-0.6610382883548318
1780435830.439351082,-0.0872691126258065,-1.5991606639272096,1.5987034910116318,-3.1411420775133987,-1.2567814486842224,2.9165140270498422e-05,-0.08680694894241221,-1.5972106416347902,1.6122010278287693,-3.198022631462846,-1.2187588157852551,-0.6610382883550423
1780435830.489293098,-0.0880233245833022,-1.5993003106203751,1.598838389972112,-3.141136756017358,-1.254028646213424,2.639837660909022e-05,-0.0869557125724395,-1.5968777750431382,1.6117376757611692,-3.197682556448439,-1.2172176604911167,-0.6610382883568295
1780435830.539226532,-0.08873927858492969,-1.5994310972056018,1.5989647139612355,-3.1411317664912497,-1.2514141148010793,2.3893240014259908e-05,-0.08634291406543708,-1.59578779587265,1.6112270839758405,-3.2024847224399604,-1.2308202287506165,-0.6610382883552036
1780435830.589442968,-0.08873927858492969,-1.5994310972056018,1.5989647139612355,-3.1411317664912497,-1.2514141148010793,2.3893240014259908e-05,-0.08584271233169352,-1.5961902028468282,1.6109985204762236,-3.1955985676469014,-1.2457753462316332,-0.6610382883546662
1780435830.639163733,-0.08941233758888956,-1.5995524681281603,1.5990819282712545,-3.14112712615781,-1.2489549957357422,2.1624877191626412e-05,-0.08658642744653175,-1.596724495479375,1.611677184692449,-3.193359297081803,-1.2446709997741348,-0.661038288355925
1780435830.689196587,-0.09005628283988898,-1.5996671496247359,1.5991926721648413,-3.1411227456017854,-1.2466011144453057,1.957134172941141e-05,-0.08773127044728789,-1.5959564806686437,1.6119541785807585,-3.201557943825487,-1.232690240685321,-0.6610382883554883
1780435830.739140034,-0.09067007726614307,-1.599775148997728,1.5992969541181854,-3.141118622789294,-1.2443564011160984,1.7712335877416387e-05,-0.0879784427607825,-1.5964523363389684,1.6118411619012527,-3.1958794371307886,-1.2312864303893851,-0.6610382883544991
1780435830.789147854,-0.09124582751537957,-1.5998752897228368,1.5993936379331628,-3.141114794743384,-1.242249880359072,1.6029378338518702e-05,-0.08780348254630488,-1.5967839759667761,1.611914698269681,-3.193071889455143,-1.2414250628164185,-0.6610382883565816
1780435830.839152813,-0.09124582751537957,-1.5998752897228368,1.5993936379331628,-3.141114794743384,-1.242249880359072,1.6029378338518702e-05,-0.08782367641856405,-1.595246401670507,1.6109457740787672,-3.201275863006887,-1.244178033410442,-0.6610382883550112
1780435830.889154911,-0.09178636023241715,-1.5999682769501522,1.5994834067555115,-3.141111236282324,-1.240271374344733,1.4505648779636243e-05,-0.08758122115344913,-1.5964657008447416,1.6112251844394612,-3.190082328746208,-1.2483298825840714,-0.661038288354871
1780435830.939141512,-0.09231980163447595,-1.600059060218321,1.5995710464863915,-3.1411077826872047,-1.238318021017922,1.31266875139787e-05,-0.08827969058018112,-1.5965752723990443,1.6118062761636311,-3.1911866672060434,-1.2397262884539897,-0.6610382883564506
1780435830.989281654,-0.0928275845047386,-1.600144571151394,1.5996535911918723,-3.141104533301596,-1.2364578745703385,1.1878495767470266e-05,-0.08914627549322525,-1.5961367057781644,1.6115888353270644,-3.1938524826281567,-1.2230419722288586,-0.6484719176127914
1780435831.039276838,-0.0928275845047386,-1.600144571151394,1.5996535911918723,-3.141104533301596,-1.2364578745703385,1.1878495767470266e-05,-0.08887364986679441,-1.5970149638060471,1.6117351793778842,-3.185356731939669,-1.2283670855790885,-0.6484719176144651
1780435831.089228392,-0.09330582342661664,-1.6002242985897794,1.599730547662065,-3.1411015039873313,-1.2347052805010215,1.0748701249044887e-05,-0.0890360405979574,-1.5956662948091314,1.6112920080021773,-3.194403459226528,-1.2287520870566797,-0.6484719176145001
1780435831.139253378,-0.09375746658948625,-1.6002988709402084,1.5998025238664768,-3.141098672074464,-1.2330495444903917,9.726000875307342e-06,-0.08805545670616624,-1.5957935135821177,1.6109849284656568,-3.189474038441938,-1.2492379409720837,-0.648471917612876
1780435831.189349413,-0.09417239194169014,-1.6003667642915413,1.5998680478449663,-3.141096087208182,-1.2315278927316236,8.800327295510554e-06,-0.08888317199930977,-1.5968993752146865,1.6115912867634985,-3.1819032916992547,-1.2499906384235562,-0.6484719176139069
1780435831.239260435,-0.09457290334737678,-1.6004317346793675,1.5999307496096176,-3.141093622310352,-1.2300586210067213,7.962586321267946e-06,-0.09037179208423882,-1.5965726297793452,1.6122230835578804,-3.187940647001816,-1.2368350426447883,-0.6484719176146003
1780435831.289292097,-0.09457290334737678,-1.6004317346793675,1.5999307496096176,-3.141093622310352,-1.2300586210067213,7.962586321267946e-06,-0.09073361988214775,-1.5959491950230138,1.6118205706342144,-3.1909805945799246,-1.2322856622904927,-0.6484719176132299
1780435831.339296579,-0.09496193553636001,-1.600494311042704,1.599991140174979,-3.1410912577606163,-1.2286310056110379,7.204470650703362e-06,-0.09033785073382695,-1.5967795472327397,1.6115457196707157,-3.18118385400585,-1.2388878939576364,-0.6484719176139999
1780435831.389402628,-0.09533794403693818,-1.6005542941497133,1.6000490270193166,-3.1410889987058126,-1.2272507533327977,6.518397237387365e-06,-0.08970198251570606,-1.5952050315385797,1.6114606765846544,-3.1943325303630026,-1.256326060373129,-0.6484719176144099
1780435831.439231396,-0.09568956514315641,-1.600609944652394,1.6001027301164883,-3.1410869032239046,-1.2259596376868087,5.897519493729649e-06,-0.0902171318383881,-1.5958810678344104,1.611248112704115,-3.188020941474476,-1.257792639261917,-0.64847191761284
1780435831.489204168,-0.09603073080957003,-1.60066352954472,1.6001544394855423,-3.141084893140113,-1.224706555557586,5.335673733891065e-06,-0.09121844532613854,-1.597174330796384,1.611988179040654,-3.1794666855009988,-1.246826639209657,-0.6484719176139518
1780435831.539247751,-0.09603073080957003,-1.60066352954472,1.6001544394855423,-3.141084893140113,-1.224706555557586,5.335673733891065e-06,-0.09228050639415347,-1.596390012697615,1.612113255540836,-3.186439108539081,-1.227563112779078,-0.6484719176145769
1780435831.589305401,-0.09636395814759169,-1.6007154763393698,1.6002045679535015,-3.141082952541516,-1.223482288077797,4.827372631239084e-06,-0.09162118065654097,-1.5962312457726409,1.6115032690627176,-3.183583109579253,-1.2313036918195686,-0.6359055468843312
1780435831.639325619,-0.0966815071402074,-1.600764619960695,1.6002519901206098,-3.1410811197181605,-1.2223153055497988,4.367388069280808e-06,-0.091230783914248,-1.5963521620939511,1.6115035896172862,-3.1817459395085548,-1.237655198062031,-0.6359055468859676
1780435831.689356804,-0.09698079541147209,-1.600810616855247,1.600296374277044,-3.1410794053992075,-1.2212151458561804,3.951113402621138e-06,-0.09107984678653594,-1.5947685645827105,1.6114697965894023,-3.1955738434310086,-1.2459718922612257,-0.6359055468843583
1780435831.739379168,-0.09698079541147209,-1.600810616855247,1.600296374277044,-3.1410794053992075,-1.2212151458561804,3.951113402621138e-06,-0.09227060599492225,-1.5966079508160629,1.6124717393301675,-3.1873435635979197,-1.2453236556467142,-0.6359055468843756
1780435831.789232016,-0.09725435751567435,-1.6008523882934327,1.6003366789890903,-3.1410778462261266,-1.2202093104269975,3.5743689361515206e-06,-0.09378359439277931,-1.5966592398745796,1.6125533787094806,-3.190198262623692,-1.2240233430054017,-0.6359055468861863
1780435831.839335442,-0.09753649261318031,-1.6008951926919037,1.6003779824133717,-3.1410762617938555,-1.2191717092618903,3.2335729324551675e-06,-0.09373101572334057,-1.5954327555996395,1.6117608536630201,-3.197849162876419,-1.2162265218888908,-0.6359055468846629
1780435831.889559269,-0.09780985830008326,-1.6009364011782736,1.6004177456062068,-3.1410747408005943,-1.218166121106556,2.9252926114861454e-06,-0.09268796895807162,-1.5963733015186081,1.6114594532735773,-3.1872666566055297,-1.227153099908492,-0.6359055468846133
1780435831.939424515,-0.09805984983029692,-1.600973858657758,1.6004538876371448,-3.1410733564119107,-1.2172463097371153,2.6463337081349114e-06,-0.09278516779232113,-1.5963134942813708,1.611657429641958,-3.1890232705084913,-1.2294000685599058,-0.6359055468861978
1780435831.989495039,-0.09805984983029692,-1.600973858657758,1.6004538876371448,-3.1410733564119107,-1.2172463097371153,2.6463337081349114e-06,-0.09348756555987431,-1.595575773089612,1.6116885494287059,-3.1960346946377878,-1.2212691410847392,-0.6359055468841895
1780435832.039128065,-0.09829710102330669,-1.6010092052388298,1.6004879922080413,-3.141072051460824,-1.2163731918059613,2.3938592558935903e-06,-0.09379108753988928,-1.5967948879471585,1.6122762963244244,-3.1883725529529245,-1.2205547238940009,-0.6359055468843282
1780435832.089378119,-0.09852164166173782,-1.601042476770207,1.6005200941197084,-3.141070824728124,-1.2155466856562729,2.165533471816734e-06,-0.09499294929880975,-1.5958478522141695,1.6120681872364757,-3.1973682149023275,-1.201010650521104,-0.6484719176269291
1780435832.139431715,-0.09867939138640924,-1.6009519331463515,1.6005495834684693,-3.14151566599634,-1.214965932300725,3.505233304900247e-05,-0.09434597265199837,-1.595942432612583,1.6113217269132696,-3.194955746333053,-1.210748263503568,-0.6484719176251783
1780435832.189508438,-0.09867939138640924,-1.6009519331463515,1.6005495834684693,-3.14151566599634,-1.214965932300725,3.505233304900247e-05,-0.0970427192763686,-1.5956583821842818,1.6105921867749295,-3.186252068213204,-1.2152459656711305,-0.6484719176268681
1780435832.239355326,-0.09824706934487715,-1.6008182570238603,1.6004922113534834,-3.1417909477657977,-1.216557330322602,5.487638028454768e-05,-0.10089476430131698,-1.5925326763131054,1.6105767496540828,-3.1938351350620877,-1.208366494001403,-0.6484719176270333
1780435832.289185286,-0.09747285480220214,-1.6007406865443405,1.6003778452129145,-3.141644133346813,-1.2194057701913108,4.321171588804209e-05,-0.10343630916556734,-1.5904409391781167,1.6103894674962125,-3.1832888312492202,-1.194746829885543,-0.6484719176256064
1780435832.339245319,-0.09682105716818334,-1.6007975254642801,1.600271984968419,-3.141035559872544,-1.2218023653143835,-1.709190393661686e-06,-0.10448090450231842,-1.5880711196374255,1.6114523566272632,-3.1803810880012704,-1.1938635556937736,-0.6484719176274699
1780435832.389176130,-0.09664748354736563,-1.6007434154978668,1.600247957853622,-3.1411438527810747,-1.2224403560272235,5.949982850115061e-06,-0.10460016886172799,-1.5843012750026535,1.6108717862441577,-3.1853558864362115,-1.190298331055085,-0.648471917626973
1780435832.439229965,-0.09664748354736563,-1.6007434154978668,1.600247957853622,-3.1411438527810747,-1.2224403560272235,5.949982850115061e-06,-0.1038428418954154,-1.5816797594249392,1.6107853324612411,-3.18212295151453,-1.2054231180326207,-0.6484719176253969
1780435832.489442825,-0.0966716375062795,-1.6007683750806496,1.6002501795283652,-3.1410604917672753,-1.222351580817623,-2.1451863041477282e-07,-0.10513099467632527,-1.5811736862635017,1.6120513681532929,-3.1750687502942485,-1.200917875482504,-0.6610382883563697
1780435832.539334059,-0.0966779066347856,-1.600762549375501,1.6002515524228325,-3.141087079812277,-1.2223285390337395,1.606100323159591e-06,-0.10629595219894986,-1.5778973883519969,1.6120895501344377,-3.181174356778673,-1.195169678495702,-0.6610382883555577
1780435832.589349508,-0.09670234297922065,-1.6007758561681529,1.6002545703520146,-3.141049549607832,-1.2222387236434278,-1.2109009555061334e-06,-0.10682117981868106,-1.5760649822469626,1.6120742846712925,-3.1738891658117865,-1.2001120286533615,-0.6610382883547785
1780435832.639384031,-0.09670234297922065,-1.6007758561681529,1.6002545703520146,-3.141049549607832,-1.2222387236434278,-1.2109009555061334e-06,-0.10753187336551716,-1.5743296652755765,1.6124061406749775,-3.169640327680658,-1.2017152651662213,-0.6610382883568316
1780435832.689370394,-0.09670351968964486,-1.6007446059394024,1.6002567772972842,-3.1411727347050125,-1.2222343986167168,7.643382420077906e-06,-0.10726978460070276,-1.5706892882217725,1.6117071503065719,-3.174228064059058,-1.2106612071970815,-0.6610382883552507
1780435832.739213228,-0.09671687776076077,-1.6007300760439858,1.600259832259366,-3.141237666369617,-1.2221853004139813,1.2282341295906466e-05,-0.10788916176823483,-1.5700018964999174,1.6125777266691799,-3.1633755101843524,-1.214989844152095,-0.6610382883547072
1780435832.789327383,-0.09674215797543795,-1.6007501140276474,1.6002625490065532,-3.141174254436215,-1.2220923803182044,7.613029237612246e-06,-0.10934485379582057,-1.5684355193582018,1.6135406836065342,-3.1620257985881666,-1.2051390937712358,-0.6610382883562139
1780435832.839369059,-0.09677424866964479,-1.6007791637952682,1.600265759251056,-3.1410795785938905,-1.2219744247431814,6.796808089907036e-07,-0.11036176025865739,-1.5653371065952406,1.6133684492942184,-3.168222368024078,-1.1977704968154972,-0.6610382883556174
1780435832.889377594,-0.09677424866964479,-1.6007791637952682,1.600265759251056,-3.1410795785938905,-1.2219744247431814,6.796808089907036e-07,-0.1107859917824578,-1.5643268464455762,1.6140392990577126,-3.1635652384061985,-1.2031048950176317,-0.6610382883545434
1780435832.939254522,-0.09677654093104238,-1.6007877426180421,1.6002655677630417,-3.1410473233468994,-1.2219659989697451,-1.725789681827905e-06,-0.11078776082743773,-1.5643072929278716,1.6142945248461886,-3.156791995840154,-1.2071484120814744,-0.6610382883561038
1780435832.989425182,-0.09677654093104238,-1.6007869670147254,1.6002656179456836,-3.1410503634195734,-1.2219659989697451,-1.5611449120100929e-06,-0.11042489089739259,-1.562603442879575,1.6144265896509655,-3.1691709372285732,-1.2068853857307527,-0.6610382883551515
1780435833.039313316,-0.09677654093104238,-1.6007862654374954,1.6002656633286414,-3.1410531133061625,-1.2219659989697451,-1.4121316684878593e-06,-0.11004983616729418,-1.5640083219436347,1.6150440651686366,-3.1614344058987296,-1.2113815911012686,-0.661038288354374
1780435833.089261055,-0.09677654093104238,-1.6007856310519388,1.6002657043605797,-3.141055599817627,-1.2219659989697451,-1.2773370965390995e-06,-0.11044665846253605,-1.5650462886172543,1.615355205724832,-3.159029975273551,-1.2016140569991203,-0.6610382883555563
1780435833.139242649,-0.09677654093104238,-1.6007856310519388,1.6002657043605797,-3.141055599817627,-1.2219659989697451,-1.2773370965390995e-06,-0.11081585246758885,-1.5652432853679494,1.6158638125573566,-3.1672865508713355,-1.1918695356234736,-0.6610382883558807
1780435833.189314842,-0.09677654093104238,-1.6007850573203282,1.6002657414633625,-3.14105784857373,-1.2219659989697451,-1.1553661742880195e-06,-0.11012982053759394,-1.5657577964522504,1.615291706649075,-3.1682268427348372,-1.1952696709990305,-0.6610382883543253
1780435833.239287615,-0.09677654093104238,-1.6007845385028157,1.60026577501203,-3.141059882085246,-1.2219659989697451,-1.0450698937347624e-06,-0.10907641672633583,-1.5675062102369575,1.6147501299190246,-3.1585568363529073,-1.2062871708892728,-0.66103828835555
1780435833.289282084,-0.09677654093104238,-1.6007840694095066,1.6002658053460643,-3.1410617207076825,-1.2219659989697451,-9.453953557780892e-07,-0.1087797146786856,-1.5671176763672259,1.6148712718825933,-3.1716034457559172,-1.2053766015000174,-0.6610382883555753
1780435833.339313984,-0.09677654093104238,-1.6007836451409059,1.600265832775771,-3.141063383619324,-1.2219659989697451,-8.551177677063038e-07,-0.10828720146882935,-1.5684556649128405,1.614762233707575,-3.168625174148292,-1.207073778088556,-0.6610382883538897
1780435833.389312506,-0.09677654093104238,-1.6007836451409059,1.600265832775771,-3.141063383619324,-1.2219659989697451,-8.551177677063038e-07,-0.10856118993265348,-1.5705224921786876,1.6147541072689175,-3.159724406880933,-1.1935277067716676,-0.6610382883554001
1780435833.439327717,-0.09677654093104238,-1.6007832613495774,1.6002658575948776,-3.1410648879069143,-1.2219659989697451,-7.736386757883906e-07,-0.10895258205591768,-1.57071333329917,1.6153696600821705,-3.1701309613326596,-1.1789100228747513,-0.6610382883558009
1780435833.489367247,-0.09677654093104238,-1.6007829141968353,1.6002658800380458,-3.1410662485646124,-1.2219659989697451,-6.998328316853986e-07,-0.10802689561073091,-1.5712610977689865,1.6145045655847525,-3.170009077198948,-1.1819422880193005,-0.6610382883540901
1780435833.539259195,-0.09677654093104238,-1.6007826002190528,1.6002659003328434,-3.1410674791813356,-1.2219659989697451,-6.33039725528306e-07,-0.10695236083693944,-1.5730682788319443,1.6140699705808832,-3.1606088139577735,-1.1936445893552532,-0.6610382883557968
1780435833.589324713,-0.09677654093104238,-1.6007823164282247,1.6002659186755581,-3.1410685914798964,-1.2219659989697451,-5.726356535618038e-07,-0.10664777386372773,-1.5726132376899198,1.6140219142131877,-3.1726938478542763,-1.19280926907171,-0.6610382883553875
1780435833.639292479,-0.09677654093104238,-1.6007823164282247,1.6002659186755581,-3.1410685914798964,-1.2219659989697451,-5.726356535618038e-07,-0.10624891474962493,-1.573633193843027,1.6140876207235706,-3.1727592277495065,-1.1951116707677,-0.6610382883537542
1780435833.689288855,-0.09677654093104238,-1.6007820597316078,1.6002659352601485,-3.1410695975593987,-1.2219659989697451,-5.178702027208715e-07,-0.10661467573593515,-1.5756984235291602,1.6140699979248387,-3.163594037226743,-1.1818078362135929,-0.6610382883555431
1780435833.739331961,-0.09677654093104238,-1.6007818276042256,1.6002659502680583,-3.1410705073848617,-1.2219659989697451,-4.68591597524437e-07,-0.10692386670702345,-1.5759064052411258,1.614554043956695,-3.172121529351534,-1.170408693752672,-0.6610382883558826
1780435833.789520025,-0.09677654093104238,-1.6007816176115712,1.6002659638426469,-3.141071330445217,-1.2219659989697451,-4.2397205302080465e-07,-0.10605880593986419,-1.57620628306685,1.6137089211877829,-3.173014189476042,-1.1755690865007968,-0.6610382883543112
1780435833.839546680,-0.09677654093104238,-1.600781427634125,1.6002659761205784,-3.141072075046387,-1.2219659989697451,-3.835601845025849e-07,-0.10502393975277231,-1.5778203812891176,1.6133039852499258,-3.1638589125430348,-1.1896898802405331,-0.6610382883554494
1780435833.889234781,-0.09677654093104238,-1.600781427634125,1.6002659761205784,-3.141072075046387,-1.2219659989697451,-3.835601845025849e-07,-0.10502787863116686,-1.5771559998972542,1.6135393192196967,-3.17880350779404,-1.188646063162705,-0.6610382883555065
1780435833.939241171,-0.09677654093104238,-1.600781255769058,1.6002659872248632,-3.1410727486463488,-1.2219659989697451,-3.4693644579419924e-07,-0.10466874810129283,-1.5780627382632195,1.6133318044143385,-3.177911288001316,-1.190560244054096,-0.6610382883537373
1780435833.989193678,-0.09677654093104238,-1.6007811004681,1.6002659972602535,-3.1410733573309986,-1.2219659989697451,-3.1388850718627737e-07,-0.10513480218147987,-1.5800581002172605,1.6134543680282072,-3.1688241587938575,-1.1766619155575984,-0.6610382883555294
1780435834.039385796,-0.09677654093104238,-1.6007809600619893,1.6002659972602535,-3.1410739076359637,-1.2219659989697451,-2.840111514856858e-07,-0.10545920479258629,-1.5801133936873502,1.6139345398157998,-3.17755966363506,-1.165988975533536,-0.6610382883558772
1780435834.089147091,-0.09677654093104238,-1.600780833091914,1.600266014539404,-3.141074405288531,-1.2219659989697451,-2.5701558037383165e-07,-0.10460014725678432,-1.5802801214506292,1.6130295162444261,-3.1781837276232787,-1.1720371610897413,-0.6610382883542898
1780435834.139221668,-0.09677654093104238,-1.600780833091914,1.600266014539404,-3.141074405288531,-1.2219659989697451,-2.5701558037383165e-07,-0.10362879201725142,-1.5818099541363502,1.612723890167689,-3.169005003616208,-1.1870526489998448,-0.6610382883554339
1780435834.189284563,-0.09677654093104238,-1.6007807182070373,1.600266014539404,-3.141074855576007,-1.2219659989697451,-2.3260648340794887e-07,-0.10372724882543541,-1.5810240227684984,1.6129459826757626,-3.1838380964594664,-1.1859682850555282,-0.6610382883555003
1780435834.239142418,-0.09677654093104238,-1.6007806141602616,1.600266028694419,-3.1410752633974406,-1.2219659989697451,-2.1061823751722386e-07,-0.10341991008943721,-1.5817826139537132,1.612727265015805,-3.182946406505308,-1.187898572687681,-0.6610382883537148
1780435834.289332151,-0.09677654093104238,-1.6007805201534122,1.600266028694419,-3.1410756318724187,-1.2219659989697451,-1.9074905832638933e-07,-0.1048560324102183,-1.5834359897400168,1.6134184605458473,-3.177556590024213,-1.163337402761011,-0.648471917615069
1780435834.339205265,-0.09677654093104238,-1.6007804351859107,1.6002660402615165,-3.1410759648760997,-1.2219659989697451,-1.7258328988134508e-07,-0.10437665807770738,-1.583575288358527,1.6133463656430675,-3.1825646696318346,-1.1614765977097359,-0.6610382883558668
1780435834.389236450,-0.09677654093104238,-1.6007804351859107,1.6002660402615165,-3.1410759648760997,-1.2219659989697451,-1.7258328988134508e-07,-0.10351232244500834,-1.5836533935546697,1.6125076314974447,-3.1829538430526454,-1.167230511281873,-0.6610382883542633
1780435834.439189911,-0.09677654093104238,-1.6007803583892155,1.6002660402615165,-3.141076265864363,-1.2219659989697451,-1.5619432680580303e-07,-0.10253539852177512,-1.5850574768108396,1.6121904540182665,-3.1736150016183773,-1.1823765531003387,-0.6610382883554577
1780435834.489436388,-0.09677654093104238,-1.6007802890020093,1.6002660402615165,-3.1410765378297962,-1.2219659989697451,-1.4147295068767107e-07,-0.10267344047076561,-1.584218617455261,1.6124141878678382,-3.1877559011922783,-1.1813013066276548,-0.6610382883555197
1780435834.539497614,-0.09677654093104238,-1.6007802261152504,1.6002660537835904,-3.1410767843529954,-1.2219659989697451,-1.2833257745370474e-07,-0.10238916562029675,-1.5848831052567594,1.6121969341811793,-3.186346775878397,-1.1833504894480302,-0.6610382883537098
1780435834.589367867,-0.09677654093104238,-1.600780169218626,1.6002660537835904,-3.1410770073800856,-1.2219659989697451,-1.1633755914175481e-07,-0.10295691838764869,-1.5866772010281531,1.6124263724379282,-3.176916570212175,-1.1696756738151672,-0.6610382883555289
1780435834.639337063,-0.09677654093104238,-1.600780169218626,1.6002660537835904,-3.1410770073800856,-1.2219659989697451,-1.1633755914175481e-07,-0.10337094817898042,-1.586474757082173,1.6128787815299948,-3.185398355969599,-1.1588577295229345,-0.6610382883558777
1780435834.689321995,-0.09677654093104238,-1.6007801177408352,1.6002660537835904,-3.1410772091236114,-1.2219659989697451,-1.0525988258791585e-07,-0.10254287534459583,-1.5864054096447928,1.6119986838869467,-3.1858587625045245,-1.1658556319920195,-0.6610382883542986
