time,q1,q2,q3,q4,q5,q6,dq1,dq2,dq3,dq4,dq5,dq6,ax,ay,az,imu_wx,imu_wy,imu_wz,v_bx,v_by,v_bz,w_bx,w_by,w_bz,target_dq1,target_dq2,target_dq3,target_dq4,target_dq5,target_dq6
76.42,2.8314479275888585e-13,-1.569999999995694,1.570137795685852,-1.569999999984577,-1.569999999999939,-1.0830774794947258e-14,3.4722468804741904e-11,-1.236461902897844e-10,-1.2871943714343426e-10,-1.447030211587377e-10,2.0458087162539013e-12,-5.264469352427904e-13,0.008780346729050417,-0.03225681019847332,-9.80002934819005,1.837178856584291e-05,-3.103472827539516e-06,0.0034495204357852527,0.3999997750658971,-4.450890328053141e-12,0.0,0.0,0.0,-2.2063747207671038e-11,-1.52699203575216e-11,1.6416985758229643,-1.6431922713726164,0.0014936955496810806,-3.436716604731198e-14,-3.733397402161763e-11
76.44,5.798901548851322e-13,-1.5699266936228942,1.5701871384697197,-1.5699999999837488,-1.5699999999996568,-8.294899770361195e-14,1.7762146964296795e-11,-0.0008145152762017,-0.002079316188671,1.2212430225651326e-11,1.1723212790202284e-11,-2.9574344885476174e-12,0.14033057288704162,-0.6079416922028968,-9.800390117333182,0.0004059599563885397,-4.0911370704450306e-05,0.0439564888424731,0.48619423187033534,-4.6060319226720135e-12,0.0,0.0,0.0,-2.1443910757227788e-11,-1.6351227381892827e-11,1.995461956062944,-1.9974446555106968,0.0019826994477820273,-3.965280860066242e-14,-3.779550709495497e-11
76.46,8.425178673498266e-13,-1.569940621834086,1.570151582162888,-1.5699999999835643,-1.5699999999995018,-1.2137873393063186e-13,1.0668527869396769e-11,-0.0006597573708052,-0.0016842461130685,8.006661349380009e-12,5.429788590321019e-12,-1.3017406841038873e-12,0.24677185596992104,-1.1290432579487961,-9.800710596019217,0.0007514280988931999,-7.668833130071417e-05,0.08258690994502575,0.5665229410937226,-4.795995494291144e-12,0.0,0.0,0.0,-2.0970222165598384e-11,-1.7642816555603753e-11,2.325151020874106,-2.327424298870384,0.0022732779963106774,-3.939946093600474e-14,-3.861303167929494e-11
76.48,9.933394722361959e-13,-1.5699519036851026,1.5701227815543508,-1.569999999983445,-1.5699999999994436,-1.3394254267508706e-13,5.8794327371068655e-12,-0.0005344034681676,-0.0013642393517195,5.149194106007554e-12,1.3690017476304488e-12,-1.9127052914603981e-13,0.31424290756413326,-1.5590630845320739,-9.800966102095405,0.0010247166009234548,-0.00010870699375605615,0.11768850932095723,0.6367979160334515,-5.035818982777284e-12,0.0,0.0,0.0,-2.0706935354256767e-11,-1.896565997745083e-11,2.613577062098192,-2.6160986420964916,0.0025215799983319383,-3.8309174335715504e-14,-3.967089290269438e-11
76.5,1.0704622075175726e-12,-1.5699610419843908,1.5700994530614334,-1.5699999999833698,-1.5699999999994465,-1.294785137564357e-13,2.679237108321915e-12,-0.000432866807625,-0.0011050338749861,3.1949113358164735e-12,-1.2335552365813282e-12,5.292711391770635e-13,0.33920306731733607,-1.8814581656281262,-9.801146998315591,0.0012118713006990212,-0.0001356546715545831,0.14792382292760817,0.6949795084033391,-5.320628132273369e-12,0.0,0.0,0.0,-2.0621918904946923e-11,-2.0290673163087275e-11,2.8523688507962475,-2.8550910355579666,0.002722184761752276,-3.813139302728038e-14,-4.0913899154804033e-11
76.52,1.1000505992586334e-12,-1.5699684440067898,1.570080556982169,-1.5699999999833238,-1.5699999999994865,-1.1558322147744146e-13,7.178986273720725e-13,-0.000350622113149,-0.000895077438797,1.963446576548969e-12,-2.7068005091024708e-12,8.62039457286308e-13,0.3251519257488485,-2.09455866633047,-9.801254013380538,0.0013133336054748947,-0.0001567445613287372,0.1723906865668555,0.7407311001730192,-5.631380244373275e-12,0.0,0.0,0.0,-2.0619417660866478e-11,-2.1568662038138357e-11,3.0401448194683027,-3.0430204987906384,0.0028756793223687497,-3.950736109431013e-14,-4.218873382937709e-11
76.54,1.0997368639876897e-12,-1.5699744396449171,1.5700652511579645,-1.5699999999832963,-1.5699999999995486,-9.696409046019567e-14,-5.44281972465234e-13,-0.0002840039109719,-0.0007250127254573,1.1770242636108068e-12,-3.629167536693505e-12,1.0470773418235976e-12,0.2791325793387491,-2.2056983633710616,-9.801293419254423,0.0013388907828310115,-0.00017170039063162918,0.1906405207197342,0.7748353570878685,-5.9422105937137375e-12,0.0,0.0,0.0,-2.0578808658874265e-11,-2.2734281784684323e-11,3.18011722123609,-3.1831035158284826,0.002986294592427119,-3.8270651795092174e-14,-4.331171096669519e-11
76.56,1.082522156084164e-12,-1.569979296111787,1.570052853440358,-1.569999999983282,-1.5699999999996177,-7.7460322718724e-14,-1.0243635095979337e-12,-0.0002300431669801,-0.0005872603076799,4.4099682554380994e-13,-3.150545742260785e-12,8.801975397458238e-13,0.20938766680866625,-2.2271715194689294,-9.80127407529473,0.0013030443273280502,-0.00018065839881129444,0.20261770825442402,0.7987299251805177,-6.227159879382785e-12,0.0,0.0,0.0,-2.0387878526119953e-11,-2.3729027006316105e-11,3.278186512485534,-3.281246709269333,0.0030601967838345787,-3.840647956881989e-14,-4.4117789774561575e-11
76.58,1.062596407505917e-12,-1.5699832298499308,1.5700428112890952,-1.569999999983282,-1.5699999999996646,-6.43583331055837e-14,-1.0785269839762648e-12,-0.0001863349641287,-0.0004756808492756,-2.673258783661512e-13,-1.9243290229516152e-12,5.432556666887592e-13,0.12401117315608691,-2.1737230708115725,-9.801205947335179,0.0012217437470263533,-0.00018404135223271256,0.20856364186144494,0.8141570308424262,-6.465729028208325e-12,0.0,0.0,0.0,-1.9968243869824116e-11,-2.452862474483643e-11,3.341503224001415,-3.344607508688363,0.0031042846869823782,-3.8325413471468815e-14,-4.449641461898195e-11
76.6,1.0227532591262798e-12,-1.569986416177792,1.5700346771465707,-1.5699999999833023,-1.5699999999997127,-5.122910485087107e-14,-2.819730072264187e-12,-0.0001509313186351,-0.000385301488077,-1.5886061031504832e-12,-2.9353301202444254e-12,7.843676879878969e-13,0.03062593489099284,-2.0610442944628,-9.801099727445923,0.0011102543519421757,-0.00018244613082888116,0.2089253602635811,0.8229142813570992,-6.644890828178967e-12,0.0,0.0,0.0,-1.928203107867424e-11,-2.5051652317373123e-11,3.3774451840200643,-3.3805705633114727,0.003125379291447159,-3.690286180780894e-14,-4.433386447583859e-11
76.62,9.573946893059125e-13,-1.5699889971033194,1.5700280884911235,-1.5699999999833425,-1.5699999999997742,-3.5137781115695045e-14,-3.815602415730042e-12,-0.0001222543661584,-0.0003120942054706,-2.431953964111052e-12,-3.342895933482713e-12,8.671501423819158e-13,-0.06320908043080908,-1.9046555814632626,-9.800966890191168,0.0009819280219635158,-0.00017657307949579365,0.20430006025313147,0.8266903888664268,-6.757103901360171e-12,0.0,0.0,0.0,-1.8319096576602327e-11,-2.5259453548296032e-11,3.3929432882587314,-3.396073003715344,0.0031297154566479017,-3.6209384771328454e-14,-4.357708032238933e-11
76.64,8.698683633429962e-13,-1.5699910876529972,1.5700227516802103,-1.5699999999833758,-1.5699999999998886,-8.748387203964626e-15,-4.7523205802448696e-12,-9.902603799568372e-05,-0.0002527963063475,-1.231559725213419e-12,-7.157445819296234e-12,1.5866232481488718e-12,-0.1499264608916194,-1.7189761316499501,-9.800819290412479,0.0008476475824747145,-0.0001671976409144862,0.19541792993773016,0.8269685562209201,-6.798180911099249e-12,0.0,0.0,0.0,-1.7084790432049132e-11,-2.515340525775844e-11,3.3940849712301153,-3.3972076327910616,0.0031226615609783854,-3.51760810821574e-14,-4.223883734912968e-11
76.66,7.719180003328559e-13,-1.5699927809982068,1.5700184288633692,-1.5699999999834204,-1.5700000000000034,1.7468714988571313e-14,-5.6383249306436725e-12,-8.021108569823453e-05,-0.0002047650084824,-3.921771352388963e-12,-4.198514745503562e-12,1.0833668760267673e-12,-0.2231187240334307,-1.5170313118987238,-9.800668078388664,0.0007157213176964719,-0.00015515423444804633,0.18313051642501119,0.8249810184823624,-6.768484133123809e-12,0.0,0.0,0.0,-1.560477679911259e-11,-2.4780816003722885e-11,3.3859276331487718,-3.3890362388181026,0.0031086056693626343,-3.250840461840382e-14,-4.0384676096032404e-11
76.68,6.721821939204336e-13,-1.5699941526077592,1.5700149273817243,-1.5699999999834953,-1.570000000000069,3.415393060955788e-14,-4.850102036570853e-12,-6.497097834818763e-05,-0.0001658596569451,-3.773336619391696e-12,-2.884588076214334e-12,7.209875600190653e-13,-0.27908266221502587,-1.310810852132841,-9.800522719075177,0.0005920357254894132,-0.00014129714360764905,0.1683646806737501,0.8217000443699763,-6.675667850262441e-12,0.0,0.0,0.0,-1.3936862792284152e-11,-2.4185248600368903e-11,3.3724617075677488,-3.375552665109155,0.003090957541438087,-3.135711782493144e-14,-3.812247569282076e-11
76.7,5.746131592410218e-13,-1.569995263611461,1.5700120911815891,-1.5699999999835763,-1.5700000000001175,4.5283764914171487e-14,-5.506658260075962e-12,-5.2626489265449526e-05,-0.0001343463223467,-4.8859374078013296e-12,-2.164251599928637e-12,3.659512878275914e-13,-0.31703663838140606,-1.1112322869965692,-9.800390655272174,0.00048034059729156885,-0.0001264351375469591,0.1520396755935279,0.817853043816631,-6.534529926870827e-12,0.0,0.0,0.0,-1.2167921381183593e-11,-2.3440630608471367e-11,3.3566726665237216,-3.3597448920536745,0.0030722255299789757,-2.913686124355327e-14,-3.560882392854488e-11
76.72,4.794520441962357e-13,-1.5699961635244228,1.5700097938594764,-1.569999999983663,-1.5700000000001513,5.0787104668566674e-14,-4.553068629043443e-12,-4.262745591083295e-05,-0.0001088205211183,-4.179359376616345e-12,-1.5455648100324432e-12,2.438761337515173e-13,-0.3380764744695821,-0.9272794472536984,-9.800277242025485,0.0003826070271131242,-0.0001112720747083144,0.134987828526262,0.8139519223769914,-6.363225591012282e-12,0.0,0.0,0.0,-1.0393564197893638e-11,-2.260006106536019e-11,3.3406614983299696,-3.3437156346215287,0.0030541362915858295,-2.6422379820729466e-14,-3.299299234865108e-11
76.74,3.9574071199827845e-13,-1.5699968924539145,1.5700079330285646,-1.5699999999837368,-1.5700000000001837,5.6582162055000246e-14,-4.327171250712112e-12,-3.4528238812846043e-05,-8.814462213502212e-05,-3.676616642732356e-12,-1.986339444434628e-12,3.872866654111573e-13,-0.34414571759636986,-0.7651107121252414,-9.800185618071982,0.0002994215489817279,-9.638007905338062e-05,0.11791294251863817,0.8103292153916285,-6.178956486448205e-12,0.0,0.0,0.0,-8.696922093513017e-12,-2.1750055205299118e-11,3.325793011187742,-3.328830784386388,0.003037773198670433,-2.4030966849370016e-14,-3.044814657876087e-11
76.76,3.237220808510124e-13,-1.5699974828867962,1.5700064257555248,-1.5699999999838012,-1.570000000000212,6.169878824647643e-14,-3.3150786701516017e-12,-2.796787320904548e-05,-7.139714394101738e-05,-3.091330213560422e-12,-1.0366961636202893e-12,1.7154720433889758e-13,-0.3375185641876129,-0.627758161415405,-9.800116650352424,0.00023037290201435756,-8.220154965836111e-05,0.10138359797495135,0.807175669168726,-5.995444319373021e-12,0.0,0.0,0.0,-7.137671823911717e-12,-2.0938319450248343e-11,3.3128500757243184,-3.3158737920134778,0.0030237162891834993,-2.2484261183789816e-14,-2.807545339235001e-11
76.78,2.687958870393068e-13,-1.5699979611374264,1.5700052048643631,-1.5699999999838568,-1.570000000000224,6.325256300466529e-14,-2.5288231625647094e-12,-2.265397707671757e-05,-5.783168659629178e-05,-2.6023686566003503e-12,-3.3861882210977495e-13,1.4035000510956644e-14,-0.320659129001896,-0.5154894171552193,-9.800069152351432,0.0001743908502003435,-6.906103383514029e-05,0.08583913559056747,0.8045757340399775,-5.822345917775329e-12,0.0,0.0,0.0,-5.751202615111394e-12,-2.020759053287911e-11,3.3021792973451434,-3.3051914697609392,0.0030121724158166667,-2.163837806048215e-14,-2.5959328956860027e-11
76.8,2.2686755185942467e-13,-1.569998348520432,1.5700042159425232,-1.5699999999839034,-1.5700000000002254,6.233316303184455e-14,-1.932183650951063e-12,-1.8349721226209543e-05,-4.684366615979428e-05,-2.2015492558049698e-12,1.4493876374966925e-13,-9.359319688619777e-14,-0.29620082177242374,-0.42659183475020757,-9.800040403653481,0.00013001752408003492,-5.7174708270714314e-05,0.07159375592293188,0.8025388713753063,-5.6657436615372035e-12,0.0,0.0,0.0,-4.552945447751472e-12,-1.9567425760155027e-11,3.2938195080307566,-3.2968225969719755,0.0030030889412370147,-1.9405711308013355e-14,-2.4122865889607962e-11
76.82,1.9477868931694862e-13,-1.569998662300663,1.5700034149158315,-1.5699999999839411,-1.570000000000219,5.975910181484782e-14,-1.481548262164626e-12,-1.4863273986182746e-05,-3.79433696035569e-05,-1.887265015184552e-12,4.71200867631057e-13,-1.6393080604993132e-13,-0.26679943565035713,-0.35818778415560804,-9.800026828562588,9.561504123308475e-05,-4.665921645453444e-05,0.058841321327833214,0.8010256672825546,-5.528855750136006e-12,0.0,0.0,0.0,-3.5433824620345247e-12,-1.9026203123738995e-11,3.287608943474491,-3.2906051913847407,0.002996247910267265,-1.8030609499088636e-14,-2.2567895799521973e-11
76.84,1.7010066971157846e-13,-1.5699989164626462,1.5700027660842095,-1.5699999999839744,-1.5700000000002077,5.613734977378072e-14,-1.143008419100919e-12,-1.2039251740520403e-05,-3.073412938862984e-05,-1.6364245083545577e-12,6.753815375340999e-13,-2.068580529578871e-13,-0.23489372198005884,-0.3068866382504596,-9.800024631476168,6.952014952109573e-05,-3.754501252701353e-05,0.04766740535776487,0.7999685264072877,-5.4127068575985595e-12,0.0,0.0,0.0,-2.7124599395854983e-12,-1.8570363656997762e-11,3.2832701755997147,-3.286261515818634,0.0029913402189364127,-1.621012194535779e-14,-2.1283267604320706e-11
76.86,1.5097517612703214e-13,-1.5699991223338492,1.570002240530598,-1.5699999999840033,-1.570000000000194,5.1913691712435267e-14,-8.900013481050314e-13,-9.75179372590023e-06,-2.489464481544147e-05,-1.4262588078312684e-12,7.910081111981142e-13,-2.2965380173987997e-13,-0.2025329535968867,-0.26925346685615426,-9.800030250827728,5.0152927083576395e-05,-2.9793774558461153e-05,0.03806790388665343,0.7992872383132144,-5.316751919305786e-12,0.0,0.0,0.0,-2.0434187192761633e-12,-1.819813783666696e-11,3.2804740008693827,-3.28346202190313,0.00298802103376198,-1.6879081512069115e-14,-2.0240491642074793e-11
76.88,1.359866627906025e-13,-1.569999289089521,1.5700018148321704,-1.5699999999840295,-1.5700000000001777,4.7410070706918525e-14,-7.020440679532738e-13,-7.89895273634405e-06,-2.016466230987077e-05,-1.2561579380843124e-12,8.480529087540003e-13,-2.381634860572184e-13,-0.17130591871936685,-0.2421115265876389,-9.800040620444337,3.60858905108409e-05,-2.3316905560016823e-05,0.029970264356907056,0.7989000182905678,-5.239412948308139e-12,0.0,0.0,0.0,-1.5158972248427224e-12,-1.7897270081343227e-11,3.2788847545191757,-3.281870703269281,0.002985948750120199,-1.5107874285475962e-14,-1.9413965529283033e-11
76.9,1.2406294562204782e-13,-1.5699994241616098,1.5700014700164455,-1.569999999984052,-1.5700000000001604,4.2854532016298466e-14,-5.631638123909264e-13,-6.39815155359593e-06,-1.633337647642768e-05,-1.1057615519553782e-12,8.485376834974057e-13,-2.366079388487061e-13,-0.14233936640662687,-0.22271340702179698,-9.800053287634354,2.6081071993760132e-05,-1.7992947953254603e-05,0.0232543748734884,0.7987307741452094,-5.1785114549956535e-12,0.0,0.0,0.0,-1.1082828477581532e-12,-1.7664729052553214e-11,3.278190135274338,-3.2811749455482255,0.0029848102739023245,-1.5090082274084764e-14,-1.87732779010204e-11
76.92,1.143967271992325e-13,-1.5699995335699997,1.5700011907157074,-1.569999999984072,-1.5700000000001435,3.840399077850184e-14,-4.6115350172413e-13,-5.1825026066550845e-06,-1.32300349694404e-05,-9.70907847078789e-13,8.179855062101558e-13,-2.2826322944443853e-13,-0.11634001184568395,-0.20881319752215086,-9.800066430455242,1.9102693689570654e-05,-1.3682667256342358e-05,0.017771302667798042,0.7987133853496499,-5.131603149691732e-12,0.0,0.0,0.0,-7.994058714387825e-13,-1.747986632071991e-11,3.2781187680545196,-3.2811031035664677,0.0029843355119631727,-1.5797474679353153e-14,-1.8280513618401957e-11
76.94,1.0638450346749712e-13,-1.5699996221907926,1.5700009644821111,-1.5699999999840897,-1.570000000000129,3.416236699672622e-14,-3.865451532873731e-13,-4.197826962860993e-06,-1.0716328336157293e-05,-8.7558421482091e-13,7.787279719479389e-13,-2.1546708915774065e-13,-0.09366017254491457,-0.19866778444645208,-9.800078808791383,1.4312462538220329e-05,-1.0241246679453129e-05,0.013358946168110406,0.7987937386886819,-5.096223750703915e-12,0.0,0.0,0.0,-5.696723819380541e-13,-1.7341321384232644e-11,3.2784485587729244,-3.2814328625633697,0.0029843037904591484,-1.3887506308299365e-14,-1.7910284275954123e-11
76.96,9.957870800867671e-14,-1.5699996939736318,1.5700007812328975,-1.5699999999841052,-1.5700000000001155,3.01936500748216e-14,-3.3225393744674997e-13,-3.400239701894432e-06,-8.680225969598729e-06,-7.755304971109533e-13,7.41508019062539e-13,-2.0018659784861413e-13,-0.07437251552189324,-0.19099036484269585,-9.800089676073112,1.1053527501070989e-05,-7.52751094822178e-06,0.009854295142434206,0.7989301754819198,-5.0700526737611045e-12,0.0,0.0,0.0,-4.01713930131336e-13,-1.723465988400652e-11,3.2790085298507363,-3.281993074440528,0.0029845445898057307,-1.4513560474174596e-14,-1.7637970382304763e-11
76.98,9.365098063522021e-14,-1.5699997521177282,1.570000632801033,-1.5699999999841183,-1.5700000000001024,2.6533987771039944e-14,-2.9276664422704093e-13,-2.754194042344356e-06,-7.0309830580439486e-06,-7.152079894162739e-13,6.894902032299297e-13,-1.8356841408742678e-13,-0.058344019575352166,-0.18487418705875233,-9.800098671332362,8.828002347054813e-06,-5.4104031726733336e-06,0.007102416563500647,0.7990928926360659,-5.051010434352277e-12,0.0,0.0,0.0,-2.806694240526769e-13,-1.7154509708970977e-11,3.2796763619877276,-3.2826612965582624,0.002984934570546666,-1.412439776750119e-14,-1.7435888858027113e-11
77.0,8.836226928962738e-14,-1.569999799214444,1.5700005125712224,-1.569999999984132,-1.570000000000089,2.3197719221118742e-14,-2.6392636753652063e-13,-2.230897066935596e-06,-5.695096287038046e-06,-6.504505472293285e-13,6.233281689758373e-13,-1.665103241885993e-13,-0.04530300992776769,-0.17969989072909737,-9.800105705196597,7.271812229000987e-06,-3.7731103557183165e-06,0.0049625400246928264,0.7992627197220175,-5.037304809343302e-12,0.0,0.0,0.0,-1.942010055483807e-13,-1.7094514810423443e-11,3.280373374982986,-3.2833587674076634,0.0029853924246925696,-1.3558604145531895e-14,-1.7288982014242318e-11
77.02,8.354168923181562e-14,-1.5699998373627817,1.5700004151850766,-1.5699999999841452,-1.570000000000078,2.018543866864543e-14,-2.4271899081908666e-13,-1.807026526670455e-06,-4.613027992868091e-06,-5.811819703015116e-13,5.453322168751058e-13,-1.497456083862181e-13,-0.03489601899234303,-0.17503592839256163,-9.800110848556939,6.129567808056532e-06,-2.515305151380494e-06,0.0033117441351395494,0.7994295781168875,-5.02743781781555e-12,0.0,0.0,0.0,-1.3232177402091356e-13,-1.705019478240429e-11,3.2810582036706224,-3.2840440763320276,0.002985872661419095,-1.3633216153957423e-14,-1.718233903959432e-11
77.04,7.906856968558255e-14,-1.5699998682629337,1.5700003363022983,-1.569999999984154,-1.5700000000000691,1.7487257773066744e-14,-2.2685163146190563e-13,-1.4636913880506892e-06,-3.736552685289384e-06,-5.298751751006513e-13,5.018287011600018e-13,-1.3372587690743014e-13,-0.02673334337715229,-0.17053858305916794,-9.800114229058202,5.2312600199362815e-06,-1.5539727908607469e-06,0.0020467785836676584,0.7995908228616339,-5.020192065351396e-12,0.0,0.0,0.0,-8.713991569776088e-14,-1.701295081569836e-11,3.281719992490948,-3.2847063515407435,0.0029863590498085415,-1.3961668948248813e-14,-1.7100001952685278e-11
77.06,7.481096349122338e-14,-1.569999893292057,1.570000272407247,-1.569999999984163,-1.570000000000062,1.5484907611913223e-14,-1.5581420484182088e-13,-1.185590172792852e-06,-3.0266076616503973e-06,-3.580562197488548e-13,3.1950162179771014e-13,-7.27801488399407e-14,-0.020423613597773747,-0.1658561270477597,-9.800115938184241,4.471822313874824e-06,-8.232463281110264e-07,0.001084524257341675,0.7997495769906782,-5.014621807661341e-12,0.0,0.0,0.0,-5.265169996595562e-14,-1.6982904293274642e-11,3.282371559164655,-3.2853584172724055,0.002986858107760534,-1.4195413007297709e-14,-1.7035999938353688e-11
77.08,7.495488801152806e-14,-1.5699999135656526,1.5700002206522556,-1.5699999999841674,-1.570000000000055,1.3677340780121526e-14,3.1792497743370144e-14,-9.603281899858242e-07,-2.4515522028338624e-06,-1.959642590837533e-13,4.167296321957914e-13,-1.0560577912770313e-13,-0.01559999098824507,-0.16058387330261398,-9.800115983611361,3.7936541384927712e-06,-2.7322728290708023e-07,0.0003610506279559702,0.7999130933280879,-5.0100743379476796e-12,0.0,0.0,0.0,-2.4704704793899325e-14,-1.6967820969571586e-11,3.2830426710965193,-3.2860300638482456,0.002987392751739968,-1.3710386134565503e-14,-1.6992969711225025e-11
77.1,7.47216959997354e-14,-1.5699999299872631,1.5700001787307116,-1.5699999999841718,-1.5700000000000458,1.1726080663361047e-14,-4.6084818605131415e-14,-7.778656538705547e-07,-1.9857572789000783e-06,-2.549798638615079e-13,3.68222934709015e-13,-9.843632046003822e-14,-0.011941009172270874,-0.1543517745527662,-9.800114349125414,3.171341069996895e-06,1.3275057492920058e-07,-0.00017141152899922713,0.8000911205674843,-5.0062160734412846e-12,0.0,0.0,0.0,-9.90722586178725e-16,-1.6954513992098178e-11,3.2837733393605415,-3.2867613353690857,0.002987996008555873,-1.368586059697412e-14,-1.695559353932302e-11
77.12,7.319809414190913e-14,-1.5699999432887652,1.5700001447742629,-1.5699999999841765,-1.5700000000000405,9.936556539518914e-15,-1.0519738873022005e-13,-6.300710076317195e-07,-1.6084634047697642e-06,-3.0312893878370225e-13,3.195312800475533e-13,-8.918835730249405e-14,-0.0091826560002703,-0.1469815262812209,-9.800111114932372,2.5985684738039354e-06,4.2199006432986295e-07,-0.0005490369213754033,0.800294208876147,-5.0029842193932965e-12,0.0,0.0,0.0,1.931258028297133e-14,-1.6940376668169253e-11,3.2846068644771966,-3.287595569014773,0.002988704537588957,-1.437117477460507e-14,-1.692070868317943e-11
77.14,7.071165391553511e-14,-1.5699999540629774,1.5700001172695377,-1.5699999999841814,-1.5700000000000358,8.333957568242418e-15,-1.4850005461644254e-13,-5.103573653616786e-07,-1.3028553643225052e-06,-3.41551019085376e-13,2.957195354947103e-13,-7.909560433946324e-14,-0.007116975920700778,-0.13853104760263985,-9.80010649784272,2.0783796469152762e-06,6.157539317663391e-07,-0.0008003810570883533,0.8005318654538844,-5.000460696382209e-12,0.0,0.0,0.0,3.6229630777001496e-14,-1.6922394446858496e-11,3.28558226636762,-3.288571817989521,0.002989551621911959,-1.4009027587044599e-14,-1.688660919836522e-11
77.16,6.753613511915458e-14,-1.569999962790087,1.57000009499071,-1.5699999999841885,-1.5700000000000314,6.9247536987650805e-15,-1.7875449201414757e-13,-4.133893419718388e-07,-1.0553128531401012e-06,-3.5304966201487453e-13,2.656794474605441e-13,-6.908532203789267e-14,-0.005582729961546855,-0.12920626483276443,-9.800100791191195,1.6170185272567506e-06,7.312558547911278e-07,-0.0009487541827940591,0.8008104631674805,-4.998758005405145e-12,0.0,0.0,0.0,4.954619754665697e-14,-1.6908940086752837e-11,3.286725700868398,-3.2897162601288508,0.0029905592604638964,-1.3490729078512444e-14,-1.6860905320414575e-11
77.18,6.389615836896922e-14,-1.5699999698590434,1.5700000769448608,-1.5699999999841951,-1.570000000000027,5.703528991582778e-15,-1.9832411083454927e-13,-3.3484525730190405e-07,-8.548034073247714e-07,-3.475543609896076e-13,2.3110640246980723e-13,-5.950164414796782e-14,-0.004457003665772343,-0.11925324127241095,-9.800094287253083,1.220325785476641e-06,7.828308612627176e-07,-0.0010136209734245818,0.8011308171184788,-4.9979610052892736e-12,0.0,0.0,0.0,5.904253439310073e-14,-1.6897274306724873e-11,3.2880405133619885,-3.291032242400911,0.002991729038934815,-1.2863661775575235e-14,-1.6838320714297975e-11
77.2,6.018866150727694e-14,-1.5699999755848968,1.5700000623277222,-1.5699999999842011,-1.5700000000000225,4.600729471704059e-15,6.360238369671888e-15,-2.71224730069321e-07,-6.923907628975081e-07,-2.3596476649570934e-13,4.28350810782645e-13,-1.0761265042504493e-13,-0.0036500607934978383,-0.10887948815133142,-9.800087219203245,8.917510369548988e-07,7.827553845116033e-07,-0.0010116025196599762,0.8014853772113072,-4.998092671095524e-12,0.0,0.0,0.0,6.457868181969765e-14,-1.6889961071716914e-11,3.289495716376794,-3.2924887479585934,0.002993031581812763,-1.2828495724574379e-14,-1.682493747498609e-11
77.22,5.877582731806221e-14,-1.5699999802228402,1.5700000504878395,-1.5699999999842056,-1.5700000000000178,3.571436638834744e-15,-1.0979376804633994e-13,-2.196919746395422e-07,-5.608365114421758e-07,-2.2734353665439255e-13,1.8537380864562698e-13,-4.780546947572253e-14,-0.003099361446389393,-0.09821880010884206,-9.800079737878802,6.314956413046801e-07,7.418127041224648e-07,-0.0009571876608956415,0.8018550426445524,-4.999069114098091e-12,0.0,0.0,0.0,6.621098895371402e-14,-1.6885559268098224e-11,3.2910129154656422,-3.2940073100703007,0.00299439460467288,-1.320210731790171e-14,-1.682139582545255e-11
77.24,5.6069058743928266e-14,-1.5699999839795706,1.5700000408975356,-1.56999999998421,-1.5700000000000134,2.767951872613405e-15,-1.6398622778624708e-13,-1.7795036228408576e-07,-4.542775812765636e-07,-2.617539877946129e-13,1.320358568657941e-13,-3.7487131932086995e-14,-0.0027568104675284874,-0.08736752964746464,-9.800071951258811,4.3659431604652435e-07,6.695023253306785e-07,-0.0008630148442275406,0.8022056903233918,-5.000651086040331e-12,0.0,0.0,0.0,6.430658554772282e-14,-1.6886646076253185e-11,3.29245206094535,-3.2954477508535054,0.002995689908168647,-1.3586103869959067e-14,-1.6822784803563505e-11
77.26,5.2567829322095495e-14,-1.5699999870225203,1.5700000331293895,-1.5699999999842145,-1.5700000000000134,2.137355748259793e-15,-1.9595466671355838e-13,-1.441396935627501e-07,-3.679648543098663e-07,-2.8414946733911513e-13,1.0284699497578293e-13,-2.9467601176187927e-14,-0.0025742947781822096,-0.07645657932976815,-9.800063993731968,3.017458546266513e-07,5.738660011674936e-07,-0.0007396809831466087,0.8024846268570458,-5.0024233025146794e-12,0.0,0.0,0.0,5.951147320303361e-14,-1.6882917426518468e-11,3.293596886010205,-3.2965936061046897,0.0029967200944969376,-1.2787160844132137e-14,-1.6824475076994264e-11
77.28,4.8630913256640664e-14,-1.5699999894873085,1.5700000268371894,-1.569999999984219,-1.5700000000000134,1.6416047562005388e-15,-2.1177350582652898e-13,-1.1675304607129665e-07,-2.9805154131317855e-07,-2.960480361467408e-13,9.74514943899163e-14,-2.314118631440756e-14,-0.0025002232828750157,-0.06567670741843333,-9.800056047805132,2.2041367969462525e-07,4.612221141894128e-07,-0.0005954375469161948,0.8026173253482402,-5.003803987783441e-12,0.0,0.0,0.0,5.2582339132622806e-14,-1.687757995618904e-11,3.2941415137027454,-3.2971387200566924,0.0029972063539617333,-1.4013016075731873e-14,-1.6825621375523872e-11
77.3,4.451635352994242e-14,-1.5699999914837848,1.5700000217405086,-1.5699999999842231,-1.5700000000000134,1.2506866048993714e-15,-2.1613897559677705e-13,-9.456988683338968e-08,-2.4142175710616305e-07,-2.9941963543419694e-13,9.33080100381661e-14,-1.828952699103428e-14,-0.002486709552659063,-0.05525146777504014,-9.800048314058118,1.85712119190665e-07,3.361338632291302e-07,-0.000436179352761042,0.8025049936085441,-5.0040571340168914e-12,0.0,0.0,0.0,4.4240081727392605e-14,-1.6867626458391893e-11,3.293680476263587,-3.296677255625019,0.002996779361446943,-1.4345870867975906e-14,-1.6822317224836304e-11
77.318,4.040813956210179e-14,-1.569999993100929,1.5700000176121975,-1.5699999999842278,-1.5700000000000134,9.409541443457845e-16,-2.1232203239883051e-13,-7.66015466526969e-08,-1.955516319083431e-07,-2.9502453263980573e-13,9.044458892842137e-14,-1.455912287290767e-14,-0.002497922051926312,-0.04540887646676816,-9.80004097899986,1.909080682740285e-07,2.0168586998756995e-07,-0.0002658178627121627,0.802079637556525,-5.002640999494871e-12,0.0,0.0,0.0,3.5143478379817607e-14,-1.685213548822159e-11,3.2919347090391233,-3.2949298939190013,0.002995184879891667,-1.3666910388883504e-14,-1.6816813912059204e-11
77.34,3.402913726602188e-14,-1.5699999949692385,1.5700000128426927,-1.569999999984235,-1.5700000000000134,6.035769187406475e-16,-2.6655300779887533e-13,-5.584230622212058e-08,-1.4255714936190116e-07,-3.584498369834934e-13,9.511040804526185e-14,-1.3324481541088159e-14,-0.0025160369154560982,-0.03636839021779348,-9.800034198162283,2.2957457184248493e-07,5.998374625011513e-08,-8.693097572670279e-05,0.8014275007717032,-4.99997085764853e-12,0.0,0.0,0.0,2.5931175279328225e-14,-1.682326647551389e-11,3.289258177175641,-3.2922509197768925,0.002992742601266807,-1.3616674306083631e-14,-1.6797068371017366e-11
77.36,3.159608792318493e-14,-1.569999995471819,1.570000011559679,-1.5699999999842384,-1.5700000000000134,4.754120006504778e-16,-2.438005059846878e-13,-5.025806107194435e-08,-1.2830144196856218e-07,-3.348475287665214e-13,9.786778122888913e-14,-1.315622146863405e-14,-0.002544829940877068,-0.028324469252251516,-9.800028082374988,2.9548445394268875e-07,-8.720620344630902e-08,9.84121782913154e-05,0.8007675008233479,-4.9972882106923335e-12,0.0,0.0,0.0,1.7206972249687814e-14,-1.6807722765071347e-11,3.286549372920384,-3.289539649019759,0.002990276099389812,-1.339392656297597e-14,-1.6790604695659077e-11
77.38,2.7464279613165104e-14,-1.5699999963312312,1.570000009365723,-1.5699999999842429,-1.5700000000000125,2.1136429448372876e-16,-1.8826563233181014e-13,-4.0709026990626584e-08,-1.0392416393627036e-07,-2.7929308289703946e-13,1.205885495922912e-13,-1.6391448856900737e-14,-0.0026095920675760446,-0.021409104572199023,-9.800022680762574,3.8238816605506375e-07,-2.376999533880952e-07,0.0002876757103791908,0.8002534112683319,-4.9954427068668705e-12,0.0,0.0,0.0,9.459777595019855e-15,-1.6794739088239123e-11,3.284439421282322,-3.2874277744112557,0.002988353128946369,-1.356720701400315e-14,-1.6783235853016192e-11
77.4,2.4540293155019302e-14,-1.5699999970273544,1.5700000075886178,-1.569999999984247,-1.5700000000000085,-2.0338337860661166e-16,-1.4636049237860028e-13,-3.2974318909142025e-08,-8.417855962908383e-08,-2.387022735638064e-13,1.097431638363815e-13,-1.7811016956246204e-14,-0.0027492607816898386,-0.015655760382040775,-9.800017979392146,4.838101024876451e-07,-3.8821503818415763e-07,0.0004769648682946024,0.799903499635361,-4.994478219103829e-12,0.0,0.0,0.0,2.9489252532139716e-15,-1.678073082461046e-11,3.28300329674803,-3.28599034060529,0.0029870438572732506,-1.2759299711585239e-14,-1.6777693092088204e-11
77.42,2.1838536305692363e-14,-1.5699999975912144,1.5700000061491648,-1.5699999999842518,-1.5700000000000085,-4.554512437210647e-16,-1.3639950871804888e-13,-2.6709181169089745e-08,-6.818462123766974e-08,-2.041326190077293e-13,7.383444950530849e-14,-9.701831521588978e-15,-0.002997927937238246,-0.01100415675575566,-9.800013927086088,5.929142180130207e-07,-5.342393651569126e-07,0.000660803162346169,0.7996869198707909,-4.994217959061253e-12,0.0,0.0,0.0,-2.494944780482688e-15,-1.6772560722951288e-11,3.2821143994267845,-3.285100632405452,0.002986232978681142,-1.3495516015923134e-14,-1.677461175220218e-11
77.44,1.933921869331217e-14,-1.5699999980479424,1.5700000049832064,-1.5699999999842562,-1.5700000000000085,-5.795778936488783e-16,-1.2525332783798842e-13,-2.1634426716618544e-08,-5.52295408276612e-08,-1.680286987606513e-13,5.939079564607818e-14,-4.083410684018336e-15,-0.00336646242898785,-0.0073369288534465065,-9.80001046268891,7.026400981515811e-07,-6.70646288182172e-07,0.000832851789593537,0.7995731261236656,-4.994600592906771e-12,0.0,0.0,0.0,-7.56716364434015e-15,-1.6766819100896256e-11,3.2816473615344703,-3.2846331678660574,0.0029858063315977962,-1.305666866729206e-14,-1.677438626444801e-11
77.46,1.7058996509199396e-14,-1.569999998417891,1.5700000040387796,-1.5699999999842609,-1.5700000000000085,-6.163071983055979e-16,-1.1375339640594097e-13,-1.752388085689374e-08,-4.4735913444997513e-08,-1.308093649769265e-13,4.7964357557094836e-14,-3.474312097444406e-16,-0.0038398272902626417,-0.004512746897051173,-9.800007524936342,8.062992519021775e-07,-7.92629008432628e-07,0.0009870772412650104,0.7995342057147194,-4.995656331199635e-12,0.0,0.0,0.0,-1.3267114149525874e-14,-1.6763868785781825e-11,3.281487622479737,-3.284473282085729,0.002985659606006917,-1.346623267328093e-14,-1.6777047133727828e-11
77.48,1.500084036026285e-14,-1.569999998717549,1.570000003273796,-1.569999999984261,-1.5700000000000085,-5.953885289565875e-16,-1.0225007160108815e-13,-1.4194333933408305e-08,-3.6236091076586264e-08,-1.0831640887423681e-13,3.8942012001205436e-14,2.080161828954595e-15,-0.004387420373862643,-0.0023859427373075968,-9.800005053854864,8.983081142560683e-07,-8.964137776489122e-07,0.0011186801903925704,0.7995461645947963,-4.9974561247262305e-12,0.0,0.0,0.0,-2.0596699578314415e-14,-1.6764742869086112e-11,3.2815367047056974,-3.284522407845604,0.002985703139921189,-1.3030237941291366e-14,-1.6786049708252382e-11
77.5,1.31579283755472e-14,-1.5699999989602726,1.5700000026541585,-1.5699999999842635,-1.5700000000000085,-5.386924543356905e-16,-9.118965481864044e-14,-1.1497393278648174e-08,-2.9351221257852132e-08,-1.136983996419367e-13,3.1928927010843796e-14,3.59501588061492e-15,-0.0049738204234054334,-0.0008185215581791279,-9.800002991796509,9.746101456708827e-07,-9.795754414291178e-07,0.0012245267432913467,0.7995894396908307,-5.000084647343238e-12,0.0,0.0,0.0,-3.0416126733560167e-14,-1.6769367667679133e-11,3.2817143164855036,-3.2847001803152276,0.0029858638297367785,-1.297567686394498e-14,-1.6799695022102548e-11
77.52,1.152113319901042e-14,-1.5699999991568776,1.5700000021522509,-1.5699999999842635,-1.5700000000000085,-4.615771004509352e-16,-8.076537153216285e-14,-9.312866210337434e-09,-2.3774482786938183e-08,-9.607753803539864e-14,2.6520575267571223e-14,4.354853668092087e-15,-0.005565578650634473,0.00031253721773222146,-9.800001284495515,1.032740120668634e-06,-1.0410447252806883e-06,0.0013031810132788143,0.7996488769967842,-5.003621759926804e-12,0.0,0.0,0.0,-4.3365825699495444e-14,-1.6776677699048462e-11,3.2819582620020995,-3.2849443470481225,0.0029860850460345797,-1.3012020254787903e-14,-1.6820221082426675e-11
77.54,1.0073411546889605e-14,-1.569999999316128,1.5700000017457072,-1.5699999999842635,-1.5700000000000085,-3.751481159617898e-16,-7.124802421000232e-14,-7.543430576237071e-09,-1.9257318840085977e-08,-1.0026173042001697e-13,2.2350917888918438e-14,4.620369592056985e-15,-0.006134997945375994,0.0011117033966545373,-9.799999881909184,1.071668923639555e-06,-1.0809328542881137e-06,0.0013546992833311485,0.7997133723690827,-5.008115659624083e-12,0.0,0.0,0.0,-5.97644218215979e-14,-1.6788609208532787e-11,3.282222967083178,-3.2852092923735317,0.002986325290364383,-1.340325694535742e-14,-1.6849083918480914e-11
77.56,8.800319555658402e-15,-1.5699999994451204,1.5700000014164062,-1.5699999999842635,-1.5700000000000085,-2.8653360350961183e-16,-6.271945931651145e-14,-6.1101708235816765e-09,-1.5598423834498012e-08,-1.0388753555121789e-13,1.9174964570935768e-14,4.5503726951200206e-15,-0.006661723589320353,0.0016641285627423132,-9.799998738718376,1.0915339965462385e-06,-1.1002674379742865e-06,0.00138030603439188,0.7997753293177642,-5.013547045913885e-12,0.0,0.0,0.0,-7.947682903006725e-14,-1.6802611469128248e-11,3.282477253840965,-3.2854638100099427,0.002986556168990378,-1.2673130238924007e-14,-1.6882621055522726e-11
77.58,7.685833793680475e-15,-1.5699999995496037,1.5700000011496729,-1.5699999999842635,-1.5700000000000085,-2.0109022549910043e-16,-5.444275437593073e-14,-4.949227301889189e-09,-1.2634728249402128e-08,-1.0705478043082561e-13,1.686438002829573e-14,4.348033888196387e-15,-0.00713282924358041,0.0020368945419168647,-9.799997814442332,1.0933317125542535e-06,-1.1007065862547228e-06,0.0013820379221516446,0.7998300482543822,-5.019783998788476e-12,0.0,0.0,0.0,-1.0174992204790371e-13,-1.6819930003242116e-11,3.28270183399338,-3.285688594104329,0.002986760110960073,-1.3531593193351422e-14,-1.6921058332453522e-11
77.6,6.712093578857986e-15,-1.5699999996342335,1.570000000933619,-1.5699999999842635,-1.5700000000000085,-1.2167225426360695e-16,-4.791461618254203e-14,-4.008886191495968e-09,-1.0234115524221724e-08,-1.099606447601356e-13,1.5173745676014695e-14,3.954858664135478e-15,-0.007541939162628861,0.0022816270550820917,-9.799997073175435,1.0786241020944627e-06,-1.0842763777582329e-06,0.0013624139827554177,0.7998751267075326,-5.026537727057718e-12,0.0,0.0,0.0,-1.2506570282613795e-13,-1.684128606846371e-11,3.2828868471991175,-3.2858737753265537,0.002986928127451106,-1.2866048318070316e-14,-1.6966174163315605e-11
77.62,5.865257606627411e-15,-1.5699999997027854,1.5700000007586168,-1.5699999999842642,-1.5700000000000085,-5.020583499601198e-17,-4.1639552110853806e-14,-3.2472025395506373e-09,-8.289649023041656e-09,-1.0573253846852757e-13,1.3934737591567068e-14,3.5284325264553907e-15,-0.007887794949880752,0.0024379641087884586,-9.799996482987618,1.0492935616883232e-06,-1.0531599115521366e-06,0.0013241687685113363,0.7999099208122289,-5.033368057031641e-12,0.0,0.0,0.0,-1.4724528771824778e-13,-1.6858813227620285e-11,3.28302965087586,-3.2860167086758,0.0029870577999564266,-1.442548846244037e-14,-1.7007657056465102e-11
77.64,5.129643922661687e-15,-1.569999999758312,1.5700000006168635,-1.5699999999842642,-1.5700000000000085,1.2419063997487736e-17,-3.5932107634070704e-14,-2.6302252613594406e-09,-6.714620350776513e-09,-1.0794604726500034e-13,1.3149435929052627e-14,3.069033301962825e-15,-0.008172560636362335,0.002537491106077954,-9.799996015051985,1.0073649894180339e-06,-1.0095536789134437e-06,0.0012700690827995413,0.7999350949568123,-5.0397903874077315e-12,0.0,0.0,0.0,-1.6602983941609642e-13,-1.687977085546354e-11,3.283132971838935,-3.286120123436949,0.0029871515980261863,-1.3477892701018827e-14,-1.7045445452323526e-11
77.66,4.491665541551539e-15,-1.5699999998032894,1.5700000005020442,-1.5699999999842642,-1.5700000000000085,6.607652766939281e-17,-3.108394732439319e-14,-2.1304883634840755e-09,-5.438841053825609e-09,-1.0991512265521641e-13,1.2640352398852084e-14,2.6405666619128024e-15,-0.008400067587487393,0.002607849023543184,-9.799995642578795,9.54904479345389e-07,-9.555981003030755e-07,0.001202823517747568,0.7999522683319452,-5.045431271718058e-12,0.0,0.0,0.0,-1.7984379569966083e-13,-1.68965154532412e-11,3.2832034556503435,-3.28619067120918,0.0029872155588489056,-1.2596366731808026e-14,-1.7075915186217702e-11
77.68,3.940506552156803e-15,-1.5699999998397205,1.5700000004090409,-1.569999999984266,-1.5700000000000085,1.109443415649474e-16,-2.69596763003949e-14,-1.725698042834259e-09,-4.405467858449956e-09,-1.117742276123067e-13,1.2370137506672734e-14,2.1614164819748385e-15,-0.008574132164236968,0.0026767822812556407,-9.799995339648962,8.939963771821139e-07,-8.933828739416595e-07,0.0011250859620416235,0.7999637534746871,-5.050122826005695e-12,0.0,0.0,0.0,-1.882001693831563e-13,-1.6914435761916418e-11,3.2832505935384595,-3.286237851848943,0.002987258310497096,-1.3803391667547018e-14,-1.7100770841117885e-11
77.7,3.66985255042136e-15,-1.56999999986923,1.5700000003337078,-1.569999999984266,-1.5700000000000085,2.0213277374446803e-16,-1.4130782626055246e-14,-1.397828241064447e-09,-3.568446919875048e-09,-8.070729559163709e-14,5.733788339643234e-15,4.767817381745869e-15,-0.00869751444792904,0.0027735966272928003,-9.799995081578702,8.267836958456319e-07,-8.250116003455724e-07,0.0010395337367888223,0.7999723718303033,-5.053886933154176e-12,0.0,0.0,0.0,-1.9154354296547315e-13,-1.692232565381531e-11,3.2832859654177806,-3.2862732558005865,0.0029872903828188895,-1.4382279859995296e-14,-1.711431327064737e-11
77.72,3.380739215835275e-15,-1.569999999893133,1.5700000002726875,-1.569999999984266,-1.5700000000000085,2.781179188622077e-16,-1.5632932559935295e-14,-1.1322321032185823e-09,-2.8904343950244603e-09,-8.548475875959316e-14,6.238937216515323e-15,3.381117826818344e-15,-0.008772524774234538,0.00292370658352639,-9.799994849571553,7.555096594251151e-07,-7.526625384042044e-07,0.000948941259616934,0.7999813239903285,-5.056795466519098e-12,0.0,0.0,0.0,-1.905091742162325e-13,-1.693232666061411e-11,3.283322707313536,-3.2863100310362086,0.0029873237226861896,-1.4045053940186712e-14,-1.7122835834824953e-11
77.74,3.07633268026363e-15,-1.5699999999124932,1.5700000002232606,-1.569999999984266,-1.5700000000000085,3.2960807186749547e-16,-1.5914163221472807e-14,-9.171081549389247e-10,-2.3412519081548603e-09,-8.977545772874372e-14,7.090416610286676e-15,2.178113142491556e-15,-0.008802766406891298,0.0031398755448166973,-9.799994637120383,6.824703745220912e-07,-6.785541857633983e-07,0.0008561349653451403,0.799994086869533,-5.0587989289200214e-12,0.0,0.0,0.0,-1.8508839677643513e-13,-1.6939388408842707e-11,3.283375089350403,-3.286362460660127,0.002987371309736697,-1.3557588618041031e-14,-1.7124210354058255e-11
77.76,2.77458059824731e-15,-1.5699999999281762,1.5700000001832235,-1.569999999984266,-1.5700000000000085,3.608220412903911e-16,-1.5501973378295462e-14,-7.42863721468983e-10,-1.8964081768306784e-09,-9.31230589316778e-14,8.100160933878942e-15,1.2245885131909257e-15,-0.008793993394898749,0.003419934043457649,-9.799994451702032,6.0986529132716e-07,-6.048027705726961e-07,0.0007638134035926438,0.8000143061338314,-5.0597241363017515e-12,0.0,0.0,0.0,-1.7467316424304445e-13,-1.693893459766784e-11,3.283458074249784,-3.2864455210042918,0.0029874467545222957,-1.4137412643204387e-14,-1.711396303962827e-11
77.78,2.486006232710798e-15,-1.5699999999408794,1.570000000150794,-1.569999999984266,-1.5700000000000085,3.757830236720608e-16,-1.4693236087605726e-14,-6.017048744808044e-10,-1.5360745071618766e-09,-9.608854722039913e-14,9.155244707676245e-15,4.234313468159511e-16,-0.008753550214047869,0.003751639904397969,-9.799994311532311,5.396314612958693e-07,-5.332605240273236e-07,0.0006743435917658416,0.8000456494346168,-5.059445192296957e-12,0.0,0.0,0.0,-1.5893187152277745e-13,-1.6940580533699126e-11,3.2835867149669777,-3.286574278717283,0.0029875637503199693,-1.2653026637423941e-14,-1.7098357707387857e-11
77.8,2.2162393471363296e-15,-1.569999999951169,1.5700000001245284,-1.569999999984266,-1.5700000000000085,3.778968920389509e-16,-1.3603764205517998e-14,-4.873698132464157e-10,-1.244219385361397e-09,-9.844913673689213e-14,1.0193186969840843e-14,-1.6887692916103011e-16,-0.008689413962470601,0.004118279164199073,-9.799994241677862,4.733350943595403e-07,-4.6541110039650036e-07,0.0005896288225876859,0.800091584504173,-5.0580333277823645e-12,0.0,0.0,0.0,-1.3851584989181678e-13,-1.6933461867132626e-11,3.2837752439394303,-3.2867629791837802,0.002987735244366014,-1.3665579554632075e-14,-1.7070645296873487e-11
77.82,1.968261272769812e-15,-1.5699999999595022,1.570000000103252,-1.569999999984266,-1.5700000000000085,3.706621853248631e-16,-1.2406140853854016e-14,-3.9477353461413715e-10,-1.0078309265973376e-09,-1.0051692563133137e-13,1.1032013861902144e-14,-5.277368103556382e-16,-0.008609413329242411,0.004502432322791104,-9.79999427103431,4.1212780024157177e-07,-4.023309841968697e-07,0.0005110585983979207,0.8001550463236304,-5.0557864050218876e-12,0.0,0.0,0.0,-1.1513266183084717e-13,-1.6924970235457586e-11,3.284035707061096,-3.2870236792559426,0.0029879721948606174,-1.3199580858801081e-14,-1.704161309323095e-11
77.84,1.742808558889581e-15,-1.5699999999662524,1.5700000000860193,-1.569999999984266,-1.5700000000000085,3.565674143045604e-16,-1.1259130844222467e-14,-3.1976371886944357e-10,-8.163399017928078e-10,-1.022794199956913e-13,1.1956755491091906e-14,-8.843417574957574e-16,-0.008520668927965627,0.004888298691248997,-9.79999442964327,3.5674972230202194e-07,-3.4469988770726507e-07,0.00043951906544792603,0.8002379601446612,-5.053137112115737e-12,0.0,0.0,0.0,-9.103382077760488e-14,-1.6917797367504232e-11,3.2843760060446052,-3.287364287834349,0.002988281789757601,-1.3040028994227846e-14,-1.7008920032540844e-11
77.86,1.5394916067093784e-15,-1.5699999999717191,1.5700000000720593,-1.569999999984266,-1.5700000000000085,3.37730241152564e-16,-1.0100357320428794e-14,-2.590096346109431e-10,-6.612419184408872e-10,-1.0382568468924869e-13,1.2698292469999151e-14,-1.067141473089925e-15,-0.008429248805730623,0.005262933438253345,-9.799994745862664,3.0756289411264135e-07,-2.9284408602419694e-07,0.00037544354343147196,0.8003405932320269,-5.050497369575498e-12,0.0,0.0,0.0,-6.824325480997382e-14,-1.6906569357133042e-11,3.2847972378111425,-3.2877859028371064,0.0029886650259767136,-1.3620113669896514e-14,-1.6973924055387294e-11
77.88,1.357346993794921e-15,-1.569999999976149,1.5700000000607528,-1.569999999984266,-1.5700000000000085,3.1611762239293755e-16,-9.041841673531684e-15,-2.0980230698578649e-10,-5.356091851593001e-10,-1.0523711510815057e-13,1.333026825180812e-14,-1.1917567882364102e-15,-0.008340006249400195,0.005616701914925859,-9.799995242951892,2.6460075373840977e-07,-2.4679897379598915e-07,0.00031888576430570594,0.8004607192160209,-5.0481580559697975e-12,0.0,0.0,0.0,-4.812140315181502e-14,-1.689847850371288e-11,3.285290264784633,-3.288279378373399,0.0029891135887774633,-1.374228668963651e-14,-1.694722198980788e-11
77.9,1.194846369431862e-15,-1.569999999979735,1.5700000000515937,-1.569999999984266,-1.5700000000000085,2.9294138565664923e-16,-8.036408165305791e-15,-1.6994328589877515e-10,-4.3384631836203396e-10,-1.0628610107190825e-13,1.3886249567695854e-14,-1.2283307312216748e-15,-0.00825655617056188,0.005943201366919706,-9.799995934695849,2.2762300473583953e-07,-2.0637997906406455e-07,0.0002696021647284145,0.8005925965697691,-5.046271886342694e-12,0.0,0.0,0.0,-3.136950575642804e-14,-1.6891636806025288e-11,3.285831522307999,-3.288821128345183,0.0029896060371973295,-1.3582305389109818e-14,-1.6922384126346696e-11
77.92,1.0503076019302294e-15,-1.5699999999826415,1.570000000044175,-1.569999999984266,-1.5700000000000085,2.690964215701108e-16,-7.150474435855447e-15,-1.3765632988098206e-10,-3.5142348612050307e-10,-1.0714223691019313e-13,1.4386773406447918e-14,-1.2638852435851397e-15,-0.008181345418989463,0.006238846740883837,-9.799996819781946,1.9616840751604533e-07,-1.7125376463171087e-07,0.00022713332945365405,0.8007257887531992,-5.0448598183990214e-12,0.0,0.0,0.0,-1.814672549812499e-14,-1.6887625461561113e-11,3.286378176220036,-3.2893682796180723,0.00299010339804848,-1.3056866607804722e-14,-1.6904349812326863e-11
77.94,9.221933807935088e-16,-1.5699999999849952,1.5700000000381664,-1.569999999984266,-1.5700000000000085,2.454971428706994e-16,-6.327082654615048e-15,-1.1149797072671346e-10,-2.846547035416589e-10,-1.0821720012705475e-13,1.474138574828429e-14,-1.2197464758177261e-15,-0.008115777207127434,0.00650226874378304,-9.799997874779102,1.6960135769146816e-07,-1.4100403093663923e-07,0.00019087805787828952,0.8008438897326104,-5.0438245805661165e-12,0.0,0.0,0.0,-8.210635958467102e-15,-1.688478581461273e-11,3.2868628920700695,-3.2898534364768355,0.0029905444067781276,-1.3043358870846617e-14,-1.6891662777582006e-11
77.96,8.088602434834996e-16,-1.5699999999869023,1.5700000000332992,-1.569999999984266,-1.5700000000000085,2.2270370542986133e-16,-5.596792162282414e-15,-9.031368834156612e-11,-2.305647470704279e-10,-1.087066856706662e-13,1.5082682030740667e-14,-1.1722994752910232e-15,-0.008060357687559439,0.0067336309484460856,-9.799999045770683,1.4715119808856518e-07,-1.1518798010502092e-07,0.00016015632211352515,0.8009232663034354,-5.042979061511951e-12,0.0,0.0,0.0,-1.1196772872270596e-15,-1.6879023632664683e-11,3.287188673297228,-3.2901795141081087,0.002990840810892606,-1.3382764735889293e-14,-1.6881388194782782e-11
77.98,7.085013575109297e-16,-1.5699999999884455,1.5700000000293557,-1.569999999984266,-1.5700000000000085,2.010260997018657e-16,-4.979240716290479e-15,-7.314859018405723e-11,-1.8675535769186538e-10,-1.0942699761691745e-13,1.534569330144159e-14,-1.1033998367453332e-15,-0.008014842049378615,0.006933939760265792,-9.800000239008861,1.2794628312099092e-07,-9.338039760710744e-08,0.00013425953133061526,0.8009319886260167,-5.0420712507907e-12,0.0,0.0,0.0,3.596457702582065e-15,-1.687669779664217e-11,3.287224471882696,-3.2902153452590377,0.0029908733763568374,-1.2956992355560683e-14,-1.6873279181565816e-11
78.0,6.180741531727447e-16,-1.569999999989698,1.5700000000261627,-1.5699999999842664,-1.5700000000000085,1.7921829970930364e-16,-5.6774943579151454e-15,-5.924479564852806e-11,-1.5127284818549135e-10,-1.116282600573609e-13,1.5893168063963398e-14,-1.3661459762075996e-15,-0.007978368064322412,0.007104396913953153,-9.800001311513991,1.1104854376592474e-07,-7.520187890972722e-08,0.00011248800696451959,0.8008291921591867,-5.040791123569223e-12,0.0,0.0,0.0,6.376743014464639e-15,-1.687072455062185e-11,3.2868025695661705,-3.2897930590709876,0.0029904895048313276,-1.390720981134218e-14,-1.6864703447209855e-11
78.019,5.163454243486688e-16,-1.5699999999907106,1.570000000023576,-1.5699999999842664,-1.5700000000000085,1.5521133386151354e-16,-4.949382301973952e-15,-4.798687175594508e-11,-1.2254021537600415e-10,-1.070930038100026e-13,1.577408603124952e-14,-1.1288462946676285e-15,-0.007949556644385907,0.007246027824507012,-9.80000206567233,9.551147212200852e-08,-6.032253753154097e-08,9.417955399493865e-05,0.8005916751996441,-5.038936868043357e-12,0.0,0.0,0.0,7.63442132600746e-15,-1.6865585549311477e-11,3.2858277407754906,-3.2888173433308494,0.0029896025553737995,-1.2334552629583067e-14,-1.6857773360922593e-11
78.04,4.2257072061693927e-16,-1.5699999999915322,1.5700000000214798,-1.5699999999842664,-1.5700000000000085,1.4009700636884362e-16,-4.771721277190425e-15,-3.886053390882802e-11,-9.924795080900047e-11,-1.0724614586387899e-13,1.4578472397601797e-14,-5.954352172157787e-16,-0.007926607477887341,0.007359983251905162,-9.800002293814108,8.057758965194984e-08,-4.841606185509568e-08,7.873914969396024e-05,0.8002705312791095,-5.036766819382617e-12,0.0,0.0,0.0,7.783649853284475e-15,-1.6858944290616475e-11,3.2845096860972354,-3.287498089420598,0.0029884033233778667,-1.4125480071808207e-14,-1.6850894097131646e-11
78.06,3.4283105575087715e-16,-1.5699999999921983,1.5700000000197831,-1.5699999999842664,-1.5700000000000085,1.2782905965170943e-16,-3.672223843655823e-15,-3.1466298686606086e-11,-8.039631345264349e-11,-1.0750455761829053e-13,1.5080780852055665e-14,-6.503046615801527e-16,-0.007907546107154736,0.007448245949030908,-9.800001906862763,6.602249659692772e-08,-3.9074738716205804e-08,6.566688070586322e-05,0.799974367990962,-5.034894907032227e-12,0.0,0.0,0.0,7.239833955783647e-15,-1.6852500925809435e-11,3.283294158159415,-3.2862814555350774,0.0029872973756774387,-1.2460931830270719e-14,-1.6844817016871847e-11
78.08,2.818200644763985e-16,-1.569999999992738,1.570000000018409,-1.5699999999842664,-1.5700000000000085,1.1560556288107171e-16,-2.807091000076225e-15,-2.547101322482945e-11,-6.51197136064744e-11,-1.0749763034875577e-13,1.548411313273723e-14,-6.326352697502971e-16,-0.007890648309977388,0.007513870514012802,-9.800001011364884,5.222230986434214e-08,-3.179208143516206e-08,5.456150620240092e-05,0.7997711169253794,-5.033688356126355e-12,0.0,0.0,0.0,6.346415393979418e-15,-1.684624239930747e-11,3.2824599651365345,-3.2854465035216314,0.00298653838511041,-1.2999748221494697e-14,-1.6840073568774624e-11
78.1,2.352080019811472e-16,-1.569999999993173,1.5700000000172942,-1.5699999999842664,-1.5700000000000085,1.0382644944254876e-16,-2.1653736974816803e-15,-2.063031406613875e-11,-5.27518161166376e-11,-1.0747499303341685e-13,1.5827131274356697e-14,-6.328508462528184e-16,-0.007874760415323591,0.007560584475169162,-9.7999998168847,3.974353228003269e-08,-2.6060562171749003e-08,4.510107235137967e-05,0.7996591485116814,-5.0331003459454e-12,0.0,0.0,0.0,5.3082785261895926e-15,-1.6846493789776546e-11,3.2820004188644254,-3.284986539130814,0.002986120266402982,-1.2943577577218903e-14,-1.6840919171250253e-11
78.12,1.9947325140747584e-16,-1.569999999993526,1.5700000000163927,-1.5699999999842664,-1.5700000000000085,9.246746910711561e-17,-1.655634669659081e-15,-1.670001047626123e-11,-4.2715373222824304e-11,-1.0776185606038945e-13,1.6082234862183375e-14,-5.83246366782675e-16,-0.007859322421888026,0.007592257302905718,-9.79999851064055,2.8959162726806646e-08,-2.1467390853067175e-08,3.702716928710733e-05,0.7996147191775034,-5.032962939381342e-12,0.0,0.0,0.0,4.226265499972199e-15,-1.6845589709053442e-11,3.2818180698052606,-3.2848040241604677,0.002985954355221522,-1.3548878838451491e-14,-1.6841540993687356e-11
78.14,1.7182591957643388e-16,-1.5699999999938126,1.5700000000156622,-1.5699999999842664,-1.5700000000000085,8.177627105981101e-17,-1.290882997682578e-15,-1.352471029167946e-11,-3.461077826890995e-11,-1.0764483474716685e-13,1.6304206843959347e-14,-5.442052169997666e-16,-0.007844204387890852,0.0076125189727117085,-9.799997223298373,1.9997525773130622e-08,-1.7709901810963706e-08,3.0135554966928148e-05,0.7996171752980955,-5.033130969940706e-12,0.0,0.0,0.0,3.175299664003475e-15,-1.6846151846314408e-11,3.2818281503362345,-3.284814113862113,0.002985963525894439,-1.2925962192675265e-14,-1.6842976546649897e-11
78.16,1.5050546517318828e-16,-1.5699999999940435,1.5700000000150716,-1.5699999999842664,-1.5700000000000085,7.185139850987676e-17,-9.751423179759629e-16,-1.0948887292254524e-11,-2.803825185027389e-11,-1.0779364726037577e-13,1.645541363682797e-14,-4.700203029670854e-16,-0.007829519886090297,0.007624536442097096,-9.799996038781849,1.2817641437649595e-08,-1.4573333765394366e-08,2.4263519889535815e-05,0.7996495041685464,-5.033481263690427e-12,0.0,0.0,0.0,2.2285330925117483e-15,-1.684838939937277e-11,3.2819608360768533,-3.2849469203256674,0.0029860842488280545,-1.333823244901383e-14,-1.6844740403413913e-11
78.18,1.337841358045725e-16,-1.56999999999423,1.570000000014592,-1.5699999999842664,-1.5700000000000085,6.281673426432225e-17,-7.678822132328346e-16,-8.883771313067039e-12,-2.2709164438925178e-11,-1.0785797187110729e-13,1.6592827834047247e-14,-4.292032361136951e-16,-0.007815484288826172,0.00763091280287771,-9.799995004271597,7.270892088367263e-09,-1.190881691900078e-08,1.9277509236484176e-05,0.7996983948829715,-5.033917022969871e-12,0.0,0.0,0.0,1.4402797779368016e-15,-1.6845408549704893e-11,3.2821614957523217,-3.285147762570165,0.0029862668178582998,-1.3262330473594453e-14,-1.6844678544783064e-11
78.2,1.2060191363805448e-16,-1.569999999994381,1.5700000000142034,-1.5699999999842664,-1.5700000000000085,5.4825807920239804e-17,-6.335854306132409e-16,-7.196108637556579e-12,-1.8401545964654388e-11,-1.0785957998569832e-13,1.6742008506735245e-14,-4.008717293791312e-16,-0.007802323480755799,0.007633672553598639,-9.799994139586726,3.1499033273468234e-09,-9.615241229876451e-09,1.5064575286357385e-05,0.7997539800011407,-5.034370243414952e-12,0.0,0.0,0.0,8.279951174947541e-16,-1.6850476727747915e-11,3.2823896309289786,-3.285376105314506,0.002986474385542725,-1.2692426198592343e-14,-1.6848849617875583e-11
78.22,1.1004121513211156e-16,-1.5699999999945031,1.570000000013888,-1.5699999999842664,-1.5700000000000085,4.755026813666252e-17,-4.903341175961983e-16,-5.841549517915758e-12,-1.4893249843531596e-11,-1.0791042116925383e-13,1.682449707458781e-14,-3.547934960448831e-16,-0.007790221883996177,0.007634305346963049,-9.799993445413138,2.2526578800244376e-10,-7.624905680818028e-09,1.1526726465895487e-05,0.7998093932404546,-5.0348003442030865e-12,0.0,0.0,0.0,3.6648278014936685e-16,-1.685076183067064e-11,3.2826170606719915,-3.2856037419834645,0.002986681311485843,-1.3232219599495417e-14,-1.685146090805443e-11
78.24,1.0133825859847259e-16,-1.569999999994603,1.570000000013635,-1.5699999999842664,-1.5700000000000085,4.1025207820708176e-17,-4.078551334582096e-16,-4.731269577722141e-12,-1.2073260993961328e-11,-1.0800121783216237e-13,1.691244025193172e-14,-3.295780026660442e-16,-0.007779299902218531,0.0076338464490509,-9.799992910128458,-1.7285528388904628e-09,-5.892613015036753e-09,8.577385292872337e-06,0.7998602447076307,-5.035184357007331e-12,0.0,0.0,0.0,2.1456350467813313e-17,-1.6850359742980517e-11,3.2828257677653596,-3.285812638968109,0.0029868712027609576,-1.3022600388968326e-14,-1.68515815191938e-11
78.26,9.395418793701086e-17,-1.569999999994683,1.5700000000134284,-1.5699999999842664,-1.5700000000000085,3.5122373831460774e-17,-3.45371966770547e-16,-3.842956421881173e-12,-9.786284918676583e-12,-1.0804364733500512e-13,1.693069021991324e-14,-2.8890253920735572e-16,-0.007769612443572322,0.007632977634114588,-9.799992515176129,-2.9164152958585944e-09,-4.387744588611086e-09,6.139316737679341e-06,0.7999040854008109,-5.03550725897618e-12,0.0,0.0,0.0,-2.1837040882766628e-16,-1.6854903782417483e-11,3.2830057008951785,-3.2859927358093635,0.002987034914196621,-1.3342781000932595e-14,-1.6853612430539573e-11
78.28,8.786800756732081e-17,-1.5699999999947496,1.5700000000132597,-1.5699999999842664,-1.5700000000000085,3.021969406663507e-17,-3.079624954727824e-16,-3.110127018757385e-12,-7.92109568351448e-12,-1.0814384528793957e-13,1.6986474511766232e-14,-2.6231858614045483e-16,-0.007761161800948678,0.007632136944460068,-9.799992239074736,-3.513085260834692e-09,-3.0887978306577442e-09,4.143528111022494e-06,0.799939907848635,-5.035760966204463e-12,0.0,0.0,0.0,-3.5139196400295305e-16,-1.6851845261501225e-11,3.283152725147928,-3.286139893831526,0.0029871686836104305,-1.3085452122894092e-14,-1.6852107842294362e-11
78.3,8.241770179496132e-17,-1.5699999999948029,1.5700000000131242,-1.5699999999842664,-1.5700000000000085,2.5720147478049508e-17,-2.543690808076433e-16,-2.5106035012901584e-12,-6.411122087553603e-12,-1.0809844695601999e-13,1.7007962012552906e-14,-2.0209830333335323e-16,-0.007753919663600264,0.007631629449003713,-9.799992060226794,-3.659521511634392e-09,-1.9798698074273913e-09,2.52876350175735e-06,0.7999677100412065,-5.035946580049722e-12,0.0,0.0,0.0,-3.8797977324133404e-16,-1.6853620987210668e-11,3.283266832274487,-3.2862541047779867,0.0029872725035122367,-1.3332978916419547e-14,-1.6855163552325284e-11
78.32,7.754204465135022e-17,-1.569999999994845,1.5700000000130154,-1.5699999999842664,-1.5700000000000085,2.1890027773743733e-17,-2.343063534413508e-16,-2.044211498443251e-12,-5.189923432550802e-12,-1.0816388487844377e-13,1.7031175369542788e-14,-1.8635337180722563e-16,-0.007747854281417202,0.007631733736205903,-9.79999195872767,-3.463482125468888e-09,-1.0486041995028768e-09,1.2413160173996264e-06,0.799988134984348,-5.036074501556808e-12,0.0,0.0,0.0,-3.627285506983787e-16,-1.6852894488122086e-11,3.283350661330996,-3.2863380101060047,0.0029873487750232217,-1.2236968494050823e-14,-1.6854944730641413e-11
78.34,7.822666334903227e-17,-1.5699999999948806,1.5700000000129266,-1.5699999999842664,-1.5700000000000085,1.878820238364113e-17,3.220465524761125e-16,-1.667439574809017e-12,-4.212911780345818e-12,-1.0765374122565701e-13,1.7271322033508527e-14,-1.325055557025937e-16,-0.007742959726766729,0.007632800360391981,-9.799991917381913,-3.0033002353842792e-09,-2.851696508301366e-10,2.3495851595389107e-07,0.8000021877108221,-5.036156947554487e-12,0.0,0.0,0.0,-3.066401666781248e-16,-1.685521321434323e-11,3.2834083372223524,-3.2863957384735034,0.002987401251165149,-1.3549965065143433e-14,-1.6855786308764015e-11
78.36,8.247519724745561e-17,-1.5699999999949097,1.5700000000128556,-1.5699999999842664,-1.5700000000000085,1.6293610715115186e-17,1.3974989082982406e-16,-1.3341464566670025e-12,-3.413517812629411e-12,-1.0792712082619353e-13,1.7285790648071103e-14,-1.6563293561000302e-16,-0.007739269827393496,0.007635282238081581,-9.799991922246043,-2.3338441364115248e-09,3.1828521344559397e-10,-5.294393691984887e-07,0.8000110247021647,-5.036203601879412e-12,0.0,0.0,0.0,-2.335848120249935e-16,-1.6853592994022688e-11,3.283444606436987,-3.28643204068748,0.0029874342505053423,-1.3327984985800368e-14,-1.6853204845372547e-11
78.38,8.349091653561585e-17,-1.5699999999949317,1.5700000000127978,-1.5699999999842664,-1.5700000000000085,1.3754017243063949e-17,-3.4211278168567885e-18,-1.0897522930049556e-12,-2.7695387540568524e-12,-1.0808780865480505e-13,1.7287365131333734e-14,-1.4648328024084255e-16,-0.0077368256703080176,0.007639592782376831,-9.799991963102412,-1.4933892314281238e-09,7.683567348231802e-10,-1.0853445999562611e-06,0.8000158066676482,-5.036226191838134e-12,0.0,0.0,0.0,-1.6806948442177236e-16,-1.6853935061878686e-11,3.2834642328149855,-3.2864516849224135,0.0029874521074400775,-1.3730456263749246e-14,-1.6853570213781483e-11
78.4,8.217765272313391e-17,-1.5699999999949494,1.5700000000127512,-1.5699999999842664,-1.5700000000000085,1.1204722420133934e-17,-1.158778152282792e-16,-8.897369816474533e-13,-2.2588840329710404e-12,-1.0810636383137825e-13,1.7239181239491582e-14,-1.194239784257586e-16,-0.007735613291227627,0.007645880789160694,-9.799992033835075,-5.098268351279502e-10,1.0712277836884325e-09,-1.4628794937632746e-06,0.8000176037842163,-5.036235505105724e-12,0.0,0.0,0.0,-1.3221284846721086e-16,-1.685405505623564e-11,3.2834716086292186,-3.2864590674474443,0.0029874588182406433,-1.318365635703749e-14,-1.6856052484807687e-11
78.42,7.920242422460487e-17,-1.569999999994965,1.5700000000127134,-1.5699999999842664,-1.5700000000000085,9.094616921114836e-18,-1.9181134089262691e-16,-7.118781938974962e-13,-1.837028289241549e-12,-1.0825950588812393e-13,1.7247327618307976e-14,-1.2942521841404355e-16,-0.007735534112696362,0.0076539633395414025,-9.799992132284718,5.946044518164548e-10,1.232779099007543e-09,-1.6906235715185066e-06,0.8000173421947459,-5.036235762461937e-12,0.0,0.0,0.0,-1.1901929603776238e-16,-1.6855210577785184e-11,3.283470535000843,-3.286457992842173,0.0029874578413452255,-1.3500067037139721e-14,-1.6855773695917473e-11
78.44,7.500883297887308e-17,-1.5699999999949783,1.5700000000126824,-1.5699999999842664,-1.5700000000000085,7.390476180985119e-18,-2.1523422965930611e-16,-5.785440544074162e-13,-1.5039616579803953e-12,-1.0827014418937769e-13,1.7184456612015192e-14,-8.08703440804706e-17,-0.007736422534578801,0.007663436028051348,-9.799992259554058,1.7995382580254972e-09,1.2576882526404427e-09,-1.7960881099319008e-06,0.8000157812653785,-5.036227284780004e-12,0.0,0.0,0.0,-1.0641188790242044e-16,-1.6855803944696115e-11,3.2834641285577373,-3.286451580570133,0.002987452012409562,-1.2964341076587617e-14,-1.6856354454553773e-11
78.46,7.021568801725988e-17,-1.5699999999949872,1.570000000012658,-1.5699999999842664,-1.5700000000000085,5.922663233979278e-18,-2.837024579467834e-16,-4.674079889900735e-13,-1.2153484710633045e-12,-1.0824119811404703e-13,1.7172271389906448e-14,-1.0798415296201876e-16,-0.007738076953395865,0.007673805043944142,-9.79999241908481,3.082746813869969e-09,1.1481248719136122e-09,-1.8053032149254215e-06,0.8000135123972298,-5.036211943601017e-12,0.0,0.0,0.0,-8.475007500989342e-17,-1.685521968794313e-11,3.28345481655746,-3.286442260097316,0.002987443539869574,-1.2478553465042239e-14,-1.6855304438017694e-11
78.48,6.494916225027397e-17,-1.569999999994996,1.570000000012638,-1.5699999999842664,-1.5700000000000085,4.532222638099015e-18,-2.8767699451225413e-16,-3.78476424430019e-13,-9.932741041376685e-13,-1.0843083201797627e-13,1.7114673107617137e-14,-7.553368764934517e-17,-0.007740285811237967,0.007684576656666671,-9.799992615639216,4.416019021202942e-09,9.027007613489579e-10,-1.7421305890210444e-06,0.8000109717574888,-5.036195909864211e-12,0.0,0.0,0.0,-7.064200671255203e-17,-1.6856853591373156e-11,3.28344438913884,-3.2864318231913034,0.0029874340524749083,-1.3350039524281592e-14,-1.6855769585598383e-11
78.5,5.943895068410982e-17,-1.5699999999950027,1.5700000000126202,-1.5699999999842664,-1.5700000000000085,3.436679788913123e-18,-2.880833677193849e-16,-2.896299130802872e-13,-8.156433166681134e-13,-1.0849787805580529e-13,1.710286915300845e-14,-5.608349827999616e-17,-0.007742847167620698,0.007695312153842955,-9.799992854155173,5.760611784373298e-09,5.160927193310444e-10,-1.6276242913290524e-06,0.8000084609150063,-5.036184322449136e-12,0.0,0.0,0.0,-7.980504854752327e-17,-1.685299559558597e-11,3.283434084015598,-3.286421508691939,0.002987424676354661,-1.2930902539154256e-14,-1.6854496501135182e-11
78.52,5.4013415370017226e-17,-1.5699999999950072,1.5700000000126069,-1.5699999999842664,-1.5700000000000085,2.5922389895901986e-18,-2.7471493446832587e-16,-2.4509740622036544e-13,-6.602617674126116e-13,-1.0839223725089886e-13,1.710148438509272e-14,-3.105916034365888e-17,-0.007745581731819735,0.007705656178191309,-9.799993138431102,7.062479604363171e-09,-2.036862804944891e-11,-1.4795931475917552e-06,0.8000061708877113,-5.036175968878979e-12,0.0,0.0,0.0,-9.985477371170814e-17,-1.6856520380516635e-11,3.283424685172905,-3.2864121012977203,0.0029874161248283158,-1.3544300597004012e-14,-1.685573205001914e-11
78.54,4.8750139876951137e-17,-1.5699999999950116,1.5700000000125958,-1.5699999999842664,-1.5700000000000085,1.8930784826147283e-18,-2.519376387664459e-16,-2.0062017971059013e-13,-5.270555073635969e-13,-1.08392608354443e-13,1.704017506320035e-14,1.437432711383354e-17,-0.007748340109167981,0.007715345679201842,-9.799993469597434,8.247747602625742e-09,-7.169298915965455e-10,-1.3124138159551988e-06,0.8000042064463979,-5.036166189953591e-12,0.0,0.0,0.0,-1.0391201555176989e-16,-1.6853823098669404e-11,3.283416622616221,-3.286404031405322,0.002987408789113988,-1.2411844025383256e-14,-1.6855170467010213e-11
78.56,4.3763030998459847e-17,-1.569999999995016,1.5700000000125869,-1.5699999999842664,-1.5700000000000085,1.4061204443207324e-18,-2.6028755519532806e-16,-1.5617477180440304e-13,-4.382389087570059e-13,-1.08412029439204e-13,1.7030429844865734e-14,-3.8799613354235613e-17,-0.007751005396811045,0.007724205635815629,-9.799993844348903,9.219198616021556e-09,-1.5823115084151923e-09,-1.1370839416554283e-06,0.8000026086305271,-5.036152442024979e-12,0.0,0.0,0.0,-7.781024605448522e-17,-1.68544876403308e-11,3.283410064781717,-3.2863974676041683,0.002987402822468614,-1.4049372923024974e-14,-1.6855986540681777e-11
78.58,3.917584710960035e-17,-1.5699999999950205,1.570000000012578,-1.5699999999842664,-1.5700000000000085,1.0575518391069498e-18,-2.551252134815168e-16,-1.1173038822528169e-13,-3.4938797130372973e-13,-1.0856195526541052e-13,1.7017146723585085e-14,-1.9318581366675432e-17,-0.007753492361314554,0.007732136535689607,-9.799994252950443,9.854928355517282e-09,-2.619182151274761e-09,-9.61475799894099e-07,0.8000013743085282,-5.036137081034525e-12,0.0,0.0,0.0,-3.376297038646544e-17,-1.6853192788736805e-11,3.2834049988166423,-3.286392397029822,0.0029873982131938905,-1.4446201360611535e-14,-1.685375945967402e-11
78.6,3.4801921294952905e-17,-1.5699999999950205,1.5700000000125736,-1.5699999999842664,-1.5700000000000085,7.949554868541731e-19,-2.384322129805159e-16,-8.947985830175756e-14,-2.8268265308853335e-13,-1.0870903596454448e-13,1.7039687947756256e-14,-2.606251040286635e-17,-0.007755744352282508,0.007739097464422764,-9.799994677098596,1.001083635474982e-08,-3.818228148261329e-09,-7.907413234824742e-07,0.8000004722712428,-5.036122034217228e-12,0.0,0.0,0.0,1.6708969101803003e-17,-1.6853408896840382e-11,3.2834012966308403,-3.2863886914755964,0.002987394844769669,-1.2578168578866683e-14,-1.6854635638392463e-11
78.62,3.0815386794841846e-17,-1.5699999999950205,1.5700000000125691,-1.5699999999842664,-1.5700000000000085,3.9961401428776468e-19,-2.234588813458914e-16,-8.9413786943252e-14,-2.3834532826550733e-13,-1.0856492409370541e-13,1.6992295212836826e-14,-4.426419965189273e-17,-0.00775772892928022,0.0077450876597762505,-9.799995087841555,9.5293853715325e-09,-5.15102463478922e-09,-6.278212069897245e-07,0.7999998558090478,-5.036106272130864e-12,0.0,0.0,0.0,7.602908527062468e-17,-1.6853356158530803e-11,3.283398766516367,-3.286386159059102,0.0029873925427506935,-1.32358870165163e-14,-1.6854434761182575e-11
78.64,2.7031550108121547e-17,-1.5699999999950205,1.570000000012565,-1.5699999999842664,-1.5700000000000085,2.0967761341145232e-20,-1.9184175991681623e-16,-8.939319367905584e-14,-1.9391605666220857e-13,-1.0856009974784497e-13,1.7010248482454658e-14,-1.0826890859542042e-17,-0.007759432947713989,0.007750128579021629,-9.799995444003638,8.258442617429886e-09,-6.562287611850282e-09,-4.7401764432228644e-07,0.7999994720234195,-5.036091638210158e-12,0.0,0.0,0.0,1.3277129820084547e-16,-1.685392891945936e-11,3.2833971913645086,-3.2863845824740974,0.002987391109603241,-1.25030562161261e-14,-1.6856105410527868e-11
78.66,2.3051592354073813e-17,-1.5699999999950205,1.5700000000125602,-1.5699999999842664,-1.5700000000000085,-1.7055534502906814e-19,-2.0037060753216186e-16,-8.931835010534813e-14,-1.4944559350378413e-13,-1.0859040653615249e-13,1.6939689914242887e-14,2.5026591124627086e-18,-0.00776085911173725,0.007754252911137193,-9.799995693794672,6.089361621695325e-09,-7.96406672328145e-09,-3.296081331564963e-07,0.799999268296094,-5.036080325253495e-12,0.0,0.0,0.0,1.7475747107500436e-16,-1.68522035293122e-11,3.2833963552167993,-3.2863837455656215,0.0029873903488362376,-1.3538274895580537e-14,-1.685389394481609e-11
78.68,1.968053549537085e-17,-1.5699999999950205,1.570000000012558,-1.5699999999842664,-1.5700000000000085,-4.183280270089346e-19,2.248023218706523e-16,-8.98961596045036e-14,-1.041765262464205e-13,-1.0729327599717505e-13,1.6959300131259548e-14,-2.0025646164826146e-17,-0.007762026581825511,0.0077575109134955305,-9.799995789075524,3.0547464976487765e-09,-9.236835164100723e-09,-1.9448871627523459e-07,0.7999991964155598,-5.036069338671923e-12,0.0,0.0,0.0,2.1582161520292296e-16,-1.685296612852045e-11,3.283396060201176,-3.2863834502815776,0.0029873900804173294,-1.342441516527928e-14,-1.68548819329709e-11
78.7,1.7394473199150382e-17,-1.5699999999950205,1.570000000012558,-1.5699999999842664,-1.5700000000000085,-4.902620298055527e-19,-1.2624144118499842e-16,-8.935351518177391e-14,-1.0506986339170139e-13,-1.0868479053401715e-13,1.6986042426197444e-14,-3.953683310562748e-17,-0.007762971265148649,0.007759985751100495,-9.799995712649281,-5.404750231997228e-10,-1.0246245918541393e-08,-6.87552552934407e-08,0.7999992148695805,-5.036053298231e-12,0.0,0.0,0.0,2.8168086623092556e-16,-1.6852912458910688e-11,3.2833961359410755,-3.286383526090389,0.0029873901493290963,-1.344929997488406e-14,-1.685476240415928e-11
78.72,1.4733313363330428e-17,-1.5699999999950205,1.570000000012558,-1.5699999999842664,-1.5700000000000085,-6.97825838442554e-19,-2.057109853971644e-16,-8.928035891253465e-14,-1.0507091765453813e-13,-1.0871150998818441e-13,1.6948786977731117e-14,3.0310716908115066e-18,-0.007763737802743576,0.007761792433629716,-9.79999548967781,-4.161011899775841e-09,-1.0881799864506674e-08,4.6991924281166615e-08,0.7999992897773313,-5.036030030448031e-12,0.0,0.0,0.0,3.821190065229786e-16,-1.685283460835193e-11,3.2833964433811516,-3.2863838338101887,0.002987390429052717,-1.3449158001549568e-14,-1.6854584115659823e-11
78.74,1.3136636332571317e-17,-1.5699999999950205,1.570000000012558,-1.5699999999842664,-1.5700000000000085,-6.926101388552566e-19,-1.8224513259805047e-16,-8.943455085669554e-14,-1.0510856989871147e-13,-1.086791002798748e-13,1.6971106245972856e-14,-6.5442343755814215e-18,-0.007764367344885482,0.007763058240396047,-9.799995167168301,-7.300083277376751e-09,-1.109595225472583e-08,1.517477154911475e-07,0.799999394874169,-5.036003413772127e-12,0.0,0.0,0.0,4.966376008238233e-16,-1.6852745552770078e-11,3.2833968747247635,-3.286384265546258,0.0029873908215096744,-1.3457322560197871e-14,-1.6854380541763704e-11
78.76,1.1839425850190433e-17,-1.5699999999950205,1.570000000012558,-1.5699999999842664,-1.5700000000000085,-7.730995193857704e-19,-7.32583179944255e-17,-8.928891703461148e-14,-1.0513259203049353e-13,-1.0861997111740725e-13,1.6917797168756083e-14,2.3635692844130425e-17,-0.007764891640055218,0.007763904764084846,-9.79999478978202,-9.667507950104788e-09,-1.0909788185655565e-08,2.444470916271908e-07,0.7999995108900313,-5.035978138420019e-12,0.0,0.0,0.0,6.008223808201619e-16,-1.6852660984035224e-11,3.2833973508827734,-3.286384742137499,0.0029873912547409044,-1.345162114442425e-14,-1.6854191788557984e-11
78.78,1.1150021672032769e-17,-1.5699999999950205,1.570000000012558,-1.5699999999842664,-1.5700000000000085,-7.170883601182934e-19,-1.277917119631436e-16,-8.938004365692603e-14,-1.0511293755903379e-13,-1.0868318241868577e-13,1.6915280155436282e-14,1.940242160182924e-17,-0.007765333867490417,0.007764439547699598,-9.799994392465317,-1.1177982241105177e-08,-1.0389467824414558e-08,3.24279219340649e-07,0.7999996245888709,-5.0359544958252755e-12,0.0,0.0,0.0,6.925876492143707e-16,-1.685258187708623e-11,3.2833978175311445,-3.2863852092104486,0.0029873916793198125,-1.3451485078837921e-14,-1.685402091664355e-11
78.8,9.926287683331265e-18,-1.5699999999950205,1.570000000012558,-1.5699999999842664,-1.5700000000000085,-6.422199246700769e-19,-2.91208521575975e-16,-8.941199507165112e-14,-1.0510149127680175e-13,-1.0869332591516016e-13,1.6974789419457278e-14,-2.1189932461626125e-17,-0.007765710930340469,0.007764752951214836,-9.799994001036824,-1.1876602354374555e-08,-9.620704043553055e-09,3.9084477918540577e-07,0.7999997276678619,-5.035931413436922e-12,0.0,0.0,0.0,7.775014898744923e-16,-1.6852504643555854e-11,3.283398240593011,-3.286385632657237,0.002987392064241643,-1.347356041359068e-14,-1.6853858769547174e-11
78.82,7.279078617764771e-18,-1.5699999999950205,1.570000000012558,-1.5699999999842664,-1.5700000000000085,-5.366112503020761e-19,-3.812656716527724e-16,-8.957165943617889e-14,-1.0518003385814893e-13,-1.085886747196315e-13,1.69259513244661e-14,1.3684598845174508e-17,-0.00776603524145991,0.007764917448208464,-9.799993633327128,-1.1881705285700265e-08,-8.691382484886212e-09,4.441804824916464e-07,0.7999998156551031,-5.035912152792584e-12,0.0,0.0,0.0,8.405604936014054e-16,-1.6851818471101316e-11,3.2833986017145733,-3.2863859941073645,0.0029873923928068822,-1.4056325836151388e-14,-1.6852665449215827e-11
78.84,6.2836828249610024e-18,-1.5699999999950205,1.570000000012558,-1.5699999999842664,-1.5700000000000085,-6.312165435823604e-19,-1.3095591021806167e-16,-8.93003960303795e-14,-1.0512536279960673e-13,-1.0868850156923509e-13,1.6965096261143304e-14,3.631127390139893e-18,-0.0077663160758222995,0.007764988591463047,-9.799993300574835,-1.134315734136861e-08,-7.680662585569514e-09,4.847044352093377e-07,0.799999886894907,-5.0359071982122855e-12,0.0,0.0,0.0,8.317738689401874e-16,-1.6852423611856547e-11,3.283398894100483,-3.286386286759301,0.002987392658833859,-1.3442921549237498e-14,-1.6853723465893068e-11
78.86,5.8255911740799464e-18,-1.5699999999950205,1.570000000012558,-1.5699999999842664,-1.5700000000000085,-4.255788901763418e-19,4.7331335913348355e-17,-8.905717311940409e-14,-1.0515872268794297e-13,-1.0862788799262009e-13,1.6929879243626715e-14,4.5216554585561875e-18,-0.007766560564789974,0.007765007033461522,-9.7999930088696,-1.0413715324791895e-08,-6.653004752493998e-09,5.13122582586073e-07,0.7999999416707748,-5.035928943078172e-12,0.0,0.0,0.0,6.930543267729341e-16,-1.6852496356906125e-11,3.2833991189142946,-3.286386511777659,0.0029873928633801696,-1.3456967732555652e-14,-1.685393493063076e-11
78.88,5.942800363051456e-18,-1.5699999999950205,1.570000000012558,-1.5699999999842664,-1.5700000000000085,-3.583642996021224e-19,1.638746301711899e-16,-8.906000559614507e-14,-1.0514524318452682e-13,-1.0871348920686724e-13,1.6930217308013292e-14,1.637074747796255e-17,-0.007766774402964518,0.007765001132079872,-9.799992760504866,-9.230956546805215e-09,-5.655763682117643e-09,5.30325131956421e-07,0.7999999814871354,-5.035986222557694e-12,0.0,0.0,0.0,3.858726311122596e-16,-1.6852687992014908e-11,3.2833992823305604,-3.2863866753426088,0.0029873930120640707,-1.344348716809341e-14,-1.6854433747541303e-11
78.9,4.6839416447409915e-18,-1.5699999999950205,1.570000000012558,-1.5699999999842664,-1.5700000000000085,-2.4043675888837884e-19,-2.532147558462947e-18,-8.915062997260901e-14,-1.0519998954755717e-13,-1.0861254904666359e-13,1.6928649791097755e-14,3.692636954079643e-18,-0.007766962330228331,0.007764989801548973,-9.799992555159875,-7.9073994032271e-09,-4.719225607652346e-09,5.372927345371578e-07,0.8000000085106047,-5.0360840503494555e-12,0.0,0.0,0.0,-1.0715271846613122e-16,-1.6852837657482094e-11,3.283399393241612,-3.2863867863545737,0.002987393112977294,-1.3233198039894443e-14,-1.6855254074115897e-11
78.92,4.333191022529389e-18,-1.5699999999950205,1.570000000012558,-1.5699999999842664,-1.5700000000000085,-2.9757446481542186e-19,-9.23264401093112e-17,-8.922470977481085e-14,-1.0514320996334193e-13,-1.086761314514636e-13,1.6952626114772636e-14,1.576577068729963e-17,-0.00776712844160288,0.0077649853768082255,-9.799992390873138,-6.526717758958499e-09,-3.8582152949657545e-09,5.350252036434806e-07,0.8000000251584416,-5.0362172350308034e-12,0.0,0.0,0.0,-7.518031950203939e-16,-1.685328325755143e-11,3.2833994615684827,-3.286386854743612,0.0029873931751443357,-1.3234066231665114e-14,-1.6856344324709846e-11
78.94,3.5678065139073415e-18,-1.5699999999950205,1.570000000012558,-1.5699999999842664,-1.5700000000000085,-5.671948050768455e-20,2.713364888608841e-17,-8.929178831995909e-14,-1.0513914352097055e-13,-1.0874330119039216e-13,1.690982446668103e-14,3.831534578959164e-17,-0.007767276367022795,0.007764996342209306,-9.79999226479941,-5.144312844725378e-09,-3.074634623243828e-09,5.245003841021705e-07,0.8000000338144686,-5.036366094390237e-12,0.0,0.0,0.0,-1.4438344927484514e-15,-1.6853070764347353e-11,3.2833994970949743,-3.286386890302427,0.0029873932074683863,-1.2771495790483349e-14,-1.6857179134211373e-11
78.96,3.6645717081934474e-18,-1.5699999999950205,1.570000000012558,-1.5699999999842664,-1.5700000000000085,5.433932290202244e-20,3.6061516848401045e-17,-8.930262611411893e-14,-1.0509388552347225e-13,-1.087715050586798e-13,1.6916604547206454e-14,1.0138006573601756e-17,-0.007767409353030148,0.007765029832197786,-9.79999217376168,-3.790888348911799e-09,-2.360504526895988e-09,5.066670928690033e-07,0.8000000366495634,-5.03651157864358e-12,0.0,0.0,0.0,-2.0848360101344106e-15,-1.6853557529295946e-11,3.28339950873091,-3.2863869019489496,0.002987393218055315,-1.277239385877696e-14,-1.6858306900686795e-11
78.98,3.2818920204749117e-18,-1.5699999999950205,1.570000000012558,-1.5699999999842664,-1.5700000000000085,1.5963649322640053e-19,2.468867329119027e-17,-8.92922001206084e-14,-1.0512822437015789e-13,-1.0872647783031083e-13,1.6929698870780766e-14,-1.1860072350899517e-17,-0.007767530269421345,0.007765093842856651,-9.799992114620714,-2.478036707577384e-09,-1.7012579124793442e-09,4.824733973667413e-07,0.8000000355236382,-5.036653778351076e-12,0.0,0.0,0.0,-2.671221169147709e-15,-1.6854477402731433e-11,3.283399504109832,-3.2863868973236685,0.00298739321385084,-1.3636438133534349e-14,-1.68594578878939e-11
79.0,3.1442001291855757e-18,-1.5699999999950205,1.570000000012558,-1.5699999999842664,-1.5700000000000085,3.2928095156804307e-19,-1.828087530076487e-17,-8.92930874323918e-14,-1.0513507707859753e-13,-1.087050775267361e-13,1.6928851981840487e-14,-1.3101554205616153e-17,-0.007767641462880136,0.007765197937060958,-9.799992084555335,-1.2050106378982157e-09,-1.0790612111076575e-09,4.5292068594234803e-07,0.8000000319477542,-5.0368086599801666e-12,0.0,0.0,0.0,-3.2741585708613302e-15,-1.6856239076863484e-11,3.2833994894335126,-3.286386882633997,0.002987393200499403,-1.3820517750012236e-14,-1.6861822499417328e-11
79.02,2.9170299972280213e-18,-1.5699999999950205,1.570000000012558,-1.5699999999842664,-1.5700000000000085,3.112080605700952e-19,-1.7728253045817113e-17,-8.922755303175086e-14,-1.0515232180642725e-13,-1.0877076285155277e-13,1.6910209514564512e-14,-1.2154199113460804e-17,-0.007767744376345722,0.007765350348513998,-9.799992081409435,3.4518736735887785e-11,-4.756331794308317e-10,4.1910645746208613e-07,0.8000000270878472,-5.036987626640379e-12,0.0,0.0,0.0,-3.937854937597619e-15,-1.685683789537172e-11,3.283399469487243,-3.286386862669579,0.002987393182351339,-1.3821523121973296e-14,-1.6863085014278272e-11
79.04,2.54461635769655e-18,-1.5699999999950205,1.570000000012558,-1.5699999999842664,-1.5700000000000085,2.6776325124714413e-19,-4.150597879818234e-17,-8.932554411139476e-14,-1.0513485116512989e-13,-1.0862714578537029e-13,1.6924754922688152e-14,-1.830700420440601e-17,-0.007767839284651286,0.007765553411164514,-9.799992104054454,1.2472209303271973e-09,1.261738013339459e-10,3.822104494114106e-07,0.8000000217948446,-5.037178337862532e-12,0.0,0.0,0.0,-4.591444096556598e-15,-1.685649902635071e-11,3.283399447763441,-3.28638684092601,0.0029873931625838596,-1.3217480182789704e-14,-1.686339973440095e-11
79.06,2.1540503509817936e-18,-1.5699999999950205,1.570000000012558,-1.5699999999842664,-1.5700000000000085,2.164086567704205e-19,1.223096744551577e-18,-8.925692465589268e-14,-1.0521271600608205e-13,-1.085718513593757e-13,1.6899144117264728e-14,1.709332766408883e-17,-0.007767925582798775,0.007765802303233187,-9.799992152515559,2.4368035795122926e-09,7.420751306449151e-10,3.434241843668547e-07,0.8000000166492849,-5.03734678921583e-12,0.0,0.0,0.0,-5.069939104156745e-15,-1.6857062692793177e-11,3.2833994266447815,-3.2863868197881354,0.0029873931433690984,-1.3223861200409763e-14,-1.6864441895836162e-11
79.08,1.8789666750740496e-18,-1.5699999999950205,1.570000000012558,-1.5699999999842664,-1.5700000000000085,2.318604280816079e-19,1.2422116218873645e-18,-8.93141669878952e-14,-1.051634668707019e-13,-1.0860871431001613e-13,1.6911688573218317e-14,1.9724504161037977e-17,-0.007768002376458812,0.007766087402408094,-9.799992227811437,3.601545875441466e-09,1.386473638874016e-09,3.0386867050270995e-07,0.800000012011657,-5.037457383510785e-12,0.0,0.0,0.0,-5.217581282239242e-15,-1.6857432796174944e-11,3.283399407610801,-3.286386800736837,0.002987393126051077,-1.322427349622771e-14,-1.6864959641382625e-11
79.1,1.6250032742186357e-18,-1.5699999999950205,1.570000000012558,-1.5699999999842664,-1.5700000000000085,2.0710611742720016e-19,-4.2903656146916285e-17,-8.92936284867456e-14,-1.0515202058847229e-13,-1.087105203784399e-13,1.6888710889581542e-14,-2.7455325971700628e-17,-0.0077680688863376954,0.007766396980233823,-9.799992331648362,4.731598951043999e-09,2.0721865422337325e-09,2.645351363848341e-07,0.8000000080723634,-5.037478506099305e-12,0.0,0.0,0.0,-4.911082998693298e-15,-1.685750355589891e-11,3.283399391442958,-3.286386784554284,0.002987393111340804,-1.3251841348207852e-14,-1.6864723902811678e-11
79.12,1.194446625000242e-18,-1.5699999999950205,1.570000000012558,-1.5699999999842664,-1.5700000000000085,-6.856755968320483e-20,-1.79021575590957e-17,-8.933738305538794e-14,-1.0511361529941409e-13,-1.0869864506546715e-13,1.692167108457091e-14,-6.4751825400423216e-18,-0.007768124590313203,0.007766718941722025,-9.79999246602747,5.805905669507775e-09,2.8095174958615067e-09,2.2625479378381006e-07,0.8000000048974276,-5.0373664068169525e-12,0.0,0.0,0.0,-3.9769406520360304e-15,-1.6856418044595337e-11,3.2833993784122306,-3.2863867715117,0.002987393099485181,-1.278450519568268e-14,-1.6863059520522334e-11
79.14,1.0689712931047914e-18,-1.5699999999950205,1.570000000012558,-1.5699999999842664,-1.5700000000000085,6.341269678084464e-20,-2.6068213671018237e-17,-8.926081541703066e-14,-1.051334956843377e-13,-1.0873402360199245e-13,1.6921057816412596e-14,-3.375276151187451e-17,-0.007768169220721608,0.007767041831174321,-9.799992632748292,6.789035151891546e-09,3.60465003992621e-09,1.8969227683715252e-07,0.8000000024677999,-5.037048515933061e-12,0.0,0.0,0.0,-2.1135699928339526e-15,-1.685535453811157e-11,3.2833993684404335,-3.28638676153083,0.0029873930904123617,-1.2782174447086726e-14,-1.686013264337127e-11
79.16,9.965136854198672e-19,-1.5699999999950205,1.570000000012558,-1.5699999999842664,-1.5700000000000085,2.1954796330601282e-19,2.1374110370704517e-17,-8.930426609406915e-14,-1.0512829967464167e-13,-1.0872771484197327e-13,1.6949467427492226e-14,3.828795382639157e-17,-0.007768202696122871,0.0077673553039662065,-9.799992832789215,7.628364595047e-09,4.457389181285796e-09,1.553561235132141e-07,0.8000000007113998,-5.036429191962144e-12,0.0,0.0,0.0,1.0705030593770302e-15,-1.685328248743122e-11,3.2833993612317305,-3.2863867543155685,0.002987393083853535,-1.2777988856597934e-14,-1.685487651963286e-11
79.18,7.891582066357894e-19,-1.5699999999950205,1.570000000012558,-1.5699999999842664,-1.5700000000000085,1.202125994712774e-19,-3.1540085575177906e-17,-8.92283088261321e-14,-1.0516316565274695e-13,-1.0868701715482916e-13,1.6927512577520907e-14,-2.445632589562009e-17,-0.0077682250403248295,0.007767650239478206,-9.799993065549403,8.252224038415582e-09,5.358353666778385e-09,1.2361963153484675e-07,0.7999999995279264,-5.035414784291397e-12,0.0,0.0,0.0,5.9268275106922126e-15,-1.6849888540593968e-11,3.283399356374463,-3.2863867494538814,0.0029873930794341525,-1.2771418945875115e-14,-1.684662624834035e-11
79.2,5.509625634201299e-19,-1.5699999999950205,1.570000000012558,-1.5699999999842664,-1.5700000000000085,4.208875635539525e-20,-2.3742889073179293e-17,-8.932167609646993e-14,-1.0507475818342562e-13,-1.0877298947264225e-13,1.6918764811205624e-14,4.686504386229456e-18,-0.007768236323457735,0.007767918645918266,-9.799993327948831,8.569855102394877e-09,6.285836833992136e-09,9.474606333801278e-08,0.7999999988070369,-5.03392677280633e-12,0.0,0.0,0.0,1.2705945640777791e-14,-1.684562050488879e-11,3.2833993534157546,-3.2863867464924814,0.0029873930767418105,-1.3195042957183745e-14,-1.6835223823135343e-11
79.22,3.8440069616925033e-19,-1.5699999999950205,1.570000000012558,-1.5699999999842664,-1.5700000000000085,2.314570717707069e-20,-1.2712030509235542e-17,-8.924285821575633e-14,-1.051339475112676e-13,-1.0870643823956997e-13,1.695399576180738e-14,-3.070201196330984e-17,-0.007768236648218099,0.007768153485946976,-9.799993613406743,8.474332272514577e-09,7.202728409599638e-09,6.89131218148877e-08,0.7999999984408088,-5.0318969877260985e-12,0.0,0.0,0.0,2.1589088418408703e-14,-1.6838829184637983e-11,3.2833993519126667,-3.2863867449880257,0.0029873930753742117,-1.3182560963172179e-14,-1.6819549360105843e-11
79.24,1.3405227448890472e-19,-1.5699999999950205,1.570000000012558,-1.5699999999842664,-1.5700000000000085,-1.78857744067915e-19,-2.651530589554916e-17,-8.931452790638627e-14,-1.0507686670909923e-13,-1.087797930373572e-13,1.6947750427801977e-14,-1.0890455749199724e-17,-0.007768226197431347,0.007768348534575853,-9.799993910759618,7.849978492384569e-09,8.054155780549808e-09,4.623265527308545e-08,0.7999999983315383,-5.029266233756926e-12,0.0,0.0,0.0,3.27008719246843e-14,-1.6830027035711808e-11,3.2833993514641975,-3.2863867445391484,0.002987393074966151,-1.3166702966226534e-14,-1.679963542767308e-11
79.26,7.439183285020098e-20,-1.5699999999950205,1.570000000012558,-1.5699999999842664,-1.5700000000000085,-1.0028041390808521e-19,-2.113157381200873e-17,-8.926602156845034e-14,-1.051016418857659e-13,-1.0872326159959861e-13,1.6950745483615133e-14,-2.2615589492655517e-17,-0.00776820535599345,0.007768498369611592,-9.799994203250197,6.58634328644002e-09,8.766927868092833e-09,2.6762588648990692e-08,0.7999999983959176,-5.026009266925403e-12,0.0,0.0,0.0,4.59920117411961e-14,-1.6819129561139748e-11,3.283399351728431,-3.286386744803622,0.0029873930752065364,-1.3147440925671649e-14,-1.6775446813284693e-11
79.28,2.0404676503896602e-20,-1.5699999999950205,1.570000000012558,-1.5699999999842664,-1.5700000000000085,-2.2641497360193177e-21,-3.290449498225633e-17,-8.931864321738263e-14,-1.051004370139523e-13,-1.0866190581594996e-13,1.6973085921373706e-14,-2.9406364691955814e-17,-0.007768174922062734,0.007768598594563705,-9.79999446785556,4.601717189016447e-09,9.252619949220158e-09,1.050915861879577e-08,0.7999999985665524,-5.022182775724946e-12,0.0,0.0,0.0,6.101866535257582e-14,-1.680632638838026e-11,3.2833993524287646,-3.286386745504593,0.002987393075843702,-1.3125279290606854e-14,-1.6747616986914324e-11
79.3,-9.000487575992221e-20,-1.5699999999950205,1.570000000012558,-1.5699999999842664,-1.5700000000000085,9.326809562864252e-20,8.209563508315569e-18,-8.923474552828982e-14,-1.0509478917732629e-13,-1.0856826402517869e-13,1.6896813849528444e-14,2.18987595034484e-18,-0.007768136437715887,0.007768646425299721,-9.799994675574528,1.8812382195394696e-09,9.417799978431207e-09,-2.5810804950633126e-09,0.7999999987916527,-5.017964305090919e-12,0.0,0.0,0.0,7.678365198782653e-14,-1.6792211504934273e-11,3.283399353352639,-3.286386746429308,0.0029873930766842536,-1.3101485150894854e-14,-1.6717737116833733e-11
79.32,-2.8070111141553066e-19,-1.5699999999950205,1.570000000012558,-1.5699999999842664,-1.5700000000000085,4.859758226361521e-20,-2.788501859664155e-17,-8.919479450957122e-14,-1.0493401409470197e-13,-1.0843182162726721e-13,1.6916184937326722e-14,-2.1784141584569296e-17,-0.007768092654835207,0.0077686420108267415,-9.799994796771237,-1.4483221956923212e-09,9.194141822871054e-09,-1.2632013793393182e-08,0.7999999990335773,-5.0136800478094154e-12,0.0,0.0,0.0,9.164481481853426e-14,-1.677787625028086e-11,3.283399354345564,-3.286386747423137,0.0029873930775876317,-1.3078235262759792e-14,-1.668854069935031e-11
79.34,-2.528745281297316e-19,-1.5699999999950205,1.570000000012558,-1.5699999999842664,-1.5700000000000085,-2.007065420252176e-19,-3.5969995200821575e-17,-8.924992684856269e-14,-1.0511436834429738e-13,-1.0865745257359013e-13,1.6923307402537633e-14,-3.42488918126236e-17,-0.007768047705121563,0.007768590174025994,-9.799994814456209,-5.0391781347718855e-09,8.58687874968614e-09,-1.9844455972534294e-08,0.7999999992667581,-5.009834741312214e-12,0.0,0.0,0.0,1.0321919880414954e-13,-1.6765009353179605e-11,3.283399355302602,-3.286386748381046,0.0029873930784583636,-1.3058772016911539e-14,-1.6664099418264117e-11
79.36,-3.232352474891936e-19,-1.5699999999950205,1.570000000012558,-1.5699999999842664,-1.5700000000000085,-1.924942078512065e-19,2.9057301035973374e-17,-8.922070797879184e-14,-1.0513447464268628e-13,-1.0866499834537153e-13,1.689952678900081e-14,2.555472707406888e-17,-0.007768006184475822,0.007768500426733622,-9.799994733387122,-8.390618378947952e-09,7.687979892139127e-09,-2.4508967217051105e-08,0.7999999994753947,-5.007140237196375e-12,0.0,0.0,0.0,1.0830005013770084e-13,-1.6755992529663126e-11,3.283399356158903,-3.2863867492381256,0.002987393079237451,-1.3047545661345554e-14,-1.6650001743414687e-11
79.38,-2.7335586192247027e-19,-1.5699999999950205,1.570000000012558,-1.5699999999842664,-1.5700000000000085,-9.894835186059672e-20,2.4912292110531308e-17,-8.927107011446926e-14,-1.0517295523623273e-13,-1.0859993152642165e-13,1.6894906000044585e-14,4.1716831067045604e-17,-0.007767971575354664,0.007768384389206488,-9.799994573412278,-1.1071404206586063e-08,6.62635673937981e-09,-2.7015390993309128e-08,0.7999999996511862,-5.006555085302928e-12,0.0,0.0,0.0,1.0272921118943849e-13,-1.675403293468155e-11,3.283399356880396,-3.286386749960275,0.0029873930798939036,-1.3050421391449327e-14,-1.665361298738188e-11
79.4,-2.0312341463270533e-19,-1.5699999999950205,1.570000000012558,-1.5699999999842664,-1.5700000000000085,-2.0893233175076704e-19,5.7969911322543895e-19,-8.924559615075515e-14,-1.0517928081325417e-13,-1.0854377119219565e-13,1.6894790539720608e-14,1.8732550102658166e-17,-0.007767945493233007,0.007768253104489964,-9.799994357711,-1.2861761565207053e-08,5.515291535230068e-09,-2.7822961624241846e-08,0.7999999997912741,-5.009329079491009e-12,0.0,0.0,0.0,8.12578202346657e-14,-1.6763312216934304e-11,3.2833993574553473,-3.2863867505357494,0.002987393080417056,-1.3074908974883941e-14,-1.6684363660589813e-11
79.42,-1.8085668015507085e-19,-1.5699999999950205,1.570000000012558,-1.5699999999842664,-1.5700000000000085,-2.416155948136179e-19,-7.459076499642425e-18,-8.928292156332495e-14,-1.0516452113353787e-13,-1.0865003050299165e-13,1.69495117106976e-14,-8.840415843014123e-18,-0.0077679280124472025,0.0077681159433454165,-9.799994107556188,-1.372865382660239e-08,4.438651292723962e-09,-2.7399231702913795e-08,0.7999999998964881,-5.017009512541345e-12,0.0,0.0,0.0,3.760150074342264e-14,-1.678900746474896e-11,3.28339935788716,-3.286386750967955,0.0029873930808100167,-1.3130135482640698e-14,-1.6753715227896016e-11
79.44,-1.5501071978168312e-19,-1.5699999999950205,1.570000000012558,-1.5699999999842664,-1.5700000000000085,-2.997805966488972e-19,1.3036248406115017e-17,-8.926913077078878e-14,-1.0512611584447999e-13,-1.0866524574772829e-13,1.6915240733273693e-14,5.634752713892916e-18,-0.007767918238876285,0.007767980376350639,-9.799993841115787,-1.375446519834668e-08,3.4549125105823457e-09,-2.6168410216391998e-08,0.7999999999699312,-5.0313894417197e-12,0.0,0.0,0.0,-3.523014797287577e-14,-1.6837118133838105e-11,3.283399358188567,-3.286386751269636,0.0029873930810843862,-1.3226445084771817e-14,-1.6874657545701667e-11
79.46,-1.5519268435658293e-19,-1.5699999999950205,1.570000000012558,-1.5699999999842664,-1.5700000000000085,-3.4456730579355453e-19,3.362299663078e-18,-8.926338184033523e-14,-1.0515616233533129e-13,-1.0864545355945609e-13,1.6904347176328653e-14,1.123281389462707e-17,-0.007767914745939312,0.007767851972468957,-9.79999357295422,-1.3084133431638114e-08,2.6021950132830123e-09,-2.44819589425767e-08,0.8000000000159071,-5.0544040387061395e-12,0.0,0.0,0.0,-1.443772768206645e-13,-1.691411927396474e-11,3.283399358377228,-3.2863867514584686,0.002987393081256246,-1.3374679929694222e-14,-1.706080581467622e-11
79.48,-1.9994491501630124e-19,-1.5699999999950205,1.570000000012558,-1.5699999999842664,-1.5700000000000085,-5.270852014522415e-19,1.3172541306130917e-17,-8.9252701543765e-14,-1.051295798509442e-13,-1.0865559705594723e-13,1.6922823419647113e-14,2.5444953586107018e-17,-0.007767915889531841,0.007767734549644615,-9.799993314016506,-1.1888395501065381e-08,1.9034674738136227e-09,-2.260539395819306e-08,0.8000000000391594,-5.0879806313666e-12,0.0,0.0,0.0,-2.9638828451194573e-13,-1.7026459812477706e-11,3.283399358472609,-3.2863867515539367,0.0029873930813433236,-1.3585190135749474e-14,-1.7325157360880528e-11
79.5,-2.243493873584673e-19,-1.5699999999950205,1.570000000012558,-1.5699999999842664,-1.5700000000000085,-6.031623530518991e-19,-1.0473251322805904e-17,-8.929653523847676e-14,-1.0514087552419653e-13,-1.0865411264182625e-13,1.6943008022064064e-14,-1.771028318112735e-17,-0.00776792002208609,0.0077676304202237935,-9.799993071920198,-1.0340422332038385e-08,1.3713318512435116e-09,-2.071620742384901e-08,0.8000000000443852,-5.133819683033779e-12,0.0,0.0,0.0,-4.961976971260369e-13,-1.7179829761622427e-11,3.2833993584939867,-3.286386751575334,0.0029873930813631676,-1.3866436306947023e-14,-1.767833672263934e-11
79.52,-1.7257223107632545e-19,-1.5699999999950205,1.570000000012558,-1.5699999999842664,-1.5700000000000085,-6.147455464836891e-19,1.365290137780553e-17,-8.928364965265814e-14,-1.0510661198199793e-13,-1.0876841252910809e-13,1.6967808877110503e-14,-9.588183967174941e-18,-0.007767925627443023,0.007767540690558728,-9.799992851422221,-8.603055776024887e-09,1.0119818616694871e-09,-1.8908900380474503e-08,0.8000000000359762,-5.193055034647052e-12,0.0,0.0,0.0,-7.455990368447703e-13,-1.737802345453545e-11,3.283399358459383,-3.2863867515406984,0.0029873930813321824,-1.4222868201917386e-14,-1.812593175527106e-11
79.54,-8.318322963173277e-20,-1.5699999999950205,1.570000000012558,-1.5699999999842664,-1.5700000000000085,-3.7492022908432315e-19,1.3792919635151872e-17,-8.929332190016027e-14,-1.0514403831270713e-13,-1.086659879547917e-13,1.6914891544107192e-14,3.9557559966530053e-17,-0.007767931397665286,0.007767465588388503,-9.799992654965873,-6.823999193981691e-09,8.280663164195046e-10,-1.7204191430117935e-08,0.8000000000179445,-5.265770917355514e-12,0.0,0.0,0.0,-1.0411434365559582e-12,-1.7621323547768858e-11,3.283399358385264,-3.286386751466513,0.002987393081265346,-1.4651964482513338e-14,-1.866477624821559e-11
79.56,-1.2320173034005302e-19,-1.5699999999950205,1.570000000012558,-1.5699999999842664,-1.5700000000000085,-3.660885341136108e-19,-1.606535959163307e-17,-8.924318668601707e-14,-1.0514863188649653e-13,-1.0875690831967502e-13,1.6924183129619392e-14,1.865280578801673e-18,-0.007767936271057565,0.007767404802887945,-9.799992483245864,-5.136553622144084e-09,8.202804206334608e-10,-1.5560469096934426e-08,0.7999999999939873,-5.350388139258478e-12,0.0,0.0,0.0,-1.371565621326068e-12,-1.7904447280624573e-11,3.283399358286807,-3.2863867513679663,0.0029873930811764498,-1.5140547505399732e-14,-1.927832216584133e-11
79.58,-1.605275759930249e-19,-1.5699999999950205,1.570000000012558,-1.5699999999842664,-1.5700000000000085,-3.569094675559449e-19,9.806018928838893e-18,-8.928282529684274e-14,-1.0512400731880661e-13,-1.087527024796666e-13,1.6930567793670296e-14,1.262464131059354e-18,-0.0077679394480720315,0.007767357830317156,-9.799992335755633,-3.6637604389609744e-09,9.87568420278393e-10,-1.3886446235948822e-08,0.799999999967649,-5.442944815168807e-12,0.0,0.0,0.0,-1.7148940060701517e-12,-1.8214139861351307e-11,3.283399358178565,-3.2863867512596268,0.002987393081078695,-1.566056556460657e-14,-1.9931343131312052e-11
79.6,-6.54923589651355e-20,-1.5699999999950205,1.570000000012558,-1.5699999999842664,-1.5700000000000085,-3.0585036548466217e-19,1.3927550755974338e-18,-8.926614198237954e-14,-1.051319895945716e-13,-1.087463937196545e-13,1.6855681785697313e-14,1.1795928429158494e-17,-0.007767940398843759,0.007767324322835595,-9.79999221130118,-2.5240574217511936e-09,1.3258625618213173e-09,-1.2054730944671687e-08,0.7999999999425457,-5.5362871119028244e-12,0.0,0.0,0.0,-2.0353455295081497e-12,-1.852646674142247e-11,3.2833993580753913,-3.2863867511563587,0.0029873930809855274,-1.616446393035585e-14,-2.0564121534821127e-11
79.62,2.5582571853875703e-20,-1.5699999999950205,1.570000000012558,-1.5699999999842664,-1.5700000000000085,-3.2997456650108587e-19,2.9074707778074104e-17,-8.92745532791892e-14,-1.0517378358560522e-13,-1.0868194540658732e-13,1.6950383441501802e-14,2.3150011434756933e-17,-0.007767938873034001,0.007767304439192658,-9.799992108479488,-1.8367473883052455e-09,1.8253205284719662e-09,-9.916638229669122e-09,0.7999999999226118,-5.619180562968841e-12,0.0,0.0,0.0,-2.280078288058791e-12,-1.8803840083513556e-11,3.28339935799345,-3.2863867510743434,0.0029873930809115557,-1.6580230981509895e-14,-2.1086227635462786e-11
79.64,1.6121789418736102e-19,-1.5699999999950205,1.570000000012558,-1.5699999999842664,-1.5700000000000085,-2.306928145400227e-19,1.4591041612505758e-17,-8.92650283959323e-14,-1.0506421555505784e-13,-1.0886811567753865e-13,1.692202189388737e-14,1.2088588250719109e-17,-0.007767934889574408,0.0077672989512634055,-9.799992026198273,-1.7257395576986909e-09,2.46607427477619e-09,-7.31893271346666e-09,0.7999999999123333,-5.675411534682229e-12,0.0,0.0,0.0,-2.376151093288298e-12,-1.899201222323141e-11,3.2833993579511778,-3.286386751032032,0.002987393080873411,-1.680658283302221e-14,-2.1370472580410106e-11
79.66,9.492330118439508e-20,-1.5699999999950205,1.570000000012558,-1.5699999999842664,-1.5700000000000085,-3.1998137572898593e-19,-1.5972095408929478e-17,-8.929710809407556e-14,-1.0517769941899941e-13,-1.0857667570520635e-13,1.6925519185885457e-14,-4.157516654418128e-18,-0.007767928657763472,0.0077673086774451994,-9.799991964383889,-2.31965540775033e-09,3.212513041610013e-09,-4.122633184604583e-09,0.7999999999169237,-5.6830177915520445e-12,0.0,0.0,0.0,-2.2283460559450246e-12,-1.9017501010287465e-11,3.283399357970006,-3.2863867510508777,0.0029873930808904056,-1.6709179131690968e-14,-2.1248156330122903e-11
79.68,2.167813443890418e-19,-1.5699999999950205,1.570000000012558,-1.5699999999842664,-1.5700000000000085,-1.164061077220806e-19,2.4843332299643155e-17,-8.92727315466279e-14,-1.0516542478739861e-13,-1.0865139121594053e-13,1.6906160843003128e-14,4.5362674635208553e-17,-0.007767920480745371,0.007767333661004662,-9.799991924802002,-3.745396200161665e-09,4.006098087025174e-09,-2.2305748285114278e-10,0.7999999999424028,-5.613837433855727e-12,0.0,0.0,0.0,-1.7187082024319274e-12,-1.8786080298927334e-11,3.2833993580746847,-3.2863867511556517,0.002987393080984821,-1.611905437760228e-14,-2.050709776524977e-11
79.7,1.2943685205691072e-19,-1.5699999999950205,1.570000000012558,-1.5699999999842664,-1.5700000000000085,-1.7021647364089678e-19,-1.2503084928034924e-17,-8.927913957364771e-14,-1.0516670496370048e-13,-1.086276405900121e-13,1.6932167496933907e-14,-8.859236400763792e-18,-0.007767910769563949,0.007767373160948318,-9.799991911695908,-6.112719908416158e-09,4.756942511518905e-09,4.428236202145858e-09,0.7999999999955191,-5.4335954306086016e-12,0.0,0.0,0.0,-7.08735276094901e-13,-1.818306907740843e-11,3.2833993582929657,-3.2863867513741303,0.0029873930811816244,-1.4834591962995666e-14,-1.8894113617394033e-11
79.72,8.167039825949185e-20,-1.5699999999950205,1.570000000012558,-1.5699999999842664,-1.5700000000000085,-1.475477520211489e-19,-2.0971838766913856e-17,-8.930860455356582e-14,-1.0514004717482505e-13,-1.0863728928179549e-13,1.6914176316564132e-14,1.2670259974024604e-18,-0.00776790017555978,0.007767426534543412,-9.799991932154414,-9.489482081719492e-09,5.33491083574157e-09,9.796238468562856e-09,0.8000000000834604,-5.102778611673207e-12,0.0,0.0,0.0,9.547700400812496e-13,-1.7076258603211586e-11,3.283399358654408,-3.2863867517359013,0.0029873930815073934,-1.2628515409761134e-14,-1.6123797827021367e-11
79.74,-8.322990899637576e-20,-1.5699999999950205,1.570000000012558,-1.5699999999842664,-1.5700000000000085,-3.3159840674835704e-19,-9.515475663748582e-18,-8.933530001273013e-14,-1.0514546909798605e-13,-1.0865374153829833e-13,1.6924201922966413e-14,1.931330871146366e-18,-0.007767889754816253,0.00776749431314433,-9.79999199631394,-1.3867962436297552e-08,5.561383798629762e-09,1.5727242392502485e-08,0.8000000002132828,-4.578632729076605e-12,0.0,0.0,0.0,3.428848546771758e-12,-1.5322593774154813e-11,3.2833993591880395,-3.2863867522700163,0.0029873930819882023,-9.261850324685508e-15,-1.1896054491274572e-11
79.76,-1.21949234462793e-19,-1.5699999999950205,1.570000000012558,-1.5699999999842664,-1.5700000000000085,-3.5004547979818145e-19,7.060948568878904e-18,-8.924299771050224e-14,-1.0510985007499719e-13,-1.0880069853623161e-13,1.6917282296366452e-14,1.4117364046839088e-17,-0.007767881124033997,0.007767579155411402,-9.799992117395389,-1.9122136382411382e-08,5.203091515799852e-09,2.190568611727294e-08,0.8000000003909914,-3.818689642973279e-12,0.0,0.0,0.0,6.856937582066211e-12,-1.2779974061853646e-11,3.2833993599185716,-3.2863867530012114,0.002987393082646218,-4.507215268267996e-15,-5.925345743679627e-12
79.78,-2.854237045629944e-19,-1.5699999999950205,1.570000000012558,-1.5699999999842664,-1.5700000000000085,-4.521576030628279e-19,-5.271559922455663e-19,-8.926998628114308e-14,-1.0517129853748965e-13,-1.0863592856885212e-13,1.68979908103023e-14,1.5325963787957158e-17,-0.007767876600571301,0.007767686660666388,-9.799992311472476,-2.4956022757455255e-08,3.969820790365707e-09,2.7805188297473263e-08,0.800000000620203,-2.7862593476064163e-12,0.0,0.0,0.0,1.1343227198152006e-11,-9.325628557843226e-12,3.2833993608609053,-3.286386753944399,0.0029873930834947438,1.8161248423046626e-15,2.0152893764157152e-12
79.8,-3.194538906355109e-19,-1.5699999999950205,1.570000000012558,-1.5699999999842664,-1.5700000000000085,-4.2084398127475067e-19,-9.318438235230797e-18,-8.927371965246947e-14,-1.0517205158237313e-13,-1.0858360297110325e-13,1.6945432148726823e-14,4.0098675969520555e-18,-0.007767879312856296,0.0077678260031376406,-9.799992596838317,-3.084445351201358e-08,1.518328404262831e-09,3.263741013870268e-08,0.8000000009003395,-1.4582827144820504e-12,0.0,0.0,0.0,1.691753244452135e-11,-4.882389768328964e-12,3.283399362012702,-3.2863867550972414,0.002987393084531533,9.79336306739319e-15,1.2032833412298247e-11
79.82,-3.42609992386447e-19,-1.5699999999950205,1.570000000012558,-1.5699999999842664,-1.5700000000000085,-4.258903805453133e-19,2.9180351861268543e-17,-8.926369737445427e-14,-1.051593251238422e-13,-1.0869703695014765e-13,1.6881533988492086e-14,2.409547479191246e-17,-0.007767893259766538,0.007768010318321575,-9.799992992811173,-3.596932683545219e-08,-2.5346725041007217e-09,3.5304411033332055e-08,0.8000000012243247,1.6415744415251139e-13,0.0,0.0,0.0,2.3489973743169534e-11,5.461379826867286e-13,3.2833993633449197,-3.2863867564306672,0.0029873930857302667,1.934450456056196e-14,2.403380246196087e-11
79.84,-3.1816842737497333e-19,-1.5699999999950205,1.570000000012558,-1.5699999999842664,-1.5700000000000085,-4.279025788413333e-19,2.065640086272795e-17,-8.928974613419126e-14,-1.0506685121214997e-13,-1.0885030270809305e-13,1.6936318452031683e-14,2.2275768813422263e-18,-0.007767923289143888,0.007768256737665032,-9.799993517803172,-3.915668150404507e-08,-8.587108030855808e-09,3.43627030947557e-08,0.8000000015758015,2.0424947195933755e-12,0.0,0.0,0.0,3.079542063160559e-11,6.8309389941231925e-12,3.283399364790364,-3.2863867578774224,0.002987393087030247,3.017233353610277e-14,3.7624050361832006e-11
79.86,-3.8161977281763595e-19,-1.5699999999950205,1.570000000012558,-1.5699999999842664,-1.5700000000000085,-5.16897606128891e-19,-1.1879420474689766e-17,-8.928943846955257e-14,-1.0514531848900933e-13,-1.086205896229398e-13,1.6910925066290372e-14,-1.1788664814785304e-17,-0.00776797495686324,0.0077685859301127565,-9.799994186474873,-3.882278582935966e-08,-1.7010052308283724e-08,2.801019661297097e-08,0.8000000019259543,4.084569932010418e-12,0.0,0.0,0.0,3.832880095796213e-11,1.3663686324698763e-11,3.283399366230627,-3.2863867593189915,0.002987393088324648,4.1606914082053196e-14,5.199017801876273e-11
79.88,-4.275335183871997e-19,-1.5699999999950205,1.570000000012558,-1.5699999999842664,-1.5700000000000085,-5.584449592315626e-19,4.859959826263494e-18,-8.925684003201223e-14,-1.0513936943442979e-13,-1.08652257124178e-13,1.689893501433728e-14,6.3125131374081296e-18,-0.007768054219595105,0.007769020972924234,-9.799995005824359,-3.294081657909647e-08,-2.8086443403781492e-08,1.4110521844146645e-08,0.8000000022301157,6.126201513500369e-12,0.0,0.0,0.0,4.5274159721054263e-11,2.0495077267028725e-11,3.283399367482129,-3.286386760571628,0.0029873930894479626,5.257770831801208e-14,6.576692772418357e-11
79.9,-4.2136759765051664e-19,-1.5699999999950205,1.570000000012558,-1.5699999999842664,-1.5700000000000085,-5.368286564644041e-19,-3.251572344619484e-17,-8.925043017237168e-14,-1.0516233730337617e-13,-1.0856096565576489e-13,1.694701327465579e-14,-4.4396004388145704e-17,-0.007768166907706698,0.0077695853458809435,-9.79999597012932,-1.9043437618741085e-08,-4.192672426574748e-08,-9.727446257601595e-09,0.8000000024277109,7.910179848848662e-12,0.0,0.0,0.0,5.042666093191559e-11,2.6464548896092548e-11,3.2833993682958598,-3.2863867613860953,0.0029873930901759323,6.143443273658461e-14,7.688890056410787e-11
79.92,-3.950151665276556e-19,-1.5699999999950205,1.570000000012558,-1.5699999999842664,-1.5700000000000085,-4.530223980283012e-19,-5.094204382177039e-18,-8.922875382950345e-14,-1.0515420441863451e-13,-1.0866042140184093e-13,1.6922493779883433e-14,-3.533675179928532e-18,-0.0077683179207798814,0.007770299843549889,-9.79999705480859,5.7197157151588636e-09,-5.83592416907309e-08,-4.59940796356527e-08,0.8000000024605289,9.126107277035993e-12,0.0,0.0,0.0,5.2416448113598565e-11,3.0533565222897025e-11,3.283399368432429,-3.2863867615227873,0.0029873930902934334,6.62592200070688e-14,8.294770407259505e-11
79.94,-4.276811221761161e-19,-1.5699999999950205,1.570000000012558,-1.5699999999842664,-1.5700000000000085,-5.88952634368959e-19,9.752302173269385e-18,-8.924944088071474e-14,-1.0509155108432841e-13,-1.0872289049608019e-13,1.6940668573483032e-14,2.8331218041259936e-19,-0.007768510087774617,0.007771178246937271,-9.799998209593396,4.444785364527711e-08,-7.679536846210305e-08,-9.702477843858577e-08,0.8000000023114175,9.584970155595265e-12,0.0,0.0,0.0,5.057032899277396e-11,3.20696847032764e-11,3.2833993678211484,-3.28638676091095,0.0029873930897376067,6.601235900271254e-14,8.263770443215027e-11
79.96,-5.189649801471235e-19,-1.5699999999950205,1.570000000012558,-1.5699999999842664,-1.5700000000000085,-6.121237218767058e-19,-4.197954136777045e-18,-8.921682152974065e-14,-1.0501120119526029e-13,-1.0858112894756904e-13,1.6902066375969722e-14,-4.664425933208599e-18,-0.007768742634120894,0.007772221618475787,-9.79999935398542,1.0026082149235611e-07,-9.607418703580711e-08,-1.6462444953067267e-07,0.8000000020201595,9.35538037216372e-12,0.0,0.0,0.0,4.552020366097152e-11,3.1302398813395285e-11,3.2833993666254,-3.286386759714116,0.002987393088656145,6.137979886594083e-14,7.682029321046771e-11
79.98,-5.001555587894882e-19,-1.5699999999950205,1.570000000012558,-1.5699999999842664,-1.5700000000000085,-4.642573800729969e-19,-1.474169795407434e-16,-8.953118644447735e-14,-1.050828157636799e-13,-1.086866460513036e-13,1.6949996017578365e-14,2.797001513901104e-17,-0.007769009192976332,0.007773412283385942,-9.800000388481061,1.759994073246773e-07,-1.142977120258844e-07,-2.4954993674620806e-07,0.800000001652444,8.665436268080893e-12,0.0,0.0,0.0,3.862440894541417e-11,2.899480772712067e-11,3.283399365115142,-3.2863867582024864,0.002987393087292302,5.405089661645861e-14,6.761690740863704e-11
80.0,-2.4830792963939213e-19,-1.5699999999950205,1.570000000012558,-1.5699999999842664,-1.5700000000000085,-4.892570844689105e-19,4.8715168123015726e-17,-8.926486626291644e-14,-1.0510337388899905e-13,-1.0866425613832165e-13,1.690161501144371e-14,1.1633220177863647e-17,-0.007769295538050588,0.007774708013242018,-9.800001224860774,2.7379890303741617e-07,-1.2867568856574298e-07,-3.5085150463254366e-07,0.800000001265318,7.735677333218518e-12,0.0,0.0,0.0,3.109889763915003e-11,2.5884744827970412e-11,3.283399363524848,-3.286386756610749,0.0029873930858572363,4.5587055553877914e-14,5.6981333203224053e-11
80.02,-3.903505611657998e-19,-1.5699999999950205,1.570000000012558,-1.5699999999842664,-1.5700000000000085,-3.2122582373347254e-19,-4.844108798243327e-17,-8.938717190427563e-14,-1.0508394533100514e-13,-1.087205401737267e-13,1.6943252335651073e-14,1.3496256269120022e-17,-0.007769577480092553,0.007776031399502887,-9.800001794979348,3.94260717672518e-07,-1.3540369108681535e-07,-4.65105488793376e-07,0.8000000008992968,6.7268076312376425e-12,0.0,0.0,0.0,2.377408617961329e-11,2.2509871199238365e-11,3.2833993620210515,-3.2863867551055876,0.002987393084500941,3.706105905043988e-14,4.628164811495661e-11
80.04,-2.761212105765496e-19,-1.5699999999950205,1.570000000012558,-1.5699999999842664,-1.5700000000000085,-4.2283074354252e-19,3.543344328802988e-17,-8.907783031008173e-14,-1.0512814906566589e-13,-1.0871175739018108e-13,1.691751073281351e-14,1.3547757842683152e-17,-0.007769818760371845,0.007777251171061748,-9.800002012642084,5.351385548142377e-07,-1.2958212252814796e-07,-5.855360265340383e-07,0.8000000005820558,5.7482367779059084e-12,0.0,0.0,0.0,1.7166373306279688e-11,1.9236244852261135e-11,3.283399360717508,-3.2863867538008606,0.002987393083325933,2.9197835477773894e-14,3.640030889464696e-11
80.06,-2.167936089938455e-19,-1.5699999999950205,1.570000000012558,-1.5699999999842664,-1.5700000000000085,-2.483460817501038e-19,-1.3327196328284104e-16,-8.961613573431388e-14,-1.0509478917732747e-13,-1.0872585932432773e-13,1.694510380505368e-14,-2.328859432371417e-17,-0.007769968331871559,0.007778162183955495,-9.800001730296708,6.898756232954482e-07,-1.0518256790824086e-07,-7.009837874573789e-07,0.8000000003319744,4.867697062003628e-12,0.0,0.0,0.0,1.154932818239955e-11,1.6290491647334262e-11,3.2833993596897546,-3.286386752772175,0.002987393082400382,2.2379050164963824e-14,2.783751056584089e-11
80.08,-1.661519220845268e-19,-1.5699999999950205,1.570000000012558,-1.5699999999842664,-1.5700000000000085,-1.90310148181404e-19,1.4723269389300583e-16,-8.927010820429493e-14,-1.0512747132527082e-13,-1.0865299933124515e-13,1.6980671091882384e-14,-5.522749316313144e-17,-0.007769957422860948,0.007778470438527354,-9.80000072343744,8.461881699972681e-07,-5.511481122938693e-08,-7.947572641376529e-07,0.8000000001612356,4.120766029676903e-12,0.0,0.0,0.0,7.018884573615174e-12,1.37916611292056e-11,3.283399358987849,-3.2863867520696335,0.0029873930817695933,1.6781451186720596e-14,2.0808236438928535e-11
80.1,1.0696107599506689e-19,-1.5699999999950205,1.570000000012558,-1.5699999999842664,-1.5700000000000085,-2.8886546533103713e-19,-1.6614354088484726e-17,-8.924756783476934e-14,-1.051240826232951e-13,-1.0872363270314727e-13,1.6939670149524506e-14,2.089579956144932e-17,-0.007769697571595,0.007777783549203901,-9.799998691603902,9.846198823803188e-07,2.851905375774793e-08,-8.435108068795368e-07,0.8000000000782813,3.5195428253085967e-12,0.0,0.0,0.0,3.5493512542790985e-12,1.1780252170094237e-11,3.2833993586464576,-3.286386751727933,0.00298739308146509,1.2416830268027163e-14,1.532729416048148e-11
80.12,1.3075291600984228e-19,-1.5699999999950205,1.570000000012558,-1.5699999999842664,-1.5700000000000085,-2.723087403596757e-19,2.15413272217026e-16,-8.907888891790948e-14,-1.0511557321611173e-13,-1.0879203945386852e-13,1.6960721838421263e-14,-1.5740669515886725e-17,-0.007769080592321429,0.007775608044487354,-9.799995267351308,1.0771075192832697e-06,1.5390320909751855e-07,-8.163460323129443e-07,0.8000000000894888,3.060081336501295e-12,0.0,0.0,0.0,1.0390188055203888e-12,1.0243080171167052e-11,3.2833993586917476,-3.2863867517732652,0.0029873930815108103,9.19369422986135e-15,1.1279789712795659e-11
80.14,-1.213299568625618e-18,-1.5699999999950205,1.570000000012558,-1.5699999999842664,-1.5700000000000085,-5.461250291483139e-20,-2.851604727744175e-16,-8.952377920807899e-14,-1.051368843863144e-13,-1.0871509732195325e-13,1.6949830225618345e-14,-7.825837704217482e-18,-0.0077679813272785656,0.007771357438713035,-9.799990036141162,1.0857623984416282e-06,3.2864345269624333e-07,-6.74384807909693e-07,0.8000000001999729,2.728453729512752e-12,0.0,0.0,0.0,-6.544444934422785e-13,9.134273243499005e-12,3.283399359144691,-3.2863867522266217,0.0029873930819264006,7.408470447837855e-15,8.47716421479673e-12
80.16,-2.1861971810731823e-19,-1.5699999999950205,1.570000000012558,-1.5699999999842664,-1.5700000000000085,5.518919682780435e-20,3.9410859792663117e-17,-8.931399547620744e-14,-1.0512167287966791e-13,-1.0872474601373573e-13,1.6940212132579382e-14,-6.651750681522081e-19,-0.007766264229422055,0.007764375982794166,-9.79998257072806,9.62157590375546e-07,5.584820326124954e-07,-3.7113422411094637e-07,0.8000000004134464,2.505454230118527e-12,0.0,0.0,0.0,-1.6879623329352187e-12,8.38745636735319e-12,3.2833993600204954,-3.2863867531032245,0.002987393082724878,5.544443357210578e-15,6.697184770525379e-12
80.18,-3.2432308088209174e-19,-1.5699999999950205,1.570000000012558,-1.5699999999842664,-1.5700000000000085,9.860326593653485e-20,5.197705506895458e-17,-8.920686598066412e-14,-1.0515887329691211e-13,-1.0861935261117657e-13,1.6935163092771603e-14,-1.3291888412865817e-17,-0.007763794976795305,0.007753983860324555,-9.799972484024915,6.475067465757364e-07,8.455225159313675e-07,1.4596093263313363e-07,0.8000000007310906,2.3700382476691998e-12,0.0,0.0,0.0,-2.2151934743064236e-12,7.934362939038363e-12,3.2833993613239776,-3.286386754407892,0.0029873930839119413,4.763784684648221e-15,5.716860200838456e-12
80.2,-1.4944270810008457e-19,-1.5699999999950205,1.570000000012558,-1.5699999999842664,-1.5700000000000085,1.1658393694290231e-19,4.126153446130259e-17,-8.917613821743179e-14,-1.0513914352096469e-13,-1.0868182170541571e-13,1.7000119729277535e-14,-3.4874265032191573e-17,-0.007760458402571993,0.007739550186057663,-9.799959504468159,7.422184345578156e-08,1.1859163389320917e-06,9.323130796805432e-07,0.8000000011494003,2.30167279368002e-12,0.0,0.0,0.0,-2.375359114212358e-12,7.705593256265811e-12,3.283399363040719,-3.286386756126196,0.0029873930854743486,4.45406508562091e-15,5.327924878158772e-12
80.22,4.193574666721807e-21,-1.5699999999950205,1.570000000012558,-1.5699999999842664,-1.5700000000000085,1.9941414394667482e-20,-6.361560524164076e-17,-8.93207336983206e-14,-1.0516881348937393e-13,-1.0861823930058337e-13,1.6912302273526806e-14,3.10631278896176e-18,-0.007756183983916003,0.007720600267245326,-9.79994357739053,-8.305657375839903e-07,1.567001916804347e-06,2.0408171878224688e-06,0.8000000016570058,2.2818028175393554e-12,0.0,0.0,0.0,-2.2872372899580337e-12,7.639073434894775e-12,3.283399365124028,-3.2863867582114006,0.002987393087369818,4.471267338373832e-15,5.349526881040596e-12
80.24,-4.272618000058079e-19,-1.5699999999950205,1.570000000012558,-1.5699999999842664,-1.5700000000000085,-3.2598993366556903e-20,7.485325972127989e-17,-8.934775762776012e-14,-1.0517604272025527e-13,-1.0864335063945237e-13,1.6939539568137185e-14,6.5803872929923775e-18,-0.007750979904696098,0.007696962924410827,-9.799924994618134,-2.138857819805799e-06,1.963949763617766e-06,3.5137725903839393e-06,0.8000000022305209,2.2946320362993844e-12,0.0,0.0,0.0,-2.0469536568550682e-12,7.681957655317e-12,3.2833993674778967,-3.2863867605674106,0.0029873930895111638,4.691210358189764e-15,5.6326947345641205e-12
80.26,-5.238778853737583e-19,-1.5699999999950205,1.570000000012558,-1.5699999999842664,-1.5700000000000085,-6.0535725374754824e-21,-1.153867173134311e-16,-8.93052541999169e-14,-1.051491590179146e-13,-1.086882541665958e-13,1.6944093716300334e-14,-2.4541155694049277e-17,-0.007744976216945778,0.0076689618955057106,-9.7999045521857,-3.912312943815001e-06,2.336058177314864e-06,5.3716068599186224e-06,0.8000000028295549,2.327401690954468e-12,0.0,0.0,0.0,-1.7283845734619606e-12,7.791561188451765e-12,3.283399369936532,-3.286386763028283,0.00298739309174767,5.032175663933901e-15,6.060867351090254e-12
80.28,-1.9098851207431365e-19,-1.5699999999950205,1.570000000012558,-1.5699999999842664,-1.5700000000000085,-1.1723264181064036e-20,-2.007038278069e-17,-8.925972479225793e-14,-1.0514637275184553e-13,-1.088050280774069e-13,1.6910413217425712e-14,6.61777088713375e-18,-0.007738476790042708,0.007637652071905008,-9.799883732437024,-6.188763556859566e-06,2.6229681900439027e-06,7.598030645733686e-06,0.8000000033911424,2.3703256462881873e-12,0.0,0.0,0.0,-1.3852032225075702e-12,7.935143635345192e-12,3.283399372241493,-3.286386765335341,0.002987393093844291,5.425349809463063e-15,6.547631148936438e-12
80.3,-5.532781171200384e-20,-1.5699999999950205,1.570000000012558,-1.5699999999842664,-1.5700000000000085,-1.5202517570842886e-19,1.2228234167091435e-16,-8.912771025098472e-14,-1.0519637493210893e-13,-1.0860920911467029e-13,1.6973264134205913e-14,-1.3442970664077247e-17,-0.007732018505777894,0.007605095957818509,-9.799864901646256,-8.964173710878538e-06,2.7412267114593173e-06,1.012148980905666e-05,0.8000000038240332,2.4163105431440853e-12,0.0,0.0,0.0,-1.0538151078239151e-12,8.08897297704874e-12,3.283399374018256,-3.2863867671137204,0.0029873930954603333,5.8117414467552855e-15,7.032848605322378e-12
80.32,5.0704166369723375e-20,-1.5699999999950205,1.570000000012558,-1.5699999999842664,-1.5700000000000085,-2.308366886152416e-19,1.3302928950829101e-17,-8.927349682738157e-14,-1.0519193196729613e-13,-1.0862850649823241e-13,1.6930527398780064e-14,4.1525705808558465e-18,-0.007726434431746323,0.007574668090734071,-9.799851507373189,-1.2169746120690608e-05,2.5818232418067675e-06,1.2793166252179396e-05,0.8000000040035007,2.4605600092404715e-12,0.0,0.0,0.0,-7.566280832485698e-13,8.237001666108825e-12,3.2833993747549033,-3.2863867678510377,0.002987393096130073,6.166278626421139e-15,7.478064318957279e-12
80.34,-9.784732196743214e-20,-1.5699999999950205,1.570000000012558,-1.5699999999842664,-1.5700000000000085,-3.36052730948915e-19,-1.5396307561877153e-17,-8.932025419857817e-14,-1.0516662965921078e-13,-1.0863555746530433e-13,1.6920516697457928e-14,-1.7715199331188634e-17,-0.007722915257533873,0.007551365441981358,-9.7998482506738,-1.5644332989151516e-05,2.009553096272577e-06,1.5362350673641888e-05,0.8000000037676139,2.500135640665458e-12,0.0,0.0,0.0,-5.052741387705228e-13,8.369398028181752e-12,3.2833993737868257,-3.2863867668820794,0.0029873930952488427,6.471869258485779e-15,7.861814625508922e-12
80.36,2.121447142369519e-20,-1.5699999999950205,1.570000000012558,-1.5699999999842664,-1.5700000000000085,-2.2338174546199507e-19,1.2837877008303409e-17,-8.927674929754186e-14,-1.0514592092491485e-13,-1.0871472621839803e-13,1.6917480922718652e-14,3.2498339948051076e-17,-0.007723060144655295,0.0075420889618981295,-9.79986119734379,-1.910298160184619e-05,8.653072685880812e-07,1.7450805865096283e-05,0.8000000029162461,2.533525879880145e-12,0.0,0.0,0.0,-3.035412603230064e-13,8.48110402829941e-12,3.2833993702926514,-3.2863867633847255,0.0029873930920693275,6.721469019875045e-15,8.175253504076548e-12
80.38,5.572976946403107e-20,-1.5699999999950205,1.570000000012558,-1.5699999999842664,-1.5700000000000085,-3.824261259066137e-20,1.779670646788182e-17,-8.92928353933349e-14,-1.0513055880929172e-13,-1.0872140608193792e-13,1.6868472715393023e-14,3.27058531359663e-17,-0.007728904621266087,0.007555844563120848,-9.799897780272051,-2.2103395626109416e-05,-1.0273628156424796e-06,1.8528776321812163e-05,0.8000000012144544,2.560260962977927e-12,0.0,0.0,0.0,-1.4985629426356e-13,8.570547123138528e-12,3.2833993633081158,-3.2863867563938345,0.0029873930857141923,6.915078396540921e-15,8.418381564980018e-12
80.4,4.9497346996741135e-20,-1.5699999999950205,1.570000000012558,-1.5699999999842664,-1.5700000000000085,8.298831853798524e-20,1.8464213049603668e-17,-8.932592163133287e-14,-1.051331944663839e-13,-1.0875591871023748e-13,1.6913407625219602e-14,1.9446236935592345e-17,-0.007742909288654883,0.007603792592087397,-9.799966631992872,-2.4013348991692213e-05,-3.849838198075756e-06,1.7896577164169596e-05,0.7999999984022287,2.580591301377506e-12,0.0,0.0,0.0,-3.926820907721139e-14,8.638564305805492e-12,3.283399351766072,-3.28638674484129,0.0029873930752124926,7.057306547216269e-15,8.596986832841444e-12
80.42,-2.606651378443161e-20,-1.5699999999950205,1.570000000012558,-1.5699999999842664,-1.5700000000000085,9.548900837344224e-20,5.2483896617081735e-18,-8.928649808390995e-14,-1.0513281794394209e-13,-1.0876383558554482e-13,1.6895237583968663e-14,-1.5333560041371358e-17,-0.007767888950896718,0.007699054708170487,-9.800077173553406,-2.3983666896567826e-05,-7.768469940558445e-06,1.4677190677856857e-05,0.7999999942129242,2.595212732889607e-12,0.0,0.0,0.0,3.495329867965128e-14,8.687482928491864e-12,3.2833993345721453,-3.286386727631719,0.0029873930595685017,7.15536632525155e-15,8.720126963296767e-12
80.44,-9.71765350014662e-20,-1.5699999999950205,1.570000000012558,-1.5699999999842664,-1.5700000000000085,1.3697926744176492e-19,1.953495058933554e-18,-8.930123073557257e-14,-1.0512265183801501e-13,-1.08737610936082e-13,1.6897355184556987e-14,3.702375785781831e-17,-0.0078068577874673105,0.007856166843251166,-9.8002388749002,-2.093327133284341e-05,-1.290533655329813e-05,7.826951912837052e-06,0.7999999884028995,2.6050361956000007e-12,0.0,0.0,0.0,8.006207829817837e-14,8.720350124011762e-12,3.283399310726371,-3.286386703764249,0.002987393037872394,7.217460678122906e-15,8.798102938451962e-12
80.46,-2.2199487229686353e-19,-1.5699999999950205,1.570000000012558,-1.5699999999842664,-1.5700000000000085,-7.765373244196207e-20,-1.3949696278075578e-17,-8.931888490768709e-14,-1.0511843478666744e-13,-1.0872264309369954e-13,1.691084168433842e-14,3.0223183015873764e-18,-0.007862763039272738,0.008090048955588788,-9.800460095707074,-1.3554910802873363e-05,-1.929819442386844e-05,-3.826902671962368e-06,0.7999999807948974,2.611029364894487e-12,0.0,0.0,0.0,1.0302491752370415e-13,8.740402975520918e-12,3.283399279501244,-3.2863866725107114,0.0029873930094622384,7.251715221074815e-15,8.841118629208603e-12
80.48,-2.05050540061552e-19,-1.5699999999950205,1.570000000012558,-1.5699999999842664,-1.5700000000000085,-2.6885388714688023e-20,-3.528282067953695e-17,-8.929691103349347e-14,-1.0515593642186513e-13,-1.0863852629353573e-13,1.691338418754081e-14,-3.2017789568088077e-17,-0.007938078228258183,0.008414350489477786,-9.800746417186936,-3.5242326328532147e-07,-2.684859419495019e-05,-2.1511508366717237e-05,0.7999999713373993,2.614128757270436e-12,0.0,0.0,0.0,1.101144156900468e-13,8.750774435522556e-12,3.2833992406853194,-3.2863866336594705,0.002987392974145643,7.265619846563742e-15,8.858579587403881e-12
80.5,-2.0647617368494534e-19,-1.5699999999950205,1.570000000012558,-1.5699999999842664,-1.5700000000000085,-9.150576785855916e-20,-1.0788022695920986e-18,-8.92385247151317e-14,-1.0513726090875464e-13,-1.0871583952898093e-13,1.689862827228861e-14,3.0137315608223416e-17,-0.008034228307870733,0.008839029727657108,-9.801098389166523,2.0277501564067222e-05,-3.525804399913808e-05,-4.638504038373853e-05,0.799999960181438,2.6151914052008253e-12,0.0,0.0,0.0,1.0672818829058089e-13,8.754331631372452e-12,3.283399194898476,-3.286386587830968,0.002987392932486592,7.265755990392333e-15,8.858750555886518e-12
80.52,-1.270083454872329e-19,-1.5699999999950205,1.570000000012558,-1.5699999999842664,-1.5700000000000085,3.2881700187865555e-20,1.1650121335703308e-17,-8.92410407952512e-14,-1.0515699068470205e-13,-1.0868738825833775e-13,1.6896340775457476e-14,1.3941533756322233e-17,-0.008150824752231906,0.009367041862236315,-9.801508647610639,4.990441751160175e-05,-4.395353105098696e-05,-7.935304789542738e-05,0.7999999477750007,2.6149544489942377e-12,0.0,0.0,0.0,9.726310031402537e-14,8.75354065527533e-12,3.283399143979365,-3.2863865368655283,0.0029873928861579723,7.257588809033971e-15,8.848494491848651e-12
80.54,-1.376850747281982e-19,-1.5699999999950205,1.570000000012558,-1.5699999999842664,-1.5700000000000085,1.108310488798298e-19,-5.2151566320828065e-18,-8.928275867571198e-14,-1.0516248791235173e-13,-1.0855997604632701e-13,1.692516664852609e-14,-3.367088311002678e-18,-0.008284700098799357,0.00999005223763101,-9.80195841159444,8.984865153875662e-05,-5.200577936412796e-05,-0.00012081372232440501,0.7999999349730301,2.6139989163501434e-12,0.0,0.0,0.0,8.501812261460373e-14,8.750345363359575e-12,3.2833990914368862,-3.286386484275244,0.00298739283835234,7.24529330605294e-15,8.83305422227043e-12
80.56,-1.8412969291922968e-19,-1.5699999999950205,1.570000000012558,-1.5699999999842664,-1.5700000000000085,1.032815386907943e-19,1.7177236606932265e-18,-8.930559819357855e-14,-1.051017171902544e-13,-1.0873884794785453e-13,1.6915943107913746e-14,-6.752054954798256e-18,-0.008428750717728651,0.010683166596448404,-9.802413451516447,0.00014087655944464703,-5.8046419908645615e-05,-0.00017032426778345325,0.7999999231579608,2.612743183190196e-12,0.0,0.0,0.0,7.224570087964844e-14,8.746145479257275e-12,3.283399042944895,-3.2863864357391326,0.0029873927942320366,7.231777801913876e-15,8.81608191646728e-12
80.58,-3.29288564981994e-19,-1.5699999999950205,1.570000000012558,-1.5699999999842664,-1.5700000000000085,-1.9684767357335622e-20,-2.4572489512141465e-17,-8.924428722852986e-14,-1.0515224650193665e-13,-1.0862207403703857e-13,1.6921836228545187e-14,-1.449889624570282e-17,-0.008570625514834845,0.011398788722752474,-9.802819737993442,0.00020279475752890363,-6.019383914521808e-05,-0.00022618604346593988,0.7999999143615798,2.6114665206431577e-12,0.0,0.0,0.0,6.03454574401936e-14,8.741875358577768e-12,3.283399006842354,-3.2863863996037432,0.002987392761384243,7.218900906202577e-15,8.79991155237371e-12
80.6,-4.195813468880749e-19,-1.5699999999950205,1.570000000012558,-1.5699999999842664,-1.5700000000000085,-1.442775132233119e-19,-2.3650844989957158e-17,-8.923325830286081e-14,-1.0506165520245333e-13,-1.0859733380169997e-13,1.694239486190411e-14,-4.595237691224405e-17,-0.008691338680443557,0.012059886951127342,-9.8030991383099,0.00027393766511299856,-5.600184469908886e-05,-0.0002849550179808709,0.7999999113736931,2.6103370171642512e-12,0.0,0.0,0.0,5.006749105436206e-14,8.738097393931101e-12,3.2833989945793203,-3.2863863873295522,0.002987392750226767,7.202156677119033e-15,8.785855621349837e-12
80.62,-5.979614248969208e-19,-1.5699999999950205,1.570000000012558,-1.5699999999842664,-1.5700000000000085,-1.9395352380900988e-19,-1.3289607825833808e-17,-8.91162169177323e-14,-1.0482158449359829e-13,-1.082489912880828e-13,1.6904941435160792e-14,8.152968583055341e-18,-0.00876393775484165,0.012553182712053846,-9.803145730520017,0.0003505529091455445,-4.245032614275257e-05,-0.0003408970814207998,0.7999999178166008,2.6094186697060373e-12,0.0,0.0,0.0,4.160107286047847e-14,8.73529218170832e-12,3.2833990210226176,-3.2863864137969094,0.002987392774286862,6.998679584616997e-15,8.774317537416034e-12
80.64,-3.2975106719329274e-19,-1.5699999999950205,1.570000000012558,-1.5699999999842664,-1.5700000000000085,-2.2739083959362173e-19,6.7671331131966034e-18,-8.922408830116789e-14,-1.0511173268720585e-13,-1.0867922398068676e-13,1.6923851653744162e-14,1.808186815002903e-17,-0.008752424251637999,0.01272307004026611,-9.80282354300589,0.00042610441513082046,-1.6002574770207452e-05,-0.0003854256030066286,0.799999938156938,2.6086606080186835e-12,0.0,0.0,0.0,3.456801843814081e-14,8.732490192058987e-12,3.2833991045044293,-3.2863864973546764,0.0029873928502418892,7.190899989267594e-15,8.764748946784187e-12
80.66,-3.4669287635240747e-19,-1.5699999999950205,1.570000000012558,-1.5699999999842664,-1.5700000000000085,-2.8800537735048763e-19,2.4870987833767214e-17,-8.927949014317519e-14,-1.0509697300748983e-13,-1.0866215321830299e-13,1.6904334647426196e-14,3.8075469783826914e-17,-0.008611202642343595,0.012367433947624866,-9.80196678121029,0.0004905342812612915,2.724057568994877e-05,-0.0004065817711657637,0.7999999776183708,2.607900591007834e-12,0.0,0.0,0.0,2.808250817221873e-14,8.729947992385664e-12,3.283399266463982,-3.286386659461588,0.0029873929976004126,7.17815987776985e-15,8.755721236731035e-12
80.68,-2.905977331594571e-19,-1.5699999999950205,1.570000000012558,-1.5699999999842664,-1.5700000000000085,-3.14019099089862e-19,1.08543745525484e-17,-8.926351745424963e-14,-1.0512596523550409e-13,-1.086057454817245e-13,1.6876258888398268e-14,-6.2290465412617234e-18,-0.00828542331690121,0.011236953680739521,-9.80038389464072,0.0005295528967659497,9.125494458509422e-05,-0.00038864671957699226,0.8000000419506453,2.606883924003997e-12,0.0,0.0,0.0,2.0880860356160202e-14,8.726546996111494e-12,3.2833995304996666,-3.2863869237375045,0.002987393237832662,7.175267840535063e-15,8.745118592455108e-12
80.7,-2.7454446033416577e-19,-1.5699999999950205,1.570000000012558,-1.5699999999842664,-1.5700000000000085,-3.916586393825264e-19,-1.8921019460297397e-17,-8.926502300587318e-14,-1.0511579912957713e-13,-1.086657405524307e-13,1.695032727744959e-14,-9.466459321216333e-18,-0.00771267833257741,0.009039931328462442,-9.797867145987082,0.0005240623337873747,0.00017963780828789274,-0.00031200768998947793,0.8000001370035883,2.6052779515538144e-12,0.0,0.0,0.0,1.1420421934531348e-14,8.721174212878345e-12,3.2833999206206292,-3.286387314213418,0.0029873935927833073,7.163455774318508e-15,8.73028537052595e-12
80.72,-9.074752599690588e-20,-1.5699999999950205,1.570000000012558,-1.5699999999842664,-1.5700000000000085,-3.081629195900979e-19,1.9778175526283065e-17,-8.92344781812839e-14,-1.0517566619781457e-13,-1.086038899640753e-13,1.692682629606216e-14,1.3239792047974649e-17,-0.0068265935853258535,0.005455132204968729,-9.794209576086313,0.00044985980599509997,0.0002949456446880107,-0.0001534370879386708,0.8000002680503445,2.602684615629483e-12,0.0,0.0,0.0,-2.0402051170946124e-15,8.712497807192902e-12,3.2834004584691696,-3.2863878525513184,0.002987394082143544,7.14582749742792e-15,8.708148337410604e-12
80.74,-6.737657073262561e-20,-1.5699999999950205,1.570000000012558,-1.5699999999842664,-1.5700000000000085,-3.3359890698588253e-19,-1.1833951530040805e-17,-8.92357372993559e-14,-1.0517483784844262e-13,-1.0860438476878319e-13,1.6955195188202748e-14,-1.771044145131313e-17,-0.005562926327130682,0.00015550658037319143,-9.789231366221356,0.0002778147341673523,0.00043779193050396716,0.00011301957728287555,0.8000004388043976,2.5986590544591833e-12,0.0,0.0,0.0,-2.13372088914046e-14,8.699029322065775e-12,3.2834011592863486,-3.2863885540061344,0.002987394719780421,7.119735507042386e-15,8.675382848016274e-12
80.76,-6.190953700786876e-20,-1.5699999999950205,1.570000000012558,-1.5699999999842664,-1.5700000000000085,-3.472637030997277e-19,-1.5437920929540532e-17,-8.929340878792833e-14,-1.0513040820031687e-13,-1.0864186622532673e-13,1.692678374098976e-14,-3.199510719021928e-17,-0.0038688047920075875,-0.007154094963536746,-9.782817543476892,-2.5238005217000088e-05,0.0006056837884489858,0.0005143175966560903,0.8000006500822574,2.592737499206989e-12,0.0,0.0,0.0,-4.825688468804647e-14,8.679217011685777e-12,3.283402026423326,-3.286389421932074,0.002987395508742985,7.082521631966546e-15,8.628650861229767e-12
80.78,-1.153874401680383e-19,-1.5699999999950205,1.570000000012558,-1.5699999999842664,-1.5700000000000085,-4.0022972651864103e-19,2.473889208372233e-17,-8.924943581405883e-14,-1.0518304603767263e-13,-1.086949340301365e-13,1.6910955740490393e-14,2.566839924843464e-17,-0.001715709887766832,-0.0166821114335744,-9.774968648803252,-0.0004946000204385118,0.0007915971640454529,0.001075596335285597,0.8000008980811741,2.5844794590515664e-12,0.0,0.0,0.0,-8.433247585516109e-14,8.651586981563054e-12,3.283403044272668,-3.286390440707504,0.0029873964348308547,7.031791206921449e-15,8.564945239224062e-12
80.8,-1.0449385699838435e-19,-1.5699999999950205,1.570000000012558,-1.5699999999842664,-1.5700000000000085,-4.971044951312051e-19,-4.149130528135313e-17,-8.930323217272005e-14,-1.0514629744735849e-13,-1.086971606513179e-13,1.695784904742431e-14,-4.1101429786027347e-17,0.0008833343366088137,-0.028475672459622146,-9.765865269734029,-0.0011644823650095405,0.0009823227844529153,0.0018160148181467011,0.8000011722723311,2.573529521765471e-12,0.0,0.0,0.0,-1.3056558623562494e-13,8.614949961118255e-12,3.2834041696214875,-3.2863915670802193,0.0029873974587268886,6.9657995772552545e-15,8.482075107607323e-12
80.82,-7.735643153842998e-20,-1.5699999999950205,1.570000000012558,-1.5699999999842664,-1.5700000000000085,-5.302474593354205e-19,3.349269094966388e-18,-8.92561384617705e-14,-1.0515284893784485e-13,-1.0868701715482815e-13,1.6921364882526815e-14,2.0151477523419185e-17,0.0038521609586225536,-0.042324488408223525,-9.75594610762054,-0.0020631105377290782,0.0011566618989553045,0.002743007622158296,0.8000014529583802,2.5597028912137483e-12,0.0,0.0,0.0,-1.870581378931928e-13,8.568687499168692e-12,3.283405321626958,-3.286392720133839,0.002987398506876435,6.8839730853289715e-15,8.379320093189977e-12
80.84,6.351341408080404e-20,-1.5699999999950205,1.570000000012558,-1.5699999999842664,-1.5700000000000085,-4.433867480992994e-19,-6.1591207094339e-18,-8.930760750022008e-14,-1.0511233512311325e-13,-1.0871163368899433e-13,1.6906536170031906e-14,-2.395993264190909e-17,0.007025690899956081,-0.057643238887328495,-9.745997369476633,-0.003205841907322037,0.0012836137940110913,0.0038447971922290036,0.8000017086135519,2.5430969349166404e-12,0.0,0.0,0.0,-2.5254664736426683e-13,8.51312518824851e-12,3.2834063708994656,-3.286393770361025,0.0029873994615546603,6.787577146603734e-15,8.258269272060755e-12
80.86,1.3504853532231461e-19,-1.5699999999950205,1.570000000012558,-1.5699999999842664,-1.5700000000000085,-3.9032974062023297e-19,-2.6134196530775442e-17,-8.929548611714309e-14,-1.0513560421001305e-13,-1.0862491916411984e-13,1.6925576754016577e-14,-3.292300193838744e-17,0.010120890150017691,-0.07333516736003402,-9.737248620339384,-0.004586046174998244,0.0013207775096187263,0.005081125445595083,0.8000018932179205,2.5242293853633308e-12,0.0,0.0,0.0,-3.238401379896341e-13,8.449995072334281e-12,3.2834071285617683,-3.2863945287126852,0.002987400150912051,6.680532082024103e-15,8.123845664988284e-12
80.88,-1.6140572377960373e-20,-1.5699999999950205,1.570000000012558,-1.5699999999842664,-1.5700000000000085,-4.08061710365449e-19,-1.6689268000352004e-17,-8.930965000964601e-14,-1.0511466956225217e-13,-1.0873352879727328e-13,1.6945812768139252e-14,-1.4915824304914754e-17,0.012706260681586003,-0.08764345780902892,-9.731466702847843,-0.006163640225739064,0.0012132877362822734,0.006372369805570247,0.8000019439164605,2.504202174599058e-12,0.0,0.0,0.0,-3.9517722980773245e-13,8.382983826047287e-12,3.2834073366411793,-3.2863947369814173,0.0029874003402327615,6.570361613676427e-15,7.98549732673685e-12
80.9,-1.2982168950398755e-19,-1.5699999999950205,1.570000000012558,-1.5699999999842664,-1.5700000000000085,-5.168106398626435e-19,-4.302901710065811e-17,-8.927044723909099e-14,-1.0513515238308301e-13,-1.0871522102312065e-13,1.6947957802700884e-14,-4.2252698798880925e-17,0.01417286651964787,-0.09800217708336952,-9.731034879271162,-0.007851401766627608,0.0008937168969226328,0.0075875035131054095,0.8000017794777368,2.4848857410001363e-12,0.0,0.0,0.0,-4.57537750115888e-13,8.318349439992093e-12,3.2834066617436495,-3.2863940614698337,0.002987399726178994,6.4692321303333955e-15,7.85850242084817e-12
80.92,-4.91403893776024e-21,-1.5699999999950205,1.570000000012558,-1.5699999999842664,-1.5700000000000085,-3.824489476711402e-19,5.745910556464545e-19,-8.926336825737083e-14,-1.0516512356944585e-13,-1.0861514677116169e-13,1.6927073741882055e-14,-2.7254211619551778e-17,0.013711382589700758,-0.10090521045507736,-9.738999019323922,-0.009499533937811437,0.00028349597697436955,0.008531761975928705,0.8000013001924482,2.46911179300298e-12,0.0,0.0,0.0,-4.979703007624889e-13,8.265566213208844e-12,3.283404694637364,-3.286392092573781,0.002987397936412132,6.395001788315727e-15,7.765286644801819e-12
80.94,-1.0359335075763251e-20,-1.5699999999950205,1.570000000012558,-1.5699999999842664,-1.5700000000000085,-3.8315576631762744e-19,-2.0458568588362406e-17,-8.926677035559437e-14,-1.0514787884161397e-13,-1.0868256391247033e-13,1.69505104586339e-14,-2.879299591325606e-17,0.010301409121449034,-0.09181966916125074,-9.759056620381916,-0.01087943620942433,-0.0007034745699547296,0.008935395637721298,0.8000003900297095,2.4608538663069984e-12,0.0,0.0,0.0,-4.99029928869993e-13,8.237928917015288e-12,3.283400959102661,-3.286388353640311,0.002987394537644817,6.372149421724081e-15,7.73658972312802e-12
80.96,-3.998121451926875e-20,-1.5699999999950205,1.570000000012558,-1.5699999999842664,-1.5700000000000085,-5.722240684707042e-19,1.9791710490795292e-17,-8.935600948658574e-14,-1.0512852558810845e-13,-1.0867105970303648e-13,1.6928839129087732e-14,2.5665795039912667e-18,0.002721249060482575,-0.06517948548822336,-9.795458067049488,-0.011668270514087847,-0.0021542514237648364,0.00844552573267309,0.7999989220435271,2.465365618097045e-12,0.0,0.0,0.0,-4.384590508728076e-13,8.253015566740164e-12,3.2833949341215565,-3.286382323177391,0.0029873890558300333,6.4323971500842715e-15,7.812247255087537e-12
80.98,-7.374039187217592e-20,-1.5699999999950205,1.570000000012558,-1.5699999999842664,-1.5700000000000085,-5.212247565949486e-19,-1.389462916833143e-17,-8.931988648865245e-14,-1.0515985225526153e-13,-1.0866264802302064e-13,1.6919323751448925e-14,2.488394371086225e-18,-0.010411633181597898,-0.014504838499577415,-9.852783421482563,-0.01143670050825093,-0.0041464792202186036,0.006623858201140623,0.7999967681698061,2.4892368342120736e-12,0.0,0.0,0.0,-2.8928877136209513e-13,8.332874887950083e-12,3.283386094087102,-3.2863734750998517,0.002987381012745497,6.6147789823766004e-15,8.041276862025488e-12
81.0,-1.1392578414506606e-19,-1.5699999999950205,1.570000000012558,-1.5699999999842664,-1.5700000000000085,-5.353738529878654e-19,-3.1040157051695257e-18,-8.927886478836825e-14,-1.0516173486747033e-13,-1.0870235610074524e-13,1.691984240482015e-14,-4.741942608455161e-18,-0.030557382203391017,0.0672971839550777,-9.935553098575015,-0.009643114137230992,-0.006733401773355756,0.002953818037185446,0.7999938146419605,2.5403202221050233e-12,0.0,0.0,0.0,-2.055677535625119e-14,8.503781464780603e-12,3.2833739720728894,-3.2863613420564537,0.002987369983559264,6.964874162325421e-15,8.480915443387435e-12
81.02,-2.0552458877191078e-19,-1.5699999999950205,1.570000000012558,-1.5699999999842664,-1.5700000000000085,-5.493129439154527e-19,-4.365110355481671e-17,-8.931490898362015e-14,-1.0513146246315413e-13,-1.0868590384424285e-13,1.6949520891327226e-14,-3.87477448408486e-17,-0.05911425858330859,0.18738699784594656,-10.047628298778019,-0.0056386786787934046,-0.009923547825706132,-0.0031385215866917004,0.7999899842361908,2.6274630495731267e-12,0.0,0.0,0.0,4.010904489768703e-13,8.795337941585348e-12,3.283358251133216,-3.28634560681312,0.0029873556798989736,7.532816340582335e-15,9.194119155582055e-12
81.04,-2.2436512745156593e-19,-1.5699999999950205,1.570000000012558,-1.5699999999842664,-1.5700000000000085,-5.950502548735303e-19,-2.9150471826027618e-18,-8.928160811342902e-14,-1.0515947573281981e-13,-1.0866895678303365e-13,1.6899238192165918e-14,-1.9331234758603082e-17,-0.09720889169998256,0.3521333835752752,-10.191358729484973,0.0013113473085351473,-0.013654657775372565,-0.012244622790033516,0.7999852663792625,2.7599437077079466e-12,0.0,0.0,0.0,1.0084984708022473e-12,9.238589951771657e-12,3.283338887872906,-3.2863262259351935,0.0029873380622815553,8.369483787693978e-15,1.0244779201212183e-11
81.06,-2.1506022322926648e-19,-1.5699999999950205,1.570000000012558,-1.5699999999842664,-1.5700000000000085,-5.42930742586816e-19,-1.393773923812997e-17,-8.924045543468117e-14,-1.0517062079709545e-13,-1.0868553274071316e-13,1.6928296389977555e-14,-3.132378159820616e-17,-0.14540326395001157,0.56587306659784,-10.366443050473148,0.011983623612603007,-0.017761896739681527,-0.024909204354804766,0.7999797557443542,2.9465263544510943e-12,0.0,0.0,0.0,1.8294878335876927e-12,9.86286319677928e-12,3.283316270854291,-3.2863035883385385,0.002987317484239458,9.520383611587125e-15,1.1690041824912102e-11
81.08,-2.1621613227157842e-19,-1.5699999999950205,1.570000000012558,-1.5699999999842664,-1.5700000000000085,-5.0285672937015995e-19,-1.9790868687099696e-18,-8.926191294110351e-14,-1.0514607153389373e-13,-1.0875270247966753e-13,1.6937718124868423e-14,2.5860087315683022e-18,-0.2033085641022168,0.8292311742553329,-10.568484133227884,0.027122887710880603,-0.021941140354279208,-0.04153587292675303,0.7999736992471885,3.194077761789181e-12,0.0,0.0,0.0,2.880574896369507e-12,1.069113569833279e-11,3.283291413481039,-3.2862787083488634,0.0029872948678155483,1.1016966308547359e-14,1.3569401406729938e-11
81.1,-2.1183503258701231e-19,-1.5699999999950205,1.570000000012558,-1.5699999999842664,-1.5700000000000085,-4.0133543599885573e-19,8.398174218418933e-18,-8.927354878755278e-14,-1.051152719981591e-13,-1.0877125765617433e-13,1.692999729653774e-14,2.6182329146842528e-17,-0.2691021977224485,1.136967381450707,-10.78724943502057,0.04733082035705082,-0.025709176638558148,-0.062257657712093975,0.7999675502533696,3.5056713563789494e-12,0.0,0.0,0.0,4.1587095261875485e-12,1.1733694228993825e-11,3.2832661764785698,-3.2862534483845676,0.0029872719059864097,1.2864994726926868e-14,1.5890094584958518e-11
81.12,-1.6039371044227348e-19,-1.5699999999950205,1.570000000012558,-1.5699999999842664,-1.5700000000000085,-4.2309573842891134e-19,7.465270390102924e-19,-8.928962345641312e-14,-1.051202420943901e-13,-1.0870680934310773e-13,1.6916417694048256e-14,2.2555453074382e-18,-0.33895429699383045,1.4753522912926413,-11.004689485232541,0.07291068278005139,-0.02836408434518032,-0.08676903882087572,0.7999620272396668,3.8780975142670375e-12,0.0,0.0,0.0,5.630795922596321e-12,1.2979804085269994e-11,3.2832435086545844,-3.2862307599363154,0.0029872512817177466,1.5029565652349292e-14,1.8608290853586004e-11
81.14,-2.8654008002807083e-19,-1.5699999999950205,1.570000000012558,-1.5699999999842664,-1.5700000000000085,-5.049612608470066e-19,-3.5037029990190925e-18,-8.927585185249316e-14,-1.0511489547571733e-13,-1.0874763073142249e-13,1.6922910581898538e-14,-1.8788274292237908e-17,-0.40638495472052943,1.8191399801795187,-11.192827416022336,0.10366245286240454,-0.02895084935508391,-0.1141189757682148,0.799958172052212,4.298739454566771e-12,0.0,0.0,0.0,7.220970892259077e-12,1.4387256144770825e-11,3.2832276860052136,-3.286214922890744,0.002987236885514583,1.741665521485209e-14,2.160591789387782e-11
81.16,-2.1205989306771382e-13,-1.5689544608081107,1.5712356263256793,-1.5699999999825869,-1.5699999999999918,4.2469497956281174e-13,-8.502856388816274e-11,0.0123851639696567,0.2109473834148721,5.183090172875861e-10,-1.4137773850925184e-11,1.872893604527165e-12,-0.4615939536060792,2.1282900880503783,-11.311711774429877,0.1386264394953729,-0.026239455042077076,-0.14246905166674054,0.7999574002389848,4.7424516439594364e-12,0.0,0.0,0.0,8.798927630526744e-12,1.6418695055649002e-11,3.28321525161276,-3.2901245769842333,0.006909325371452296,7.826640210703264e-14,2.5216625641189085e-11
81.18,-5.565507680756682e-13,-1.569153113253337,1.5711204032660218,-1.5699999999826495,-1.5700000000003758,3.8387177032919626e-13,-1.2632911047544965e-11,-0.0094098526858855,-0.0124489250694433,-6.488669546328775e-11,-1.4312179533963047e-11,-2.564579896103397e-12,-0.49231948403342435,2.345685678674169,-11.30605916878258,0.1757910294373586,-0.01899303454308153,-0.16911007610875303,0.799961532719997,5.1723963700763936e-12,0.0,0.0,0.0,1.018829879793354e-11,1.8780608241899342e-11,3.283234256979973,-3.289398416889755,0.006164159909758753,8.014218351730863e-14,2.8969166068294e-11
81.2,-7.183254258730365e-13,-1.5693140217342645,1.570907526647418,-1.569999999983637,-1.570000000000566,3.338466760733932e-13,-5.380264322171063e-12,-0.0076219806755177,-0.0100836292985556,-4.087977264371264e-11,-6.710246439989125e-12,-2.7931667937776405e-12,-0.48889068882145553,2.3980067675740417,-11.098196351871648,0.21179595229806417,-0.007015076787790066,-0.19134010237868412,0.7999727943921776,5.550618769002327e-12,0.0,0.0,0.0,1.1221214415288472e-11,2.0481525062299578e-11,3.283282510453759,-3.2888431355162746,0.005560625062488351,7.574230324553333e-14,3.170239743359294e-11
81.22,-0.0007094420758362,-1.5657771282433184,1.5707350965892466,-1.5699999999813787,-1.5700000000008452,-2.7322380285734023e-14,0.0078826897072907,-0.0439546403760917,-0.0081677397453577,-5.0037395234181486e-11,1.711283756844137e-11,-2.8710134313339464e-14,-0.4492772387547,2.2086898519301528,-10.601882038280962,0.24172524132038403,0.007767757536363686,-0.20778185480470657,0.7999937613533594,5.853707816514373e-12,0.0,0.0,0.0,1.1812879021858057e-11,0.001892973440360244,3.2842043993458563,-3.3030379208739364,0.01883201412723743,1.0892667859851893e-05,0.0018929427124645024
81.24,-0.000574648081788,-1.5665794738752008,1.5705954282394288,-1.569999999982473,-1.5700000000005256,-2.814195223510296e-14,0.0063849786922364,-0.0380058457598282,-0.00661586923902,-8.946948975956104e-11,3.2216260773465163e-11,5.868229242377704e-12,-0.3750389445764127,1.7328322019195144,-9.78632965058181,0.2594743338523963,0.021906605530770628,-0.2186047890636835,0.800027234623349,6.0780099816408296e-12,0.0,0.0,0.0,1.197999691836454e-11,0.0015343663514910278,3.284190650110578,-3.3000134371367094,0.015821565182971148,7.3837738690673394e-06,0.001534349083532376
81.26,-0.0004654649466154,-1.5673712407993756,1.570482296875814,-1.5699999999835608,-1.5700000000011105,-9.286050382714272e-15,0.0051718327544939,-0.0307847350952425,-0.0053588540385374,-8.684061282571154e-12,1.145065368478998e-11,8.169938602595529e-12,-0.2626402443831203,0.9932218068195948,-8.731439892127522,0.2594048887804518,0.03231306550843196,-0.22448834034352486,0.8000760150759612,6.230750097656128e-12,0.0,0.0,0.0,1.179011453763527e-11,0.0012437090604640684,3.2842677036658334,-3.2971198382207856,0.012851144163446295,4.859635180936531e-06,0.0012436999723523738
81.28,-0.0003770266065509,-1.5678707050476517,1.570390660470458,-1.5699999999852994,-1.570000000001035,5.0272517736947646e-14,0.0041891845086014,-0.0236588328609193,-0.0043406719250987,-1.9940775582410336e-10,-2.797447944949058e-11,-3.0055863668113775e-12,-0.10627130608187045,0.08255079348463341,-7.599055707145023,0.23876908415864773,0.03746751678385588,-0.225699312279989,0.8001425525296662,6.319093068577412e-12,0.0,0.0,0.0,1.1305160332226897e-11,0.001007895950458862,3.2844377495650825,-3.2954162908317395,0.010977738656341633,3.3424613432327768e-06,0.0010078907390565048
81.3,-0.0001202884797436,-1.568281788806584,1.5703164349812395,-1.5699999999874923,-1.5700000000002208,1.0411667587299437e-13,0.0013365387019982,-0.0190912355719217,-0.0035159442574237,-1.4954355442631023e-10,4.648067036648477e-12,-2.3905426791738515e-12,0.08730107313828105,-0.871772686173112,-6.554426138743308,0.1988622775828026,0.03759734479389887,-0.22197233637437863,0.8002284425791173,6.344448293786882e-12,0.0,0.0,0.0,1.0554542638200437e-11,0.00032170603624787466,3.2844778006695567,-3.293914011381149,0.009435954529422277,9.10739910469854e-07,0.0003217048596640359
81.32,-0.0001745568100552,-1.5681075090556074,1.5703424448167556,-1.5699999999859648,-1.5700000000001186,-4.1932239942410645e-15,0.0010825962801638,-0.01546390049911,-0.0038049420793795,2.786995674567449e-10,2.1935510847741928e-11,-5.517546109671395e-12,0.29220276784055327,-1.7548091787018796,-5.709505675242109,0.14380489141187425,0.0341711173121354,-0.21296528573776555,0.8003337490482986,6.303075999595348e-12,0.0,0.0,0.0,9.540508766870817e-12,0.00046683959488416356,3.2849754556237234,-3.2950671718026023,0.010091344423622252,1.415111252442368e-06,0.0004668376076543151
81.34,-0.0001413910156945,-1.5684670823349345,1.5702773803032442,-1.569999999986359,-1.5699999999998209,-1.8394478207625937e-14,0.0015710113175182,-0.0170324185045564,-0.0030820032735547,-1.850475000214256e-11,1.733273853965294e-11,-2.0767076074198684e-12,0.47512662593725297,-2.4884337239523875,-5.12123515587153,0.07834571628665007,0.028839008062392504,-0.1987993228404839,0.800456139418803,6.193732968549599e-12,0.0,0.0,0.0,8.277024332673813e-12,0.0003783082946571982,3.285439895075205,-3.294183294194309,0.008743097863026584,9.861066784204566e-07,0.00037830713767795674
81.36,-0.0001145267224358,-1.5687583366909346,1.5702334775829745,-1.5699999999864718,-1.569999999999707,-3.584845602552567e-14,0.0012725191888394,-0.0137962590256719,-0.0024964227321714,-1.1432956769079784e-10,3.7883014979237526e-11,3.467653668007796e-12,0.60913289234381,-3.0263452000345823,-4.82276108288779,0.006762242591024559,0.022760727506501252,-0.18015638335617343,0.8005898369408226,6.025299110907074e-12,0.0,0.0,0.0,6.825762142291067e-12,0.00030655342787060184,3.2859574335094135,-3.293608747173877,0.00765106954832719,6.963256271959629e-07,0.0003065527410511744
81.38,-9.276664502969362e-05,-1.5689942527191831,1.5702419596352932,-1.5699999999863252,-1.5699999999997998,-3.5279265931162926e-14,0.0010307405457506,-0.0111749698074185,-0.0023550355940498,-1.0675657897471067e-10,3.9977781535768895e-11,2.4673914034980746e-12,0.6778861182113766,-3.346665187306337,-4.831390680621263,-0.0668935337763975,0.016729173888140565,-0.1579725825992733,0.8007244181694155,5.815032764802074e-12,0.0,0.0,0.0,5.284286240796702e-12,0.0002483976686585605,3.286483980869417,-3.293250675166857,0.006766496492086267,5.077328692527373e-07,0.00024839723378978465
81.4,-7.514098219542059e-05,-1.5691853447024209,1.5701959873063729,-1.5699999999864993,-1.5699999999998289,-5.3474806393279976e-14,0.0008348998267299,-0.0090517255260178,-0.0021776366345601,-7.548272662298572e-12,9.574872487347385e-12,-2.995976693321483e-12,0.6777063888601259,-3.448471142062277,-5.133026165251803,-0.13840103197435777,0.01132377323563834,-0.13323049513416765,0.8008435201031391,5.581185840711309e-12,0.0,0.0,0.0,3.747880023502684e-12,0.00020126331272312704,3.2869520421995646,-3.293002063249176,0.006049860778470733,3.636764579599279e-07,0.00020126305170953794
81.42,-6.08641951447961e-05,-1.5693401292089764,1.570158749719845,-1.5699999999867225,-1.569999999999666,-1.0241870127319377e-13,0.0006762688612857,-0.0073318976332493,-0.0017638856113458,7.246027139851813e-11,2.4085628094085957e-11,-5.594844188785785e-12,0.6177519307182505,-3.342361533386791,-5.685638438301464,-0.20333118708464318,0.006854379014259886,-0.10700052868099545,0.8009235683133327,5.339936918873806e-12,0.0,0.0,0.0,2.2949581825704655e-12,0.00016306011167236369,3.2872636201370318,-3.2927328739894124,0.0054691240033849795,2.633333797104946e-07,0.0001630599530344879
81.44,-4.92999976290859e-05,-1.5694655046594397,1.5701285872745891,-1.569999999987096,-1.569999999999599,-1.2684031503082481e-13,0.0005477777749641,-0.0059388371324594,-0.0014287474107036,-2.1319947218247093e-11,-4.221305339243038e-12,6.530428824587961e-13,0.5140632095111197,-3.043600821669278,-6.440154328720661,-0.25710939223886814,0.0033944038279050386,-0.08047462754791826,0.8009326971122789,5.1067086291489245e-12,0.0,0.0,0.0,9.946316360131779e-13,0.0001320936750201228,3.2872872535938034,-3.292285657610001,0.0049982988265550995,1.927786869524918e-07,0.00013209357722520834
81.46,-3.993299770361978e-05,-1.5695670587744348,1.5701041556937645,-1.569999999987608,-1.5699999999997063,-1.0446446367890065e-13,0.0004436999825258,-0.004810458077695,-0.0011572854180879,-4.1889307886115717e-11,-2.5857312486640957e-11,6.624054487399994e-12,0.38529437189976523,-2.5757566235503178,-7.3491650867754705,-0.29518461775700117,0.000885241564976438,-0.054829372463800916,0.8008301044057785,4.8952601987112675e-12,0.0,0.0,0.0,-9.713032252318456e-14,0.00010699101815251322,3.286854917027414,-3.2914712937158948,0.0046162914887211935,1.4266431940333827e-07,0.00010699095686395376
81.479,-3.2345727747225684e-05,-1.5696493176076582,1.5700843661131556,-1.569999999988207,-1.5699999999997776,-8.804256386080879e-14,0.0003593969841917,-0.0038964710509155,-0.0009374012019977,-5.124634419075014e-11,-2.603638229222837e-11,6.680852924576138e-12,0.2518352978820428,-1.9801719437569019,-8.353530521249267,-0.31346686349816627,-0.0007945358634591992,-0.03103820574337362,0.800592644828254,4.71386054393479e-12,0.0,0.0,0.0,-9.558412639381262e-13,8.664283264701674e-05,3.285871150712155,-3.2901773285611706,0.00430610885304428,1.066898169886232e-07,8.664279347449298e-05
81.5,-2.6200039019374872e-05,-1.5697159472627615,1.570068336552589,-1.5699999999890295,-1.569999999999787,-8.563646800530028e-14,0.0002911115763439,-0.0031561416071903,-0.0007592950517082,-1.377587217476356e-10,-5.52581904658591e-12,1.5711725076642701e-12,0.13111944286064853,-1.327411122443109,-9.352143653354979,-0.3091081342063597,-0.001789837724525008,-0.00982345624798298,0.8002714598061594,4.564105099180966e-12,0.0,0.0,0.0,-1.5933285492751483e-12,7.015634745104452e-05,3.2845454708256585,-3.288599870419011,0.00405434372599942,8.058970529156465e-08,7.015632181411518e-05
81.52,-2.1222032732931475e-05,-1.555117121941271,1.5751440921937057,-1.569999999981686,-1.5699999999995384,-1.469163328773397e-13,0.0002358003054259,-0.1057819592961571,0.3407128620851833,5.506984351633146e-10,6.441240637790552e-12,-1.4920567663605656e-12,0.03133827256748811,-0.7127576810841202,-10.19973319368716,-0.28199312238492824,-0.0022457953482853134,0.008262674126426579,0.7999751955662807,4.444019484208406e-12,0.0,0.0,0.0,-2.039376422800414e-12,5.614886492915765e-05,3.28269501563041,-3.3415117785275124,0.058816718193941804,1.1691199578941443e-06,5.6136707783925354e-05
81.54,-1.7189846552212995e-05,-1.5579448687709363,1.574740967859707,-1.5699999999801464,-1.569999999999679,-1.0910704553979676e-13,0.0001909982932809,-0.1339459024885945,-0.0526774205250922,-4.806831944268353e-11,-6.4014294218076376e-12,1.730079817743261e-12,-0.04782275240082771,-0.21614827073746148,-10.781042682575048,-0.2365155352758044,-0.0022963500699915832,0.022811465803821727,0.7997718132901322,4.351072736962078e-12,0.0,0.0,0.0,-2.3229875823377433e-12,4.5570139799419165e-05,3.282045331491867,-3.3302427224671,0.04819735469211963,8.01647914515062e-07,4.556310027769179e-05
81.56,-1.3923775724068976e-05,-1.5602353437035663,1.573840183968629,-1.5699999999811152,-1.5699999999997862,-7.971002078799455e-14,0.0001547086176478,-0.1084961810152342,-0.0426687106242119,-3.723720553199048e-11,-4.841207821318317e-12,1.3311417669092246e-12,-0.10858034927362886,0.13543417881039427,-11.08242656515401,-0.18097210909195102,-0.0020616107721410956,0.03365519312821897,0.7996597048232846,4.2826127647467656e-12,0.0,0.0,0.0,-2.469518726394862e-12,3.6973229840793994e-05,3.2817301801991663,-3.3213321314854753,0.039601921846585356,5.324392207113483e-07,3.6969405152163105e-05
81.58,-1.127825835150754e-05,-1.5620906283989868,1.5731105490168789,-1.5699999999818648,-1.5699999999998673,-5.714861169734373e-14,0.0001253139803774,-0.0878819066218489,-0.0345616556045527,-2.850998304523508e-11,-3.6261803191509497e-12,1.0183731469052845e-12,-0.1521446995205074,0.35708795645140134,-11.164173232829963,-0.12396277584283305,-0.0016496150833980748,0.04094143079294689,0.7996151410470922,4.235319685455261e-12,0.0,0.0,0.0,-2.5049257591606192e-12,2.999070203075645e-05,3.281642108548955,-3.314285326628679,0.03264319419899128,3.5436927969934677e-07,2.9988615352738323e-05
81.6,-9.135389278149203e-06,-1.5635934090022685,1.5725195447059783,-1.5699999999824428,-1.5699999999999266,-3.994211621869897e-14,0.0001015043241804,-0.0711843443633022,-0.0279949410388245,-2.176301445574124e-11,-2.685598820423036e-12,7.738124309614007e-13,-0.18018785000871346,0.475487898179058,-11.096474042889321,-0.07157735581943514,-0.0011581613243532352,0.045070212078216126,0.7996174771645278,4.205232840801736e-12,0.0,0.0,0.0,-2.4562939198138115e-12,2.432164091419653e-05,3.2817136951800006,-3.3087221628511987,0.027008448304138316,2.364624930668893e-07,2.43204966612657e-05
81.62,-7.399665327305687e-06,-1.564810661290919,1.5720408312141638,-1.5699999999828906,-1.569999999999971,-2.6917526880468682e-14,8.221850265376883e-05,-0.0576593189339634,-0.0226759022407506,-1.6543216620605616e-11,-1.9628726422705025e-12,5.833222902103252e-13,-0.19534958986496773,0.5162595743102021,-10.936520124198207,-0.02722000975707744,-0.0006762845253195879,0.046558933782525666,0.7996497049807874,4.1882607820695975e-12,0.0,0.0,0.0,-2.3493269689440984e-12,1.972052289945221e-05,3.281886471725548,-3.3043315957621027,0.022445108333078,1.5828499417323287e-07,1.971989156207021e-05
81.64,-5.993728925842097e-06,-1.5657966356447215,1.5716530732858065,-1.569999999983233,-1.570000000000003,-1.7147544849772158e-14,6.659698721035457e-05,-0.0467040483362626,-0.0183674808144475,-1.2514393739743837e-11,-1.3997674581120532e-12,4.352963200668098e-13,-0.20063277869001844,0.5023107661930659,-10.728903608916182,0.007619273557830796,-0.0002865838113479066,0.045924559842458225,0.7996985149672915,4.180800682706639e-12,0.0,0.0,0.0,-2.2054888976604116e-12,1.5987253104810126e-05,3.2821132388452265,-3.3008623046918797,0.0187490531158556,1.0635862935664415e-07,1.5986902178296254e-05
81.66,-4.854920442306652e-06,-1.5665952748712957,1.571338989363847,-1.5699999999834966,-1.5700000000000292,-9.270921113997022e-15,5.394355965153442e-05,-0.0378302791520821,-0.01487765945926,-9.490596839228232e-12,-9.752264710301446e-13,3.23651035035984e-13,-0.1990027217724719,0.4530349234183667,-10.507007859270214,0.032710409190208276,-6.812916069817669e-05,0.04360270499318152,0.7997540389382206,4.180374534267537e-12,0.0,0.0,0.0,-2.039263022353014e-12,1.2958908098544901e-05,3.2823583593441414,-3.298113595410974,0.015755225747463943,7.17925085534367e-08,1.2958711299817204e-05
81.68,-3.932485567640893e-06,-1.5672421726448171,1.5710845813870673,-1.569999999983698,-1.570000000000045,-4.017781744575328e-15,4.369428339020714e-05,-0.0306425261130383,-0.0120509041616372,-7.0981784754729044e-12,-6.2382665104167e-13,2.299848154394034e-13,-0.19319082053018286,0.3841666462398594,-10.294931849998813,0.048559310605291534,-9.890281771205814e-05,0.039896499184705676,0.799809408558551,4.1859848362194936e-12,0.0,0.0,0.0,-1.856962711597373e-12,1.0502927408142497e-05,3.282596829663027,-3.2959269283365393,0.013330090309840361,4.8720119475709576e-08,1.0502815882000625e-05
81.7,-3.1853133180164075e-06,-1.5677661598413686,1.5708785109258816,-1.569999999983852,-1.5700000000000542,-2.7666570707873743e-16,3.539236960494568e-05,-0.0248204461514425,-0.0097612323706245,-5.267238146431383e-12,-3.785512341078815e-13,1.6009786507305886e-13,-0.18556951365962787,0.30805921950581266,-10.109603882999805,0.05601152325955897,-0.00045683409969779596,0.034949746364126184,0.799860231201347,4.198105574486025e-12,0.0,0.0,0.0,-1.6573903755422392e-12,8.511520224597535e-06,3.282812707371532,-3.294178281384712,0.011365567235277282,3.326870012589332e-08,8.51145624830932e-06
81.72,-2.580103794946951e-06,-1.568190589470573,1.5707115938523264,-1.5699999999839676,-1.5700000000000591,2.3375089785967054e-15,2.8667819435759036e-05,-0.0201045613825644,-0.0079065982199592,-3.885695098117297e-12,-1.927987663182668e-13,1.0642037923634663e-13,-0.17796283206839109,0.23416790808522028,-9.962832201633901,0.0559740037460425,-0.0012185528849484955,0.028741592376010663,0.7999040549025296,4.21856687276641e-12,0.0,0.0,0.0,-1.4329687285659681e-12,6.8970822177968765e-06,3.2829972943842964,-3.2927714517154296,0.00977415183882994,2.287985913224003e-08,6.897045020952593e-06
81.74,-2.0898840802660543e-06,-1.5685343774702272,1.5705763910227506,-1.569999999984055,-1.570000000000062,4.048342083419718e-15,2.3220933791388788e-05,-0.0162846947197956,-0.006404344557975,-2.827397760515692e-12,-4.8599632161656437e-14,6.660575733395117e-14,-0.17145987440243107,0.16961376560149688,-9.863111912598573,0.04924283375669068,-0.0024550217698555434,0.02110117173770571,0.7999398693048938,4.250436477620467e-12,0.0,0.0,0.0,-1.1708052063179162e-12,5.588447189485347e-06,3.283147337200915,-3.29163232190579,0.008484980254661375,1.586189047009043e-08,5.5884252793594304e-06
81.76,-1.69280611051808e-06,-1.5688128457499453,1.5704668767307974,-1.56999999998412,-1.5700000000000625,5.093640245243103e-15,1.880895641276319e-05,-0.013190602722971,-0.0051875190917989,-2.0282616863271506e-12,3.694655690804761e-14,3.7596223978811616e-14,-0.16631272843146844,0.11975997393770012,-9.8170601611661,0.036424475416513676,-0.00422324711435849,0.011741240464608737,0.7999676697745731,4.297960770877179e-12,0.0,0.0,0.0,-8.533785922705048e-13,4.52782569973911e-06,3.2832634007959625,-3.290704059443214,0.00744065504163401,1.1094779603818463e-08,4.527812686942528e-06
81.78,-1.3711729542837787e-06,-1.5690384050565152,1.5703781701543176,-1.5699999999841685,-1.570000000000063,5.653939188071475e-15,1.5235254730342989e-05,-0.0106843882055587,-0.004201890464219,-1.4357319360101757e-12,1.1041534363998517e-13,1.6627697211734488e-14,-0.16187876302595663,0.08872898215222066,-9.830386965235668,0.017939605657188863,-0.0065533609443891505,0.00031131401295295884,0.7999880970494503,4.366612850012491e-12,0.0,0.0,0.0,-4.586468412855016e-13,3.668307521059894e-06,3.283348496392329,-3.2899431802847405,0.0065946809712453865,7.835835665690487e-09,3.668299854569365e-06
81.8,-1.110650097095736e-06,-1.569221108094836,1.5703063178273715,-1.5699999999842045,-1.570000000000059,5.868126192334928e-15,1.2340556362738935e-05,-0.0086543544464699,-0.0034035312759079,-1.0060909057428504e-12,1.491852126588641e-13,1.943456958135737e-15,-0.15657182226371733,0.07979649121154399,-9.908330379007054,-0.0058993034969492646,-0.009430542042330854,-0.01352766713423075,0.8000021542791229,4.4630864466773775e-12,0.0,0.0,0.0,3.959356532017835e-14,2.9718257303286823e-06,3.283406990081563,-3.2893163842555646,0.005909391807460795,5.591595493709593e-09,2.971821451565394e-06
81.82,-8.996265818745906e-07,-1.5693690975558765,1.5702481174425458,-1.569999999984233,-1.570000000000055,5.830614939313253e-15,9.995850710826372e-06,-0.0070100271017684,-0.0027568603335594,-8.413112893529042e-13,1.392393225695674e-13,-9.465271313046851e-15,-0.1478282775745317,0.09560899817906877,-10.055487038579015,-0.03474347446437632,-0.01277156631178198,-0.030004546447821044,0.8000109964327494,4.595005216407915e-12,0.0,0.0,0.0,6.70003983193612e-13,2.4074984799184572e-06,3.2834437843426723,-3.2887980590999684,0.005354272840141447,4.033393276089976e-09,2.4074965341836153e-06
81.84,-7.286975338542451e-07,-1.5694889690193203,1.5702009751308366,-1.569999999984253,-1.570000000000051,5.60714825246714e-15,8.096639097088708e-06,-0.0056781219523939,-0.0022330568700772,-5.36195038480222e-13,1.4810237145656657e-13,-1.6532385676377645e-14,-0.13210462942093795,0.13817572748739465,-10.274969243297248,-0.06800225149013255,-0.01639627474937392,-0.049112640358972094,0.80001578304031,4.770169575802669e-12,0.0,0.0,0.0,1.4599096606392065e-12,1.9502791548940007e-06,3.2834637436855703,-3.2883683481210393,0.004904602882410625,2.941672983449474e-09,1.950279014349102e-06
81.86,-5.90245005137033e-07,-1.569586064904709,1.5701627898583543,-1.5699999999842682,-1.5700000000000487,5.367246984721491e-15,6.55827770358186e-06,-0.0045992787813924,-0.0018087760646826,-3.270791885494238e-13,1.974293347164043e-13,-2.911940792795853e-14,-0.1049350913823911,0.20861653581289002,-10.56686076460031,-0.10458308953501536,-0.01999490201575631,-0.07045671169654112,0.8000175833865287,4.995285402105532e-12,0.0,0.0,0.0,2.4293098189481857e-12,1.5798583091150895e-06,3.283471325208088,-3.288011680931581,0.004540354465409153,2.1692303762323565e-09,1.579859752069121e-06
81.88,-4.780984558030687e-07,-1.569664712571873,1.5701318597876437,-1.5699999999842784,-1.5700000000000442,4.827547061760142e-15,5.312204955584203e-06,-0.003725415812907,-0.0014651086123215,-1.7013035173453678e-13,1.8918244597084161e-13,-2.905529748648851e-14,-0.06108102348072848,0.30667479980341533,-10.925987606671876,-0.14258583136859707,-0.023093159433749653,-0.0930734819564889,0.8000173229669137,5.274191305028147e-12,0.0,0.0,0.0,3.5829378689960098e-12,1.2797708706085318e-06,3.2834703717091207,-3.2877156756420494,0.0042453029138098735,1.6169619556276073e-09,1.279773838548133e-06
81.9,-3.872597505999575e-07,-1.5697284171822756,1.5701068064303716,-1.5699999999842844,-1.5700000000000398,4.304885874841808e-15,4.302886025413984e-06,-0.0030175868084269,-0.0011867379759256,-5.5570815596787716e-14,1.7105181510799266e-13,-2.7554269341867983e-14,0.005212538898984158,0.4299859861457294,-11.339018497039214,-0.17896409010418207,-0.02501835736426253,-0.11523059234451681,0.8000157607158491,5.605543368473656e-12,0.0,0.0,0.0,4.900319567911749e-12,1.0366706237725406e-06,3.2834640266460227,-3.287470331995354,0.004006304523800139,1.2177979770950397e-09,1.0366751388727177e-06
81.92,-3.136804052247524e-07,-1.571299790026334,1.5704688992460691,-1.569999999986178,-1.5700000000009868,1.8920001571097779e-13,3.485341947185463e-06,-0.00244424540453,-0.0052099916602453,-1.991508505414657e-10,-4.8264304879086506e-12,-6.872390446977482e-12,0.09728787409050714,0.5746833572054487,-11.779721314568212,-0.20931413761460185,-0.02505992471396697,-0.13445272698595898,0.8000134878086982,5.98025439919061e-12,0.0,0.0,0.0,6.325304295871197e-12,8.407827701534688e-07,3.2834531048566555,-3.2815643475997107,-0.001888757926489425,-2.906179130585129e-11,8.407893618353062e-07
81.94,-2.2630973032087766e-05,-1.5709831746361738,1.5703812320523491,-1.569999999987194,-1.5700000000013457,1.866210994535933e-13,2.823102120912309e-06,0.0116981102907235,-0.0042200931108749,-1.3931811433665064e-12,-1.5443055742612316e-11,4.867698990195998e-13,0.20789044566726117,0.7390718313155821,-12.1950573079642,-0.22836273922511927,-0.022992044069264483,-0.1481689253688867,0.8000109404073191,6.379791734748825e-12,0.0,0.0,0.0,7.760401084294766e-12,6.064231616571323e-05,3.28347086948167,-3.282769881327601,-0.0007010364451857041,1.1787910346915061e-08,6.064234200826182e-05
81.96,-1.833108835295077e-05,-1.5707231722340484,1.5705176158334302,-1.5699999999851586,-1.5700000000006655,1.5438426647923004e-13,0.0002036787329176,0.0080352471933058,-0.0057512868511655,5.921637727152214e-11,1.979693976296177e-11,-4.759327196126977e-12,0.3140908167321929,0.9233834743744248,-12.500933237766462,-0.23150719029704922,-0.01936759397426877,-0.15460981142703886,0.8000084203362996,6.776985824507625e-12,0.0,0.0,0.0,9.073822298496419e-12,4.9109703375256016e-05,3.2834555790896642,-3.2837300050342746,0.0002743868372303128,2.901256386023078e-08,4.910971945075584e-05
81.98,-1.4848181407106306e-05,-1.5706019623717853,1.570419268827466,-1.5699999999850078,-1.5700000000001777,2.7052513525866905e-14,0.0001649798214128,0.0066884708286291,-0.0046585424219801,-3.029027362592106e-11,3.727441619588907e-11,-2.9796780226699774e-12,0.3865266977294736,1.1173588989303902,-12.629942198381134,-0.2164042875830379,-0.015081599969715496,-0.15315264227010864,0.800006119197115,7.1395878534421225e-12,0.0,0.0,0.0,1.0119416850425385e-11,3.977481678666094e-05,3.2834419508570853,-3.284171099288976,0.000729116758127091,2.4407155721194468e-08,3.977483202860157e-05
82.0,-1.202702710534572e-05,-1.570487589519728,1.5703396077528011,-1.5699999999847405,-1.5700000000001106,1.5164136763450306e-14,0.0001336336077605,0.0054176614728589,-0.0037734192919883,5.022837327268645e-11,9.712460882563414e-12,-2.2768563678832122e-12,0.4066896617149699,1.2907641508705336,-12.584650719398464,-0.18329154988906576,-0.010839630842197048,-0.14409355157128104,0.8000041427618335,7.433784640436743e-12,0.0,0.0,0.0,1.0754790787287626e-11,3.221452208824011e-05,3.28343048094393,-3.284588699227086,0.00115819262986099,2.088613184177518e-08,3.2214536287142e-05
82.02,-9.741892087964994e-06,-1.5703949475097134,1.5702750822822784,-1.569999999984553,-1.570000000000104,1.1056746272186854e-14,0.0001082432400317,0.0043883057382833,-0.0030564696541949,1.2535595920125896e-11,4.345506933110777e-12,-1.207851696536245e-12,0.3741843321096142,1.4048634478822435,-12.418452160717269,-0.13428461195871522,-0.007056255814548536,-0.1282536178857882,0.8000025335956846,7.626875758788611e-12,0.0,0.0,0.0,1.0854085402870137e-11,2.6091744336943804e-05,3.283421169282855,-3.284926931924378,0.0015057418639575675,1.7650069275998746e-08,2.6091757492931717e-05
82.04,-7.89093267063208e-06,-1.570319907481584,1.5702228166512042,-1.5699999999843188,-1.5700000000000085,-1.4048039491064241e-14,8.767702616706563e-05,0.003554527648095,-0.0024757404186354,1.2386827462923674e-11,6.180415110490197e-12,-1.5834283211869917e-12,0.29823336923904015,1.425868828983359,-12.186371640656047,-0.07268116854602223,-0.00394214085214301,-0.10669241916419346,0.8000012907303636,7.693220463929793e-12,0.0,0.0,0.0,1.0335545829740629e-11,2.1132991854663475e-05,3.283413883814704,-3.2852011560709844,0.0017872554275047557,1.4776953761161677e-08,2.1133003725253164e-05
82.06,-6.391655512447373e-06,-1.5702591250587945,1.5701804814900575,-1.5699999999840877,-1.5699999999998826,-4.5658170744852526e-14,7.101839314165629e-05,0.0028791673923761,-0.0020053497396794,1.0035689044447294e-11,6.524873010126044e-12,-1.613639567289455e-12,0.18761506107024822,1.3214527970744816,-11.926067949807939,-0.0026178246074691205,-0.0015717219209724876,-0.08065870522501271,0.8000003858607931,7.623600161322205e-12,0.0,0.0,0.0,9.203098665121212e-12,1.711686026232455e-05,3.2834084061378244,-3.285423700518564,0.0020152807501185536,1.2284490093804435e-08,1.7116870485409872e-05
82.08,-5.177241014479716e-06,-1.570209891296236,1.570146190009626,-1.5699999999837886,-1.5699999999997427,-6.7990130817531e-14,5.752493931826164e-05,0.0023321255664403,-0.0016243332448654,7.329681167092821e-11,3.5528512528753544e-11,2.2340515464587718e-12,0.05084460944532884,1.0558033119416763,-11.658640642144901,0.07107676202604243,7.681778563209464e-05,-0.05163755377434749,0.799999775993603,7.431016171829906e-12,0.0,0.0,0.0,7.567314220538132e-12,1.3864093885060374e-05,3.283404477986379,-3.285604470065966,0.0021999810392319204,1.0157194244208432e-08,1.386410212792449e-05
82.1,-4.193565266716895e-06,-1.5701700119486783,1.5701184139103268,-1.5699999999837246,-1.5699999999996448,-1.0213199970506067e-13,4.65951681961012e-05,0.0018890217328418,-0.0013157099597807,1.2091105731654866e-11,8.996443601341038e-12,-2.168979071225281e-12,-0.09842836733912128,0.5961008531376778,-11.395128919660948,0.14298490240764777,0.0010915232231917173,-0.02133136548385395,0.7999994127685123,7.147869803267721e-12,0.0,0.0,0.0,5.623243829413729e-12,1.1229549630325296e-05,3.283401835265211,-3.285751432538383,0.0023495883307789204,8.36297204393132e-09,1.1229555701211896e-05
82.12,-3.3967879262075822e-06,-1.570137709676957,1.5700959152700522,-1.5699999999834866,-1.5699999999994942,-1.3665674854024138e-13,3.774217741016326e-05,0.0015301075547341,-0.001065724985,1.3824446166814386e-10,8.324103979010281e-11,-9.901383302124945e-13,-0.24141665507223936,-0.07181415414302333,-11.142276416044611,0.20728325187671567,0.001597821000229869,0.00841980493033936,0.7999992488383225,6.816845069301463e-12,0.0,0.0,0.0,3.5998954351574877e-12,9.095697331920074e-06,3.2834002309326014,-3.2858710086376783,0.0024707704619265206,6.863000386120702e-09,9.095701226336053e-06
82.14,-2.7513983892609213e-06,-1.57011154483661,1.5700776913715255,-1.5699999999832157,-1.569999999999391,-1.6254230908100598e-13,3.05710641530404e-05,0.0012393872152212,-0.000863237282094,2.6153564231835846e-11,-1.3890810566683997e-12,2.1207562344704306e-13,-0.36337617141747414,-0.9247537949479799,-10.89847339530733,0.25812351282353707,0.0017388689392450684,0.0357621413165879,0.7999992417620294,6.481541655762671e-12,0.0,0.0,0.0,1.712749496787727e-12,7.367361244220966e-06,3.283399448380984,-3.2859683825527055,0.002568928304893895,5.61741709210686e-09,7.367363150593792e-06
82.16,-2.2286328424449947e-06,-1.5700903513159383,1.5700629300137068,-1.5699999999830063,-1.5699999999992744,-1.9161022333500206e-13,2.4762616558907016e-05,0.0010039035488499,-0.0006992222281852,4.0200729030381854e-12,2.6156314717222167e-11,-4.647973303982533e-12,-0.4598900780334824,-1.8851513406324594,-10.652310231283613,0.2902876873509696,0.0016568810332783868,0.059026457336820826,0.7999993558678851,6.179834160281983e-12,0.0,0.0,0.0,1.3306862427176115e-13,5.9674638317101505e-06,3.283399307029577,-3.2860477483009887,0.0026484365193600113,4.58841528623916e-09,5.967464092321541e-06
82.18,-1.8051929953941875e-06,-1.5700731845637894,1.570050973313957,-1.569999999982831,-1.5699999999993106,-1.905029451661077e-13,2.005766769822302e-05,0.000813161962206,-0.0005663699822535,1.1842870868000732e-11,-5.2674800827580415e-12,8.833346922844376e-13,-0.5290128280484951,-2.8024997344313634,-10.400871501572077,0.3001973675210652,0.0014670203229543495,0.0770164558704667,0.7999995625040957,5.938719249440665e-12,0.0,0.0,0.0,-1.0334676539365926e-12,4.833583464171233e-06,3.2833996617242027,-3.2861125041297012,0.0027128385563871516,3.741750529748332e-09,4.833582516146625e-06
82.2,7.160144977733682e-05,-1.5790958054732651,1.5719130684129992,-1.5699999999858036,-1.569999999999885,-4.463169047826706e-14,-0.0007955716572101,0.0619711158194972,-0.0212563156000444,-3.703757457081461e-11,-3.831358485545866e-12,1.130066438375429e-12,-0.563778247597337,-3.4751352272987357,-10.164422278674596,0.2874223411022792,0.001240822742277233,0.08928811312262987,0.7999998390348184,5.769581631567323e-12,0.0,0.0,0.0,-1.7644553295897464e-12,-0.00019314503805985592,3.2832259385842675,-3.2520919818026814,-0.031133802978121933,1.2334950773465355e-06,-0.0001931411622470104
82.22,5.7997174341029935e-05,-1.5773676024325016,1.5715495854168449,-1.569999999985587,-1.569999999999922,-3.2424103228713195e-14,-0.0006444130475236,0.0818622493027991,-0.017217615603134,1.625414821455288e-11,-1.4977284007195585e-12,5.167904102430006e-13,-0.5597094812105873,-3.7630748150954783,-9.970218163445422,0.2559272205445027,0.001013118014715085,0.09618690034537164,0.8000001668747947,5.666386113908496e-12,0.0,0.0,0.0,-2.122832099761562e-12,-0.00015622439093981007,3.283272322108807,-3.2586211647819643,-0.024651032922717524,7.845072066799288e-07,-0.00015622247281679862
82.24,4.697771122008966e-05,-1.5759677579693872,1.571255164190065,-1.5699999999852683,-1.569999999999947,-2.3618948682822823e-14,-0.0005219745685398,0.0663084219351439,-0.0139462686389148,1.2495769383011031e-11,-1.2946089817842624e-12,4.473693415501731e-13,-0.5234396191403651,-3.6808165883787485,-9.829353507514664,0.2130384617184683,0.0007996321797152182,0.09855532956010861,0.8000005288002843,5.610835915490625e-12,0.0,0.0,0.0,-2.2253133791108395e-12,-0.0001263959505708606,3.283306087838559,-3.2639060989189006,-0.019399888267925214,4.949990297038469e-07,-0.00012639502359540982
82.26,3.805194609142765e-05,-1.5748338839542668,1.571016682996366,-1.5699999999850218,-1.569999999999968,-1.6041422341780528e-14,-0.0004227994005482,0.0537098217673826,-0.0112964775978335,9.574575129654987e-12,-1.0999745256627062e-12,3.8134347228927466e-13,-0.46827871207582883,-3.3440078088092853,-9.736705234898277,0.1662935875791667,0.0006085436590260784,0.09736038148581376,0.8000009057368801,5.582194311511857e-12,0.0,0.0,0.0,-2.191124259726499e-12,-0.00010228535674860714,3.2833310260648236,-3.2681845438415147,-0.01514640077109155,3.0899072678861833e-07,-0.0001022849246597644
82.28,3.0822076336742975e-05,-1.5739154460020195,1.5708235132294646,-1.56999999998483,-1.5699999999999867,-9.620837883122588e-15,-0.0003424675144645,0.0435049556315105,-0.0091501468544983,7.294280876537986e-12,-9.021885885932003e-13,3.2035839435330844e-13,-0.4059919655744095,-2.8698754508768056,-9.682463651129849,0.12121788916026922,0.00044410643792621406,0.09348969891945748,0.8000012732136769,5.564171390709671e-12,0.0,0.0,0.0,-2.1088944050825196e-12,-8.278873035209667e-05,3.2833496730640386,-3.2716485680138585,-0.011701039123454316,1.9005014072325228e-07,-8.278854057093114e-05
82.3,2.496588183219573e-05,-1.5731715112606983,1.5706670457182708,-1.5699999999846843,-1.570000000000005,-3.912128553215176e-15,-0.0002773986870761,0.0352390140617935,-0.0074116189523834,5.336916954544566e-12,-1.0649667928660893e-12,2.986337339797116e-13,-0.34442165876321773,-2.3449587208978317,-9.657245883264101,0.08115120479132833,0.00030763056638019256,0.08770044141217617,0.8000015976935467,5.546596158883264e-12,0.0,0.0,0.0,-2.0310468360697547e-12,-6.70180079490991e-05,3.2833637009681294,-3.2744533743220092,-0.00891027327794588,1.1447600265014093e-07,-6.701793345775685e-05
82.32,2.0222364280487408e-05,-1.5725689241202252,1.5705403070342,-1.5699999999845753,-1.5700000000000218,8.78228092348126e-16,-0.0002246929364714,0.0285436013899634,-0.0060034113516056,4.043430904667269e-12,-7.808151979257945e-13,2.2716416014966281e-13,-0.28812487105934015,-1.8291555545934892,-9.652694012235902,0.04777676134267442,0.0001983010090506147,0.08062045364915853,0.8000018330442148,5.5247586244808735e-12,0.0,0.0,0.0,-1.9797618343673017e-12,-5.425781603686452e-05,3.28337417250408,-3.2767243909338557,-0.006649738363293851,6.686136431371018e-08,-5.425779402243868e-05
82.34,1.6380115064110393e-05,-1.5720808285364452,1.5704376487000975,-1.5699999999844907,-1.5700000000000354,4.889272789685916e-15,-0.0001820012791421,0.0231203171256283,-0.0048627631949202,3.115958325000288e-12,-1.9345061729407866e-12,5.758670450217719e-13,-0.23905492380936164,-1.3603902990612573,-9.661774465558883,0.021590444345963557,0.0001138956181571292,0.07276550808207338,0.8000019175053504,5.498179663068779e-12,0.0,0.0,0.0,-1.95523081692335e-12,-4.393128289618995e-05,3.283381708060039,-3.27856297739689,-0.0048186956794946745,3.7203337325450636e-08,-4.3931283028430875e-05
82.36,1.3267893189248002e-05,-1.5716854711135853,1.5703544954494748,-1.569999999984425,-1.5700000000000662,1.4292902069431046e-14,-0.0001474210359762,0.0187274568717523,-0.003938838187966,2.388635365958608e-12,-1.3102709564040416e-12,4.054879228340604e-13,-0.19729766213203054,-0.9593093334128575,-9.678864367215095,0.0022946413630850863,5.137508300756455e-05,0.06456469751984713,0.8000017716311275,5.469229240459104e-12,0.0,0.0,0.0,-1.943971750480928e-12,-3.557282731928335e-05,3.283386597351823,-3.2800510239192002,-0.003335545105024433,1.901897151827602e-08,-3.557283545875453e-05
82.38,1.0746993474188803e-05,-1.5713652316010704,1.5702871413164683,-1.5699999999843752,-1.570000000000085,2.02650209802154e-14,-0.0001194110389712,0.0151692400660817,-0.0031904589323452,1.7801712981182138e-12,-7.544408772431874e-13,2.489615671009017e-13,-0.16191349939205532,-0.6337038428555193,-9.699700241807612,-0.01088718511159482,7.335417537564486e-06,0.05638198325183672,0.8000012978400538,5.441549565148497e-12,0.0,0.0,0.0,-1.9274350829160996e-12,-2.8806429730471102e-05,3.2833888782695655,-3.2812546657554638,-0.0021341895747636736,8.116600094666822e-09,-2.8806439647612412e-05
82.4,8.70506470788378e-06,-1.5711058375959344,1.5702325844687317,-1.5699999999843368,-1.5700000000000955,2.3712981972456224e-14,-9.672294143015155e-05,0.0122870844535055,-0.0025842717352772,1.309791390066229e-12,-3.513902154818859e-13,1.3453078542390986e-13,-0.13173563002143024,-0.3824355118841853,-9.721242175630893,-0.018971155606413583,-2.166954673407224e-05,0.04852306334939594,0.8000003823737452,5.418368715010106e-12,0.0,0.0,0.0,-1.8905016237786886e-12,-2.33282344769799e-05,3.283388399391722,-3.2822272908439247,-0.0011610899708917493,1.7945555163492102e-09,-2.332824369495188e-05
82.42,7.051102409500387e-06,-1.5708957284517722,1.5701883934220622,-1.5699999999843088,-1.5700000000000986,2.5333103876114747e-14,-7.834558244901783e-05,0.0099525384073234,-0.002093260105633,9.484725008632156e-13,-6.903428888515575e-14,5.237346845001888e-14,-0.10580972859228988,-0.19868286255059553,-9.741486062375065,-0.023040691572580922,-3.8910177058577196e-05,0.041230148672246704,0.7999989006366832,5.4014655528072045e-12,0.0,0.0,0.0,-1.8261979261073453e-12,-1.889258992543141e-05,3.2833848788820066,-3.2830119844588794,-0.00037287937844613,-1.6812856748233173e-09,-1.8892597668127837e-05
82.44,5.711392949661742e-06,-1.5707255400450022,1.570152598674259,-1.5699999999842869,-1.570000000000098,2.565553850915804e-14,-6.345992169693556e-05,0.008061556109929,-0.0016955406856042,6.699293664471251e-13,1.217769197045765e-13,-5.391898340030392e-15,-0.08347829957655054,-0.07246086083018631,-9.759254349743825,-0.02413120376253109,-4.733848876387886e-05,0.03467653576820381,0.7999967270347629,5.391088124944105e-12,0.0,0.0,0.0,-1.7354484326285808e-12,-1.530082701733609e-05,3.283377970137695,-3.2836435274562303,0.0002655695029973588,-3.4179827620671716e-09,-1.530083322296345e-05
82.46,4.626228292936748e-06,-1.5705876874355231,1.5701236049285383,-1.5699999999842684,-1.5700000000000889,2.408964518960643e-14,-5.140253632513226e-05,0.0065298604486271,-0.0013733879553502,6.989506528079243e-13,1.7211286734063408e-13,-2.885515990643656e-14,-0.06433327677089848,0.007503054192502393,-9.773993501588723,-0.023160712884642262,-4.9503535737374483e-05,0.028967379561919478,0.799993750516845,5.38652069684666e-12,0.0,0.0,0.0,-1.6237358790229002e-12,-1.239222612350461e-05,3.2833673429686656,-3.2841500429543182,0.0007827098539189084,-4.117246849526907e-09,-1.2392230992703602e-05
82.48,3.7472449234465785e-06,-1.5704760268218532,1.5701001199945044,-1.5699999999842509,-1.5700000000000849,2.4001819498503363e-14,-4.1636054244543664e-05,0.0052891869631827,-0.001112444243846,6.165189109234085e-13,2.6935608505061293e-13,-2.292989593094845e-14,-0.04812290184967438,0.05235929241622549,-9.785594143870153,-0.020895432178153567,-4.751501993708012e-05,0.02414579617269063,0.7999898970048842,5.3869063505764855e-12,0.0,0.0,0.0,-1.4968048177916628e-12,-1.0036736913789283e-05,3.283352787727081,-3.2845543685999754,0.0012015888654199045,-4.219645269797026e-09,-1.0036740706324904e-05
82.5,3.035268395903556e-06,-1.570385581724775,1.5700810971979358,-1.569999999984241,-1.570000000000074,2.150284999437693e-14,-3.372520401897183e-05,0.0042842414408769,-0.0009010798375886,6.080956000380092e-14,7.56529955258582e-13,-1.9779968102610814e-13,-0.03467999639439392,0.07207681669534488,-9.794240179829321,-0.017940415537897107,-4.3044836575068784e-05,0.020201063871158186,0.799985159717211,5.391560829784298e-12,0.0,0.0,0.0,-1.3591385070910356e-12,-8.129105494146436e-06,3.28333434821555,-3.2848752167393536,0.001540874997227916,-3.998239102555865e-09,-8.129108446821831e-06
82.52,2.4585674062948464e-06,-1.5703123211961336,1.570065688732714,-1.569999999984238,-1.570000000000061,1.8070578950018974e-14,-2.7317415289188657e-05,0.0034702355671721,-0.0007298746684641,-2.5607833368856752e-14,6.134242381458904e-13,-1.6217878023194092e-13,-0.02389314813479272,0.0748483823779595,-9.800288529464506,-0.014746934224761792,-3.735550967200203e-05,0.017076386759942417,0.799979637977804,5.3995595023101924e-12,0.0,0.0,0.0,-1.2160317887059975e-12,-6.584133082619105e-06,3.283312486949329,-3.2851281718326866,0.0018156901264793693,-3.6192621274671167e-09,-6.584135391079745e-06
82.54,1.991439604322154e-06,-1.5702529801679326,1.570053207875885,-1.569999999984236,-1.5700000000000516,1.5260312416038426e-14,-2.212710640212312e-05,0.0028108908094396,-0.0005911984814826,-8.122313979471548e-14,5.050474228655572e-13,-1.3360991237947866e-13,-0.015635924305946177,0.06704403710354659,-9.804178145273355,-0.01162990741274034,-3.134688341510911e-05,0.014678275863553978,0.7999735843845437,5.409439457414462e-12,0.0,0.0,0.0,-1.074949687273023e-12,-5.332845869644965e-06,3.283288283020081,-3.285326562430514,0.0020382836571231334,-3.1813330187346523e-09,-5.332847686907294e-06
82.56,1.6130660844513113e-06,-1.5702049139350884,1.5700430983818534,-1.5699999999842364,-1.5700000000000427,1.2917308984149674e-14,-1.792295619982026e-05,0.0022768215556723,-0.0004788707700133,-1.2677547881379157e-13,4.254008898477634e-13,-1.1158935375125273e-13,-0.009688004363626662,0.05346624415940428,-9.8063651028481,-0.008790311506077142,-2.5614315864661445e-05,0.012890565439792,0.7999674590997023,5.419328862302865e-12,0.0,0.0,0.0,-9.447479226255837e-13,-4.319399292376421e-06,3.2832636580053656,-3.285482233179764,0.0022185786140554564,-2.740708148567546e-09,-4.319400736347134e-06
82.58,1.306583533023614e-06,-1.570165980286485,1.5700349096916884,-1.5699999999842391,-1.5700000000000338,1.0980994892227803e-14,-1.4517594541280872e-05,0.0018442254601163,-0.000387885323737,-1.27482677209366e-13,3.3687317868504214e-13,-9.150931372386853e-14,-0.005734890598693278,0.037608052816733344,-9.807279637598564,-0.0063389290060028615,-2.051089967913513e-05,0.011590024391956036,0.7999619884478154,5.427105920698559e-12,0.0,0.0,0.0,-8.348115052842841e-13,-3.4985749549237676e-06,3.2832416187247246,-3.285606229974792,0.0023646140360771306,-2.3274488686006805e-09,-3.4985761253602897e-06
82.6,1.0583326659251094e-06,-1.5701344440311154,1.5700282768526514,-1.5699999999842422,-1.5700000000000294,9.431630940374184e-15,-1.1759251602920302e-05,0.0014938226227222,-0.0003141871122396,-1.2361033522440264e-13,2.579822240436711e-13,-7.211411677499838e-14,-0.0034125698886234125,0.02186033532242086,-9.807300742543125,-0.004319007729920935,-1.6207013683269286e-05,0.010658627483408106,0.7999582228958313,5.430670053216899e-12,0.0,0.0,0.0,-7.536993534217766e-13,-2.8337560473315293e-06,3.283226496871004,-3.2857093979676746,0.002482903353268631,-1.955744431734508e-09,-2.833757023861836e-06
82.62,8.572494631435504e-07,-1.5701088996642665,1.5700229042530336,-1.5699999999842444,-1.570000000000025,8.206452438665828e-15,-9.524993819323273e-06,0.0012099963244408,-0.0002544915609245,-1.1677213363264966e-13,2.047077670711743e-13,-5.723586616592989e-14,-0.0023472240197807007,0.007716051562902595,-9.806744011602815,-0.0027263671224964613,-1.2743304706344959e-05,0.009991381008113712,0.7999575868153462,5.428526602156468e-12,0.0,0.0,0.0,-7.063890989840246e-13,-2.295289326425499e-06,3.2832241544911223,-3.2858028773442283,0.002578724680908683,-1.6304167123984804e-09,-2.2952901805985205e-06
82.64,6.943720685209464e-07,-1.5700882087271175,1.570018552447343,-1.5699999999842464,-1.5700000000000205,7.228590441560961e-15,-7.715245011671316e-06,0.000980097022826,-0.0002061381643577,-1.1414397854451298e-13,1.5421232270763224e-13,-4.5915824785423664e-14,-0.0021857128773868826,-0.004025795051575184,-9.80585887205275,-0.001526224180811883,-1.0074976448528921e-05,0.009500524627649115,0.7999619092064612,5.420385569320665e-12,0.0,0.0,0.0,-6.916862559304522e-13,-1.859159616006338e-06,3.2832421110229024,-3.285898465460849,0.0026563559184481895,-1.3509965678236578e-09,-1.859160408139865e-06
82.66,5.624413785584128e-07,-1.5700714490680276,1.5700150274847324,-1.5699999999842478,-1.570000000000018,6.439660338504655e-15,-6.249348475002346e-06,0.000793878588511,-0.0001669719131442,-1.1150617437467853e-13,1.0584755795917285e-13,-3.720631692549856e-14,-0.002617351550130211,-0.013073358549772112,-9.804832100715435,-0.0006665411476008113,-8.106520062573233e-06,0.009116866432573872,0.7999734208962428,5.407368360000999e-12,0.0,0.0,0.0,-7.017244192662577e-13,-1.5059169879642699e-06,3.2832895325115996,-3.286008796384099,0.0027192650716984716,-1.1142353268011207e-09,-1.5059177562991037e-06
82.68,4.555775194132232e-07,-1.5700578737441624,1.5700121722650189,-1.569999999984249,-1.5700000000000178,5.7947368504509915e-15,-5.061972278485475e-06,0.0006430416567207,-0.0001352472496542,-1.0942242800817028e-13,9.897362767067177e-14,-3.0607478797826677e-14,-0.003385677385706138,-0.01948175231162248,-9.80379514499045,-8.805150681863711e-05,-6.717430756721359e-06,0.008789052376231591,0.7999946998219574,5.391670368069037e-12,0.0,0.0,0.0,-7.241165065360354e-13,-1.2198083246654154e-06,3.283377007587739,-3.286147270829458,0.002770264213085878,-9.156192384599646e-10,-1.2198090926570328e-06
82.7,3.690177932642174e-07,-1.5700468777318324,1.57000985953705,-1.569999999984251,-1.5700000000000178,5.259929079567169e-15,-4.100197557518496e-06,0.0005208637419565,-0.0001095502722254,-1.0563680049178645e-13,9.7783915262628e-14,-2.5553578367486276e-14,-0.004291503943440859,-0.0235228391611348,-9.802833282204661,0.00026866506550745505,-5.78018607453488e-06,0.008481560097802926,0.8000285422271346,5.3758469870552634e-12,0.0,0.0,0.0,-7.457344169528591e-13,-9.880743146658421e-07,3.2835160192488475,-3.2863276523304785,0.002811633868462428,-7.502552345371241e-10,-9.880750898883382e-07
82.72,2.9890441487537497e-07,-1.5700379709618442,1.570007986227394,-1.5699999999842529,-1.5700000000000178,4.809643031732134e-15,-3.3211600318302067e-06,0.000421899631003,-8.87357205024942e-05,-1.1391624388988565e-13,9.751032467945604e-14,-2.1715542487436108e-14,-0.005190091941623743,-0.025584519507768213,-9.801995203979475,0.00045858108298502966,-5.171891727603561e-06,0.00817205475636676,0.8000777344785406,5.3621389672531606e-12,0.0,0.0,0.0,-7.559862754497973e-13,-8.003802289022598e-07,3.283718008671014,-3.2865632313365523,0.0028452233029042954,-6.13365402821105e-10,-8.003810039858241e-07
82.74,2.4211257819473946e-07,-1.5700307564781537,1.5700064688465734,-1.5699999999842544,-1.5700000000000178,4.4240868431972724e-15,-2.6901396349875e-06,0.0003417387011285,-7.187593360611554e-05,-1.1417391343002277e-13,9.790232580997295e-14,-1.8749711679766747e-14,-0.005984989515552585,-0.026096764737185408,-9.801302103255923,0.0005295855076512552,-4.780999464606826e-06,0.007848561316184817,0.8001446985154687,5.35213095891605e-12,0.0,0.0,0.0,-7.482340819715935e-13,-6.483550617003726e-07,3.28399292030454,-3.286865450901626,0.002872531113389709,-5.005556965649715e-10,-6.483558218378713e-07
82.76,1.9611119031729764e-07,-1.570024912746364,1.570005239768108,-1.5699999999842544,-1.5700000000000178,4.088899729757035e-15,-2.1790131123112875e-06,0.000276808347939,-5.821950622059445e-05,-1.0910488636767297e-13,9.866010795436625e-14,-1.6396569448999575e-14,-0.006620451946623069,-0.025480422271377052,-9.800755715095274,0.0005213285556233548,-4.510441453222086e-06,0.007506754314000115,0.8002309846779142,5.346663500780175e-12,0.0,0.0,0.0,-7.19887594392251e-13,-5.252183535051956e-07,3.284347120519547,-3.2872418897845708,0.0028947696832670243,-4.0791350026213335e-10,-5.252190826322469e-07
82.78,1.588500659907827e-07,-1.5700201793236144,1.5700042442145508,-1.569999999984256,-1.5700000000000178,3.793278780162357e-15,-1.7650006279612971e-06,0.0002242147618449,-4.715780002841108e-05,-1.0295198948739031e-13,9.977816179858877e-14,-1.4553938210707306e-14,-0.007073782811732505,-0.024114348246745344,-9.800345046683686,0.0004651152192556078,-4.278397593411099e-06,0.00714754409534973,0.8003365900950302,5.345766724089113e-12,0.0,0.0,0.0,-6.723862696509125e-13,-4.2547797630544377e-07,3.2847806002648983,-3.2876935163018937,0.002912916375815121,-3.3204039886915394e-10,-4.254786542893754e-07
82.8,1.2866855515407606e-07,-1.570016345251186,1.5700034378161696,-1.5699999999842564,-1.5700000000000178,3.5287981155357017e-15,-1.4296505154017645e-06,0.0001816139571088,-3.819781801090772e-05,-1.1147994864644477e-13,1.0111516540110528e-13,-1.3120338335611192e-14,-0.007348457332437517,-0.02231647932740546,-9.80005173629238,0.000384484926697838,-4.017752237986691e-06,0.006775046416370454,0.8004590904631821,5.348521244230904e-12,0.0,0.0,0.0,-6.115317999966718e-13,-3.446854327502905e-07,3.285283411798244,-3.288211165342101,0.002927753818340304,-2.7003369225046877e-10,-3.4468604792553544e-07
82.82,1.0422153125603049e-07,-1.5700132396525188,1.5700027846334816,-1.5699999999842578,-1.5700000000000178,3.289374558702192e-15,-1.1580169234490935e-06,0.0001471073052529,-3.094023259027327e-05,-1.1272487743825413e-13,1.0244117345717526e-13,-1.1920480590441691e-14,-0.007468494480997856,-0.02033485412687507,-9.799854117510868,0.0002961884914280646,-3.6751288655926755e-06,0.006394956963283059,0.8005925896106407,5.353048245280078e-12,0.0,0.0,0.0,-5.471732269715579e-13,-2.792376459234219e-07,3.2858313575409306,-3.2887712585535254,0.0029399012349606924,-2.1944536134560294e-10,-2.7923819602966513e-07
82.84,8.441944179063243e-08,-1.5700107241175985,1.5700022555555049,-1.5699999999842578,-1.5700000000000178,3.0705643986376778e-15,-9.379937134845716e-07,0.0001191569172611,-2.506158839742131e-05,-1.0879093233522373e-13,1.0385342386683585e-13,-1.096927656671874e-14,-0.007474228545762845,-0.018345196460629844,-9.799730147046892,0.00021134414139841042,-3.2102285991106795e-06,0.006013309655767386,0.8007265165278511,5.356957272073154e-12,0.0,0.0,0.0,-4.907150489097415e-13,-2.262164565025253e-07,3.2863810528729434,-3.2893308912044583,0.0029498385116569037,-1.782269233145541e-10,-2.2621694935102125e-07
82.86,6.83797492247428e-08,-1.570008686534314,1.5700018270023428,-1.5699999999842589,-1.5700000000000178,2.8687580218016112e-15,-7.597749129104714e-07,9.65171030023958e-05,-2.0299886609772592e-05,-1.06398056371236e-13,1.0526998101551673e-13,-1.0149770919700783e-14,-0.007419380202566525,-0.01645237542058197,-9.799659394437253,0.00013661736366423873,-2.596045428368993e-06,0.0056355732584528785,0.8008443352445808,5.35809993854656e-12,0.0,0.0,0.0,-4.5134361521293515e-13,-1.8325858325213173e-07,3.2868646312134566,-3.2898225555792244,0.0029579245117019874,-1.4467733174014493e-10,-1.832590348623866e-07
82.88,5.538759883175205e-08,-1.5700070360918534,1.5700014798742812,-1.5699999999842589,-1.5700000000000152,2.564018166218547e-15,-6.154176316846705e-07,7.81788533745343e-05,-1.6442908137584358e-05,-6.824180957132541e-14,1.2733105005323625e-13,-1.2935129499496356e-14,-0.007364284887616411,-0.014696913249069103,-9.799624307762295,7.532225002135714e-05,-1.8203944990749472e-06,0.005266043263149896,0.8009222804133052,5.3550674616395e-12,0.0,0.0,0.0,-4.3376707010552507e-13,-1.484503092001565e-07,3.2871845545930976,-3.290148965569756,0.0029644110948744496,-1.1739096991252172e-10,-1.484507437674316e-07
82.9,4.486395710539493e-08,-1.5700056992334603,1.5700011987005524,-1.5699999999842589,-1.5700000000000152,2.3671965969117974e-15,-4.984883004511445e-07,6.332487126515272e-05,-1.3318755602688354e-05,-8.362429804686145e-14,9.568667184962173e-14,-8.752928462867245e-15,-0.007358592598496391,-0.013073741941614493,-9.799610962986623,2.8384372863898616e-05,-8.891153109158199e-07,0.004907580164545664,0.8009282913500237,5.347186905817784e-12,0.0,0.0,0.0,-4.38533284278002e-13,-1.2024214941070188e-07,3.28720923873464,-3.2901786929600587,0.0029694543211714023,-9.521082976301511e-11,-1.2024258758824017e-07
82.92,3.633980699516699e-08,-1.5700046163781616,1.570000970949832,-1.5699999999842589,-1.5700000000000152,2.2223970862256904e-15,-4.037755382080862e-07,5.129314573783158e-05,-1.0788192045557771e-05,-9.651569242949443e-14,8.954302202802425e-14,-6.663669605938257e-15,-0.007425330100720986,-0.01156265305263162,-9.79960945731578,-4.862686113809835e-06,1.6880493352132245e-07,0.0045618123506274725,0.8008213890293194,5.33415841089186e-12,0.0,0.0,0.0,-4.640585833963821e-13,-9.737970254814422e-08,3.286770496119952,-3.2897436204711785,0.002973124428770472,-7.719082672258009e-11,-9.738016598431402e-08
82.939,2.649172134455225e-08,-1.5700033653383365,1.5700007078258271,-1.5699999999842595,-1.5700000000000152,2.0572360251709704e-15,-2.9435238326943615e-07,3.739270325711126e-05,-7.864591996414712e-06,-1.1257841379497085e-13,8.467692955439732e-14,-5.216518685993731e-15,-0.007563712372055363,-0.010151452824836458,-9.7996140525948,-2.60497786860234e-05,1.2944291543859897e-06,0.004229562018933266,0.8005783014824736,5.315818195941538e-12,0.0,0.0,0.0,-5.087868937164034e-13,-7.096340419494861e-08,3.2857728171304266,-3.2887497356248323,0.0029769185509152356,-5.6321693839626987e-11,-7.09639120041033e-08
82.96,2.384254986595317e-08,-1.5700030288040072,1.5700006370444997,-1.5699999999842595,-1.5700000000000152,2.0093952731201653e-15,-2.649171496941463e-07,3.3653432949440186e-05,-7.078132788164348e-06,-1.0815028267133709e-13,8.377218793480923e-14,-4.907647274744504e-15,-0.0077621919215311985,-0.00883764532425405,-9.799623160316164,-3.730114794152286e-05,2.391091183115947e-06,0.003910988561828014,0.8002501378624296,5.292371511005601e-12,0.0,0.0,0.0,-5.719093270641056e-13,-6.383916095872918e-08,3.284425955329094,-3.2874029164526726,0.0029769611744159467,-5.068511031764979e-11,-6.383973393417102e-08
82.98,1.9312466515955013e-08,-1.5700024533303052,1.5700005160084274,-1.5699999999842604,-1.5700000000000152,1.918319268629585e-15,-2.145828991301171e-07,2.7259280711422312e-05,-5.733287553874533e-06,-1.0759337979022017e-13,8.276528471854073e-14,-4.666964768606325e-15,-0.008005955111603704,-0.007618435328703616,-9.799639247047564,-4.0908159412080374e-05,3.3161717525880993e-06,0.0036055628099550463,0.7999456632447036,5.264506939775643e-12,0.0,0.0,0.0,-6.522123411272013e-13,-5.168674719019046e-08,3.283176321547226,-3.2861543087381153,0.002977987232050848,-4.105974081459585e-11,-5.1687399668940865e-08
83.0,1.5643098866653342e-08,-1.5700019871966049,1.5700004179692106,-1.5699999999842618,-1.5700000000000152,1.830064784249385e-15,-1.7381215479920925e-07,2.2080017394400446e-05,-4.64396292427578e-06,-1.1242118918042785e-13,8.240472926267419e-14,-4.573707923421285e-15,-0.008278435502096579,-0.006482799706105721,-9.799668689121752,-3.913116490559576e-05,3.8731186168953985e-06,0.003312280497436023,0.7997331784044583,5.23324403694816e-12,0.0,0.0,0.0,-7.456479283281354e-13,-4.18518858583206e-08,3.2823042356056362,-3.2852831798738094,0.0029789443015028625,-3.3262929380906075e-11,-4.185263177259265e-08
83.02,1.267091095724567e-08,-1.570001609628308,1.5700003385574446,-1.5699999999842618,-1.5700000000000152,1.742163038057981e-15,-1.4078785085091298e-07,1.7884814109342298e-05,-3.761609956515026e-06,-1.0756121720805911e-13,8.262712612742616e-14,-4.623011805456826e-15,-0.008560601920127801,-0.005406545968024885,-9.799721547130433,-3.409620823732414e-05,3.8053326859520156e-06,0.0030299260873411357,0.7996117164324318,5.2002402922090655e-12,0.0,0.0,0.0,-8.431513584008385e-13,-3.3891648276183785e-08,3.281805729283922,-3.2847856368635533,0.0029799076066193567,-2.6946451812058182e-11,-3.389249311424539e-08
83.04,1.0263438654377088e-08,-1.570001303797987,1.5700002742339136,-1.5699999999842635,-1.5700000000000152,1.6534929296453978e-15,-1.1403816385937035e-07,1.4486699440235327e-05,-3.0469040626512486e-06,-1.129658451827373e-13,8.296840756033618e-14,-4.638474815425427e-15,-0.008829098089311862,-0.004347793453776382,-9.799811191319604,-2.775384035857991e-05,2.7941248213301753e-06,0.002757140909446215,0.7995585794730837,5.168041874781094e-12,0.0,0.0,0.0,-9.313969864350637e-13,-2.7447209325003416e-08,3.2815876451017485,-3.2845685013358343,0.0029808562559437745,-2.1829422044790227e-11,-2.7448139745519265e-08
83.06,8.313386006907263e-09,-1.5700010560754267,1.5700002221318554,-1.5699999999842635,-1.5700000000000152,1.5639853567932497e-15,-9.237091674006297e-08,1.1734226554465488e-05,-2.4679923002666133e-06,-9.993974005660155e-14,8.350692177968467e-14,-4.690212434876667e-15,-0.009053710555617515,-0.003243439750740102,-9.799953678675132,-2.187901164544231e-05,4.6323045978758047e-07,0.002492439549301161,0.7995546329396803,5.139413066452966e-12,0.0,0.0,0.0,-9.971857133750558e-13,-2.2228935901739605e-08,3.2815714500881126,-3.2845532204149204,0.0029817703445082187,-1.768339789378261e-11,-2.222993299867383e-08
83.08,6.733843291403834e-09,-1.570000855420152,1.5700001799291874,-1.5699999999842635,-1.5700000000000152,1.4741465526599894e-15,-7.482044604971253e-08,9.504723512884128e-06,-1.999073774512321e-06,-1.0405540178478439e-13,8.406866402472703e-14,-4.698668682426462e-15,-0.009194572283226158,-0.002007429734100875,-9.800166750707245,-1.809302267722149e-05,-3.6070276398491136e-06,0.002234306304031764,0.7995849364626686,5.116552769930351e-12,0.0,0.0,0.0,-1.0312054532994348e-12,-1.800292939472087e-08,3.281695825357327,-3.284678461056031,0.002982635713041319,-1.4325418915875157e-11,-1.8003960866480798e-08
83.1,5.454413630002666e-09,-1.570000692889381,1.5700001457450252,-1.5699999999842635,-1.5700000000000152,1.385017688662075e-15,-6.060456433274253e-08,7.698826065535082e-06,-1.6192497582659795e-06,-1.0773415094858146e-13,8.459593033475025e-14,-4.645053614447633e-15,-0.009199613197948845,-0.0005311901024899777,-9.800468294617382,-1.7888013130028442e-05,-9.85222007957158e-06,0.001981393064251576,0.7996388587680078,5.101089614264726e-12,0.0,0.0,0.0,-1.0277432853272981e-12,-1.4580153284742547e-08,3.2819171376036,-3.284900583898643,0.002983446306655006,-1.1603741878820626e-11,-1.4581180850465392e-08
83.12,4.418075387501763e-09,-1.5700005612394567,1.5700001180558545,-1.5699999999842635,-1.5700000000000152,1.452129578675197e-15,-4.908970988960919e-08,6.236049120258938e-06,-1.3115923032667468e-06,-1.0820124649972123e-13,5.869973555748951e-14,7.127462813844704e-15,-0.009005585386689496,0.0013132039978670169,-9.800874093490824,-2.26363133577067e-05,-1.867883680837657e-05,0.0017328168200604413,0.799709826241815,5.0943035697261e-12,0.0,0.0,0.0,-9.833354717803077e-13,-1.1807750474171676e-08,3.2822084071519284,-3.285192611927399,0.0029842047848734382,-9.398997107547914e-12,-1.1808735052636553e-08
83.14,3.5786413999678462e-09,-1.5700004546030149,1.570000095627626,-1.5699999999842635,-1.5700000000000152,1.5154082907539789e-15,-3.976266075652504e-08,5.051199794801684e-06,-1.0623897560082496e-06,-1.1010574976257149e-13,7.081091894562106e-14,6.312055641621156e-16,-0.008547105969710814,0.00366599537734684,-9.801394692181125,-3.356857816535928e-05,-3.039746415013596e-05,0.0014882782156939083,0.7997948134212969,5.096748607638888e-12,0.0,0.0,0.0,-8.984016078032323e-13,-9.562049072459452e-09,3.28255721680937,-3.285542138664405,0.0029849218626533556,-7.611833510632375e-12,-9.562946142136713e-09
83.16,2.898699975487489e-09,-1.5700003682274992,1.5700000774607623,-1.5699999999842655,-1.5700000000000152,1.3572996975394413e-15,-3.2207752729531524e-08,4.091471842371721e-06,-8.605357120438758e-07,-9.581368688851713e-14,8.73666078748062e-14,-8.187841178837056e-15,-0.007766937391785615,0.006667136665267841,-9.802031241897259,-5.170643317896736e-05,-4.512999957216819e-05,0.0012475653430658277,0.7998936441209888,5.1075150348584015e-12,0.0,0.0,0.0,-7.804712915661884e-13,-7.742943028715491e-09,3.282962843515644,-3.285948458209585,0.002985614700110723,-6.164750148283989e-12,-7.743723144779144e-09
83.18,2.347947375442773e-09,-1.5700002982633314,1.5700000627456,-1.5699999999842655,-1.5700000000000152,1.2129379012932224e-15,-2.608828228048485e-08,3.3140921972188912e-06,-6.970339224556533e-07,-9.828164902779137e-14,8.66774492957748e-14,-6.988888117794782e-15,-0.0066164210684439735,0.010437473916773148,-9.802770248290804,-7.773767622976328e-05,-6.268860032788864e-05,0.0010098821000578528,0.8000081371535257,5.124195721847071e-12,0.0,0.0,0.0,-6.437462719172824e-13,-6.2693807512187e-09,3.283432752170571,-3.286419056682437,0.002986304516859829,-4.991565652958387e-12,-6.270023609300068e-09
83.2,1.901837528042106e-09,-1.5700002415923546,1.570000050826319,-1.5699999999842655,-1.5700000000000152,1.111368440411709e-15,-2.1131523630968766e-08,2.684414703488317e-06,-5.645974616970267e-07,-1.0781121648104704e-13,7.371122320508149e-14,-4.2077807434219214e-15,-0.005053123538706034,0.015054997384219651,-9.803577235094389,-0.000111823929439014,-8.242655915018239e-05,0.000774012380599178,0.8001411027157729,5.1438631605637734e-12,0.0,0.0,0.0,-5.038335557178613e-13,-5.075723962454423e-09,3.283978476554356,-3.2869654900425984,0.0029870134922849846,-4.041339657471424e-12,-5.076226374671483e-09
83.22,1.5404884558548107e-09,-1.5700001956888625,1.570000041171702,-1.5699999999842655,-1.5700000000000152,1.0413239160297305e-15,-1.7116536814065652e-08,2.174375915992516e-06,-4.573239384652169e-07,-1.0891586797440807e-13,7.00770735023309e-14,-2.7894706071171357e-15,-0.0030502596202561104,0.020526930480253534,-9.804389493441526,-0.00015333317883422712,-0.00010306372498160547,0.0005393075012972897,0.800295176188225,5.164065341779249e-12,0.0,0.0,0.0,-3.7282420622678197e-13,-4.108790712601353e-09,3.2846108329511967,-3.2875985938814405,0.002987760933516948,-3.2716435353856827e-12,-4.109162826000594e-09
83.24,1.2477956940514742e-09,-1.5700001585070338,1.570000033351462,-1.5699999999842655,-1.5700000000000152,9.797333516791936e-16,-1.3864393087476871e-08,1.7612444763960245e-06,-3.704323778985047e-07,-1.0921658550901732e-13,7.421343920390392e-14,-3.591994037636031e-15,-0.0006176013102534083,0.026754390775589075,-9.80510830525885,-0.00020049534236484367,-0.0001224933026279549,0.0003067900977170871,0.8004714669379809,5.1831309038770865e-12,0.0,0.0,0.0,-2.5807660771549586e-13,-3.325508501708091e-09,3.285334374501108,-3.2883229331504253,0.0029885586519659162,-2.6471810894657744e-12,-3.325767644756328e-09
83.26,1.010714588377227e-09,-1.570000128389754,1.5700000270170689,-1.5699999999842655,-1.5700000000000152,9.064239216496065e-16,-1.1230156963788565e-08,1.4266080251474968e-06,-3.000502333715312e-07,-1.0939372556221617e-13,7.746111391172973e-14,-4.005971411499661e-15,0.0021743563579766987,0.03348488087708113,-9.805591278865911,-0.00024998807595997093,-0.0001375837224626653,8.011616773758876e-05,0.8006680024053989,5.200060665199403e-12,0.0,0.0,0.0,-1.63061316168706e-13,-2.6909757668253256e-09,3.2861410053447693,-3.2891304108372275,0.0029894054946004167,-2.1425621785689497e-12,-2.6911379392200516e-09
83.28,8.186789160518378e-10,-1.5700001039947569,1.570000021886209,-1.5699999999842655,-1.5700000000000152,8.272636989400726e-16,-9.096426115072181e-09,1.1555525143888577e-06,-2.430406807419285e-07,-1.0972945056487132e-13,8.007601765909754e-14,-4.22842150697841e-15,0.005170125510220821,0.04025337450462693,-9.805645804249126,-0.0002964733576478984,-0.00014399784802383118,-0.0001335140010683403,0.8008779641396835,5.214376373014797e-12,0.0,0.0,0.0,-8.833457867536409e-14,-2.1769092931227694e-09,3.2870027408747595,-3.2899930219060725,0.00299028103304593,-1.7346888521059504e-12,-2.176996560716523e-09
83.3,6.631300381601684e-10,-1.57000008423481,1.5700000177302131,-1.5699999999842655,-1.5700000000000152,7.464102528426448e-16,-7.368104403831663e-09,9.359975409151242e-07,-1.968629525306013e-07,-1.100056753113214e-13,8.214385012941146e-14,-4.2112618370769006e-15,0.00810424350343261,0.04631774271166202,-9.805025128439956,-0.0003321223576142627,-0.0001360619854165687,-0.00032240328855161264,0.8010877445066343,5.2259678126975695e-12,0.0,0.0,0.0,-3.2437058502145495e-14,-1.7604080838623479e-09,3.287863731980475,-3.290854870509604,0.0029911385305310674,-1.4023296350219132e-12,-1.7604393647180492e-09
83.32,5.371354585772798e-10,-1.570000068229253,1.570000014363857,-1.5699999999842655,-1.5700000000000152,6.674014319387717e-16,-5.968164050245336e-09,7.581580207712822e-07,-1.594589837542525e-07,-1.1026124193665701e-13,8.371069203258449e-14,-4.041222077263077e-15,0.01057554694607443,0.05059502245979245,-9.8034290367937,-0.00034618496068773095,-0.00010672903523537278,-0.00046936774707887104,0.8012749024547714,5.234895856602475e-12,0.0,0.0,0.0,7.0741617530277896e-15,-1.4229131186115511e-09,3.2886318750034254,-3.2916237724916,0.002991897489309239,-1.1330608852019456e-12,-1.4229073788398152e-09
83.34,4.3507985642652284e-10,-1.5700000552647502,1.5700000116371071,-1.5699999999842655,-1.5700000000000152,5.92091468853508e-16,-4.834212585035257e-09,6.141080050956427e-07,-1.2916177458631346e-07,-1.106658684869907e-13,8.50065804970226e-14,-3.812667031521662e-15,0.012022438895473345,0.05160650182441163,-9.80051160738131,-0.00032468381822088675,-4.769308503204003e-05,-0.0005508336978346364,0.8014061655486339,5.241217700729343e-12,0.0,0.0,0.0,3.277809351537119e-14,-1.1493993763064031e-09,3.2891706115843795,-3.292163047920029,0.002992436336562196,-9.144799436913961e-13,-1.1493669541081081e-09
83.36,3.5241482254111346e-10,-1.5700000447635036,1.5700000094284403,-1.5699999999842666,-1.5700000000000152,5.216056908963764e-16,-3.915712051789481e-09,4.974274738598006e-07,-1.0462102739270617e-07,-1.1112356282937508e-13,8.593484756336563e-14,-3.549923499332686e-15,0.011703028170320262,0.047442840866164585,-9.795899010064673,-0.0002503421048006181,5.02742339943024e-05,-0.000536226682209544,0.8014357141296792,5.244903940702335e-12,0.0,0.0,0.0,4.703384128026574e-14,-9.277042185494085e-10,3.289291886432451,-3.292284472567767,0.0029925861360522864,-7.384708564886174e-13,-9.276577185710628e-10
83.379,2.8545614634665004e-10,-1.5700000362574944,1.5700000076394205,-1.5699999999842666,-1.5700000000000152,4.565425522556009e-16,-3.171726761453611e-09,4.029162535024312e-07,-8.474303932037019e-08,-1.0031851244326955e-13,8.661782770540874e-14,-3.2598220271747028e-15,0.00868599720294899,0.035764260139851435,-9.789220741540143,-0.00010288593500093935,0.00019668376286116924,-0.0003879193660831105,0.8013305707448,5.245979391772347e-12,0.0,0.0,0.0,5.187373655127225e-14,-7.480029072523589e-10,3.2888603518669433,-3.291852577356649,0.002992225490299733,-5.948054575951536e-13,-7.479508555842764e-10
83.4,2.3121961750738107e-10,-1.5700000293676255,1.5700000061903152,-1.5699999999842666,-1.5700000000000152,3.971212343099727e-16,-2.569098793230539e-09,3.263621800037234e-07,-6.864185235910824e-08,-1.0055527649641157e-13,8.710137698239115e-14,-2.9579551482653502e-15,0.001859797564052569,0.013854990040843278,-9.780157900848089,0.0001401062787040168,0.0004002955822193963,-6.206884412817092e-05,0.8011259500324426,5.244859213332466e-12,0.0,0.0,0.0,4.8904215201011676e-14,-6.023921926512062e-10,3.2880205375433227,-3.291012024848199,0.0029914873053553856,-4.793158295020515e-13,-6.023417764072723e-10
83.42,1.8728802670079904e-10,-1.570000023786832,1.5700000050165386,-1.5699999999842666,-1.5700000000000152,3.4353916802847923e-16,-2.080970160193274e-09,2.643533603422124e-07,-5.5599907039132414e-08,-1.0107976948159912e-13,8.745908083732068e-14,-2.6285344761789938e-15,-0.010030428545799022,-0.021244763829125022,-9.768511990629415,0.0005016078317409202,0.0006676020436688389,0.0004892633263277293,0.8009072254569655,5.242223495751332e-12,0.0,0.0,0.0,3.930358261296449e-14,-4.84472097156093e-10,3.28712283743731,-3.290113528961874,0.002990691524948626,-3.849198216486429e-13,-4.844339495145524e-10
83.44,1.517034343984239e-10,-1.5700000192663903,1.570000004065779,-1.5699999999842666,-1.5700000000000152,2.9559511052586395e-16,-1.6855860659654283e-09,2.1412622738046594e-07,-4.50359129499902e-08,-1.0146015059931453e-13,8.762786849218692e-14,-2.355324480461236e-15,-0.028307140836779338,-0.07250268765650957,-9.754297106897077,0.0010025835406982523,0.0010007465630515267,0.0013142619868501393,0.8007106836477387,5.238400002645163e-12,0.0,0.0,0.0,2.400960899111014e-14,-3.890025145352648e-10,3.2863161809209505,-3.2893061555062455,0.0029899745856039168,-3.09826490328122e-13,-3.889796605837296e-10
83.46,1.2287991007185295e-10,-1.5700000156048326,1.5700000032956662,-1.5699999999842666,-1.5700000000000152,2.530366610625208e-16,-1.365324944641728e-09,1.7344223846492825e-07,-3.6479091137250285e-08,-1.0167069000105683e-13,8.769250331994657e-14,-2.059312052573746e-15,-0.0542336109673032,-0.14252547322457412,-9.737857050877215,0.0016582471019405715,0.001394823329102395,0.002455303813444681,0.8004940192410923,5.233208738615164e-12,0.0,0.0,0.0,3.920511217817938e-15,-3.1168946697891906e-10,3.2854269362414246,-3.288416115513815,0.0029891792726394672,-2.4938521203829905e-13,-3.116866129397992e-10
83.479,9.953285018801732e-11,-1.5700000126389697,1.570000002671872,-1.5699999999842666,-1.5700000000000152,2.1559381721787272e-16,-1.1059134956635495e-09,1.404882217598906e-07,-2.9548057644705757e-08,-1.0205836948887841e-13,8.774629540757503e-14,-1.8370966580132795e-15,-0.08882333899119144,-0.2330291793805529,-9.720006631906156,0.002472943888155879,0.0018345499541021337,0.003940231781377591,0.8002103988853053,5.2264419787948005e-12,0.0,0.0,0.0,-2.0122188093808964e-14,-2.490704537861361e-10,3.284262887654187,-3.2872510189697453,0.0029881313157571776,-1.9784001660093196e-13,-2.4909102018009615e-10
83.5,8.06217258625055e-11,-1.5700000102366225,1.5700000021666003,-1.5699999999842666,-1.5700000000000152,1.8259786336462827e-16,-8.957902591417812e-10,1.1379546317577463e-07,-2.3933926267657373e-08,-1.0234857244916993e-13,8.77042730333104e-14,-1.6292250351869032e-15,-0.13257388891446856,-0.3441252814881104,-9.702192991066141,0.003433531857038162,0.002290379177937824,0.005770566814709574,0.7998903161375366,5.218369653382032e-12,0.0,0.0,0.0,-4.7471651602629246e-14,-1.9836415127267536e-10,3.2829491883181023,-3.285936133397498,0.0029869450795535386,-1.580802369205101e-13,-1.9841109009017857e-10
83.52,6.530372131519016e-11,-1.570000008290721,1.57000000175733,-1.5699999999842666,-1.5700000000000152,1.5322328269819818e-16,-7.255845248500517e-10,9.217432985241624e-08,-1.938647454676761e-08,-9.864260889598172e-14,9.194383950161019e-14,-1.2085374125483854e-15,-0.18511625567302456,-0.4734087369026321,-9.686667935090684,0.004501250160006649,0.0027142229701016137,0.007906427958173739,0.7996253778376634,5.209644448285689e-12,0.0,0.0,0.0,-7.760644218127451e-14,-1.5732853818323587e-10,3.2818618155333485,-3.2848477785784786,0.0029859630452550275,-1.2477108584763751e-13,-1.5740596707282594e-10
83.54,5.289622067996696e-11,-1.5700000067145397,1.570000001425822,-1.5699999999842666,-1.5700000000000152,1.3020270159019314e-16,-5.877243486571375e-10,7.46612074380232e-08,-1.5703043277038734e-08,-9.992699821483585e-14,9.135072702244371e-14,-1.193754763596693e-15,-0.24477619786503757,-0.6148520079686423,-9.67665585264678,0.005602248608874488,0.0030351078607319467,0.010248214805673875,0.7994701888988469,5.200739400864072e-12,0.0,0.0,0.0,-1.0974311067064051e-13,-1.241259688736221e-10,3.281224881471864,-3.28421027091916,0.002985389447396055,-9.88370187234178e-14,-1.2423597826128347e-10
83.56,4.2846120135445024e-11,-1.570000005437832,1.5700000011573012,-1.5699999999842666,-1.5700000000000152,1.0782182608484171e-16,-4.760579705020931e-10,6.047557863168976e-08,-1.2719474461171102e-08,-1.0091252549009892e-13,9.054871641826201e-14,-1.1117566092090237e-15,-0.30805288043296825,-0.7575356531590065,-9.676493711107677,0.006617215678264955,0.00315526723990997,0.012615539327201759,0.7994132200034334,5.1918601538470035e-12,0.0,0.0,0.0,-1.423646563669481e-13,-9.725831907505613e-11,3.2809910669416498,-3.2839762484411503,0.0029851814995767653,-7.755023042981714e-14,-9.740041747327564e-11
83.58,3.4705515856246005e-11,-1.5700000044036992,1.5700000009397974,-1.5699999999842666,-1.5700000000000152,8.748343075812282e-17,-3.856081323286669e-10,4.8985215819559676e-08,-1.0302785517769432e-08,-1.015748215917367e-13,8.977291832810377e-14,-9.951335230671932e-16,-0.3690347104855677,-0.884281763936183,-9.6917099837286,0.007370900335534448,0.00294740444388438,0.014724511477616558,0.7994238209541332,5.18334149360422e-12,0.0,0.0,0.0,-1.7284737207547782e-13,-7.550592339705627e-11,3.281034575895652,-3.2840198008581125,0.002985224962522484,-5.983375638962189e-14,-7.568054584654951e-11
83.6,2.8111605310529747e-11,-1.5700000035660515,1.5700000007636183,-1.5699999999842666,-1.5700000000000152,6.963723709764052e-17,-3.1234364011794713e-10,3.967801762810112e-08,-8.345240346164669e-09,-1.0236725133180574e-13,8.906403884013553e-14,-8.83124248550114e-16,-0.4187918067449108,-0.9703049625844886,-9.728998467403667,0.007622780969788169,0.002254124153189586,0.016165308971133736,0.7994769059504511,5.1759027379626845e-12,0.0,0.0,0.0,-1.970912491260246e-13,-5.7894556081219513e-11,3.281252449957796,-3.2842378762917015,0.0029854263339510532,-4.700758722591309e-14,-5.8090670972872014e-11
83.62,2.277051891076471e-11,-1.5700000028875565,1.5700000006209147,-1.5699999999842666,-1.5700000000000152,5.434749683062217e-17,-2.529992853958637e-10,3.213918251164141e-08,-6.759642125531601e-09,-1.0289483685248173e-13,8.837577706468165e-14,-7.579424023651748e-16,-0.44480784357413433,-0.9820604077283392,-9.796031493256136,0.007060691798825076,0.0008908158579892972,0.01638300252415675,0.7995529731291466,5.170764090451876e-12,0.0,0.0,0.0,-2.0907023583607614e-13,-4.362562810848041e-11,3.281564648621893,-3.284550361551659,0.0029857129298033625,-3.491971950336261e-14,-4.383611863567815e-11
83.64,1.8444222165327023e-11,-1.570000002337976,1.570000000505325,-1.5699999999842666,-1.5700000000000152,4.1400113240957786e-17,-2.0493026985234058e-10,2.6032734691972337e-08,-5.475313912445658e-09,-1.0346126454092193e-13,8.774973398269894e-14,-6.605759220649011e-16,-0.43054322618283747,-0.8765452922729906,-9.901046116667956,0.005299859020608526,-0.0013464413565602543,0.014665853701720301,0.7996376685243082,5.169741098753019e-12,0.0,0.0,0.0,-2.0050951096270184e-13,-3.205766416393814e-11,3.2819122596351864,-3.2848982908976483,0.002986031262486985,-2.487224768970348e-14,-3.2258084897261e-11
83.66,1.4939907203445262e-11,-1.5700000018928166,1.5700000004116976,-1.5699999999842666,-1.5700000000000152,3.0849433795575504e-17,-1.6599424423109708e-10,2.1086514282253172e-08,-4.434990661765139e-09,-1.0396089359483075e-13,8.715623693899388e-14,-5.308037611476908e-16,-0.3552573607138734,-0.6013954520887165,-10.052128168283271,0.0018904926597761596,-0.004666134865276796,0.010146721456271659,0.7997210928742254,5.1752586439383824e-12,0.0,0.0,0.0,-1.6097022283993756e-13,-2.2666863955271827e-11,3.2822546539609943,-3.28524099841862,0.002986344457643504,-1.7438565564545154e-14,-2.2828011751845848e-11
83.68,1.2101399495318385e-11,-1.5700000015322362,1.5700000003358583,-1.5699999999842666,-1.5700000000000152,2.2465175865480966e-17,-1.3445592774288698e-10,1.7080075338213813e-08,-3.592353632601929e-09,-1.0419382291144487e-13,8.662773087879271e-14,-3.986026455730839e-16,-0.19425731570349838,-0.09620928219838962,-10.256114884387909,-0.003662232382276354,-0.009257757661261776,0.0018247262508003853,0.799796999196384,5.190283576842178e-12,0.0,0.0,0.0,-7.831543595108117e-14,-1.5019070158603578e-11,3.282566192426556,-3.285552821688386,0.0029866292618413496,-1.2032919103425352e-14,-1.5098717524103702e-11
83.7,9.802197176446006e-12,-1.5700000012401654,1.5700000002744274,-1.5699999999842666,-1.5700000000000152,1.5698166496280956e-17,-1.0890986243580079e-10,1.3834849617116636e-08,-2.909788531909357e-09,-1.0456888488042037e-13,8.621505036820603e-14,-3.5580251328995183e-16,0.08021968982381361,0.7043808201583781,-10.51704027570749,-0.011861380684460599,-0.015257451292195155,-0.011384215558736624,0.7998619847769407,5.218217397962662e-12,0.0,0.0,0.0,6.06673072561465e-14,-8.773518696802614e-12,3.282832909446469,-3.285819782475185,0.002986873028723572,-8.419915672965091e-15,-8.713384204648418e-12
83.72,7.939833872195382e-12,-1.5700000010035902,1.5700000002246697,-1.5699999999842666,-1.5700000000000152,1.043906938308777e-17,-8.821743183701166e-11,1.1206219472171816e-08,-2.356919700266561e-09,-1.0492798939676562e-13,8.580637532546643e-14,-2.2325387846049606e-16,0.49724594776612085,1.865297181762404,-10.834062257930961,-0.02315985212045859,-0.022701118694684157,-0.030558172574262233,0.799914744498843,5.262745850460977e-12,0.0,0.0,0.0,2.694769117122548e-13,-3.642252773365301e-12,3.283049448495268,-3.2860365194286207,0.0029870709333574452,-2.347273763496106e-15,-3.3728646700188836e-12
83.74,6.431311516582958e-12,-1.5700000008119634,1.570000000184366,-1.5699999999842666,-1.5700000000000152,6.428119170653973e-18,-7.145649686676578e-11,9.077034166385185e-09,-1.909100252218212e-09,-1.0503882565141912e-13,8.546200714691871e-14,-1.774030908433786e-16,1.0842945699882107,3.442635246004461,-11.198841381468096,-0.03787560098807695,-0.0314638729259589,-0.056630836407941566,0.7999554235043078,5.327570499776463e-12,0.0,0.0,0.0,5.605959734629229e-13,6.132115096176362e-13,3.2832164052728827,-3.2862036288301097,0.002987223557226623,1.1898567594656469e-15,1.1725641025877283e-12
83.76,5.209401471655459e-12,-1.5700000006567476,1.5700000001517211,-1.5699999999842666,-1.5700000000000152,3.518311471186229e-18,-5.7880104232360017e-11,7.3524140584984e-09,-1.5463681321104567e-09,-1.0533335815330871e-13,8.515852266669067e-14,-1.3363164503467859e-16,1.862904541120282,5.4717005515519865,-11.592392821723097,-0.0560763477874191,-0.0411857651687786,-0.09019386604931538,0.7999850855809687,5.415952743678153e-12,0.0,0.0,0.0,9.43381422910059e-13,4.1771658726698654e-12,3.283338145828955,-3.286325480733698,0.0029873349047398936,4.0139075183525194e-15,5.122145986937843e-12
83.78,4.219648295132453e-12,-1.5700000005310215,1.570000000125278,-1.5699999999842666,-1.5700000000000152,1.2110696663175533e-18,-4.688318619270363e-11,5.955465097265105e-09,-1.2525587356391868e-09,-1.0551989952765614e-13,8.493705006129514e-14,-1.247528165525293e-16,2.842664876851658,7.950960052080565,-11.981511381950856,-0.07743116432993875,-0.05118542233113872,-0.1312315383242114,0.8000052984858561,5.530056247027928e-12,0.0,0.0,0.0,1.4211426721021178e-12,7.209730648064065e-12,3.2834211046290944,-3.2864085154853013,0.002987410856200898,6.710391753082834e-15,8.631583867614136e-12
83.8,3.4179433021874934e-12,-1.570000000429183,1.5700000001038594,-1.5699999999842666,-1.5700000000000152,-4.65592294336192e-19,-3.797561534552897e-11,4.823926083447082e-09,-1.0145713380295016e-09,-1.0559275952116928e-13,8.473009208240959e-14,-9.290724391659014e-17,4.013331416606418,10.821633279716433,-12.314978525890293,-0.10102899745013559,-0.06036565065198786,-0.1787830861604501,0.8000178275893672,5.6700809843091445e-12,0.0,0.0,0.0,1.9874369097578483e-12,9.82350591391047e-12,3.2834725271933936,-3.286459985218315,0.0029874580249109038,9.82695301855832e-15,1.1811386922779654e-11
83.82,2.768558034397536e-12,-1.5700000003466934,1.570000000086511,-1.5699999999842666,-1.5700000000000152,-1.6218323938698268e-18,-3.0760453735671045e-11,3.907370569356169e-09,-8.218143560671431e-10,-1.058373167479884e-13,8.452822942484156e-14,-4.4887494021178506e-17,5.33501941858199,13.943041470118054,-12.519904643626287,-0.12516837424619956,-0.06711833640892223,-0.23053458166738625,0.8000244236053214,5.833139837540746e-12,0.0,0.0,0.0,2.6214032393177265e-12,1.210758890939982e-11,3.2834995988876803,-3.2864870818531693,0.0029874829654790713,1.2020795982724805e-14,1.4729525072043067e-11
83.84,1.7378211592614718e-12,-1.569070428379945,1.571198674073928,-1.569999999982462,-1.5700000000003982,3.6414598037502645e-13,-5.562361216158301e-11,-0.0101152236500977,-0.0098505449399507,-1.6582746734474828e-10,-4.3988807686473265e-11,-1.1288090037350762e-11,6.725366592468631,17.073687949452527,-12.520460656357216,-0.14733563335998587,-0.06954307888157069,-0.28261972127669654,0.8000266877113926,6.0130762040199805e-12,0.0,0.0,0.0,3.288006029117213e-12,1.545476544000417e-11,3.2835006798146136,-3.289975541331691,0.006474861517063377,5.4241296904292774e-14,1.8744277612586754e-11
83.86,7.709055481254855e-13,-1.5692470469878228,1.5709709260000488,-1.569999999985676,-1.570000000001204,1.676564759797331e-13,-4.6721403560768566e-11,-0.0083661445821463,-0.0107880666553043,-1.497070348039557e-10,-3.96334073323056e-11,-9.000905123774001e-12,8.039150859307428,19.8682195761671,-12.295263290825405,-0.16458443402850118,-0.06637442682504745,-0.3301338135060742,0.800025997122325,6.202892725302479e-12,0.0,0.0,0.0,3.95086920505566e-12,1.8681652573585135e-11,3.283500187058821,-3.289312443309836,0.00581225625099748,5.615410284748963e-14,2.2631385334958794e-11
83.88,1.1253373455401801e-13,-1.5686476410356276,1.5727067223327522,-1.569999999984289,-1.5700000000013816,3.572737432071309e-13,-4.891410865758006e-11,-0.0113028034818685,-0.0130202603518178,-7.36653349810764e-11,-2.343560629643215e-11,-1.098419624570926e-11,9.078545933928266,21.929502119562347,-11.908497146338265,-0.1742317086285746,-0.057971015577917645,-0.36817789020968755,0.8000234753788729,6.397179590401723e-12,0.0,0.0,0.0,4.584079768515449e-12,2.1078527882281403e-11,3.2834736081181335,-3.291534573476846,0.008060965358693615,1.2466513477415471e-13,2.5661776903629258e-11
83.9,-3.3352389247876845e-13,-1.5686115602579416,1.5732069722256776,-1.56999999998454,-1.5700000000016476,4.236470913225301e-13,-4.0398352523472736e-11,-0.012171230544233,-0.0243605006869285,3.5718545753505443e-10,-2.9374051422562796e-11,-9.546532943500996e-12,9.683869474375538,22.95770655960765,-11.467826488117137,-0.17481172000499112,-0.04631262419681646,-0.3926941391230802,0.8000199936440148,6.589919532939795e-12,0.0,0.0,0.0,5.160684398637553e-12,2.291655071617684e-11,3.2834552466637255,-3.2916515449011188,0.008196298237370817,1.512935716229081e-13,2.8075871591176942e-11
83.92,-5.641502637641636e-13,-1.5688753638088164,1.5725976475031176,-1.5699999999871423,-1.570000000001453,6.429899812989871e-14,2.309562762391193e-11,-0.0124959576454242,-0.0288627499859857,-8.105521223829293e-11,6.437708886483129e-11,-1.3030245312644144e-11,9.794843141857477,22.832611985547498,-11.062524698516333,-0.16634399618345402,-0.033978422462621546,-0.4008423408822212,0.8000161916945225,6.769081458197095e-12,0.0,0.0,0.0,5.6265435691680875e-12,2.413573458079692e-11,3.2834473521635594,-3.290653931486561,0.007206579322976632,1.3490572585626424e-13,2.9763419783406194e-11
83.94,0.0014851840134988,-1.5687256178151294,1.5759740569775886,-1.5699999999838106,-1.5699999999990588,-1.0311202965284761e-13,-0.0078646317167473,-0.0132940771187945,-0.0294488951628087,4.0709411746285816e-11,2.2004759363117903e-11,-8.006062474216409e-12,9.399411286270466,21.53817572803437,-10.728093387536894,-0.14954147249980385,-0.02289935738679995,-0.39147112354628627,0.8000125097363734,6.915906708752254e-12,0.0,0.0,0.0,5.89916579193453e-12,-0.003972519508200899,3.2815720426545174,-3.2893373794705894,0.007768500138102707,-3.195764501145764e-05,-0.003972392215240913
83.96,0.0012029990509948,-1.5689677504292892,1.5748389861543846,-1.5699999999836272,-1.5699999999991543,-1.4106474866399241e-13,-0.013366656113262,-0.0114694396289652,-0.053766512687139,-2.1047051566316054e-12,-2.229374440588204e-12,-1.5907421593071985e-12,8.530100320886461,19.192931453399655,-10.455982864671203,-0.12595280403240475,-0.013869281545304073,-0.3660707281722628,0.8000092244463085,7.012919332217726e-12,0.0,0.0,0.0,5.909146075830174e-12,-0.0032183327592196173,3.2819200405931808,-3.288777933172083,0.00686045536708713,-2.145827590120582e-05,-0.0032182622362569987
83.98,0.0009744292314401,-1.5691638778469503,1.573919578787402,-1.5699999999837235,-1.569999999999218,-1.608440280203969e-13,-0.0108269914532694,-0.0092902460982831,-0.0435508752761383,-1.5549397334232039e-12,-3.655228531418593e-12,-7.777056044511524e-13,7.321071163359464,16.14699894167761,-10.232662390868162,-0.0986615963033395,-0.006946978096294362,-0.32884413680742414,0.8000064846287335,7.052562707805043e-12,0.0,0.0,0.0,5.641028301689692e-12,-0.0026072413622566944,3.2822000346101863,-3.2883227728553672,0.006124814429775641,-1.4475401999488246e-05,-0.0026072019992559063
84.0,0.0007892876775128,-1.5693227410551795,1.5731748588201449,-1.56999999998384,-1.5699999999993592,-1.470297826727215e-13,-0.0087698630774192,-0.0075250993392043,-0.035276208973224,-7.148663680055147e-13,-3.2315783654991797e-12,-5.52120130756055e-13,5.963683468508558,12.852739413941146,-10.054870265833154,-0.07126033005686126,-0.001932539108862871,-0.2849790055440765,0.8000043435245837,7.0378594274897984e-12,0.0,0.0,0.0,5.1317552218223255e-12,-0.0021121247551204527,3.2824261265712593,-3.2879533078439116,0.005528863196367367,-9.818059480049634e-06,-0.002112102600274225
84.02,0.0006393230188795,-1.569451420253884,1.5725716356466817,-1.569999999983892,-1.5699999999994267,-1.5247081992156845e-13,-0.0071035890936549,-0.0060953304639097,-0.0285737292680394,-5.405258421300844e-13,-3.658994223061651e-12,-1.353864936826099e-13,4.6163680441384365,9.668011310820185,-9.920556685877703,-0.046361683823498444,0.001458850148809405,-0.23892629613851243,0.8000027861122938,6.977817952805986e-12,0.0,0.0,0.0,4.4439428626085535e-12,-0.001710992571021628,3.2826093154494247,-3.2876540417730347,0.0050460888226757875,-6.701157464523615e-06,-0.0017109799863738748
84.04,0.0005178516453657,-1.5695556504048156,1.5720830248761803,-1.5699999999839367,-1.5699999999995031,-1.499483105392044e-13,-0.0057539071668312,-0.0049372176748543,-0.0231447207069137,-5.579612174442779e-13,-3.96453554460754e-12,2.1672600373405867e-13,3.3804806156314164,6.8136972328700605,-9.824908804502128,-0.02536121102736406,0.0035436981341066195,-0.19396270937043264,0.8000017507277865,6.883477103753087e-12,0.0,0.0,0.0,3.6447797505319325e-12,-0.0013860174637823598,3.282758186023914,-3.2874120885941385,0.004655006287202826,-4.606699528095145e-06,-0.001386010243944138
84.06,0.0004194598328032,-1.5696400768270542,1.5716872501520762,-1.5699999999839749,-1.5699999999995822,-1.4236043542066308e-13,-0.0046606648059035,-0.0039991463158582,-0.0187472237724369,-5.660740973190137e-13,-3.9586287654320586e-12,4.365625292908696e-13,2.3124929650807244,4.404989706803589,-9.761729996979849,-0.008773339637065544,0.004635030971169709,-0.15232690966569915,0.8000011450458492,6.765945477589299e-12,0.0,0.0,0.0,2.7963546049480895e-12,-0.0011227492225890617,3.282879438520515,-3.2872167507662566,0.004338206317604979,-3.1925332569985132e-06,-0.0011227450367932187
84.08,0.0003397624646146,-1.5697084622290538,1.571366672625555,-1.5699999999840075,-1.5699999999996577,-1.3178340192587012e-13,-0.0037751384933914,-0.0032393085151932,-0.0151852512555346,-5.724214539057446e-13,-3.757297800660716e-12,5.620877163237463e-13,1.4359790806118005,2.47948020155316,-9.724435581858797,0.0034849739866438874,0.005018966184048019,-0.11537601183410764,0.8000008569629768,6.635464003049686e-12,0.0,0.0,0.0,1.9516575983027676e-12,-0.0009094765147483287,3.2829782947930894,-3.2870591536941194,0.004081583139518452,-2.2323416991155094e-06,-0.0009094740614775383
84.1,0.0002752075963715,-1.5697638544046624,1.5711070048290765,-1.569999999984036,-1.5699999999997278,-1.1968002018636825e-13,-0.0030578621801279,-0.0026238398967512,-0.0123000535168798,-5.674532448340626e-13,-3.4425705152220727e-12,6.215938408524885e-13,0.7515521018262594,1.0218144036544257,-9.706716988509147,0.011866145762399697,0.004941037384476803,-0.08374816431503591,0.8000007612559347,6.500816616968197e-12,0.0,0.0,0.0,1.1525413236910216e-12,-0.000736708757934656,3.283058809063682,-3.2869319306319924,0.003873708228014141,-1.576170412473491e-06,-0.0007367073042775044
84.12,0.0002229181530865,-1.569808722066895,1.570896673913929,-1.5699999999840606,-1.5699999999997911,-1.0705825315489893e-13,-0.0024768683662817,-0.0021253103158959,-0.0099630433485826,-5.643724695378685e-13,-3.072013322266427e-12,6.358399151976373e-13,0.24487062575576407,-0.01600523791146094,-9.702942734914739,0.017017105670317445,0.004600185096418068,-0.057528817420595686,0.800000723110555,6.368905195685075e-12,0.0,0.0,0.0,4.2857304811083207e-13,-0.0005967556742144349,3.2831241057949536,-3.2868289531446746,0.003705322561509961,-1.1244533157456437e-06,-0.0005967548036069552
84.14,0.0001805637040192,-1.5698450648732956,1.5707263058726602,-1.5699999999840824,-1.5699999999998475,-9.459258808008077e-14,-0.0020062633769843,-0.0017215013554745,-0.0080700651122825,-5.522267480636753e-13,-2.671505346686632e-12,6.203028931841712e-13,-0.10699842618035896,-0.6989865366896074,-9.708360751383617,0.019651825097645927,0.004147951288445045,-0.03640926908477923,0.8000005997630445,6.244481478491937e-12,0.0,0.0,0.0,-2.0330982033705992e-13,-0.0004833862215407259,3.283176563322583,-3.2867451034162385,0.003568925026594487,-8.10912784866379e-07,-0.00048338569482959536
84.16,0.0001462566002698,-1.569874502546473,1.5705883077592353,-1.5699999999841014,-1.569999999999895,-8.271476544952651e-14,-0.0016250733355883,-0.001394416097592,-0.0065367527408873,-5.395050715021617e-13,-2.2807997835557468e-12,5.858954526372735e-13,-0.3307954813421786,-1.0977602298545808,-9.719157189302482,0.020463585101036234,0.0036907663649435526,-0.019827121118232004,0.8000002416020833,6.1300442500620325e-12,0.0,0.0,0.0,-7.383095456233638e-13,-0.000391551992120145,3.283217959008341,-3.286676086021808,0.0034584388165209688,-5.912949778068508e-07,-0.0003915516705391356
84.18,0.0001184678462289,-1.5698983470617405,1.5704765292873628,-1.5699999999841183,-1.5699999999999357,-7.168249697714375e-14,-0.0013163094020058,-0.0011294770387519,-0.0052947697200811,-5.221214684298912e-13,-1.924158961605696e-12,5.407225502854912e-13,-0.4536934463432988,-1.2808247692140886,-9.732418880093524,0.020068803886398163,0.003293718796107419,-0.007084056379190501,0.7999994941627048,6.026149043806963e-12,0.0,0.0,0.0,-1.1813069058519765e-12,-0.00031716294286367224,3.283249589591164,-3.28661827810669,0.0033689410806917474,-4.3594319497109677e-07,-0.0003171627450035337
84.2,9.595895545289076e-05,-1.5699176611191017,1.5703859887251466,-1.569999999984134,-1.5699999999999694,-6.163096761528964e-14,-0.001066210615763,-0.0009148764011385,-0.0042887634732484,-5.001791066128064e-13,-1.575195671700547e-12,4.901344625403763e-13,-0.501109983434832,-1.3097374761456564,-9.746037759834064,0.018974564579743742,0.0029846699616489147,0.0025596008223099497,0.7999982025073543,5.9323740033154485e-12,0.0,0.0,0.0,-1.5414533149800132e-12,-0.0002569055902769192,3.283272378881043,-3.286568618161082,0.0032964438607270665,-3.2489670507475337e-07,-0.0002569054678337487
84.22,7.772675392194639e-05,-1.5699333055055604,1.5703126508697502,-1.569999999984148,-1.5699999999999965,-5.2610051787911255e-14,-0.0008636305988739,-0.0007410498847031,-0.0034738984133019,-4.723413938946449e-13,-1.284825489933811e-12,4.3810172706943394e-13,-0.4954680427735533,-1.2365751660985822,-9.75858687793699,0.017562859961794387,0.002758007817626106,0.0098114798259339,0.7999962195263585,5.848032723269116e-12,0.0,0.0,0.0,-1.8284308817924794e-12,-0.0002080956514197463,3.283286983743877,-3.286524534638544,0.003237716606732559,-2.4465221280197263e-07,-0.00020809557541321346
84.24,6.29586706801287e-05,-1.5699459774585884,1.570253247206879,-1.5699999999841612,-1.570000000000019,-4.461162957089023e-14,-0.0006995407851683,-0.0006002504064124,-0.0028138577147393,-4.416570696738049e-13,-1.016788598506268e-12,3.8713398560483245e-13,-0.4556736579492097,-1.1030476835958731,-9.769189701539933,0.016085766249644935,0.002577720252504635,0.015291434115848523,0.7999934196750692,5.7721488166171525e-12,0.0,0.0,0.0,-2.0525435972517975e-12,-0.00016855861906592704,3.2832939082437225,-3.2864839164184025,0.003190142402374014,-1.860206768384586e-07,-0.0001685585719164605
84.26,5.09965232529317e-05,-1.5699562417405382,1.5702051302399551,-1.5699999999841734,-1.570000000000037,-3.759218432175318e-14,-0.0005666280360468,-0.0004862028290216,-0.0022792247489142,-4.062330111044782e-13,-7.799245216853422e-13,3.3873192361342523e-13,-0.397102554599789,-0.9407364821698438,-9.77739764341228,0.014667106998409044,0.0023798162548148826,0.019489520302743344,0.7999897195588308,5.7038183450977546e-12,0.0,0.0,0.0,-2.2229233455783435e-12,-0.00013653298524765129,3.2832936345929333,-3.2864451273843134,0.0031516015162175804,-1.427063426898109e-07,-0.00013653295618196474
84.28,4.130718383591282e-05,-1.569964555808913,1.5701661554967472,-1.569999999984185,-1.5700000000000505,-3.1485022482425817e-14,-0.0004589687092428,-0.0003938242913665,-0.0018461720466048,-3.678840381304552e-13,-5.770294250000966e-13,2.9392021723323626e-13,-0.3319167785487716,-0.7720303942461981,-9.783085186606572,0.013307560480547948,0.0020744367240884223,0.02273395436625191,0.7999851065254661,5.643188705591219e-12,0.0,0.0,0.0,-2.342937866385661e-12,-0.000110591824312944,3.2832867779274197,-3.2864070669658423,0.003120377105632143,-1.1036249630514188e-07,-0.00011059180665545622
84.3,3.345881890739985e-05,-1.5699712902042935,1.5701345859547498,-1.569999999984193,-1.5700000000000596,-2.6211465666507813e-14,-0.0003717646545194,-0.000318997675884,-0.0014953993577441,-3.349675259720127e-13,-4.1190742629910673e-13,2.532299861389241e-13,-0.2695638908677161,-0.6114302763483472,-9.786367602230534,0.011891532414236293,0.001548282780750969,0.0251661053549036,0.7999796759605754,5.592021735191562e-12,0.0,0.0,0.0,-2.407968470609177e-12,-8.957925670074186e-05,3.2832742695510126,-3.286369277094739,0.0030950788780686974,-8.596226527710333e-08,-8.957924626571255e-05
84.32,2.7101643314779323e-05,-1.569976745064551,1.570109014625732,-1.5699999999841994,-1.5700000000000665,-2.168837686315421e-14,-0.000301129370184,-0.0002583881173566,-0.0012112734797774,-3.269495866322028e-13,-2.674816485721842e-13,2.167014596838625e-13,-0.21734069498001143,-0.4669858025883997,-9.787542904816533,0.010195423367736834,0.0006682500207911761,0.026720807251340142,0.7999736772253201,5.553635982940686e-12,0.0,0.0,0.0,-2.406298472655544e-12,-7.255897230970553e-05,3.2832575698264934,-3.286332093353713,0.0030745813078629698,-6.737799094098349e-08,-7.25589664387218e-05
84.34,2.1952331084388e-05,-1.5699811635013567,1.570088301849226,-1.5699999999842056,-1.570000000000071,-1.7832573193097832e-14,-0.0002439147898652,-0.0002092943749669,-0.0009811315186158,-3.180094549941465e-13,-1.637071953869659e-13,1.843703181780425e-13,-0.18092886651454135,-0.3417071716254022,-9.787057153904067,0.00789814566337606,-0.0007126118216121012,0.027111824376262496,0.7999675670457742,5.532999035113019e-12,0.0,0.0,0.0,-2.319172355348807e-12,-5.877252644312973e-05,3.283238906963328,-3.2862968338084126,0.0030579736472127646,-5.309892528674462e-08,-5.877252341160078e-05
84.36,1.7781388177806008e-05,-1.5699847424351685,1.5700715245002574,-1.5699999999842114,-1.570000000000075,-1.4673805319382223e-14,-0.0001975709797532,-0.0001695284438002,-0.0007947165300658,-2.128065521059096e-13,-1.218852840176505e-13,1.373085952460795e-13,-0.16483038957189822,-0.23486018542923714,-9.785490260582911,0.004595870729844131,-0.002745505955587524,0.025824118689835474,0.7999620675760851,5.537235613771824e-12,0.0,0.0,0.0,-2.1188886676779807e-12,-4.7605554232578406e-05,3.2832215312124537,-3.2862660127900245,0.003044519487142106,-4.2040883587422065e-08,-4.760555288294074e-05
84.38,1.4402924423738018e-05,-1.569987641371557,1.5700579348475916,-1.569999999984217,-1.5700000000000751,-1.2163950472030855e-14,-0.0001600324936237,-0.0001373180393748,-0.0006437203893435,-2.2088362022172885e-13,-4.896807857645961e-14,1.2331812918639064e-13,-0.17265089176866852,-0.14311596329847442,-9.78355787538917,-0.00017601131175107432,-0.00557123309655351,0.022116736448253738,0.7999582242476094,5.575783458260187e-12,0.0,0.0,0.0,-1.7687796751883125e-12,-3.856040097856247e-05,3.2832099651379614,-3.2862435584715484,0.003033624040263602,-3.341722329870871e-08,-3.856040049281995e-05
84.4,1.1666368782548185e-05,-1.5699899895100298,1.5700469272289344,-1.569999999984222,-1.5700000000000751,-9.933016679997414e-15,-0.0001296263198461,-0.0001112276118951,-0.0005214135153533,-1.6259921276448626e-13,-7.485786337895244e-14,9.969127612347473e-14,-0.20719514185520185,-0.06157363961629094,-9.782123512996781,-0.006909908299855954,-0.00929902683608416,0.01504252957318702,0.799957455846455,5.659563544941301e-12,0.0,0.0,0.0,-1.2279203512466572e-12,-3.123395064398384e-05,3.283210219534865,-3.286235002313086,0.003024807650649749,-2.6650820182464817e-08,-3.123395040675501e-05
84.42,9.449758715899064e-06,-1.5699918915021949,1.5700380110578214,-1.5699999999842238,-1.5700000000000718,-9.2351406252789e-15,-0.0001049973189422,-9.009436565942248e-05,-0.000422344947439,-1.0410513198909018e-13,1.6046294114376494e-13,3.2228728657991614e-14,-0.27032230383847294,0.015314619298312902,-9.78221366145483,-0.016077624297498056,-0.013977570371053816,0.0034930151999988863,0.799961586048046,5.7995564934494965e-12,0.0,0.0,0.0,-4.582936853414794e-13,-2.529966574704965e-05,3.2832299312570683,-3.286247595412768,0.003017684302500689,-2.1313610157508314e-08,-2.5299665248910642e-05
84.44,7.654304560331297e-06,-1.5699934321158453,1.5700307889592195,-1.5699999999842285,-1.5700000000000702,-8.005657286562713e-15,-8.504782861050755e-05,-7.297643590707616e-05,-0.0003420994074412,-2.491895414658531e-13,-1.155049204627892e-13,1.320859129130868e-13,-0.3624996290212987,0.09288578221760364,-9.785027124228069,-0.028061920570368354,-0.019557242331652323,-0.013721115173540528,0.7999728419738238,6.005704657186696e-12,0.0,0.0,0.0,5.701757900829645e-13,-2.0493038919377027e-05,3.283278364092259,-3.2862902918842765,0.0030119441111746245,-1.7084709197483432e-08,-2.0493037724922448e-05
84.46,6.19998669118405e-06,-1.569994680012898,1.5700249390593526,-1.5699999999842331,-1.5700000000000705,-5.6044017192249455e-15,-6.888874115961442e-05,-5.911091297552227e-05,-0.0002771005200379,-2.629036722379835e-13,5.037967761778374e-14,1.104778182490758e-13,-0.4820735322497201,0.1754851689685009,-9.791928138028652,-0.04306371112902373,-0.025843292518785567,-0.03774231015370646,0.7999938014269911,6.286448185633599e-12,0.0,0.0,0.0,1.877999473976734e-12,-1.6599808526504054e-05,3.2833661977059725,-3.286373523435413,0.0030073389483099393,-1.3721163513575129e-08,-1.659980624065677e-05
84.48,5.021989217484666e-06,-1.5699956908095087,1.5700202006404598,-1.5699999999842382,-1.5700000000000671,-3.7810441873106466e-15,-5.579988021186622e-05,-4.787983938258753e-05,-0.0002244514212312,-2.7988858574288776e-13,3.95373390814306e-13,4.2764519596810496e-14,-0.6243247551802521,0.26580280219724245,-9.804411107450791,-0.06098157170670511,-0.032440680202725926,-0.06948269988772199,0.8000272666628246,6.648016880086701e-12,0.0,0.0,0.0,3.473418527989642e-12,-1.3446413223304723e-05,3.283505014016733,-3.286508673795596,0.003003670486596251,-1.1037304924757729e-08,-1.3446409483512919e-05
84.5,4.067811265882159e-06,-1.5699965095547626,1.5700163625211572,-1.569999999984243,-1.570000000000061,-3.036857829740101e-15,-4.519790297891092e-05,-3.878266987304783e-05,-0.0001818056512039,-2.4636333996319253e-13,3.18400740487702e-13,3.870065096873694e-14,-0.7802776332375599,0.3642521961713228,-9.824023475824205,-0.08126219956189726,-0.03869280869259573,-0.10937836019110173,0.8000760393900272,7.092403490518655e-12,0.0,0.0,0.0,5.343566535500386e-12,-1.0892260247343646e-05,3.283706377350351,-3.286707148734503,0.0030007800579487085,-8.890037753448294e-09,-1.08922547308328e-05
84.52,3.294927124437251e-06,-1.5699971727384172,1.570013253644521,-1.5699999999842478,-1.5700000000000562,-2.1619079242238303e-15,-3.6610301465219206e-05,-3.1413962550785394e-05,-0.0001472625774715,-2.1931904644779547e-13,2.0834189776862318e-13,5.2854720171638544e-14,-0.9352176190802626,0.46823573265147655,-9.852232284344806,-0.10272363629412488,-0.04361844006799949,-0.15707229661103975,0.8001425699380168,7.613885233412845e-12,0.0,0.0,0.0,7.439353429788191e-12,-8.823462965914191e-06,3.283980397453412,-3.286978930236527,0.0029985398094710155,-7.168242255601654e-09,-8.823455414097762e-06
84.54,2.66889096945885e-06,-1.5699977099171765,1.5700107354544468,-1.5699999999842522,-1.5700000000000518,-1.277974960498527e-15,-2.965434417815537e-05,-2.544530965477304e-05,-0.0001192826877559,-1.8179095441112918e-13,1.9467344409520638e-13,3.999667257616646e-14,-1.0670577592719366,0.5712539244441619,-9.89021952702611,-0.12335773969392491,-0.04585371709681814,-0.2110192016219537,0.8002284541636401,8.194548526498611e-12,0.0,0.0,0.0,9.656730858360064e-12,-7.147768478259344e-06,3.2843336670359755,-3.287330506066569,0.0029968447225449312,-5.785055352483752e-09,-7.147758745123716e-06
84.56,2.1618012950591275e-06,-1.5699981450317906,1.5702644637962604,-1.5699999999839571,-1.5700000000008725,3.7860315671818395e-13,-2.402004380803934e-05,-2.0610698438281474e-05,-0.0029384865155297,-5.094344636077681e-11,-2.4522371980251198e-11,-8.3999566200324e-14,-1.1478139736328703,0.6630289002278624,-9.938627319275218,-0.14029610135435633,-0.04378706881073625,-0.2682541585472771,0.8003337559725148,8.80079159401267e-12,0.0,0.0,0.0,1.1824145773968015e-11,-5.790448639544362e-06,3.284765812560596,-3.2877614125851173,0.002995604635600378,-6.153180565029296e-09,-5.790435381823908e-06
84.58,1.7510585877519642e-06,-1.5699984974747363,1.5702142156768797,-1.5699999999847718,-1.5700000000012355,3.638233182661737e-13,-1.945622946235497e-05,-1.66946656487722e-05,-0.0023801740720003,-3.2201477267302894e-11,-1.1595264279176764e-11,-1.8827227578062204e-12,-1.1533598760997825,0.7329222088479818,-9.996091789953464,-0.1502972603309327,-0.03618669300306749,-0.3248651915233777,0.8004561428055139,9.385536801794812e-12,0.0,0.0,0.0,1.3718565975304639e-11,-4.690973085368455e-06,3.2852687575125237,-3.288263492888978,0.0029947391119896456,-4.747461468597029e-09,-4.6909584520879755e-06
84.6,1.4183570974198943e-06,-1.5699987829535231,1.5701735147002849,-1.5699999999852683,-1.5700000000013956,3.2694027425003913e-13,-1.575954829922019e-05,-1.3522679367140855e-05,-0.0019279410145631,-4.5027276158115474e-11,-4.468327688785705e-12,-7.49816282333152e-12,-1.0760581208202082,0.7754507753846833,-10.054333472536749,-0.15059582871164265,-0.022969996603251813,-0.3770825472818432,0.8005898377968512,9.898274106330704e-12,0.0,0.0,0.0,1.5118050729931302e-11,-3.8003150154326803e-06,3.2858179925371944,-3.288812156516173,0.0029941670052604837,-3.6903142486963873e-09,-3.8002993108483235e-06
84.62,1.148868996472312e-06,-1.569999014191345,1.5701405469093768,-1.569999999985474,-1.5700000000014076,2.875402810739618e-13,-1.2765222580381152e-05,-1.095337040540157e-05,-0.00156163219845,-5.420738028033014e-12,4.253910781569156e-12,-3.05500521662885e-12,-0.9279557340517335,0.7930196023659851,-10.091765123131138,-0.13944972404441056,-0.005346455681949932,-0.42209797236671476,0.8007244173465086,1.0298101481144951e-11,0.0,0.0,0.0,1.5864535904160798e-11,-3.078764855961469e-06,3.286370759703192,-3.2893645588732685,0.002993801621765496,-2.8874340425217896e-09,-3.0787486151253703e-06
84.64,9.30583683684043e-07,-1.569999201493993,1.5701138429987649,-1.569999999985594,-1.5700000000013512,2.399417051482304e-13,-1.0339826911602116e-05,-8.872230235172987e-06,-0.001264922079588,-1.5647936962972849e-12,8.958065029780055e-12,-4.15174944662193e-12,-0.7348364146627777,0.7944139312834299,-10.071236265509864,-0.11625304561070733,0.014624586751925467,-0.4582392262236585,0.8008435182850955,1.0563981929662459e-11,0.0,0.0,0.0,1.5908149644375672e-11,-2.494162845343521e-06,3.286859919200273,-3.2898534603852907,0.0029935431711741157,-2.2720889125012768e-09,-2.494146692514469e-06
84.66,7.537726529060537e-07,-1.5699993532091483,1.5700922128312282,-1.5699999999855936,-1.570000000001213,1.853141528767603e-13,-8.375252758662626e-06,-7.186507236715909e-06,-0.0010245868751517,1.2196785160350271e-11,1.4318818781491535e-11,-3.4186713654188118e-12,-0.5294739593308581,0.7917811459118602,-9.942468784304841,-0.08158633645471308,0.034495890904581356,-0.48483297430330063,0.8009235660208658,1.0700680748931605e-11,0.0,0.0,0.0,1.532728037870003e-11,-2.020466551453867e-06,3.2871887301772995,-3.2901820008614253,0.002993272293065551,-1.7965577473163481e-09,-2.020451065632455e-06
84.68,6.105556801825967e-07,-1.569999476098451,1.5700746923954598,-1.569999999985687,-1.5700000000011622,1.5483885226931005e-13,-6.783950062989637e-06,-5.821070763456005e-06,-0.0008299153660633,1.512583676745779e-11,1.885493909441205e-11,-4.66756291278049e-12,-0.3411706986050093,0.7927971608878785,-9.6557530073977,-0.03738149646008181,0.05173458028660084,-0.5019874266649185,0.8009326947187249,1.074024651247119e-11,0.0,0.0,0.0,1.4325725311368137e-11,-1.6365893266270667e-06,3.2872264195672085,-3.2902192628916898,0.0029928446277312747,-1.4263454178335319e-09,-1.6365748988231508e-06
84.7,4.945495168173331e-07,-1.5699995756387493,1.5700605008418005,-1.5699999999867158,-1.5700000000014664,7.521811757454811e-14,-5.495041950976673e-06,-4.715066024113231e-06,-0.0006722315148233,-8.316554020969258e-11,-2.3515749135276376e-11,-6.675024844925853e-12,-0.178459265288202,0.7846933244045277,-9.192856478511365,0.012835290338863655,0.0640150042280367,-0.5103375634932149,0.8008301021583486,1.0735059476736768e-11,0.0,0.0,0.0,1.3189562462906937e-11,-1.3254592702792362e-06,3.2868055348136567,-3.2897976210337543,0.0029920872755871556,-1.1362407563011168e-09,-1.3254460144812957e-06
84.719,0.0001440618731476,-1.568099022694828,1.5709532466353124,-1.5699999999839669,-1.5700000000005652,1.5981390942279958e-13,-4.450980706675726e-06,-3.818935807836654e-06,0.0820143861420406,5.743037829965183e-10,3.7557343682530914e-11,-5.3684434827248876e-12,-0.028333477051109147,0.7284637152445784,-8.581700226262498,0.06373965863325216,0.06978731998040177,-0.5107761825087522,0.8005926428709835,1.0737164096075013e-11,0.0,0.0,0.0,1.2180268586354659e-11,-0.00038540566311749523,3.285639578251847,-3.295765480264869,0.010126208919889815,-1.4069397632139842e-06,-0.00038540320508129676
84.74,0.0001166901168482,-1.5684602083801589,1.570781225881832,-1.5699999999827576,-1.570000000000151,6.687267501583086e-14,-0.0012965568775699,-0.0171087956295016,-0.0086802873939827,2.4340255505572728e-11,1.8960791778614615e-11,-4.145962110950474e-12,0.11782063607909482,0.5790688044415804,-7.8767003702845715,0.1084235927968529,0.06900296484720085,-0.5042625505369897,0.8002714582019572,1.0772967986483429e-11,0.0,0.0,0.0,1.1412771344993883e-11,-0.0003121446638714134,3.2843596467226908,-3.293126195216267,0.008766797061569931,-9.730607820285076e-07,-0.00031214323474398306
84.76,9.45189942354258e-05,-1.5687527687854508,1.5706327929673278,-1.5699999999824392,-1.5699999999998389,1.4469542867386703e-16,-0.0010502110715136,-0.0138581244616948,-0.0070310327943236,1.2302009020845328e-11,1.429581202494392e-11,-3.0006969131690653e-12,0.24995924041499895,0.3165958747833741,-7.15152961074192,0.13974703380204917,0.06312262486755338,-0.491818170784358,0.7999751943164746,1.0836413526022595e-11,0.0,0.0,0.0,1.0835204439757033e-11,-0.0002528035442773638,3.283174164880823,-3.2908400674948606,0.00766610392758646,-6.765901795613023e-07,-0.0002528027082013803
84.78,0.0002109895478333,-1.5750873422352012,1.57330245560441,-1.5699999999801666,-1.569999999999819,1.3267721091368324e-15,-0.0008506707395908,-1.705441063433592,0.484845142455958,8.894035811654598e-10,-2.208953880271716e-11,2.7288145701409587e-12,0.3538684517412418,-0.028682803812137697,-6.521977517820226,0.15304405178634253,0.054188734290276326,-0.474564882461399,0.7997718123507143,1.0904809967038614e-11,0.0,0.0,0.0,1.0322266819454872e-11,-0.0005671018207467372,3.2822052870347114,-3.266113744603202,-0.016091090833266687,5.606139704436259e-07,-0.0005671017131337282
84.8,0.0001709015347789,-1.58034740683589,1.5727331294030662,-1.569999999985731,-1.5699999999998462,-1.1697890646521184e-14,-0.0018989059350494,0.114971187112232,-0.0303681043417626,1.5743110198178194e-11,5.212776052281563e-12,-2.0066114026461024e-12,0.4248149876290801,-0.3777583596521931,-6.1350402131049995,0.14856019876782847,0.04398054672192657,-0.45361751915625986,0.799659704117732,1.0956995980162352e-11,0.0,0.0,0.0,9.768875566119578e-12,-0.0004612869383423648,3.281699926835164,-3.245887567644898,-0.035811991863582214,3.1450071360291447e-06,-0.0004612763535362885
84.82,0.0001384302432641,-1.578381399536176,1.572213834818916,-1.5699999999853378,-1.569999999999764,-4.4339728311422086e-14,-0.0015381138082992,0.0931266615628899,-0.0245981645149267,1.5212294341955878e-11,3.3661140721845135e-12,-1.433491563299083e-12,0.46572551854529376,-0.6515151065324863,-6.081253508464184,0.13101092994032226,0.033786688981500584,-0.42998110812223134,0.7996151404761704,1.0982213872332961e-11,0.0,0.0,0.0,9.128526340479532e-12,-0.0003730148778317864,3.2815876073260437,-3.2531480122182526,-0.028439298070275447,2.0035419691914405e-06,-0.00037300960620925607
84.84,0.0001121284971285,-1.5767889336234095,1.5717932062057454,-1.5699999999850351,-1.5699999999997134,-6.723883185035107e-14,-0.0012458721851578,0.0754325958658502,-0.0199245132574836,1.159595282209519e-11,1.9464404724502467e-12,-9.864546516875213e-13,0.48120785605465416,-0.820951409673461,-6.327116397648271,0.10648144658717425,0.024446145527055624,-0.4045859882751004,0.7996174766138362,1.0980955351809544e-11,0.0,0.0,0.0,8.411443460554942e-12,-0.0003017464896783914,3.2816498665352247,-3.2591807309784615,-0.02246889527002382,1.2671506323804986e-06,-0.00030174391629884815
84.86,9.082408275081209e-05,-1.5754990362340704,1.5714524970290693,-1.5699999999848009,-1.5699999999996863,-8.265902288045289e-14,-0.0010091564703757,0.0611004026512995,-0.0161388557388676,8.783748115795062e-12,8.92422412213773e-13,-6.446209939534736e-13,0.4757051944997576,-0.900285837031203,-6.76365010340127,0.07990801722869041,0.016425797444955387,-0.3783161174188754,0.7996497043270275,1.0959991939711615e-11,0.0,0.0,0.0,7.656497642180226e-12,-0.00024416524928010564,3.281821853179032,-3.2641882703109713,-0.017633388433723814,7.935874974010919e-07,-0.0002441640293745036
84.88,7.35675070975895e-05,-1.5744542193487057,1.571176522595958,-1.5699999999846226,-1.5699999999996768,-9.238201699168045e-14,-0.000817416741367,0.0494913261475521,-0.0130724731487415,6.598666152878539e-12,1.260827748460105e-13,-3.8541313695204804e-13,0.45405486722725563,-0.9139278896862728,-7.287438775473467,0.05455988756676734,0.009913677574271786,-0.35195656451872515,0.7996985140843836,1.0927166943684895e-11,0.0,0.0,0.0,6.904351757242869e-12,-0.00019761626806947443,3.2820524193036693,-3.26833560675558,-0.013716655181414511,4.903585463226255e-07,-0.00019761571544101296
84.9,5.958968081188869e-05,-1.5736079176715598,1.570952983305133,-1.5699999999844874,-1.5699999999996797,-9.780467931085711e-14,-0.0006621075608372,0.0400879741795449,-0.0105887032506933,4.903364742231756e-12,-4.2016351403423486e-13,-1.9090282197924133e-13,0.42138548465115494,-0.8832062064116472,-7.8251393256447415,0.032359219624738964,0.004905047999248675,-0.32613748919090163,0.799754037704474,1.0889616962857233e-11,0.0,0.0,0.0,6.1889793316836256e-12,-0.00015996921147996861,3.2823035297630963,-3.2717594884352086,-0.010543913940315076,2.973198018159014e-07,-0.0001599689797123033
84.92,4.826764151447967e-05,-1.5729224133130717,1.570771916479562,-1.5699999999843863,-1.569999999999691,-1.0001960368107326e-13,-0.0005363071245777,0.0324712590854811,-0.0085768496332441,3.609032167626973e-12,-7.97262875225249e-13,-4.6958232658225747e-14,0.38256742945087047,-0.8257585431801343,-8.328590710971284,0.014224419556839618,0.001272943549288313,-0.3013108148917205,0.7998094068661192,1.0853623785584227e-11,0.0,0.0,0.0,5.53753433567015e-12,-0.00012951127382701278,3.282548763425134,-3.2745749159396587,-0.007973744352254746,1.7538022357459643e-07,-0.00012951119060803517
84.94,3.909678967813925e-05,-1.5723671547826945,1.5706252523508455,-1.5699999999843095,-1.5699999999997083,-9.987768154893229e-14,-0.0004344087711797,0.0263017198593016,-0.0069472482030846,2.613256507889849e-12,-1.046426120870892e-12,5.787682616151257e-14,0.3418675163651258,-0.7554154394588763,-8.769653663517397,0.00036826001813105094,-0.00117703149852757,-0.27775018879042473,0.7998602289691461,1.0824512022687293e-11,0.0,0.0,0.0,4.970430736565584e-12,-0.0001048631236427616,3.2827713738416238,-3.2768796190888554,-0.005891671247475871,9.915599386723784e-08,-0.00010486310504082424
84.96,3.1668399685770736e-05,-1.5719173953730867,1.570506454406582,-1.5699999999842542,-1.5699999999997298,-9.803921269152917e-14,-0.000351871104902,0.0213043930861099,-0.005627271044612,1.8447067468398484e-12,-1.1942936230084373e-12,1.3224776905084584e-13,0.3027495855415044,-0.6823977738599647,-9.135292234673674,-0.009456415236167576,-0.002666339010941679,-0.2555665305375686,0.7999040520936372,1.0806481561789704e-11,0.0,0.0,0.0,4.501085444410968e-12,-8.491253693508235e-05,3.282962237565796,-3.2787571698910303,-0.0042050000566391365,5.218844121446895e-08,-8.491254331900012e-05
84.98,2.5651403787482297e-05,-1.5715530902513035,1.5704102280717265,-1.5699999999842131,-1.569999999999753,-9.501270713169066e-14,-0.0002850155951938,0.0172565583998294,-0.0045580895462235,1.2670994014771753e-12,-1.2736656110486858e-12,1.833411487949313e-13,0.26776940310374986,-0.6136854667215774,-9.423205610946834,-0.01576392301478142,-0.003415590538576736,-0.23473357902023495,0.7999398659491602,1.0802404802358498e-11,0.0,0.0,0.0,4.1355023664238525e-12,-6.876174914184922e-05,3.283117904870812,-3.2802791957255244,-0.00283865438846051,2.382837636045572e-08,-6.876176267931441e-05
85.0,2.077763710582049e-05,-1.5712580031026588,1.5703322847404917,-1.5699999999841834,-1.5699999999997778,-9.118811318339873e-14,-0.000230862632309,0.0139778123039609,-0.0036920525325175,8.158679318888331e-13,-1.2943437113939733e-12,2.166612565355705e-13,0.2385209800085233,-0.5534503449174893,-9.638163754819319,-0.0191920757374361,-0.0036268191581764362,-0.21511977234912835,0.7999676659966986,1.0813569032027105e-11,0.0,0.0,0.0,3.871619206138987e-12,-5.568551940633844e-05,3.2832388792264444,-3.281507017693922,-0.0017318171886462404,7.2052354863042495e-09,-5.568553272461656e-05
85.02,1.6829886090009344e-05,-1.5710189825122542,1.5702691506421909,-1.569999999984164,-1.5699999999998024,-8.686140032658886e-14,-0.0001869987323532,0.0113220279663113,-0.0029905625513989,4.793604037745935e-13,-1.2742309886003193e-12,2.3650832269191124e-13,0.2156013068544497,-0.5034787397150068,-9.789088749925543,-0.020401291479004012,-0.0034736811973660204,-0.1965244391338831,0.7999880931020895,1.0839293353771219e-11,0.0,0.0,0.0,3.6980871415673145e-12,-4.509761184271041e-05,3.283328186101758,-3.2824929328649888,-0.000835217324329058,-2.0968105411959504e-09,-4.5097622394333106e-05
85.04,1.3632207763884284e-05,-1.570825375834024,1.570218012022566,-1.569999999984151,-1.569999999999826,-8.225591172868068e-14,-0.0001514689733717,0.0091708426528124,-0.0024223556666921,2.307248664313536e-13,-1.230851920765771e-12,2.4624894408731973e-13,0.19857098157379902,-0.463537932538041,-9.886848749577272,-0.020009049031420915,-0.0030975088920176027,-0.1787175729948154,0.8000021505795966,1.0876357426872758e-11,0.0,0.0,0.0,3.5922375344979393e-12,-3.652392717080346e-05,3.28339024529827,-3.283281280721252,-0.00010893549203241553,-6.901670288239822e-09,-3.6523934507352336e-05
85.06,1.1042088343029386e-05,-1.570668554424681,1.57017658974067,-1.5699999999841274,-1.5699999999998242,-8.518786039853198e-14,-0.0001226898670558,0.0074283825469277,-0.0019621080899299,1.2217980364145464e-12,-2.134849371934755e-13,-1.479140296573381e-13,0.18608818634200672,-0.4318360796497683,-9.94268613540666,-0.018552140327997714,-0.002607414981436968,-0.16148212075160212,0.8000109936006321,1.0918870319004966e-11,0.0,0.0,0.0,3.5203602239431797e-12,-2.9580914678402906e-05,3.283430030601919,-3.283909378344317,0.00047937129847385536,-9.003308340773291e-09,-2.9580919166935515e-05
85.08,8.944091609239935e-06,-1.5705415290831206,1.5701430376923349,-1.5699999999841066,-1.569999999999835,-8.584671944034642e-14,-9.937879286536e-05,0.00601698986344,-0.0015893075528993,6.61614528083259e-13,-7.706975587774313e-13,3.911752649229938e-14,0.17646325261990495,-0.40589513867986865,-9.967178731499859,-0.016469692771850255,-0.0020829731822990857,-0.14465083781387203,0.8000157819315048,1.0959772873711525e-11,0.0,0.0,0.0,3.4458657847675556e-12,-2.395819387266446e-05,3.2834524826431233,-3.2844083709170775,0.0009559073525064466,-9.531416842104297e-09,-2.3958196127141854e-05
85.1,7.244714244815472e-06,-1.5704386385564395,1.5701158605331809,-1.5699999999841012,-1.569999999999846,-8.416762050959558e-14,-8.049682304770391e-05,0.0048737617909215,-0.001287339117974,-4.1469505916236563e-13,-6.697982995334823e-13,2.135460252096315e-13,0.16825683652120868,-0.38360751303957413,-9.96962604031128,-0.014100825616229232,-0.0015783253555269347,-0.12812327138943794,0.8000175851174197,1.0993459323120791e-11,0.0,0.0,0.0,3.342138829277604e-12,-1.9404544817691872e-05,3.2834621323173683,-3.284804019679427,0.0013419028144159213,-9.188997219490299e-09,-1.940454545298402e-05
85.12,5.868218567487319e-06,-1.5703552972298107,1.5700938470342658,-1.5699999999841072,-1.56999999999986,-7.962341006979937e-14,-6.520242690117442e-05,0.003947747050817,-0.0010427446855879,-4.743095141228641e-13,-8.112893359500314e-13,2.50713946131631e-13,0.1603590332938251,-0.36367153344250164,-9.957756830298536,-0.01169187910442099,-0.0011268688823721416,-0.11186349708950069,0.800017328919867,1.1016975149152723e-11,0.0,0.0,0.0,3.1974034859271913e-12,-1.5716600726605843e-05,3.2834628902065988,-3.2851174349179586,0.0016545572269097675,-8.406440321896294e-09,-1.571660026511063e-05
85.14,4.753257070378741e-06,-1.5702877907552428,1.5700760161001432,-1.5699999999841112,-1.5699999999998706,-7.662093112805827e-14,-5.28139633785216e-05,0.0031976751094323,-0.0008446231951681,7.779841732587136e-13,2.137969566873765e-12,-7.017469016903227e-13,0.15166223344019408,-0.3451541887909164,-9.937665981173694,-0.009409255482388643,-0.0007459358224941073,-0.09590161446487357,0.800015772514807,1.102851257127447e-11,0.0,0.0,0.0,3.0062259662776986e-12,-1.2729713908346898e-05,3.2834579598856433,-3.2853657539232204,0.001907804174585141,-7.441178586458988e-09,-1.2729712761819733e-05
85.16,3.850138291492329e-06,-1.5702331105108671,1.5700615730435072,-1.5699999999840983,-1.56999999999984,-8.698982764501071e-14,-4.277931095004267e-05,0.0025901168390506,-0.0006841447881403,3.324759934866199e-13,9.944312371847801e-13,-3.529899964449697e-13,0.14082174489033472,-0.32690830007384697,-9.913906162494692,-0.007354765630549924,-0.0004410870682256217,-0.08034966303820025,0.800013507251087,1.1025388178383659e-11,0.0,0.0,0.0,2.7593250465432757e-12,-1.0310572408837234e-05,3.283449838010633,-3.2855627607814455,0.0021129309813941316,-6.4419335302536985e-09,-1.0310570906745133e-05
85.18,3.118612066671713e-06,-1.570188819512913,1.5700498741676294,-1.5699999999840943,-1.5699999999998318,-9.040316934021198e-14,-3.4651242528377946e-05,0.0020979946400947,-0.0005541572784384,-6.374221846015696e-14,3.7361417128470304e-14,-4.90010016883282e-14,0.1265951305675141,-0.3076757795965438,-9.889677971954821,-0.005580881025590686,-0.00020981894067840932,-0.0654068902146417,0.8000109693362792,1.1004642693809573e-11,0.0,0.0,0.0,2.4467970454308146e-12,-8.351228690893264e-06,3.2834403703235417,-3.285719444614965,0.002279080941728232,-5.489940668798247e-09,-8.35122708867269e-06
85.2,2.526075813325776e-06,-1.570152943804562,1.5700403980781703,-1.5699999999840972,-1.5699999999998375,-8.910293675422498e-14,-2.8067506979107158e-05,0.0016993756588639,-0.0004488673955825,-3.2281751099368897e-13,-5.746816639167038e-13,1.5340640812776948e-13,0.1085433337410405,-0.2866845602025584,-9.867067561279526,-0.004104073937032598,-4.460722221080931e-05,-0.05132793099979056,0.8000084604357963,1.0965534534160777e-11,0.0,0.0,0.0,2.070141353944127e-12,-6.764269366058552e-06,3.2834308392153666,-3.2858444941645417,0.0024136603357415133,-4.625278010985524e-09,-6.7642678596467725e-06
85.22,2.046121439068043e-06,-1.5701238844807914,1.5700327224457062,-1.5699999999841048,-1.5699999999998528,-8.473994702974267e-14,-2.2734681079903856e-05,0.0013764942840062,-0.0003635825904687,-4.926189012307148e-13,-9.397923486241437e-13,2.813158760166202e-13,0.08723394261449631,-0.2639064376662077,-9.847286132849941,-0.00291574502484862,6.471366822952587e-05,-0.038366484477120516,0.8000061716924033,1.0910520538400468e-11,0.0,0.0,0.0,1.6461067602889954e-12,-5.4789059694021205e-06,3.283422064642013,-3.285944728539521,0.0025226682605052537,-3.86352993043119e-09,-5.478904698817482e-06
85.24,1.6573583886633363e-06,-1.5701003464285312,1.5700265051834106,-1.569999999984114,-1.569999999999873,-7.851588055319527e-14,-1.84150920163916e-05,0.001114960370319,-0.0002945018983105,-5.977782624961772e-13,-1.1283796739049257e-12,3.5541671365160125e-13,0.06385206349958034,-0.23983888526696173,-9.830887741860007,-0.001991082473321829,0.0001291960879249806,-0.026727552723986026,0.8000042080098377,1.0844245938111117e-11,0.0,0.0,0.0,1.2006876976544818e-12,-4.4378111122755e-06,3.2834145056070647,-3.286025465965476,0.002610963892356628,-3.206253567442453e-09,-4.437810160276966e-06
85.26,1.3424603120399629e-06,-1.5700812806061952,1.570021469200949,-1.5699999999841263,-1.5699999999998953,-7.129254361445102e-14,-1.4916224805584186e-05,0.0009031179001868,-0.000238546537659,-6.376784489140472e-13,-1.1924253986696437e-12,3.912280321109925e-13,0.0397639984164784,-0.21521565072386079,-9.817959679950118,-0.001296145877269799,0.00015957432675864334,-0.016543166271069363,0.8000026105550274,1.0772275131163673e-11,0.0,0.0,0.0,7.622961170504577e-13,-3.5945573330834145e-06,3.2834083539399015,-3.286090834109414,0.0026824830319534527,-2.6474455958377374e-09,-3.5945567363426075e-06
85.28,1.0873928653676864e-06,-1.5700658372901,1.570017390055155,-1.5699999999841392,-1.5699999999999177,-6.367659552464685e-14,-1.2082142308477274e-05,0.000731525499348,-0.0001932226955343,-6.438083370045857e-13,-1.1824755861163521e-12,4.0041133039106317e-13,0.016243707826568875,-0.1908123161592381,-9.808282210268015,-0.0007932779827061048,0.00016551320197766953,-0.007867486879145853,0.8000013763101184,1.070013121966522e-11,0.0,0.0,0.0,3.569364508396866e-13,-2.9115437120964586e-06,3.2834036156633237,-3.286144026887085,0.0027404135423027788,-2.177483234435035e-09,-2.9115434636054263e-06
85.3,8.807882299208198e-07,-1.5700533282040592,1.5700140859470617,-1.569999999984152,-1.5699999999999397,-5.6083561986838766e-14,-9.786535440100228e-06,0.0005925356546349,-0.0001565103833848,-6.245036550420153e-13,-1.116993679786289e-12,3.915932443422448e-13,-0.005678030546094301,-0.16732688512145544,-9.801455793563429,-0.00044498410110301197,0.00015520969058553788,-0.0006839131628522591,0.800000474161713,1.0632783198301054e-11,0.0,0.0,0.0,5.94026988205858e-15,-2.3583171359263647e-06,3.2834001779152167,-3.286187513509881,0.002787337472654182,-1.7854450184637461e-09,-2.3583172027268655e-06
85.32,7.134384723481833e-07,-1.5700431958443632,1.5700114096195046,-1.5699999999841647,-1.56999999999996,-4.8787891736556967e-14,-7.927093839714457e-06,0.0004799538804038,-0.0001267734105592,-5.88174104037802e-13,-1.0072133696641128e-12,3.7117046894989664e-13,-0.02527641997538836,-0.14531675718012133,-9.79699722639118,-0.00021649665663913233,0.00013525407042994,0.005081368591762701,0.7999998574767379,1.0574634057127832e-11,0.0,0.0,0.0,-2.7371689366343396e-13,-1.9102130752599227e-06,3.28339786126819,-3.286223205933746,0.002825346186709638,-1.4604352745518901e-09,-1.9102133971152072e-06
85.34,5.778851664851538e-07,-1.5700349886330076,1.5700092417941842,-1.5699999999841745,-1.569999999999978,-4.196096207556014e-14,-6.420946113532888e-06,0.0003887626432481,-0.0001026864625576,-5.52857169910603e-13,-9.024423406059562e-13,3.438451094149912e-13,-0.04213586065286386,-0.12517576289484467,-9.79440810270489,-7.72737712971218e-05,0.00011066925825880622,0.009543366492944102,0.7999994734147416,1.052920775437266e-11,0.0,0.0,0.0,-4.706056889271883e-13,-1.5472549331937906e-06,3.283396458511827,-3.2862525908974614,0.0028561336177543055,-1.1922840552486727e-09,-1.547255435950816e-06
85.36,4.680869870155149e-07,-1.5700283407918063,1.5700074858556743,-1.5699999999841832,-1.5699999999999934,-3.569965958341806e-14,-5.200966431322844e-06,0.000314897741132,-8.317603468164793e-05,-5.300192109357495e-13,-7.745911879709086e-13,3.128410464031282e-13,-0.056115838806530614,-0.107137701735217,-9.793220012195128,-1.6802466248858586e-06,8.506160362842778e-05,0.012842472439216514,0.7999992693990086,1.0498093694760178e-11,0.0,0.0,0.0,-5.835049561044459e-13,-1.2532627984284802e-06,3.283395761661181,-3.286276832466283,0.002881071803109366,-9.71870291276094e-10,-1.2532634033379503e-06
85.38,3.791504603331564e-07,-1.5700229560404315,1.5700060635454804,-1.569999999984192,-1.5700000000000067,-3.0047813438732305e-14,-4.212782869480763e-06,0.0002550671703956,-6.737258809523629e-05,-4.971072754551397e-13,-6.696151011300678e-13,2.8053162599844935e-13,-0.06729601814679631,-0.0912956619299282,-9.793021176493362,3.092158788190888e-05,6.0831247943400993e-05,0.01513050890359362,0.7999991972456232,1.0480167845920367e-11,0.0,0.0,0.0,-6.243360186324091e-13,-1.015131704543126e-06,3.2833955792637486,-3.2862968505184083,0.002901272063036405,-7.912295798652145e-10,-1.0151323422901668e-06
85.4,3.071118727352734e-07,-1.570018594391818,1.5700049114742245,-1.569999999984201,-1.5700000000000178,-2.5012650853563584e-14,-3.4123541690388075e-06,0.0002066044081009,-5.4571796365779314e-05,-4.558311602474203e-13,-5.481235887535522e-13,2.485345938858168e-13,-0.07591210603707377,-0.07762905105855417,-9.793469030857567,3.6475841015287406e-05,3.940395832385181e-05,0.01655951793333681,0.7999992154587593,1.0472249886696498e-11,0.0,0.0,0.0,-6.139665520361264e-13,-8.222471380667299e-07,3.283395746109119,-3.2863133800057858,0.0029176345514480262,-6.435271390952882e-10,-8.222477608258676e-07
85.42,2.4876061605602495e-07,-1.5700150614564383,1.5700039782965052,-1.5699999999842098,-1.5700000000000267,-2.0576816736074522e-14,-2.7640069094585604e-06,0.0001673495706294,-4.420315504985064e-05,-4.075910399970394e-13,-4.584240540951168e-13,2.1792905225234045e-13,-0.08229002168405215,-0.06603258443368117,-9.794292772311714,2.677322679204685e-05,2.1458342395871675e-05,0.017273637195775775,0.7999992901654817,1.0470689678601108e-11,0.0,0.0,0.0,-5.738944086225642e-13,-6.660116703366134e-07,3.283396127298272,-3.2863270151558055,0.0029308883878937284,-5.229810329589549e-10,-6.660122484051547e-07
85.44,2.0149609762669366e-07,-1.570012199778779,1.570003222422555,-1.5699999999842182,-1.5700000000000356,-1.6707710159471628e-14,-2.2388456195744603e-06,0.0001355531522535,-3.5804555596155764e-05,-3.55676995653106e-13,-3.591994861375573e-13,1.8929461896756298e-13,-0.08678279805529449,-0.05634340090398946,-9.795289259653108,1.0105423951975834e-05,7.132212318385734e-06,0.017404052525055322,0.7999993951029006,1.0472471600500277e-11,0.0,0.0,0.0,-5.208981164842393e-13,-5.394615967966064e-07,3.283396618378168,-3.2863382421095886,0.002941624161009359,-4.247448821553034e-10,-5.394621208030997e-07
85.46,1.632118373421779e-07,-1.5700098818198762,1.5700026101646551,-1.569999999984223,-1.57000000000004,-1.3362716382876576e-14,-1.8134649672090072e-06,0.0001097980533792,-2.900169004013156e-05,-3.2130105562624186e-13,-2.751474288819754e-13,1.6297679538253764e-13,-0.08971247425271368,-0.04836399598972163,-9.796314970744987,-8.054837254824882e-06,-3.8004420340249115e-06,0.017066803418937366,0.7999995109985851,1.0475486521109319e-11,0.0,0.0,0.0,-4.661010828028641e-13,-4.369564539059494e-07,3.283397142949811,-3.286347462855366,0.0029503202535170656,-3.447833673476264e-10,-4.3695692222727744e-07
85.48,1.3220158628196148e-07,-1.5700080042731626,1.5700021142357572,-1.5699999999842271,-1.5700000000000445,-1.04947949402845e-14,-1.468906632886497e-06,8.89364232865134e-05,-2.3491368955023437e-05,-3.0244590316761853e-13,-2.0842225430202151e-13,1.3919302840735169e-13,-0.09131791371041381,-0.04187981148735608,-9.797276068672913,-2.4407591916277337e-05,-1.1784738842393795e-05,0.01636310671344034,0.799999624611615,1.0478501788245356e-11,0.0,0.0,0.0,-4.1555799000124266e-13,-3.5392756192111105e-07,3.2833976488543395,-3.2863550127359304,0.002957364163432386,-2.7975863221375734e-10,-3.539279776565747e-07
85.5,1.0708328279138259e-07,-1.570006483460323,1.570001712533348,-1.5699999999842316,-1.570000000000049,-8.055593163424449e-15,-1.1898143775460067e-06,7.203850288677681e-05,-1.902800887634188e-05,-2.805536395377156e-13,-1.3822834766592145e-13,1.1793479011429225e-13,-0.09170893092807783,-0.03667115258398292,-9.798118043866804,-3.724953668089724e-05,-1.7371409392037296e-05,0.01538181725519554,0.7999997276330214,1.0481146475692448e-11,0.0,0.0,0.0,-3.707211696180212e-13,-2.866743263137548e-07,3.283398103758537,-3.2863611733030336,0.0029630697727829566,-2.2691909722732347e-10,-2.8667469996578073e-07
85.52,8.67374532343815e-08,-1.5700052516019232,1.5700013871543976,-1.569999999984236,-1.5700000000000585,-4.6672534727114416e-15,-9.63749832159448e-07,5.835118733836221e-05,-1.541268719093254e-05,-2.4408034725411146e-13,-4.431899213227098e-13,1.6558613289259724e-13,-0.0908608964511518,-0.03252079381567594,-9.798815880625833,-4.5986404605373426e-05,-2.1130736535743683e-05,0.014203242872099073,0.7999998155843826,1.0483802396364685e-11,0.0,0.0,0.0,-3.293237091568041e-13,-2.321993089006694e-07,3.2833984907138913,-3.2863661818632033,0.0029676913342196617,-1.840103203424602e-10,-2.321996392012679e-07
85.54,7.025733170767284e-08,-1.5700042537966203,1.5700011235974458,-1.5699999999842404,-1.5700000000000651,-2.0186763185725023e-15,-7.806373091433208e-07,4.726446175772047e-05,-1.2484276634008104e-05,-2.1202046455563877e-13,-2.292550719913884e-13,1.1769273266192242e-13,-0.08871039294082168,-0.029220943720284543,-9.799365283219641,-5.074009188558466e-05,-2.3587847663295573e-05,0.012902229030784284,0.7999998868037237,1.0487056493032072e-11,0.0,0.0,0.0,-2.882966685892002e-13,-1.8807460979461305e-07,3.283398804058709,-3.286370238708634,0.002971434799694922,-1.4918075515833142e-10,-1.880748982688307e-07
85.56,5.690843421637669e-08,-1.5700034455743246,1.5700009101163153,-1.5699999999842449,-1.570000000000068,-1.568510892317206e-16,-6.323161753519051e-07,3.828421405769063e-05,-1.0112264071424754e-05,-1.800711714316716e-13,-7.839595917490745e-14,8.174778162609119e-14,-0.0852978480102197,-0.02658143275037725,-9.799775287254146,-5.204823832576972e-05,-2.5172580865242423e-05,0.011548001233747478,0.7999999415688852,1.0490861453386932e-11,0.0,0.0,0.0,-2.478557753705674e-13,-1.5233365340984065e-07,3.283399045872172,-3.2863735127472533,0.002974466996388055,-1.2092187871406048e-10,-1.5233390117672792e-07
85.58,4.6095828025082925e-08,-1.5700027909142629,1.570000737196599,-1.569999999984249,-1.570000000000068,1.1173080841036822e-15,-5.121760649836631e-07,3.10102134116958e-05,-8.190933889086419e-06,-1.476807603835543e-13,1.8924258276899783e-14,5.506655973087004e-14,-0.08081401501323249,-0.024436055417698287,-9.800062435468588,-5.064636040337091e-05,-2.617961255502085e-05,0.010200973016869458,0.7999999813794949,1.0494201882459666e-11,0.0,0.0,0.0,-2.1284047737956679e-13,-1.233835045876733e-07,3.283399223069386,-3.2863761460302428,0.0029769230591097846,-9.800005621226024e-11,-1.233837188491791e-07
85.6,3.733761764906426e-08,-1.5700022606396142,1.5700005971316304,-1.569999999984253,-1.570000000000068,1.9558657772358838e-15,-4.1486258211325566e-07,2.5118272875558452e-05,-6.634656450292614e-06,-1.1499037399359538e-13,9.655155834558001e-14,3.5360578770355765e-14,-0.075540483763822,-0.022643763776592177,-9.80024645108516,-4.7317670514535924e-05,-2.673757184561919e-05,0.008909485955673209,0.8000000083983619,1.0495518671410013e-11,0.0,0.0,0.0,-1.9031458600026457e-13,-9.993391358681932e-08,3.2833993451427403,-3.2863782575138054,0.002978912450644317,-7.941497692943331e-11,-9.993410390135909e-08
85.62,3.024346777039982e-08,-1.5700018311171478,1.5700004836790054,-1.569999999984253,-1.5700000000000645,2.4749908326276663e-15,-3.360386663383534e-07,2.0345801056066443e-05,-5.374071726133217e-06,-1.1075694789832721e-13,1.4976079060476468e-13,2.0935543727627516e-14,-0.06977740212866537,-0.02108494538615015,-9.800347181049291,-4.279562858124204e-05,-2.678638761770164e-05,0.007708505468388082,0.8000000250400101,1.0493267981500771e-11,0.0,0.0,0.0,-1.8671929971324051e-13,-8.093976863453611e-08,3.2833994225006458,-3.2863799462745567,0.0029805238383644756,-6.434548010834676e-11,-8.093995659724819e-08
85.64,2.449720675119159e-08,-1.5700014832039495,1.5700003917823773,-1.569999999984255,-1.5700000000000616,2.7330103447557416e-15,-2.721913036334888e-07,1.6480098835126753e-05,-4.352998099215015e-06,-7.947823916493784e-14,1.1832006643848266e-13,7.726069573877909e-15,-0.0637960299476875,-0.019654567460514322,-9.80038258900433,-3.770649568344359e-05,-2.6061951406710728e-05,0.00662012372345808,0.8000000336866588,1.0486176936248537e-11,0.0,0.0,0.0,-2.0670376496061256e-13,-6.555454228154324e-08,3.283399465324138,-3.286381294316388,0.0029818290444543058,-5.2131323672882425e-11,-6.555474845237082e-08
85.66,1.984273566943773e-08,-1.5700012013942606,1.570000317346109,-1.569999999984255,-1.5700000000000571,2.8115878544314648e-15,-2.204749368647664e-07,1.3348880087650457e-05,-3.52592844375433e-06,-9.39347008770147e-14,1.4966577976610414e-13,1.442428499505346e-15,-0.057813434308441145,-0.018256445952994107,-9.800367606248203,-3.254094875975181e-05,-2.4088500185098517e-05,0.005655153968960744,0.8000000365087842,1.0473326565754291e-11,0.0,0.0,0.0,-2.5286512351285e-13,-5.309253942084146e-08,3.283399482848434,-3.28638236905197,0.002982886245815791,-4.2231853126951534e-11,-5.309279113130849e-08
85.68,1.6072614419320187e-08,-1.570000973128412,1.570000257052732,-1.569999999984255,-1.570000000000053,2.7919130798587934e-15,-1.785846834297266e-07,1.0812592908398557e-05,-2.8560020420705247e-06,-1.0724197869587065e-13,1.564926066582875e-13,-2.818156330787968e-15,-0.051989361426542674,-0.01680475097086743,-9.800313664110389,-2.764540219485218e-05,-2.0181254773560747e-05,0.004815361774484299,0.8000000353671932,1.0454250474205686e-11,0.0,0.0,0.0,-3.2542526082083103e-13,-4.2998347079564254e-08,3.2833994829756437,-3.286383225507548,0.002983742566141307,-3.4210274841587825e-11,-4.299867348180162e-08
85.7,1.3018816471171189e-08,-1.570000788233073,1.570000208215096,-1.569999999984256,-1.5700000000000482,2.7078655823933266e-15,-1.446535810188839e-07,8.758200273580793e-06,-2.3133616442545897e-06,-1.1023307300234569e-13,1.5578508999008312e-13,-5.5182506682887895e-15,-0.04643646993358443,-0.015229549265028147,-9.800228758498545,-2.3225574686341973e-05,-1.3463919998454786e-05,0.004095993508342403,0.8000000317752658,1.0429056671935329e-11,0.0,0.0,0.0,-4.2181974848542884e-13,-3.48220905482709e-08,3.2833994721315998,-3.286383908279537,0.0029844361756686585,-2.771020202245678e-11,-3.482251023637518e-08
85.72,1.0545240754258309e-08,-1.5700006384678489,1.5700001686566127,-1.569999999984257,-1.570000000000044,2.5014092945264968e-15,-1.1716936044380497e-07,7.094142184130877e-06,-1.8738229244008508e-06,-6.884958631004559e-14,1.439563121511265e-13,-1.3307482642010504e-14,-0.041228681219225766,-0.01348219159752656,-9.800117933640912,-1.935684517735898e-05,-2.9075688301260903e-06,0.003488249346907652,0.8000000269028268,1.0398575342943428e-11,0.0,0.0,0.0,-5.361988162589112e-13,-2.8199354717522493e-08,3.283399455291317,-3.2863844532609097,0.0029849979920478385,-2.2442919713350916e-11,-2.819989082750809e-08
85.74,8.541644084550037e-09,-1.5700005171580156,1.5700001366142418,-1.5699999999842595,-1.5700000000000418,2.456053782882715e-15,-9.490723532481386e-08,5.746255258969143e-06,-1.5177965896380838e-06,-1.2818520585936268e-13,9.606194047954033e-14,5.058736988469226e-15,-0.036405409121438165,-0.011550995684132969,-9.799984106467122,-1.599775696363197e-05,1.260068024604927e-05,0.0029815124107789746,0.8000000216064045,1.0364596174953662e-11,0.0,0.0,0.0,-6.585413815827148e-13,-2.2834976832337162e-08,3.2833994361109493,-3.2863848891510505,0.002985453058286534,-1.8175215445830197e-11,-2.2835635196072745e-08
85.76,6.918730549173539e-09,-1.5700004188970496,1.5700001106599208,-1.5699999999842602,-1.5700000000000387,2.479525965823638e-15,-7.687484379907962e-08,4.654466766018706e-06,-1.2294152493334442e-06,-1.1196352822636172e-13,1.2918800948910606e-13,-1.5305915003038361e-15,-0.03198118061697331,-0.009478819699833777,-9.799829161396561,-1.3004834443659968e-05,3.4149342150769354e-05,0.0025652277228908737,0.8000000164739498,1.0330062862800186e-11,0.0,0.0,0.0,-7.740454818084231e-13,-1.8489848784272448e-08,3.2833994171175984,-3.286385238761669,0.00298582165880091,-1.4718900522859127e-11,-1.8490623273835183e-08
85.78,5.604171003168282e-09,-1.5700003393056678,1.5700000896369195,-1.5699999999842618,-1.5700000000000351,2.356805656397793e-15,-6.226858089262755e-08,3.7701181213366487e-06,-9.95826347949236e-07,-1.2588683775528354e-13,2.055627077592055e-13,-1.6413499731791057e-14,-0.027964182326552484,-0.0073511571643985595,-9.79965525537987,-1.0148646067144279e-05,6.264440806209726e-05,0.0022299188182932574,0.8000000118751728,1.029884818294678e-11,0.0,0.0,0.0,-8.645899922470661e-13,-1.4970312764408342e-08,3.28339939992099,-3.2863855201326175,0.0029861202235496056,-1.1918838033826565e-11,-1.497117602212626e-08
85.8,4.53937829236574e-09,-1.5700002748366488,1.570000072608288,-1.5699999999842635,-1.5700000000000307,2.067983390284473e-15,-5.043755038869042e-08,3.053795689142739e-06,-8.066193426638157e-07,-9.666404281219795e-14,1.6930177124121974e-13,-1.3322978368626691e-14,-0.024369888265213524,-0.005260522954136417,-9.799466328741476,-7.131604888227763e-06,9.859151341725305e-05,0.001967003909152005,0.8000000080113271,1.0274922089123685e-11,0.0,0.0,0.0,-9.1300924318821e-13,-1.211948033514425e-08,3.2833993854219146,-3.286385747472742,0.002986362060480434,-9.64884065165413e-12,-1.212039361083558e-08
85.82,3.6768960761453916e-09,-1.5700002226167429,1.570000058815099,-1.5699999999842635,-1.5700000000000265,1.8808814891073578e-15,-4.085442367776512e-08,2.473574514924022e-06,-6.533616701916453e-07,-1.0193210477652109e-13,1.1772604202081496e-13,-7.644828314566144e-15,-0.021212199405976538,-0.003280133816419476,-9.799269889251272,-3.607375060168701e-06,0.00014180986805253234,0.0017681492325152866,0.8000000049604749,1.0261148166136756e-11,0.0,0.0,0.0,-9.088140317496533e-13,-9.810292060367888e-09,3.2833993740013305,-3.286385931942213,0.002986557948695663,-7.811064996859175e-12,-9.811201496120175e-09
85.84,2.9782854718016924e-09,-1.57000018031862,1.570000047642616,-1.5699999999842635,-1.5700000000000265,1.7316324825855881e-15,-3.3092079443815206e-08,2.0035953747626817e-06,-5.292229711452722e-07,-1.0437668733737834e-13,1.0676280993414738e-13,-7.853343368103801e-15,-0.018484676957432323,-0.0014550730715444647,-9.799079055246718,7.976679173315064e-07,0.00019107375517881102,0.0016249529449817446,0.8000000027159744,1.0258231155819487e-11,0.0,0.0,0.0,-8.527210343152672e-13,-7.93982069909164e-09,3.2833993656810665,-3.28638608229373,0.0029867166189882525,-6.3226676161961746e-12,-7.940672531943996e-09
85.86,2.4124109479445267e-09,-1.5700001460571396,1.5700000385929018,-1.5699999999842635,-1.5700000000000252,1.581704410385279e-15,-2.6804581215356274e-08,1.6229122716720555e-06,-4.28670605041814e-07,-1.0655457015308271e-13,1.1220382670893745e-13,-7.771549631552191e-15,-0.016159872167216913,0.00019584505051483975,-9.798914568856887,6.457698993908149e-06,0.00024368563692059287,0.0015287200679737945,0.8000000012172132,1.026448915672743e-11,0.0,0.0,0.0,-7.568550576161634e-13,-6.42470761888531e-09,3.283399360252086,-3.2863862053900843,0.002986845143117677,-5.1157585659642296e-12,-6.4254646515757366e-09
85.88,1.954052638369217e-09,-1.570000118305341,1.5700000312626343,-1.5699999999842635,-1.5700000000000234,1.4355342365955174e-15,-2.1711708156295263e-08,1.3145589549256489e-06,-3.4722317869873764e-07,-1.0867963257653143e-13,1.1429894171343574e-13,-7.533628294003383e-15,-0.014205359934958757,0.0016715310986594597,-9.79880648614076,1.3709974470727623e-05,0.0002949958724986548,0.0014698440672482908,0.8000000003724983,1.0276788203389526e-11,0.0,0.0,0.0,-6.393613004789725e-13,-5.197446105840521e-09,3.2833993573702402,-3.286386306615141,0.0029869492490403357,-4.139312541151003e-12,-5.198084845413768e-09
85.9,1.582782453183918e-09,-1.5700000958263822,1.5700000253251172,-1.5699999999842635,-1.5700000000000234,1.2958297794884318e-15,-1.7586481363073877e-08,1.0647927508388291e-06,-2.812507736350739e-07,-1.1075422497856937e-13,1.0404271691053388e-13,-7.0753486882484104e-15,-0.01259873896134672,0.002977909026317987,-9.798795509917007,2.280208149901114e-05,0.0003378984783868262,0.0014368177242757736,0.8000000000746013,1.0291967854072313e-11,0.0,0.0,0.0,-5.170965264605352e-13,-4.203343198544436e-09,3.28339935662152,-3.2863863901944574,0.0029870335762823513,-3.3473159509291274e-12,-4.203861360883095e-09
85.92,1.282053641312172e-09,-1.570000077618427,1.5700000205157287,-1.569999999984265,-1.5700000000000234,1.1646402381859257e-15,-1.4245048095199828e-08,8.624821415303711e-07,-2.2781311957969478e-07,-9.485466529332149e-14,1.1077289334649885e-13,-6.622738326948969e-15,-0.01133719799252586,0.004117958709713229,-9.798933814471635,3.382161149587456e-05,0.00036235203951929124,0.0014151020237009142,0.8000000002097984,1.0307680284364725e-11,0.0,0.0,0.0,-4.0170811521765943e-13,-3.398111071111096e-09,3.2833993575602776,-3.2863864594403274,0.0029871018827544622,-2.7058697606466896e-12,-3.3985123351355536e-09
85.94,1.0384633352750887e-09,-1.5700000628699824,1.570000016620125,-1.569999999984265,-1.5700000000000212,1.0428941950027986e-15,-1.1538487465378192e-08,6.986105395690113e-07,-1.8452863267976317e-07,-9.664338432712401e-14,9.445396987252685e-14,-6.117332454986727e-15,-0.010444153016372715,0.005083085907774847,-9.799284889643534,4.660714547760092e-05,0.0003549997436562139,0.0013859952400108143,0.8000000006614405,1.0322480639977318e-11,0.0,0.0,0.0,-2.9960567522959805e-13,-2.745866108362538e-09,3.2833993597248803,-3.286386516934969,0.0029871572122740727,-2.1867360542743316e-12,-2.7461656252186645e-09
85.96,8.411552133969664e-10,-1.5700000509237428,1.5700000134646843,-1.569999999984265,-1.5700000000000212,9.30766540908016e-16,-9.346173574575857e-09,5.658745426446581e-07,-1.494681894366147e-07,-9.845721465849953e-14,9.968432343881565e-14,-5.596739546978011e-15,-0.009973431207199642,0.0058459678519213526,-9.79992182635485,6.0640495915554995e-05,0.00029899156970421335,0.0013256196766551235,0.8000000013091795,1.0335676202983716e-11,0.0,0.0,0.0,-2.130898677832638e-13,-2.2175440115074867e-09,3.2833993626352282,-3.286386564663703,0.002987202030244445,-1.7654824850842817e-12,-2.2177550585638762e-09
85.98,6.813356561581678e-10,-1.5700000412472876,1.5700000109087802,-1.569999999984265,-1.5700000000000212,8.286598489032506e-16,-7.570399590716197e-09,4.5835839385915693e-07,-1.2106923979762128e-07,-9.991837290935323e-14,1.0432866725288837e-13,-5.1143429279812376e-15,-0.010010595161769624,0.006355001024835639,-9.800923413283515,7.492249081775368e-05,0.0001741439483596192,0.0012041892509674144,0.800000002025031,1.0347180951514918e-11,0.0,0.0,0.0,-1.4136821637203783e-13,-1.7895975042886663e-09,3.283399365777278,-3.286386604109359,0.002987238333505557,-1.4257078692996033e-12,-1.7897386060506792e-09
86.0,5.518818324164344e-10,-1.5700000334093596,1.5700000088384962,-1.569999999984265,-1.5700000000000212,7.358630264118912e-16,-6.132022838733022e-09,3.712703041356566e-07,-9.806608499558778e-08,-1.0137396461187881e-13,1.0841406192629721e-13,-4.628321537365808e-15,-0.01067073002890486,0.006530660284229509,-9.802367328797311,8.783823528564677e-05,-4.239433821096475e-05,0.0009857762086050372,0.8000000026674987,1.0357383214966282e-11,0.0,0.0,0.0,-8.142964090277712e-14,-1.4429602713184284e-09,3.2833993685793748,-3.286386636317615,0.0029872677393897274,-1.1486737511379862e-12,-1.4430413456872859e-09
86.02,4.4702424967064246e-10,-1.5700000270606358,1.5700000071615663,-1.569999999984265,-1.5700000000000198,6.522937179557236e-16,-4.9669377878839794e-09,3.007289338655441e-07,-7.943354525309204e-08,-1.0273702787784932e-13,1.1202897251973053e-13,-4.143592586678991e-15,-0.012091732304496306,0.006264314830054967,-9.804319669565052,9.702265982362807e-05,-0.0003747702577193094,0.0006288559520658545,0.8000000030750837,1.0367027956140112e-11,0.0,0.0,0.0,-2.878129093103972e-14,-1.162180667273932e-09,3.2833993703860633,-3.2863866619428728,0.002987291557734342,-9.253290179792311e-13,-1.1622089156572602e-09
86.04,3.62089619353812e-10,-1.5700000219181716,1.570000005803253,-1.569999999984265,-1.5700000000000198,5.771901791290464e-16,-4.023219080664333e-09,2.435904421681352e-07,-6.434117361173094e-08,-1.0406533109542135e-13,1.0198244857678784e-13,-3.744002490940949e-15,-0.014421879801375643,0.005420316285771577,-9.806820086874476,9.924334369952145e-05,-0.0008461255820404747,8.797005126437447e-05,0.8000000030606318,1.0377110365096427e-11,0.0,0.0,0.0,2.1925730829248715e-14,-9.347411952311056e-10,3.283399370435172,-3.286386681283734,0.0029873108493046695,-7.442703129897918e-13,-9.347183813214077e-10
86.06,2.9329257846109845e-10,-1.5700000177527769,1.5700000047030198,-1.569999999984265,-1.5700000000000198,5.10028056171095e-16,-3.258807021047264e-09,1.9730826615793545e-07,-5.2116352538143736e-08,-1.0519261990494848e-13,1.0485281269648721e-13,-3.3488610387116666e-15,-0.017800274550174876,0.003842451375243296,-9.809861940331677,9.03250510081643e-05,-0.0014751354844388857,-0.0006830990820700511,0.800000002408174,1.0388773804024966e-11,0.0,0.0,0.0,7.633969446335902e-14,-7.504997397433162e-10,3.2833993678451576,-3.286386694317636,0.0029873264730761444,-5.976713409894414e-13,-7.50423311230649e-10
86.08,2.3756698298458777e-10,-1.5700000143788049,1.5700000038118305,-1.569999999984265,-1.5700000000000198,4.501815822103823e-16,-2.639633300682384e-09,1.598197002216418e-07,-4.2214251297561206e-08,-1.0641577714752553e-13,1.0734009860866877e-13,-2.973055575192967e-15,-0.02232869294918975,0.001366102079878038,-9.813367169792494,6.514892491558967e-05,-0.002271171224562214,-0.0017262140786466755,0.8000000008741588,1.0403202602701559e-11,0.0,0.0,0.0,1.3986959683278237e-13,-6.012524088020429e-10,3.2833993616203245,-3.2863867007444365,0.0029873391245905183,-4.789798700096346e-13,-6.011117398443377e-10
86.1,1.9242925659097276e-10,-1.5700000116458863,1.570000003089968,-1.569999999984265,-1.5700000000000198,3.968746421331632e-16,-2.138102672517824e-09,1.2945394777022022e-07,-3.419355624405873e-08,-1.0739709858574095e-13,1.0965624831659095e-13,-2.636022488969461e-15,-0.028033522631774357,-0.002162365361442038,-9.817156078754527,1.7768388878261552e-05,-0.0032279233342069305,-0.0030714014216664015,0.7999999981952421,1.0421498739048591e-11,0.0,0.0,0.0,2.1711041904644447e-13,-4.803368418511974e-10,3.283399350683026,-3.2863867000495945,0.002987349366952183,-3.8103668934615163e-13,-4.80120264338963e-10
86.12,1.5586764154264302e-10,-1.5700000094322235,1.5700000025052578,-1.569999999984265,-1.5700000000000198,3.773801365004582e-16,-1.7318691890067396e-09,1.048576840598031e-07,-2.7696775068682683e-08,-1.0447193685073287e-13,9.32871109295607e-14,5.494003529610467e-16,-0.03481689922095638,-0.006857412972492333,-9.820912966689104,-5.830729495677026e-05,-0.0043154230823038466,-0.004726629597746031,0.7999999941050498,1.0444531108167896e-11,0.0,0.0,0.0,3.11180752144158e-13,-3.8236821456656905e-10,3.2833993339425636,-3.286386691598346,0.002987357656089092,-3.040312864479912e-13,-3.8205783317480266e-10
86.14,1.2625270515814968e-10,-1.570000007639158,1.5700000020316434,-1.569999999984265,-1.5700000000000198,3.7455629837192174e-16,-1.4028116318576459e-09,8.493473435900357e-08,-2.243438466027697e-08,-1.0592072502415307e-13,1.0038938734445025e-13,-7.035884668847113e-16,-0.04239810490050258,-0.012756410677677167,-9.824149590951244,-0.00016960340421285502,-0.0054705658146455725,-0.006664638038652779,0.7999999883624724,1.0472747049773974e-11,0.0,0.0,0.0,4.229298874611461e-13,-3.0298212007827973e-10,3.283399310411435,-3.2863866747724084,0.002987364361212635,-2.4123106341787466e-13,-3.025589237371386e-10
86.16,1.0226464670327542e-10,-1.5700000061867732,1.570000001648015,-1.569999999984265,-1.5700000000000198,3.5370432057229484e-16,-1.1362756249911475e-09,6.879713443186589e-08,-1.8171861127147e-08,-1.0721364972113593e-13,1.0602003870581327e-13,-1.3718721637765002e-15,-0.05024839002772111,-0.019771908130821116,-9.826169818126418,-0.0003218813724941058,-0.006586485323096608,-0.008806901244706367,0.7999999807940346,1.0505938339185902e-11,0.0,0.0,0.0,5.499869807495929e-13,-2.3864581466323825e-10,3.283399279379351,-3.2863866491606433,0.002987369781482475,-1.903652791432609e-13,-2.380966270429186e-10
86.18,8.283434760073343e-11,-1.570000005010343,1.5700000013372766,-1.569999999984265,-1.5700000000000198,3.2277450519626164e-16,-9.203819742267977e-10,5.572568154376482e-08,-1.4719200896017829e-08,-1.0844224981090277e-13,1.1044468391829217e-13,-1.7110601746097148e-15,-0.05752028400832532,-0.027633280218578395,-9.826040556481955,-0.0005189900059876636,-0.007501467652805424,-0.011005118389920916,0.7999999713525516,1.0542958317949267e-11,0.0,0.0,0.0,6.85648528034691e-13,-1.8649920326932377e-10,3.283399240654013,-3.286386614813389,0.0029873741595223277,-1.481255337946231e-13,-1.858139100125395e-10
86.2,6.709583243958751e-11,-1.570000004057432,1.57000000108558,-1.569999999984265,-1.570000000000018,2.8498566853499923e-16,-7.455012310476306e-10,4.51377915958404e-08,-1.1922571015730349e-08,-1.058988299150235e-13,1.0415738651246545e-13,-4.3702162773594776e-15,-0.06297216657878422,-0.03581686458747562,-9.822576122327984,-0.0007613140065024003,-0.007988535532786648,-0.01302099759820103,0.799999960193523,1.0581393682462072e-11,0.0,0.0,0.0,8.176336065977945e-13,-1.4423203680459795e-10,3.2833991948747276,-3.2863865725672503,0.002987377692634451,-1.146529353927846e-13,-1.434134262017018e-10
86.22,5.434773507270628e-11,-1.570000003285576,1.5700000008817032,-1.569999999984265,-1.570000000000018,2.2133112158146427e-16,-6.038579718999411e-10,3.656160925192341e-08,-9.657294293237016e-09,-1.0699024539671997e-13,1.0090039649404137e-13,-2.8859030003281283e-15,-0.06489674036751976,-0.043467898430596195,-9.81434550821972,-0.0010437887742162967,-0.007747383147609016,-0.014505799161285585,0.7999999477693519,1.0617204119893509e-11,0.0,0.0,0.0,9.267805962506796e-13,-1.099766713270495e-10,3.2833991438991608,-3.28638652444088,0.002987380541805893,-8.726456232181438e-14,-1.0905095654476358e-10
86.24,4.4021750924264697e-11,-1.5700000026603718,1.5700000007165642,-1.569999999984265,-1.570000000000018,1.7451984823299715e-16,-4.891261123764311e-10,2.9614902813725553e-08,-7.822406693409661e-09,-1.0913324457993361e-13,1.0214258028450644e-13,-2.144672794585936e-15,-0.06106936903275771,-0.04932206916610196,-9.799714446440284,-0.00135348756970151,-0.006400985778948691,-0.014982087815781388,0.7999999349393555,1.0644355887800243e-11,0.0,0.0,0.0,9.858155120908255e-13,-8.223859510140932e-11,3.2833990912548794,-3.2863864740941273,0.0029873828393117735,-6.456046996475099e-14,-8.125393422111397e-11
86.26,3.565768470098733e-11,-1.5700000021539569,1.5700000005828023,-1.569999999984265,-1.570000000000018,1.395355655997733e-16,-3.9619302980957026e-10,2.3988073455737395e-08,-6.336151366434394e-09,-1.108356201728844e-13,1.0330811581376593e-13,-1.5777594084375025e-15,-0.04873545560275603,-0.05163517011756069,-9.77693645374591,-0.0016668441422584208,-0.0034999231343456564,-0.013831300354215287,0.7999999230904584,1.0654491835753569e-11,0.0,0.0,0.0,9.583909552131173e-13,-5.981262289904375e-11,3.2833990426347435,-3.286386427329549,0.002987384694853165,-4.752168029615977e-14,-5.885494248645272e-11
86.28,2.88827768839674e-11,-1.5700000017437628,1.5700000004744534,-1.569999999984267,-1.570000000000018,1.1325538948927578e-16,-3.2091695716136e-10,1.9430343934722403e-08,-5.132292314258748e-09,-9.437779711692357e-14,1.044498968665025e-13,-1.1640308852437146e-15,-0.024659887870202415,-0.04813142890616205,-9.744308841585974,-0.0019466549107592488,0.0014618117081072765,-0.010292060379433862,0.7999999142593129,1.0636700242412658e-11,0.0,0.0,0.0,7.986749553014204e-13,-4.173108939841836e-11,3.283399006398142,-3.286386392598798,0.002987386200690267,-3.206152943894022e-14,-4.093285853224289e-11
86.3,2.339509063558341e-11,-1.570000001411504,1.5700000003866923,-1.569999999984267,-1.570000000000018,9.298238199257708e-17,-2.599432480892273e-10,1.573858799236471e-08,-4.1571612685274334e-09,-9.591515533969065e-14,1.0551676620709704e-13,-9.334783587960222e-16,0.014734313731762568,-0.03598828958487927,-9.700410480771176,-0.002139112957629118,0.009015075147788734,-0.003475559534958735,0.7999999112412783,1.0577467723129157e-11,0.0,0.0,0.0,4.5185751176054015e-13,-2.7240292538149892e-11,3.283398994018291,-3.2863863814541334,0.0029873874358639124,-2.1931731304776898e-14,-2.6787013941046683e-11
86.32,1.8950056583149223e-11,-1.570000001142375,1.570000000315605,-1.569999999984267,-1.570000000000018,7.726769523036038e-17,-2.1055443526894107e-10,1.2748270629049749e-08,-3.367304412218449e-09,-9.664165234988769e-14,1.0647867725749607e-13,-7.371326292659293e-16,0.07310710333806064,-0.011882377351911413,-9.644437259181956,-0.0021712631299463225,0.019662975820469296,0.007594369949844782,0.7999999176652198,1.0460926241916179e-11,0.0,0.0,0.0,-1.4396654051741617e-13,-1.5726392517053587e-11,3.283399020389242,-3.2863864088587027,0.002987388469475147,-1.3077179365119894e-14,-1.586849388305905e-11
86.34,1.5349572502263938e-11,-1.5700000009243782,1.5700000002580243,-1.569999999984267,-1.570000000000018,6.474165233483588e-17,-1.7054937693622488e-10,1.0326098464433786e-08,-2.727527403435683e-09,-9.743284507609225e-14,1.0731511512787123e-13,-5.813333544518297e-16,0.15378786957517118,0.027874503370103706,-9.576647845296401,-0.0019494324678647882,0.033802340261534475,0.023907749272018847,0.7999999380056202,1.0269528960623686e-11,0.0,0.0,0.0,-1.0539962996028839e-12,-6.727983277808498e-12,3.28339910387561,-3.2863864932388385,0.002987389363234758,-6.2210467971053445e-15,-7.781180216878335e-12
86.36,1.2433175593481202e-11,-1.5700000007478017,1.570000000211384,-1.569999999984267,-1.570000000000018,5.470876796822818e-17,-1.3814522644742678e-10,8.364135745177417e-09,-2.2092975474550894e-09,-9.823925304499538e-14,1.0805764250087923e-13,-4.723668522374982e-16,0.259172479376827,0.08707668315664271,-9.498925605964509,-0.0013593779455517172,0.05161457416032237,0.046352068215456926,0.7999999774954276,9.985311193804598e-12,0.0,0.0,0.0,-2.340401416019097e-12,1.322527347973757e-13,3.2833992659549094,-3.286386656128022,0.0029873901731113507,-1.4690348320779248e-15,-2.208148681208816e-12
86.38,1.0070890217209093e-11,-1.5700000006047738,1.5700000001736052,-1.569999999984267,-1.570000000000018,4.6437681092784115e-17,-1.1189777747089076e-10,6.774941369667344e-09,-1.7895223301363244e-09,-9.8764983045495e-14,1.0869205904865758e-13,-3.6933174290406807e-16,0.38990043032719485,0.16920752659418442,-9.41545124850986,-0.0002690933403225498,0.0729224753108109,0.07554364993693133,0.8000000418950562,9.59190668659869e-12,0.0,0.0,0.0,-4.052852324885406e-12,5.1371487148226265e-12,3.283399530269436,-3.286386921219598,0.002987390950160172,4.240082341961727e-16,1.0866056539586682e-12
86.4,8.157435926479899e-12,-1.5700000004889243,1.5700000001430052,-1.569999999984267,-1.570000000000018,3.9320667430405157e-17,-9.063737462491949e-11,5.487705171419772e-09,-1.4495275831564596e-09,-9.942344440936409e-14,1.0926170516368512e-13,-3.409691490677232e-16,0.5437921449402994,0.2768279021485674,-9.333463852057362,0.0014645893497585943,0.09701189329408251,0.11159868677200921,0.8000001370660479,9.077489837322361e-12,0.0,0.0,0.0,-6.215326165436965e-12,8.542451564120663e-12,3.2833999208765547,-3.2863873126167147,0.0029873917401585,1.6445756987524271e-15,2.3268589451184722e-12
86.42,6.6075357941919436e-12,-1.5700000003950838,1.5700000001182184,-1.569999999984267,-1.570000000000018,3.3434342692739774e-17,-7.341634705671147e-11,4.445051047730653e-09,-1.1741257402954695e-09,-9.977413724396261e-14,1.0974173754498129e-13,-2.546736755925552e-16,0.7145453261301398,0.41073830372955683,-9.26406439194847,0.003984308871987115,0.12242091620645898,0.1538388994343094,0.800000268293573,8.438805308148251e-12,0.0,0.0,0.0,-8.808700423147578e-12,1.0555132471154223e-11,3.283400459468014,-3.2863878520502494,0.0029873925822334994,1.0917687485507436e-15,1.7471425909847302e-12
86.44,5.352110953697482e-12,-1.5700000003190735,1.5700000000981411,-1.569999999984267,-1.5700000000000172,2.778582124898669e-17,-5.94673599501655e-11,3.60048430838724e-09,-9.510375897829214e-10,-1.0098962500521205e-13,1.0261823005612213e-13,-3.347200882259189e-16,0.8902189774603546,0.5688932503112107,-9.22298487520021,0.007414012294823649,0.1467048310509612,0.20043213240096103,0.8000004393022019,7.68637305158695e-12,0.0,0.0,0.0,-1.1749035151221282e-11,1.139645465273072e-11,3.283401161330485,-3.2863885548364586,0.0029873935059734095,-1.4365313913684617e-15,-3.530245879419801e-13
86.46,-0.0001841576390862,-1.569011781312231,1.5711837899038172,-1.5699999999827496,-1.5700000000000174,-3.803423727548302e-13,0.0020461959974972,-0.010980207601636,-0.0131532210560347,-7.185647582052916e-11,1.2560081250609974e-11,3.0502837262318463e-12,1.052570754868653,0.7452644704177376,-9.228959335840749,0.011881963588632784,0.16646657398915782,0.24823517320262542,0.8000006509167158,6.84880534240012e-12,0.0,0.0,0.0,-1.4871827697377186e-11,0.0004926739902047456,3.2836206120357,-3.2903155811599842,0.0066945767964412236,1.462419456416896e-06,0.0004926719610657806
86.48,-0.0001491676875478,-1.5691995428621732,1.570958869823862,-1.5699999999838552,-1.5699999999998249,-3.250469506508427e-13,0.0016574187552858,-0.0088939681504645,-0.0106541090416428,-4.1234267804152354e-11,7.565233988847571e-12,2.4663827837695385e-12,1.1791458194844047,0.9291472712561487,-9.29578686209641,0.017659200910419674,0.17817515179438367,0.29338769972068524,0.8000008993372116,5.9709783487851535e-12,0.0,0.0,0.0,-1.7947110257638597e-11,0.0003991267579954917,3.2835809756295644,-3.2895714680922814,0.005990174628370552,1.0200286487095812e-06,0.00039912556317725083
86.5,-0.0001208258268324,-1.5693516297175505,1.570776684559276,-1.569999999984521,-1.5699999999997107,-2.7207860331156537e-13,0.0013425091909972,-0.0072041142001928,-0.0086298283181467,-2.576063238998684e-11,4.287700782531351e-12,2.7213245423914588e-12,1.2466739690296247,1.1049385619369692,-9.422192313698165,0.025291382379103052,0.17939089347747614,0.3324609764305748,0.8000011740288739,5.104711054936564e-12,0.0,0.0,0.0,-2.072942422278371e-11,0.00032333266272922476,3.283548870922842,-3.288968751122945,0.00541962272223693,7.182446075353628e-07,0.000323331946769847
86.52,-9.786891967533792e-05,-1.56947482007036,1.5706291144950837,-1.5699999999848984,-1.5699999999996563,-2.192344891698022e-13,0.0010874324449224,-0.0058353325031233,-0.006990160936677,-1.871512918546174e-11,2.2739901595850848e-12,3.1492008301233984e-12,1.2316263821092133,1.251697737480431,-9.589211432133622,0.03547595072939245,0.16927561281292883,0.3631681072648788,0.8000014552752712,4.298256032814278e-12,0.0,0.0,0.0,-2.3009550571771575e-11,0.0002619257398528174,3.2835229098800625,-3.2884806031559752,0.004957484697797745,5.109175419458704e-07,0.00026192530158758356
86.54,-7.927382489306371e-05,-1.5695746042561132,1.5705095827431703,-1.569999999985092,-1.5699999999996457,-1.661226970855106e-13,0.0008808202785684,-0.0047266193240814,-0.0056620303509473,-5.31973973030874e-12,-4.527685463964065e-13,2.7128156153215757e-12,1.1078374953636296,1.3419717850092625,-9.7645150009117,0.04869683186240525,0.1482891287384014,0.3843510741418276,0.8000017115135027,3.589737321799197e-12,0.0,0.0,0.0,-2.4643204772000935e-11,0.0002121771156015846,3.2835018686315,-3.288085196268616,0.0045831586750328885,3.673431382009569e-07,0.00021217684024134415
86.56,-6.421179812560686e-05,-1.5696554294461702,1.5704127620245651,-1.5699999999847027,-1.569999999999505,-1.138263620780827e-13,0.0007134644248109,-0.0038285616559386,-0.0045862445851566,-4.988398020664645e-12,-3.4402280828758906e-12,2.3819981902727105e-12,0.8451119917376674,1.3438728511426739,-9.908217650439825,0.06485541550855123,0.11776331069122326,0.3957116501404116,0.8000018966629986,3.004426987260514e-12,0.0,0.0,0.0,-2.5559038875141337e-11,0.00017187479502532102,3.28348464831048,-3.2877647433130375,0.004279958134211043,2.670347417188639e-07,0.00017187461652160945
86.58,-5.201155651612885e-05,-1.5697208978502768,1.5703343372424423,-1.5699999999844576,-1.5699999999995635,-8.818789151058312e-14,0.0005779061819512,-0.0031011349253949,-0.0037148580956037,1.7438480408229085e-11,5.424816412052946e-13,1.1387610147385596e-12,0.4107293034307037,1.231455679440702,-9.981895018014988,0.08306815488918075,0.07959714526389616,0.39753163046771617,0.8000019477790091,2.5548694729586666e-12,0.0,0.0,0.0,-2.5752271682137388e-11,0.00013922600573517736,3.2834702383758803,-3.287504716849099,0.004034367603925239,1.962760161850525e-07,0.0001392258857751129
86.6,-4.212936082679144e-05,-1.5697739272572773,1.5702708131692296,-1.5699999999839065,-1.5699999999994907,-7.45295162171846e-14,0.0004681040065995,-0.0025119192718362,-0.0030090350417068,3.2029375245795626e-11,7.022919030173769e-12,7.812968479646576e-13,-0.22779159010452366,0.9940133648056738,-9.95860828652121,0.10163666622226881,0.03608465612822598,0.39043065331835924,0.8000017835062619,2.2427225712075734e-12,0.0,0.0,0.0,-2.527058810929282e-11,0.00011277790762884173,3.2834576855978854,-3.287293215316852,0.003835439910972352,1.4584575228740704e-07,0.00011277782381189779
86.62,-3.4124782191704074e-05,-1.569816881077148,1.5702193586695885,-1.5699999999838492,-1.5699999999993168,-3.571007880651545e-14,0.0003791642522608,-0.0020346546282368,-0.0024373184064898,3.8519576796899195e-13,8.501170904381959e-12,2.065203585401021e-12,-1.0984485906658583,0.6338944728010726,-9.827215431185936,0.11813180041093839,-0.010056358527973076,0.3752375538046563,0.8000013039739332,2.060897431678612e-12,0.0,0.0,0.0,-2.4199845306109523e-11,9.135324439662848e-05,3.2834460718358125,-3.287120452608034,0.003674308025242059,1.0951461723309572e-07,9.135318352037947e-05
86.64,-2.7641073476992145e-05,-1.5698516736712902,1.5701776805248644,-1.5699999999838037,-1.5699999999991752,-2.613980047927357e-16,0.00030712304578,-0.0016480702524823,-0.0019742279117767,-1.8036028670998653e-12,7.0578336740494816e-12,2.0387211883965417e-12,-2.2159178426217596,0.16230850937902627,-9.592717426678934,0.12960232948770198,-0.0555953401015364,0.35297779855769335,0.800000392951078,1.995640692353545e-12,0.0,0.0,0.0,-2.2651250435785037e-11,7.399814030349646e-05,3.2834345040461375,-3.286978352703494,0.0035437897306975497,8.305056104302138e-08,7.399809450915219e-05
86.66,-2.2389269403839337e-05,-1.5698798556725853,1.5701439212276267,-1.5699999999837655,-1.5699999999990657,3.350346114927843e-14,0.0002487696659859,-0.0013349369011881,-0.0015991246013448,7.865742887754046e-12,4.544494121294651e-12,1.6733115273167426e-12,-3.5686142206992866,-0.39914224539621446,-9.275862556984777,0.1329103340099271,-0.09689412602022207,0.32488998039544476,0.7999989232566052,2.028589040432677e-12,0.0,0.0,0.0,-2.074964709154499e-11,5.9939759971821154e-05,3.283422120446862,-3.2868602356266705,0.003438067448204427,6.355963039498249e-08,5.9939724529683384e-05
86.68,-1.6321777202675327e-05,-1.5699124147837502,1.5701049185784324,-1.5699999999837584,-1.5699999999989462,8.554382147867468e-14,0.000181353089615,-0.0009731690096421,-0.0011657618439773,-4.585385023070376e-12,4.050867117872531e-12,1.919722518971268e-12,-5.104738578777493,-1.0161344211833943,-8.91113580996526,0.12514433670274933,-0.13028700476378416,0.29239210994030035,0.7999967665661267,2.1385384947977446e-12,0.0,0.0,0.0,-1.862403219415611e-11,4.369712754372837e-05,3.28340591924864,-3.2867218779694194,0.0033159239236091338,4.320903249575134e-08,4.369710141071287e-05
86.7,-1.4689599399079203e-05,-1.569921173304835,1.5700944267218422,-1.5699999999837924,-1.5699999999989145,1.0350247638689454e-13,0.0001632177813421,-0.0008758521105674,-0.0010491856613109,-5.810747391067628e-12,3.732978173538043e-12,1.8911669918877244e-12,-6.717913512752181,-1.6400973268406744,-8.544703347913122,0.10411044371991475,-0.15266325936405148,0.25698449152985015,0.7999938088460748,2.3027333605649072e-12,0.0,0.0,0.0,-1.6401058589244762e-11,3.932755098162146e-05,3.283391800806075,-3.28667488943784,0.0032830573142030805,3.8131193417008876e-08,3.932752856382369e-05
86.72,-1.189857533624057e-05,-1.5699361503759428,1.5700764856470215,-1.5699999999839007,-1.5699999999988603,1.4012559910372877e-13,0.0001322064044566,-0.0007094402137094,-0.00084984038986,-8.963021080540812e-12,3.389641161071627e-12,1.877190746664187e-12,-8.232005477923426,-2.2055277419486803,-8.234541772846601,0.06889732851675391,-0.162122236513256,0.22013893980886606,0.7999899726286726,2.498071994085628e-12,0.0,0.0,0.0,-1.419938526483909e-11,3.185555380663273e-05,3.283372669530643,-3.2865995558925256,0.0032268609944681686,2.983787126626448e-08,3.185553573315128e-05
86.74,-9.63784581213209e-06,-1.56994828180363,1.570061953376317,-1.5699999999840937,-1.569999999998808,1.7758013054460897e-13,0.0001070871603892,-0.0005746465005089,-0.000688370602097,1.3174631502931022e-10,-1.817976639454516e-11,9.075403731469144e-13,-9.38740681155001,-2.624482492173718,-8.058027707055171,0.020490717106530672,-0.15864734546058143,0.18320134152018377,0.7999852471631311,2.703226864940629e-12,0.0,0.0,0.0,-1.2120029042651024e-11,2.5803102881291346e-05,3.283350530077376,-3.2865318866459687,0.0031813360209025044,2.3480767253398124e-08,2.580308825851079e-05
86.76,-0.0003354468415297,-1.5739049983091191,1.5702524502018358,-1.569999999988425,-1.5700000000005898,1.1453711905747664e-13,0.0037271871619029,0.0195974355005062,-0.0028050022931054,-1.8421385684225244e-10,-2.754246815697432e-12,1.838884772179531e-12,-9.893905170166523,-2.796302809041861,-8.112859200618988,-0.03732939192542955,-0.14451874403287596,0.1473236474034368,0.7999797270708762,2.901854447504867e-12,0.0,0.0,0.0,-1.02322268773911e-11,0.0009009869302842316,3.2837089647038358,-3.272045441486099,-0.011664240694985725,-2.5734145334733537e-06,0.0009009835306023158
86.78,-0.0002717119410999,-1.5731630486319026,1.5702044846629932,-1.569999999991024,-1.5700000000005958,1.343551103665987e-13,0.0030190215994394,0.0351449847125456,-0.0022720518373707,-1.1934752589416037e-10,7.485226089128105e-13,6.561015972053956e-13,-9.61093419964531,-2.662293404883941,-8.465792950540711,-0.09712645250269657,-0.12367817614863955,0.1135285615180222,0.7999736594184887,3.0856066420674626e-12,0.0,0.0,0.0,-8.56139102648127e-12,0.0007293496410944574,3.2836126038179003,-3.2747330862142134,-0.008880098403107025,-1.5770256516494859e-06,0.0007293481588332637
86.8,-0.0002200866722392,-1.5724318761790848,1.5705799272538603,-1.5699999999890395,-1.5700000000005463,2.0033467371058175e-13,0.0024454074879082,0.0270208464773065,-0.0064436360307846,4.1844576306564185e-11,2.329002425689882e-11,3.510974768295566e-12,-8.668192033030746,-2.260065200612068,-9.078186768330006,-0.14878450289689044,-0.1001592530530877,0.08284971585341498,0.7999674980194238,3.2552519311222866e-12,0.0,0.0,0.0,-7.0871395569001466e-12,0.0005904143044323174,3.2835315347787715,-3.2773953829209796,-0.006136622020354413,-6.232542754834078e-07,0.0005904141555870913
86.82,-0.0001782702042519,-1.5719698197057477,1.5704697410763986,-1.569999999989941,-1.5700000000007717,2.193675948206948e-13,0.0019807800649353,0.0218868855893836,-0.0052193452415118,-3.472899680508068e-11,-2.720024577210385e-12,1.299192395646468e-12,-7.343917114096368,-1.705761762720779,-9.8017861994539,-0.18269815475417223,-0.07695751769485124,0.05627177060018191,0.7999619622052703,3.417722861842469e-12,0.0,0.0,0.0,-5.761084089025157e-12,0.0004780515575062846,3.283459064693844,-3.2790565088673485,-0.004402936511741593,-3.3642962365693515e-07,0.0004780515849379588
86.84,-0.0001443988663516,-1.5586439808263992,1.5744936844137587,-1.5699999999839682,-1.5700000000003629,1.1878038530633486e-13,0.0016044317827097,0.1359402507608137,0.3455621507040767,5.59733698863999e-10,2.389695850192131e-11,-6.004055454580156e-12,-5.887837189692849,-1.1333681632332349,-10.449382694449886,-0.19321868932638267,-0.05589633309182833,0.03443367622267851,0.7999580952044729,3.578885331189699e-12,0.0,0.0,0.0,-4.543726704707451e-12,0.0003830995901130338,3.2830129790127316,-3.3286012163592607,0.04558793231626212,6.37679284606014e-06,0.0003830466316501178
86.86,-0.0001169630818161,-1.5606891455567178,1.5748790376978783,-1.569999999981079,-1.5700000000002414,8.988671944516997e-14,0.0012995897993728,-0.103453938203698,-0.054211529837468,-3.5759444949597194e-11,4.195206649328335e-12,-9.809540019403598e-13,-4.4708802635363964,-0.6424620779931232,-10.88927775744716,-0.18106084887184648,-0.03791344461531427,0.017382813034499494,0.7999573145966852,3.738602249883211e-12,0.0,0.0,0.0,-3.4273840404078902e-12,0.00031081621095630706,3.2830632339383956,-3.320979177905724,0.03791569648379394,4.6577853893414965e-06,0.00031078140411772013
86.88,-9.474009623947184e-05,-1.5624582079000635,1.5739520205375683,-1.569999999981828,-1.5700000000001724,7.336297466486598e-14,0.0010526677373159,-0.0837976899445925,-0.0439113391677467,-2.813328756587046e-11,3.3200235223956427e-12,-8.029071279736725e-13,-3.1974869751523722,-0.27212436603272383,-11.099393694235815,-0.1527538832134051,-0.023343113151757973,0.0046225948189014135,0.7999614440916372,3.893264745880253e-12,0.0,0.0,0.0,-2.421528741374692e-12,0.0002521145968356091,3.2831557840865417,-3.314435261539498,0.031279276702468634,3.098445519551759e-06,0.00025209563394160134
86.9,-7.673947792552656e-05,-1.563891148398164,1.573201136637734,-1.569999999982407,-1.5700000000001182,5.98450959501228e-14,0.0008526608670658,-0.0678761288546023,-0.0355681847249835,-2.1453635551901444e-11,2.617701575437264e-12,-6.563408314969522e-13,-2.120481525320063,-0.016674448397483783,-11.131197700704922,-0.11658142492832752,-0.012119995600016874,-0.004615792039125745,0.7999727122085112,4.040114437364951e-12,0.0,0.0,0.0,-1.5308097147506044e-12,0.0002044484326761105,3.283247785124523,-3.3091519870622754,0.025904039138267453,2.0661850846643185e-06,0.00020443805511825388
86.92,-6.215897709409107e-05,-1.5650518302016163,1.572592920678885,-1.569999999982852,-1.5700000000000758,4.880348592914144e-14,0.0006906553021803,-0.0549796643718051,-0.0288102296265049,-1.631096682297163e-11,2.036476496664451e-12,-5.357288378988003e-13,-1.2567002506412797,0.14326908952004092,-11.045790733942269,-0.07907770120428953,-0.003926854518952638,-0.0111280702303978,0.7999936995117658,4.1776036783644885e-12,0.0,0.0,0.0,-7.538040090204625e-13,0.00016576116954287212,3.2833608243327563,-3.304911299968693,0.02155034364043558,1.3820040234791072e-06,0.00016575546013934545
86.94,-5.034877142318615e-05,-1.5659919824624038,1.5721002657522287,-1.5699999999831955,-1.5700000000000434,3.979693146618615e-14,0.0005594307946386,-0.0445335281408096,-0.0233362859968919,-1.2353530404431835e-11,1.579356375040975e-12,-4.366188523231808e-13,-0.5991408999437643,0.22790503740486584,-10.891471458494285,-0.04443844302108153,0.0016907056767224713,-0.01561262116735234,0.800027212244882,4.304100690289344e-12,0.0,0.0,0.0,-8.969563932852941e-14,0.00013437342747120185,3.2835134948157574,-3.301537682750644,0.018024080932253873,9.277887522989137e-07,0.00013437026696379122
86.96,-4.078250483203765e-05,-1.5667535057936364,1.5717012152616467,-1.569999999983458,-1.570000000000018,3.24604111440813e-14,0.0004531389435435,-0.0360721577937648,-0.0189023916570037,-9.31615222782666e-12,1.2159832340057097e-12,-3.554308235264366e-13,-0.12579933816506206,0.2563919055616769,-10.704352938030839,-0.015091344082944873,0.005239556322678519,-0.018605559550234407,0.8000760570314167,4.417599161349699e-12,0.0,0.0,0.0,4.604475844494915e-13,0.00010891581478959462,3.2837218453566845,-3.2988899525760376,0.015168020488180976,6.256129537074694e-07,0.00010891405300627712
86.98,-3.303382889524663e-05,-1.5673703396919307,1.571377984364283,-1.5699999999836596,-1.5699999999999987,2.649166858963393e-14,0.0003670425441689,-0.0292184478127151,-0.0153109372417823,-7.000352394486646e-12,9.067769097407856e-13,-2.8899951093390663e-13,0.19349773091011535,0.24579342849542585,-10.509733513028982,0.007785604712160197,0.007219990700635635,-0.020436171511678387,0.8001426895396355,4.515696562150595e-12,0.0,0.0,0.0,8.937609041458451e-13,8.827305510204436e-05,3.283998835328275,-3.296853708069669,0.012854802447988993,4.2405961236594525e-07,8.827206539736111e-05
87.0,-2.675740138826629e-05,-1.567869975149544,1.571116167337426,-1.5699999999838137,-1.569999999999984,2.164054077032945e-14,0.0002973044606864,-0.0236669427280894,-0.0124018591655385,-5.2209124517201455e-12,6.629271568304106e-13,-2.3479038232675133e-13,0.3920779086011508,0.2106311483252645,-10.323852033930878,0.02382732414054303,0.008087505900728516,-0.021197820084759088,0.800228710637284,4.594981291622797e-12,0.0,0.0,0.0,1.2027887148290147e-12,7.15377392480135e-05,3.28435285119579,-3.2953341690780915,0.010981260915334485,2.891918871991427e-07,7.153717859921975e-05
87.02,-2.167349510189273e-05,-1.568274679870213,1.5709040955456783,-1.5699999999839271,-1.569999999999966,1.8948316360148928e-14,0.0002408166134115,-0.0191702236099104,-0.0100455059238118,-3.687047424826182e-12,7.881186233641018e-13,-1.1346474504757125e-13,0.5029748126256489,0.16283806690523855,-10.155764266030685,0.03313387936256789,0.008230585533186828,-0.02073159530890933,0.8003341878617682,4.650082393990789e-12,0.0,0.0,0.0,1.371271046322669e-12,5.7972195183114246e-05,3.284785301816094,-3.2942491733272017,0.009463825346557616,1.985974282933194e-07,5.797187476388936e-05
87.04,-1.755553101788958e-05,-1.5686024906939469,1.570732317394366,-1.5699999999840144,-1.5699999999999612,1.6434519868059157e-14,0.0001950614561763,-0.0155278811234409,-0.0081368597981282,-2.9619035191335654e-12,-1.2304704762068757e-13,-9.99330025977204e-14,0.5567687681256449,0.11192461738418502,-10.009167831719688,0.03601183693331069,0.007960019132857111,-0.01862317859405176,0.8004567895111333,4.672852538370448e-12,0.0,0.0,0.0,1.3708976508954761e-12,4.6977153260885456e-05,3.2852873112916297,-3.2935221435669546,0.008234794866310374,1.3746216949705934e-07,4.697696840987881e-05
87.06,-1.4219980116035026e-05,-1.5688680174611662,1.5705931770918051,-1.5699999999840828,-1.5699999999999616,1.4593893584705126e-14,0.0001579997794852,-0.0125775837098958,-0.0065908564363158,-2.1713023319071447e-12,-8.748079747168653e-14,-9.77123961416057e-14,0.5803067410576661,0.0653192232791709,-9.884075009011477,0.03280072821593688,0.007505910082150179,-0.01421663613876458,0.8005907350327724,4.651892094776424e-12,0.0,0.0,0.0,1.1599733092786312e-12,3.806606405560105e-05,3.285835570846732,-3.293074920537054,0.00723931937738382,9.598296618994394e-08,3.8065956274932364e-05
87.08,-1.1518183885887065e-05,-1.5690830941426126,1.5704804734467346,-1.569999999984134,-1.569999999999962,1.2815479028174812e-14,0.0001279798213638,-0.0101878428049319,-0.0053385937132805,-1.5677226033704488e-12,-7.972606426978631e-14,-9.280733936492915e-14,0.5958395440910542,0.028908882331842665,-9.77828719713514,0.02377891533262829,0.00701925984270387,-0.006649971330126171,0.8007255904528777,4.57243802465275e-12,0.0,0.0,0.0,6.839586492724104e-13,3.084409478797886e-05,3.2863874980281684,-3.292820475589211,0.0064329529991178185,6.766282605356035e-08,3.084403103585561e-05
87.1,-9.329728939847068e-06,-1.5692573062545825,1.5703891834942298,-1.5699999999841727,-1.5699999999999623,1.114109460998672e-14,0.0001036636552843,-0.0082521526719182,-0.0043242609076423,-1.1142365635745908e-12,-7.795804975862189e-14,-8.629273473971688e-14,0.6203840250279816,0.007623359765304087,-9.688663850252246,0.009143090315195081,0.006575796593493459,0.005083242744500904,0.8008449730725977,4.416647320392954e-12,0.0,0.0,0.0,-1.2213307687428185e-13,2.499098172808702e-05,3.286875986653967,-3.2926556776332427,0.005779671078319563,4.8187681497735825e-08,2.4990943072421225e-05
87.12,-7.557080433949489e-06,-1.5693984180652756,1.5703152386327015,-1.569999999984202,-1.569999999999963,9.595102121637203e-15,8.396756075949104e-05,-0.0066842436642025,-0.0035026513351068,-7.811836391922255e-13,-8.079453418832255e-14,-7.88500851957869e-14,0.665304917778332,0.005851982392925746,-9.612202276469931,-0.010943578805507056,0.006180501686018356,0.022040751067104257,0.800925276937429,4.1644408822367856e-12,0.0,0.0,0.0,-1.3288374283005986e-12,2.0247049907226983e-05,3.2872042181053485,-3.292454497144363,0.0052502629157700305,3.468616010392111e-08,2.0247025286610304e-05
87.14,-6.121235144573759e-06,-1.569512718631938,1.570255343294866,-1.5699999999842225,-1.5699999999999634,8.18952232831153e-15,6.801372419413683e-05,-0.0054142373679527,-0.0028371475813529,-5.238071361780163e-13,-8.703586056714472e-14,-7.11336512569587e-14,0.7359702781146651,0.027641289049264592,-9.546954451237433,-0.03623873089026019,0.005772048399758754,0.045198719920351293,0.8009345903396571,3.795191787577623e-12,0.0,0.0,0.0,-3.003663676639096e-12,1.6401827503063625e-05,3.2872412452969084,-3.2920622877205705,0.004821029362461179,2.524160242191389e-08,1.6401810276025564e-05
87.16,-4.958200460580546e-06,-1.5696053020909322,1.5702068280712205,-1.569999999984239,-1.569999999999964,6.927832116716732e-15,5.509111657638773e-05,-0.0043855322680012,-0.0022980895408423,-3.5227368341901744e-13,-9.559268570906909e-14,-6.341208207500869e-14,0.831267247844494,0.07668646859192318,-9.492806166407968,-0.0662472356258578,0.005227083828754999,0.0752689635290815,0.8008320483300091,3.290454118770925e-12,0.0,0.0,0.0,-5.1981765657053015e-12,1.3284780945049053e-05,3.286819352057095,-3.291292090946854,0.004472728310741,1.8570155739810756e-08,1.328476698138809e-05
87.179,-4.01614236694165e-06,-1.5696802946927169,1.570167530740067,-1.5699999999842496,-1.5699999999999643,5.807399883917053e-15,4.462380440641229e-05,-0.0035522811370427,-0.001861452528027,-2.1980642287936827e-13,-1.059616054398065e-13,-5.5976341302373415e-14,0.94288664336693,0.1560926223667381,-9.452134113501486,-0.09999128828416513,0.004364952369603082,0.11245695753859243,0.8005944243114721,2.6379372906303213e-12,0.0,0.0,0.0,-7.930775198843421e-12,1.075813626667814e-05,3.2858432022257653,-3.290033071802499,0.004189861009752633,1.3808730160177626e-08,1.0758122884034619e-05
87.2,-3.2530753114804715e-06,-1.5697410387001631,1.5701356999018363,-1.5699999999842589,-1.569999999999966,4.8217799484707e-15,3.614528154927169e-05,-0.0028773477209636,-0.001507776547665,-1.235937506634025e-13,-1.151429594616258e-13,-4.8965712389921463e-14,1.054392421703574,0.2678686102431283,-9.430338747051119,-0.13573130054900862,0.002954079998346812,0.15615433669725298,0.800272760001269,1.836901567622034e-12,0.0,0.0,0.0,-1.116473683643762e-11,8.711019032688943e-06,3.284522269592276,-3.2884824983586927,0.0039602218296114185,1.0374703557554483e-08,8.71100445218793e-06
87.22,-1.956725049018936e-06,-1.5703138637979948,1.570349048274808,-1.5699999999837704,-1.5699999999995606,-3.318787294130537e-13,2.927785308948303e-05,-0.0933699633213219,-0.0012212990659487,5.96159096481058e-11,5.329888234321262e-11,-4.5449700335323294e-12,1.1401653238973655,0.41212378100902963,-9.436226333541773,-0.17064962960201419,0.000721806019621646,0.2045650618035359,0.7999755855954386,9.043574616750328e-13,0.0,0.0,0.0,-1.4782214600280096e-11,5.240178611333875e-06,3.283300857186043,-3.285110744970312,0.0018098836113881005,4.357254079005339e-09,5.240163678666778e-06
87.24,-1.5849467033543052e-06,-1.5702542296760789,1.570282729104005,-1.5699999999850849,-1.5699999999989072,-3.204121043054033e-13,1.7610549777212093e-05,0.0028247742084772,-0.0031414343913276,-4.0684055300013726e-11,2.859044321819673e-11,1.4061190634160477e-12,1.1674398953797218,0.5854252252967733,-9.480245593692976,-0.2007440869043757,-0.0025295501922517876,0.2545029350175334,0.7997707353296734,-1.2097374994053802e-13,0.0,0.0,0.0,-1.8568980940197352e-11,4.243246944868612e-06,3.282459746420326,-3.2844928222342533,0.0020330724349319545,3.499926169393562e-09,4.2432282794595764e-06
87.26,-1.2838063325129663e-06,-1.5702059260371275,1.5702290105759504,-1.5699999999857377,-1.5699999999984813,-2.9187288489647184e-13,1.4264541404769076e-05,0.0022880671105464,-0.0025445618534837,-2.914586052973206e-11,1.7091072860350026e-11,2.1669138651394387e-12,1.1072827034276875,0.7771123569922146,-9.566758650654814,-0.22146827258142426,-0.006601868968157459,0.30186710384628024,0.7996564729856047,-1.1821489365888928e-12,0.0,0.0,0.0,-2.223801693961647e-11,3.4363986319092963e-06,3.2819905090702037,-3.2842044262122214,0.002213914405537478,2.815806101999775e-09,3.4363763282846445e-06
87.28,-1.0398827030363513e-06,-1.5701668000895594,1.5701854985682775,-1.5699999999862135,-1.569999999998252,-2.501258881406841e-13,1.155427504030888e-05,0.0018533343606542,-0.002061095099745,-2.2146624161292757e-11,8.37180943059207e-12,2.8126788008051018e-12,0.9502777230227953,0.9641276615505135,-9.682670548449837,-0.2290889373426925,-0.010774039825313973,0.34266658264670263,0.7996089556781244,-2.214863059705346e-12,0.0,0.0,0.0,-2.5488638715823067e-11,2.7832233270735228e-06,3.281795269462253,-3.2841557630602423,0.002360491381652871,2.2683764995047224e-09,2.7831977974215173e-06
87.3,-0.0001128562738193,-1.5696062607483794,1.5701502538439147,-1.569999999984552,-1.5699999999988303,-2.8445570764539263e-13,0.0012539585882676,-0.0043748804948537,-0.0016694870065657,9.004049350731791e-12,-1.4267121501137375e-11,4.1025769139855185e-12,0.7124406329344928,1.1123776025154157,-9.794803130366292,-0.22180983970681523,-0.014263326450595314,0.3737665562312035,0.7996074613865116,-3.1566594446338246e-12,0.0,0.0,0.0,-2.8052476592677856e-11,0.00030191963651653164,3.281926638703683,-3.286389032634257,0.004462153504062962,4.0466873990797227e-07,0.0003019194330001518
87.32,-9.14135819187366e-05,-1.5696810712049778,1.5701217056160282,-1.5699999999844785,-1.5699999999990852,-2.1189855396345578e-13,0.0010157064548844,-0.0035436532015585,-0.0013522844755339,7.043616991747603e-12,-1.4989542105377923e-11,4.248012640435672e-12,0.4264436662009349,1.1923455423799947,-9.863890090760593,-0.19988189026031897,-0.016709094496202642,0.39314132811492164,0.7996349713428454,-3.949847567747767e-12,0.0,0.0,0.0,-2.970499116610633e-11,0.0002445782124038091,3.2820133416323305,-3.2861953412023484,0.004181804805964313,3.025336508156938e-07,0.00024457807313493443
87.34,-7.404500150643564e-05,-1.5697416676748062,1.5700985815514523,-1.5699999999844056,-1.5699999999993302,-1.4323830466192988e-13,0.0008227222267718,-0.0028703590925373,-0.001095350424567,6.407761921436474e-12,-1.4803500764624944e-11,4.144691358241685e-12,0.12782401817315173,1.1952653056116143,-9.861775840705599,-0.16491294969357087,-0.018110467246898018,0.39996514028553737,0.7996782706918878,-4.545949259511814e-12,0.0,0.0,0.0,-3.0283352185187005e-11,0.00019812885261962556,3.282169800928141,-3.2861247741441866,0.003954815440826966,2.284901690059687e-07,0.0001981287534027417
87.36,-5.9976451399302936e-05,-1.569790750815359,1.570079851059155,-1.5699999999843357,-1.5699999999995735,-7.604197474744801e-14,0.0006664050045269,-0.0023249908706149,-0.0008872338466094,2.4928607490976376e-12,-1.418705078545454e-11,3.908134876644525e-12,-0.15357721319347967,1.1322014913907026,-9.774969064251753,-0.1191630006038857,-0.018573561635181878,0.3945676134102843,0.7997277381637684,-4.914941386644971e-12,0.0,0.0,0.0,-2.972594114618605e-11,0.00016050071109682584,3.2823555954049417,-3.28612672927241,0.0037710060565231828,1.7421174793157714e-07,0.0001605006377121625
87.38,-4.858092584256931e-05,-1.5698305081591786,1.5700646793604136,-1.569999999984255,-1.5699999999998098,-1.2259442350477676e-14,0.0005397880506645,-0.0018832425996103,-0.0007186594125524,5.4975013121438465e-12,-1.3434126071775952e-11,3.647027910788983e-12,-0.39578014912519,1.0252377334378693,-9.600073277739003,-0.06524293740963881,-0.018226279121722196,0.37820941893967114,0.7997769587893764,-5.0504374437947174e-12,0.0,0.0,0.0,-2.8089424450183665e-11,0.00013001778537099972,3.282543638314974,-3.2861658884828873,0.003622146631321373,1.339830168864539e-07,0.0001300177294715924
87.4,-3.935055016568939e-05,-1.5698627116076316,1.5700523902844583,-1.569999999984161,-1.5700000000000192,4.3032805426389247e-14,0.0004372283209585,-0.0015254265083807,-0.0005821141253137,3.430094804958222e-12,-1.2862452829177569e-11,3.431138131861772e-12,-0.5845428109634422,0.9011252483513972,-9.340288063320747,-0.0060674866914708315,-0.017214978321026832,0.35278590086101147,0.7998222584189612,-4.967294543254349e-12,0.0,0.0,0.0,-2.552822148842086e-11,0.00010532313225726072,3.282718234313388,-3.2862198999369645,0.0035015817519877808,1.0384914454639861e-07,0.00010532308892591354
87.42,-3.187394580063699e-05,-1.5698887964010622,1.5700424361328476,-1.569999999984168,-1.5700000000001892,8.854009321092609e-14,0.000354154940454,-0.0012355954659367,-0.000471512438124,6.6596238369219575e-12,-5.850402532759681e-12,1.6360712697810478e-12,-0.7130412535316829,0.7810612728149253,-9.000008136558373,0.05512306700906863,-0.01569764221252637,0.32053044775038847,0.7998622269351191,-4.696671116458179e-12,0.0,0.0,0.0,-2.2263283747867163e-11,8.531781184555805e-05,3.2828730960142614,-3.2862770926775116,0.003403928722424078,8.10490330976789e-08,8.531777813767366e-05
87.44,-2.5817896339130848e-05,-1.5699099250834416,1.570034373270202,-1.569999999984005,-1.5700000000002694,1.0902773692408573e-13,0.000286865517165,-0.0010008323817889,-0.0003819251020345,-2.1835210824497613e-11,-1.2549322895411516e-11,3.237094809869709e-12,-0.781346774202865,0.669551517457875,-8.57972398037497,0.1147053326508858,-0.013834412249912224,0.28373968631380286,0.7998972695293045,-4.2813724225452754e-12,0.0,0.0,0.0,-1.855460705832146e-11,6.911164419357698e-05,3.283009480647447,-3.286334369776639,0.0033248340937641644,6.363624785597675e-08,6.911161825489584e-05
87.46,-2.091249629801948e-05,-1.5699270393161144,1.5700278423514868,-1.569999999983842,-1.5700000000003411,1.267764261882589e-13,0.0002323610532872,-0.0008106741765481,-0.0003093593063466,8.834451616437922e-12,-3.888080585571704e-12,1.0626010976070438e-12,-0.7962791258925237,0.5497344404812767,-8.076345296126114,0.1686350026333323,-0.011777980401246214,0.24455638896249512,0.7999292024884724,-3.77127274143071e-12,0.0,0.0,0.0,-1.4676155666948275e-11,5.598344708252563e-05,3.2831345134208028,-3.286395335084729,0.00326077708282804,5.0224401991254507e-08,5.598342762857289e-05
87.48,-1.6939122298931932e-05,-1.5699409018444586,1.5700225523073823,-1.569999999983656,-1.570000000000379,1.3505753378587097e-13,0.0001882124408212,-0.0006566460305623,-0.0002505810129543,3.2099377030112696e-11,9.424567083780172e-12,-2.7603340349135336e-12,-0.7708473193194308,0.38657449249597003,-7.489426378717734,0.21258377898405847,-0.009666451579326139,0.20484782374156382,0.7999608914483539,-3.218370780718523e-12,0.0,0.0,0.0,-1.0890926338565204e-11,4.5348901102186304e-05,3.283259688463881,-3.2864686352557344,0.0032089106793243777,3.9815289261036674e-08,4.5348887110249287e-05
87.5,-1.3720689374254856e-05,-1.56995213049237,1.5700182673716676,-1.5699999999835,-1.570000000000402,1.3910544330863717e-13,0.0001524520752152,-0.0005318832764895,-0.0002029706177658,2.8058504413126795e-11,1.0246602503115319e-11,-2.961181945265387e-12,-0.7195480244263175,0.14791009306537456,-6.838736528771861,0.24239268147785314,-0.007618645646125718,0.16617379811805832,0.7999959156573561,-2.671800339883763e-12,0.0,0.0,0.0,-7.427775957206117e-12,3.673455491782771e-05,3.283399479205155,-3.286566441482119,0.0031669330242674533,3.168220965202512e-08,3.6734545475674284e-05
87.52,-1.1113758732744876e-05,-1.5699612256970783,1.570014796573763,-1.5699999999833605,-1.5700000000003962,1.3538258911683018e-13,0.0001234861950785,-0.0004308255168255,-0.0001644062318125,-8.518496888779148e-12,-7.83768988837745e-12,2.083584498512037e-12,-0.6514657841544454,-0.16374439277376404,-6.188436089106756,0.2548650212801564,-0.005730293895362171,0.12980617928628346,0.8000382311053656,-2.1730259933412274e-12,0.0,0.0,0.0,-4.460973921075554e-12,2.9756784822276684e-05,3.2835699462740795,-3.2867029530776333,0.003132983107434036,2.5290216922565717e-08,2.975677905082222e-05
87.54,-9.002144973721312e-06,-1.5699685928126488,1.57001198522753,-1.5699999999832026,-1.5700000000003225,1.1318969673624685e-13,0.0001000238039065,-0.0003489686075149,-0.0001331690220203,1.644630005098735e-11,1.0310700400027392e-11,-3.008873098592213e-12,-0.5692335194174075,-0.4990236005992001,-5.658676307232429,0.2488906989960409,-0.004070691206942333,0.0967809482824868,0.8000917981968703,-1.7509961936177651e-12,0.0,0.0,0.0,-2.0911521459608436e-12,2.410475537742251e-05,3.2837872016621112,-3.286892776816496,0.0031055559591262535,2.02412220461139e-08,2.4104752430146057e-05
87.56,5.09242213003039e-05,-1.5770424906510692,1.571516570234723,-1.569999999985724,-1.570000000000608,1.8604445113703887e-13,-0.0005658246773981,0.0750817968952573,-0.016850780259383,-8.340829595263597e-13,7.43280705919937e-12,-1.843449774933595e-12,-0.4738276269257851,-0.781683454911346,-5.394635101832261,0.2265261624166708,-0.002680515605492736,0.0679456792803587,0.8001601360352939,-1.418991806104123e-12,0.0,0.0,0.0,-3.3592266773887926e-13,-0.00013716294255964676,3.283943015744416,-3.2605066990488765,-0.023436207470211422,6.487225587833709e-07,-0.0001371614522853241
87.58,4.124861927339118e-05,-1.5757044174264303,1.571228421892534,-1.5699999999853962,-1.570000000000471,1.5171210761560198e-13,-0.0004583179904884,0.0633824159025978,-0.0136491319997095,1.3764211930561898e-11,6.417618675495874e-12,-1.6212231591453412e-12,-0.36915452863130344,-0.9534170923527373,-5.476335269706109,0.19283793546753566,-0.0015720401337667466,0.043905066676985356,0.8002457657102446,-1.1762883880273037e-12,0.0,0.0,0.0,8.556382555788428e-13,-0.0001109915092868167,3.2843232247276655,-3.265905430622398,-0.018417705720336287,4.0841106078778577e-07,-0.00011099079221327116
87.6,3.341138162990657e-05,-1.574620578114469,1.5709950217353648,-1.5699999999851275,-1.5700000000003609,1.235640151119416e-13,-0.0003712375723145,0.0513397568809769,-0.0110557969200508,1.0635594303024023e-11,5.126678331260782e-12,-1.3250050178650484e-12,-0.2632042785605117,-1.0070442006406084,-5.857404544218669,0.1539972728198727,-0.0007331298666003528,0.02488206434006942,0.8003495099783579,-1.0138007285771006e-12,0.0,0.0,0.0,1.5705626007567293e-12,-8.983471668368667e-05,3.284769843283095,-3.270417273227575,-0.014352498518001027,2.541626935031726e-07,-8.983438405475997e-05
87.62,2.7063219145235143e-05,-1.5737426682717863,1.570805967608053,-1.569999999984917,-1.5700000000002634,9.87547798903655e-14,-0.0003007024325725,0.0415852030729138,-0.0089551955054486,8.568873470703268e-12,5.416313112458206e-12,-1.347481594891637e-12,-0.16505195348098467,-0.9717178969170749,-6.418518901998794,0.11518077312432343,-0.00013468179937619533,0.010670929377973282,0.8004696274932491,-9.193028994623168e-13,0.0,0.0,0.0,1.9041804024028768e-12,-7.272462878103819e-05,3.2852780831418706,-3.2742186485099807,-0.011059376719440975,1.55657770361195e-07,-7.272448335228034e-05
87.64,2.192120754187772e-05,-1.5730315612992198,1.5706528337649266,-1.5699999999847505,-1.5700000000001737,7.605414253516022e-14,-0.0002435689706379,0.0336840144891155,-0.0072537083596157,6.5106204773664295e-12,4.033831187255576e-12,-1.0359541135247045e-12,-0.08132145468552805,-0.8805377907510791,-7.050034726769607,0.07978965084063899,0.0002613115319483137,0.000736764747177152,0.8006007776615756,-8.801568073372265e-13,0.0,0.0,0.0,1.9464461015004384e-12,-5.8882272727993946e-05,3.2858276432319484,-3.2774360360984365,-0.00839156024403034,9.317530808465258e-08,-5.888221572939496e-05
87.66,1.775617814031147e-05,-1.5724555646514435,1.5705287953519904,-1.5699999999846193,-1.5700000000001073,6.007853004849371e-14,-0.0001972908660591,0.0272840517357058,-0.0058755037714334,5.2195858095540354e-12,3.132313443264122e-12,-6.735782150103944e-13,-0.015372219525452346,-0.7591081655208972,-7.675974181117275,0.04967468896102059,0.000495473730652641,-0.0056399424105627784,0.8007328388550715,-8.840613220231073e-13,0.0,0.0,0.0,1.778783585907755e-12,-4.768001686262789e-05,3.2863781005986485,-3.28014788466432,-0.006230177965470313,5.389950289288635e-08,-4.767999973637434e-05
87.68,1.4382504326151328e-05,-1.5719890073667468,1.5704283242375106,-1.5699999999845182,-1.5700000000000531,4.702412187351199e-14,-0.0001598056017928,0.0221000819064527,-0.0047591580550255,3.689352526365736e-12,2.572134268922493e-12,-7.614501043161115e-13,0.03222283931968846,-0.6263998801976066,-8.248055309869843,0.02555414352264094,0.0006068546049448669,-0.009238350859809506,0.8008496396629,-9.190599000208113e-13,0.0,0.0,0.0,1.4746694876179905e-12,-3.861170711746238e-05,3.286863863995051,-3.282384849476186,-0.004478983771331797,2.951309840561553e-08,-3.861170660615631e-05
87.7,1.1649828522467513e-05,-1.57161109596613,1.5703469426347776,-1.569999999984449,-1.5700000000000236,3.6427736068212935e-14,-0.0001294425381904,0.0179010663446175,-0.0038549180247112,2.5369101822059282e-12,1.1344905605980025e-12,-4.443699534147159e-13,0.06308856689362531,-0.49587610766253004,-8.739638146308232,0.0073707542634375515,0.0006303760913025133,-0.010804335195631901,0.8009277114143413,-9.740231436936226e-13,0.0,0.0,0.0,1.0978959041562088e-12,-3.126886985710105e-05,3.2871891615186506,-3.284129062040451,-0.0030600745779594783,1.462840559215079e-08,-3.126887525309445e-05
87.72,9.436361116934174e-06,-1.571304987731629,1.5702810235365616,-1.569999999984396,-1.5700000000000047,2.8882938724286954e-14,-0.0001048484560076,0.0144998637391513,-0.0031224836000944,1.882873362381825e-12,8.242755530770711e-13,-3.477370972703749e-13,0.08025810193538312,-0.37651851117738416,-9.140103361341328,-0.0054186035866698665,0.0005955160747924018,-0.010990776334290629,0.8009352309694804,-1.0392572494779727e-12,0.0,0.0,0.0,7.004002350350349e-13,-2.5321688700433515e-05,3.287223773824569,-3.2853133338093756,-0.0019104198508522133,5.7641618302164866e-09,-2.532169537395278e-05
87.74,7.643452508107294e-06,-1.5710570400616777,1.570227629067007,-1.56999999998436,-1.5700000000000036,2.5286420435287215e-14,-8.492724984264963e-05,0.0117448896289505,-0.0025292117161681,1.2389710088626145e-12,4.0810280015135336e-14,-1.6841711393748133e-13,0.08737020943028552,-0.2736379186096912,-9.449959920398697,-0.013619428890316596,0.0005258934157476523,-0.01032333622443829,0.8008313952454439,-1.1065709471051735e-12,0.0,0.0,0.0,3.228495019239273e-13,-2.050375687636007e-05,3.2868005157921716,-3.285821451752595,-0.0009790477118822537,6.783499185161943e-10,-2.050376304341879e-05
87.759,6.191196534966065e-06,-1.570856202449016,1.5701843795466652,-1.5699999999843326,-1.5700000000000032,2.217595320918174e-14,-6.87910723493872e-05,0.009513360599421,-0.0020486614901681,9.033459659949384e-13,6.803129427595259e-14,-1.5239947322717477e-13,0.08798609813407784,-0.18959072245127637,-9.67681322099289,-0.018136243720697325,0.0004394676962467291,-0.009188445259867105,0.800593030549175,-1.1693200017558356e-12,0.0,0.0,0.0,-4.544567873067399e-15,-1.660037827713662e-05,3.285824480660269,-3.2855996984778897,-0.0002247689630505143,-2.0668119028062913e-09,-1.6600383416581572e-05
87.78,5.014869197102651e-06,-1.5706935239827624,1.5701493474351889,-1.5699999999843128,-1.5700000000000027,1.937212188862601e-14,-5.572076858570707e-05,0.0077058220855077,-0.0016594158070841,6.661091279138194e-13,8.916312851880431e-14,-1.3738274858662817e-13,0.08509840599090487,-0.12449642347026935,-9.832208974941828,-0.019860738455025572,0.00034911806635303975,-0.007842715400817992,0.8002712352909733,-1.2227489215458046e-12,0.0,0.0,0.0,-2.6248204050796346e-13,-1.3439117983206192e-05,3.2845055382512807,-3.2848913338373094,0.00038580628795720706,-3.388677569861673e-09,-1.3439122078856804e-05
87.8,4.062044053712311e-06,-1.5705617544250965,1.570120971424889,-1.569999999984297,-1.5700000000000025,1.6853312808285026e-14,-4.5133822541980826e-05,0.0062417158892388,-0.0013441268037722,4.69399764088828e-13,1.0506031002670385e-13,-1.234134879438343e-13,0.0809092206480909,-0.07693034993819436,-9.929292423607686,-0.019601767004945574,0.00026342221833964907,-0.006436567216509488,0.7999746073167614,-1.2640810918022379e-12,0.0,0.0,0.0,-4.4228292947993344e-13,-1.0880481535525464e-05,3.283289512051191,-3.284169476568195,0.0008799731814227024,-3.8684875303444865e-09,-1.088048474031205e-05
87.82,3.2902556877615868e-06,-1.5704550210833863,1.5700979868565477,-1.5699999999842864,-1.5700000000000005,1.459844448768206e-14,-3.655839625059551e-05,0.0050557898702614,-0.0010887427110863,3.287940792783363e-13,1.139736314308533e-13,-1.104272755813549e-13,0.07682410491559653,-0.04453119416284742,-9.981178583689983,-0.018047672097340605,0.0001875043881645518,-0.005042589825069021,0.7997710604462124,-1.2921719878238772e-12,0.0,0.0,0.0,-5.440665559503814e-13,-8.810181237400594e-06,3.2824552212567517,-3.2837352529240627,0.0012800386830954245,-3.87024753115775e-09,-8.810183725400775e-06
87.84,2.66510711146556e-06,-1.5703685670766037,1.5700793693561907,-1.5699999999842786,-1.57,1.2585965622377036e-14,-2.9612300958011232e-05,0.0040951897949038,-0.0008818815960057,2.375934072609696e-13,1.1026105044765393e-13,-9.854612273065425e-14,0.07351420174036405,-0.024468384256492,-9.999909405178633,-0.015752263596561625,0.0001238605977005377,-0.0036831027763730806,0.7996589440803067,-1.3072312726944976e-12,0.0,0.0,0.0,-5.749111164195629e-13,-7.134744068786682e-06,3.281995955562835,-3.283599998255302,0.0016040483740564517,-3.618236120200726e-09,-7.134745988005146e-06
87.86,2.158736764731168e-06,-1.5702985393311082,1.5700642891808998,-1.5699999999842718,-1.5699999999999987,1.0795204389491705e-14,-2.3985963773844543e-05,0.0033171037338713,-0.0007143240927771,1.5553882918965212e-13,1.0536032777313237e-13,-8.769510509238288e-14,0.07097520455011132,-0.013760534344290538,-9.995871098361237,-0.013137006593995231,7.310327763302232e-05,-0.002355382238167209,0.7996144934427769,-1.3108681684661803e-12,0.0,0.0,0.0,-5.481958259633567e-13,-5.778492222233462e-06,3.2818142275278888,-3.283680760847859,0.0018665379215380535,-3.247955346148427e-09,-5.778493689695634e-06
87.88,1.7485767943272448e-06,-1.5702418168572634,1.5700520742389146,-1.5699999999842629,-1.5699999999999832,6.4041147124789344e-15,-1.942862993253722e-05,0.0026868540240216,-0.0005786025151405,3.405804504921979e-13,1.055142601611918e-12,-2.7044425133729163e-13,0.06866039814594599,-0.009513814647558138,-9.97755348680686,-0.010503359896637754,3.4594183917186264e-05,-0.0010540751016185428,0.7996170351248247,-1.3060647594123106e-12,0.0,0.0,0.0,-4.828232214728379e-13,-4.6803778988046425e-06,3.281825226135776,-3.283904455767103,0.0020792333584373694,-2.839042918610133e-09,-4.680379005008837e-06
87.9,1.4163472199919683e-06,-1.570195871653451,1.570042180135908,-1.5699999999842564,-1.5699999999999676,2.355368942614189e-15,-1.5737190444924027e-05,0.0021763517595818,-0.0004686680372877,1.7541896885914918e-13,5.978265174602565e-13,-1.669495034131519e-13,0.06583321164963794,-0.0091818546330641,-9.951548247497858,-0.008050574003396727,6.952586969494577e-06,0.0002123977901503725,0.7996495383712429,-1.2965496777843764e-12,0.0,0.0,0.0,-3.9979272355167204e-13,-3.7911189870138295e-06,3.28195908224618,-3.28421068265074,0.0022516034235305266,-2.4363070243056147e-09,-3.791119805754861e-06
87.92,1.1472412614542105e-06,-1.5701586560383602,1.5700341659124708,-1.569999999984253,-1.56999999999996,-7.024736640199326e-17,-1.2747124414454344e-05,0.001762844925364,-0.0003796211102288,5.446952485222871e-14,2.910624739706254e-13,-9.634392071229661e-14,0.06200065019415247,-0.010801329315878008,-9.922700472842934,-0.005895509124098541,-1.1561890364989368e-05,0.0014175408348459507,0.7996986751894708,-1.2858091616073597e-12,0.0,0.0,0.0,-3.172980051588689e-13,-3.0709026984344643e-06,3.2821611173590535,-3.2845524165922195,0.002391301678608548,-2.063145238343548e-09,-3.0709032960252054e-06
87.94,9.292654324641188e-07,-1.570128511390135,1.5700276743914865,-1.569999999984252,-1.5699999999999563,-1.3997528111350312e-15,-1.0325170895224484e-05,0.0014279043896183,-0.0003074930992811,-8.531360737491517e-15,8.496625525687218e-14,-4.9169375109341655e-14,0.0570757939717127,-0.013046370949345715,-9.89434608580626,-0.004092116417394724,-2.278010046555329e-05,0.002524922295009403,0.7997545603475658,-1.2765595598354615e-12,0.0,0.0,0.0,-2.4841625768455683e-13,-2.4875446799040432e-06,3.2823907780168042,-3.2848952962627003,0.002504520226794244,-1.730062174291896e-09,-2.4875451150472574e-06
87.96,7.527050089802718e-07,-1.5701040942250712,1.5700224162594882,-1.569999999984251,-1.5699999999999563,-2.005604122628633e-15,-8.363388518274004e-06,0.0011566025556532,-0.0002490694104272,-5.689283036896743e-14,-4.455449418490376e-14,-1.8501623352812488e-14,0.05125864982590552,-0.015114933139468191,-9.868585141024157,-0.0026491111697042524,-2.8446723531000587e-05,0.0034998038308343402,0.7998103066793243,-1.2708500314580902e-12,0.0,0.0,0.0,-2.0198157904931059e-13,-2.015012336004414e-06,3.2826198117910077,-3.285216083049115,0.002596272862712748,-1.440025636297532e-09,-2.01501266318973e-06
87.98,6.096910643944207e-07,-1.5700843163213691,1.5700181571725702,-1.5699999999842509,-1.5699999999999577,-2.1488695922727586e-15,-6.774344772714316e-06,0.0009368480701139,-0.0002017462224465,-9.485931897174304e-14,-1.3469686825607566e-13,7.779154822748232e-16,0.04487755552210165,-0.016584003940305875,-9.846556323432043,-0.0015450461728941738,-3.0114291970921375e-05,0.004316595955610939,0.799861497401948,-1.2703146243785375e-12,0.0,0.0,0.0,-1.8410640072732685e-13,-1.632238956840093e-06,3.282830102386972,-3.2855007231053883,0.002670622018211598,-1.1918087432930856e-09,-1.6322392239770225e-06
88.0,4.938497680519184e-07,-1.5700682962193682,1.5700147073121666,-1.5699999999842522,-1.569999999999962,-2.0108432064841e-15,-5.487219323344681e-06,0.0007588469368268,-0.0001634144401941,-1.244767205451611e-13,-1.691055431417358e-13,1.1996622076136276e-14,0.03828656236403412,-0.017291407980444914,-9.82869023675324,-0.0007404879872867202,-2.9090109907075907e-05,0.004961535004239443,0.7999056474017621,-1.2763292916320794e-12,0.0,0.0,0.0,-1.9916345225229096e-13,-1.3221701046013328e-06,3.2830114592659707,-3.285742319181602,0.002730860968510974,-9.82026129223511e-10,-1.3221703585591149e-06
88.02,4.000183170449444e-07,-1.5700553199367482,1.5700119129252386,-1.569999999984254,-1.5699999999999663,-1.7150573103519554e-15,-4.444647697332369e-06,0.0006146660188515,-0.0001323656965578,-1.1383087345083516e-13,-1.7929740884605808e-13,1.7976418879801564e-14,0.03180463438084557,-0.017242901455521202,-9.814928740085426,-0.00018734060281178826,-2.6421348823269525e-05,0.005432402065715119,0.799941700641285,-1.2900308661545708e-12,0.0,0.0,0.0,-2.5005272217550475e-13,-1.0709955951102206e-06,3.2831595553681465,-3.2859392149134754,0.0027796603981926848,-8.063742137590725e-10,-1.0709958829079284e-06
88.04,3.240148409589719e-07,-1.5700448091478263,1.5700096494718274,-1.569999999984256,-1.569999999999971,-1.3443135672835234e-15,-3.600164671057267e-06,0.0004978794753055,-0.0001072162142006,-1.0604759527169969e-13,-1.7772059920474553e-13,2.0399272769160712e-14,0.02568483372140778,-0.0165419926403409,-9.80490488825736,0.0001644226809449537,-2.2905865377211315e-05,0.0057366111182413585,0.7999695912222068,-1.3121412879361615e-12,0.0,0.0,0.0,-3.3748988155115906e-13,-8.675301474727306e-07,3.283274125983364,-3.2860933118219333,0.002819186529407392,-6.60335653839336e-10,-8.675305086762041e-07
88.06,2.624520247128197e-07,-1.570036295408797,1.5700078160745647,-1.5699999999842569,-1.5699999999999754,-9.52736655007051e-16,-2.916133412664782e-06,0.0004032823750176,-8.6845133513088e-05,-1.1071112934511139e-13,-1.670247461439499e-13,2.0496619724689807e-14,0.0201039358840509,-0.01533922050841931,-9.798083149229823,0.0003622411578749207,-1.911871190867375e-05,0.005888592600614353,0.7999898809387812,-1.3427174434360838e-12,0.0,0.0,0.0,-4.5894514286732e-13,-7.027133131174579e-07,3.283357481473766,-3.2862086774236507,0.002851196509475246,-5.395765145316884e-10,-7.02713786628653e-07
88.08,2.125861430566831e-07,-1.570029399280184,1.5700063310227814,-1.5699999999842589,-1.56999999999998,-5.73486416700327e-16,-2.3620680877873914e-06,0.0003266587237883,-7.034455814592278e-05,-1.0213022628580968e-13,-1.493713445491332e-13,1.9293159124879163e-14,0.015165034658156218,-0.013797376553368625,-9.7938628802215,0.00044824010300509635,-1.5446657332560986e-05,0.005907083715978115,0.8000034758082448,-1.3810182926498677e-12,0.0,0.0,0.0,-6.082125519870818e-13,-5.69205244399882e-07,3.283413344074072,-3.286290459189729,0.0028771155689295115,-4.4014366895294026e-10,-5.692058625601702e-07
88.1,1.7219477851122277e-07,-1.570023813416008,1.5700051281308376,-1.569999999984259,-1.5699999999999843,-2.262778224610178e-16,-1.913275170328544e-06,0.0002645935662798,-5.697909210409714e-05,-1.1154697822814881e-13,-1.262630141398238e-13,1.7271288091651356e-14,0.010907575395928047,-0.012069235198517478,-9.791649926518195,0.00045787925092727897,-1.2125153832959464e-05,0.005812698858497764,0.8000114173515015,-1.4256307677782612e-12,0.0,0.0,0.0,-7.762919089098314e-13,-4.6105976002294586e-07,3.283445991436672,-3.286344090599423,0.0028980995299061054,-3.585395863628633e-10,-4.6106054288755043e-07
88.12,1.394777728983643e-07,-1.5700192888660245,1.5700041537883622,-1.5699999999842609,-1.569999999999986,7.923474697499249e-17,-1.5497529038026545e-06,0.0002143207887037,-4.615306460826432e-05,-1.128516543947169e-13,-1.1452917810634254e-13,1.4905519140739464e-14,0.007320852071612527,-0.010284655067694043,-9.790902023326696,0.0004195975259313425,-9.273990220266109e-06,0.005625981698050074,0.8000147405575632,-1.474909705074391e-12,0.0,0.0,0.0,-9.537504219581787e-13,-3.7345965617207705e-07,3.283459673825814,-3.286374759041969,0.0029150855135508893,-2.917444186582341e-10,-3.734606157846549e-07
88.14,1.1297699807787225e-07,-1.570015623980536,1.5700033645709577,-1.5699999999842609,-1.569999999999988,3.38873624314925e-16,-1.255299865231085e-06,0.0001735998388589,-3.738398232865773e-05,-1.0630563522993254e-13,-1.1732832299438762e-13,1.2480383768136888e-14,0.0043583055987867015,-0.008544336075635834,-9.791153748241385,0.00035512995956507685,-6.9293355909545015e-06,0.005366022861815312,0.8000143887662593,-1.5274156557418303e-12,0.0,0.0,0.0,-1.1328972471223608e-12,-3.0250240472928605e-07,3.2834582648890684,-3.2863870977696448,0.002928833121469179,-2.3718391688035257e-10,-3.025035404688157e-07
88.16,9.151137024419164e-08,-1.5700126554232914,1.5700027253048596,-1.5699999999842618,-1.569999999999988,5.526838704410244e-16,-1.016792901878245e-06,0.0001406158694687,-3.0281025684164583e-05,-1.1194888281494545e-13,-1.086993351452197e-13,1.0133729809745685e-14,0.00195097858287638,-0.006917996730792468,-9.792026353193956,0.0002802340991003889,-5.071003507337264e-06,0.00504965213557946,0.800011175483094,-1.5819154535736965e-12,0.0,0.0,0.0,-1.3076729762922582e-12,-2.450265289319034e-07,3.2834451050270315,-3.2863850627457865,0.0029399579138762993,-1.9268857408955817e-10,-2.4502783891422776e-07
88.18,7.412421150571903e-08,-1.5700102508919218,1.5700022074993212,-1.5699999999842618,-1.5699999999999894,7.234290150470018e-16,-8.236022598848558e-07,0.0001138988542751,-2.4527630813087757e-05,-1.0821619951644625e-13,-1.0475152167762303e-13,7.987707251614685e-15,1.9240883732223643e-05,-0.0054452234974391705,-9.793227108054264,0.00020562383405816958,-3.644587237680943e-06,0.004691170734308924,0.8000057838262088,-1.6370176230872883e-12,0.0,0.0,0.0,-1.4717684001468789e-12,-1.98470955863147e-07,3.2834229991963566,-3.286371957688233,0.0029489586499240584,-1.5645312946560056e-10,-1.9847242851977629e-07
88.2,6.004061279857031e-08,-1.5700083032215142,1.5700017880768355,-1.5699999999842629,-1.5699999999999903,8.685359902226332e-16,-6.671178268030446e-07,9.22580719366678e-05,-1.986738095923248e-05,-9.882727991208356e-14,-1.1469196470979416e-13,1.0490955155580108e-14,-0.0015175648457148628,-0.00413770827021041,-9.79454196901801,0.00013796380803658584,-2.5786733643514085e-06,0.004302567629591736,0.7999987954225027,-1.6907920125254183e-12,0.0,0.0,0.0,-1.6167885110653984e-12,-1.6076103948073506e-07,3.283394335565025,-3.286350574908083,0.0029562394710789495,-1.2697247516977966e-10,-1.6076265840090869e-07
88.22,4.8632897865366214e-08,-1.5700067256084829,1.57000144834462,-1.5699999999842629,-1.5699999999999903,1.0409540445929538e-15,-5.403654482684859e-07,7.472903827446112e-05,-1.6092578580393754e-05,-9.417327045946593e-14,-1.104438562512974e-13,7.587140712176916e-15,-0.002733726616777654,-0.0029837148506772306,-9.795824554620427,8.082487740278756e-05,-1.7976498382689703e-06,0.003894120276392311,0.7999907417337984,-1.7405898662960908e-12,0.0,0.0,0.0,-1.7315163284206408e-12,-1.3021620827953685e-07,3.2833612962146965,-3.2863234240928185,0.0029621279818177206,-1.0300907676661231e-10,-1.302179413945996e-07
88.24,3.9392648604095865e-08,-1.570005447741928,1.570001173161526,-1.5699999999842629,-1.5699999999999923,1.1572384755010576e-15,-4.3769602119325525e-07,6.053052101123562e-05,-1.3034988644169332e-05,-9.966399467455133e-14,-9.616276588174645e-14,4.899327717136572e-15,-0.0036921662028198705,-0.001957366219529958,-9.796983640334727,3.553943089570559e-05,-1.2307208121018748e-06,0.0034751950008818566,0.7999821717023267,-1.7833229285563542e-12,0.0,0.0,0.0,-1.8034556787239703e-12,-1.0547514392263548e-07,3.283326134812386,-3.2862930247265867,0.0029668899981952694,-8.354344432411745e-11,-1.0547694728952471e-07
88.26,3.1908046427103207e-08,-1.5700044126700177,1.5700009502632195,-1.5699999999842629,-1.5699999999999934,1.3749907043317024e-15,-3.545338124740759e-07,4.902972201716242e-05,-1.0558340802682224e-05,-1.069196871593029e-13,-1.5477372651007264e-13,2.887315003920329e-14,-0.004441434094315853,-0.001029938442926404,-9.797970704793508,1.924981209419388e-06,-8.178011147774865e-07,0.0030550793032465984,0.7999737300274717,-1.8161683510528916e-12,0.0,0.0,0.0,-1.8223216549163476e-12,-8.543513790471398e-08,3.2832914979081806,-3.2862622394262018,0.0029707415860583467,-6.773947629163112e-11,-8.543696164742942e-08
88.28,2.5845518321028528e-08,-1.5700035742617704,1.5700007697155915,-1.5699999999842629,-1.5699999999999956,1.7701466399773502e-15,-2.8717237918354616e-07,3.971407483173295e-05,-8.55225603760171e-06,-1.0670444700827119e-13,-1.0205042519426649e-13,1.3618525845736492e-14,-0.005016625410638636,-0.00017593025972419257,-9.798768499367599,-2.113411500021875e-05,-5.128885220572163e-07,0.002643612612906306,0.7999662401563375,-1.8371186167721707e-12,0.0,0.0,0.0,-1.782532258054813e-12,-6.920299599693402e-08,3.2832607655737567,-3.2862346244065956,0.002973858887948469,-5.4915168131623724e-11,-6.920477764106883e-08
88.3,2.093487068773814e-08,-1.5700028951510916,1.5700006234720143,-1.5699999999842629,-1.5699999999999956,1.914572340518396e-15,-2.32609622952364e-07,3.216840061721472e-05,-6.927327401748911e-06,-1.0833247821421185e-13,-9.00828265432492e-14,3.229083247840959e-15,-0.00544802866538556,0.0006262943879390098,-9.799381182614406,-3.524264837709709e-05,-2.851448631655317e-07,0.002251031149808009,0.7999607850834453,-1.8451319963492975e-12,0.0,0.0,0.0,-1.6835921240683076e-12,-5.605520965697805e-08,3.283238383044295,-3.2862147691349826,0.0029763861353247767,-4.451259963404095e-11,-5.605689173928701e-08
88.32,1.695724614032639e-08,-1.5700023450714409,1.570000505014717,-1.5699999999842629,-1.5699999999999956,1.907645090458777e-15,-1.884137943890369e-07,2.6056404513409076e-05,-5.611135202292798e-06,-1.1089037111204551e-13,-8.441100562524964e-14,-2.895522202607808e-15,-0.005770951868758384,0.0013936818474068176,-9.799826252677596,-4.217483339084682e-05,-1.1801118975583803e-07,0.0018867459786625035,0.7999587772672874,-1.8402276488921672e-12,0.0,0.0,0.0,-1.5301681017558308e-12,-4.540574339352185e-08,3.283230147689446,-3.2862085898095046,0.0029784421562172813,-3.607538207160763e-11,-4.540727409451445e-08
88.34,1.37353702342117e-08,-1.5700018995069245,1.570000409064305,-1.5699999999842649,-1.5699999999999956,1.814388497954252e-15,-1.5261517558607122e-07,2.1105687660696613e-05,-4.545019518012539e-06,-9.418724863391289e-14,-8.262057477756539e-14,-6.1980216605751184e-15,-0.006024523027515459,0.0021356135862490577,-9.800128288174982,-4.3659873697299557e-05,-7.354814433361937e-09,0.0015578212415146959,0.7999620064145697,-1.8237500710129307e-12,0.0,0.0,0.0,-1.3329522419461735e-12,-3.677990419777066e-08,3.283243405144698,-3.2862235307292296,0.0029801256138215757,-2.923460752520056e-11,-3.678123786053041e-08
88.36,1.1125650749683354e-08,-1.570001538599667,1.570000331344472,-1.5699999999842649,-1.5699999999999956,1.6158464899586645e-15,-1.2361829041104376e-07,1.7095607025974925e-05,-3.6814658234075648e-06,-9.896730942692506e-14,-6.873183742778135e-14,-1.6609458474797735e-14,-0.006241948411836165,0.002850964784586574,-9.800314349262676,-4.125216382720866e-05,4.037844218305084e-08,0.0012680689161476881,0.7999726506791658,-1.7985539420557648e-12,0.0,0.0,0.0,-1.1090608455769033e-12,-2.979318950085609e-08,3.283287095285139,-3.286268614408794,0.002981519147380532,-2.36891709310759e-11,-2.979429856170851e-08
88.38,9.011777683304648e-09,-1.5700012462647863,1.5700002683914072,-1.5699999999842664,-1.5699999999999956,1.3649521495791301e-15,-1.0013084650644883e-07,1.384744171216909e-05,-2.981987327542105e-06,-1.1295333551195799e-13,-1.0535179703962277e-13,-8.394255696544641e-15,-0.006442065883289023,0.0035273983710487583,-9.800410805147877,-3.6266703090692025e-05,9.733063115962748e-09,0.0010179808558571845,0.7999932332108932,-1.768531100934736e-12,0.0,0.0,0.0,-8.792416829090712e-13,-2.4134142677579697e-08,3.283371573899268,-3.286354266410187,0.00298269253013936,-1.9195676999030135e-11,-2.4135021919267895e-08
88.4,7.299540176676386e-09,-1.570001009473533,1.5700002173994254,-1.5699999999842664,-1.5699999999999956,1.2236451701397664e-15,-8.110598864912654e-08,1.1216427796028196e-05,-2.4154097426675888e-06,-9.780377608089365e-14,-1.0848126923933641e-13,-6.444769928467262e-15,-0.006625675548095741,0.004145143878233827,-9.800441331967287,-2.9762491812766213e-05,-1.2234344107565334e-07,0.0008054118059430242,0.800026502355506,-1.7374821110480833e-12,0.0,0.0,0.0,-6.621675878456707e-13,-1.9550484697444522e-08,3.2835081210067387,-3.2864918259024476,0.0029837049112803296,-1.555438842843507e-11,-1.955114695385723e-08
88.42,5.912627695408093e-09,-1.570000817672618,1.570000176095918,-1.5699999999842664,-1.5699999999999972,1.136193922444766e-15,-6.569585428419221e-08,9.08530651828733e-06,-1.9564818917296146e-06,-9.936773005832022e-14,-9.815604388847157e-14,-4.498392612487629e-15,-0.006779785806176857,0.004684926637700915,-9.80042582532479,-2.2559303878008367e-05,-3.8491784565528523e-07,0.0006267212565594147,0.8000752107199675,-1.7082236238003692e-12,0.0,0.0,0.0,-4.703274763918714e-13,-1.5837861953100773e-08,3.2837080340927436,-3.2866926402492815,0.0029846061691489387,-1.2602264792842213e-11,-1.583833272471129e-08
88.44,4.789228600829371e-09,-1.5700006623138765,1.5700001426400778,-1.5699999999842664,-1.5699999999999972,1.0441546914095076e-15,-5.3213640676266645e-08,7.359098275881388e-06,-1.5847503351292064e-06,-9.948042178331245e-14,-9.5066772547414e-14,-4.979576359713273e-15,-0.0068893304269873985,0.005134894151169241,-9.800379982514054,-1.5276145255973073e-05,-8.107885082508695e-07,0.0004777935651081897,0.8001417665599045,-1.6824266846519885e-12,0.0,0.0,0.0,-3.097476731349403e-13,-1.2830735011584187e-08,3.28398119731971,-3.28696663468323,0.0029854373737378645,-1.021103132046233e-11,-1.2831045558762011e-08
88.46,3.879275354923225e-09,-1.5700005364732963,1.570000115540846,-1.5699999999842664,-1.5699999999999972,9.469903468664778e-16,-4.310304807029267e-08,5.960869610446799e-06,-1.283647770075684e-06,-9.987403891372637e-14,-9.267964154468636e-14,-5.125702433897306e-15,-0.006946660857341121,0.005492274032553335,-9.800315354912733,-8.382266181259643e-06,-1.432930943955741e-06,0.0003545887477754519,0.8002277315456375,-1.660838585037203e-12,0.0,0.0,0.0,-1.8156465606379525e-13,-1.0395009699850993e-08,3.284334020237572,-3.287320250569385,0.002986230340092387,-8.274486392595725e-12,-1.0395191886410857e-08
88.48,3.1422132393912e-09,-1.570000434542426,1.570000093590469,-1.5699999999842664,-1.5699999999999972,8.49718092245027e-16,-3.491346837190356e-08,4.828304391804941e-06,-1.0397546865947168e-06,-1.0023104050389637e-13,-9.083502228036223e-14,-5.068780668406404e-15,-0.00695288886948057,0.0057611499014224715,-9.800239731405291,-2.253477796276287e-06,-2.279204507996834e-06,0.0002533416720276482,0.8003331432010298,-1.6435609344106087e-12,0.0,0.0,0.0,-8.374423489616208e-14,-8.42206339053155e-09,3.2847666569068834,-3.2877536631556916,0.0029870062555171343,-6.703379969352558e-12,-8.422145801945538e-09
88.5,2.5451929336419203e-09,-1.5700003519784214,1.5700000758106647,-1.5699999999842664,-1.5699999999999972,7.552479624661743e-16,-2.8279909063619212e-08,3.910926552174687e-06,-8.422012907500049e-07,-1.0069046666800713e-13,-8.965414500829347e-14,-4.822228872453354e-15,-0.006915086670438769,0.00594961327111633,-9.800157742990427,2.7720521423990088e-06,-3.3650719243602524e-06,0.0001706334200351961,0.8004556497100838,-1.6303348867696173e-12,0.0,0.0,0.0,-1.2708886773584562e-14,-6.823916743717019e-09,3.2852694549318686,-3.288257228312537,0.0029877733861020175,-5.4324373323327355e-12,-6.823928563920703e-09
88.52,2.061606489495645e-09,-1.5700002851015773,1.5700000614090226,-1.5699999999842664,-1.5699999999999972,6.658431270607614e-16,-2.290672629369449e-08,3.1678505078331928e-06,-6.821830477505044e-07,-1.0098908130932156e-13,-8.876877884385736e-14,-4.569489434646162e-15,-0.00684373067228679,0.006067692756400024,-9.800071598641788,6.343255681161344e-06,-4.684230115262804e-06,0.00010343844298803279,0.8005894610666239,-1.6207677887845296e-12,0.0,0.0,0.0,3.544175612489599e-14,-5.529299591503406e-09,3.2858186507192686,-3.2888071746341665,0.0029885239192990443,-4.402185105069981e-12,-5.5292644163980964e-09
88.54,1.6699014696039926e-09,-1.5700002309313337,1.570000049743694,-1.5699999999842664,-1.5699999999999972,5.827475806425183e-16,-1.8554448334945983e-08,2.5659589276045823e-06,-5.525682844448647e-07,-1.0142438574443385e-13,-8.813350772007177e-14,-4.156814512905279e-15,-0.006751199924705458,0.006126163704468742,-9.799981897167138,8.054993963781373e-06,-6.1970839738668075e-06,4.9167229770288996e-05,0.8007241455086379,-1.6144110735441807e-12,0.0,0.0,0.0,6.452379169457753e-14,-4.480494904504165e-09,3.2863714297465196,-3.2893606598274405,0.002989230084489698,-3.5665027063187626e-12,-4.480431447492099e-09
88.56,1.3526204005942312e-09,-1.5700001870534366,1.5700000402947745,-1.5699999999842664,-1.5699999999999972,5.067035728428459e-16,-1.5029103374667913e-08,2.07842673593326e-06,-4.4758031058953414e-07,-1.018128074394471e-13,-8.775054948848433e-14,-3.820540123357052e-15,-0.006651112743204046,0.006136116031068186,-9.799888488834231,7.42034285874158e-06,-7.817160224012523e-06,5.703678325670525e-06,0.8008433355533113,-1.6107278695954056e-12,0.0,0.0,0.0,7.841991623118427e-14,-3.630755657136143e-09,3.2868606158083256,-3.289850455624605,0.0029898398191694087,-2.889879173015263e-12,-3.6306782152467134e-09
88.58,1.095622729589813e-09,-1.5700001515123398,1.5700000326411525,-1.5699999999842664,-1.5699999999999972,4.3751372082970606e-16,-1.2173574043323476e-08,1.6835256470846932e-06,-3.62540046893721e-07,-1.0215892333068797e-13,-8.759436796523738e-14,-3.437760159944977e-15,-0.006558281838560361,0.0061091521014005725,-9.799791376471573,3.860828739834686e-06,-9.395907758532868e-06,-2.856299843838778e-05,0.8009234551102942,-1.6090859165302277e-12,0.0,0.0,0.0,8.109454484744196e-14,-2.9422264194317834e-09,3.2871894467733314,-3.2901797191902875,0.0029902724192992633,-2.341939663931611e-12,-2.9421439910819466e-09
88.6,8.874546095227973e-10,-1.5700001227240503,1.5700000264417158,-1.5699999999842664,-1.5699999999999972,3.755541793883147e-16,-9.860595324229136e-09,1.363655783875706e-06,-2.9365743620727374e-07,-1.0267784976682363e-13,-8.764616304313551e-14,-3.062537662302732e-15,-0.0064890695489467284,0.00605808462322777,-9.799691653075524,-3.28021246542433e-06,-1.0706813951478435e-05,-5.4712520452066305e-05,0.8009326387716381,-1.608833590791704e-12,0.0,0.0,0.0,7.621584795784729e-14,-2.3842508770630908e-09,3.2872271390815597,-3.290217553910246,0.002990414830585586,-1.8979019575498937e-12,-2.384176261800482e-09
88.62,7.188384246654294e-10,-1.5700000994055363,1.5700000214201726,-1.5699999999842664,-1.5699999999999972,3.205815604163874e-16,-7.987082626516377e-09,1.104561172129311e-06,-2.378625120638881e-07,-1.029874738126516e-13,-8.779616511527076e-14,-2.688771455833555e-15,-0.006461924879420625,0.005998000536645497,-9.799592471227502,-1.469521808667201e-05,-1.1430397296642553e-05,-7.327613364863389e-05,0.8008300859450684,-1.6093821085585096e-12,0.0,0.0,0.0,6.678309659286425e-14,-1.9320237430878547e-09,3.2868062369470534,-3.2897963564471837,0.0029901195016717543,-1.5375719421253526e-12,-1.931956782171592e-09
88.639,5.822593065471898e-10,-1.570000080517541,1.570000017352724,-1.5699999999842664,-1.5699999999999972,2.720215717905231e-16,-6.4695373808113255e-09,8.94694559786775e-07,-1.926686190203664e-07,-1.0323846350166058e-13,-8.800660823334485e-14,-2.366023854889456e-15,-0.0064978793713737154,0.005947545906261907,-9.799500028487731,-3.10343827542783e-05,-1.1142419122612443e-05,-8.423205368609504e-05,0.8005926534295023,-1.6102859699147096e-12,0.0,0.0,0.0,5.5051567927731965e-14,-1.5655021399606939e-09,3.285831754915154,-3.2888210588058486,0.0029893038919433885,-1.2467990845064858e-12,-1.565446821742115e-09
88.66,4.71630211863521e-10,-1.5700000652182655,1.5700000140580903,-1.5699999999842664,-1.5699999999999972,2.291704213530929e-16,-5.240325764635948e-09,7.247026065716052e-07,-1.5606159049917158e-07,-1.0374737014631817e-13,-8.81745189146344e-14,-2.106742272087362e-15,-0.006620767917606454,0.00593026532541206,-9.799424532120664,-5.278535032668969e-05,-9.308578385756483e-06,-8.702120577627996e-05,0.8002714850662895,-1.6113519022660933e-12,0.0,0.0,0.0,4.2616113735587536e-14,-1.2685777746189765e-09,3.284513600063602,-3.2875017621696037,0.0029881621070133556,-1.0105441944475706e-12,-1.268535069657476e-09
88.68,3.8202063605514236e-10,-1.570000052825852,1.5700000113894363,-1.5699999999842664,-1.5699999999999972,1.9200165363968282e-16,-4.244664339012018e-09,5.870091283599142e-07,-1.2640988729410926e-07,-1.0393675665067209e-13,-8.855491612225347e-14,-1.820466444087988e-15,-0.006856924285198049,0.005975795302074229,-9.799381075965822,-8.010458091847738e-05,-5.289976677650176e-06,-8.059405514723203e-05,0.7999752294630373,-1.612592480516696e-12,0.0,0.0,0.0,3.052118250034821e-14,-1.0281988921759942e-09,3.283297693359413,-3.286284795754403,0.0029871023958069065,-8.190018496302139e-13,-1.0281692591445898e-09
88.7,3.0943687043903116e-10,-1.5700000427879948,1.5700000092278257,-1.5699999999842664,-1.5699999999999972,1.5971344677481255e-16,-3.438178637555182e-09,4.754773894434748e-07,-1.0239198848422134e-07,-1.0433989878734625e-13,-8.887254260501186e-14,-1.6253326880108788e-15,-0.0072340824189479945,0.006120664210103301,-9.799390322357537,-0.00011259625736990027,1.6353047314059259e-06,-6.350279654782148e-05,0.7997718499683482,-1.6140112991976742e-12,0.0,0.0,0.0,1.938069379112648e-14,-8.336612413831469e-10,3.282462973326833,-3.2854493539500464,0.002986380623878508,-6.643167649533002e-13,-8.336415943119627e-10
88.72,2.506441206050415e-10,-1.570000034657332,1.5700000074769238,-1.5699999999842664,-1.5699999999999972,1.3262904835040174e-16,-2.784918572936826e-09,3.851366710654085e-07,-8.293750566662045e-08,-1.0099996701859048e-13,-8.239595902729004e-14,-1.481264374493082e-15,-0.007778652680234688,0.006407832523306411,-9.799478834750875,-0.00014903820754303651,1.2228202251209397e-05,-3.405746284821169e-05,0.7996597402832823,-1.6155267091731725e-12,0.0,0.0,0.0,9.496652249300148e-15,-6.762020129049911e-10,3.2820028473190064,-3.2849888398090448,0.0029859924905757305,-5.38271144510679e-13,-6.761921611325963e-10
88.74,2.0302199288624358e-10,-1.5700000280714956,1.5700000060586916,-1.5699999999842664,-1.5699999999999972,1.0583557016468032e-16,-2.255785847979809e-09,3.1196071875875746e-07,-6.71793776746536e-08,-1.0201147154695748e-13,-8.40567546918578e-14,-1.2624558357819785e-15,-0.008510088254172208,0.006883601609018217,-9.799678853209665,-0.0001870601539428468,2.7215204471299294e-05,9.433184508854197e-06,0.7996151727957409,-1.6170497693620035e-12,0.0,0.0,0.0,9.697269873383885e-16,-5.487287804284116e-10,3.281819931306502,-3.2848057820726986,0.002985850766634784,-4.362080365911984e-13,-5.48727011725461e-10
88.76,1.6444803572291335e-10,-1.5700000227369673,1.570000004909924,-1.5699999999842664,-1.5699999999999972,8.202391779615342e-17,-1.8271882451299686e-09,2.5268817796544924e-07,-5.441529912391847e-08,-1.0285226844822975e-13,-8.556503267253758e-14,-1.1556171613948498e-15,-0.009432910208231133,0.007592369212464557,-9.800027245166977,-0.00022278816066792107,4.7178135927223864e-05,6.83208026015644e-05,0.7996175038709809,-1.618517904953583e-12,0.0,0.0,0.0,-6.201798799883047e-15,-4.455050492535242e-10,3.2818294986707888,-3.284815378144218,0.0029858794737848003,-3.5431810734992324e-13,-4.455110735016483e-10
88.78,1.3320310013791292e-10,-1.5700000184159992,1.5700000039794235,-1.5699999999842664,-1.5699999999999972,6.176423605008277e-17,-1.4800239784061704e-09,2.046774284851624e-07,-4.4076391649988823e-08,-1.0387515347883833e-13,-8.69991763775274e-14,-9.703115418396224e-16,-0.010528570944023317,0.008571203500213639,-9.800563308276633,-0.0002504808753177879,7.240042967509421e-05,0.00014316723102094278,0.799649726163718,-1.6198798967575882e-12,0.0,0.0,0.0,-1.2036218802921232e-14,-3.6190875225549903e-10,3.2819617470308846,-3.284947763029576,0.002986015998978944,-2.8704328324578117e-13,-3.6192052213750307e-10
88.8,1.0789467544931419e-10,-1.5700000149160145,1.5700000032257178,-1.5699999999842664,-1.5699999999999972,4.478141321108951e-17,-1.1988207663576335e-09,1.6578871524685968e-07,-3.5701890649851885e-08,-1.0459744464991973e-13,-8.825916822424433e-14,-8.191983229506134e-16,-0.011747454430470873,0.00984404808073108,-9.801325064948912,-0.00026219834967493847,0.0001026648090910309,0.0002331718318312371,0.7996985307285909,-1.6210813660890702e-12,0.0,0.0,0.0,-1.64961495874515e-14,-2.941985349215901e-10,3.2821620531603095,-3.285148264527934,0.002986211367859992,-2.339465061354385e-13,-2.942141432275066e-10
88.82,8.739482784996615e-11,-1.570000012081029,1.570000002615215,-1.5699999999842664,-1.5699999999999972,3.0935318629921666e-17,-9.710459343548875e-10,1.3428886908682765e-07,-2.89185390306955e-08,-1.0523796934253225e-13,-8.94015392164035e-14,-6.254721503433839e-16,-0.012999813858551845,0.011413690014890279,-9.802343674275201,-0.0002475628621061058,0.00013700055304575597,0.00033546349168067516,0.7997540497493424,-1.622051343599015e-12,0.0,0.0,0.0,-1.943001104978179e-14,-2.3935025407702774e-10,3.282389917083584,-3.2853763464008354,0.0029864293174411242,-1.9076523479171602e-13,-2.3936977287865453e-10
88.84,7.078993095083332e-11,-1.570000009784688,1.5700000021207083,-1.5699999999842664,-1.5699999999999972,2.018634289198736e-17,-7.86548237761396e-10,1.0877399089879137e-07,-2.3424000964402797e-08,-1.0567277898219033e-13,-9.03954902864394e-14,-5.226512543188254e-16,-0.014145520816958497,0.013250620070875064,-9.803635607998588,-0.00019369282764008467,0.00017338380981432716,0.0004442594930841956,0.7998094150995501,-1.6227127922941987e-12,0.0,0.0,0.0,-2.0637007488083556e-14,-1.9491908436541704e-10,3.282617150299545,-3.2856037949738344,0.002986644674445294,-1.5530937444925722e-13,-1.9494007655966954e-10
88.86,5.7339946797313215e-11,-1.5700000079246537,1.5700000017201576,-1.5699999999842664,-1.5699999999999972,1.1786065883066149e-17,-6.371049549272986e-10,8.810692362004468e-08,-1.897344999936009e-08,-1.0605229419359201e-13,-9.124443443119029e-14,-4.2753663757860694e-16,-0.014983569447237464,0.015278840348018819,-9.80519231634854,-8.541454082034053e-05,0.0002084022397915093,0.0005499185062067252,0.7998602342486791,-1.62304174694232e-12,0.0,0.0,0.0,-2.016590316972493e-14,-1.5892794431085286e-10,3.28282572476924,-3.28581256618881,0.0029868414196962375,-1.2538754279357957e-13,-1.5894748859777546e-10
88.88,4.644544432359508e-11,-1.5700000064180233,1.5700000013957105,-1.5699999999842664,-1.5699999999999972,5.397886879277633e-18,-5.160557485496742e-10,7.13666040032242e-08,-1.5368489280503824e-08,-1.0641585195401781e-13,-9.198829408031803e-14,-3.360522005638896e-16,-0.015242799103743057,0.017359014089327957,-9.806967269966103,9.411970560943462e-05,0.00023690604169782135,0.0006379469943891246,0.7999040552593311,-1.6231122720634202e-12,0.0,0.0,0.0,-1.852082297623347e-14,-1.2977150965197173e-10,3.283005577131353,-3.2859925878389205,0.002987010707671293,-1.033466741562253e-13,-1.2978940882463995e-10
88.9,3.762088417531938e-11,-1.570000005197655,1.5700000011329096,-1.5699999999842664,-1.5699999999999972,6.982028789713788e-19,-4.1800575792228445e-10,5.780694009878757e-08,-1.2448469530092592e-08,-1.0674341267120577e-13,-9.26745908700288e-14,-1.6539417618174295e-16,-0.01457591255054171,0.01926983209013429,-9.808860529117636,0.00036225756250930823,0.0002516814556457199,0.0006880588800312291,0.799939867766281,-1.6230356131865765e-12,0.0,0.0,0.0,-1.6336169766334542e-14,-1.0615225091426696e-10,3.283152560595854,-3.2861397096127147,0.0029871490169451277,-8.486811979653613e-14,-1.0616823183938705e-10
88.92,3.047297921696781e-11,-1.5700000042091569,1.57000000092004,-1.5699999999842664,-1.5699999999999972,-2.7095747523420616e-18,-3.3858523723296175e-10,4.6823637422064e-08,-1.0083250416189884e-08,-1.0701951369769917e-13,-9.320253323559385e-14,-1.6910663887149731e-16,-0.012559559932340484,0.02068911436116222,-9.810701385998673,0.0007349530145868353,0.00024320020539563274,0.0006734378676772081,0.7999676671200547,-1.6228280128333535e-12,0.0,0.0,0.0,-1.3735412477435111e-14,-8.701514145369181e-11,3.2832666560806616,-3.2862539126145105,0.0029872565339185697,-6.928139741378534e-14,-8.702985382295874e-11
88.94,2.4683166776758724e-11,-1.570000003408473,1.5700000007476156,-1.5699999999842664,-1.5699999999999972,-4.960490855587701e-18,-2.7425449933381985e-10,3.792715428177156e-08,-8.16742741102602e-09,-1.0730241828990073e-13,-9.368643040778468e-14,-9.003237025303656e-17,-0.008703996115979629,0.021176989607288088,-9.81223017306152,0.0012239881956629343,0.00019951872768701965,0.0005604097380490819,0.7999880940544911,-1.6223376515601375e-12,0.0,0.0,0.0,-1.0025160849759153e-14,-7.151736802938747e-11,3.283350493317536,-3.2863378291337733,0.0029873358162958797,-5.656138292248547e-14,-7.15264162085271e-11
88.96,1.9993410382143495e-11,-1.5700000027599184,1.5700000006079518,-1.5699999999842664,-1.5699999999999972,-6.651715327616721e-18,-2.2214653501523176e-10,3.07209855848931e-08,-6.615602067145747e-09,-1.0747040448885109e-13,-9.410098744707412e-14,-6.733089961296994e-17,-0.0024765365196927473,0.02016449733587638,-9.813081046599962,0.001833164078666651,0.00010642357190269002,0.00030879598857133124,0.8000021517379587,-1.6212832840645762e-12,0.0,0.0,0.0,-3.943014680537281e-15,-5.895887865509946e-11,3.283408189559783,-3.286395580303623,0.002987390743886177,-4.647379897868007e-14,-5.89621999432232e-11
88.98,1.619470085679545e-11,-1.5700000022345877,1.5700000004948245,-1.5699999999842664,-1.5699999999999972,-7.61436867831691e-18,-1.799390334935838e-10,2.488398834910204e-08,-5.358629758842322e-09,-1.0776431848587637e-13,-9.44180723767534e-14,-4.4080526807664137e-17,0.006656365210869525,0.016952112165419503,-9.812768445089048,0.002553360655670736,-5.205758213996291e-05,-0.00012671396841892456,0.8000109951845329,-1.6193229909929098e-12,0.0,0.0,0.0,5.971464529887378e-15,-4.8782152212328765e-11,3.2834444852732867,-3.2864319110113613,0.002987425738114569,-3.893650932246917e-14,-4.8776091928743636e-11
89.0,1.311774011275846e-11,-1.57000000180907,1.570000000403191,-1.5699999999842664,-1.5699999999999972,-8.214864214289011e-18,-1.4575090320220404e-10,2.015601505248191e-08,-4.340488606249519e-09,-1.0795395238940493e-13,-9.47099657859888e-14,-2.002715353347146e-17,0.019163256905915815,0.010723936842018788,-9.810680971743487,0.003356453219740479,-0.00029263883993915004,-0.0007937743616849842,0.8000157839904641,-1.6160878912683609e-12,0.0,0.0,0.0,2.1199110015112252e-14,-4.053063948639809e-11,3.2834641397302304,-3.2864515849471605,0.002987445216962098,-3.2248952114637596e-14,-4.0509795654766325e-11
89.02,1.0625396567658511e-11,-1.5700000014644035,1.5700000003289682,-1.5699999999842664,-1.5699999999999972,-8.346953100066057e-18,-1.1805908975122642e-10,1.632636805863979e-08,-3.515792788223931e-09,-1.082580098819417e-13,-9.557759376198352e-14,3.0954405053511823e-17,0.035352996566986615,0.0005845434676549293,-9.8060876182752,0.004188207131136057,-0.0006310973414953572,-0.0017377360768957785,0.8000175875147566,-1.6112037230226578e-12,0.0,0.0,0.0,4.313393709110332e-14,-3.384321122639225e-11,3.283471541846639,-3.2864589950913854,0.002987453244774242,-2.7322345016555125e-14,-3.3798922631976425e-11
89.04,8.60658419260277e-12,-1.5700000011852224,1.5700000002688497,-1.5699999999842664,-1.5699999999999972,-7.859028187776539e-18,-9.562795739066996e-11,1.322436061969635e-08,-2.847793703984058e-09,-1.0817216126508193e-13,-9.557957581349664e-14,-7.00858966077911e-19,0.05524694293251424,-0.014373462760004972,-9.79816245358545,0.004960469830773749,-0.0010797731106526073,-0.0029946847173645493,0.8000173313127142,-1.6043252790733186e-12,0.0,0.0,0.0,7.292290467835981e-14,-2.8412218825733498e-11,3.2834704903322733,-3.2864579436676578,0.002987453335406655,-2.1423736956953092e-14,-2.8339651200123465e-11
89.06,6.971347154250914e-12,-1.5700000009590855,1.5700000002201508,-1.5699999999842664,-1.5699999999999972,-7.975709520668381e-18,-7.745863903491763e-11,1.0711725821891996e-08,-2.306715557915725e-09,-1.0825949429591144e-13,-9.542272853248608e-14,-5.3589179293607703e-17,0.07841549147001378,-0.03496240847607512,-9.786035031524337,0.005543245184300434,-0.0016441013326055649,-0.004581742393964039,0.8000157743317536,-1.5951872896282612e-12,0.0,0.0,0.0,1.1123943019447841e-13,-2.400554689331107e-11,3.2834641000965754,-3.286451548466187,0.0029874483696325843,-1.8326773590599788e-14,-2.3894218643526334e-11
89.08,5.64680489066668e-12,-1.5700000007759145,1.5700000001807046,-1.5699999999842664,-1.5699999999999972,-8.367560167799906e-18,-6.274144126157589e-11,8.676509714700268e-09,-1.8684216820668308e-09,-1.0839259676207541e-13,-9.556285928792733e-14,4.483652894209728e-18,0.10377964018841172,-0.06174451765269528,-9.768874585917397,0.005757577033896901,-0.0023180703425739104,-0.006484318093219526,0.8000135076710082,-1.583674969794252e-12,0.0,0.0,0.0,1.5798025626327232e-13,-2.0419175137595118e-11,3.283454797157786,-3.286442237750319,0.002987440592548804,-1.526951354926263e-14,-2.0260839603967727e-11
89.1,4.573924404780254e-12,-1.5700000006275463,1.5700000001487546,-1.5699999999842664,-1.5699999999999972,-8.161335810229751e-18,-5.0820757456840346e-11,7.027961569029561e-09,-1.513416804013348e-09,-1.0844813859041121e-13,-9.565791731600105e-14,2.7114121659217264e-17,0.1293830702704023,-0.09482165671368807,-9.746016276537206,0.005370585508974577,-0.003078573493348894,-0.00864019597598314,0.8000109672742175,-1.569916546176022e-12,0.0,0.0,0.0,2.1188041822664682e-13,-1.7499351700552342e-11,3.283444370737728,-3.2864318024004247,0.002987431662708157,-1.3913123884729059e-14,-1.7288093015744627e-11
89.12,3.704889393655064e-12,-1.570000000507369,1.570000000122875,-1.5699999999842664,-1.5699999999999972,-7.758651831474391e-18,-4.1164915084408777e-11,5.692652136621904e-09,-1.225869077108115e-09,-1.0831120138795197e-13,-9.580005372182372e-14,5.987774778073242e-17,0.15214670289403998,-0.13356525337686956,-9.71713715615853,0.004094481666466731,-0.0038787437928865425,-0.010920687068317562,0.8000084545442298,-1.5543984520501979e-12,0.0,0.0,0.0,2.7004928861916834e-13,-1.512211449746326e-11,3.2834340578688543,-3.2864214805992646,0.0029874227304222565,-1.1813123665112716e-14,-1.485215402762615e-11
89.14,3.000969370821112e-12,-1.5700000004100247,1.570000000101912,-1.5699999999842664,-1.5699999999999972,-7.082456373630388e-18,-3.3343632535398985e-11,4.611050572506649e-09,-9.92944305517068e-10,-1.0842129543525873e-13,-9.581070863573993e-14,3.490949756253705e-17,0.16762649437474594,-0.17628658021708896,-9.682487734370346,0.0015919091246244345,-0.00464053731896988,-0.013109567003465567,0.8000061603888082,-1.5381013212971365e-12,0.0,0.0,0.0,3.2744276127405567e-13,-1.3181938240252469e-11,3.2834246420842526,-3.2864120566129276,0.002987414528684941,-1.081080793892542e-14,-1.285440666045363e-11
89.16,2.430793244851965e-12,-1.5700000003311745,1.5700000000849323,-1.5699999999842664,-1.5699999999999972,-6.25968805280609e-18,-2.7008229219541516e-11,3.734951657896663e-09,-8.042729677417185e-10,-1.08504051522485e-13,-9.588854552433076e-14,3.1561394684797816e-17,0.16980664035135803,-0.21985533639214072,-9.643181283272774,-0.0025095181501542992,-0.005247074314189923,-0.014881202907506542,0.8000041895439645,-1.5226512022527937e-12,0.0,0.0,0.0,3.76303316910681e-13,-1.1602634784201756e-11,3.283416553246654,-3.2864039607115303,0.0029874074648870348,-9.107004262120605e-15,-1.1226686740520352e-11
89.18,1.968948778124476e-12,-1.5700000002673056,1.570000000071179,-1.5699999999842664,-1.5699999999999972,-5.3961263798634185e-18,-2.1876731484273548e-11,3.0252971309613792e-09,-6.514618574485436e-10,-1.0849539244010313e-13,-9.598984937175813e-14,4.8977150604967936e-17,0.1509739842661318,-0.25928545840150546,-9.601536885919607,-0.008590160637575037,-0.005535561819987806,-0.015780155554590267,0.8000025831314731,-1.5104753632793404e-12,0.0,0.0,0.0,4.0562154257376025e-13,-1.0328016728506368e-11,3.2834099601301023,-3.2863973618358457,0.0029874017057519163,-7.666194016115358e-15,-9.922572822190786e-12
89.2,1.5948540197212277e-12,-1.5700000002155736,1.570000000060039,-1.5699999999842664,-1.5699999999999972,-4.727480281600188e-18,-1.7720254790096418e-11,2.4504900712552474e-09,-5.27671991645683e-10,-1.0848673335763077e-13,-9.597400376583741e-14,1.9081228972637336e-17,0.10173480524066814,-0.2873217489759564,-9.561463278843748,-0.016995169809797674,-0.005292009545723464,-0.015205635517105241,0.8000013382831949,-1.5049677998998123e-12,0.0,0.0,0.0,4.005907769399584e-13,-9.308063120224312e-12,3.2834048509630525,-3.2863922482143075,0.0029873972512618648,-7.158689256368489e-15,-8.906317709407729e-12
89.22,1.2918376025107358e-12,-1.5700000001736716,1.570000000051015,-1.5699999999842664,-1.5699999999999972,-4.075907318772661e-18,-1.4353510574106335e-11,1.984906874183177e-09,-4.2741886146115406e-10,-1.0857901443541377e-13,-9.60136412176128e-14,3.966218768103129e-17,0.011251510420004385,-0.29407957370786275,-9.528858222181121,-0.027971566392319756,-0.004249403627461545,-0.012405473798907597,0.8000004243196948,-1.5106631879529242e-12,0.0,0.0,0.0,3.420593095895441e-13,-8.51451185055052e-12,3.283401099829481,-3.2863884938249686,0.0029873939954924923,-6.357265562502845e-15,-8.172452540961376e-12
89.24,1.0463941349768242e-12,-1.5700000001397298,1.5700000000437075,-1.5699999999842664,-1.5699999999999972,-3.473604253265209e-18,-1.1626270799757011e-11,1.607786613307604e-09,-3.4621714458786255e-10,-1.0857592190592245e-13,-9.60456488919028e-14,-8.46190918749752e-18,-0.13220743876200178,-0.2668124409427721,-9.51198205724035,-0.04158242389167347,-0.002091500696512561,-0.006485682213716482,0.7999997954306198,-1.5333209807887122e-12,0.0,0.0,0.0,2.0645916592778222e-13,-7.933236123190172e-12,3.2833985187122843,-3.2863859104866835,0.002987391774406321,-6.11760131848434e-15,-7.726865775081963e-12
89.26,8.475835190602567e-13,-1.5700000001122365,1.5700000000377878,-1.5699999999842664,-1.5699999999999972,-2.991287675469832e-18,-9.417517203747238e-12,1.3022975838863306e-09,-2.8044749714094247e-10,-1.0877087496041393e-13,-9.608338983515155e-14,2.9375465846465623e-17,-0.3402980838570136,-0.18990809539557119,-9.521744227105776,-0.057596103549319363,0.001535090060182054,0.0035568763669916416,0.7999994001017441,-1.5797819579005796e-12,0.0,0.0,0.0,-3.3159071620129734e-14,-7.555237892006466e-12,3.2833968961842546,-3.2863842865855406,0.002987390401292638,-6.745835672441935e-15,-7.590528590235674e-12
89.28,6.865460088805644e-13,-1.5700000000899652,1.5700000000329917,-1.5699999999842664,-1.5699999999999972,-2.613132170737763e-18,-7.628181001746599e-12,1.0548508708512916e-09,-2.2715688215019983e-10,-1.0845617916680433e-13,-9.611806368135235e-14,-1.4241796080993932e-19,-0.6230988428929809,-0.045241403258485614,-9.57181820078481,-0.07535046333155727,0.00699741550220848,0.018769876956909598,0.799999187702208,-1.6575749040099309e-12,0.0,0.0,0.0,-4.0497165581456205e-13,-7.383769496193035e-12,3.2833960244437175,-3.286383414135402,0.002987389691690237,-6.175043851466296e-15,-7.789540511773872e-12
89.3,5.561055014385036e-13,-1.5700000000719263,1.570000000029106,-1.5699999999842664,-1.5699999999999972,-2.0594269178890972e-18,-6.1785852602027695e-12,8.544116880718014e-10,-1.8399140420677903e-10,-1.0857814852698042e-13,-9.614811533457255e-14,4.0441342290617065e-17,-0.9869659721992642,0.18696065223027555,-9.678474448710341,-0.09359505495503581,0.014637840068394923,0.04013921201136334,0.7999991127171621,-1.7743374782309071e-12,0.0,0.0,0.0,-9.355015208967507e-13,-7.427244480713746e-12,3.283395716686397,-3.286383106165741,0.0029873894793491125,-6.822572641517592e-15,-8.361769006432563e-12
89.32,6.276137519115345e-13,-1.5700000000576115,1.570000000025735,-1.5699999999845022,-1.5699999999998946,1.912079991085688e-14,3.703746104298869e-12,6.77721547715242e-10,-1.5986082733783426e-10,-1.1324962465746914e-11,5.1114995863963116e-12,8.819446349850282e-13,-1.43120010549039,0.5258490724011371,-9.859321809439441,-0.11033729117532978,0.02470028056472835,0.06842466456170625,0.7999991371139846,-1.9369640295765308e-12,0.0,0.0,0.0,-1.6456344602522018e-12,-8.162501811615762e-12,3.283395816816707,-3.2863832064408554,0.002987389624157015,-8.26823332984911e-15,-9.808402725106581e-12
89.34,6.527308968612681e-13,-1.5700000000462362,1.5700000000226508,-1.5699999999851313,-1.5699999999998986,2.0126691169239992e-14,3.913645313857392e-12,5.331434274160922e-10,-1.5102203015438572e-10,-3.4795396923990856e-11,1.664211045989024e-12,-5.031865825364814e-13,-1.9425543973349357,0.9846717806744445,-10.129478656935625,-0.12278134915808084,0.037148457631235976,0.10390359029948956,0.7999992312881485,-2.150184366208759e-12,0.0,0.0,0.0,-2.5441938415082423e-12,-8.942877610174426e-12,3.2833962033305926,-3.2863835933490853,0.0029873900185030545,-8.402805759090744e-15,-1.148653854514298e-11
89.36,8.424448402364524e-13,-1.570000000037478,1.5700000000196848,-1.5699999999861636,-1.569999999999825,7.842752665752763e-15,3.870547205157382e-11,4.546322151887217e-10,-4.988010774819446e-11,7.034837632129837e-11,4.6977660578598455e-11,4.0295096344231085e-13,-2.4883172482909637,1.561641430110242,-10.492933900522836,-0.12750479870516268,0.05131966237582576,0.14600016351559925,0.7999993739666701,-2.4145348205537747e-12,0.0,0.0,0.0,-3.6191142178293045e-12,-1.033362937785794e-11,3.2833967889181626,-3.286384179502304,0.0029873905841534976,-1.1076134566054582e-14,-1.3953631773411947e-11
89.38,1.03884729088666e-12,-1.5700000000305194,1.570000000017124,-1.5699999999871703,-1.569999999999726,-3.867790657594637e-14,1.0035814366359972e-11,3.283501870464216e-10,-1.2260409311057319e-10,-4.8790092842601607e-11,5.956991027707267e-12,-3.101894179779682e-12,-3.0101969355151192,2.226723060317708,-10.926115280584467,-0.1210087490036738,0.06551882742247014,0.19285859272558417,0.7999995513675199,-2.724144608737934e-12,0.0,0.0,0.0,-4.828460465866538e-12,-1.189767465114529e-11,3.283397517014746,-3.2863849082874506,0.002987391272717025,-1.2853009549683647e-14,-1.6725602210258873e-11
89.4,1.2148580767583473e-12,-1.5700000000249466,1.570000000014963,-1.5699999999880787,-1.5699999999996148,-1.0895948292556925e-13,7.914509671279931e-12,2.6147636182985434e-10,-1.0690226199920604e-10,-4.857223802855193e-11,4.627748203633701e-12,-3.880714997126552e-12,-3.4188762210698638,2.9059989528948504,-11.357012073576117,-0.10069032305484106,0.07674340055279626,0.2409976482255044,0.7999997558332825,-3.0649672513996704e-12,0.0,0.0,0.0,-6.0942955251378e-12,-1.3508261514649878e-11,3.28339835619245,-3.2863857482495886,0.0029873920571567444,-1.5995943122930634e-14,-1.960273467541737e-11
89.42,-0.0004602728175994,-1.56516527393587,1.5706067979147016,-1.5699999999834198,-1.5699999999991685,-5.983909117416376e-13,0.0206242567319319,-0.0411173999175687,-6.729689277628487e-11,-1.634076663044326e-11,1.913922384293165e-11,5.497658968692254e-12,-3.610513591219809,3.4853863286820617,-11.66943939082877,-0.06613676143959825,0.08121750074543313,0.28552154698886306,0.7999999840846207,-3.415951312787033e-12,0.0,0.0,0.0,-7.31119549343025e-12,0.00122752838828749,3.2839153719620433,-3.305043208563659,0.02112685910668635,7.657089223808678e-06,0.0012275048882117864
89.44,-0.0002261968223624,-1.5594869770717956,1.570593343439471,-1.5699999999801533,-1.569999999998125,-9.254884983618099e-14,0.0041424553203811,0.2134075532534623,-0.005461180770287,5.142947346204602e-10,2.7263780824092798e-11,1.556427466835146e-11,-3.5298539075634676,3.858788998344799,-11.765077555814514,-0.02031277222721385,0.07661925672123159,0.3215891011394835,0.8000002351793866,-3.756093591233806e-12,0.0,0.0,0.0,-8.382372166310288e-12,0.0006005168513251186,3.283473650784689,-3.3259027796086156,0.042428650650042796,7.147598957798879e-06,0.0006004744949926544
89.46,-0.0001832194268841,-1.561293829073053,1.5704806081890403,-1.569999999980229,-1.5699999999986032,-1.3592294824362432e-13,0.0020357713776859,-0.0967352324119415,-0.0053400908666303,-8.054099596456477e-11,-2.0478315061484703e-11,-1.7924819072610845e-13,-3.2159824539620363,3.979151458739171,-11.632798484578336,0.030303666900991694,0.06429353428453777,0.3463831813028274,0.8000005082206461,-4.072439319171954e-12,0.0,0.0,0.0,-9.257226388361288e-12,0.0004871208275222732,3.2834865660036376,-3.319136628327603,0.03564967443585313,4.862897953948369e-06,0.0004870966990923591
89.48,-0.0001484077363147,-1.562948001547315,1.5703892926352196,-1.5699999999816123,-1.5699999999989491,-1.3697682690764868e-13,0.0016489747796978,-0.0783555381977981,-0.0043254735423014,4.798069493799906e-13,-4.190460890611536e-11,-6.714854583825258e-12,-2.762943806635958,3.8557221015083547,-11.34080998555587,0.07730975747444452,0.04834428085153088,0.3595428634047188,0.8000007998346101,-4.360100147034922e-12,0.0,0.0,0.0,-9.927478964127127e-12,0.0003950913471695933,3.283493106976794,-3.312937064723365,0.02944364313536003,3.2545746638224527e-06,0.00039507805746321587
89.5,-0.0001202102669724,-1.5642878812515455,1.5703153270365504,-1.5699999999828071,-1.56999999999929,-1.4038759347700058e-13,0.0013356696001663,-0.0634679859907445,-0.0035036336216429,-5.615257499431981e-11,-1.7309378485663024e-11,-1.1207148490482989e-13,-2.2592395492924697,3.5269965573669446,-10.978493782075251,0.11298768886914465,0.032670912387658436,0.3620215332043061,0.8000011014401883,-4.6161338483605565e-12,0.0,0.0,0.0,-1.0394517345978914e-11,0.0003203690110173018,3.2834912742751787,-3.3079083429479494,0.024416813560235257,2.186108241661895e-06,0.0003203616434167944
89.52,-4.0546286863816726e-05,-1.5703019298341845,1.5715085893056977,-1.569999999982149,-1.569999999999854,-6.647870979800505e-14,0.001081892477663,-0.8679498764995096,-0.0028379437126231,-7.088073332483028e-10,-3.5299629701484446e-11,9.30916877871918e-12,-1.7697292788890588,3.050223133717349,-10.619933656451268,0.1327375536053445,0.01940337045234254,0.35520283977866385,0.8000013963578545,-4.835824996411091e-12,0.0,0.0,0.0,-1.0651080247799e-11,0.00010858685988550391,3.2834525587437815,-3.2853072691497798,0.001854623935535958,2.1749782391691849e-07,0.00010858666584084834
89.54,-3.28424919925259e-05,-1.5721280245543172,1.5712219573373702,-1.569999999986227,-1.570000000000107,1.03869557543692e-14,0.0003649165758742,0.0236447173228796,-0.0135773036100355,2.119999535427067e-11,-4.166356116445252e-12,1.576995831012798e-12,-1.3352224416202978,2.4942274104508724,-10.31143341997927,0.13645561604181516,0.009181694397056525,0.3408124374924519,0.8000016568587074,-5.01385823461121e-12,0.0,0.0,0.0,-1.0687722449727022e-11,8.8086510400266e-05,3.2834446830275277,-3.2784487657421493,-0.004995987431032967,-9.666648342545206e-09,8.808652711307363e-05
89.56,-2.6602418545459278e-05,-1.5717236998880784,1.5709897854456576,-1.569999999985836,-1.5700000000001737,3.6126480699950446e-14,0.0002955824268292,0.0191522210319819,-0.0109976159234749,1.812890681495276e-11,-2.5756684789548026e-12,1.081538070907273e-12,-0.9729349183753832,1.9243484699716342,-10.06951553535767,0.12776607722103037,0.0018643939759579065,0.32087678605791026,0.8000018413364052,-5.147553854206082e-12,0.0,0.0,0.0,-1.0508499667738175e-11,7.132652150717116e-05,3.2834379400781195,-3.27995886683649,-0.0034791300408530054,4.451656966280831e-09,7.132653347451347e-05
89.58,-2.154795904491408e-05,-1.5713961969084285,1.5708017262133702,-1.5699999999855212,-1.5700000000002134,5.3663872418365735e-14,0.0002394217661463,0.0155132990358242,-0.0089080688980315,1.469333943896606e-11,-1.3917753261720805e-12,7.070731939404565e-13,-0.6840314789800976,1.3896350349323618,-9.89166779570288,0.11148544113387682,-0.0029817375365246775,0.29743282784893377,0.800001891895241,-5.238797357930793e-12,0.0,0.0,0.0,-1.0139088898482777e-11,5.775903216117623e-05,3.283432134560537,-3.2811817007260604,-0.0022504798295432667,1.1659012394256132e-08,5.775903915943344e-05
89.6,-1.7453846842419177e-05,-1.5711309194949128,1.5706493982352163,-1.5699999999852643,-1.570000000000234,6.49260923347839e-14,0.0001939316308917,0.0125657722189673,-0.0072155358074141,1.189649479933232e-11,-5.915198750738523e-13,4.3535651700430533e-13,-0.4625776809394564,0.9197231105457018,-9.769019367197467,0.09167106263891178,-0.005848089350810284,0.27225588429010616,0.8000017327851559,-5.293311770995541e-12,0.0,0.0,0.0,-9.621589605500523e-12,4.677467184654347e-05,3.283426651691068,-3.282171412886457,-0.001255276052534163,1.4724923645996025e-08,4.677467473656541e-05
89.62,-1.4137615953689936e-05,-1.5709160447899648,1.570526012572912,-1.569999999985058,-1.5700000000002423,7.178926711750538e-14,0.0001570846212289,0.0101782754973313,-0.0058445840040158,9.614145006469471e-12,-1.09285681632737e-13,2.4661062037953374e-13,-0.2997638303722278,0.5283103992386097,-9.691461115065415,0.07120216614186162,-0.00720463768904986,0.24676120878846936,0.800001270274116,-5.318758106634606e-12,0.0,0.0,0.0,-9.004173892038657e-12,3.7880814602701276e-05,3.2834208679633825,-3.2829717348542413,-0.00044916327464602265,1.539076634794262e-08,3.788081448236221e-05
89.64,-1.145146892998348e-05,-1.5707419962789584,1.570426070186446,-1.5699999999848904,-1.5700000000002423,7.540514725513155e-14,0.0001272385433743,0.0082444031528334,-0.0047341130432657,7.773372293141717e-12,2.4273851429324617e-13,1.0566517821310185e-13,-0.18550479511091317,0.21771229457796648,-9.648937541464292,0.05196346334953307,-0.0074692433600563705,0.22200503442350486,0.8000003947207053,-5.323317410769994e-12,0.0,0.0,0.0,-8.333832664707705e-12,3.067906514101039e-05,3.283414144764602,-3.2836179550308118,0.000203785835653143,1.4738240706206023e-08,3.06790629943152e-05
89.66,-9.275689837437434e-06,-1.570601016985044,1.5703451168534086,-1.5699999999847565,-1.570000000000236,7.660330616391697e-14,0.0001030632202875,0.0066779665537972,-0.0038346315650442,6.288277819123194e-12,4.854005313469599e-13,1.991706495910184e-15,-0.10960215128472095,-0.017274352584431496,-9.632283652041876,0.035052608867383,-0.006992273329914068,0.19871346080733934,0.7999989857796669,-5.314914405846369e-12,0.0,0.0,0.0,-7.652751421504697e-12,2.4847137390254424e-05,3.2834058385476443,-3.284138530323261,0.0007326719891796719,1.3428050450814983e-08,2.4847133986005916e-05
89.68,-7.513308769567743e-06,-1.5704868237569731,1.570279544653647,-1.5699999999846477,-1.5700000000002254,7.60311721353953e-14,8.348120856565217e-05,0.0054091529085836,-0.0031060515676966,5.09090263688957e-12,6.484451715274737e-13,-7.270544572206966e-14,-0.06250969818235948,-0.18625517405376932,-9.633703961881924,0.020977532882545755,-0.006052459976265699,0.1773186806031609,0.7999969218174512,-5.300752527173504e-12,0.0,0.0,0.0,-6.99644281964482e-12,2.01242511722361e-05,3.283395330978789,-3.284556413458194,0.001161066453929492,1.185413897471113e-08,2.0124247064756558e-05
89.7,-6.085780102073303e-06,-1.5703943272422354,1.5702264311718404,-1.569999999984559,-1.5700000000002123,7.419161243508141e-14,6.761977905185146e-05,0.0043814138559766,-0.0025159017698325,4.095863983060951e-12,7.47650286949883e-13,-1.249244035040481e-13,-0.03577961284388931,-0.3008445649479335,-9.64698336144437,0.009831459098639875,-0.004860505387131413,0.15800671350437007,0.7999940947013455,-5.286790574101996e-12,0.0,0.0,0.0,-6.3916935978768465e-12,1.6299352658644818e-05,3.2833820831278655,-3.284890157876297,0.0015080617688263288,1.0243010167824033e-08,1.6299348217817836e-05
89.72,-4.929481879225889e-06,-1.5703194050652982,1.5701834092515774,-1.5699999999844867,-1.5700000000001977,7.14724631139561e-14,5.4772021128818045e-05,0.0035489452233631,-0.0020378804335703,3.3013006484254137e-12,8.124046886061853e-13,-1.6000409005546837e-13,-0.02228990595723807,-0.3729145386379012,-9.667507079183844,0.0014393874145588916,-0.003567612775662156,0.1407847461027838,0.7999904311116937,-5.277100290048701e-12,0.0,0.0,0.0,-5.8540879395254464e-12,1.3201605077621838e-05,3.283365717912537,-3.285154851264794,0.00178912283946964,8.717424401367036e-09,1.3201600531447466e-05
89.74,-3.992880316846435e-06,-1.5702587181019785,1.5701485614961637,-1.56999999998443,-1.570000000000181,6.81714639372621e-14,4.436533719637151e-05,0.0028746456309523,-0.0016506831512051,2.661346592559009e-12,8.317274481444392e-13,-1.820553866623172e-13,-0.01630206339044199,-0.4133808655779684,-9.692152609446733,-0.004524824960445879,-0.002276809709183519,0.1255489634266997,0.7999859213580418,-5.273576166855313e-12,0.0,0.0,0.0,-5.387468494245776e-12,1.0692707214885575e-05,3.2833461344564245,-3.28536291932931,0.0020167763579997675,7.337013364120658e-09,1.069270270003514e-05
89.76,-3.234233049666476e-06,-1.5702095616616882,1.5701203348142794,-1.5699999999843823,-1.5700000000001637,6.452974067533737e-14,3.593592320687234e-05,0.0023284629610959,-0.0013370533524787,2.1373063476993613e-12,8.28401237851998e-13,-1.93696160456433e-13,-0.013387438935447544,-0.4314155173487838,-9.719100990902716,-0.008448852902565635,-0.0010555089163986444,0.11213577169301218,0.799980656291997,-5.276135133633625e-12,0.0,0.0,0.0,-4.985835530995982e-12,8.66068525168594e-06,3.283323656526716,-3.28552483270007,0.0022011692766225155,6.12396602192999e-09,8.660680846792348e-06
89.78,-2.619728760338507e-06,-1.5701697449450618,1.5700974712019502,-1.569999999984343,-1.570000000000153,6.267383605806712e-14,2.9108098541082053e-05,0.0018860549969921,-0.0010830132153361,2.688729948863329e-12,5.546883922503704e-13,9.352605089040305e-14,-0.010286376623437286,-0.4339818552990168,-9.74759978427867,-0.010716945759721855,5.179023791395772e-05,0.10036069297549076,0.7999748722285868,-5.2831678713744e-12,0.0,0.0,0.0,-4.6363268546590905e-12,7.014873146155016e-06,3.283299214491595,-3.285649741300097,0.0023505212223734577,5.079136770373813e-09,7.014868896527672e-06
89.8,-2.121980273757583e-06,-1.5701374934046122,1.5700789516759692,-1.569999999984296,-1.5700000000001395,6.332112373535524e-14,2.357755992696099e-05,0.0015277045476745,-0.0008772407044042,2.145965551966615e-12,7.504231780517279e-13,-1.8686725886292443e-14,-0.004763341536912555,-0.4257189129373221,-9.777701185072987,-0.011666139265323597,0.001011579374923606,0.09004704752137885,0.7999690027359434,-5.292219372225195e-12,0.0,0.0,0.0,-4.323105673822008e-12,5.681852669857687e-06,3.2832745559706047,-3.285746051502032,0.002471491006820568,4.191982728144365e-09,5.681848602270054e-06
89.82,-1.718803998728045e-06,-1.5701113696568445,1.5700639508599226,-1.5699999999842609,-1.5700000000001244,6.200868963976303e-14,1.9097823574990937e-05,0.001237440683771,-0.0007105649705908,1.6229117074672314e-12,8.396321357910692e-13,-1.0388654454913937e-13,0.004494706400902915,-0.4093212669931298,-9.809991455218418,-0.011559740264921261,0.0017910278117001092,0.08103619117663126,0.7999637346548777,-5.300746996764817e-12,0.0,0.0,0.0,-4.031284422322727e-12,4.602168860015224e-06,3.283252474237664,-3.2858219514508207,0.002569473548330652,3.4465978877556724e-09,4.602164997742694e-06
89.84,-1.392231215549564e-06,-1.5700902094211504,1.5700518001989257,-1.5699999999842336,-1.5700000000001066,5.93916270130416e-14,1.546923710679859e-05,0.0010023269540245,-0.0005755576261976,1.220263510869719e-12,8.542053850824245e-13,-1.5933724812114934e-13,0.017951292623176192,-0.38621750976840147,-9.8453065802003,-0.010574045922307459,0.0023493998425597397,0.07317513693066913,0.7999600637038136,-5.3066400312695885e-12,0.0,0.0,0.0,-3.749278618572315e-12,3.7276718964721963e-06,3.2832370352297797,-3.2858858786120506,0.002648840413828176,2.8252650443316698e-09,3.7276682584761364e-06
89.86,-1.1277072611572595e-06,-1.5700730696302343,1.5700419581635172,-1.5699999999842134,-1.5700000000000895,5.595574998256167e-14,1.2530082049618177e-05,0.0008118848329196,-0.0004662016772331,8.792793628072637e-13,8.220362257105146e-13,-1.927695470697183e-13,0.03531062589390901,-0.3570417116387297,-9.8844128835255,-0.008795163327627713,0.0026308211667619725,0.06629102581649989,0.799959342478142,-5.308579572708775e-12,0.0,0.0,0.0,-3.4701651053185128e-12,3.0193658693018893e-06,3.283233773582889,-3.2859469106529997,0.002713134665714519,2.3104618711244984e-09,3.0193624730289562e-06
89.88,-9.134428583803752e-07,-1.5700591863995892,1.5700339861148365,-1.5699999999841996,-1.5700000000000751,5.2056151714023735e-14,1.0149366439542435e-05,0.0006576267148143,-0.0003776233585725,6.224277261543355e-13,7.787650173574035e-13,-2.102129268452633e-13,0.05560227044752773,-0.32179208664334746,-9.927643904268376,-0.00622473894926906,0.0025587518329112224,0.06016539932363099,0.7999633105832938,-5.3062044944304e-12,0.0,0.0,0.0,-3.192045307196217e-12,2.445667371927801e-06,3.2832498155318977,-3.286015046131027,0.002765228651581908,1.885916155788541e-09,2.44566422748626e-06
89.9,-7.398886926385024e-07,-1.5700479409827646,1.570027528755405,-1.5699999999841905,-1.5700000000000618,4.794941677289837e-14,8.220986785061577e-06,0.0005326776391424,-0.0003058749204643,4.187946854980658e-13,7.320614875064173e-13,-2.1618994029866392e-13,0.07720595529184385,-0.2799313781617486,-9.974498024173645,-0.002794523045851871,0.0020332152307876096,0.054513515287833235,0.7999740931397179,-5.299580124885775e-12,0.0,0.0,0.0,-2.9150812388137377e-12,1.9809956943389072e-06,3.283293872153654,-3.2861013254448346,0.0028074517136635526,1.5370802165488678e-09,1.9809928116747994e-06
89.92,-5.993098190631805e-07,-1.5700388321951335,1.570022298294265,-1.5699999999841838,-1.5700000000000485,4.3816924190039553e-14,6.65899925732704e-06,0.0004314688878391,-0.0002477586855879,2.464669491921193e-13,6.667036324734367e-13,-2.1422102745936438e-13,0.09780946255745973,-0.23055472844387717,-10.023200066629737,0.0016101353438872218,0.0009317668325971855,0.048969399416046076,0.7999941501628711,-5.288288396011e-12,0.0,0.0,0.0,-2.6369838087296713e-12,1.6046314347638828e-06,3.283376031110382,-3.2862177258333305,0.0028416934451385477,1.2512782145713458e-09,1.6046288183853979e-06
89.94,-4.854409322640653e-07,-1.5700314540771492,1.5700180616207404,-1.5699999999841794,-1.5700000000000351,3.978296038712352e-14,5.39378935451107e-06,0.0003494897992885,-0.000200684535335,1.1888415438245374e-13,5.842385147379419e-13,-2.0684591328168705e-13,0.11432504194013815,-0.17262620738184734,-10.07023380395861,0.007117446338479173,-0.0008848131446678495,0.043076228698338125,0.8000261556893173,-5.271191135328817e-12,0.0,0.0,0.0,-2.3521019797102915e-12,1.2997922794871459e-06,3.283507260150908,-3.286376748211767,0.0028694870258013936,1.0176506452816972e-09,1.2997899423956607e-06
89.96,-3.932071348366501e-07,-1.5700254778015794,1.5700146299151854,-1.5699999999841792,-1.5700000000000265,3.5930094926977456e-14,4.368969329674434e-06,0.0002830867375458,-0.0001625544736197,1.8103444599253032e-14,5.101776240237863e-13,-1.9599053215318791e-13,0.12279576738203693,-0.10528802497418181,-10.109865311939824,0.01382613277483624,-0.0035609137804185746,0.03628274525458489,0.8000727825036834,-5.246863608141626e-12,0.0,0.0,0.0,-2.053813114636312e-12,1.0528846523352617e-06,3.2836985232522906,-3.286590600372793,0.00289207628206548,8.270170703139786e-10,1.0528826069604413e-06
89.98,-3.184977598535332e-07,-1.5700206370183674,1.570011850233687,-1.5699999999841792,-1.5700000000000174,3.230902939933781e-14,3.5388651074541747e-06,0.0002293002575328,-0.0001316691236409,-5.362369289181449e-14,4.4696008657027893e-13,-1.8302461597067413e-13,0.11832326713473311,-0.02826752736223785,-10.133695060915604,0.021751065554704116,-0.007227229576965899,0.02795302107058933,0.8001363666426085,-5.2139884232483844e-12,0.0,0.0,0.0,-1.7365500949925397e-12,8.528977030660082e-07,3.283959403398864,-3.286869873478727,0.0029104694006800167,6.716893459641708e-10,8.528959741554161e-07
90.0,-2.579831670792682e-07,-1.5700167159839624,1.5700095986916722,-1.56999999998418,-1.5700000000000085,2.8947516716748705e-14,2.8664806863834307e-06,0.0001857332087228,-0.000106651990154,-1.2097081835394884e-13,3.748545239810148e-13,-1.690731583193052e-13,0.095056051755969,0.05759551663724751,-10.130298831024536,0.030756806658807746,-0.011973276809764524,0.0173979965672451,0.8002184264692785,-5.171359086436572e-12,0.0,0.0,0.0,-1.3957761230426454e-12,6.909125599393074e-07,3.284296128533145,-3.2872216107362475,0.0029254816529106593,5.452739276651652e-10,6.909111688717098e-07
90.02,-2.089663479339328e-07,-1.570013539946092,1.5700077749426404,-1.569999999984184,-1.5700000000000025,2.5869248351781304e-14,2.3218492831666458e-06,0.0001504438991721,-8.638811203269355e-05,-1.6050076518826634e-13,2.674525275794576e-13,-1.4610868735048278e-13,0.0462963717907808,0.14971634028313774,-10.085043409517379,0.040479410466891776,-0.017810128975939123,0.003929927687534845,0.8003190152322784,-5.117203590550467e-12,0.0,0.0,0.0,-1.0246542056244433e-12,5.597049198757466e-07,3.28470891412541,-3.2876466836070133,0.002937769035895053,4.424807597656073e-10,5.597038967319633e-07
90.04,-1.6926273190400626e-07,-1.5700109673554088,1.5700062977059257,-1.5699999999841907,-1.5700000000000038,2.4159593925491648e-14,1.8806973902567343e-06,0.000121859558787,-6.997437079533761e-05,-4.1114495498031743e-13,-3.094900752200565e-13,-5.187435597991519e-14,-0.0339001768252005,0.2433769925319444,-9.9819007859538,0.05023840671603598,-0.02462272835305034,-0.013058674991457625,0.800435895087921,-5.048279094848755e-12,0.0,0.0,0.0,-6.098738289156181e-13,4.534231971479222e-07,3.285188573017651,-3.288136427773378,0.0029478543946553255,3.5895453728537004e-10,4.534225886958881e-07
90.06,-1.3710280627998882e-07,-1.5700088835569528,1.570005101144185,-1.5699999999841994,-1.5700000000000085,2.297590927071593e-14,1.5233649092348392e-06,9.870624266351514e-05,-5.667924035702673e-05,-3.4504931265093833e-13,-1.6900824171422766e-13,-6.893206132578459e-14,-0.14630294275980676,0.3319578814405438,-9.809106909131572,0.05894308244474375,-0.03211200184058723,-0.03398582500047394,0.8005635362058633,-4.960210177172219e-12,0.0,0.0,0.0,-1.338158284122248e-13,3.6732780054649587e-07,3.2857124073920603,-3.2886685550255397,0.0029561473409656326,2.9112292065164576e-10,3.673276672638996e-07
90.08,-1.1105331414230133e-07,-1.570007195680059,1.5700041319292457,-1.5699999999841334,-1.570000000000003,1.9710983122368632e-14,1.2339298331507942e-06,7.995203938372317e-05,-4.591019305496203e-05,-8.64959371962566e-12,-3.818795418656583e-12,9.065446664356593e-13,-0.283219705719087,0.40691723084294207,-9.563672703778126,0.06500038599176328,-0.039728141083095976,-0.058937343868462486,0.8006919685114864,-4.84959077205042e-12,0.0,0.0,0.0,4.1496687877236426e-13,2.975801710099811e-07,3.2862394959455257,-3.2892024553105883,0.002962959128090067,2.3605842053601056e-10,2.97580586065716e-07
90.1,-8.995341003623046e-08,-1.5700058284992626,1.5700033468653942,-1.569999999983834,-1.5699999999999952,1.5772678086648816e-14,9.99480572512138e-07,6.476115110003517e-05,-3.718725656296252e-05,-7.004623226933293e-12,-8.624734425789434e-12,2.0267746102974786e-12,-0.43019379635072025,0.45840410212524435,-9.250824008886267,0.06629967138649003,-0.04659815227944776,-0.08748597451208033,0.8008055474848493,-4.716608137375986e-12,0.0,0.0,0.0,1.0295920653596535e-12,2.410718288407342e-07,3.2867056283480367,-3.28967414210442,0.0029685135644099635,1.9137433009940683e-10,2.410728582549559e-07
90.12,-7.286253938607672e-08,-1.5700047210827304,1.5700027109637082,-1.569999999983562,-1.5700000000000236,2.0232847947756435e-14,8.095757823377831e-07,5.245653580606416e-05,-3.0121676450603084e-05,-4.3623947228003945e-12,-1.1168665249366648e-11,2.666022819209377e-12,-0.5693836507353041,0.47903009400610613,-8.88450438007696,0.06051474226928496,-0.051453524900654884,-0.11846478104683468,0.8008817405474469,-4.566381042829389e-12,0.0,0.0,0.0,1.6797971909174324e-12,1.9528483170676655e-07,3.2870183242119717,-3.2899912794200286,0.0029729550525436125,1.5511907956954192e-10,1.9528651105935704e-07
90.14,-5.90189924817056e-08,-1.570003824075199,1.570002195883389,-1.569999999983307,-1.5700000000000536,2.542811057722869e-14,6.557581633218256e-07,4.248977401460116e-05,-2.439856799069215e-05,-1.3394021243680332e-11,-1.9450273423121667e-11,4.760884179903367e-12,-0.6816800894332703,0.46862164541481066,-8.491969825672482,0.045985594767531966,-0.052567310314810226,-0.14970671962797016,0.8008900975623311,-4.407988974421497e-12,0.0,0.0,0.0,2.318344014823501e-12,1.5818077458496647e-07,3.287052607720788,-3.2900289627853945,0.0029763549386412516,1.2570798140262434e-10,1.5818309221763188e-07
90.16,0.0002442127940267,-1.5700030974994674,1.5713970188900643,-1.5699999999815937,-1.5700000000001295,4.087607694783591e-13,-0.0027134755069472,3.4416715423572086e-05,-0.0155224319981236,-6.810973351067602e-11,-1.826469581318619e-11,-2.1350179653725765e-12,-0.7486680229434531,0.43838091883256536,-8.117704968384722,0.022971769457910508,-0.04802624794748013,-0.17804049889916354,0.8007916373564894,-4.250869939229199e-12,0.0,0.0,0.0,2.8995874953692506e-12,-0.0006545121812641578,3.2863428919613593,-3.2893215441086845,0.002979173351770013,-1.433542977370748e-06,-0.0006545108159812094
90.179,0.000197812363134,-1.5729730168207243,1.5712349572432185,-1.5699999999834036,-1.570000000001006,2.2708326126289123e-13,-0.0021979150905912,-0.4775912095325214,-0.0125731704481838,-8.109830537694242e-10,-2.6665095316253523e-11,-6.109605822559455e-12,-0.7552007040718042,0.413169897148312,-7.824113302943986,-0.005473115590537998,-0.03693995591536334,-0.2001034384645528,0.8005654394605515,-4.098603252232446e-12,0.0,0.0,0.0,3.4099363036551704e-12,-0.0005312917158151132,3.285469325283322,-3.2772985607971097,-0.008170341404481977,5.003347404155308e-07,-0.0005312916452704449
90.2,0.0001602280142707,-1.5728698321749557,1.5710003153653005,-1.5699999999889396,-1.5700000000012189,1.1107764321117553e-13,-0.0017803112736143,0.0318870241259839,-0.0111146151997487,-1.5946690268189148e-10,-6.936359987904858e-12,-5.313328065286588e-12,-0.6920784952669208,0.42241853134690427,-7.6834230684710905,-0.033768531630552885,-0.020906166756335148,-0.21367447104398313,0.80026522139598,-3.9450374935363595e-12,0.0,0.0,0.0,3.88546576958313e-12,-0.00043014871819549834,3.2842827915917523,-3.2765021415383555,-0.00778030751457671,4.616312119073274e-07,-0.0004301486029871332
90.22,4.489784045875384e-05,-1.5722259711280762,1.570810255446817,-1.569999999990086,-1.5700000000019858,-3.601398848994974e-14,-0.0014420521754579,0.0258284896365877,-0.0090028382277177,-3.496697050832387e-11,-2.8588711638907052e-11,-4.2908876592920994e-12,-0.5601008184994725,0.4782803427511997,-7.745848604309913,-0.055685077744062776,-0.0037831919147226457,-0.21823736393153667,0.8000024304043115,-3.781522785145197e-12,0.0,0.0,0.0,4.3728126484490026e-12,-0.00012042988155374462,3.2833494672514343,-3.277986320607535,-0.005363050742356671,7.459292222611298e-08,-0.00012042989226544585
90.24,0.0003997438812226,-1.5702089383083546,1.5714769062671663,-1.5699999999866765,-1.5700000000002985,1.3589160627843676e-13,-0.0025267075721717,0.2469676674878742,0.1622799357336032,5.557299071336057e-10,4.6877931170110486e-11,-8.32298445929084e-12,-0.37549518219709255,0.559464336118403,-7.997636382334149,-0.06719909445057641,0.010462599210327926,-0.2144330981178844,0.7998478285335793,-3.61131679747677e-12,0.0,0.0,0.0,4.8566098284650016e-12,-0.0010702661589753002,3.282278114577508,-3.284481273131147,0.002204010833616173,-2.2093432523696278e-06,-0.00107026421309762
90.26,0.0003237925433578,-1.5700129227148674,1.5716188017709602,-1.5699999999834375,-1.5699999999998795,2.368239590516661e-14,-0.0035976949487359,0.0001435858671759,-0.0179866861562201,4.291524329235212e-11,1.606152951049854e-11,-4.366708627719443e-12,-0.16889314491610186,0.6188063233038731,-8.36097618650453,-0.06826616280778003,0.019790504672167697,-0.20337647276531004,0.7998022574384843,-3.453350443715117e-12,0.0,0.0,0.0,5.2457295679271314e-12,-0.0008667281308818812,3.2821837799356905,-3.2851218858651507,0.002938796126444128,-2.082057386450242e-06,-0.0008667258996804774
90.28,0.0002622719604159,-1.570808281481684,1.571395472811005,-1.5699999999838317,-1.5699999999998169,-1.3002156689162085e-15,-0.0029141328813117,0.0001163044640673,-0.0145692158295511,-8.121304078182161e-12,3.956282665433216e-12,-1.8034916008519144e-12,0.02641785276745917,0.6132758653083261,-8.743952700031567,-0.06201298709456174,0.024338068748370755,-0.18642617394243993,0.7998435835841547,-3.3303423474679015e-12,0.0,0.0,0.0,5.4376819969511955e-12,-0.0007025407741663307,3.282432305882189,-3.2823876953867104,-4.405104385600918e-05,-9.71977587595843e-07,-0.0007025403191080352
90.3,0.0002124402880973,-1.5706547079993798,1.5711303329792807,-1.5699999999838707,-1.5699999999996956,-4.574682277604908e-14,-0.0023604476369495,0.0072745333739397,-0.0125592551854965,1.4036141294930006e-13,5.047281179565736e-12,-1.9324469867181004e-12,0.1870899272305146,0.5326096303931794,-9.08603892598391,-0.0522145768490264,0.02528446162920544,-0.16514169734503945,0.7999512259860284,-3.256339403706379e-12,0.0,0.0,0.0,5.379862238972575e-12,-0.000569063255659396,3.2829354724057835,-3.283466856956192,0.0005318377104515576,-7.23820825318601e-07,-0.0005690629703811282
90.32,0.0001720766334889,-1.570530313478674,1.5709155697156043,-1.569999999983881,-1.5699999999996286,-7.363955560434874e-14,-0.001911962587297,0.005892372033835,-0.010172996700276,-4.0055662576415386e-13,2.447503496801149e-12,-1.1323943762938174e-12,0.30308757977443573,0.3992949473996482,-9.364612271143963,-0.04146187081349585,0.023845996296708933,-0.14116076810151112,0.8001058439201083,-3.2341095797123316e-12,0.0,0.0,0.0,5.078029480198843e-12,-0.0004609835201623258,3.283619892944103,-3.284618047030374,0.000998521179616524,-5.446901798851995e-07,-0.0004609833394471362
90.34,0.0001393820732327,-1.5704295539168855,1.5707416114720274,-1.569999999983898,-1.569999999999602,-8.880606546414205e-14,-0.0015486896968328,0.004772821348206,-0.0082401273272244,-7.629309459715331e-13,6.595038117641937e-13,-5.645641018483388e-13,0.3739545483523342,0.24540005712077678,-9.578320853343673,-0.031106970166975497,0.020995128397632172,-0.11604885252255763,0.8002883510998862,-3.25833556962517e-12,0.0,0.0,0.0,4.576349826956456e-12,-0.00037345111437002534,3.284409391945682,-3.2857858704739313,0.001376775917255522,-4.139272867055234e-07,-0.0003734509988069656
90.36,0.0001128994794057,-1.570347938671823,1.57060070529473,-1.5699999999839196,-1.5699999999996028,-9.504529028561243e-14,-0.0012544386553543,0.0038659852927274,-0.0066745031350787,-9.911406912145833e-13,-5.279337368337871e-13,-1.703276259726501e-13,0.40457424284598553,0.09546239539509263,-9.733247322950687,-0.021863071848902356,0.01746898851577348,-0.0911833575733443,0.8004784558917276,-3.319295194128496e-12,0.0,0.0,0.0,3.9366465859623616e-12,-0.0003025471103301248,3.2852224477066203,-3.286905591185027,0.0016833844046935942,-3.174001244120058e-07,-0.0003025470358301111
90.38,9.14485783901826e-05,-1.5702818303233104,1.5704865712911178,-1.5699999999839438,-1.5699999999996217,-9.518547303898437e-14,-0.0010160953115904,0.0031314480876823,-0.005406347539423,-1.1235188876691966e-12,-1.281538358776941e-12,9.503954630121597e-14,0.40247385915775613,-0.03580924866794442,-9.83801749180826,-0.014093760728428996,0.013794402377880457,-0.06766902980640971,0.8006529269648592,-3.4063648849165785e-12,0.0,0.0,0.0,3.2201181038980946e-12,-0.00024510335365375823,3.2859651463049984,-3.2878968489858376,0.0019318978631460736,-2.453650263139455e-07,-0.0002451033053351289
90.4,7.407334855457911e-05,-1.5702282825610052,1.570394122748191,-1.5699999999839689,-1.5699999999996517,-9.131265810470453e-14,-0.0008230372030048,0.0025364729515127,-0.0043791415069354,-1.1787588879839288e-12,-1.714629745779413e-12,2.6577794174867e-13,0.37605063191216337,-0.1410793390208798,-9.902194785935833,-0.007910070163973775,0.01032100359188289,-0.04630024025321207,0.8007837972820256,-3.510975235526441e-12,0.0,0.0,0.0,2.4731749737785754e-12,-0.00019855749521252615,3.2865238699711266,-3.2886569600207434,0.002133248166228656,-1.910454371331402e-07,-0.00019855746378801532
90.42,5.99994123771434e-05,-1.5701849088735294,1.5703192394284204,-1.5699999999839935,-1.5699999999996872,-8.494937977243082e-14,-0.000666660134938,0.0020545430911426,-0.0035471046206237,-1.1904680701440984e-12,-1.9267590383986643e-12,3.67985429721247e-13,0.33340512094647873,-0.2182359527571279,-9.93517530962604,-0.0032528491867872024,0.00725671101471621,-0.02757027090413639,0.8008367492271832,-3.6273869362031834e-12,0.0,0.0,0.0,1.7249251396026752e-12,-0.0001608365173614729,3.2867587183440983,-3.289054830175673,0.002296239909974318,-1.496836669154787e-07,-0.00016083649698067274
90.44,4.859952406475823e-05,-1.5701497761866667,1.570258583939406,-1.5699999999840175,-1.5699999999997252,-7.719034247459057e-14,-0.0005399947097118,0.0016641799041804,-0.0028731547427082,-1.1675980728097597e-12,-1.988889912519579e-12,4.21131664222617e-13,0.28165013000339717,-0.26860779111792155,-9.945492717546157,4.087818543285082e-05,0.004701868831281472,-0.011708477961233529,0.8007699704073267,-3.7514161097130794e-12,0.0,0.0,0.0,9.94652504010607e-13,-0.0001302629849569925,3.2864988526919503,-3.28892669672858,0.002427947768514515,-1.1790551361150667e-07,-0.0001302629719032251
90.459,3.936561452465132e-05,-1.5701213187103025,1.5702094529933046,-1.5699999999840415,-1.5699999999997631,-6.880883613543239e-14,-0.0004373957152029,0.0013479857226963,-0.0023272553415896,-1.1166772259478541e-12,-1.940758097713482e-12,4.400329833649975e-13,0.22657415283176568,-0.2955576216794035,-9.940441742189883,0.0021871250674415223,0.002679784149607053,0.001268899663425952,0.8005603109093692,-3.879589552229104e-12,0.0,0.0,0.0,2.9718194109251826e-13,-0.0001054829462679155,3.2856498831906125,-3.288183922597184,0.0025341234054518515,-9.329554891774501e-08,-0.00010548293815808742
90.48,3.18861477913905e-05,-1.5700982681544409,1.5701696569269636,-1.569999999984064,-1.569999999999799,-6.033848728531665e-14,-0.0003542905295888,0.0010918684356496,-0.001885076826704,-1.0426727493220516e-12,-1.8377935773265493e-12,4.3557815503341563e-13,0.17255430216775267,-0.30342840385206,-9.925936321256588,0.003418199623886199,0.0011624997270807554,0.011504284933921161,0.8002595530167286,-4.00942227030778e-12,0.0,0.0,0.0,-3.568067702959803e-13,-8.54074845982843e-05,3.2844248396454336,-3.2870444282326865,0.002619656599510661,-7.410939636040595e-08,-8.540747988150184e-05
90.5,2.5827779732740298e-05,-1.570079597204189,1.570137422113227,-1.5699999999840832,-1.5699999999998329,-5.2134949753757093e-14,-0.0002869753291906,0.0008844134331033,-0.0015269122296411,-9.746760669034364e-13,-1.685719406335144e-12,4.15857308644677e-13,0.12263219756961694,-0.2967987549110102,-9.906529572771392,0.003957906093577916,9.143972446448012e-05,0.019247180305975786,0.7999773462609011,-4.1389755596033606e-12,0.0,0.0,0.0,-9.586967586627323e-13,-6.915461639225188e-05,3.2832741588130996,-3.2859628652266775,0.002688761483241578,-5.906852744757559e-08,-6.915461404985986e-05
90.52,2.092050160139644e-05,-1.570064473734481,1.5701113119140993,-1.569999999984102,-1.569999999999864,-4.4423503119511356e-14,-0.0002324500168267,0.0007163748810115,-0.001236798906015,-9.070780727286985e-13,-1.5231063980509249e-12,3.8682640973047605e-13,0.07868493999959408,-0.2799953011492634,-9.88553595874358,0.004006384168063874,-0.0006068915051477294,0.024809256585445177,0.7997828069843341,-4.265277592565685e-12,0.0,0.0,0.0,-1.4964888379041441e-12,-5.600092970368375e-05,3.28248184640414,-3.2852266191192374,0.0027448173101331827,-4.721801749890306e-08,-5.6000929052162885e-05
90.54,1.6945606311883022e-05,-1.570052223724013,1.5700901626528054,-1.56999999998412,-1.5699999999998906,-3.7335344549560764e-14,-0.0001882845137779,0.0005802636537817,-0.0010018071138845,-8.252094165364189e-13,-1.3507156395290874e-12,3.526584829960074e-13,0.04164057090587252,-0.2568077807848695,-9.865209167380005,0.0037323367822207436,-0.0010096445079338509,0.02852788799503803,0.7996754867874353,-4.3830849042712924e-12,0.0,0.0,0.0,-1.949814961117637e-12,-4.5354216213685146e-05,3.282046336705737,-3.2848366784161773,0.002790377827214546,-3.7837466730299e-08,-4.535421675932643e-05
90.56,1.2353347017946468e-05,-1.5700380710934945,1.5700657285772976,-1.5699999999841412,-1.569999999999926,-2.7997902941004175e-14,-0.0001372594107072,0.0004230122038017,-0.0007303173860364,-7.210123272624429e-13,-1.0918229872042577e-12,2.980146630095519e-13,0.011699577030373314,-0.23035014028927148,-9.846941425356018,0.0032705930139827295,-0.0011901062101812002,0.030738674793156253,0.7996327260845558,-4.48504830571463e-12,0.0,0.0,0.0,-2.290323571762928e-12,-3.3061078356589535e-05,3.28187656358663,-3.284719825522508,0.002843288263299396,-2.7241808336483307e-08,-3.306107990766608e-05
90.58,1.1118012321256777e-05,-1.5700342639836604,1.570059155720823,-1.569999999984148,-1.569999999999936,-2.523702401148973e-14,-0.0001235334696855,0.0003807109834932,-0.0006572856474281,-6.893792148087852e-13,-1.0085990177335154e-12,2.799578297863533e-13,-0.011463590532828015,-0.20301696866686886,-9.83146052406758,0.002723253813964176,-0.0012131848929930393,0.03175657628344032,0.7996348058278939,-4.563525197111657e-12,0.0,0.0,0.0,-2.4904665041319764e-12,-2.9754957289312436e-05,3.281886639980697,-3.2847441852535395,0.002857568967510544,-2.4435322317761548e-08,-2.975495917999916e-05
90.6,9.00558998867777e-06,-1.570027753825841,1.5700479161362528,-1.5699999999841616,-1.569999999999954,-2.0229755363921553e-14,-0.0001000621105251,0.0003083758967524,-0.000532401374421,-6.190990099149199e-13,-8.61536751702442e-13,2.447783017673743e-13,-0.028523796753826464,-0.17651548156464125,-9.819009568850822,0.0021630748654202,-0.0011331881460250122,0.03186401390384582,0.7996654769874807,-4.613091819391434e-12,0.0,0.0,0.0,-2.5354846651087595e-12,-2.4102314961322452e-05,3.282015156379009,-3.2848972240855883,0.002882086899897177,-1.9679278477885073e-08,-2.4102317106171736e-05
90.62,7.294527897922378e-06,-1.570022480598006,1.5700388120727495,-1.569999999984173,-1.5699999999999692,-1.5877648488152134e-14,-8.105030959018509e-05,0.0002497844764651,-0.0004312451132996,-5.448633339520984e-13,-7.127192970323534e-13,2.117269016767244e-13,-0.04035076198164604,-0.15196114053512924,-9.809501236874478,0.0016380664549724769,-0.0009932563260371633,0.03130406334993982,0.7997120213754288,-4.632149131236214e-12,0.0,0.0,0.0,-2.4300869428455724e-12,-1.9523930482854526e-05,3.2822083200623555,-3.2851103310900513,0.0029020265751235445,-1.5866284599515976e-08,-1.952393265572857e-05
90.64,5.9085676033004925e-06,-1.5700182092834574,1.5700314377813118,-1.5699999999841825,-1.5699999999999823,-1.2133255246301306e-14,-6.565075082070953e-05,0.0002023254260187,-0.0003493085417751,-5.034578287442137e-13,-5.94415365724483e-13,1.8135544098635362e-13,-0.04788625467893229,-0.12999743230793648,-9.802643277666643,0.0011764737910388565,-0.0008259001111216429,0.030277918047188795,0.7997650070108779,-4.623394323260777e-12,0.0,0.0,0.0,-2.1991735811064378e-12,-1.581537932086978e-05,3.282427514971506,-3.2853457375672246,0.002918235189928929,-1.280342488733913e-08,-1.5815381353913804e-05
90.66,4.785939763754416e-06,-1.5700147495186716,1.570025464605247,-1.5699999999841914,-1.5699999999999914,-8.943171176662225e-15,-5.317710820757003e-05,0.0001638835951557,-0.000282939918827,-4.558261943050088e-13,-4.893866734789363e-13,1.538516730193503e-13,-0.0520589150627924,-0.11090687506253213,-9.798035462384389,0.000791553185630345,-0.0006541977847329062,0.028945903470544335,0.7998178672305292,-4.593371550170301e-12,0.0,0.0,0.0,-1.8840803356109727e-12,-1.2811270653483471e-05,3.282645866886162,-3.2855772588580447,0.0029314021738419405,-1.0339232178925885e-08,-1.2811272427099417e-05
90.68,3.876611212988633e-06,-1.5700119471091938,1.5700206263326333,-1.5699999999842005,-1.5700000000000005,-6.251027906944096e-15,-4.307345768296917e-05,0.0001327457121526,-0.0002291813342475,-4.073265497240946e-13,-3.9977442895384725e-13,1.292373682165249e-13,-0.05372928067084346,-0.09470904077623303,-9.795240435905962,0.0004858378233779252,-0.0004933200775327823,0.02743076515461713,0.7998664005696554,-4.55054417856698e-12,0.0,0.0,0.0,-1.532038939333544e-12,-1.037773798534886e-05,3.282846194291877,-3.2857882757507273,0.0029420897229193747,-8.354142016057614e-09,-1.0377739445190834e-05
90.7,3.140055086271489e-06,-1.570009677157516,1.5700167073318183,-1.5699999999842091,-1.570000000000007,-4.001105492294161e-15,-3.4889500751545505e-05,0.0001075240268961,-0.0001856368807416,-3.5473499358356373e-13,-3.0503351428258106e-13,1.0753426821956749e-13,-0.05365669827856747,-0.08124557240825027,-9.793832145320744,0.00025474342511857493,-0.0003521438336160699,0.0258221677707416,0.799908260005425,-4.502674181415824e-12,0.0,0.0,0.0,-1.1831820796887016e-12,-8.406394858575735e-06,3.2830189149115725,-3.2859696651924373,0.0029507569751044942,-6.753336192191418e-09,-8.406395995222511e-06
90.72,2.5434446231440543e-06,-1.5700078384966547,1.5700135329411589,-1.569999999984214,-1.5700000000000114,-2.1403241997206486e-15,-2.8260495631861636e-05,8.7094461844905e-05,-0.0001503658734081,-3.177536613143501e-13,-2.511388059995125e-13,8.851809903283585e-14,-0.05248253204909025,-0.07024946100213138,-9.793425996099282,8.945930082256457e-05,-0.0002347929502094303,0.02418174689404187,0.7999424764085833,-4.4554156965454926e-12,0.0,0.0,0.0,-8.64392513482144e-13,-6.809463604027324e-06,3.283160092094603,-3.2861178659252874,0.0029577792532442635,-5.461334547270396e-09,-6.809464435825961e-06
90.74,2.0601901476137416e-06,-1.570006349181357,1.5700109616847244,-1.569999999984219,-1.5700000000000158,-6.182026883821111e-16,-2.2891001480718737e-05,7.054651414893889e-05,-0.0001217963574783,-2.975408874124829e-13,-1.9458681644750385e-13,7.19721421945773e-14,-0.05072443705748721,-0.06139805782436358,-9.793694866533746,-2.085241768009265e-05,-0.0001420088627215274,0.022548261987544043,0.7999690422175024,-4.412345843620042e-12,0.0,0.0,0.0,-5.904962034160326e-13,-5.515844686495165e-06,3.2832697279380656,-3.286233187020736,0.002963463475084624,-4.4178569999859025e-09,-5.5158452557646685e-06
90.76,1.668754022108991e-06,-1.5700051428359645,1.5700088789670126,-1.5699999999842231,-1.5700000000000205,6.112012753001077e-16,-1.85417112148984e-05,5.7142676509235e-05,-9.865504956678293e-05,-2.7879793166750346e-13,-1.3635019355988725e-13,5.773446194593575e-14,-0.04877712899803622,-0.05435075486035936,-9.79437476591629,-8.747888376454426e-05,-7.230163579146425e-05,0.02094258043961739,0.799988567180855,-4.375422255710257e-12,0.0,0.0,0.0,-3.673954795803037e-13,-4.467941537341966e-06,3.283350351845534,-3.286318408860304,0.002968060572709863,-3.5746346976369323e-09,-4.467941890349117e-06
90.78,1.3516907601827402e-06,-1.5700041656961954,1.570007191965665,-1.5699999999842276,-1.5700000000000212,1.5893219223857485e-15,-1.501878609682732e-05,4.6285568003908686e-05,-7.991059016025324e-05,-2.578046035639725e-13,-9.047755136114754e-14,4.556603998875615e-14,-0.04691591098540594,-0.04877313939934523,-9.79526339644407,-0.00012110461973164134,-2.2867948303997966e-05,0.019372372144787285,0.8000020079770055,-4.3454066115075665e-12,0.0,0.0,0.0,-1.9479536807186156e-13,-3.619093253923061e-06,3.2834059120121277,-3.286377684694547,0.0029717755644020137,-2.892933455536972e-09,-3.6190934386819525e-06
90.8,1.094869517801636e-06,-1.570003374212983,1.5700058254945732,-1.569999999984232,-1.5700000000000212,2.3536707125725256e-15,-1.2165216749034532e-05,3.7491310118530543e-05,-6.472757802620376e-05,-2.343195626629101e-13,-7.507997384068912e-14,3.5240029041302533e-14,-0.04530013149448253,-0.04434987305050269,-9.796214279888616,-0.00013118194937242965,9.71404075706612e-06,0.017836509665299163,0.8000104669349799,-4.3222323390569324e-12,0.0,0.0,0.0,-6.84499792301208e-14,-2.931497329734695e-06,3.2834409502921607,-3.2864157237276714,0.0029747757699388607,-2.341615467293553e-09,-2.931497390635031e-06
90.82,8.868443112895518e-07,-1.57000273311158,1.5700047186529882,-1.5699999999842364,-1.5700000000000212,2.9371955275135066e-15,-9.85382557550143e-06,3.0367961240913105e-05,-5.2429338201757536e-05,-2.089366987037452e-13,-5.966631921137533e-14,2.6531394472346055e-14,-0.043974698272881155,-0.040788702964835694,-9.797128512088078,-0.00012562320372999322,2.898855954427603e-05,0.016329249988019812,0.8000150512433002,-4.305306976806066e-12,0.0,0.0,0.0,1.8079378303071492e-14,-2.374527900379881e-06,3.2834600251401858,-3.2864372207940318,0.002977197544747086,-1.8956151709712824e-09,-2.374527878836519e-06
90.84,7.183438938611457e-07,-1.5700022138194418,1.570003822111305,-1.569999999984241,-1.5700000000000212,3.3689232105291404e-15,-7.981598723559616e-06,2.4598048634522696e-05,-4.246776394931689e-05,-1.8188151896209135e-13,-4.442394607894113e-14,1.927286929766063e-14,-0.04286874669809684,-0.0378180015717909,-9.797945658971571,-0.00011072418769124352,3.82931633917065e-05,0.014844320555205239,0.8000167822630717,-4.293748340614988e-12,0.0,0.0,0.0,7.21204796528759e-14,-1.9233736470796993e-06,3.283467340043681,-3.2864464903331716,0.002979151821126479,-1.5347277553459269e-09,-1.923373573715725e-06
90.86,5.818585544748054e-07,-1.5700017931928103,1.5700030959125415,-1.569999999984245,-1.5700000000000238,4.3259085568366516e-15,-6.465095059315477e-06,1.992441935413048e-05,-3.439888880126423e-05,-1.1850359137309833e-13,-2.571209728013642e-13,6.434965289168733e-14,-0.04181094411184227,-0.03518491550631951,-9.798634822753414,-9.124219962621748e-05,4.056302662965388e-05,0.013378978217622,0.8000165442607261,-4.286559270055412e-12,0.0,0.0,0.0,1.0098263312463133e-13,-1.5579343653909222e-06,3.2834665336235522,-3.286447261063444,0.0029807286805155096,-1.2426538585087574e-09,-1.557934261743684e-06
90.88,4.71305429212483e-07,-1.5700014524852397,1.570002507691545,-1.569999999984246,-1.5700000000000285,5.254856819516647e-15,-5.236726975463141e-06,1.6138779693998473e-05,-2.7863099935203237e-05,-1.1237815593624037e-13,-1.410343662263335e-13,3.658910942782277e-14,-0.04059652780283854,-0.032665705328507155,-9.799186511697334,-7.056747032818654e-05,3.823682307869572e-05,0.011937368478079973,0.8000150625411253,-4.282748951618617e-12,0.0,0.0,0.0,1.1137612878109352e-13,-1.261926860789697e-06,3.2834605903035143,-3.2864425904302257,0.0029820011316164193,-1.0062380553978877e-09,-1.2619267491470977e-06
90.9,3.817573987248028e-07,-1.5700011765121076,1.570002031232535,-1.569999999984247,-1.5700000000000296,5.831154035302879e-15,-4.241748769838246e-06,1.3072411386692916e-05,-2.256911094092473e-05,2.648599816505444e-15,-1.3060506384612698e-13,4.609695261679862e-14,-0.039075270247042916,-0.030084927374359263,-9.799605684912693,-5.0942242295999136e-05,3.3236709239174055e-05,0.010531517610466917,0.8000129021932966,-4.2814102421545645e-12,0.0,0.0,0.0,1.0908805864236761e-13,-1.022160487972712e-06,3.283451835499883,-3.286434862919377,0.002983028233468562,-8.148482466914746e-10,-1.0221603778188122e-06
90.92,3.092234941616525e-07,-1.5700009529738723,1.5700016453007373,-1.5699999999842476,-1.5700000000000314,6.540161262112899e-15,-3.435816638592584e-06,1.058865348404778e-05,-1.8280979863909573e-05,-1.4808623187903137e-13,-1.1539113090368804e-13,2.910501768521763e-14,-0.037183422831530664,-0.02733899326287774,-9.799906157935208,-3.3694120811546795e-05,2.6998601386785207e-05,0.009179304532474467,0.8000104801568797,-4.2817625733696626e-12,0.0,0.0,0.0,9.88486186196188e-14,-8.279500657840402e-07,3.283441985418928,-3.286425842434536,0.0029838576749283644,-6.598922689164013e-10,-8.279499667577757e-07
90.94,2.504710301185457e-07,-1.5700007719078972,1.570001332695982,-1.569999999984252,-1.5700000000000314,6.6131996121120295e-15,-2.7830114244204534e-06,8.576809410809333e-06,-1.4807593689261034e-05,-1.5606582349622018e-13,7.486572935041712e-14,-1.7923118061046166e-14,-0.03492819651927634,-0.02443120231631503,-9.800106347391182,-1.9460152187635517e-05,2.0532096134366234e-05,0.007900695212486906,0.8000080848624898,-4.283169349461857e-12,0.0,0.0,0.0,8.433033343884223e-14,-6.706401720527763e-07,3.2834322278875274,-3.2864167552553027,0.00298452790182442,-5.344241612919244e-10,-6.706400868342491e-07
90.96,2.028815348425904e-07,-1.5700006252444558,1.5700010794861288,-1.5699999999842564,-1.5700000000000314,6.230456899839164e-15,-2.2542392466288222e-06,6.947215633683412e-06,-1.199415090025074e-05,-1.191233329815941e-13,1.0092896130127742e-13,-2.1282983513580545e-14,-0.03237426203444714,-0.021479439714569854,-9.800226168621611,-8.386964768316435e-06,1.4493868586674326e-05,0.006713730540076727,0.8000058991518142,-4.2851376046675636e-12,0.0,0.0,0.0,6.82326118512696e-14,-5.432197246574661e-07,3.2834233166026414,-3.2864083860365985,0.002985069866538107,-4.3282754685416155e-10,-5.432196550925717e-07
90.98,1.643340427001183e-07,-1.5700005064470683,1.5700008743861495,-1.56999999998426,-1.5700000000000314,6.012506756889954e-15,-1.825933847102988e-06,5.62724472833619e-06,-9.715262227456111e-06,-1.2594829788360116e-13,5.600543137839744e-14,-1.0919499405023922e-14,-0.02962291871653104,-0.01865379948871827,-9.800284888297554,-2.9892910265027854e-07,9.262871737779515e-06,0.005631711716299736,0.8000040234598572,-4.287306328054917e-12,0.0,0.0,0.0,5.2414252712119966e-14,-4.400096316555656e-07,3.2834156664226244,-3.286401174535153,0.002985508462920654,-3.5055319698441426e-10,-4.400095786195807e-07
91.0,1.3311057403919197e-07,-1.5700004102211833,1.570000708255165,-1.56999999998426,-1.5700000000000314,5.758691846643589e-15,-1.4790064062022398e-06,4.558068231854301e-06,-7.869362416907835e-06,-1.0664262617626693e-13,8.075753647740075e-14,-1.450134762907818e-14,-0.02678310327258559,-0.016091121732427976,-9.800299777573489,5.168585727779281e-06,5.009761406196953e-06,0.004662547701713182,0.800002497302891,-4.289428474667468e-12,0.0,0.0,0.0,3.8046073036756917e-14,-3.564098233548413e-07,3.283409441677046,-3.286395305092154,0.0029858636989257776,-2.839246607758858e-10,-3.5640978690749105e-07
91.02,1.0781956550475405e-07,-1.570000332278218,1.5700005736890668,-1.56999999998426,-1.5700000000000272,5.320067195949112e-15,-1.197995134936875e-06,3.692035230589416e-06,-6.374183544181237e-06,-7.946782775358756e-14,1.2649912023282708e-13,-2.411362511001104e-14,-0.023961492502629484,-0.013852005906872593,-9.800285407969382,8.469213145306277e-06,1.7575962149605512e-06,0.0038093252527504765,0.8000013179533985,-4.291350386119554e-12,0.0,0.0,0.0,2.5764186367267538e-14,-2.886942506483524e-07,3.2834046329089412,-3.286390784330282,0.0029861516512345717,-2.299650691343814e-10,-2.8869422381834743e-07
91.04,8.73338487521968e-08,-1.5700002691444153,1.5700004646905277,-1.56999999998426,-1.5700000000000252,4.8495116251223286e-15,-9.70376054414934e-07,2.9905485501469265e-06,-5.1630886537837545e-06,-8.505404926894304e-14,1.1493928604841468e-13,-2.48245756497836e-14,-0.021259747166099997,-0.01193000741899277,-9.800253436819041,1.0075223268273448e-05,-5.663715080104829e-07,0.003070815838833906,0.8000004558104306,-4.2929912100193085e-12,0.0,0.0,0.0,1.5811379183448627e-14,-2.3384481580768734e-07,3.2834011200359448,-3.286387505089363,0.002986385239636018,-1.8626285489336242e-10,-2.3384480052921327e-07
91.06,7.074041825995268e-08,-1.570000218006035,1.5700003764017114,-1.56999999998426,-1.5700000000000234,4.377351907407013e-15,-7.860046007082712e-07,2.422344343308229e-06,-4.182101807096973e-06,-9.04741400153618e-14,1.1546227420677953e-13,-2.4440346999469824e-14,-0.018761219517685963,-0.010286169011131854,-9.80021272950284,1.0432043853388195e-05,-2.0886321191029903e-06,0.002441975975597135,0.7999998664154893,-4.2943230951538824e-12,0.0,0.0,0.0,8.159473314054223e-15,-1.8941688558991481e-07,3.2833987217292426,-3.286385296430973,0.0029865748525664338,-1.5086801220626052e-10,-1.8941687822980013e-07
91.08,5.729973961147881e-08,-1.570000176583947,1.57000030488777,-1.56999999998426,-1.5700000000000216,3.918650907525343e-15,-6.366637245068597e-07,1.9620989334409277e-06,-3.387502465893192e-06,-9.563000497487349e-14,1.1535953631005766e-13,-2.3476882385593602e-14,-0.016521039358614677,-0.00887539566383861,-9.800169664507024,9.931554006041407e-06,-2.9583359452494186e-06,0.001914783380572188,0.7999994993513366,-4.295352202873438e-12,0.0,0.0,0.0,2.6096157373077597e-15,-1.5343033956880788e-07,3.283397231987242,-3.286383960715865,0.0029867288508034057,-1.2220146237762243e-10,-1.534303382914575e-07
91.1,4.641278993469514e-08,-1.5700001430320547,1.5700002469614796,-1.56999999998426,-1.5700000000000216,3.4830852759799317e-15,-5.156976158283606e-07,1.5893001508091954e-06,-2.743877002401668e-06,-1.0080430137131743e-13,1.0856671127914073e-13,-2.2120471987706065e-14,-0.01456716051969906,-0.007655906613873082,-9.80012851886004,8.898948597609336e-06,-3.326345929175158e-06,0.0014792492120543478,0.7999993044263156,-4.2961035287489944e-12,0.0,0.0,0.0,-1.1297252649184744e-15,-1.2428127727396764e-07,3.283396445558785,-3.2863832994313995,0.002986853971581916,-9.898171462834093e-11,-1.2428127991359373e-07
91.12,3.7594360707654e-08,-1.570000115855023,1.570000200041183,-1.56999999998426,-1.5700000000000205,3.0765081537966336e-15,-4.177150686140527e-07,1.2873331303662791e-06,-2.222540384642389e-06,-1.0566810787507329e-13,1.0639660979778077e-13,-2.0529782758640707e-14,-0.012905452947694929,-0.006592016099839437,-9.800091880399108,7.589629736135398e-06,-3.332023353823088e-06,0.001124358617648708,0.7999992356203773,-4.2966121671648506e-12,0.0,0.0,0.0,-3.385449092447655e-15,-1.0067056209712523e-07,3.2833961741719118,-3.286383129743718,0.0029869556519728216,-8.01754537473637e-11,-1.0067056379503597e-07
91.14,3.045143303156486e-08,-1.5700000938416252,1.570000162035742,-1.56999999998426,-1.5700000000000187,2.7025103179855602e-15,-3.3834920593911685e-07,1.0427398374643873e-06,-1.8002577097013189e-06,-1.101384209747825e-13,1.1365417062545577e-13,-1.873830675170888e-14,-0.011525078284442304,-0.00565537708620828,-9.800061047627485,6.192978699544988e-06,-3.0957539018001578e-06,0.000838847039583925,0.7999992532780066,-4.296918192988412e-12,0.0,0.0,0.0,-4.480551815003284e-15,-8.154588936497025e-08,3.2833962555611946,-3.286383293783372,0.0029870382871155037,-6.494325292743633e-11,-8.154589366788575e-08
91.16,2.4665661601299317e-08,-1.570000076010775,1.570000131251336,-1.5699999999842615,-1.5700000000000187,2.3622025982586826e-15,-2.740628576739068e-07,8.446192808697742e-07,-1.4582087432681096e-06,-9.903463224084757e-14,1.0179960838890065e-13,-1.6961771082477643e-14,-0.010403558158406297,-0.004825086910603514,-9.800036389483022,4.840211612366175e-06,-2.715745693080617e-06,0.000611797114351558,0.7999993250000789,-4.297062214645018e-12,0.0,0.0,0.0,-4.709803384872067e-15,-6.605490885622068e-08,3.2833965571500103,-3.2863836625333773,0.002987105435969023,-5.260567747937824e-11,-6.605491321075237e-08
91.18,1.9979186722068128e-08,-1.570000061567786,1.5700001063159643,-1.5699999999842615,-1.5700000000000187,2.0552178677461825e-15,-2.2199091595345562e-07,6.841416347505417e-07,-1.1811490795670812e-06,-1.0311553403312845e-13,1.0660875575069107e-13,-1.5234854179780086e-14,-0.009511194741288372,-0.00408696960785652,-9.800017650451114,3.6142025323164616e-06,-2.267816965156152e-06,0.0004330637241856563,0.799999425629189,-4.297082090490482e-12,0.0,0.0,0.0,-4.327245365376978e-15,-5.350721918728802e-08,3.283396976008035,-3.286384135950802,0.0029871599853767217,-4.261110237791615e-11,-5.3507223603350646e-08
91.2,1.6183142043379302e-08,-1.570000049868964,1.5700000861183163,-1.5699999999842615,-1.5700000000000187,1.780527137244738e-15,-1.7981264340975565e-07,5.541547315324976e-07,-9.567307517214886e-07,-1.0694631205843053e-13,1.1050080907907469e-13,-1.3570851390393672e-14,-0.008814691517609028,-0.0034322660489871956,-9.800004196030699,2.5597631254731683e-06,-1.8071131258773994e-06,0.0002935484216440477,0.7999995366545344,-4.297011289152545e-12,0.0,0.0,0.0,-3.5426060151625796e-15,-4.334358651355439e-08,3.2833974364231024,-3.286384640669201,0.002987204280613231,-3.451668968770716e-11,-4.334359129960905e-08
91.22,1.3108345822848148e-08,-1.5700000403929175,1.5700000697582208,-1.5699999999842615,-1.5700000000000172,1.5362955414846938e-15,-1.4564824284027448e-07,4.488653385570527e-07,-7.749519156967484e-07,-1.1068221127302393e-13,9.803410648122273e-14,-1.2027153524303844e-14,-0.008279956204207168,-0.0028558881346063764,-9.799995200100678,1.6933770584816854e-06,-1.3709202356236624e-06,0.0001853511831534336,0.7999996452924849,-4.296878521148838e-12,0.0,0.0,0.0,-2.5240945246449636e-15,-3.511104425176359e-08,3.283397886139219,-3.2863851263408907,0.002987240229629346,-2.7960631991398032e-11,-3.5111046154133167e-08
91.24,1.0617760850427007e-08,-1.5700000327173196,1.5700000565065433,-1.569999999984263,-1.5700000000000172,1.3204809506678902e-15,-1.1797507854865997e-07,3.635809206139063e-07,-6.27711052211384e-07,-9.628426019481093e-14,1.0043947351435215e-13,-1.06496500207962e-14,-0.007874156373104412,-0.002354332966099442,-9.799989779802248,1.0117934145698237e-06,-9.819543537017511e-07,0.00010182912919896757,0.7999997434337316,-4.296708306863695e-12,0.0,0.0,0.0,-1.4054499998610972e-15,-2.8442684355704677e-08,3.2833982920448634,-3.286385561408429,0.0029872693862133056,-2.2650519462921106e-11,-2.8442685405883154e-08
91.26,8.6003869872243e-09,-1.570000026500084,1.570000045772685,-1.569999999984263,-1.5700000000000172,1.1307439647003648e-15,-9.555981551603303e-08,2.9450054033108977e-07,-5.084459658492594e-07,-9.950543883027207e-14,1.0241580901917381e-13,-9.339765250112098e-15,-0.007567150763166834,-0.0019233114837613923,-9.799987085712957,4.991910664744519e-07,-6.516918069595725e-07,3.759003743469161e-05,0.7999998265909393,-4.296522189132707e-12,0.0,0.0,0.0,-2.955171596056943e-16,-2.304130780447446e-08,3.283398635861467,-3.286385928859859,0.002987293016740004,-1.8349689390845843e-11,-2.304130907698745e-08
91.28,6.966314121674798e-09,-1.5700000214641257,1.57000003707826,-1.569999999984263,-1.5700000000000172,9.646481079570545e-16,-7.740345247448568e-08,2.3854543832553413e-07,-4.118412419781871e-07,-1.0250543976511529e-13,1.0388541671980703e-13,-8.165962784339343e-15,-0.007332443957024712,-0.0015551268136723489,-9.799986355857323,1.32845584443778e-07,-3.8345883165610967e-07,-1.1555602260896506e-05,0.7999998929337967,-4.296340337603086e-12,0.0,0.0,0.0,7.110451525323464e-16,-1.8666193244232678e-08,3.2833989101892396,-3.2863862223280447,0.002987312153668299,-1.4865565938843796e-11,-1.8666194131908288e-08
91.3,5.642715035190441e-09,-1.5700000173849975,1.5700000300357757,-1.569999999984263,-1.5700000000000172,8.407337458477626e-16,-6.269680773450066e-08,1.9322180180909837e-07,-3.3359141302174884e-07,-1.014988832897247e-13,8.023481680862782e-14,-2.543983460441251e-16,-0.00714781621193356,-0.0012358432041662728,-9.799986941921734,-1.1262428047711479e-07,-1.7511922739919058e-07,-4.866566967388766e-05,0.7999999424614723,-4.296183320027817e-12,0.0,0.0,0.0,1.5230717444344847e-15,-1.512235201981304e-08,3.2833991151156816,-3.2863864427425122,0.002987327638872896,-1.2042915507126832e-11,-1.5122350230287645e-08
91.32,4.570599638314601e-09,-1.570000014080905,1.570000024331363,-1.569999999984263,-1.5700000000000172,8.168241573682443e-16,-5.0784403847270764e-08,1.565096570634977e-07,-2.7020904691849004e-07,-1.0083967972398893e-13,1.0063284994507021e-13,-4.576109473584987e-15,-0.006997282065368648,-0.0009428153983389338,-9.799988314516252,-2.623079266344267e-07,-2.1245436074055713e-08,-7.58006461103139e-05,0.7999999763350585,-4.296073828629141e-12,0.0,0.0,0.0,2.0432214188797834e-15,-1.2251834510210421e-08,3.2833992554798694,-3.2863865956286817,0.0029873401585705063,-9.756696906928142e-12,-1.2251835042706226e-08
91.34,3.702186664715634e-09,-1.5700000114045902,1.570000019710788,-1.569999999984263,-1.570000000000015,6.337296319303152e-16,-4.113535468908295e-08,1.267728149255621e-07,-2.188693361086532e-07,-9.624244920096837e-14,9.673828166667837e-14,-8.512200812519956e-15,-0.006874973624453289,-0.0006453519045398447,-9.799990055893144,-3.392373784654137e-07,8.533298743049327e-08,-9.433270611403842e-05,0.799999996373368,-4.296038145887077e-12,0.0,0.0,0.0,2.160295864178726e-15,-9.92672535834572e-09,3.2833993388062988,-3.2863866890702895,0.002987350271893277,-7.905361191764193e-12,-9.926723198049762e-09
91.36,2.9987719768433515e-09,-1.5700000092367734,1.5700000159681218,-1.569999999984263,-1.570000000000015,5.32713128146048e-16,-3.331963507084564e-08,1.0268596230983117e-07,-1.772841557873469e-07,-9.118962723713008e-14,9.207214989210995e-14,-5.455629760726296e-15,-0.006784646837663557,-0.0003110705978356991,-9.79999185252132,-3.635417502777664e-07,1.5253008217444528e-07,-0.00010537339401258182,0.800000004702938,-4.2961071140426526e-12,0.0,0.0,0.0,1.74456521214244e-15,-8.043377892353128e-09,3.2833993738711533,-3.2863867322989324,0.0029873584341835405,-6.4057557623419664e-12,-8.043377568873319e-09
91.38,2.429006215625307e-09,-1.5700000074808425,1.5700000129365623,-1.569999999984263,-1.570000000000015,4.181966552162768e-16,-2.6988908209396995e-08,8.317562636128055e-08,-1.4360016761212685e-07,-9.723391413335115e-14,9.3400044224379e-14,-5.416773811719454e-15,-0.0067318732712972175,8.530220368252003e-05,-9.799993491041612,-3.5210031213142267e-07,1.8827682981568648e-07,-0.00011004474369144606,0.8000000035456981,-4.296294083480624e-12,0.0,0.0,0.0,7.563382574586698e-16,-6.5178710457958184e-09,3.283399369832909,-3.286386734843839,0.002987365016119437,-5.1905041161261224e-12,-6.517871710542976e-09
91.4,1.9674958117464176e-09,-1.570000006058538,1.570000010481,-1.569999999984263,-1.570000000000015,3.259389899415344e-16,-2.1861022327509812e-08,6.737225664410743e-08,-1.1631612663781162e-07,-1.0373836940630299e-13,9.174196483896315e-14,-4.334257406852553e-15,-0.0067176327079222714,0.0005557210001030867,-9.799994849255121,-3.184618948151868e-07,1.9993580292161517e-07,-0.00010951362102353661,0.7999999951239782,-4.29654876782846e-12,0.0,0.0,0.0,-5.31463514487559e-16,-5.282210130651385e-09,3.2833993358442686,-3.286386706159608,0.002987370319544843,-4.205951651891653e-12,-5.282211550293263e-09
91.42,1.593672267426139e-09,-1.5700000049064728,1.5700000084919954,-1.569999999984263,-1.570000000000015,2.5187779684985147e-16,-1.770743374291891e-08,5.4571527844028063e-08,-9.421607212024363e-08,-1.0938879175990737e-13,9.02711189564864e-14,-3.4534345153872658e-15,-0.0067381509252457325,0.0010968275169865177,-9.79999587909993,-2.7301763462237656e-07,1.9391931008048578e-07,-0.00010495002863988136,0.799999981660971,-4.296775252815659e-12,0.0,0.0,0.0,-1.6338307756070198e-15,-4.281329134047549e-09,3.2833992810554533,-3.286386655642558,0.0029873745905165936,-3.409279230782525e-12,-4.281329879699884e-09
91.44,1.2908750966943738e-09,-1.5700000039732993,1.570000006880902,-1.569999999984264,-1.570000000000015,1.9301867191968606e-16,-1.4343026183315413e-08,4.4202941027180784e-08,-7.63150365142299e-08,-1.0730467433506556e-13,8.905401887298496e-14,-2.7597127978154303e-15,-0.006786897698586577,0.0016928181905103501,-9.799996585939638,-2.2335434596974807e-07,1.7550298807137088e-07,-9.747614501606965e-05,0.799999965454289,-4.296917192577884e-12,0.0,0.0,0.0,-2.2795305389567986e-15,-3.4706111317795274e-09,3.283399214917233,-3.286386592944673,0.0029873780302045677,-2.763790854798801e-12,-3.4706127895851657e-09
91.46,1.0456093033682272e-09,-1.5700000032174284,1.570000005575915,-1.5699999999842644,-1.570000000000015,1.4643043085295646e-16,-1.1617855329494364e-08,3.5804399264224026e-08,-6.181519123243335e-08,-1.1122266171042818e-13,8.788986778847209e-14,-2.1503365134749765e-15,-0.00685616331055294,0.002321444800263276,-9.799997008301109,-1.7467867405734787e-07,1.487757410336819e-07,-8.809886188901874e-05,0.7999999489998736,-4.296979815208214e-12,0.0,0.0,0.0,-2.5104739987909673e-15,-2.8139251399740173e-09,3.2833991476904303,-3.286386528492121,0.002987380803932388,-2.241436792377947e-12,-2.813927739265826e-09
91.48,8.469439383465456e-10,-1.5700000026051737,1.5700000045188736,-1.5699999999842644,-1.570000000000015,1.0963521760969907e-16,-9.410466328490077e-09,2.9001557811172198e-08,-5.0070297613237054e-08,-1.1022476431968127e-13,8.694489062819919e-14,-1.7052492572763094e-15,-0.006938207491440608,0.002959344725214925,-9.799997201167292,-1.3026522956183306e-07,1.1670817492983253e-07,-7.765743361386346e-05,0.7999999351425154,-4.2969865755172305e-12,0.0,0.0,0.0,-2.4568173177683796e-15,-2.2820156185969903e-09,3.2833990910644157,-3.2863864741112647,0.002987383048667274,-1.817009596970823e-12,-2.282016121421921e-09
91.5,6.860249311501702e-10,-1.5700000021092482,1.5700000036626718,-1.5699999999842655,-1.570000000000015,8.075073296602488e-17,-7.622480720588598e-09,2.3491281544224282e-08,-4.0556930091956386e-08,-1.0181877455660431e-13,8.610601236822185e-14,-1.3264839760897722e-15,-0.007026005127127875,0.003585341708767222,-9.799997223743206,-9.189674489544747e-08,8.13185886743089e-08,-6.680168840256711e-05,0.7999999272271102,-4.296957024170331e-12,0.0,0.0,0.0,-2.2248874057461163e-15,-1.8511638266310569e-09,3.28339905877853,-3.2863864436563146,0.0029873848792574703,-1.4747803187419104e-12,-1.8511657850649428e-09
91.52,5.556804832901517e-10,-1.5700000017075473,1.5700000029691488,-1.5699999999842655,-1.570000000000015,5.833965571015441e-17,-6.174211903193107e-09,1.9027944906275532e-08,-3.2851116653594324e-08,-1.0418332255129535e-13,8.54051395501774e-14,-1.0434600134540257e-15,-0.007113677009306759,0.004182192445651213,-9.799997130992795,-6.026445606769237e-08,4.390620279214301e-08,-5.599307391015329e-05,0.7999999292212658,-4.296906641301308e-12,0.0,0.0,0.0,-1.897186882763473e-15,-1.502176010335437e-09,3.2833990671257745,-3.286386453518008,0.002987386393429031,-1.1953978746969711e-12,-1.502178529247144e-09
91.54,4.501014363632431e-10,-1.5700000013821698,1.570000002407396,-1.5699999999842655,-1.570000000000015,4.114019350772731e-17,-5.001113761975519e-09,1.5412640321384336e-08,-2.6609420825422452e-08,-1.0628624255577537e-13,8.47918300460125e-14,-7.866954635009528e-16,-0.007196690463329539,0.004737202108958492,-9.799996968219475,-3.5310808600260416e-08,5.329929317556387e-09,-4.5521841108289104e-05,0.7999999457749879,-4.296847055983776e-12,0.0,0.0,0.0,-1.5343127424292173e-15,-1.2194944271212485e-09,3.28339913519819,-3.286386522872915,0.0029873876756967696,-9.717263815903033e-13,-1.2194968496123385e-09
91.56,3.645823710053815e-10,-1.570000001118614,1.5700000019523754,-1.5699999999842655,-1.570000000000015,2.7915797622877817e-17,-4.050903978883566e-09,1.2484252423416921e-08,-2.155364299364176e-08,-1.0793357112729585e-13,8.430722725856708e-14,-6.21116976589482e-16,-0.00727190464726416,0.005242065371540677,-9.799996768033791,-1.6506794685962632e-08,-3.368242525446032e-08,-3.553500617523348e-05,0.7999999821772193,-4.296786494690646e-12,0.0,0.0,0.0,-1.1779488973510798e-15,-9.905250852909132e-10,3.283399284708791,-3.2863866735081926,0.002987388800190507,-7.885086512900856e-13,-9.905254638792408e-10
91.58,2.9531189654737265e-10,-1.5700000009051336,1.570000001583808,-1.5699999999842655,-1.570000000000015,1.7794934847442776e-17,-3.2812337367964163e-09,1.01122412448241e-08,-1.7458452295868587e-08,-1.09486144597311e-13,8.388771255239455e-14,-4.762606858570834e-16,-0.007337521485586545,0.005692219493198938,-9.799996549200326,-3.0630810837241143e-09,-7.2205675047624e-08,-2.607109621956525e-05,0.8000000441626622,-4.296730339470299e-12,0.0,0.0,0.0,-8.543078061556244e-16,-8.050582097480129e-10,3.283399539198979,-3.2863869290307357,0.002987389832396438,-6.41359334129018e-13,-8.050595969628923e-10
91.6,2.3920278595900705e-10,-1.570000000732214,1.570000001285269,-1.5699999999842655,-1.570000000000015,1.0015553301106094e-17,-2.657800574270724e-09,8.190935750943193e-09,-1.4141350254524237e-08,-1.106912414617029e-13,8.355673533691285e-14,-3.774668855575148e-16,-0.007392987124338434,0.0060859299818567004,-9.79999631710198,5.922138367024185e-09,-1.0877977074417005e-07,-1.709887520971344e-05,0.8000001375166367,-4.296681710254011e-12,0.0,0.0,0.0,-5.775844311575855e-16,-6.548281516930795e-10,3.2833999224170096,-3.2863873132460837,0.0029873908295964895,-5.214466219637983e-13,-6.548295286382193e-10
91.62,1.9375435917062326e-10,-1.5700000005921484,1.5700000010434536,-1.5699999999842666,-1.570000000000015,4.6882225918877254e-18,-2.152822137958337e-09,6.634653779517889e-09,-1.1454499944354361e-08,-1.0324529653236932e-13,8.29396781788998e-14,-3.1425261073595383e-16,-0.007438869946894421,0.0064232712535079225,-9.799996066071035,1.1375263456936505e-08,-1.4107631942606218e-07,-8.558071740562232e-06,0.8000002674222596,-4.296642014209247e-12,0.0,0.0,0.0,-3.5314139195692577e-16,-5.331437307230978e-10,3.283400455638801,-3.2863878474784403,0.0029873918400644237,-4.241020314875366e-13,-5.331432845036395e-10
91.64,1.5694109995375868e-10,-1.5700000004786947,1.5700000008475814,-1.5699999999842666,-1.570000000000015,-2.2025170439449287e-18,-1.74378588330719e-09,5.374062455695498e-09,-9.278151808332592e-09,-1.0305442561683741e-13,8.34195025912735e-14,-4.019670749152387e-16,-0.007476737310991485,0.006705436442721067,-9.79999578753536,1.4231892892108988e-08,-1.6559020535109502e-07,-4.006687051454255e-07,0.8000004374950119,-4.296611427981268e-12,0.0,0.0,0.0,-1.8026645616690972e-16,-4.345782622854531e-10,3.2834011537057144,-3.286388546606079,0.0029873929007119423,-3.4664159608688064e-13,-4.3458004127393454e-10
91.66,1.2712237572026445e-10,-1.570000000386799,1.570000000688924,-1.5699999999842666,-1.570000000000015,-1.486366328512791e-17,-1.4124657988496886e-09,4.352990550701543e-09,-7.515295505863718e-09,-1.0357174393796846e-13,8.464832819487716e-14,-6.163646800409383e-16,-0.007508906063988968,0.006934966840982373,-9.799995486294575,1.545838854751704e-08,-1.7739793747679984e-07,7.371727188258124e-06,0.8000006484574,-4.296589296237511e-12,0.0,0.0,0.0,-5.4434533704030266e-17,-3.547405867308652e-10,3.283402019585158,-3.286389413618057,0.002987394033179432,-2.8242617255559203e-13,-3.547409076191372e-10
91.68,1.0296920012827539e-10,-1.5700000003123633,1.5700000005604131,-1.5699999999842666,-1.570000000000015,-2.3631717362572425e-17,-1.1440982879849064e-09,3.5259188576649478e-09,-6.087393260704142e-09,-1.0391538580696041e-13,8.39282345870845e-14,-2.972467343898323e-16,-0.0075377983636170124,0.007116343475937659,-9.79999519134352,1.5968990090701958e-08,-1.7003971781618974e-07,1.4688729569201207e-05,0.8000008964239991,-4.2965744427321624e-12,0.0,0.0,0.0,3.0930039092644135e-17,-2.9006999006707454e-10,3.2834030373320346,-3.2863904325701445,0.002987395238341395,-2.3114488924875146e-13,-2.900712025882133e-10
91.7,8.340511575993657e-11,-1.5700000002520715,1.5700000004563188,-1.5699999999842666,-1.570000000000015,-2.77644472711723e-17,-9.267200913703065e-10,2.856010889730333e-09,-4.930785181706651e-09,-1.0405170450292681e-13,8.333079769452957e-14,-1.1577672321087242e-16,-0.007565146497078901,0.0072557206278793225,-9.799994949171722,1.64356151964741e-08,-1.3555835172223538e-07,2.1424901188414397e-05,0.8000011707982368,-4.296565398920038e-12,0.0,0.0,0.0,8.315425905099575e-17,-2.3769409630112463e-10,3.2834041634567006,-3.286391559945586,0.0029873964890753265,-1.8887587031913687e-13,-2.37692147969452e-10
91.72,6.755819914831755e-11,-1.5700000002032328,1.5700000003720018,-1.5699999999842666,-1.570000000000015,-2.877609454527044e-17,-7.50643657082634e-10,2.313378883743005e-09,-3.993934593987716e-09,-1.0441761258167148e-13,8.288729624861711e-14,-3.5736765067828485e-17,-0.007591714319462025,0.007359958555897747,-9.799994811416369,1.7200723524639294e-08,-6.471271104898376e-08,2.7438151759093428e-05,0.8000014518305941,-4.296560560805328e-12,0.0,0.0,0.0,1.0942062989654346e-16,-1.952630450967237e-10,3.283405316903315,-3.286392714624862,0.002987397721703348,-1.561769953555938e-13,-1.95260804044016e-10
91.74,5.472218792909767e-11,-1.5700000001636734,1.5700000003037051,-1.5699999999842666,-1.570000000000015,-2.7683220145068482e-17,-6.080221087487287e-10,1.8738192692231115e-09,-3.235097256047509e-09,-1.045656828892914e-13,8.254824275472227e-14,1.0871036573765443e-16,-0.0076175648660668435,0.007435824369402908,-9.799994828905739,1.8350816988129744e-08,5.257063862938273e-08,3.260688664039186e-05,0.8000017079571358,-4.296558288013e-12,0.0,0.0,0.0,1.1620553078933694e-16,-1.6089637916660689e-10,3.283406368126492,-3.2863937669528873,0.002987398826523311,-1.271168801067607e-13,-1.6089599650697954e-10
91.76,4.4325011347956406e-11,-1.57000000013163,1.5700000002483852,-1.5699999999842666,-1.570000000000015,-2.5273647719087386e-17,-4.924980023678361e-10,1.5177934362765631e-09,-2.6204112144329274e-09,-1.0478624208463145e-13,8.224683186574305e-14,1.5758355137185183e-16,-0.007642405204058074,0.007489527490972902,-9.799995048676099,1.9821793012840706e-08,2.263999184410777e-07,3.685075517777628e-05,0.8000018931304843,-4.296556960724274e-12,0.0,0.0,0.0,1.0898233288107866e-16,-1.330575448245154e-10,3.283407128137039,-3.2863945277751285,0.002987399638194439,-1.0490962015633978e-13,-1.330567252977638e-10
91.78,3.5903293327577915e-11,-1.5700000001056753,1.5700000002035766,-1.5699999999842666,-1.570000000000015,-2.214416160950457e-17,-3.9892368687715967e-10,1.229402260024887e-09,-2.122542742436923e-09,-1.0503525255294617e-13,8.201748566310474e-14,1.7051980581051148e-16,-0.007665817656157795,0.0075264581290343975,-9.799995509927292,2.147374013600124e-08,4.656661722240091e-07,4.013640822416288e-05,0.8000019444742715,-4.296555010695663e-12,0.0,0.0,0.0,9.212559035096048e-17,-1.1051001610897461e-10,3.2834073388752487,-3.286394738802442,0.002987399927278328,-8.843943550402547e-14,-1.1050868053057305e-10
91.8,2.908169751571542e-11,-1.570000000084652,1.5700000001672811,-1.5699999999842666,-1.570000000000015,-1.84296400837492e-17,-3.2312830193526036e-10,9.958119306478594e-10,-1.719265362476446e-09,-1.0513000765134957e-13,8.182960018467862e-14,1.9453947312910383e-16,-0.007687402242571645,0.00755108095499061,-9.799996238401874,2.31408507824046e-08,7.762386615161824e-07,4.2473808758023766e-05,0.8000017807362091,-4.296550942504591e-12,0.0,0.0,0.0,6.896171330128173e-17,-9.224153314131862e-11,3.283406666861961,-3.2863940662565807,0.0029873993946914934,-7.328207354383333e-14,-9.224350699451663e-11
91.82,2.3556199867523888e-11,-1.5700000000676235,1.5700000001378802,-1.5699999999842666,-1.570000000000015,-1.4787948062146588e-17,-2.6173438052383793e-10,8.066077040393447e-10,-1.3925933494247216e-09,-1.0530145747865665e-13,8.167912056297777e-14,1.8663479953792663e-16,-0.0077068527010617695,0.00756694141321654,-9.799997238772741,2.4662016716743426e-08,1.1585249719731115e-06,4.39073286700692e-05,0.8000013021802448,-4.296543360694835e-12,0.0,0.0,0.0,4.1921849537458543e-17,-7.744864788963787e-11,3.283404702755922,-3.2863921004273857,0.0029873976715257644,-6.148034773838007e-14,-7.744878360376041e-11
91.84,1.90805432397546e-11,-1.5700000000538323,1.5700000001140682,-1.5699999999842666,-1.570000000000015,-1.1347141600319185e-17,-2.1200493490439015e-10,6.533529031883827e-10,-1.1280049987009548e-09,-1.0538953271807369e-13,8.155654334641436e-14,1.7687477306768283e-16,-0.007723985159360583,0.0075767489921803165,-9.799998484780321,2.589721240644591e-08,1.6043472141016573e-06,4.450472845204976e-05,0.8000003927359308,-4.296531017732594e-12,0.0,0.0,0.0,1.276273475896432e-17,-6.546575866262026e-11,3.283400970175415,-3.286388364502532,0.002987394327170112,-5.2914906199974875e-14,-6.546734462182493e-11
91.86,1.545525889972167e-11,-1.5700000000426613,1.5700000000947791,-1.5699999999842666,-1.570000000000015,-8.176892106250374e-18,-1.7172400726445351e-10,5.292299894132047e-10,-9.136875861191223e-10,-1.0551508941273373e-13,8.149144911091769e-14,1.6274400695877003e-16,-0.007738735002198173,0.007582509116527812,-9.799999907092134,2.6734125269620847e-08,2.0931444505901715e-06,4.4346184858619133e-05,0.799998925397759,-4.2965128965733735e-12,0.0,0.0,0.0,-1.7170062882345028e-17,-5.575978121004388e-11,3.2833949478584254,-3.2863823367480545,0.002987388889671669,-4.416348433026702e-14,-5.5760597739609966e-11
91.88,1.251877568389113e-11,-1.5700000000336107,1.570000000079156,-1.5699999999842666,-1.570000000000015,-5.304953411859048e-18,-1.390965939362266e-10,4.2868839549235117e-10,-7.400931559736523e-10,-1.0543629176241109e-13,8.14377790751328e-14,1.0636916005399866e-16,-0.00775113408266971,0.007585682217353489,-9.800001379186988,2.708877949790934e-08,2.5876015502694136e-06,4.351480751844692e-05,0.7999967720152351,-4.296488339977349e-12,0.0,0.0,0.0,-4.665550506209716e-17,-4.789986205773712e-11,3.2833861098435935,-3.286373490725933,0.0029873808823752315,-3.720783502638907e-14,-4.7898043546086053e-11
91.9,1.0140223382558791e-11,-1.5700000000262788,1.5700000000664995,-1.5699999999842666,-1.570000000000015,-2.799386940488975e-18,-1.126683481235541e-10,3.4722031048966807e-10,-5.994723025932612e-10,-1.0559042342663463e-13,8.140323656696358e-14,1.3444825262464196e-16,-0.007761277422007321,0.0075873544319309105,-9.800002702014648,2.6903201821625963e-08,3.0289323923140185e-06,4.2089553060256185e-05,0.799993818702406,-4.296457236156394e-12,0.0,0.0,0.0,-7.430203401432954e-17,-4.1528335543127164e-11,3.2833739887147595,-3.2863613585962166,0.0029873698814913774,-3.3086007846373106e-14,-4.1529919736807566e-11
91.92,8.213594259443102e-12,-1.5700000000203411,1.5700000000562475,-1.5699999999842666,-1.570000000000015,-5.845775547042261e-19,-9.126143655184692e-11,2.812511296736866e-10,-4.855634212490755e-10,-1.0565660355464737e-13,8.141197947064593e-14,6.505641183598084e-17,-0.007769286062286911,0.007588408934291359,-9.800003588767389,2.6142539229561327e-08,3.33221586191132e-06,4.0141076590265414e-05,0.7999899880787951,-4.296420266432093e-12,0.0,0.0,0.0,-9.825788259083082e-17,-3.6370494274292956e-11,3.283358266883282,-3.2863456224825396,0.0029873555992894663,-2.8447926088961134e-14,-3.6369970815061985e-11
91.94,6.653023446901377e-12,-1.570000000015532,1.5700000000479457,-1.5699999999842666,-1.570000000000015,1.1425149981420449e-18,-7.3921847094262e-11,2.27805023273176e-10,-3.9330392658688214e-10,-1.0572686582146461e-13,8.13457374343682e-14,9.381340538839095e-17,-0.007775270840724973,0.007589689933579186,-9.800003651831863,2.4793478795368983e-08,3.3823990181644714e-06,3.7730820100080056e-05,0.7999852693758043,-4.296379214783577e-12,0.0,0.0,0.0,-1.1594220337876343e-16,-3.219018121995853e-11,3.2833389001522666,-3.2863262381487934,0.00298733799655383,-2.5472387532927572e-14,-3.219118532422678e-11
91.96,5.388967569446535e-12,-1.5700000000116372,1.5700000000412198,-1.5699999999842666,-1.570000000000015,4.3113511168223276e-18,-5.987621451067738e-11,1.8452777879116734e-10,-3.185857781870954e-10,-1.0546177419855413e-13,8.119099425578373e-14,1.6630545128409061e-16,-0.007779307288174484,0.00759206890862888,-9.800002394990864,2.286510419979235e-08,3.031841784276036e-06,3.491321001794641e-05,0.7999797570357394,-4.296337330872158e-12,0.0,0.0,0.0,-1.238170026229908e-16,-2.8808708628744086e-11,3.283316276136551,-3.286303593563281,0.002987317426752404,-2.206111158888027e-14,-2.8808477183367984e-11
91.98,4.3650805498862535e-12,-1.570000000008482,1.570000000035773,-1.5699999999842666,-1.570000000000015,7.13833410332967e-18,-4.8499977176882926e-11,1.494671855607392e-10,-2.5805641985190795e-10,-1.0551236797859227e-13,8.118695735631412e-14,1.203404010730581e-16,-0.007781439944427935,0.0075962584061420434,-9.799999215040918,2.0392115456878466e-08,2.1005746029839357e-06,3.1739147374206306e-05,0.799973697717615,-4.296298854000868e-12,0.0,0.0,0.0,-1.1722699562168822e-16,-2.6066487478520134e-11,3.2832914071862747,-3.2862787019978863,0.002987294811630274,-2.022911563143986e-14,-2.606589418614061e-11
92.0,3.5357289087955226e-12,-1.5700000000059262,1.570000000031361,-1.5699999999842666,-1.570000000000015,9.075637643381929e-18,-3.928509020290536e-11,1.2106790262158062e-10,-2.0902910679465183e-10,-1.0555615819478343e-13,8.114752047422718e-14,1.112138361333523e-16,-0.007781716327363683,0.007602505654839941,-9.7999934176223,1.7439511614897535e-08,3.80756580489093e-07,2.8257286736641e-05,0.7999675445229403,-4.2962667949403785e-12,0.0,0.0,0.0,-9.034378962509087e-17,-2.384318108215855e-11,3.2832661529430087,-3.2862534247866932,0.002987271843701852,-1.8552572480273092e-14,-2.3843981939857197e-11
92.02,2.863951911660479e-12,-1.5700000000038543,1.570000000027786,-1.5699999999842666,-1.570000000000015,1.0317717765782377e-17,-3.1821068802622566e-11,9.806431143295055e-11,-1.6932743282150258e-10,-1.059157575134071e-13,8.11713745375056e-14,4.6883027130702977e-17,-0.007780223856956598,0.007610521604488215,-9.799984252715172,1.4108886727504129e-08,-2.352876636522835e-06,2.4512189136670476e-05,0.7999620156867162,-4.2962415624177395e-12,0.0,0.0,0.0,-3.626151788593994e-17,-2.204846312987709e-11,3.2832434612222094,-3.286230712427659,0.0029872512054683813,-1.7864107473321233e-14,-2.204734481427129e-11
92.04,2.319810747473805e-12,-1.570000000002178,1.5700000000248906,-1.5699999999842666,-1.570000000000015,1.1043497830831944e-17,-2.5775144630988185e-11,7.943492509660717e-11,-1.3715325168083927e-10,-1.0587048288252245e-13,8.119842703193445e-14,3.782098062441507e-18,-0.007777113556137242,0.007619671276381187,-9.799970976537837,1.0548225202810047e-08,-6.3245402341361515e-06,2.0543081829670352e-05,0.79995815287912,-4.296223029176646e-12,0.0,0.0,0.0,5.269790930915287e-17,-2.0591205979850906e-11,3.283227607297905,-3.286214844084988,0.0029872367871010123,-1.6459597603429017e-14,-2.059053158956912e-11
92.06,1.8790548799246934e-12,-1.5700000000008192,1.5700000000225458,-1.5699999999842666,-1.570000000000015,1.1350295585485103e-17,-2.0877930401795655e-11,6.433610184656056e-11,-1.110852096046794e-10,-1.0602770707727129e-13,8.123017959141923e-14,2.4834194549315168e-17,-0.007772618010989171,0.0076291964885773,-9.799952947396488,6.966684036509178e-09,-1.1728732920395398e-05,1.6387050998674526e-05,0.7999573715974644,-4.2962134048082424e-12,0.0,0.0,0.0,1.8440198355581298e-16,-1.941039744255303e-11,3.283224400723849,-3.2862116345985353,0.002987233874700738,-1.5204977021353248e-14,-1.9409857788131974e-11
92.08,1.5220413836679342e-12,-1.5699999999997178,1.570000000020647,-1.5699999999842666,-1.570000000000015,1.1260233510349089e-17,-1.6911188702789952e-11,5.2101512144260144e-11,-8.999098816891936e-11,-1.0604292232121063e-13,8.11752889567555e-14,4.7566648893586215e-18,-0.007767072944466151,0.007638379877026454,-9.799929762623208,3.6536749710586347e-09,-1.8689264288645185e-05,1.2087672400080159e-05,0.7999614929133159,-4.29621828388572e-12,0.0,0.0,0.0,3.659728802876345e-16,-1.845418406126951e-11,3.2832413156315727,-3.2862285649003806,0.0029872492688231495,-1.4802428326527596e-14,-1.8452752325586914e-11
92.1,1.232859508054631e-12,-1.5699999999988274,1.5700000000191086,-1.5699999999842666,-1.570000000000015,1.1129808832968745e-17,-1.3698119103697244e-11,4.2198432691349116e-11,-7.289357090186701e-11,-1.0606617814162065e-13,8.12036807488267e-14,1.3324654613742085e-17,-0.007760945741437146,0.0076466654786980885,-9.799901442358037,9.99966988457238e-10,-2.7204226093465994e-05,7.708770375341645e-06,0.7999727421719032,-4.296246714660404e-12,0.0,0.0,0.0,6.024263814916549e-16,-1.7677739828646268e-11,3.283287485392469,-3.2862747766720606,0.0029872912796050206,-1.317871713231761e-14,-1.7677226217080102e-11
92.12,9.98621320328493e-13,-1.5699999999981058,1.5700000000178629,-1.5699999999842666,-1.570000000000015,1.07199746785804e-17,-1.1095538630068218e-11,3.4182739633718e-11,-5.906018880413203e-11,-1.0624975068689125e-13,8.128683086595468e-14,-7.219422117051115e-17,-0.007754871041764586,0.007653749284817709,-9.799868663292555,-4.822577276578317e-10,-3.7075938403210504e-05,3.35270236683363e-06,0.7999936963262073,-4.296311104443998e-12,0.0,0.0,0.0,8.948196215662006e-16,-1.7055256006476193e-11,3.283373486463753,-3.286360855993921,0.002987369530180216,-1.3064904270933524e-14,-1.7052940112580273e-11
92.14,8.08887596397733e-13,-1.5699999999975196,1.5700000000168548,-1.5699999999842666,-1.570000000000015,1.0199446281560477e-17,-8.987375665683501e-12,2.7676905160345047e-11,-4.784693940180655e-11,-1.0613705891433615e-13,8.123236491781158e-14,-4.2107959954256895e-19,-0.007749690743330354,0.0076596504951351235,-9.799833040989247,-1.4437985169793004e-10,-4.7826241967054445e-05,-8.177850906726732e-07,0.800027157778636,-4.296426871106899e-12,0.0,0.0,0.0,1.2378665050274018e-15,-1.6543969696044195e-11,3.2835108206032806,-3.2864983150887874,0.0029874944855196963,-1.289846813995512e-14,-1.654362003810965e-11
92.16,6.554706420533386e-13,-1.5699999999970462,1.5700000000160366,-1.5699999999842666,-1.5700000000000145,7.46111717431958e-17,-7.278915429108034e-12,2.241026805396444e-11,-3.8773249575618775e-11,-1.165803450214395e-13,8.399509305324397e-14,-1.0821210456213253e-15,-0.007746493122109363,0.007664770645286445,-9.799797452544057,2.8034916972647142e-09,-5.859955169702115e-05,-4.555531131562704e-06,0.8000759294349522,-4.296611717599977e-12,0.0,0.0,0.0,1.6170221560507734e-15,-1.6135320101934422e-11,3.2837109916347877,-3.2866986682472032,0.0029876766124278934,-1.3814768166445367e-14,-1.613370307977797e-11
92.18,5.309462677869108e-13,-1.569999999996662,1.5700000000153749,-1.5699999999842689,-1.5700000000000145,4.392931728845029e-17,-5.898741423430929e-12,1.8143460775856752e-11,-3.141104858896835e-11,-9.261732417270401e-14,7.630630198832732e-14,-1.3093847234602026e-15,-0.007746516235974386,0.007669857483770329,-9.799765993925119,9.246169628880472e-09,-6.817431969907829e-05,-7.5394871507662605e-06,0.8001424639036123,-4.296884378010731e-12,0.0,0.0,0.0,2.005104258630594e-15,-1.5802452985771053e-11,3.2839840656745776,-3.2869719907441985,0.002987925069633379,-1.1877698361604212e-14,-1.580000371321883e-11
92.2,4.300801990573217e-13,-1.5699999999963512,1.5700000000148375,-1.5699999999842689,-1.5700000000000145,2.1934947479659218e-17,-4.7776870395184216e-12,1.4680065939398752e-11,-2.5459077692499103e-11,-9.070131664857124e-14,7.655853628720035e-14,-9.90290107611093e-16,-0.00775071072771384,0.007675721954636904,-9.799742838224804,1.9996683842829432e-08,-7.530115784921405e-05,-9.481753005469113e-06,0.8002283604017879,-4.297262663330362e-12,0.0,0.0,0.0,2.358614640642966e-15,-1.5533344195483747e-11,3.2843366063084396,-3.287324852137481,0.0029882458290519985,-1.2081144524776898e-14,-1.553134095362298e-11
92.22,3.483693785229924e-13,-1.569999999996098,1.5700000000144023,-1.5699999999842689,-1.5700000000000145,8.405875848768163e-18,-3.8710862567926655e-12,1.1883225707655765e-11,-2.061740746791631e-11,-9.001168258895975e-14,7.472124230530363e-14,-5.044370730657364e-16,-0.0077591849918950346,0.007682834536783326,-9.799730547611302,3.5561944359817035e-08,-7.920376811961885e-05,-1.0270384492838133e-05,0.8003336872203543,-4.29776062825597e-12,0.0,0.0,0.0,2.614053124802583e-15,-1.5315424231955063e-11,3.2847688938191606,-3.287757532964915,0.0029886391457648203,-1.3312436115492273e-14,-1.5313254453273344e-11
92.24,2.821729653693564e-13,-1.569999999995896,1.5700000000140493,-1.5699999999842689,-1.5700000000000145,1.0784077491755924e-18,-3.13568248556756e-12,9.61885241642955e-12,-1.6686497060952312e-11,-8.889181583614974e-14,7.444154934776115e-14,-3.2824673570665963e-16,-0.007771051122478003,0.007691158047268986,-9.799729453233942,5.5987410811594963e-08,-7.976429031554739e-05,-9.99922381340682e-06,0.8004561170648361,-4.298384694062758e-12,0.0,0.0,0.0,2.68467988328523e-15,-1.5140273904984453e-11,3.285271376410257,-3.28826047273936,0.002989096329114614,-1.2670031207622615e-14,-1.5137944699025318e-11
92.26,2.2855234943857935e-13,-1.5699999999957317,1.5700000000137628,-1.5699999999842689,-1.5700000000000145,-3.518872335198533e-18,-2.5399738336623767e-12,7.798443429649631e-12,-1.3510633055471182e-11,-8.806178094078505e-14,7.426378160685582e-14,-2.0223453667151827e-16,-0.0077847886557200026,0.007700295097396261,-9.799738261435445,8.077329802366781e-08,-7.734663369561635e-05,-8.886657526522448e-06,0.8005898789353734,-4.299128605630185e-12,0.0,0.0,0.0,2.4583815422772786e-15,-1.4999787486638716e-11,3.285820368460184,-3.2888099642890056,0.0029895958288330853,-1.197521863369779e-14,-1.499812905508124e-11
92.28,1.8511885022862945e-13,-1.5699999999955985,1.570000000013532,-1.5699999999842689,-1.5700000000000145,-6.0042737843609e-18,-2.0573730668626567e-12,6.311045221247399e-12,-1.0934428781513189e-11,-8.718708992026595e-14,7.40745650413821e-14,-6.665777849437277e-17,-0.00779880564151018,0.007709735420244995,-9.79975485487325,1.0874553892249496e-07,-7.256185017178586e-05,-7.192001380175762e-06,0.8007245552368598,-4.2999671833812624e-12,0.0,0.0,0.0,1.7975245736903896e-15,-1.488784017151914e-11,3.286373113562588,-3.2893632123057275,0.002990098743152011,-1.1450233515892897e-14,-1.488737612120147e-11
92.3,1.499372377511907e-13,-1.5699999999954897,1.5700000000133454,-1.5699999999842689,-1.5700000000000145,-7.187843936089574e-18,-1.6664869857260685e-12,5.1122275775744895e-12,-8.868998134427597e-12,-8.662128073778862e-14,7.400129634258118e-14,-4.341843531535475e-17,-0.007811822434402629,0.007719020744238078,-9.799776847249914,1.3785433674939253e-07,-6.610414210425117e-05,-5.166961612913193e-06,0.8008437882406428,-4.300826709015152e-12,0.0,0.0,0.0,6.51020395545139e-16,-1.4795744125887065e-11,3.28686247552277,-3.289853019511132,0.0029905439883731607,-1.141731551390207e-14,-1.479669351287422e-11
92.32,1.21439845736377e-13,-1.5699999999954009,1.5700000000131944,-1.5699999999842689,-1.5700000000000145,-7.571002800644767e-18,-1.3498849840399689e-12,4.1353776339162836e-12,-7.181040572946652e-12,-8.6306584943843e-14,7.398190030614158e-14,-1.8830576186433638e-17,-0.007822975311017975,0.007727798797439054,-9.799801939388312,1.6493434995838928e-07,-5.86440632627686e-05,-3.0293625223849074e-06,0.8009240072306292,-4.301531474626405e-12,0.0,0.0,0.0,-7.205767262737925e-16,-1.4720693081602364e-11,3.287191714248115,-3.290182557793878,0.002990843545776198,-1.1684263876253149e-14,-1.4722302862602053e-11
92.34,9.835697946933719e-14,-1.5699999999953298,1.5700000000130725,-1.5699999999842689,-1.5700000000000145,-7.458645961561278e-18,-1.0933789125426706e-12,3.3362007755568278e-12,-5.82633737681646e-12,-8.595675801617856e-14,7.392966569052213e-14,3.220331920358043e-17,-0.007831789294362984,0.007735826680893008,-9.799828125806288,1.8545377720212464e-07,-5.076614124153299e-05,-9.511832701079437e-07,0.8009333473339165,-4.3018156551227314e-12,0.0,0.0,0.0,-1.8439396734160077e-15,-1.4660114057622192e-11,3.2872300483595676,-3.2902209267837987,0.0029908784242418033,-1.1988806921889664e-14,-1.466284721193862e-11
92.36,7.966016315704996e-14,-1.569999999995272,1.5700000000129724,-1.5699999999842689,-1.5700000000000145,-6.853688804392086e-18,-8.856171863963425e-13,2.6923939167893445e-12,-4.715867420439862e-12,-8.555015224825254e-14,7.398769697632291e-14,4.5145957770508975e-17,-0.007838123104801375,0.007742961176886021,-9.799853792704024,1.9328548951411022e-07,-4.293944725616884e-05,9.436467220183241e-07,0.8008310026508482,-4.301404830526917e-12,0.0,0.0,0.0,-2.457930710915231e-15,-1.4609004646424713e-11,3.2868100002761964,-3.2898004965208965,0.0029904962447109182,-1.2413235517761478e-14,-1.4611640397338833e-11
92.379,6.451603566642473e-14,-1.5699999999952254,1.5700000000128924,-1.5699999999842689,-1.5700000000000145,-6.032141274336354e-18,-7.173399522622836e-13,2.1817832439864227e-12,-3.8275094079282586e-12,-8.526341292045367e-14,7.397748505694814e-14,4.716093706905396e-17,-0.007842102820607454,0.007749141644435223,-9.799877740902826,1.805489023919831e-07,-3.5511262700574645e-05,2.57525967478522e-06,0.8005938172830689,-4.300180722851358e-12,0.0,0.0,0.0,-2.612707271882203e-15,-1.456573580623536e-11,3.285836532420757,-3.288826142958223,0.002989610537474947,-1.112100107011997e-14,-1.4569415118734038e-11
92.4,5.2249693644769456e-14,-1.5699999999951877,1.5700000000128258,-1.5699999999842689,-1.5700000000000145,-5.1831288280415225e-18,-5.810041335914242e-13,1.7599962167114199e-12,-3.0945725548333493e-12,-8.517397696934257e-14,7.396333917101161e-14,7.504252992869257e-17,-0.007844055090237641,0.0077543696383049815,-9.799899161214558,1.375872386455855e-07,-2.8715784601112394e-05,3.900412419290541e-06,0.8002729129542488,-4.2984420059879624e-12,0.0,0.0,0.0,-2.4451003190834763e-15,-1.4523774658559001e-11,3.284519461086612,-3.287507873290009,0.0029884122034089028,-1.1232983840361062e-14,-1.4527285936574436e-11
92.42,4.2314547726731256e-14,-1.5699999999951588,1.5700000000127723,-1.5699999999842689,-1.5700000000000145,-4.293453771227153e-18,-4.705476378913268e-13,1.4269755713968577e-12,-2.494881421339337e-12,-8.511794033601415e-14,7.415925794485788e-14,2.9203771792428324e-17,-0.00784444622245777,0.007758688127676107,-9.799917583801427,5.3162987317585015e-08,-2.269156737159666e-05,4.903619253586716e-06,0.7999769043583111,-4.296792155696312e-12,0.0,0.0,0.0,-2.0672729552712913e-15,-1.4493689054733184e-11,3.2833045680441804,-3.286291874880142,0.002987306835973877,-1.1819545834649934e-14,-1.4494601729076176e-11
92.44,3.42682860148082e-14,-1.5699999999951344,1.5700000000127303,-1.5699999999842689,-1.5700000000000145,-3.8322690194797496e-18,-3.811423908871482e-13,1.1606384418706734e-12,-2.0285079985371148e-12,-8.46942638060404e-14,7.412773047445265e-14,2.042037162203171e-17,-0.007843821539364654,0.007762163176844254,-9.799932818543992,-8.50213358517662e-08,-1.750293547847614e-05,5.588394616443224e-06,0.7997737066480054,-4.2956121385800504e-12,0.0,0.0,0.0,-1.5678426241133718e-15,-1.4467601747074139e-11,3.282470594004654,-3.2854571420514183,0.0029865480467761315,-1.1771513887948561e-14,-1.4469524760571312e-11
92.46,2.7747016734421967e-14,-1.5699999999951144,1.570000000012697,-1.5699999999842689,-1.5700000000000145,-3.5772378484205686e-18,-3.086256049913677e-13,9.386181609542148e-13,-1.6510201532527824e-12,-8.473483779191212e-14,7.41974779050906e-14,5.162757630562954e-17,-0.007842730133854317,0.007764872209978389,-9.7999448966724,-2.893958984939097e-07,-1.3159953188790504e-05,5.970419517191523e-06,0.7996616488033942,-4.29490579343485e-12,0.0,0.0,0.0,-1.0152370714838671e-15,-1.4447646621314946e-11,3.2820106806857985,-3.284996810281597,0.002986129595810108,-1.1660945361642695e-14,-1.4450171123102543e-11
92.48,2.2469607203942142e-14,-1.5699999999950989,1.5700000000126682,-1.5699999999842689,-1.5700000000000145,-2.5877241234334298e-18,-2.4998705007782257e-13,7.609986595383219e-13,-1.3401046384573404e-12,-8.472382838719177e-14,7.424913349221333e-14,2.192427655193019e-17,-0.007841644938412265,0.007766899984551944,-9.799954014465213,-5.711659932950837e-07,-9.631177704874675e-06,6.0741531089604565e-06,0.7996169204626865,-4.294555482254564e-12,0.0,0.0,0.0,-4.623754883717005e-16,-1.4432621264603941e-11,3.281827104429333,-3.284813066998773,0.0029859625694517496,-1.198691858448101e-14,-1.44340601685195e-11
92.5,1.819540456258e-14,-1.5699999999950855,1.570000000012646,-1.5699999999842689,-1.5700000000000145,-1.740222179247473e-18,-2.0244536769635425e-13,6.277797574875628e-13,-1.0957297509610224e-12,-8.469587192125182e-14,7.428890649397229e-14,5.667377757043887e-17,-0.007840905091311984,0.007768335947916676,-9.799960482439595,-9.383863688651053e-07,-6.8509616458677885e-06,5.931546989491958e-06,0.799618777107445,-4.29445845998644e-12,0.0,0.0,0.0,4.803725592437608e-17,-1.4419335576035957e-11,3.281834724562101,-3.2848206940647455,0.0029859695026554136,-1.1980706426416393e-14,-1.4420530396027825e-11
92.52,1.4733841561450624e-14,-1.5699999999950744,1.5700000000126282,-1.5699999999842689,-1.5700000000000145,-1.1076946166847364e-18,-1.6395922279183774e-13,4.946321459908655e-13,-8.959188547976922e-13,-8.458280904559203e-14,7.430148670154437e-14,1.708491097210913e-17,-0.007840676969720625,0.007769267018194603,-9.799964691832065,-1.3931956443381192e-06,-4.729032781908763e-06,5.5800798447241915e-06,0.7996500945007999,-4.2945309163890615e-12,0.0,0.0,0.0,4.781624146143425e-16,-1.4410879653488042e-11,3.2819632589486596,-3.284949345398053,0.0029860864494050793,-1.1178792761854417e-14,-1.4411910733982175e-11
92.54,1.1930347437321787e-14,-1.5699999999950656,1.5700000000126126,-1.5699999999842689,-1.5700000000000145,-6.586949322599041e-19,-1.3279922590943334e-13,4.057993850076618e-13,-7.181358769572024e-13,-8.4634145033649e-14,7.436517997142965e-14,-2.4657538548975897e-18,-0.007840914595209953,0.007769768083504691,-9.799967102339707,-1.928095659276387e-06,-3.1631648069950173e-06,5.060215746767944e-06,0.7996974361598702,-4.294709373960021e-12,0.0,0.0,0.0,7.900818145932671e-16,-1.4403932569384774e-11,3.282157560914931,-3.285143824149542,0.0029862632346236598,-1.0704563432701001e-14,-1.4403497624572342e-11
92.56,9.65990891285367e-15,-1.569999999995059,1.570000000012599,-1.5699999999842689,-1.5700000000000145,-2.8645101646410113e-19,-1.0754925359208256e-13,3.170013417263791e-13,-5.849408372768767e-13,-8.453035974630813e-14,7.43626450286728e-14,-5.5959612163437134e-18,-0.007841316460549376,0.007769894905511224,-9.799968244563521,-2.5213626958277583e-06,-2.0500692014379754e-06,4.414132911646202e-06,0.7997508058319633,-4.294950278223103e-12,0.0,0.0,0.0,9.41660584191523e-16,-1.4400035010864088e-11,3.2823766033488138,-3.2853630658786837,0.0029864625298817588,-1.0741106365781367e-14,-1.4399714881510528e-11
92.58,7.820266996176392e-15,-1.5699999999950545,1.5700000000125904,-1.5699999999842689,-1.5700000000000145,4.1708554256242587e-19,-8.718392715431304e-14,2.7251423976360604e-13,-4.73849472234657e-13,-8.443189360951659e-14,7.426896318325891e-14,4.010490074192911e-18,-0.007841293199217912,0.007769681986887368,-9.799968731608935,-3.1317340032997707e-06,-1.2926947675262352e-06,3.68621206957985e-06,0.7998032214216698,-4.295228421165339e-12,0.0,0.0,0.0,8.836205163689031e-16,-1.439510703541781e-11,3.2825917299908243,-3.285578388253174,0.0029866582623620536,-1.1527137254856845e-14,-1.4396265722789716e-11
92.6,6.330283397876542e-15,-1.56999999999505,1.5700000000125816,-1.5699999999842689,-1.5700000000000145,8.644226032618084e-19,-7.05616352387671e-14,2.281876123991622e-13,-3.8502986144853833e-13,-8.445193320002075e-14,7.431647850766344e-14,2.411529994395631e-17,-0.00783996650384569,0.007769145761492426,-9.799969276629414,-3.6926124093024247e-06,-8.044419366772484e-07,2.924436745897089e-06,0.7998502130976813,-4.295534644013625e-12,0.0,0.0,0.0,5.582627649839609e-16,-1.4391160127931387e-11,3.282784595539409,-3.285771429280032,0.002986833740637058,-1.1816821082902374e-14,-1.4390690666378298e-11
92.62,5.106212624231239e-15,-1.5699999999950456,1.570000000012575,-1.569999999984269,-1.5700000000000145,1.6823313192740088e-18,-5.797577218464848e-14,1.8599482774053871e-13,-2.9626575007034214e-13,-8.226341198148745e-14,7.437625179700848e-14,-5.2435823270949105e-17,-0.0078363605933312,0.007768313006994053,-9.799970656080779,-4.147646889124268e-06,-5.109641561864781e-07,2.176078310117821e-06,0.7998893183602969,-4.2958730845588964e-12,0.0,0.0,0.0,-9.965784795198423e-17,-1.439016206897999e-11,3.282945093282128,-3.28593207305126,0.00298697976914389,-1.1013464591405835e-14,-1.4391238587919794e-11
92.64,4.133921345737192e-15,-1.5699999999950411,1.5700000000125705,-1.569999999984269,-1.5700000000000145,1.4152205321514897e-18,-4.6025807080849374e-14,1.393424926551054e-13,-2.5182480627134976e-13,-8.216370883300277e-14,7.446169448578769e-14,-8.318077109731633e-18,-0.007829924004404945,0.007767293622954392,-9.79997355222828,-4.568458198743702e-06,-3.5083490137243564e-07,1.4713378470303587e-06,0.7999196215867449,-4.296258075035202e-12,0.0,0.0,0.0,-1.1593307302810713e-15,-1.4387187975363356e-11,3.283069465274974,-3.2860565582036823,0.002987092928721515,-1.125399176651146e-14,-1.4390389911211236e-11
92.66,3.3465047686112066e-15,-1.569999999995039,1.570000000012566,-1.569999999984269,-1.5700000000000145,1.2005883346749621e-18,-3.7244736848954196e-14,9.495105606893036e-14,-2.073973419757731e-13,-8.21373604823647e-14,7.445850804048435e-14,4.9456807775070285e-18,-0.007820857547334763,0.007766322996711675,-9.79997842906568,-5.2281627186631995e-06,-2.7580023874245253e-07,8.107504472466997e-07,0.7999413651493208,-4.296710664525241e-12,0.0,0.0,0.0,-2.686921229761724e-15,-1.4388258537835654e-11,3.2831587062742362,-3.286145880398665,0.0029871741244401856,-1.1714342250348038e-14,-1.4391922383719172e-11
92.68,2.709103343795204e-15,-1.569999999995039,1.5700000000125616,-1.569999999984269,-1.5700000000000145,1.131674450062871e-18,-3.016829763492492e-14,9.492335547129255e-14,-1.6297597734374425e-13,-8.211212544225562e-14,7.446635275382089e-14,-9.357260804559553e-18,-0.007809757798113352,0.007765704737774335,-9.799985609744532,-6.507060915303406e-06,-2.500618604978777e-07,1.7410274940409197e-07,0.7999556432761256,-4.297254639173567e-12,0.0,0.0,0.0,-4.734575010779514e-15,-1.4389989989741476e-11,3.28321730726472,-3.2862045347071187,0.0029872274424110135,-1.0657222717656451e-14,-1.4394546938917107e-11
92.7,2.192925639382108e-15,-1.569999999995039,1.5700000000125571,-1.569999999984269,-1.5700000000000145,9.853868449793973e-19,-2.4452742339871656e-14,9.494585422948449e-14,-1.1852772900937778e-13,-8.221343670593235e-14,7.456030926398849e-14,-2.5830865632603048e-17,-0.007797126950609273,0.00776573547135793,-9.799995397962059,-8.757283497407518e-06,-2.4848388649958234e-07,-4.6239252039682475e-07,0.7999641777558133,-4.297911848428351e-12,0.0,0.0,0.0,-7.324784643365021e-15,-1.4389435819509668e-11,3.2832523348961344,-3.2862395942083427,0.0029872593122211777,-1.0899715207112792e-14,-1.439711585961226e-11
92.72,1.7752407613607473e-15,-1.569999999995039,1.5700000000125571,-1.569999999984269,-1.5700000000000145,9.829566622689836e-19,-1.9846448687739887e-14,9.496376281244041e-14,-9.6294982478276e-14,-8.213637087280598e-14,7.45981166322961e-14,-6.410394321667625e-17,-0.0077832736848895846,0.007766684985811953,-9.800008073389378,-1.2248054433889955e-05,-2.544873248032932e-07,-1.116590298321742e-06,0.7999691656043701,-4.298696621482982e-12,0.0,0.0,0.0,-1.0429672353679553e-14,-1.4390107725856846e-11,3.283272806269572,-3.286260084207611,0.002987277938051163,-1.1437161716094632e-14,-1.4401247913559447e-11
92.74,1.4368131052203294e-15,-1.569999999995039,1.5700000000125571,-1.569999999984269,-1.5700000000000145,7.89831940284863e-19,-1.6033491127620243e-14,9.494874416419413e-14,-9.634039108474005e-14,-8.203951285142619e-14,7.457691351654005e-14,-3.08493309886362e-17,-0.007768414520088441,0.007768798029758673,-9.80002380596717,-1.714393065304529e-05,-2.58096196785338e-07,-1.7951190793140968e-06,0.7999731821351989,-4.299609082153718e-12,0.0,0.0,0.0,-1.3945066840692744e-14,-1.4393427231542464e-11,3.2832892911130003,-3.2862765840497343,0.0029872929367459685,-1.1325822690679618e-14,-1.4408526891622424e-11
92.76,1.1629228780984934e-15,-1.569999999995039,1.5700000000125571,-1.569999999984269,-1.5700000000000145,7.453023040612684e-19,-1.2937786777425502e-14,9.495421313494325e-14,-9.627773775043336e-14,-8.225537140475182e-14,7.452837114682506e-14,2.1875703213891368e-17,-0.007752790931426249,0.0077722870526189935,-9.800042539394656,-2.347070394760288e-05,-2.542299000235377e-07,-2.487757315577013e-06,0.7999791178131668,-4.300627251642705e-12,0.0,0.0,0.0,-1.7659785096590463e-14,-1.439461365584337e-11,3.283313652614541,-3.286300967716527,0.002987315101998315,-1.1933772933420766e-14,-1.4413872120364037e-11
92.78,9.411551087117822e-16,-1.569999999995039,1.5700000000125571,-1.569999999984269,-1.5700000000000145,7.212503735968594e-19,-1.0469711003284022e-14,9.494621083588705e-14,-9.625891162834149e-14,-8.212993841156933e-14,7.454887642438814e-14,1.2750730273747285e-17,-0.007736799058550599,0.0077773133905938725,-9.800063843124253,-3.1067548698000426e-05,-2.4128645150816217e-07,-3.1614823852631156e-06,0.7999901232967589,-4.301697977672623e-12,0.0,0.0,0.0,-2.122132198036756e-14,-1.4398285205954127e-11,3.283358821861743,-3.2863461780608616,0.0029873561991305988,-1.1284444894895559e-14,-1.4420661145624761e-11
92.8,7.613220802678717e-16,-1.569999999995039,1.5700000000125571,-1.569999999984269,-1.5700000000000145,4.683163007472958e-19,-8.551640445699754e-15,9.503656053487939e-14,-9.633451733464372e-14,-8.203295668901895e-14,7.458227361883695e-14,-3.9103338242411167e-17,-0.007721128581649797,0.007783954796361828,-9.800086734529602,-3.952545313191753e-05,-2.2002143058604416e-07,-3.7543573643387754e-06,0.8000095338601448,-4.302726956786848e-12,0.0,0.0,0.0,-2.4100245149999948e-14,-1.4400751378510918e-11,3.2834384876509506,-3.2864259163337963,0.002987428682856922,-1.1358864312184854e-14,-1.4425828631565378e-11
92.82,7.502245585335988e-16,-1.5699999999950394,1.5700000000125565,-1.56999999998427,-1.5700000000000145,2.9844033072335334e-17,-5.9216542817176605e-15,9.804704442145546e-14,-9.198952376267395e-14,-7.51531300696033e-14,7.695954702800372e-14,-5.646836000389276e-16,-0.0077069057957665065,0.007792157800640847,-9.800109476765051,-4.8113909418483504e-05,-1.9269968908422327e-07,-4.169644549486706e-06,0.8000407418725646,-4.303590690343597e-12,0.0,0.0,0.0,-2.5666117063022332e-14,-1.4404085898491718e-11,3.2835665731108903,-3.2865541183319844,0.0029875452211063328,-1.1115370769442422e-14,-1.4429840837919577e-11
92.84,6.232556606843246e-16,-1.5699999999950394,1.5700000000125565,-1.56999999998427,-1.5700000000000145,1.506985938672943e-17,-5.2347600748715276e-15,1.0099264389184741e-13,-8.60403938787069e-14,-6.706183610160934e-14,7.722025923456449e-14,-8.504321318306626e-16,-0.007695686826066896,0.007801704529018064,-9.800129598380835,-5.579585898132535e-05,-1.6237588800884603e-07,-4.28625717896616e-06,0.80008698441611,-4.304196136749642e-12,0.0,0.0,0.0,-2.5488984939289082e-14,-1.4407622356409192e-11,3.2837563640331413,-3.286744081935058,0.0029877179019278327,-1.1527648867247631e-14,-1.4434177271338255e-11
92.86,5.263890113010485e-16,-1.5699999999950394,1.5700000000125565,-1.56999999998427,-1.5700000000000145,2.5984543647024237e-18,-4.965598927247329e-15,1.0113478980722274e-13,-8.671278765527179e-14,-6.837096565505001e-14,7.626642387403956e-14,-5.206430210917661e-16,-0.0076889923877216226,0.007812195055118746,-9.800144578390487,-6.151178490187027e-05,-1.3208551562929285e-07,-4.010754208589983e-06,0.8001510129754242,-4.304526599829581e-12,0.0,0.0,0.0,-2.354397879171842e-14,-1.4405797420516025e-11,3.284019153196354,-3.2870071101963574,0.002987957000014586,-1.1518655717469822e-14,-1.4429607903130682e-11
92.88,4.3083872453360063e-16,-1.5699999999950394,1.5700000000125565,-1.56999999998427,-1.5700000000000145,-3.2948124659878947e-18,-4.683922715626214e-15,1.0163874211450261e-13,-8.734120361059148e-14,-6.974479092382618e-14,7.563916370766167e-14,-2.1130982944134042e-16,-0.007687566333585805,0.007822976007182743,-9.80015286015322,-6.45976642714362e-05,-1.0410713708469625e-07,-3.3384144722515604e-06,0.8002346142886992,-4.304625683857272e-12,0.0,0.0,0.0,-2.010412333898035e-14,-1.4408173138294913e-11,3.2843622738193026,-3.2873505430067933,0.002988269187501329,-1.0930369643774506e-14,-1.442898801274861e-11
92.9,3.477657723908348e-16,-1.5699999999950394,1.5700000000125565,-1.56999999998427,-1.5700000000000145,-6.09473823573106e-18,-4.289818287064686e-15,1.016435359263026e-13,-8.77236751069277e-14,-7.051668626654376e-14,7.501348574773146e-14,-3.5154161380160106e-17,-0.0076910860558400814,0.007833124898822413,-9.800154218863234,-6.49410682922447e-05,-7.971472156350469e-08,-2.3563637152131e-06,0.8003379570844067,-4.304599858312798e-12,0.0,0.0,0.0,-1.575853559442971e-14,-1.4405333333020397e-11,3.284786418405698,-3.2877750735001268,0.0029886550944399357,-1.2231832136064364e-14,-1.4421447290065414e-11
92.92,2.7551242682869463e-16,-1.5699999999950394,1.5700000000125565,-1.56999999998427,-1.5700000000000145,-7.17985708198265e-18,-3.427968351748033e-15,1.0150286171409073e-13,-8.803385429444607e-14,-7.104625100395254e-14,7.508676956829226e-14,-1.0808910925705464e-17,-0.007698507731873296,0.007841669498569414,-9.800149396256096,-6.283693450784367e-05,-5.937618426936084e-08,-1.1969085318135413e-06,0.8004587500117424,-4.3046195435004615e-12,0.0,0.0,0.0,-1.1444073756065924e-14,-1.4406288656881277e-11,3.2852821826808274,-3.2882712888452006,0.0029891061643844983,-1.1042719666371218e-14,-1.4418443680824574e-11
92.94,2.1604850449501023e-16,-1.5699999999950394,1.5700000000125565,-1.56999999998427,-1.5700000000000145,-7.355464270865152e-18,-2.889890845505872e-15,1.0157626398544829e-13,-8.78835465356992e-14,-7.092428164359552e-14,7.497289021289361e-14,-1.1916778321925807e-17,-0.007708541747390123,0.007847891564450274,-9.800139636811855,-5.879443973690869e-05,-4.3040650281430676e-08,4.7282526896932705e-09,0.800591213303566,-4.304810726583812e-12,0.0,0.0,0.0,-7.938872468053457e-15,-1.4408529114931582e-11,3.2858258450400415,-3.288815445854318,0.0029896008142863634,-1.1318126780818305e-14,-1.441646798739925e-11
92.96,1.6805325641209146e-16,-1.5699999999950394,1.5700000000125565,-1.56999999998427,-1.5700000000000145,-7.048690430003498e-18,-2.2481397037796475e-15,1.0098419831585809e-13,-8.862092808560119e-14,-7.181332200048656e-14,7.48559536978847e-14,3.523055617554502e-17,-0.007719937849781504,0.007851476166605495,-9.800126384693941,-5.3400892124128e-05,-3.0362890899341364e-08,1.132270851179167e-06,0.8007248924017849,-4.305143724934485e-12,0.0,0.0,0.0,-5.3563634455612425e-15,-1.440839978460823e-11,3.2863744973716837,-3.2893645973759758,0.002990100004301325,-1.035849626937832e-14,-1.4414556232944142e-11
92.98,1.2872608925831555e-16,-1.5699999999950394,1.5700000000125565,-1.56999999998427,-1.5700000000000145,-6.063514546441298e-18,-2.036318664105245e-15,1.0044229944549661e-13,-8.881370757576598e-14,-7.212183273508764e-14,7.47489837617217e-14,4.017879650836123e-17,-0.007731615149209795,0.007852479910643114,-9.800111074737382,-4.722878615495097e-05,-2.0855463358828454e-08,2.0984436023423932e-06,0.8008433776716983,-4.305452794461244e-12,0.0,0.0,0.0,-3.2890707017898847e-15,-1.4407478573391101e-11,3.286860790445691,-3.289851332902574,0.0029905424568946967,-1.1257737127533894e-14,-1.4411478935898106e-11
93.0,9.80797729873882e-17,-1.5699999999950394,1.5700000000125565,-1.56999999998427,-1.5700000000000145,-4.870072898417006e-18,-1.490249446880288e-15,1.0047881634879517e-13,-8.89587440203224e-14,-7.237467793977515e-14,7.467690142045135e-14,7.502497674250387e-17,-0.00774272356776339,0.007851202280261475,-9.8000949696757,-4.0774218835082284e-05,-1.397780267104135e-08,2.8483402725638426e-06,0.8009230418433968,-4.305523507513454e-12,0.0,0.0,0.0,-1.2730288398857407e-15,-1.4408249002339145e-11,3.2871877520584865,-3.2901785920006166,0.0029908399421385195,-1.0922847474214937e-14,-1.4410411234380641e-11
93.02,7.246846143510466e-17,-1.5699999999950394,1.5700000000125565,-1.56999999998427,-1.5700000000000145,-3.586873055771153e-18,-1.1037169531835628e-15,1.0059075561012483e-13,-8.903013267527132e-14,-7.256146671634748e-14,7.46646718090392e-14,5.199857053267233e-17,-0.007752667602103659,0.007848060955119853,-9.8000790651369,-3.442571689603084e-05,-9.192070351071681e-09,3.357884189497984e-06,0.8009319666508371,-4.305179743732839e-12,0.0,0.0,0.0,7.526987043339072e-16,-1.440834382270121e-11,3.2872243816922646,-3.2902152549617782,0.002990873269526003,-1.0964773001622321e-14,-1.4406968674819116e-11
93.04,5.147661847129103e-17,-1.5699999999950394,1.5700000000125565,-1.56999999998427,-1.5700000000000145,-2.3418819863606382e-18,-9.329294938539106e-16,1.0027762437185276e-13,-8.919203732520228e-14,-7.259301051628025e-14,7.458909703636281e-14,6.739689373660063e-17,-0.007761092363715919,0.007843515156779904,-9.800064078698329,-2.846217107596271e-05,-6.003194877810862e-09,3.6286940535816757e-06,0.8008293018132695,-4.304305247336355e-12,0.0,0.0,0.0,2.3163315172372518e-15,-1.4403016865590941e-11,3.286803019615025,-3.2897935095092605,0.0029904898942467104,-1.1505835858379683e-14,-1.440141181337705e-11
93.059,3.5502971180503757e-17,-1.5699999999950394,1.5700000000125565,-1.56999999998427,-1.5700000000000145,-1.4011455461690202e-18,-7.099334932920761e-16,1.0024074062046657e-13,-8.925408822359017e-14,-7.275332724108914e-14,7.462594940017385e-14,3.476662365718853e-17,-0.007767844881149546,0.007838018431866607,-9.80005048157837,-2.3065508624256113e-05,-3.983147983820593e-09,3.6813447659699598e-06,0.8005918604654096,-4.302879572933025e-12,0.0,0.0,0.0,2.9408401781514286e-15,-1.4400112891778732e-11,3.285828501153521,-3.288818104384456,0.002989603230947709,-1.1165437398245719e-14,-1.4397883120013642e-11
93.08,2.4271174960923965e-17,-1.5699999999950394,1.5700000000125565,-1.56999999998427,-1.5700000000000145,-4.696666284973265e-19,-2.4891616662296536e-16,1.0046310917263564e-13,-8.9370358353587e-14,-7.275011101035611e-14,7.455034373664426e-14,7.712534610247787e-17,-0.007772929786882108,0.007831984861977758,-9.800038536744644,-1.833582317064612e-05,-2.779954957694098e-09,3.5486532166073007e-06,0.8002707501554487,-4.301173834952815e-12,0.0,0.0,0.0,2.6760903698385344e-15,-1.4394582072545202e-11,3.28451058442143,-3.287498988548967,0.0029884041275495352,-1.0319943910205299e-14,-1.4392883309089006e-11
93.1,1.4921639686002768e-17,-1.5699999999950394,1.5700000000125565,-1.56999999998427,-1.5700000000000145,6.221784825656789e-20,-6.423322526501553e-17,1.0060086434357788e-13,-8.935740598159389e-14,-7.297945299184002e-14,7.460673362789642e-14,1.0867339862248914e-17,-0.007776465327124837,0.007825767899806185,-9.800028339429964,-1.430740270873569e-05,-2.11661180735828e-09,3.269749547936121e-06,0.7999745908403466,-4.299683299673386e-12,0.0,0.0,0.0,1.9832124431538056e-15,-1.4389593613834529e-11,3.283295072789974,-3.28628237098715,0.002987298197188479,-1.0350251006327832e-14,-1.4388587366621836e-11
93.12,8.750831922542932e-18,-1.5699999999950394,1.5700000000125565,-1.56999999998427,-1.5700000000000145,6.506833113209414e-19,-7.977644021677321e-17,1.0028937718188416e-13,-8.941938157550253e-14,-7.303338670473177e-14,7.461454464261859e-14,1.0985548107685805e-17,-0.007778642147768567,0.007819650950763276,-9.800019858975496,-1.0965256533650497e-05,-1.784309788904528e-09,2.885273966272789e-06,0.7997713244205684,-4.298667492921095e-12,0.0,0.0,0.0,1.4076586928819344e-15,-1.4386105141872658e-11,3.2824608167496434,-3.2854473559009483,0.0029865391513180365,-1.153033289752338e-14,-1.4384875068087145e-11
93.14,1.9887878438327163e-18,-1.5699999999950394,1.5700000000125565,-1.56999999998427,-1.5700000000000145,1.1396373979028865e-18,-3.6851582073663983e-16,9.958290618999279e-14,-8.948113125594435e-14,-7.300926497513876e-14,7.45790443205631e-14,4.964403969313135e-17,-0.007779688149376597,0.007813846255232154,-9.800012977743245,-8.26046001838381e-06,-1.6325563134938032e-09,2.4338332229395657e-06,0.7996593294905766,-4.298038201309345e-12,0.0,0.0,0.0,1.365239913542686e-15,-1.4384087894407767e-11,3.282001161648054,-3.2849872825832613,0.0029861209352196687,-1.0330148761011587e-14,-1.4383699234713236e-11
93.16,-2.3342070923172597e-18,-1.5699999999950394,1.5700000000125565,-1.56999999998427,-1.5700000000000145,1.4529831046173432e-18,-3.801923380906986e-16,9.948255102988365e-14,-8.949920433314193e-14,-7.308187756579371e-14,7.461471605090756e-14,3.932513980895434e-18,-0.007779840824882859,0.007808499089562628,-9.800007524686015,-6.123366128663429e-06,-1.55809599727743e-09,1.9496650539736334e-06,0.7996148686114221,-4.2976774916409426e-12,0.0,0.0,0.0,1.818538083878328e-15,-1.4383591005050165e-11,3.281818683120447,-3.2848046380280027,0.0029859549075662095,-1.0975282577931162e-14,-1.4382305117468679e-11
93.18,-5.655103226554243e-18,-1.5699999999950394,1.5700000000125565,-1.56999999998427,-1.5700000000000145,1.478385989353306e-18,-1.494454714517487e-16,9.977575241205199e-14,-8.94754834193096e-14,-7.319580634956372e-14,7.463108041816051e-14,-3.872478090915736e-19,-0.00777932722653365,0.007803694861489319,-9.800003302526479,-4.474271406785405e-06,-1.493952994479838e-09,1.4613520492625386e-06,0.7996172924960018,-4.297595686989705e-12,0.0,0.0,0.0,2.1684258857846673e-15,-1.4383317299180552e-11,3.28182863134679,-3.284814595305715,0.0029859639589362376,-1.098588146585652e-14,-1.438168152541179e-11
93.2,-7.022102495359606e-18,-1.5699999999950394,1.5700000000125565,-1.56999999998427,-1.5700000000000145,1.5826587427853021e-18,-1.348564052911408e-16,9.966300992336685e-14,-8.960786870982727e-14,-7.3015697436272e-14,7.464649885321415e-14,1.237793420176111e-17,-0.0077783509253929305,0.00779946725339982,-9.800000108443655,-3.2314981262711442e-06,-1.3994467568177322e-09,9.913768206724964e-07,0.7996495912768744,-4.297827157909052e-12,0.0,0.0,0.0,1.7979976161659925e-15,-1.438382557264689e-11,3.2819611935922786,-3.2849472781626465,0.0029860845703804377,-1.1297500744821643e-14,-1.438247146972427e-11
93.22,-8.127006767524586e-18,-1.5699999999950394,1.5700000000125565,-1.56999999998427,-1.5700000000000145,1.7613934509673133e-18,-1.3667851346473383e-16,9.953987593752697e-14,-8.960455531233944e-14,-7.307606361049368e-14,7.462208790625547e-14,1.0865961625867625e-17,-0.007777084907955315,0.007795806118990108,-9.799997748769487,-2.3170933556916036e-06,-1.2516761062211987e-09,5.562997267424956e-07,0.7996984556955402,-4.298320567937466e-12,0.0,0.0,0.0,6.176300895372917e-16,-1.4385743001155844e-11,3.282161745343393,-3.2851480123852945,0.002986267041912168,-1.0977902690192012e-14,-1.4385658077248883e-11
93.24,-8.437781364118206e-18,-1.5699999999950394,1.5700000000125565,-1.56999999998427,-1.5700000000000145,1.8081263522679254e-18,8.651099714152752e-18,9.971853810837304e-14,-8.956825854895566e-14,-7.316092261773053e-14,7.464011937351935e-14,2.107083404060316e-17,-0.007775669195339124,0.007792664341754941,-9.79999604853571,-1.660479632036722e-06,-1.0387106859819288e-09,1.673542393745643e-07,0.7997540190635517,-4.2989581854832245e-12,0.0,0.0,0.0,-1.0399346646849178e-15,-1.4387876622083926e-11,3.282389791251986,-3.2853762657809136,0.002986474528938623,-1.0980888545762369e-14,-1.4389449299943826e-11
93.26,-8.57130643007166e-18,-1.5699999999950394,1.5700000000125565,-1.56999999998427,-1.5700000000000145,1.884577910544232e-18,3.039539665404243e-17,9.981896754344629e-14,-8.95193859360162e-14,-7.324281279673994e-14,7.461977913185261e-14,-7.27330425890227e-18,-0.007774212491918938,0.007789966985494639,-9.799994856936024,-1.200447492690523e-06,-7.54516748312815e-10,-1.6873492044227472e-07,0.7998094152153042,-4.299619150565624e-12,0.0,0.0,0.0,-2.7366729750888094e-15,-1.4390088373666717e-11,3.282617150863382,-3.28560383225491,0.0029866813915392088,-1.098396791362805e-14,-1.439335782673827e-11
93.28,-8.852928465084966e-18,-1.5699999999950394,1.5700000000125565,-1.56999999998427,-1.5700000000000145,1.7683983809807278e-18,-1.4810555802511982e-17,9.963776665425179e-14,-8.957465943046548e-14,-7.317972519667404e-14,7.47314326089756e-14,-3.8701980502752943e-17,-0.007772797174819783,0.007787629338250966,-9.799994049851346,-8.858794352349917e-07,-3.952805128411758e-10,-4.489177540599921e-07,0.7998602539579885,-4.300217305213071e-12,0.0,0.0,0.0,-4.1329955248778456e-15,-1.4392089976635773e-11,3.2828258057322652,-3.285812676967929,0.0029868712356743965,-1.0997743716724539e-14,-1.439675578612252e-11
93.3,-8.687087530877433e-18,-1.5699999999950394,1.5700000000125565,-1.56999999998427,-1.5700000000000145,1.5693066627628773e-18,8.48703774543475e-18,9.959316164193157e-14,-8.957842465488757e-14,-7.311985382719254e-14,7.468837368631019e-14,-1.294254075282111e-17,-0.007771484568711259,0.007785578276330347,-9.799993530231824,-6.755606562317735e-07,4.353861835787782e-11,-6.731230178758687e-07,0.7999040857471433,-4.30075825154263e-12,0.0,0.0,0.0,-5.29966950190679e-15,-1.4393900164095548e-11,3.283005702317746,-3.285992737231888,0.0029870349141532557,-1.0034310487573067e-14,-1.4399821483950509e-11
93.32,-8.37153751733599e-18,-1.5699999999950394,1.5700000000125565,-1.56999999998427,-1.5700000000000145,1.5013091750003904e-18,2.9475216642207947e-17,9.962112764605241e-14,-8.962902927105958e-14,-7.311292656134132e-14,7.468881424994228e-14,1.3684543837663773e-17,-0.007770317343913071,0.007783761656164697,-9.799993226728862,-5.373855931632214e-07,5.696691962829267e-10,-8.436825172832435e-07,0.799939902456498,-4.3013555602650356e-12,0.0,0.0,0.0,-6.8125079229082015e-15,-1.4395898907165287e-11,3.283152703018385,-3.2861398716807653,0.0029871686623911126,-1.099176280255746e-14,-1.4403244282106622e-11
93.34,-7.752862843979339e-18,-1.5699999999950394,1.5700000000125565,-1.56999999998427,-1.5700000000000145,1.3938319449943193e-18,3.769355800054465e-17,9.956671552699785e-14,-8.960945010408638e-14,-7.31542427544047e-14,7.465264233539798e-14,-8.438431475267792e-18,-0.007769320239587331,0.007782144736038308,-9.799993091067002,-4.472171415204384e-07,1.1954428699285849e-09,-9.647556037078822e-07,0.79996770140183,-4.302117842479867e-12,0.0,0.0,0.0,-9.19225538975368e-15,-1.4398449590443179e-11,3.2832667968174656,-3.286254069287817,0.0029872724703623008,-1.0995672442625247e-14,-1.4408174731369177e-11
93.36,-7.1814985888961e-18,-1.5699999999950394,1.5700000000125565,-1.56999999998427,-1.5700000000000145,1.2718594528797865e-18,5.167011996229194e-17,9.958319283343328e-14,-8.96187125561528e-14,-7.319048719920826e-14,7.468500697531956e-14,1.5599994490159688e-17,-0.0077685018055668915,0.007780703859121663,-9.799993094729754,-3.8759579184010785e-07,1.937576614073067e-09,-1.041719077615347e-06,0.7999881249563522,-4.3030344065239575e-12,0.0,0.0,0.0,-1.2341267695877078e-14,-1.4401250003090366e-11,3.2833506201747293,-3.2863379689115617,0.002987348736845211,-1.1322570016440411e-14,-1.441403535340373e-11
93.38,-6.565126926882107e-18,-1.5699999999950394,1.5700000000125565,-1.56999999998427,-1.5700000000000145,1.134521228994448e-18,1.8131525954162648e-17,9.954268060173832e-14,-8.96435630373092e-14,-7.310525708844063e-14,7.46998410881144e-14,-8.559339689922844e-18,-0.007767857445890876,0.007779421750525127,-9.79999322527651,-3.464372482197008e-07,2.8152002931202773e-09,-1.080586621824928e-06,0.8000021775977906,-4.303989896953596e-12,0.0,0.0,0.0,-1.5629152945950942e-14,-1.4404447107239053e-11,3.2834082957170794,-3.2863956969298673,0.0029874012127999723,-1.1327731457901405e-14,-1.4420520350603277e-11
93.4,-5.947840709219154e-18,-1.5699999999950394,1.5700000000125565,-1.56999999998427,-1.5700000000000145,1.000407532050095e-18,-9.539692541827191e-19,9.955466971271383e-14,-8.965312670732898e-14,-7.312319375908973e-14,7.470188491926591e-14,-1.940637692102453e-17,-0.007767372952450273,0.007778284129331273,-9.799993482372365,-3.1580859206476085e-07,3.846170825644924e-09,-1.0875226289995058e-06,0.800011015346983,-4.304841183105515e-12,0.0,0.0,0.0,-1.8300639140394494e-14,-1.4407562054137677e-11,3.283444568042113,-3.2864320022571896,0.002987434215087399,-1.1021258718825044e-14,-1.44263956076672e-11
93.42,-5.359446679507927e-18,-1.5699999999950394,1.5700000000125565,-1.56999999998427,-1.5700000000000145,7.823103803497133e-19,4.9440825404864834e-17,9.950879049011693e-14,-8.96028986136033e-14,-7.319518784401442e-14,7.4671528359879e-14,3.361721463022032e-17,-0.007767028004322266,0.0077772773581141486,-9.799993873493406,-2.908350777322873e-07,5.041688581638955e-09,-1.0684830545272504e-06,0.8000157985500187,-4.305493122945928e-12,0.0,0.0,0.0,-1.9882672669959522e-14,-1.4409743613952738e-11,3.2834641994993348,-3.2864516515760456,0.00298745207672197,-1.1027028592415208e-14,-1.443015920419808e-11
93.44,-4.6840708906751844e-18,-1.5699999999950394,1.5700000000125565,-1.56999999998427,-1.5700000000000145,7.758984719437278e-19,2.7968479859482386e-17,9.950466677072664e-14,-8.961336593748474e-14,-7.319160050990529e-14,7.46926600824777e-14,-1.0485260277624572e-18,-0.007766799328835259,0.007776386893800457,-9.799994409184746,-2.687606273401292e-07,6.3992561411823e-09,-1.0289936344942638e-06,0.8000175971123723,-4.305912731351362e-12,0.0,0.0,0.0,-2.0269012614866172e-14,-1.4410082032617973e-11,3.2834715812474298,-3.2864590400404063,0.002987458792988951,-1.1020126593785053e-14,-1.4430706324415016e-11
93.46,-3.983889304662049e-18,-1.5699999999950394,1.5700000000125565,-1.56999999998427,-1.5700000000000145,8.124488038338889e-19,3.643358987405898e-17,9.951979731665745e-14,-8.96425087744753e-14,-7.305354999671028e-14,7.469630934127914e-14,1.2966503192889795e-17,-0.007766663380586776,0.007775596358096884,-9.799995097703572,-2.481643638471275e-07,7.894116441162757e-09,-9.740612148005239e-07,0.8000173369860798,-4.306014999634053e-12,0.0,0.0,0.0,-1.9159368545046022e-14,-1.4411668022052763e-11,3.2834705136243034,-3.286457971445906,0.0029874578216138818,-1.0955676652389545e-14,-1.4431449128964757e-11
93.48,-3.515377952116406e-18,-1.5699999999950394,1.5700000000125565,-1.56999999998427,-1.5700000000000145,8.119433997366426e-19,6.276029204520256e-18,9.949079922380255e-14,-8.963445119422631e-14,-7.308249607209263e-14,7.466427920125484e-14,-1.2587375764172865e-17,-0.007766598343985306,0.00777488773110816,-9.79999593862665,-2.2833938817395973e-07,9.471343918337385e-09,-9.081758009777256e-07,0.8000157774134836,-4.305548696298115e-12,0.0,0.0,0.0,-1.5511546027189032e-14,-1.440993056025115e-11,3.2834641127497277,-3.2864515647475097,0.002987451997793042,-1.1009818568453335e-14,-1.442597502383964e-11
93.5,-2.9953600830606366e-18,-1.5699999999950394,1.5700000000125565,-1.56999999998427,-1.5700000000000145,9.09861499904058e-19,7.961681896717368e-18,9.949171283901177e-14,-8.957932830875813e-14,-7.320693945587473e-14,7.466191609893713e-14,-5.191765665573058e-18,-0.0077665851361284075,0.00777424362501126,-9.799996914847279,-2.088687638256342e-07,1.1043297895028872e-08,-8.353039889723486e-07,0.8000135097248402,-4.304117984699557e-12,0.0,0.0,0.0,-7.666951183076113e-15,-1.4405143984412508e-11,3.283454805590434,-3.2864422491201193,0.002987443529696326,-1.099976138306343e-14,-1.4413343851646303e-11
93.52,-2.70324410728466e-18,-1.5699999999950394,1.5700000000125565,-1.56999999998427,-1.5700000000000145,7.857967351318815e-19,2.537811822464011e-17,9.949994227525321e-14,-8.9611257411821e-14,-7.312010122986335e-14,7.467163744726911e-14,2.8670937972479515e-17,-0.0077666075586211945,0.007773650348334227,-9.7999979833508,-1.8941405004448937e-07,1.2492854978436425e-08,-7.588159297815401e-07,0.8000109700561231,-4.30125674588852e-12,0.0,0.0,0.0,6.277072536295e-15,-1.4395571069353977e-11,3.283444382157143,-3.2864318162030925,0.002987434045960361,-1.09810357317614e-14,-1.4389826911176642e-11
93.54,-2.3780147137637784e-18,-1.5699999999950394,1.5700000000125565,-1.56999999998427,-1.5700000000000145,7.613222676790881e-19,3.356563177646848e-17,9.951032051288693e-14,-8.958399718703905e-14,-7.315127392639417e-14,7.466647445911365e-14,1.2822447414467e-17,-0.007766652354336616,0.007773098947329153,-9.79999906607522,-1.6965529847512104e-07,1.3677760262050719e-08,-6.814038304821681e-07,0.8000084599729003,-4.296488958182936e-12,0.0,0.0,0.0,2.81605460883704e-14,-1.437961907338478e-11,3.2834340801500965,-3.286421504822789,0.00298742467270376,-1.0950907833833691e-14,-1.435199143998332e-11
93.56,-1.754697577210513e-18,-1.5699999999950394,1.5700000000125565,-1.56999999998427,-1.5700000000000145,8.511425639708113e-19,3.421690307428143e-17,9.945502410052149e-14,-8.954762511916934e-14,-7.309548469572361e-14,7.466780932720385e-14,4.056587415089117e-17,-0.007766709744546096,0.0077725827301412,-9.800000041181654,-1.4933059752285287e-07,1.4436919910418925e-08,-6.050735841752618e-07,0.8000061705079972,-4.289423158145897e-12,0.0,0.0,0.0,5.928400191674112e-14,-1.4355267587289696e-11,3.283424683615616,-3.286412099738892,0.002987416123287419,-1.0080176316134848e-14,-1.4295983585372566e-11
93.58,-1.6386766372731384e-18,-1.5699999999950394,1.5700000000125565,-1.56999999998427,-1.5700000000000145,5.657580048576401e-19,-4.999059543766293e-18,9.956542374564719e-14,-8.94419729220173e-14,-7.30633223898344e-14,7.468945538293969e-14,-3.570912953224976e-17,-0.00776677447877731,0.007772090865630597,-9.800000737503465,-1.2841024222941255e-07,1.4611134167415503e-08,-5.31250451734689e-07,0.800004206457568,-4.2798246404530385e-12,0.0,0.0,0.0,1.0007264736047752e-13,-1.4324040476338603e-11,3.2834166226632315,-3.286404031452271,0.0029874087890511534,-1.0790957648111958e-14,-1.4224589557140611e-11
93.6,-1.5119540181238633e-18,-1.5699999999950394,1.5700000000125565,-1.56999999998427,-1.5700000000000145,4.642420339156669e-19,9.44034158451346e-18,9.947184443035589e-14,-8.960613670662016e-14,-7.307000225342843e-14,7.470986971791393e-14,7.824081099752814e-18,-0.007766846198088738,0.007771606593917708,-9.80000097331512,-1.0732374991059199e-07,1.4103176813476202e-08,-4.609803013981263e-07,0.8000026088911111,-4.267579950438185e-12,0.0,0.0,0.0,1.5030652996956665e-13,-1.4283071065639175e-11,3.2834100658524012,-3.2863974686757422,0.002987402823352344,-1.071833109681198e-14,-1.4133386262590536e-11
93.62,-1.2311776071107357e-18,-1.5699999999950394,1.5700000000125565,-1.56999999998427,-1.5700000000000145,3.4704739624020245e-19,-2.53636806659274e-18,9.945851416459477e-14,-8.957262620930726e-14,-7.313210024415533e-14,7.46936521333049e-14,-1.2551369212493893e-17,-0.007766927276339455,0.007771120268172539,-9.800000668972823,-8.693515366011706e-08,1.295934824296037e-08,-3.9511537252703253e-07,0.8000013747076886,-4.2526836332552654e-12,0.0,0.0,0.0,2.092566947721235e-13,-1.4232340945191747e-11,3.283405000456102,-3.2863923986707024,0.002987398214613117,-1.0048829771154987e-14,-1.402406124835977e-11
93.64,-9.832864998022205e-19,-1.5699999999950394,1.5700000000125565,-1.56999999998427,-1.5700000000000145,3.6506153928130914e-19,-1.418371687382853e-17,9.95361530235491e-14,-8.964318651489074e-14,-7.307111556404788e-14,7.468606879881852e-14,1.9395145126625162e-18,-0.007767019188436937,0.007770640832564419,-9.79999991447847,-6.818445721080425e-08,1.1372619758487314e-08,-3.343794642938632e-07,0.8000004727267032,-4.235382853675191e-12,0.0,0.0,0.0,2.7507428829205135e-13,-1.4174453280269335e-11,3.2834012985013925,-3.2863886933477784,0.0029873948463983095,-9.950321226146104e-15,-1.3900355988815893e-11
93.66,-8.4507596978433e-19,-1.5699999999950394,1.5700000000125565,-1.56999999998427,-1.5700000000000145,2.3706343723795817e-19,1.0071008873092871e-18,9.946882987752009e-14,-8.965915106642117e-14,-7.299429713330799e-14,7.465211223201722e-14,2.5140392177609685e-18,-0.007767120695315694,0.007770187061820262,-9.799998890102467,-5.173983606664564e-08,9.580953704378907e-09,-2.7933072936616885e-07,0.7999998562634838,-4.216415938374149e-12,0.0,0.0,0.0,3.4377030447958053e-13,-1.411099004133601e-11,3.283398768382748,-3.286386160927111,0.002987392544375743,-9.845080138432788e-15,-1.3768196732942188e-11
93.68,-5.795679397978881e-19,-1.5699999999950394,1.5700000000125565,-1.56999999998427,-1.5700000000000145,2.292710904183428e-19,1.9296036067941808e-17,9.947435673749945e-14,-8.963527954361516e-14,-7.307519770288793e-14,7.469744158624376e-14,-1.638005318230559e-17,-0.007767228464326,0.007769773824820215,-9.79999775836968,-3.7909286660264476e-08,7.777012549825434e-09,-2.303070848903958e-07,0.7999994724401568,-4.197271768748501e-12,0.0,0.0,0.0,4.081369960005066e-13,-1.4046932624718515e-11,3.2833971930761954,-3.28638458418727,0.0029873911110866874,-9.742813123003589e-15,-1.3639772624335029e-11
93.7,-3.959476352189857e-19,-1.5699999999950394,1.5700000000125565,-1.56999999998427,-1.5700000000000145,2.571153589500385e-19,-3.700256064941785e-17,9.943877145197833e-14,-8.960982662655351e-14,-7.311119474531151e-14,7.466915402394454e-14,-4.785329608225364e-17,-0.007767338325688437,0.007769408981414702,-9.799996633997582,-2.6714620389484195e-08,6.0904389231602105e-09,-1.8740467670663456e-07,0.799999268654714,-4.180394523469537e-12,0.0,0.0,0.0,4.569838026557962e-13,-1.3990458734319467e-11,3.2833963566899818,-3.2863837470400723,0.0029873903501025662,-9.653392610018287e-15,-1.3534451927031822e-11
93.72,-3.104736208191595e-19,-1.5699999999950394,1.5700000000125565,-1.56999999998427,-1.5700000000000145,1.7223852279192e-19,9.150707285095388e-18,9.947098439241365e-14,-8.960440470339215e-14,-7.317316903485163e-14,7.472195114428141e-14,6.707836373717706e-18,-0.007767446176960238,0.0077690953088998625,-9.799995591727802,-1.79854330252385e-08,4.599283160302371e-09,-1.5049281974691897e-07,0.7999991967078023,-4.169253610939064e-12,0.0,0.0,0.0,4.750914542301336e-13,-1.3953176420660543e-11,3.283396061401944,-3.286383451483367,0.0029873900814353874,-9.609284200411223e-15,-1.3479061961710696e-11
93.74,-4.397416549546234e-19,-1.5699999999950394,1.5700000000125565,-1.56999999998427,-1.5700000000000145,-1.129805689726724e-19,6.826033355281099e-18,9.947543960061355e-14,-8.955380008722206e-14,-7.328029425389257e-14,7.468132347681132e-14,-6.27464032303534e-18,-0.0077675485155464016,0.007768832140328006,-9.799994674590986,-1.1435725538735678e-08,3.3416122456064243e-09,-1.1925192174491332e-07,0.7999992150957702,-4.168384760450896e-12,0.0,0.0,0.0,4.4334250794674115e-13,-1.3950261632757218e-11,3.283396136870748,-3.286383527020836,0.002987390150100531,-9.63224558604177e-15,-1.350789612011322e-11
93.76,-3.699856685291023e-19,-1.5699999999950394,1.5700000000125565,-1.56999999998427,-1.5700000000000145,-1.4446885240076328e-19,-5.287750191664154e-18,9.948683817662063e-14,-8.964808130663465e-14,-7.313915121127165e-14,7.465611381230607e-14,-2.7668729690472424e-18,-0.007767642695742191,0.007768616684843796,-9.79999390178152,-6.723012034204574e-09,2.3262566028856224e-09,-9.322165894078572e-08,0.7999992899434311,-4.183500688102773e-12,0.0,0.0,0.0,3.385262310861707e-13,-1.400082855081321e-11,3.2833964440641763,-3.286383834493764,0.0029873904295999133,-9.755981274588227e-15,-1.3663279315121182e-11
93.78,-2.1619943383400452e-19,-1.5699999999950394,1.5700000000125565,-1.56999999998427,-1.5700000000000145,-9.222832670185132e-20,1.457099353407514e-17,9.945754255239885e-14,-8.962112229980608e-14,-7.312974992184513e-14,7.467790600256077e-14,1.6665224415803934e-17,-0.007767726992889705,0.0077684450341643915,-9.799993275647077,-3.4912735158935756e-09,1.542094064896653e-09,-7.185072015357364e-08,0.7999993949894678,-4.2215387371702315e-12,0.0,0.0,0.0,1.334475579523595e-13,-1.4128089052208034e-11,3.28339687519923,-3.2863842660210856,0.0029873908218674846,-1.0020631699790484e-14,-1.3995618489778097e-11
93.8,-1.045791105267738e-19,-1.5699999999950394,1.5700000000125565,-1.56999999998427,-1.5700000000000145,-8.426819019177572e-20,-1.9611493246486122e-18,9.941585226904249e-14,-8.95937114660472e-14,-7.316178852661463e-14,7.467173681403173e-14,-3.0707107092152787e-17,-0.007767800541756364,0.00776831288022693,-9.79999278754805,-1.3999880854140877e-09,9.65601416345747e-10,-5.454269869458172e-08,0.7999995109654183,-4.290517512705948e-12,0.0,0.0,0.0,-2.0209958716910481e-13,-1.4358873110426576e-11,3.2833973511933254,-3.286384742448263,0.00298739125495021,-1.0471616220061314e-14,-1.4561949693259726e-11
93.82,3.741102168146218e-20,-1.5699999999950394,1.5700000000125565,-1.56999999998427,-1.5700000000000145,7.262735242604014e-20,1.7294687839936998e-17,9.943827815368873e-14,-8.959220537628028e-14,-7.318393103724773e-14,7.464501558060503e-14,3.6345565849839753e-17,-0.0077678632009853124,0.00776821597990725,-9.799992422521704,-1.4185615238199492e-10,5.666375291142773e-10,-4.069521163800524e-08,0.7999996246356147,-4.399177064323547e-12,0.0,0.0,0.0,-6.994440444854826e-13,-1.472242497547528e-11,3.2833978177239707,-3.2863852094033796,0.002987391679422965,-1.1157170825694178e-14,-1.5422846015763602e-11
93.84,8.621557932132711e-20,-1.5699999999950394,1.5700000000125565,-1.56999999998427,-1.5700000000000145,8.044754982234414e-20,9.643122000392818e-18,9.94414563488114e-14,-8.96083958412753e-14,-7.309536099472466e-14,7.46376338967092e-14,2.8309428400288657e-17,-0.0077679153817087395,0.0077681504063476185,-9.799992162805765,5.481110174336418e-10,3.125756823413716e-10,-2.9731134449161633e-08,0.7999997276967903,-4.556263084794108e-12,0.0,0.0,0.0,-1.3876125216481685e-12,-1.5248008286302855e-11,3.2833982407124753,-3.28638563277674,0.0029873920642794014,-1.212371369026534e-14,-1.663659780387969e-11
93.86,7.751956647064467e-20,-1.5699999999950394,1.5700000000125565,-1.56999999998427,-1.5700000000000145,-1.4674285359573045e-20,6.4300064053142755e-18,9.949937017449345e-14,-8.96304600563616e-14,-7.316215963014908e-14,7.466406005286767e-14,-1.3511562005584397e-18,-0.007767957866741743,0.007768112625338686,-9.799991990347822,8.896402281589197e-10,1.709939365325108e-10,-2.1122053201723622e-08,0.7999998156760721,-4.769281758859946e-12,0.0,0.0,0.0,-2.287633654192875e-12,-1.5960740057726754e-11,3.2833986018010437,-3.286385994193845,0.002987392392816773,-1.3407991835551962e-14,-1.8249350707955695e-11
93.88,1.2679853044471216e-19,-1.5699999999950394,1.5700000000125565,-1.56999999998427,-1.5700000000000145,1.4864251533626408e-20,1.7135457150449173e-17,9.94701508735224e-14,-8.962812561722287e-14,-7.317762227723983e-14,7.462909037309789e-14,1.5154994038992436e-17,-0.007767991637313194,0.007768099431548632,-9.79999188846199,1.058178879088753e-09,1.1117803429417573e-10,-1.440476214033147e-08,0.7999998869164522,-5.042770948726877e-12,0.0,0.0,0.0,-3.40496217881652e-12,-1.6875806359360678e-11,3.283398894188895,-3.286386286847725,0.002987392658847429,-1.5026442089963935e-14,-2.028174553430021e-11
93.9,1.1093259727533334e-19,-1.5699999999950394,1.5700000000125565,-1.56999999998427,-1.5700000000000145,-2.791045060911036e-20,-3.910261349810085e-18,9.94725118277118e-14,-8.964838252458874e-14,-7.31955589478641e-14,7.468761968247409e-14,7.824117851128937e-19,-0.007768017717176161,0.007768107774910502,-9.799991842802589,1.1879613684079528e-09,1.0470602003552548e-10,-9.191973050502012e-09,0.7999999416998513,-5.376155290481914e-12,0.0,0.0,0.0,-4.720504311744459e-12,-1.7991285738173962e-11,3.2833991190331027,-3.2863865118965077,0.0029873928634241063,-1.696232945800613e-14,-2.2712767046108275e-11
93.92,7.100895074958542e-20,-1.5699999999950394,1.5700000000125565,-1.56999999998427,-1.5700000000000145,-1.4016768764558363e-19,6.97375583714344e-19,9.948419737051733e-14,-8.963859294110346e-14,-7.310340157121394e-14,7.463421512636355e-14,4.6633209370402965e-18,-0.007768037059508401,0.007768134630840285,-9.799991841882793,1.3760220496718572e-09,1.253269978018863e-10,-5.176448189358609e-09,0.7999999815288598,-5.7610870560432745e-12,0.0,0.0,0.0,-6.179907310968459e-12,-1.9279251986476794e-11,3.2833992825006852,-3.2863866755128215,0.0029873930121577606,-1.9150133009456852e-14,-2.546013629368367e-11
93.94,9.545584703623453e-20,-1.5699999999950394,1.5700000000125565,-1.56999999998427,-1.5700000000000145,-2.081563444635007e-20,-5.267886955990645e-18,9.94695493428027e-14,-8.963686093787147e-14,-7.312208044889784e-14,7.469402562405766e-14,4.586510034870195e-18,-0.00776805052548003,0.007768177180331064,-9.79999187741005,1.687170999425747e-09,1.4821607742112482e-10,-2.124763691129055e-09,0.8000000085679296,-6.178222563849916e-12,0.0,0.0,0.0,-7.681031948610126e-12,-2.0674988208139863e-11,3.2833993934751224,-3.2863867865882304,0.0029873931131308177,-2.1456980747331725e-14,-2.8356997153021354e-11
93.96,1.015827363357384e-19,-1.5699999999950394,1.5700000000125565,-1.56999999998427,-1.5700000000000145,-2.172435033720564e-20,2.961359401717264e-17,9.94638502165061e-14,-8.961411898239017e-14,-7.316883949369491e-14,7.463996729684033e-14,3.08285688551246e-17,-0.007768058947655391,0.0077682331647852985,-9.799991944472021,2.1601301007126336e-09,1.4870645640763948e-10,1.3840036022003646e-10,0.8000000252317158,-6.5934675874097585e-12,0.0,0.0,0.0,-9.059890547569424e-12,-2.2064424068444123e-11,3.2833994618668134,-3.2863868550421476,0.002987393175359921,-2.3661447637049624e-14,-3.1125291612305187e-11
93.98,9.299851724402904e-20,-1.5699999999950394,1.5700000000125565,-1.56999999998427,-1.5700000000000145,-1.6341237703800642e-20,-1.4691537003176553e-17,9.943594522782285e-14,-8.961306471955329e-14,-7.320830016906588e-14,7.466220480318206e-14,1.0567201284079585e-17,-0.007768063190498599,0.007768300928203146,-9.799992041374882,2.8137650689930756e-09,1.008244362478353e-10,1.7462997130055254e-09,0.8000000339008523,-6.9538411451406225e-12,0.0,0.0,0.0,-1.007582179806468e-11,-2.327029601382491e-11,3.283399497446554,-3.2863868906542617,0.002987393207734541,-2.5430728929609768e-14,-3.3347094808191754e-11
94.0,1.3933415248636148e-20,-1.5699999999950394,1.5700000000125565,-1.56999999998427,-1.5700000000000145,-1.561940484205845e-19,-6.463548843099849e-18,9.94123900177552e-14,-8.95751865619139e-14,-7.325406960444914e-14,7.469249547780148e-14,-1.6148103447504008e-17,-0.007768064154228842,0.007768379095395929,-9.79999216912085,3.6517682446844856e-09,-2.39391952398491e-11,2.7998704820569664e-09,0.8000000367429131,-7.1961721323576015e-12,0.0,0.0,0.0,-1.0458284168311947e-11,-2.4081242836780498e-11,3.283399509110706,-3.286386902329026,0.002987393218348473,-2.6381072582677094e-14,-3.454050400139805e-11
94.02,-8.897467948558268e-20,-1.5699999999950394,1.5700000000125565,-1.56999999998427,-1.5700000000000145,-2.400431328301837e-19,-2.1810913083651054e-17,9.941292158549635e-14,-8.956479454252171e-14,-7.320718685847544e-14,7.468101965090149e-14,-2.02880850316654e-17,-0.007768062741415283,0.007768466202047303,-9.79999233068885,4.664972765722985e-09,-2.572763675042798e-10,3.3723270253729356e-09,0.8000000356161182,-7.282908267397393e-12,0.0,0.0,0.0,-1.0078002128269895e-11,-2.4371613250192172e-11,3.2833995044859248,-3.2863868977000377,0.0029873932141405266,-2.630947355137926e-14,-3.44505923747663e-11
94.04,-6.177737693498969e-20,-1.5699999999950394,1.5700000000125565,-1.56999999998427,-1.5700000000000145,-2.0573545366997825e-19,-1.1440744823695808e-17,9.947206003286413e-14,-8.96275231813162e-14,-7.313036842773753e-14,7.470175142074634e-14,-1.6585639234879606e-17,-0.007768059812748506,0.007768560408143724,-9.79999253018178,5.831279887627413e-09,-6.338472959097007e-10,3.5117071666757357e-09,0.8000000320326149,-7.229143504191732e-12,0.0,0.0,0.0,-9.063773229577131e-12,-2.4191895396291046e-11,3.2833994897784176,-3.2863868829791474,0.002987393200757604,-2.5358701826433813e-14,-3.3256645622168065e-11
94.06,5.820509707521509e-20,-1.5699999999950394,1.5700000000125565,-1.56999999998427,-1.5700000000000145,-1.0958439433558473e-19,-7.057019976644495e-18,9.946446608478942e-14,-8.963505363015106e-14,-7.308064055469947e-14,7.465044707597006e-14,7.140974724614353e-18,-0.007768056142758352,0.007768659277149618,-9.799992771813276,7.113471823452868e-09,-1.1899145142483857e-09,3.2433407080649575e-09,0.8000000271609796,-7.081984124205443e-12,0.0,0.0,0.0,-7.685641491278737e-12,-2.369968504256327e-11,3.283399469784239,-3.2863868629667765,0.0029873931825638625,-2.3869298405004177e-14,-3.1386303530135996e-11
94.08,-4.242986057076727e-20,-1.5699999999950394,1.5700000000125565,-1.56999999998427,-1.5700000000000145,-1.105392430121066e-19,3.983225198832321e-18,9.944304620098751e-14,-8.962473691524733e-14,-7.308051685352272e-14,7.469318921179019e-14,1.1850524116029576e-17,-0.007768052380083251,0.0077687596111183236,-9.799993058697003,8.455352594322719e-09,-1.960516818442096e-09,2.5735689286140728e-09,0.8000000218545538,-6.886638182928381e-12,0.0,0.0,0.0,-6.184282027415702e-12,-2.3046231408126374e-11,3.283399448005645,-3.2863868411683677,0.0029873931627462593,-2.2153363114002492e-14,-2.9231490431829645e-11
94.1,1.2071558785041552e-19,-1.5699999999950394,1.5700000000125565,-1.56999999998427,-1.5700000000000145,1.1477904575908617e-19,-2.2800824784933783e-18,9.94498742215015e-14,-8.963927068149864e-14,-7.314236744187834e-14,7.469941510440233e-14,1.7278942394171105e-17,-0.007768049013208807,0.007768857342011144,-9.799993391403454,9.77686764214623e-09,-2.9748747468598722e-09,1.4956298019271092e-09,0.8000000166955574,-6.676018724576995e-12,0.0,0.0,0.0,-4.72420025301158e-12,-2.2341651548681822e-11,3.283399426832163,-3.2863868199756197,0.002987393143479203,-2.0429585170547222e-14,-2.706682879797472e-11
94.12,3.032016680272216e-20,-1.5699999999950394,1.5700000000125565,-1.56999999998427,-1.5700000000000145,9.584482807988756e-20,-9.172976140411606e-18,9.941388263323697e-14,-8.956449332456838e-14,-7.314508886776586e-14,7.464406986445563e-14,1.3528831151259128e-17,-0.007768046340789591,0.00776894748814946,-9.799993766266372,1.0969128540959016e-08,-4.249755242057578e-09,-1.6611758305646314e-12,0.800000012045555,-6.472523309338714e-12,0.0,0.0,0.0,-3.407902252207755e-12,-2.1660882962917404e-11,3.283399407747708,-3.2863868008738004,0.0029873931261130307,-1.883926764468506e-14,-2.5069762211400858e-11
94.14,-1.1501591748543495e-20,-1.5699999999950394,1.5700000000125565,-1.56999999998427,-1.5700000000000145,7.913968361934662e-20,1.417050914901462e-17,9.946916600171789e-14,-8.963987311740542e-14,-7.307383698997997e-14,7.468509413649358e-14,-5.6814983547669334e-18,-0.007768044445179757,0.007769024195511056,-9.79999417345829,1.1890647555153615e-08,-5.780617795978871e-09,-1.9220277650360155e-09,0.8000000080955479,-6.289975621107841e-12,0.0,0.0,0.0,-2.289743534807326e-12,-2.105017871806289e-11,3.2833993915361765,-3.286386784647518,0.002987393111361079,-1.746252783671278e-14,-2.3340899249141135e-11
94.16,-2.6737873797905232e-20,-1.5699999999950394,1.5700000000125565,-1.56999999998427,-1.5700000000000145,6.381837800136701e-20,-1.5729448569044244e-17,9.944344668246293e-14,-8.955959853282571e-14,-7.320063069610913e-14,7.468799241733168e-14,-2.3840315971633618e-17,-0.0077680431681557615,0.007769080897528028,-9.79999459492149,1.2366624279746839e-08,-7.530548921647361e-09,-4.246473355719886e-09,0.8000000049118021,-6.1355616557086855e-12,0.0,0.0,0.0,-1.388682346881502e-12,-2.053358467659633e-11,3.283399378469528,-3.2863867715689805,0.002987393099470839,-1.6333611068276115e-14,-2.1923244019744903e-11
94.18,-1.0601009940037546e-19,-1.5699999999950394,1.5700000000125565,-1.56999999998427,-1.5700000000000145,3.7757245075202614e-20,-3.394675598066246e-17,9.94653542589156e-14,-8.957240029584498e-14,-7.314038822305072e-14,7.4710529429255e-14,-3.0882127673975613e-17,-0.007768042088595501,0.007769110645069115,-9.799995002358212,1.2193946114168352e-08,-9.417314647224552e-09,-6.9147931535014916e-09,0.8000000024752609,-6.0115876494215876e-12,0.0,0.0,0.0,-6.992173352151607e-13,-2.0118820521944276e-11,3.283399368469547,-3.2863867615599003,0.002987393090371149,-1.5454283855076175e-14,-2.0819014853423565e-11
94.2,-2.2536631308111643e-19,-1.5699999999950394,1.5700000000125565,-1.56999999998427,-1.5700000000000145,-2.111290471168987e-20,2.170162707749837e-17,9.9499434639619e-14,-8.963249327754718e-14,-7.303289190048839e-14,7.463569051267562e-14,4.6140863763145216e-17,-0.007768040501733883,0.007769106689055665,-9.799995355720291,1.1156027028619704e-08,-1.1299422351559856e-08,-9.804509856392102e-09,0.8000000007136767,-5.917042744037886e-12,0.0,0.0,0.0,-2.0059105994615982e-13,-1.9802507657370422e-11,3.283399361239712,-3.286386754323487,0.0029873930837921924,-1.48053260257774e-14,-2.0004075713578583e-11
94.22,-3.4863296809341307e-19,-1.5699999999950394,1.5700000000125565,-1.56999999998427,-1.5700000000000145,-1.1990225815233775e-19,2.3770764077141456e-17,9.949791378022089e-14,-8.953414561576377e-14,-7.303338670519524e-14,7.46169094713924e-14,1.9705455988063774e-17,-0.0077680373860434,0.007769063356153443,-9.799995604853182,9.056872870765118e-09,-1.2964322390020059e-08,-1.2708692944357381e-08,0.7999999995264908,-5.848937938724739e-12,0.0,0.0,0.0,1.3573159259677243e-13,-1.9574648760914393e-11,3.28339935636731,-3.286386749446652,0.00298739307935842,-1.435605317151687e-14,-1.9439894164578184e-11
94.24,-4.383686749039802e-19,-1.5699999999950394,1.5700000000125565,-1.56999999998427,-1.5700000000000145,-1.4221633794554525e-19,6.249395429536265e-17,9.998764268793405e-14,-8.775786334459428e-14,-7.077967496668887e-14,7.469848926169115e-14,1.4474549751895737e-17,-0.007768031327535729,0.007768977862243274,-9.799995703524662,5.8144663023239e-09,-1.4124619211919808e-08,-1.5314864265811775e-08,0.7999999988030664,-5.8032929763427885e-12,0.0,0.0,0.0,3.407934278573353e-13,-1.942192953382297e-11,3.2833993533982664,-3.2863867464749066,0.002987393076656644,-1.4071142544092454e-14,-1.9082113102225325e-11
94.26,-2.4601493312989577e-19,-1.5699999999950394,1.5700000000125565,-1.56999999998427,-1.5700000000000145,-8.610624169900382e-20,1.1028755227499843e-16,9.949341922458779e-14,-8.955733939817515e-14,-7.315560346778706e-14,7.468615779713628e-14,-7.120061883682296e-18,-0.007768020616873332,0.007768853304603323,-9.7999956360478,1.5873128632942731e-09,-1.4432411874506792e-08,-1.720477269690481e-08,0.799999998435191,-5.775795402477114e-12,0.0,0.0,0.0,4.448227772713671e-13,-1.932992370589391e-11,3.2833993518884568,-3.286386744963723,0.0029873930752827276,-1.3915034490129965e-14,-1.888607792488179e-11
94.28,8.596494802726546e-19,-1.5699999999950394,1.5700000000125565,-1.56999999998427,-1.5700000000000145,-5.984594719979196e-20,2.050726243563048e-16,9.975034625596857e-14,-8.959732608148826e-14,-7.313482167010173e-14,7.46697554112447e-14,6.164707240914044e-18,-0.007768003916709291,0.007768699639347676,-9.799995428324934,-3.2689986048093846e-09,-1.3519718421245594e-08,-1.7915044364311745e-08,0.7999999983249002,-5.762237916641859e-12,0.0,0.0,0.0,4.752362146305281e-13,-1.928455632103894e-11,3.2833993514358166,-3.286386744510671,0.0029873930748708106,-1.3849137079763454e-14,-1.8810297102667523e-11
94.3,1.3151706847580714e-18,-1.5699999999950394,1.5700000000125565,-1.56999999998427,-1.5700000000000145,4.464421686556191e-20,-2.31009615881787e-17,9.941698978737077e-14,-8.956622532780021e-14,-7.326186277858447e-14,7.465646332546849e-14,2.7178970047226704e-17,-0.007767981103917914,0.0077685303677140485,-9.799995127836517,-8.45506593626147e-09,-1.1045350383074311e-08,-1.7048762143759546e-08,0.7999999983886714,-5.75875295295247e-12,0.0,0.0,0.0,4.557811325434716e-13,-1.9272799823936108e-11,3.283399351697557,-3.286386744772649,0.0029873930751086056,-1.5087685951662812e-14,-1.881719632707571e-11
94.32,7.703409596630282e-19,-1.5699999999950394,1.5700000000125565,-1.56999999998427,-1.5700000000000145,1.4071605858307741e-19,-2.1328209742728382e-16,9.903321642008533e-14,-8.958949441469996e-14,-7.308855743001335e-14,7.470628364331489e-14,-1.0716234425746528e-17,-0.007767953355404274,0.0077683585598846095,-9.799994780042626,-1.3901944430660649e-08,-6.716632736276737e-09,-1.436390079533237e-08,0.7999999985589544,-5.76194630226878e-12,0.0,0.0,0.0,4.0621933260091113e-13,-1.928356528508496e-11,3.283399352396434,-3.2863867454721625,0.0029873930757449013,-1.3903307879944991e-14,-1.8878322948743445e-11
94.34,-4.697417347332107e-19,-1.5699999999950394,1.5700000000125565,-1.56999999998427,-1.5700000000000145,1.8250024409488924e-19,2.2252020721376564e-17,9.940445638809445e-14,-8.955018547178199e-14,-7.320842387024835e-14,7.471593435470469e-14,-2.148025571525275e-17,-0.007767922528842627,0.007768195289795339,-9.799994421029494,-1.973716713667472e-08,-2.932663733494003e-10,-9.802501837484949e-09,0.7999999987838697,-5.7690570420883866e-12,0.0,0.0,0.0,3.4187788573105623e-13,-1.9307349375711577e-11,3.2833993533195316,-3.2863867463961,0.002987393076584878,-1.3979035717078267e-14,-1.8966448486240188e-11
94.36,-6.936197787756247e-19,-1.5699999999950394,1.5700000000125565,-1.56999999998427,-1.5700000000000145,2.0531931382245613e-19,1.4647013763660997e-17,9.9581971554115e-14,-8.957089420607785e-14,-7.320001219023232e-14,7.468561246583583e-14,-1.193280686641933e-17,-0.0077678905475976655,0.007768049381756497,-9.799994077796624,-2.617781023902452e-08,8.396006083438782e-09,-3.4844346897070446e-09,0.7999999990257558,-5.77804969945464e-12,0.0,0.0,0.0,2.735252468535692e-13,-1.933743096880848e-11,3.2833993543122784,-3.2863867473897503,0.0029873930774882364,-1.4062972643299212e-14,-1.9064882718214877e-11
94.38,4.052071015333308e-19,-1.5699999999950394,1.5700000000125565,-1.56999999998427,-1.5700000000000145,1.3495277871100165e-19,8.885483552054542e-17,9.965774900965132e-14,-8.965410566570326e-14,-7.307754802528856e-14,7.464431731027796e-14,1.697157407529061e-18,-0.007767859047495362,0.007767927361088873,-9.799993769007724,-3.342854580002241e-08,1.9410858414070596e-08,4.312052639186723e-09,0.7999999992590946,-5.787531558659084e-12,0.0,0.0,0.0,2.0807359508458743e-13,-1.936915044968575e-11,3.2833993552699443,-3.2863867483482876,0.0029873930783596743,-1.4134801499524191e-14,-1.916205385086141e-11
94.4,2.110609356148696e-18,-1.5699999999950394,1.5700000000125565,-1.56999999998427,-1.5700000000000145,2.4995955350215624e-19,7.510825396088961e-17,9.97995415514119e-14,-8.961539915869202e-14,-7.30443961099299e-14,7.469824170784502e-14,9.377449704834905e-18,-0.0077678292299170676,0.007767833498643687,-9.79999350589958,-4.158131159427697e-08,3.263039371098443e-08,1.3174798879024006e-08,0.7999999994682069,-5.7966015422186625e-12,0.0,0.0,0.0,1.4955912833484523e-13,-1.9399492984538486e-11,3.283399356128179,-3.2863867492073036,0.0029873930791406364,-1.4205560705996415e-14,-1.925091085246414e-11
94.42,1.1775412147702254e-18,-1.5699999999950394,1.5700000000125565,-1.56999999998427,-1.5700000000000145,2.4876456701246006e-19,8.391983860783013e-17,9.97321196594631e-14,-8.961893846964439e-14,-7.31605515148607e-14,7.469065264900989e-14,-1.895339704138213e-17,-0.007767801873560819,0.00776776986468048,-9.79999329313365,-5.0513653989997646e-08,4.765822773691888e-08,2.2582088367886197e-08,0.7999999996449826,-5.804715696883632e-12,0.0,0.0,0.0,9.999854124608974e-14,-1.942663851765473e-11,3.283399356853698,-3.2863867499334827,0.002987393079800834,-1.4261092725573655e-14,-1.9327616972669355e-11
94.44,7.008839485060492e-20,-1.5699999999950394,1.5700000000125565,-1.56999999998427,-1.5700000000000145,2.2716061648393635e-19,-5.995442733788998e-17,9.919436790221381e-14,-8.959469042439611e-14,-7.318986869373974e-14,7.469768859999103e-14,2.7015992987274377e-17,-0.007767777465740685,0.007767736332510833,-9.79999312945611,-5.978419392849346e-08,6.370396579077828e-08,3.192441021679164e-08,0.7999999997868177,-5.811557645607439e-12,0.0,0.0,0.0,6.018585957391365e-14,-1.9449528375623864e-11,3.283399357435814,-3.286386750516128,0.0029873930803305405,-1.431657554972695e-14,-1.939031951231083e-11
94.46,6.199326132272313e-19,-1.5699999999950394,1.5700000000125565,-1.56999999998427,-1.5700000000000145,2.3820945457781986e-19,1.5576011389962736e-17,9.940889186866156e-14,-8.96163781170404e-14,-7.321287711260707e-14,7.46849539423875e-14,2.4890489379265283e-18,-0.00776775642196766,0.007767730496430131,-9.799993008103847,-6.852604481224075e-08,7.944617250615495e-08,4.052333508478867e-08,0.7999999998948487,-5.8169816605684245e-12,0.0,0.0,0.0,3.0078042761540477e-14,-1.946767482900777e-11,3.2833993578791922,-3.2863867509599096,0.002987393080734001,-1.4349450600321358e-14,-1.9438573782507243e-11
94.48,5.849986410350364e-19,-1.5699999999950394,1.5700000000125565,-1.56999999998427,-1.5700000000000145,-4.866677834942873e-20,7.546801279158151e-18,9.940025990278526e-14,-8.959800382188403e-14,-7.312121454065972e-14,7.465289766455284e-14,2.102177474041681e-17,-0.007767739304818244,0.007767747782538043,-9.799992917704214,-7.546023395419029e-08,9.303238583005703e-08,4.767469223709556e-08,0.7999999999725212,-5.821031827128803e-12,0.0,0.0,0.0,8.759424964695893e-15,-1.948122522227648e-11,3.2833993581979732,-3.2863867512789806,0.0029873930810240816,-1.4377217726259362e-14,-1.9473442793572893e-11
94.5,4.2733328881598185e-19,-1.5699999999950394,1.5700000000125565,-1.56999999998427,-1.5700000000000145,-2.1687560075427263e-19,-1.3398121008812804e-17,9.946626927554227e-14,-8.962292960752793e-14,-7.301161529808951e-14,7.475762643887283e-14,-2.850364098439636e-17,-0.007767726873807579,0.007767782363354509,-9.799992845153257,-7.925380004479545e-08,1.0250284924566883e-07,5.276182733003036e-08,0.8000000000244839,-5.823907753989908e-12,0.0,0.0,0.0,-5.359820083805581e-15,-1.9490847256306207e-11,3.2833993584112364,-3.286386751492438,0.0029873930812181456,-1.4396123541652305e-14,-1.949718407265118e-11
94.52,3.4153579220918935e-19,-1.5699999999950394,1.5700000000125565,-1.56999999998427,-1.5700000000000145,-2.20498346297416e-19,2.4287726970489208e-17,9.944147251899602e-14,-8.962127290878432e-14,-7.312183304653618e-14,7.466946325020902e-14,3.6387416038343154e-17,-0.007767719949055129,0.007767828666172011,-9.799992779630903,-7.906051984884943e-08,1.0645050257489632e-07,5.539158493951471e-08,0.8000000000557833,-5.825876558461213e-12,0.0,0.0,0.0,-1.4102975180013984e-14,-1.9497434517977452e-11,3.283399358539694,-3.2863867516210123,0.002987393081335039,-1.4413882677599926e-14,-1.9512514489418673e-11
94.54,3.9974877183750803e-19,-1.5699999999950394,1.5700000000125565,-1.56999999998427,-1.5700000000000145,-1.4061200687092142e-19,-1.8280450104080627e-18,9.948073059156719e-14,-8.962511343769052e-14,-7.309486619000871e-14,7.469883326649591e-14,-1.999199804078288e-17,-0.00776771927319166,0.007767882365847422,-9.799992714763043,-7.47541948542387e-08,1.0431607792633203e-07,5.543702374243393e-08,0.8000000000713162,-5.827198945917715e-12,0.0,0.0,0.0,-1.9157343377454143e-14,-1.9501859164469876e-11,3.283399358603443,-3.2863867516848195,0.0029873930813930512,-1.4421431070482227e-14,-1.9521993504108556e-11
94.56,3.6860098345976167e-19,-1.5699999999950394,1.5700000000125565,-1.56999999998427,-1.5700000000000145,-4.121507482320199e-20,3.295139550017925e-18,9.947292740135163e-14,-8.961170923876445e-14,-7.31228226559406e-14,7.471587235826337e-14,7.874911296695411e-21,-0.007767725440245728,0.007767940538862986,-9.799992648435593,-6.679447551245214e-08,9.623591884885008e-08,5.298139572636896e-08,0.8000000000754899,-5.8280448120432455e-12,0.0,0.0,0.0,-2.1650496059003776e-14,-1.9504689554404344e-11,3.283399358620571,-3.2863867517019636,0.002987393081408642,-1.442567034983422e-14,-1.952731704672458e-11
94.58,4.082326107850412e-19,-1.5699999999950394,1.5700000000125565,-1.56999999998427,-1.5700000000000145,8.155027618340296e-20,1.727580063760247e-17,9.945716675739808e-14,-8.959092519998047e-14,-7.318096220898999e-14,7.464340205236246e-14,2.891652509168725e-17,-0.007767738804790106,0.007768001521222449,-9.799992582031672,-5.6026231892717245e-08,8.280789420042434e-08,4.824339125624982e-08,0.8000000000720427,-5.828456826318997e-12,0.0,0.0,0.0,-2.1984645876666477e-14,-1.950606840567186e-11,3.283399358606423,-3.286386751687802,0.002987393081395771,-1.4427034458415654e-14,-1.9529030047809752e-11
94.6,4.97080029204024e-19,-1.5699999999950394,1.5700000000125565,-1.56999999998427,-1.5700000000000145,2.072345720187784e-19,3.5487568998382285e-18,9.941382312696025e-14,-8.967850431993027e-14,-7.308249607232689e-14,7.466611976130918e-14,2.6432203468343244e-18,-0.00776775932731417,0.0077680647741355975,-9.79999251993563,-4.3544012745583434e-08,6.494086184674425e-08,4.152042124607571e-08,0.8000000000639845,-5.828449492416755e-12,0.0,0.0,0.0,-2.0355014169231644e-14,-1.9506044216367145e-11,3.28339935857335,-3.2863867516546987,0.0029873930813656773,-1.4420166361401672e-14,-1.9527376226797595e-11
94.62,6.208945142452219e-19,-1.5699999999950394,1.5700000000125565,-1.56999999998427,-1.5700000000000145,3.907396104462746e-19,2.204393717465753e-17,9.944796667916929e-14,-8.959958521614099e-14,-7.322537093142719e-14,7.462906304715808e-14,1.898066364956089e-17,-0.007767786361386029,0.007768130783467696,-9.799992469293414,-3.060963036772608e-08,4.377950245399591e-08,3.315088647765505e-08,0.8000000000536166,-5.828115334135122e-12,0.0,0.0,0.0,-1.7290964296137864e-14,-1.9504926528430864e-11,3.283399358530798,-3.286386751612108,0.002987393081326957,-1.4416836331762388e-14,-1.9523194488988206e-11
94.64,4.893393352609376e-19,-1.5699999999950394,1.5700000000125565,-1.56999999998427,-1.5700000000000145,2.8117044622382953e-19,-3.736064259356104e-18,9.952803818009653e-14,-8.967797718851228e-14,-7.304909675461307e-14,7.46761738817682e-14,1.1081510550316369e-17,-0.00776781838866828,0.007768201003507196,-9.799992439984777,-1.860850117163623e-08,2.0692998560232155e-08,2.3494656587479936e-08,0.800000000042601,-5.8276031209636665e-12,0.0,0.0,0.0,-1.356064059384888e-14,-1.9503213074056024e-11,3.283399358485588,-3.286386751566857,0.002987393081285817,-1.441250130570682e-14,-1.9517750710911063e-11
94.66,5.964757209590378e-19,-1.5699999999950394,1.5700000000125565,-1.56999999998427,-1.5700000000000145,1.2713914577726362e-19,1.978062589698256e-17,9.948726959704069e-14,-8.965335262082206e-14,-7.313247134771622e-14,7.462666279020665e-14,3.9150873129507935e-17,-0.007767852778116139,0.007768277786909351,-9.799992444673732,-9.029275228163218e-09,-2.686149978626169e-09,1.2929468022333569e-08,0.8000000000320551,-5.82705284274827e-12,0.0,0.0,0.0,-9.870648388819837e-15,-1.9501372215266805e-11,3.283399358442306,-3.286386751523535,0.0029873930812464302,-1.4408096941158023e-14,-1.9512219859916806e-11
94.68,6.49681391635965e-19,-1.5699999999950394,1.5700000000125565,-1.56999999998427,-1.5700000000000145,1.7303855201894284e-19,-1.7985097757119566e-17,9.942266347256076e-14,-8.962436039280735e-14,-7.315449015717113e-14,7.4691531832399e-14,-2.447924143199484e-17,-0.007767885823749093,0.007768363891174769,-9.799992497923276,-3.3795143614690066e-09,-2.4509315422036815e-08,1.8416183709576875e-09,0.8000000000226578,-5.826556521192736e-12,0.0,0.0,0.0,-6.681843429242009e-15,-1.9499711828552774e-11,3.2833993584037375,-3.2863867514849323,0.002987393081211334,-1.440423540015491e-14,-1.9507370668243182e-11
94.7,7.185787867644362e-19,-1.5699999999950394,1.5700000000125565,-1.56999999998427,-1.5700000000000145,1.577060801053945e-19,7.529614861945019e-17,9.925322897705437e-14,-8.962451100178342e-14,-7.322388651730635e-14,7.466407917027584e-14,1.711288080659319e-17,-0.00776791327920428,0.007768461039765518,-9.799992612822326,-2.8899298820695646e-09,-4.307448522270691e-08,-9.415188287433329e-09,0.800000000014752,-5.826122264010184e-12,0.0,0.0,0.0,-4.02595189132682e-15,-1.9498259041781362e-11,3.283399358371291,-3.286386751452456,0.002987393081181808,-1.4400963549745935e-14,-1.9503261989933845e-11
94.72,5.999732065194043e-19,-1.5699999999950394,1.5700000000125565,-1.56999999998427,-1.5700000000000145,2.1178078502700192e-19,3.2861620534936056e-17,9.937656519793557e-14,-8.961577568113575e-14,-7.309461878764276e-14,7.468798744900723e-14,-1.0928459077718897e-18,-0.007767931246529441,0.007768568124110146,-9.799992796329974,-8.09810703949691e-09,-5.732060875197773e-08,-2.0543225685690902e-08,0.8000000000084375,-5.8257023465235035e-12,0.0,0.0,0.0,-1.6465930071395354e-15,-1.949685418656395e-11,3.2833993583453753,-3.2863867514265173,0.0029873930811582243,-1.4397950078860803e-14,-1.949947777583224e-11
94.74,4.420714790812646e-19,-1.5699999999950394,1.5700000000125565,-1.56999999998427,-1.5700000000000145,2.307771972931204e-19,-1.249393989140897e-18,9.942099977656347e-14,-8.956991524773077e-14,-7.324318390087336e-14,7.470034548347621e-14,-2.46977143720543e-18,-0.007767937133319735,0.007768680563105256,-9.799993046813098,-1.8606169923777718e-08,-6.695744927310044e-08,-3.1238391586901956e-08,0.8000000000036501,-5.825285970614657e-12,0.0,0.0,0.0,5.363244292905928e-16,-1.9495461141376583e-11,3.2833993583257275,-3.286386751406851,0.0029873930811403437,-1.4395102444194754e-14,-1.9495901813208436e-11
94.76,4.199486459335386e-19,-1.5699999999950394,1.5700000000125565,-1.56999999998427,-1.5700000000000145,3.3828154665791264e-19,-2.135225455286085e-17,9.945104224753744e-14,-8.961517324522793e-14,-7.315275834069792e-14,7.471461536370336e-14,-1.7279365740806134e-17,-0.007767930483325708,0.007768791248324889,-9.79999335439094,-3.304400436514801e-08,-7.222545113179356e-08,-4.1096584356395995e-08,0.8000000000002265,-5.824926672643227e-12,0.0,0.0,0.0,2.293161745812273e-15,-1.9494259030910898e-11,3.2833993583116765,-3.286386751392788,0.002987393081127556,-1.43982972700697e-14,-1.9492942865426223e-11
94.78,2.9699277251024527e-19,-1.5699999999950394,1.5700000000125565,-1.56999999998427,-1.5700000000000145,4.0504748164109007e-19,4.631063768895826e-18,9.945235375699669e-14,-8.962210125815553e-14,-7.315634567482563e-14,7.466421979640833e-14,6.170352803524681e-18,-0.007767913501471085,0.0077688918967660945,-9.799993701740084,-4.9049315836590066e-08,-7.363630033844325e-08,-4.957573206906416e-08,0.7999999999979526,-5.824701732801182e-12,0.0,0.0,0.0,3.2819317225846994e-15,-1.949350642089575e-11,3.2833993583023444,-3.2863867513834464,0.0029873930811190634,-1.4396910562613898e-14,-1.9491201485434303e-11
94.8,1.2632890387735113e-19,-1.5699999999950394,1.5700000000125565,-1.56999999998427,-1.5700000000000145,2.5847673360652264e-19,-2.9134305552327027e-17,9.945733805350554e-14,-8.962089638634174e-14,-7.310129865119206e-14,7.469048307682439e-14,-2.5318237802610304e-17,-0.007767891289192226,0.007768973702570428,-9.799994063824904,-6.319143327459557e-08,-7.181434616890788e-08,-5.600627640047603e-08,0.7999999999965983,-5.824670017909688e-12,0.0,0.0,0.0,3.250532506066419e-15,-1.9493400271041528e-11,3.283399358296786,-3.2863867513778833,0.002987393081114006,-1.4396851036683868e-14,-1.94911267347966e-11
94.82,1.256104180736983e-19,-1.5699999999950394,1.5700000000125565,-1.56999999998427,-1.5700000000000145,3.0925495385722824e-19,-5.24260655770248e-18,9.949998668957397e-14,-8.96056095752066e-14,-7.312888401360161e-14,7.4711081781074e-14,2.9411088069352493e-18,-0.0077678720251337955,0.0077690274252031795,-9.799994406818374,-7.08691987538689e-08,-6.739895017989497e-08,-5.961289492833512e-08,0.7999999999959422,-5.824808054939281e-12,0.0,0.0,0.0,2.355353379611787e-15,-1.9493862056243808e-11,3.283399358294093,-3.2863867513751877,0.0029873930811115577,-1.439793162367039e-14,-1.9492483699125332e-11
94.84,1.5815655813332358e-19,-1.5699999999950394,1.5700000000125565,-1.56999999998427,-1.5700000000000145,3.8408494300070473e-19,-4.184083490012997e-18,9.946295244806057e-14,-8.956524636945147e-14,-7.319667225843733e-14,7.471601644063596e-14,1.455221980734972e-18,-0.0077678671988605915,0.007769043602247529,-9.799994687188082,-6.622134372814141e-08,-6.09872862783169e-08,-5.954215227802193e-08,0.7999999999957867,-5.8249873399703994e-12,0.0,0.0,0.0,1.2698994609508045e-15,-1.9494461848207442e-11,3.2833993582934546,-3.286386751374549,0.0029873930811109783,-1.4399273630036862e-14,-1.9494168945007625e-11
94.86,1.4166203188487357e-19,-1.5699999999950394,1.5700000000125565,-1.56999999998427,-1.5700000000000145,3.6922174910431744e-19,-6.793153778962123e-18,9.945716686520137e-14,-8.953587761899543e-14,-7.301742925338346e-14,7.467894514542648e-14,-2.4873303409569787e-18,-0.007767890961618726,0.0077690131839539085,-9.799994852710725,-4.208918831916986e-08,-5.3116735157440936e-08,-5.49052498735067e-08,0.7999999999959655,-5.8250813821664255e-12,0.0,0.0,0.0,6.44932919159301e-16,-1.949477645103378e-11,3.283399358294188,-3.286386751375283,0.0029873930811116466,-1.4400021834252277e-14,-1.9495108514375757e-11
94.88,-1.3735410255035361e-19,-1.5699999999950394,1.5700000000125565,-1.56999999998427,-1.5700000000000145,1.7039110785121745e-19,-1.914916711934156e-17,9.955611694432937e-14,-8.942118888324016e-14,-7.29121595520042e-14,7.465531844298063e-14,-4.6833402362095084e-18,-0.007767957626544034,0.007768928821196793,-9.799994850313754,9.950685825588791e-09,-4.4299211786529605e-08,-4.4838657185015417e-08,0.7999999999963444,-5.82507494086287e-12,0.0,0.0,0.0,5.706432148372616e-16,-1.9494754877144376e-11,3.283399358295743,-3.2863867513768397,0.002987393081113062,-1.4400063813264994e-14,-1.9495161230190676e-11
94.9,5.370789947079162e-20,-1.5699999999950394,1.5700000000125565,-1.56999999998427,-1.5700000000000145,1.4137495301650064e-19,-2.739831006643857e-18,9.94712764259036e-14,-8.958121092098124e-14,-7.313197654302188e-14,7.470372537097578e-14,-6.1965030781524316e-18,-0.007768079423809261,0.007768786535146674,-9.799994641533113,9.935992885546351e-08,-3.5063236594354274e-08,-2.858026362029902e-08,0.7999999999968214,-5.825041773234455e-12,0.0,0.0,0.0,6.915775050476238e-16,-1.9494643898539006e-11,3.283399358297701,-3.286386751378799,0.002987393081114843,-1.43998791348233e-14,-1.9494929317295094e-11
94.92,2.731491099385301e-20,-1.5699999999950394,1.5700000000125565,-1.56999999998427,-1.5700000000000145,9.778155669404818e-20,-1.0967347387711509e-17,9.945668402361209e-14,-8.95791776997958e-14,-7.317205572427982e-14,7.4700777298544e-14,-2.246592973925829e-17,-0.007768266302239948,0.0077685858296568456,-9.799994211727055,2.358704828224742e-07,-2.58904811814708e-08,-5.56686426224081e-09,0.7999999999973232,-5.8250766887750425e-12,0.0,0.0,0.0,5.364632025076443e-16,-1.9494760719574257e-11,3.2833993582997603,-3.2863867513808604,0.002987393081116717,-1.440009568420471e-14,-1.9495201252632888e-11
94.94,5.937566507117591e-20,-1.5699999999950394,1.5700000000125565,-1.56999999998427,-1.5700000000000145,4.462728255167121e-20,-3.2012935741925817e-17,9.949118450561255e-14,-8.96041787899276e-14,-7.31551086630699e-14,7.47247509219847e-14,-3.9037373150881263e-17,-0.007768525508230705,0.00776832753124486,-9.7999935640352,4.2806626015680277e-07,-1.7066318920257984e-08,2.4440716113459556e-08,0.7999999999978,-5.825251767812968e-12,0.0,0.0,0.0,-2.624467263554542e-16,-1.949534649751797e-11,3.2833993583017174,-3.286386751382819,0.002987393081118499,-1.4401198348189035e-14,-1.9496585940505462e-11
94.96,4.16599857118913e-20,-1.5699999999950394,1.5700000000125565,-1.56999999998427,-1.5700000000000145,-1.2822842643850416e-19,-2.9322460608798475e-17,9.94651971925658e-14,-8.954393519924883e-14,-7.318331253136197e-14,7.473442820328496e-14,-5.1426954165527044e-17,-0.00776885962303189,0.007768011984590394,-9.799992710829171,6.816282811700292e-07,-8.610888615234258e-09,6.120013443401369e-08,0.799999999998222,-5.825552372105529e-12,0.0,0.0,0.0,-1.6386760678120526e-15,-1.9496352255793356e-11,3.283399358303449,-3.286386751384552,0.002987393081120077,-1.4403095188631566e-14,-1.9498967928122308e-11
94.98,7.801025708042755e-20,-1.5699999999950394,1.5700000000125565,-1.56999999998427,-1.5700000000000145,-2.82594900161555e-20,1.5200303073533704e-17,9.943098992984455e-14,-8.955718878919827e-14,-7.323427741616805e-14,7.467708460334211e-14,2.929012802019984e-17,-0.007769264067684124,0.007767639357946613,-9.79999167353101,9.973268787749274e-07,-3.3359224831732457e-10,1.0377635818287642e-07,0.7999999999985754,-5.825853201294473e-12,0.0,0.0,0.0,-2.974725382306196e-15,-1.9497358775519413e-11,3.283399358304899,-3.2863867513860034,0.0029873930811213987,-1.440496063900768e-14,-1.950131049716286e-11
95.0,1.8968722756019864e-19,-1.5699999999950394,1.5700000000125565,-1.56999999998427,-1.5700000000000145,-4.3471183793239054e-20,1.9318193334957614e-17,9.941205475601453e-14,-8.955590861289648e-14,-7.323501962322944e-14,7.464265247830267e-14,2.0065578255582765e-17,-0.007769724156762477,0.007767211293432735,-9.79999048782431,1.3685200593732687e-06,8.074096117538627e-09,1.5025548507597473e-07,0.799999999998857,-5.826023684962513e-12,0.0,0.0,0.0,-3.636808548037491e-15,-1.9497929203602705e-11,3.283399358306054,-3.28638675138716,0.0029873930811224513,-1.4405942120677136e-14,-1.9502543008411882e-11
95.02,2.5407708658278443e-19,-1.5699999999950394,1.5700000000125565,-1.56999999998427,-1.5700000000000145,4.9386420587468995e-20,6.48300748446014e-18,9.945310847325784e-14,-8.961780890231919e-14,-7.303994286755605e-14,7.465068480107596e-14,7.44703423707161e-18,-0.007770211416638146,0.007766733277808235,-9.79998921098393,1.7780541484728918e-06,1.6948255089550582e-08,1.9738809391278405e-07,0.7999999999990699,-5.826036017234911e-12,0.0,0.0,0.0,-3.510075548285792e-15,-1.949797050475969e-11,3.283399358306928,-3.2863867513880347,0.0029873930811232462,-1.4405874089015655e-14,-1.9502457576569115e-11
95.04,1.3980971747607252e-19,-1.5699999999950394,1.5700000000125565,-1.56999999998427,-1.5700000000000145,1.379941165735054e-20,-2.9027229804880876e-17,9.941059135466188e-14,-8.961298941506485e-14,-7.307593990998023e-14,7.469683425841233e-14,-3.3875878477287455e-17,-0.00777067934789376,0.007766217707554677,-9.799987930891398,2.194650927390591e-06,2.656169975515855e-08,2.4018634095539694e-07,0.7999999999992218,-5.825943071252234e-12,0.0,0.0,0.0,-2.8834326590724987e-15,-1.949765957109233e-11,3.2833993583075514,-3.2863867513886587,0.0029873930811238126,-1.4405127471728915e-14,-1.950152000001254e-11
95.06,2.2881824150895475e-19,-1.5699999999950394,1.5700000000125565,-1.56999999998427,-1.5700000000000145,9.134267828067905e-20,-1.9824628680858458e-17,9.944981687127133e-14,-8.961585098562209e-14,-7.319865147727809e-14,7.466772400084743e-14,3.1411947215511017e-18,-0.007771058950953938,0.007765687578197793,-9.799986776085886,2.56897349856819e-06,3.7029615727196944e-08,2.715121701701888e-07,0.7999999999993221,-5.825812988109318e-12,0.0,0.0,0.0,-2.1220774441380184e-15,-1.949722437664773e-11,3.2833993583079635,-3.2863867513890708,0.002987393081124186,-1.4404174627234384e-14,-1.9500323450353007e-11
95.08,2.5354655868388954e-19,-1.5699999999950394,1.5700000000125565,-1.56999999998427,-1.5700000000000145,7.079948267349878e-20,2.284916231995248e-18,9.945504878714729e-14,-8.95928831166757e-14,-7.31734164372298e-14,7.47169266221809e-14,-1.782086217821595e-17,-0.007771254514718035,0.007765180654325197,-9.799985925894589,2.8297065936769766e-06,4.820922251461832e-08,2.817111084448878e-07,0.7999999999993811,-5.825687876579385e-12,0.0,0.0,0.0,-1.4537757222806467e-15,-1.9496805800823815e-11,3.2833993583082055,-3.2863867513893137,0.0029873930811244055,-1.440330911757717e-14,-1.949923657280723e-11
95.1,2.4161415279650327e-19,-1.5699999999950394,1.5700000000125565,-1.56999999998427,-1.5700000000000145,3.0802825631383544e-20,-1.1406956205368103e-17,9.945834416217899e-14,-8.962503813320064e-14,-7.316574696427416e-14,7.468264052366559e-14,-1.7934631039009322e-17,-0.007771140391533151,0.007764753866872346,-9.799985619282237,2.880168460945641e-06,5.9592688910435107e-08,2.58367158278167e-07,0.7999999999994083,-5.825542144730892e-12,0.0,0.0,0.0,-7.571854882166711e-16,-1.9496318219351362e-11,3.2833993583083174,-3.286386751389425,0.0029873930811245056,-1.440236612997777e-14,-1.9498052401100716e-11
95.12,-5.997170580937527e-19,-1.5699999999950394,1.5700000000125565,-1.56999999998427,-1.5700000000000145,-2.6651028111203016e-19,-1.455015214662402e-17,9.94252178221384e-14,-8.966660621077055e-14,-7.302571723223656e-14,7.468829840334896e-14,-3.2236733280746784e-17,-0.007770559744331238,0.007764487533709968,-9.799986160559259,2.5961897691398556e-06,7.019517508281356e-08,1.862787045072743e-07,0.7999999999994136,-5.82530439755928e-12,0.0,0.0,0.0,3.217123858569837e-16,-1.9495522765599084e-11,3.28339935830834,-3.2863867513894474,0.002987393081124524,-1.4406424648773167e-14,-1.9496178049474368e-11
95.14,-5.723760754759368e-19,-1.5699999999950394,1.5700000000125565,-1.56999999998427,-1.5700000000000145,-4.2344466265133994e-19,-5.5198123779440624e-18,9.939903431089564e-14,-8.960862175474293e-14,-7.320557874317374e-14,7.467595786614262e-14,-7.506719589879692e-18,-0.007769326712011101,0.007764488612764993,-9.799987919257756,1.8263828892921415e-06,7.856807671067147e-08,4.781551217332974e-08,0.799999999999405,-5.8249456662704626e-12,0.0,0.0,0.0,1.924441469294199e-15,-1.9494322518061734e-11,3.283399358308305,-3.2863867513894123,0.0029873930811244887,-1.4404192563527294e-14,-1.949337507285358e-11
95.16,-4.843389272543533e-19,-1.5699999999950394,1.5700000000125565,-1.56999999998427,-1.5700000000000145,-6.048232091467071e-19,1.9319706241835625e-17,9.945020484780957e-14,-8.95916029403766e-14,-7.310624669827401e-14,7.469746556389699e-14,8.635018069349105e-18,-0.007767233792199798,0.007764891739715985,-9.799991320664791,3.9630664892916544e-07,8.317598370121547e-08,-1.7614199682708024e-07,0.7999999999993881,-5.824502456274536e-12,0.0,0.0,0.0,3.859365997511739e-15,-1.949283961075816e-11,3.283399358308236,-3.286386751389344,0.002987393081124423,-1.4395919737510147e-14,-1.9489957241021786e-11
95.18,-2.3622290941449995e-19,-1.5699999999950394,1.5700000000125565,-1.56999999998427,-1.5700000000000145,-6.110358622180681e-19,-1.5547231191512602e-17,9.938341758155781e-14,-8.967255526535198e-14,-7.310018534061561e-14,7.469089696259005e-14,-1.5772847018722806e-17,-0.007764065792225603,0.007765857070747865,-9.79999682374215,-1.8821727700305604e-06,8.296738869208763e-08,-5.045929593479544e-07,0.7999999999993677,-5.824033916659781e-12,0.0,0.0,0.0,5.804719027737246e-15,-1.9491271932880658e-11,3.283399358308153,-3.286386751389261,0.002987393081124343,-1.4393122217045923e-14,-1.9486444210114058e-11
95.2,1.069959369029959e-20,-1.5699999999950394,1.5700000000125565,-1.56999999998427,-1.5700000000000145,-4.698238612620988e-19,6.921946705226983e-17,9.949867755178009e-14,-8.967820310197904e-14,-7.308076425587216e-14,7.465684448490839e-14,4.834014097851203e-17,-0.007759621548423198,0.0077675643239096545,-9.800004883325954,-5.19520606054034e-06,7.762326430150247e-08,-9.541074579700253e-07,0.7999999999993463,-5.823582364085874e-12,0.0,0.0,0.0,7.508942656685707e-15,-1.9489761054385723e-11,3.2833993583080665,-3.286386751389174,0.0029873930811242606,-1.4390561945240074e-14,-1.9483229107990174e-11
95.22,1.1217912848547377e-19,-1.5699999999950394,1.5700000000125565,-1.56999999998427,-1.5700000000000145,-5.271361168241343e-19,4.0010549176995945e-18,9.941080426206177e-14,-8.961954090555661e-14,-7.30796509452842e-14,7.466929227384078e-14,-1.2080816843627733e-17,-0.007753745641182739,0.007770201730155179,-9.800015892256738,-9.703236246210152e-06,6.742248777047749e-08,-1.5356148527091928e-06,0.7999999999993257,-5.823114509035477e-12,0.0,0.0,0.0,9.099665638384849e-15,-1.9488195590192883e-11,3.283399358307982,-3.28638675138909,0.002987393081124181,-1.4388048588984012e-14,-1.948007292081564e-11
95.24,2.1187369484333824e-19,-1.5699999999950394,1.5700000000125565,-1.56999999998427,-1.5700000000000145,-5.276443780694555e-19,3.5130820954870456e-17,9.947708669528317e-14,-8.962428508832326e-14,-7.314657328189496e-14,7.465701276101982e-14,1.76439627210125e-17,-0.007746372697964731,0.007773947859731303,-9.800030098464001,-1.5507120278565806e-05,5.304413320117422e-08,-2.25000565888286e-06,0.7999999999993064,-5.822503911455974e-12,0.0,0.0,0.0,1.1175008439672573e-14,-1.9486152502876424e-11,3.2833993583079035,-3.2863867513890113,0.0029873930811241045,-1.4384768972938064e-14,-1.947595449069789e-11
95.26,1.9464127102068308e-19,-1.5699999999950394,1.5700000000125565,-1.56999999998427,-1.5700000000000145,-6.29544857094934e-19,-1.0308771918684247e-17,9.941586488183593e-14,-8.965410566570977e-14,-7.301619224164187e-14,7.466479774596913e-14,-9.637216337947149e-18,-0.007737585881009034,0.0077789443417348786,-9.800047493177479,-2.2602493990396763e-05,3.5447241358721286e-08,-3.0824107145286494e-06,0.7999999999992888,-5.821644111010726e-12,0.0,0.0,0.0,1.4239089860389515e-14,-1.9483275602354952e-11,3.283399358307833,-3.2863867513889407,0.002987393081124034,-1.438003801013202e-14,-1.94700135087557e-11
95.28,3.176773869830717e-19,-1.5699999999950394,1.5700000000125565,-1.56999999998427,-1.5700000000000145,-6.055774105640604e-19,-7.186415202416067e-18,9.946648121276109e-14,-8.966984430377497e-14,-7.306715712644631e-14,7.468752474358223e-14,-2.8465578749954694e-17,-0.007727689878839554,0.007785257791852442,-9.800067668353279,-3.082159998355556e-05,1.5817213858798394e-08,-3.995184628259967e-06,0.7999999999992733,-5.8205657114197785e-12,0.0,0.0,0.0,1.8133130204430702e-14,-1.947966727811681e-11,3.283399358307771,-3.2863867513888785,0.0029873930811239687,-1.4374063676572163e-14,-1.946251114417352e-11
95.3,1.022461315714913e-18,-1.5699999999950394,1.5700000000125565,-1.56999999998427,-1.5700000000000145,-5.756660610084106e-19,1.8276963098359008e-17,9.944915691233669e-14,-8.961607689909394e-14,-7.311107104418129e-14,7.468697201375018e-14,2.018801475912093e-17,-0.007717297161104916,0.007792829690347471,-9.800089644135623,-3.9762919277039856e-05,-4.434615900971183e-09,-4.919784388231599e-06,0.7999999999992591,-5.8194234953184565e-12,0.0,0.0,0.0,2.211451401424371e-14,-1.947584539264803e-11,3.2833993583077143,-3.286386751388822,0.002987393081123909,-1.436229860943204e-14,-1.9454707874894928e-11
95.32,1.3722455677993855e-16,-1.5699999999950398,1.5700000000125558,-1.5699999999842706,-1.5700000000000145,2.8055723866836943e-17,1.1726289429833645e-15,1.0154950503136265e-13,-8.580698786310148e-14,-6.68746142433053e-14,7.685976017421774e-14,-5.021291878715155e-16,-0.007707423988522746,0.007801414010858328,-9.800111671393916,-4.871076996154701e-05,-2.3730445919001787e-08,-5.748001237719623e-06,0.7999999999992456,-5.818416601946003e-12,0.0,0.0,0.0,2.5257725580185446e-14,-1.9471232770849537e-11,3.2833993583076633,-3.2863867513887666,0.0029873930811203,-1.624171620848656e-14,-1.9446774405846555e-11
95.34,1.2402744149532512e-16,-1.5699999999950398,1.5700000000125558,-1.5699999999842706,-1.5700000000000145,1.4337741819529436e-17,-8.177593463221265e-16,1.066525523291419e-13,-7.944044520034242e-14,-6.089168313194427e-14,7.637119830845473e-14,-5.985413101944175e-16,-0.007699448836938735,0.0078105355557307075,-9.800131256193328,-5.664564563812137e-05,-4.062483876453549e-08,-6.338349918451731e-06,0.7999999999992331,-5.817708251045409e-12,0.0,0.0,0.0,2.6855325772285484e-14,-1.946886241966658e-11,3.2833993583076126,-3.2863867513887164,0.0029873930811202495,-1.6238556422687832e-14,-1.9442806454471495e-11
95.36,1.0722238466439716e-16,-1.5699999999950398,1.5700000000125558,-1.5699999999842706,-1.5700000000000145,5.421052094566633e-18,-9.17213594092537e-16,1.0630780817301755e-13,-8.005839383186548e-14,-6.205026835365495e-14,7.58795710221838e-14,-3.6464197376520784e-16,-0.00769467995206436,0.007819546771245951,-9.800145852425219,-6.252697779758376e-05,-5.419150512021192e-08,-6.563906647644148e-06,0.7999999999992224,-5.817384432991406e-12,0.0,0.0,0.0,2.660807449605734e-14,-1.946857797607907e-11,3.283399358307569,-3.2863867513886755,0.00298739308112021,-1.4725211382207196e-14,-1.9443746258421874e-11
95.38,8.912844977973001e-17,-1.5699999999950398,1.5700000000125558,-1.5699999999842706,-1.5700000000000145,-2.5009229194946267e-20,-9.525124600838377e-16,1.0606904618401313e-13,-8.061880983423059e-14,-6.30093235770512e-14,7.550260166425804e-14,-2.0100305705891923e-16,-0.007693765705897117,0.00782778675854259,-9.800153887008127,-6.571120047166216e-05,-6.412166184690962e-08,-6.374732925249045e-06,0.7999999999992139,-5.817470640584713e-12,0.0,0.0,0.0,2.450126512977089e-14,-1.9469576577442532e-11,3.283399358307535,-3.2863867513886413,0.002987393081119825,-1.5737421432042e-14,-1.944614112641587e-11
95.4,7.13570084390623e-17,-1.5699999999950398,1.5700000000125558,-1.5699999999842706,-1.5700000000000145,-3.315788262079007e-18,-9.103870714340741e-16,1.0584302133900888e-13,-8.106144961681353e-14,-6.371120405379997e-14,7.530699087415563e-14,-1.4327773399298814e-16,-0.00769653983912204,0.007834728322294413,-9.80015513847369,-6.610613086085822e-05,-7.054654596332204e-08,-5.811167296744161e-06,0.7999999999992076,-5.817925398735363e-12,0.0,0.0,0.0,2.0807286429639124e-14,-1.9468877303959222e-11,3.2833993583075096,-3.286386751388619,0.0029873930811254905,-1.5178136211471772e-14,-1.944975755652649e-11
95.42,5.4891419880993985e-17,-1.5699999999950398,1.5700000000125558,-1.5699999999842706,-1.5700000000000145,-5.007539808424465e-18,-8.069897291638543e-16,1.0561165257208432e-13,-8.144723451061153e-14,-6.424596424116909e-14,7.511855833621247e-14,-3.457802192803307e-17,-0.007702312794312923,0.007840041189638377,-9.800150373174079,-6.402291746841886e-05,-7.383909876005354e-08,-4.969114094685257e-06,0.7999999999992031,-5.8186147318949025e-12,0.0,0.0,0.0,1.6214546995895336e-14,-1.947118335304244e-11,3.2833993583074905,-3.2863867513885996,0.0029873930811254805,-1.5191956573953577e-14,-1.9456656345043447e-11
95.44,4.174830313484825e-17,-1.5699999999950398,1.5700000000125558,-1.5699999999842706,-1.5700000000000145,-5.8957869428452556e-18,-5.440285116787833e-16,1.0518236585969494e-13,-8.168722991500243e-14,-6.46583839643915e-14,7.50932705818346e-14,-3.5341908748065066e-17,-0.007710197551349179,0.007843596463664676,-9.800140861111696,-5.997910297879058e-05,-7.446984771067897e-08,-3.963337884415587e-06,0.7999999999991998,-5.819352773189594e-12,0.0,0.0,0.0,1.1642990540954635e-14,-1.9473741240366365e-11,3.2833993583074763,-3.286386751388585,0.0029873930811244094,-1.482563849943499e-14,-1.946405224234822e-11
95.46,3.0677569322509195e-17,-1.5699999999950398,1.5700000000125558,-1.5699999999842706,-1.5700000000000145,-6.107646436545289e-18,-6.022178020822048e-16,1.0523156492821459e-13,-8.200237919874497e-14,-6.510754293707402e-14,7.494326732115713e-14,-1.0584464668873516e-17,-0.007719309588891568,0.007845432727537164,-9.800128034561038,-5.4560503603842966e-05,-7.290276620626993e-08,-2.9050461088066885e-06,0.7999999999991969,-5.819983912491291e-12,0.0,0.0,0.0,7.849298728748544e-15,-1.9478339600963922e-11,3.283399358307466,-3.2863867513885663,0.002987393081115523,-1.5193938971122633e-14,-1.9471023209286477e-11
95.48,1.9881445573676328e-17,-1.5699999999950398,1.5700000000125558,-1.5699999999842706,-1.5700000000000145,-5.872384362217261e-18,-4.958582778810112e-16,1.0507954453152021e-13,-8.214560833558576e-14,-6.549695424132288e-14,7.481640742808939e-14,5.60743483699516e-17,-0.00772886618121738,0.007845683272248428,-9.800113260098014,-4.8331350008921594e-05,-6.953974757343425e-08,-1.8889511028244092e-06,0.7999999999991947,-5.820462556617794e-12,0.0,0.0,0.0,5.032702259821816e-15,-1.9479585634956252e-11,3.2833993583074528,-3.2863867513885587,0.0029873930811212027,-1.5769221922187382e-14,-1.9475263475431672e-11
95.5,1.0544346240600009e-17,-1.5699999999950398,1.5700000000125558,-1.5699999999842706,-1.5700000000000145,-5.3080034684065094e-18,-4.365525504643739e-16,1.0494144321079819e-13,-8.226022176685292e-14,-6.564551935446534e-14,7.473139687862471e-14,4.6412961378297135e-17,-0.007738224061608312,0.007844505473652553,-9.800097698101432,-4.178238904557887e-05,-6.470949007373635e-08,-9.865048571367528e-07,0.7999999999991935,-5.820867517978602e-12,0.0,0.0,0.0,2.763056173301003e-15,-1.948129573051481e-11,3.2833993583074457,-3.2863867513885525,0.002987393081120491,-1.610795064975257e-14,-1.9479953759812512e-11
95.52,2.5511636592400197e-18,-1.5699999999950398,1.5700000000125558,-1.5699999999842706,-1.5700000000000145,-4.7384036451977474e-18,-3.8128433318343375e-16,1.0490172008371331e-13,-8.222226830472312e-14,-6.580534127469517e-14,7.475407214077085e-14,2.9351021935581645e-17,-0.007746895944505551,0.00784206098935344,-9.800082235922861,-3.5307140710284854e-05,-5.868726545832069e-08,-2.439564618787588e-07,0.7999999999991934,-5.821287269853367e-12,0.0,0.0,0.0,5.56823212089312e-16,-1.9482877704937277e-11,3.283399358307447,-3.2863867513885525,0.00298739308112085,-1.5322567497072764e-14,-1.9482587335250577e-11
95.54,-4.8608689921772375e-18,-1.5699999999950398,1.5700000000125558,-1.5699999999842706,-1.5700000000000145,-3.9348056872108095e-18,-2.8993173417929913e-16,1.04694259683337e-13,-8.243643426957958e-14,-6.60093245151256e-14,7.465620348077504e-14,5.85043994035514e-17,-0.007754552105045405,0.00783853374612269,-9.800067497067445,-2.9197260055915582e-05,-5.1760320645843105e-08,3.1585721657117717e-07,0.7999999999991945,-5.8217067672469965e-12,0.0,0.0,0.0,-1.5521777609098545e-15,-1.9483481852627073e-11,3.283399358307448,-3.286386751388553,0.002987393081119436,-1.51060955547622e-14,-1.94860998444911e-11
95.56,-9.481032473469644e-18,-1.5699999999950398,1.5700000000125558,-1.5699999999842706,-1.5700000000000145,-2.9413679654630523e-18,-6.802513244875099e-17,1.0484673370749489e-13,-8.25475836943784e-14,-6.615356008709651e-14,7.462604684380775e-14,1.8214278033220642e-17,-0.007761001694297783,0.007834149877683223,-9.8000539113974,-2.364904121237487e-05,-4.431466285334725e-08,6.897019415884962e-07,0.7999999999991962,-5.822026427178254e-12,0.0,0.0,0.0,-3.099837721183429e-15,-1.9485350709233533e-11,3.2833993583074554,-3.2863867513885614,0.002987393081121932,-1.4825072794785537e-14,-1.948898345400601e-11
95.58,-1.3313555679051389e-17,-1.5699999999950398,1.5700000000125558,-1.5699999999842706,-1.5700000000000145,-2.153445755166772e-18,-1.1810698033194043e-16,1.0455548115537925e-13,-8.26472868369484e-14,-6.620019543057995e-14,7.462749187989613e-14,2.357378501857513e-17,-0.007766168930345777,0.007829174189452472,-9.800041775198125,-1.8775093157220635e-05,-3.6823423336298984e-08,8.894880846701782e-07,0.799999999999198,-5.822146557809567e-12,0.0,0.0,0.0,-3.609253369505238e-15,-1.9483976292889886e-11,3.283399358307466,-3.2863867513885694,0.0029873930811169652,-1.6507786414360608e-14,-1.9487851999784777e-11
95.6,-1.5723247714159984e-17,-1.5699999999950398,1.5700000000125558,-1.5699999999842706,-1.5700000000000145,-1.4752141550476925e-18,-9.35856305050753e-17,1.0453829236106875e-13,-8.269518049153788e-14,-6.626946808946697e-14,7.460659755854681e-14,3.9596852096565746e-17,-0.007770074642334276,0.007823876220039841,-9.800031256124491,-1.4618546590672588e-05,-2.971940794969857e-08,9.37682386373345e-07,0.7999999999991991,-5.8220510471889644e-12,0.0,0.0,0.0,-3.0139357647341517e-15,-1.948525549024247e-11,3.2833993583074723,-3.2863867513885725,0.0029873930811144824,-1.4725149947156685e-14,-1.94885358795326e-11
95.62,-1.6849617307857698e-17,-1.5699999999950398,1.5700000000125558,-1.5699999999842706,-1.5700000000000145,-6.255354981595956e-19,-5.91384875492528e-17,1.0432719636507943e-13,-8.273720039603586e-14,-6.631375311068306e-14,7.45634029781317e-14,6.796792494777954e-17,-0.0077728155347046735,0.007818495162407856,-9.80002239027146,-1.116907197932374e-05,-2.329934438160411e-08,8.628430256196089e-07,0.7999999999992002,-5.821849000984513e-12,0.0,0.0,0.0,-1.871210084576429e-15,-1.9484579533970738e-11,3.283399358307477,-3.286386751388578,0.0029873930811144846,-1.4693170548902474e-14,-1.948671719758071e-11
95.64,-1.7256040434860224e-17,-1.5699999999950398,1.5700000000125558,-1.5699999999842706,-1.5700000000000145,-2.1025844117324486e-19,-2.07160186430387e-16,1.039501214412556e-13,-8.2792398585995e-14,-6.64375779885572e-14,7.456519439516453e-14,7.677377701012406e-17,-0.007774538368728918,0.007813225573298341,-9.800015108587019,-8.379068387192518e-06,-1.7722690275710812e-08,6.957060905833142e-07,0.7999999999992021,-5.821710133655729e-12,0.0,0.0,0.0,-1.0381152003280828e-15,-1.9484114956382137e-11,3.2833993583074856,-3.2863867513885867,0.00298739308111449,-1.5219493114302408e-14,-1.9485241889423923e-11
95.66,-1.6846761233913856e-17,-1.5699999999950398,1.5700000000125558,-1.5699999999842706,-1.5700000000000145,2.523887769206072e-19,1.6254865944247223e-16,1.0456169492457312e-13,-8.286393784992625e-14,-6.634529691073055e-14,7.459106269113021e-14,2.992524289091188e-17,-0.007775415415370342,0.007808215693993413,-9.800009272996666,-6.177967770498807e-06,-1.3044073335353998e-08,4.661709410256904e-07,0.7999999999992048,-5.821735032963083e-12,0.0,0.0,0.0,-1.0240168275102227e-15,-1.9484198292148615e-11,3.283399358307496,-3.286386751388597,0.0029873930811145,-1.469219231319567e-14,-1.948548876250152e-11
95.68,-1.596700943135911e-17,-1.5699999999950398,1.5700000000125558,-1.5699999999842706,-1.5700000000000145,6.637881221796828e-19,2.3599222942061448e-17,1.0420858593342333e-13,-8.280828783303748e-14,-6.650623214165903e-14,7.462567670125362e-14,2.3149864363821167e-20,-0.0077756249018403525,0.0078035700369125495,-9.800004706429414,-4.483778816207594e-06,-9.24297623312754e-09,2.012387422962333e-07,0.7999999999992083,-5.8218901574974896e-12,0.0,0.0,0.0,-1.6691409755573475e-15,-1.9483118599022606e-11,3.2833993583075087,-3.2863867513886125,0.002987393081117001,-1.6505558446410336e-14,-1.9485054193523547e-11
95.7,-1.5203466468705086e-17,-1.5699999999950398,1.5700000000125558,-1.5699999999842706,-1.5700000000000145,7.537375091566802e-19,1.271005838463942e-17,1.0411361264075573e-13,-8.285610618314165e-14,-6.64973256569618e-14,7.464537775280221e-14,3.523808362251683e-17,-0.00777533671147948,0.0077993544961609375,-9.80000121627881,-3.2118375436809703e-06,-6.24916751963183e-09,-7.620340306047172e-08,0.7999999999992126,-5.822052265879126e-12,0.0,0.0,0.0,-2.3637107890808135e-15,-1.948525971086699e-11,3.2833993583075274,-3.286386751388628,0.0029873930811145314,-1.472463551661514e-14,-1.948788987518147e-11
95.72,-1.4475465171575835e-17,-1.5699999999950398,1.5700000000125558,-1.5699999999842706,-1.5700000000000145,9.568626360385584e-19,-2.907801376614309e-17,1.0403201747762141e-13,-8.288238744957501e-14,-6.646528705221088e-14,7.463706396165127e-14,-2.4097255050592248e-17,-0.0077747029803034605,0.007795602602936491,-9.799998611570608,-2.280985610455368e-06,-3.96327221161965e-09,-3.4790761737160387e-07,0.7999999999992167,-5.822095625112461e-12,0.0,0.0,0.0,-2.4809052638580465e-15,-1.948540479942403e-11,3.283399358307545,-3.2863867513886453,0.002987393081114547,-1.5221669183125732e-14,-1.9487974522529342e-11
95.74,-1.4345638392956748e-17,-1.5699999999950398,1.5700000000125558,-1.5699999999842706,-1.5700000000000145,9.264495993960621e-19,-4.714975539662983e-17,1.0392335892985067e-13,-8.289428555873747e-14,-6.647555424988173e-14,7.462093883160093e-14,8.048391828211277e-18,-0.007773852893225007,0.007792321894607128,-9.799996714552186,-1.6175391049380985e-06,-2.272500082198134e-09,-6.002685131124905e-07,0.7999999999992199,-5.8219774156744085e-12,0.0,0.0,0.0,-1.809406177781291e-15,-1.9485009324132442e-11,3.283399358307558,-3.286386751388659,0.002987393081114558,-1.5220819522893657e-14,-1.9486907548151683e-11
95.76,-1.3362887021936959e-17,-1.5699999999950398,1.5700000000125558,-1.5699999999842706,-1.5700000000000145,1.1162353119703354e-18,3.1106334293726536e-16,1.0452768817222647e-13,-8.294368530309288e-14,-6.650412922175872e-14,7.465056644642237e-14,7.842627187019895e-18,-0.00777289084130471,0.007789499677510231,-9.79999536763905,-1.1574698779132138e-06,-1.0619533704229033e-09,-8.239657722950243e-07,0.7999999999992221,-5.821780276114492e-12,0.0,0.0,0.0,-7.714731519180531e-16,-1.948275104532798e-11,3.2833993583075656,-3.286386751388669,0.0029873930811170515,-1.6504550916678303e-14,-1.948378897200529e-11
95.78,-1.2581169587197046e-17,-1.5699999999950398,1.5700000000125558,-1.5699999999842706,-1.5700000000000145,1.1176593142515918e-18,-1.2141043116010876e-16,1.0378186057772925e-13,-8.288871302659612e-14,-6.650437662411286e-14,7.467823760804969e-14,-1.934659688834805e-17,-0.007771897093539416,0.007787107728976798,-9.799994436714478,-8.472234798897681e-07,-2.2216717448288778e-10,-1.0133872886889052e-06,0.7999999999992237,-5.821648928552792e-12,0.0,0.0,0.0,-1.0028931980877363e-16,-1.9482311599460355e-11,3.283399358307572,-3.286386751388676,0.0029873930811170563,-1.650366649254575e-14,-1.948267834230555e-11
95.8,-1.1782621309596577e-17,-1.5699999999950398,1.5700000000125558,-1.5699999999842706,-1.5700000000000145,1.005387634779756e-18,3.1985825327418686e-16,1.0448383852323753e-13,-8.291461777059123e-14,-6.656721682192157e-14,7.465669437545226e-14,-1.4794804474191386e-17,-0.007770930210697484,0.007785105703711315,-9.799993811732644,-6.435632760634238e-07,3.4636004889225456e-10,-1.1659484980355596e-06,0.7999999999992239,-5.821663137851044e-12,0.0,0.0,0.0,-1.9214316020116912e-16,-1.9483957856067407e-11,3.283399358307575,-3.286386751388676,0.0029873930811145704,-1.5218694340960084e-14,-1.9484238817069067e-11
95.82,-1.0261578414498873e-17,-1.5699999999950398,1.5700000000125558,-1.5699999999842706,-1.5700000000000145,9.394571129629521e-19,3.921445652894742e-17,1.0398116851211872e-13,-8.29239555271458e-14,-6.65228080995995e-14,7.46799301975302e-14,2.129227789030548e-17,-0.00777003054477322,0.007783443189519878,-9.799993405466472,-5.127754609173518e-07,7.308730844140092e-10,-1.2813968499063482e-06,0.7999999999992217,-5.821774483768149e-12,0.0,0.0,0.0,-7.839016587536977e-16,-1.9482731656863158e-11,3.283399358307564,-3.286386751388667,0.00298739308111705,-1.6504545374277614e-14,-1.9483782012047297e-11
95.84,-1.0219873740145013e-17,-1.5699999999950398,1.5700000000125558,-1.5699999999842706,-1.5700000000000145,9.061911427954688e-19,-6.424712706918523e-17,1.0392550665369805e-13,-8.299451583273414e-14,-6.64075186029851e-14,7.463283232362539e-14,2.3687405099949338e-17,-0.007769224296694938,0.007782060507021964,-9.799993151100821,-4.295064163468456e-07,1.0055727846479074e-09,-1.3611655687292778e-06,0.7999999999992172,-5.821870609784518e-12,0.0,0.0,0.0,-1.2806966082576353e-15,-1.9483053261769853e-11,3.2833993583075456,-3.286386751388649,0.002987393081117034,-1.6505197087970373e-14,-1.94846004119035e-11
95.86,-9.291542288751448e-18,-1.5699999999950398,1.5700000000125558,-1.5699999999842706,-1.5700000000000145,7.7445121163842855e-19,8.256093374845495e-17,1.0410308585374952e-13,-8.28761371770566e-14,-6.660172945044003e-14,7.46604197792793e-14,-3.24138736341088e-18,-0.007768527400942569,0.007780891223853826,-9.799992999308927,-3.7543883467835114e-07,1.2317954773783341e-09,-1.4078253759612178e-06,0.7999999999992103,-5.821902964375446e-12,0.0,0.0,0.0,-1.4075364309311717e-15,-1.948493787486195e-11,3.283399358307513,-3.286386751388619,0.0029873930811219825,-1.48233964189583e-14,-1.9486878318344174e-11
95.88,-8.640437859014052e-18,-1.5699999999950398,1.5700000000125558,-1.5699999999842706,-1.5700000000000145,7.502443126085704e-19,1.1317147568542542e-16,1.0416072651128669e-13,-8.295934863669197e-14,-6.644883479612604e-14,7.470541312134791e-14,-2.0782936775235008e-17,-0.0077679481078217405,0.007779871642071256,-9.799992915390678,-3.3795079499862786e-07,1.4590144200528595e-09,-1.4246686161316323e-06,0.7999999999992005,-5.821950226226187e-12,0.0,0.0,0.0,-1.5329775059268064e-15,-1.948429666227215e-11,3.283399358307472,-3.2863867513885774,0.002987393081119459,-1.5106729119797295e-14,-1.9486895453881198e-11
95.9,-7.908919589219053e-18,-1.5699999999950398,1.5700000000125558,-1.5699999999842706,-1.5700000000000145,7.878221723398495e-19,1.4222605594180276e-17,1.0389933801925377e-13,-8.290987358785087e-14,-6.657612330700654e-14,7.467826126102083e-14,-3.810897699636036e-18,-0.007767487942640366,0.007778953313174654,-9.799992876660896,-3.088519018394797e-07,1.7266250158441468e-09,-1.415415136729296e-06,0.7999999999991863,-5.822152561869101e-12,0.0,0.0,0.0,-2.338706909819854e-15,-1.948497366079062e-11,3.2833993583074137,-3.2863867513885183,0.0029873930811194073,-1.510790985569592e-14,-1.948837818180356e-11
95.92,-7.164249620935164e-18,-1.5699999999950398,1.5700000000125558,-1.5699999999842706,-1.5700000000000145,5.801513592910967e-19,6.060347856856494e-17,1.0398004705657488e-13,-8.292282595984801e-14,-6.659913172590253e-14,7.467513897194918e-14,5.640577198254988e-17,-0.0077671422051037685,0.007778107242939627,-9.799992869914119,-2.83256937005541e-07,2.0659854666327943e-09,-1.383982723918816e-06,0.7999999999991669,-5.822579530243119e-12,0.0,0.0,0.0,-4.160277125908658e-15,-1.9487201596158062e-11,3.283399358307334,-3.28638675138844,0.0029873930811218255,-1.4827391161801996e-14,-1.9491894780335264e-11
95.94,-6.4688457409080254e-18,-1.5699999999950398,1.5700000000125558,-1.5699999999842706,-1.5700000000000145,3.971327769801244e-19,2.5755737444606408e-17,1.0394933427772501e-13,-8.289835200114039e-14,-6.657463889295928e-14,7.469103739350711e-14,-2.6994852141054468e-18,-0.00776690103270979,0.007777318989461605,-9.79999288897633,-2.5863051264845453e-07,2.5018480341784724e-09,-1.3342832182367694e-06,0.7999999999991408,-5.823161803050485e-12,0.0,0.0,0.0,-6.65002364825452e-15,-1.9489149796029035e-11,3.2833993583072263,-3.286386751388332,0.002987393081121732,-1.4830925217203364e-14,-1.9496332726728584e-11
95.96,-5.771885015978196e-18,-1.5699999999950398,1.5700000000125558,-1.5699999999842706,-1.5700000000000145,3.69814260749304e-19,4.4758445315320173e-17,1.0396826503184257e-13,-8.294639626470612e-14,-6.654173437997533e-14,7.466599222462972e-14,2.690414868496073e-18,-0.007766750958427284,0.0077765822111096495,-9.799992932547834,-2.3401054426389558e-07,3.0526065456923676e-09,-1.2700545456874762e-06,0.7999999999991069,-5.823731728269059e-12,0.0,0.0,0.0,-8.97867609771288e-15,-1.9490257345729916e-11,3.283399358307085,-3.28638675138819,0.002987393081119122,-1.5117404980363393e-14,-1.9500301835930745e-11
95.98,-5.117054103253249e-18,-1.5699999999950398,1.5700000000125558,-1.5699999999842706,-1.5700000000000145,2.944747299156144e-19,4.52006897267022e-17,1.0395988639888229e-13,-8.293126006255304e-14,-6.653888925296739e-14,7.468509404884865e-14,8.782613366537711e-18,-0.007766676581048678,0.0077758938634812065,-9.799993002399784,-2.0939946583021998e-07,3.7291743184913116e-09,-1.1947534398621893e-06,0.799999999999066,-5.824106463853951e-12,0.0,0.0,0.0,-1.0250860116422371e-14,-1.9491511228393972e-11,3.283399358306917,-3.2863867513880214,0.0029873930811189714,-1.5119416554819977e-14,-1.9502827902613514e-11
96.0,-4.551127946205754e-18,-1.5699999999950398,1.5700000000125558,-1.5699999999842706,-1.5700000000000145,2.7080490121460965e-19,3.986024697972037e-17,1.039798537692553e-13,-8.29378868575291e-14,-6.656511390245424e-14,7.465741187005443e-14,3.142718271755592e-17,-0.007766662126709326,0.007775250784246801,-9.79999310186518,-1.853018936266378e-07,4.5324637175116975e-09,-1.111522707087695e-06,0.7999999999990197,-5.824169566578293e-12,0.0,0.0,0.0,-9.922552816271622e-15,-1.9492521852038224e-11,3.2833993583067276,-3.2863867513878326,0.0029873930811212855,-1.4841767593205838e-14,-1.950297731190579e-11
96.02,-3.956731227210572e-18,-1.5699999999950398,1.5700000000125558,-1.5699999999842706,-1.5700000000000145,2.1115148724584465e-19,3.2958910384345503e-17,1.0399257722194296e-13,-8.297169857280263e-14,-6.650004708354878e-14,7.46945799401417e-14,7.829161410430569e-18,-0.0077666927888857444,0.007774647424614794,-9.799993234548191,-1.6238289759436585e-07,5.449522859293383e-09,-1.0232358893694314e-06,0.7999999999989708,-5.823910572639985e-12,0.0,0.0,0.0,-8.009209885653338e-15,-1.949165547201215e-11,3.283399358306527,-3.286386751387632,0.0029873930811211,-1.482567623766688e-14,-1.9500197588949098e-11
96.04,-3.6504008651205714e-18,-1.5699999999950398,1.5700000000125558,-1.5699999999842706,-1.5700000000000145,-4.5367568632914713e-20,3.527405140010459e-17,1.0397179164045159e-13,-8.297290344461681e-14,-6.650635584355343e-14,7.467711119335128e-14,-9.690866623011309e-18,-0.007766755558467487,0.00777407517125383,-9.79999340302186,-1.4122841990921026e-07,6.449767306439831e-09,-9.325790108512624e-07,0.7999999999989235,-5.823359394390982e-12,0.0,0.0,0.0,-4.761704653060571e-15,-1.9487946329736725e-11,3.2833993583063337,-3.286386751387439,0.002987393081120208,-1.5090850845162117e-14,-1.9493063305757148e-11
96.06,-3.320743140027859e-18,-1.5699999999950398,1.5700000000125558,-1.5699999999842706,-1.5700000000000145,-1.6380332472061384e-19,2.9475112365751977e-17,1.0388574730600264e-13,-8.291040071928962e-14,-6.651748894947667e-14,7.470833224689949e-14,-1.8841667747869785e-17,-0.007766839100518306,0.007773524232819516,-9.799993607170835,-1.2221041307342018e-07,7.48432897957868e-09,-8.420594194517455e-07,0.7999999999988842,-5.82245786123609e-12,0.0,0.0,0.0,-2.974511869925595e-17,-1.9484930122762123e-11,3.2833993583061742,-3.286386751387279,0.0029873930811200535,-1.5084680772954254e-14,-1.9485315139248184e-11
96.08,-2.973132228965956e-18,-1.5699999999950398,1.5700000000125558,-1.5699999999842706,-1.5700000000000145,-1.8786862107955345e-19,1.4719885588739113e-17,1.039558530167785e-13,-8.297990676203516e-14,-6.643844389760769e-14,7.469596276358847e-14,-2.073188484218946e-17,-0.007766933094254283,0.007772986891331361,-9.799993842361593,-1.0545795205848756e-07,8.488297801051903e-09,-7.538838215959858e-07,0.7999999999988615,-5.8209996646907965e-12,0.0,0.0,0.0,7.031979265144646e-15,-1.9480051390271707e-11,3.283399358306083,-3.2863867513871883,0.0029873930811199576,-1.5075172267809965e-14,-1.9473374682373923e-11
96.1,-2.704675747329055e-18,-1.5699999999950398,1.5700000000125558,-1.5699999999842706,-1.5700000000000145,-1.2188058296491551e-19,3.590952688278962e-17,1.0390794378974177e-13,-8.289677060689925e-14,-6.653691003432816e-14,7.464840110442927e-14,3.891918003703347e-17,-0.007767028139439111,0.007772459276217661,-9.799994098073764,-9.089879555503751e-08,9.382023273476065e-09,-6.697991267345494e-07,0.7999999999988676,-5.818706361559451e-12,0.0,0.0,0.0,1.7584643665291792e-14,-1.9473444309633678e-11,3.283399358306111,-3.286386751387215,0.0029873930811181873,-1.5074536555451816e-14,-1.9456925480071506e-11
96.12,-2.4790326877692013e-18,-1.5699999999950398,1.5700000000125558,-1.5699999999842706,-1.5700000000000145,-1.4076595826426838e-19,-4.431283210749595e-18,1.0391273091784485e-13,-8.293773624856173e-14,-6.646850328363537e-14,7.469602519199496e-14,-2.3305736675788226e-17,-0.007767116385529254,0.007771941441456809,-9.799994357136173,-7.831944339371312e-08,1.0071328883620693e-08,-5.910059679668742e-07,0.7999999999989186,-5.815374362299791e-12,0.0,0.0,0.0,3.237381530879449e-14,-1.946229604445584e-11,3.2833993583063252,-3.2863867513874294,0.0029873930811183534,-1.5053881880840697e-14,-1.943098804325017e-11
96.14,-2.272381238392317e-18,-1.5699999999950398,1.5700000000125558,-1.5699999999842706,-1.5700000000000145,-1.3105879894907492e-19,1.5906470464730325e-17,1.0394499064402597e-13,-8.294775174551153e-14,-6.645514355656367e-14,7.465964266244209e-14,1.3449155273797454e-17,-0.007767192270434053,0.007771437497510233,-9.799994595410599,-6.741630245566231e-08,1.0451022514410531e-08,-5.18159218072508e-07,0.7999999999990338,-5.810964052150279e-12,0.0,0.0,0.0,5.1292231756955714e-14,-1.9447539803242735e-11,3.283399358306805,-3.2863867513879095,0.002987393081118752,-1.5027065850350642e-14,-1.9397313385588904e-11
96.16,-1.9504282734667504e-18,-1.5699999999950398,1.5700000000125558,-1.5699999999842706,-1.5700000000000145,-1.4197686868676772e-19,1.56120857252155e-17,1.0393028936253699e-13,-8.289609286650602e-14,-6.637016084818247e-14,7.467700124120848e-14,3.084234614629684e-17,-0.007767253315234425,0.0077709551744462105,-9.799994781925943,-5.7853311719943414e-08,1.0417432743940917e-08,-4.514370853001367e-07,0.7999999999992348,-5.805568497022782e-12,0.0,0.0,0.0,7.355881432435056e-14,-1.9428953980278e-11,3.2833993583076397,-3.286386751388746,0.002987393081121597,-1.549733427404456e-14,-1.9355928073004948e-11
96.18,-1.773491827363558e-18,-1.5699999999950398,1.5700000000125558,-1.5699999999842706,-1.5700000000000145,-1.28377968725734e-19,4.258210789468448e-18,1.04036535211617e-13,-8.257680183591002e-14,-6.613797373953549e-14,7.467156132125574e-14,-1.415244894261084e-17,-0.0077673011952406204,0.007770503029301189,-9.799994883896026,-4.9350830789632034e-08,9.903737385062016e-09,-3.906785686657685e-07,0.7999999999995441,-5.7993264384141845e-12,0.0,0.0,0.0,9.818680860629331e-14,-1.9408068512581288e-11,3.2833993583089187,-3.2863867513900265,0.00298739308112271,-1.546109068705994e-14,-1.9310414611026298e-11
96.2,-1.3443121718426814e-18,-1.5699999999950398,1.5700000000125558,-1.5699999999842706,-1.5700000000000145,-4.1751372447367377e-20,5.387466982528484e-18,1.0390679107153999e-13,-8.287606187260985e-14,-6.652825095207551e-14,7.470710571042776e-14,-1.497626763466051e-17,-0.007767341838370706,0.007770087610333214,-9.799994881507041,-4.175290368284236e-08,8.933022128612877e-09,-3.355719832861124e-07,0.7999999999999828,-5.792409993295886e-12,0.0,0.0,0.0,1.2409198287240722e-13,-1.9386258562988497e-11,3.2833993583107297,-3.2863867513918383,0.0029873930811246587,-1.4636550147573065e-14,-1.9262699487167392e-11
96.22,-1.1570135094310126e-18,-1.5699999999950398,1.5700000000125558,-1.5699999999842706,-1.5700000000000145,-1.179854803210237e-19,-1.7719579876148736e-17,1.038676881248965e-13,-8.287801978930701e-14,-6.652689023913422e-14,7.469021199711021e-14,-3.438478867245626e-17,-0.00776738277046243,0.0077697131778091425,-9.799994779200816,-3.5002824683237504e-08,7.62904949498668e-09,-2.858240308326503e-07,0.8000000000005679,-5.7851311085633605e-12,0.0,0.0,0.0,1.496320778402198e-13,-1.9361459168519448e-11,3.283399358313143,-3.2863867513942537,0.002987393081125732,-1.579585797256644e-14,-1.921227117988857e-11
96.24,-9.689660489818117e-19,-1.5699999999950398,1.5700000000125558,-1.5699999999842706,-1.5700000000000145,-7.91162627663805e-21,1.7403854393817925e-17,1.0391719399561977e-13,-8.292463326759495e-14,-6.647938898730142e-14,7.466279054918647e-14,1.0925601294718321e-17,-0.007767429340097298,0.007769381922222409,-9.799994598384266,-2.90744713218849e-08,6.1591112969800536e-09,-2.4122863330476554e-07,0.8000000000013077,-5.778097736080377e-12,0.0,0.0,0.0,1.7191802147768349e-13,-1.9336503744803743e-11,3.2833993583161893,-3.2863867513973033,0.0029873930811288086,-1.4829558273564702e-14,-1.916494099469343e-11
96.26,-9.59757056424643e-19,-1.5699999999950398,1.5700000000125558,-1.5699999999842706,-1.5700000000000145,-2.6865792393604204e-19,1.4931906726815812e-17,1.0393154416861705e-13,-8.292395552720014e-14,-6.650066558970553e-14,7.467315875625358e-14,1.505744221566688e-17,-0.007767483246621666,0.0077690937123172255,-9.799994363628347,-2.393536725486263e-08,4.677885715808117e-09,-2.0162934505288984e-07,0.800000000002197,-5.772370419922733e-12,0.0,0.0,0.0,1.8613509023518477e-13,-1.9317338738237063e-11,3.2833993583198477,-3.2863867514009653,0.0029873930811321,-1.4802975234214066e-14,-1.913155891936925e-11
96.28,-7.782092097343154e-19,-1.5699999999950398,1.5700000000125558,-1.5699999999842706,-1.5700000000000145,-1.4423767675758165e-19,-1.1746785138636025e-17,1.0389298712729574e-13,-8.292455796310732e-14,-6.64826052179133e-14,7.466642015068687e-14,-1.9636966118353328e-17,-0.007767543439237344,0.0077688466102253835,-9.799994096813732,-1.9539681774912455e-08,3.3156497568743463e-09,-1.66845824548201e-07,0.8000000000032084,-5.769570497922842e-12,0.0,0.0,0.0,1.8512469385711904e-13,-1.930796777390594e-11,3.283399358324003,-3.2863867514051246,0.0029873930811358715,-1.4796317490357647e-14,-1.912319835141619e-11
96.3,-6.709317839515106e-19,-1.5699999999950398,1.5700000000125558,-1.5699999999842706,-1.5700000000000145,-1.4824587822335242e-19,-1.9991415401901258e-17,1.0388091964482493e-13,-8.289820139218531e-14,-6.65724122722147e-14,7.470283659468363e-14,-1.7250729749663572e-17,-0.007767607393534111,0.007768637772170218,-9.799993816174826,-1.5828601790767167e-08,2.1856907081348965e-09,-1.3662353479757157e-07,0.800000000004284,-5.7718645534423204e-12,0.0,0.0,0.0,1.5960462171868825e-13,-1.9315639919725848e-11,3.283399358328414,-3.2863867514095393,0.002987393081139922,-1.482274934120926e-14,-1.915639056937453e-11
96.32,-4.948663341274463e-19,-1.5699999999950398,1.5700000000125558,-1.5699999999842706,-1.5700000000000145,-8.824269609598585e-20,-5.065092170069575e-19,1.0388230359669145e-13,-8.292561222594444e-14,-6.645279323433183e-14,7.464047225295948e-14,8.804500610782304e-18,-0.007767672003254719,0.007768464093714095,-9.799993536016471,-1.2732676892598472e-08,1.3918485698452086e-09,-1.1061440281218804e-07,0.8000000000053247,-5.781850773924119e-12,0.0,0.0,0.0,9.88804832744662e-14,-1.934958132954033e-11,3.283399358332671,-3.2863867514138,0.0029873930811442546,-1.5430616732704655e-14,-1.9251233753317173e-11
96.34,-4.443866217206372e-19,-1.5699999999950398,1.5700000000125558,-1.5699999999842706,-1.5700000000000145,-4.3509309648636304e-20,-1.0715299393383677e-17,1.039137690435789e-13,-8.294323347621848e-14,-6.648643995439999e-14,7.468034807823168e-14,2.4979239881319823e-18,-0.007767734162978615,0.007768322632607746,-9.799993266885362,-1.0175008959877854e-08,1.0347862679492297e-09,-8.837793255579133e-08,0.8000000000061819,-5.802456901860672e-12,0.0,0.0,0.0,-8.516409846017403e-15,-1.9418522217728942e-11,3.283399358336157,-3.28638675141729,0.0029873930811476234,-1.557103922393504e-14,-1.942757153462626e-11
96.36,-4.2296539075430713e-19,-1.5699999999950398,1.5700000000125558,-1.5699999999842706,-1.5700000000000145,-5.682028476946063e-20,-1.4932017443002097e-17,1.0390301813722508e-13,-8.297749701841737e-14,-6.639910692364723e-14,7.465705976417034e-14,-1.933203411840129e-17,-0.0077677911159719105,0.007768210843819575,-9.799993016024144,-8.074571363141226e-09,1.215726706349433e-09,-6.939519531508221e-08,0.8000000000066461,-5.83686953164175e-12,0.0,0.0,0.0,-1.7437851044734064e-13,-1.9533657771436395e-11,3.2833993583380088,-3.286386751419143,0.0029873930811496214,-1.579480517105644e-14,-1.970856918893503e-11
96.38,-2.0853183088234572e-19,-1.5699999999950398,1.5700000000125558,-1.5699999999842706,-1.5700000000000145,3.625833578676263e-20,3.00857149216208e-17,1.0391459523202385e-13,-8.293065762666467e-14,-6.654779573805559e-14,7.464640468840624e-14,3.562810535917438e-17,-0.007767840635201252,0.0077681266586151956,-9.79999278797943,-6.349271448290714e-09,2.0364738529237684e-09,-5.3090750479636246e-08,0.8000000000064394,-5.8883988817191106e-12,0.0,0.0,0.0,-4.101184298127325e-13,-1.970695227554325e-11,3.2833993583370815,-3.286386751418215,0.002987393081148523,-1.656113659373831e-14,-2.01175147945653e-11
96.4,-2.2990874897869903e-19,-1.5699999999950398,1.5700000000125558,-1.5699999999842706,-1.5700000000000145,-1.4243375442440537e-19,1.5778637379945902e-17,1.0390279692916387e-13,-8.291484368411144e-14,-6.651390161563814e-14,7.465862447290625e-14,1.9962877606144693e-17,-0.007767881096603392,0.007768068434512417,-9.799992585272765,-4.918620920660081e-09,3.594575413626286e-09,-3.885978685383102e-08,0.800000000005212,-5.960202274246279e-12,0.0,0.0,0.0,-7.254789489146865e-13,-1.994719413274161e-11,3.2833993583319336,-3.2863867514130614,0.002987393081144457,-1.7003577625003492e-14,-2.06731171708656e-11
96.42,-2.1206726389291905e-19,-1.5699999999950398,1.5700000000125558,-1.5699999999842706,-1.5700000000000145,-1.9955865218990824e-19,2.2278464813142832e-17,1.038624303368014e-13,-8.291409063922798e-14,-6.652355030742243e-14,7.465606350037253e-14,2.4068361302216e-17,-0.007767911493685602,0.007768034797167107,-9.799992409074475,-3.7060615420692268e-09,5.972525595107059e-09,-2.6099572057583283e-08,0.8000000000025463,-6.0547488741052596e-12,0.0,0.0,0.0,-1.126111917641596e-12,-2.0263534057814775e-11,3.283399358320847,-3.286386751401966,0.0029873930811351707,-1.757452231504243e-14,-2.1390090064665652e-11
96.44,-2.9362735367908056e-19,-1.5699999999950398,1.5700000000125558,-1.5699999999842706,-1.5700000000000145,-3.4031244034154244e-19,-7.845909294287663e-18,1.0386990322412425e-13,-8.294504078393937e-14,-6.642223904369848e-14,7.46482303439463e-14,-1.4057003597723046e-17,-0.007767931432375358,0.007768024389979445,-9.799992259843748,-2.6411183576439706e-09,9.219997703603601e-09,-1.4245630232546533e-08,0.7999999999979717,-6.172952972178023e-12,0.0,0.0,0.0,-1.6097219971288043e-12,-2.0659032489018838e-11,3.2833993583018892,-3.2863867513829907,0.0029873930811189016,-1.827457993296201e-14,-2.22691985753569e-11
96.46,-1.0013347730016112e-19,-1.5699999999950398,1.5700000000125558,-1.5699999999842706,-1.5700000000000145,-7.478979841314364e-20,1.725069177286461e-17,1.0394137693215947e-13,-8.295852028735395e-14,-6.649645974972661e-14,7.466007966175693e-14,2.2809809284705207e-17,-0.007767941135223852,0.007768035543540482,-9.79999213791413,-1.6616279932839673e-09,1.3328297963441946e-08,-2.8139169322092645e-09,0.7999999999909939,-6.313193156322471e-12,0.0,0.0,0.0,-2.1619378272657955e-12,-2.1128266041461488e-11,3.2833993582730345,-3.28638675135411,0.0029873930810937876,-1.9087987393925904e-14,-2.3290647957936506e-11
96.48,-1.4830195391508842e-19,-1.5699999999950398,1.5700000000125558,-1.5699999999842706,-1.5700000000000145,-6.261654360372713e-20,-7.593300545013733e-18,1.0388549418898117e-13,-8.295588463026176e-14,-6.650400552150678e-14,7.467670897199225e-14,-7.793159979355016e-18,-0.007767941474762743,0.007768065875996422,-9.799992044012557,-7.16321141471356e-10,1.8196613586508363e-08,8.549401153943741e-09,0.799999999981145,-6.470282489666274e-12,0.0,0.0,0.0,-2.7522817751995717e-12,-2.1653881792450025e-11,3.2833993582323697,-3.2863867513134086,0.002987393081058033,-1.9976655947373404e-14,-2.440660765685879e-11
96.5,-2.0690204285104105e-19,-1.5699999999950398,1.5700000000125558,-1.5699999999842706,-1.5700000000000145,-1.506440112465915e-19,-1.1110203872991757e-17,1.0388380203346857e-13,-8.288539962916744e-14,-6.662115053585282e-14,7.465770035830884e-14,9.311460645262069e-18,-0.007767934070941509,0.007768111875860087,-9.79999197977258,2.3200006065212064e-10,2.3590259402362366e-08,2.000985197327257e-08,0.799999999968055,-6.6341305987227246e-12,0.0,0.0,0.0,-3.3289849080407277e-12,-2.2202120706559043e-11,3.283399358178393,-3.286386751259383,0.0029873930810101765,-2.087247738477702e-14,-2.5531549703808925e-11
96.52,-2.0297793641305532e-19,-1.5699999999950398,1.5700000000125558,-1.5699999999842706,-1.5700000000000145,-1.7105956584533386e-19,-7.163712752290759e-18,1.0388045566846773e-13,-8.290302087944097e-14,-6.657154636399203e-14,7.467217264511977e-14,2.8058948917309015e-18,-0.0077679215087417455,0.0077681685681434765,-9.799991948365973,1.2029961457001536e-09,2.9092028409392446e-08,3.1480366152265355e-08,0.799999999951553,-6.7880872102398635e-12,0.0,0.0,0.0,-3.812652664476297e-12,-2.2717275188182217e-11,3.283399358110427,-3.286386751191356,0.002987393080949452,-2.1667866245412602e-14,-2.6530371941867626e-11
96.54,-2.356036706613109e-19,-1.5699999999950398,1.5700000000125558,-1.5699999999842706,-1.5700000000000145,-2.236956447174291e-19,2.431190019499956e-18,1.0389191817058011e-13,-8.299963653799245e-14,-6.640219945307413e-14,7.466729274549445e-14,-8.74162380089664e-18,-0.00776790765686139,0.007768229275049008,-9.799991955151134,2.1962617134332714e-09,3.4049030840994965e-08,4.255418258666046e-08,0.7999999999317993,-6.907248937566238e-12,0.0,0.0,0.0,-4.090206772761797e-12,-2.3116023577730358e-11,3.2833993580291687,-3.2863867511100238,0.002987393080876273,-2.2206424011443703e-14,-2.7206674439701243e-11
96.56,-2.744345871899898e-19,-1.5699999999950398,1.5700000000125558,-1.5699999999842706,-1.5700000000000145,-2.3364302908603805e-19,-8.022904601448488e-18,1.0389938038558241e-13,-8.296341507909675e-14,-6.653827074745676e-14,7.4660005460403e-14,9.216774550344127e-18,-0.00776789796455736,0.007768285389193846,-9.799992008014001,3.1904743065147564e-09,3.751936809862897e-08,5.243508320952797e-08,0.7999999999094507,-6.957079928120951e-12,0.0,0.0,0.0,-4.0108055498135215e-12,-2.3282814642401448e-11,3.283399357937368,-3.286386751018139,0.002987393080792846,-2.227601487954451e-14,-2.7294064281424044e-11
96.58,-2.931839704195744e-19,-1.5699999999950398,1.5700000000125558,-1.5699999999842706,-1.5700000000000145,-1.90972280501842e-19,5.1931627981139034e-18,1.0386824696641603e-13,-8.295114044749591e-14,-6.644413415197933e-14,7.46521620432392e-14,1.9782697339696764e-19,-0.007767899645067915,0.007768326193446713,-9.799992117279592,4.143302485824601e-09,3.8225614786547374e-08,5.986428230260333e-08,0.7999999998858552,-6.892561131326566e-12,0.0,0.0,0.0,-3.3846827421959193e-12,-2.306702061023364e-11,3.2833993578406258,-3.286386750921309,0.002987393080703886,-2.1605573983801452e-14,-2.6452147441638642e-11
96.6,-3.661947474453013e-19,-1.5699999999950398,1.5700000000125558,-1.5699999999842706,-1.5700000000000145,-1.2019096288268918e-19,6.5700821992720345e-18,1.039041563023609e-13,-8.294797765898525e-14,-6.654086847216764e-14,7.4667910442003e-14,2.3683015311811346e-17,-0.007767921724565814,0.007768338875503351,-9.79999229526304,4.991011152191813e-09,3.4524996078881126e-08,6.305057162588529e-08,0.7999999998632714,-6.657958147564905e-12,0.0,0.0,0.0,-1.985119416920993e-12,-2.22812716010727e-11,3.2833993577482974,-3.2863867508288966,0.0029873930806181563,-1.942474495594427e-14,-2.426692392504477e-11
96.62,-4.0970297653931043e-19,-1.5699999999950398,1.5700000000125558,-1.5699999999842706,-1.5700000000000145,-1.8036622079658613e-19,-1.4987344713367746e-17,1.0390916862718169e-13,-8.295731541554051e-14,-6.653802334510324e-14,7.469563809194173e-14,-5.0054455780241095e-18,-0.007767974923766234,0.0077683088604138615,-9.799992555430721,5.647886298481554e-09,2.4409303816773226e-08,5.961928909369749e-08,0.7999999998450952,-6.187617309891887e-12,0.0,0.0,0.0,4.447697268706286e-13,-2.0707671175256687e-11,3.283399357674423,-3.286386750754953,0.0029873930805464776,-1.623665914242401e-14,-2.0263434355437233e-11
96.64,-3.339768668257369e-19,-1.5699999999950398,1.5700000000125558,-1.5699999999842706,-1.5700000000000145,-1.5649618535857492e-19,-1.7997462288530018e-18,1.0386153105915473e-13,-8.295784254695896e-14,-6.64012098436603e-14,7.466924433811849e-14,1.0000076088819497e-17,-0.007768071302621794,0.007768220564982064,-9.79999291105057,6.006289678824442e-09,5.5510565748591566e-09,4.660140380881112e-08,0.7999999998360687,-5.408521361906517e-12,0.0,0.0,0.0,4.17731569208326e-12,-1.810190553896785e-11,3.283399357638577,-3.2863867507190725,0.0029873930805060845,-1.1629898474446523e-14,-1.392503393609398e-11
96.66,-3.833928024549284e-19,-1.5699999999950398,1.5700000000125558,-1.5699999999842706,-1.5700000000000145,-2.441477267188798e-19,-7.872458588140355e-18,1.0385497372746584e-13,-8.292794666508452e-14,-6.648792436853495e-14,7.466571982815735e-14,9.144161288021349e-18,-0.0077682235756416545,0.007768058693566304,-9.799993373201549,5.938393311560461e-09,-2.4584150556884295e-08,2.0488686805032277e-08,0.7999999998424399,-4.245386032997035e-12,0.0,0.0,0.0,9.474474797708712e-12,-1.4209406883909017e-11,3.2833993576665184,-3.2863867507470372,0.0029873930805219715,-3.87132185963472e-15,-4.735464993251897e-12
96.68,-4.414018278823266e-19,-1.5699999999950398,1.5700000000125558,-1.5699999999842706,-1.5700000000000145,-3.848849115989719e-19,1.1254747877605499e-17,1.0387035555798253e-13,-8.290640958141677e-14,-6.653926035686999e-14,7.469391266761596e-14,7.753055396197126e-18,-0.007768443988719667,0.007767810202871967,-9.799993948018422,5.3008902787010525e-09,-6.853628754083935e-08,-2.2614115114280716e-08,0.799999999872021,-2.6289673157590423e-12,0.0,0.0,0.0,1.65485163964535e-11,-8.801141103945143e-12,3.2833993577904184,-3.2863867508710456,0.0029873930806207836,6.068673332588766e-15,7.746842385456412e-12
96.7,-5.26756466115751e-19,-1.5699999999950398,1.5700000000125558,-1.5699999999842706,-1.5700000000000145,-4.466977886983529e-19,-1.503704330542194e-17,1.0387712471903873e-13,-8.29262146618525e-14,-6.652775614743565e-14,7.466237029080461e-14,6.5700981820736025e-18,-0.007768742640682272,0.007767467058338697,-9.799994633076798,3.944222846021919e-09,-1.2853607961409023e-07,-8.670474392129921e-08,0.799999999934086,-5.082061606482238e-13,0.0,0.0,0.0,2.5507216983564707e-11,-1.7053597597225234e-12,3.2833993580484186,-3.286386751129276,0.002987393080837623,1.8853286655223395e-14,2.3801324316789763e-11
96.72,-4.328990413959339e-19,-1.5699999999950398,1.5700000000125558,-1.5699999999842706,-1.5700000000000145,-3.746013633319864e-19,2.93955959178618e-17,1.0392014958131106e-13,-8.296062881302786e-14,-6.645514355670598e-14,7.465764970265884e-14,4.395715773139356e-17,-0.007769125138075459,0.0077670298800538665,-9.799995412883781,1.728096947819476e-09,-2.0605283606056477e-07,-1.7542830331874685e-07,0.8000000000390259,2.1331589971569915e-12,0.0,0.0,0.0,3.628170051745761e-11,7.132376183578007e-12,3.2833993584831904,-3.286386751564437,0.0029873930812113307,3.447102153367744e-14,4.34135437939826e-11
96.74,-2.862505040550338e-19,-1.5699999999950398,1.5700000000125558,-1.5699999999842706,-1.5700000000000145,-1.1762003995139773e-19,-4.564907526195431e-18,1.0392617415944532e-13,-8.29106266327643e-14,-6.651167499446306e-14,7.470002785225113e-14,-1.3209126365029361e-18,-0.007769589495187491,0.007766512524374808,-9.799996253543624,-1.4547492318392469e-09,-3.011848417750997e-07,-2.914134033734418e-07,0.8000000001976728,5.25517070973365e-12,0.0,0.0,0.0,4.853663990187232e-11,1.7577522656008545e-11,3.2833993591391306,-3.2863867522209653,0.002987393081782113,5.2107100619906554e-14,6.611371846866914e-11
96.76,-4.642355567318667e-19,-1.5699999999950398,1.5700000000125558,-1.5699999999842706,-1.5700000000000145,-2.9869313689822026e-19,-6.737996733849368e-18,1.0391576034745397e-13,-8.292395552720199e-14,-6.654655872629562e-14,7.467982920882163e-14,-1.4279907822780906e-17,-0.007770122239181524,0.007765947561311845,-9.799997096833717,-5.644374448989012e-09,-4.1188074948683623e-07,-4.353662549904621e-07,0.800000000420189,8.73540889892809e-12,0.0,0.0,0.0,6.156418266075955e-11,2.92231847188539e-11,3.2833993600577585,-3.2863867531404223,0.002987393082591124,7.219563985125339e-14,9.078683447255891e-11
96.78,-4.2350844768507253e-19,-1.5699999999950398,1.5700000000125558,-1.5699999999842706,-1.5700000000000145,-2.1483067967458133e-19,5.028222038549433e-18,1.0394912438915105e-13,-8.298359668197416e-14,-6.643262994254416e-14,7.46442729387856e-14,2.7271335287562585e-17,-0.007770693759241233,0.007765392482459897,-9.799997854189815,-1.0766643854812364e-08,-5.329951827268746e-07,-6.049010484119474e-07,0.8000000007144199,1.233832746083365e-11,0.0,0.0,0.0,7.416485406628769e-11,4.127863690919758e-11,3.2833993612709107,-3.2863867543546705,0.002987393083667415,9.182997047345101e-14,1.1544295806842987e-10
96.8,-4.454015962584186e-19,-1.5699999999950398,1.5700000000125558,-1.5699999999842706,-1.5700000000000145,-2.4165480286101933e-19,-9.769008890956567e-18,1.0392148901128095e-13,-8.288871302665476e-14,-6.650685064857104e-14,7.467184656962623e-14,2.029113124655088e-19,-0.007771253054214279,0.007764936317469507,-9.799998401573733,-1.6570156494882863e-08,-6.552045372661866e-07,-7.931058924667415e-07,0.8000000010836138,1.56814236575739e-11,0.0,0.0,0.0,8.452250495708314e-11,5.246500846510679e-11,3.28339936279133,-3.286386755876466,0.0029873930850267427,1.0898605172059082e-13,1.369869805151337e-10
96.82,-7.178750911545972e-19,-1.5699999999950398,1.5700000000125558,-1.5699999999842706,-1.5700000000000145,-2.1031327439534352e-19,-2.545501653148779e-18,1.0397728928653939e-13,-8.277944621406074e-14,-6.63889634271651e-14,7.467210622033555e-14,1.5581663161678625e-17,-0.007771722182174896,0.007764706135877023,-9.799998579194,-2.25343844682071e-08,-7.638428170039206e-07,-9.868767475761978e-07,0.8000000015242905,1.8259975017968782e-11,0.0,0.0,0.0,9.03761970721061e-11,6.109412697088252e-11,3.2833993646039534,-3.2863867576907344,0.0029873930866594505,1.2105158383055812e-13,1.5146996877161597e-10
96.84,-1.289224142630565e-19,-1.5699999999950398,1.5700000000125558,-1.5699999999842706,-1.5700000000000145,-1.2923607829998425e-19,-3.471684918181445e-18,1.0390715565528167e-13,-8.291815708159899e-14,-6.640826081073252e-14,7.467559908401353e-14,1.163509560149187e-17,-0.007771990881165638,0.00776487503085975,-9.799998219324156,-2.7679732908582316e-08,-8.377607666372814e-07,-1.1650971952805947e-06,0.8000000020257398,1.9648140215604294e-11,0.0,0.0,0.0,9.003358551753861e-11,6.573867451940159e-11,3.2833993666641694,-3.286386759752823,0.002987393088528779,1.2350424145548613e-13,1.5577181594772506e-10
96.86,-4.428307225300102e-19,-1.5699999999950398,1.5700000000125558,-1.5699999999842706,-1.5700000000000145,-4.8787495052373814e-20,-1.1169629721308663e-16,1.037227281682054e-13,-8.29055059275564e-14,-6.649138800148275e-14,7.465601122459102e-14,-5.144037076687519e-17,-0.007771912311148062,0.007765671906868439,-9.799997213855214,-3.030307321212857e-08,-8.483663574087388e-07,-1.2968213584024599e-06,0.8000000025693236,1.976623808826461e-11,0.0,0.0,0.0,8.36100412491997e-11,6.613621327148738e-11,3.2833993688953576,-3.2863867619860434,0.0029873930905662508,1.191461784766358e-13,1.4974572161362954e-10
96.88,4.630450889893884e-19,-1.5699999999950398,1.5700000000125558,-1.5699999999842706,-1.5700000000000145,6.216461014594303e-20,-6.461873311584445e-17,1.0379007610852741e-13,-8.292094334766788e-14,-6.648062599911009e-14,7.466026467907581e-14,3.3648047063770195e-17,-0.007771301480375973,0.007767382005065608,-9.79999555384054,-2.7959947203371055e-08,-7.590687508001992e-07,-1.3397220370511841e-06,0.8000000031231657,1.8892132742655613e-11,0.0,0.0,0.0,7.292460442606716e-11,6.321176856977897e-11,3.2833993711671194,-3.286386764259876,0.0029873930926476704,1.0860076030139593e-13,1.3613610654231553e-10
96.9,8.503443411250346e-19,-1.5699999999950398,1.5700000000125558,-1.5699999999842706,-1.5700000000000145,1.412025406263902e-19,1.5411532527062771e-16,1.0414284002803765e-13,-8.293690789919785e-14,-6.639898322248186e-14,7.466572490451605e-14,1.7228455097317794e-18,-0.007769937596753684,0.007770328436040167,-9.799993290305032,-1.782087485653958e-08,-5.25398378496634e-07,-1.2391091333050101e-06,0.8000000036329822,1.7422160348614354e-11,0.0,0.0,0.0,6.021250169558611e-11,5.829485815071249e-11,3.2833993732572697,-3.2863867663519337,0.002987393094569046,9.456230566058388e-14,1.185070933927683e-10
96.92,8.719735592683109e-19,-1.5699999999950398,1.5700000000125558,-1.5699999999842706,-1.5700000000000145,1.110972496290057e-19,1.7448299557116592e-16,1.0416570692741297e-13,-8.288976728949163e-14,-6.6506974349753e-14,7.466926356349387e-14,2.813135075597298e-17,-0.007767571292581341,0.007774841927218711,-9.799990485422494,2.9723434566713067e-09,-9.61391199355565e-08,-9.278619940646256e-07,0.8000000040139422,1.568812614902723e-11,0.0,0.0,0.0,4.7221886826893306e-11,5.249424978911028e-11,3.2833993748181536,-3.2863867679142436,0.002987393096010165,7.959835205032024e-14,9.971587016247365e-11
96.94,7.691691526805199e-19,-1.5699999999950398,1.5700000000125558,-1.5699999999842706,-1.5700000000000145,-7.128680464092005e-21,-2.3936018407729304e-16,1.0371437282022345e-13,-8.297335527155867e-14,-6.648371852853053e-14,7.467395768973268e-14,1.2027167208029601e-17,-0.007763938860614511,0.007781224459596557,-9.799987211921469,3.713920494241117e-08,5.84083618776718e-07,-3.277858585873501e-07,0.8000000041452989,1.3924072118164982e-11,0.0,0.0,0.0,3.509643917130008e-11,4.659298258916627e-11,3.283399375354556,-3.2863867684511403,0.002987393096518311,6.524319690481202e-14,8.168915530693688e-11
96.96,2.731023957724072e-19,-1.5699999999950398,1.5700000000125558,-1.5699999999842706,-1.5700000000000145,6.511472997013855e-21,-1.613314923235625e-16,1.0380605946977002e-13,-8.293848929345321e-14,-6.655682592396758e-14,7.467732094407448e-14,-1.1079310465163962e-17,-0.007758786596541115,0.007789700511145227,-9.79998357801831,8.708573218135121e-08,1.5702312457300924e-06,6.469091788038425e-07,0.8000000038671643,1.2282505052073632e-11,0.0,0.0,0.0,2.450010678840825e-11,4.11017635468934e-11,3.283399374210491,-3.286386767306039,0.0029873930954956813,5.1713026407725346e-14,6.56014262460879e-11
96.98,1.1014889775475889e-18,-1.5699999999950398,1.5700000000125558,-1.5699999999842706,-1.5700000000000145,-1.0204677619095096e-20,-1.2295153960893862e-16,1.0366723685120251e-13,-8.29010629627439e-14,-6.656090806279927e-14,7.470995938386338e-14,-1.469767227397641e-17,-0.007751908047228044,0.007800350152949969,-9.799979757181047,1.5458797152972584e-07,2.9097523235075985e-06,2.083212259034879e-06,0.8000000029799922,1.0851333451458508e-11,0.0,0.0,0.0,1.5735557606528365e-11,3.63134053961238e-11,3.2833993705671123,-3.2863867636593493,0.0029873930921955165,4.163970689189211e-14,5.2048696549123876e-11
97.0,1.3970855768961165e-18,-1.5699999999950398,1.5700000000125558,-1.5699999999842706,-1.5700000000000145,1.2932587248631332e-19,6.016188716457774e-17,1.0394039173694945e-13,-8.293924233833668e-14,-6.64743172391016e-14,7.4690400362523e-14,9.181395260921689e-19,-0.007743196494698593,0.007813022055612663,-9.799976021457645,2.403127324951884e-07,4.63243846985195e-06,4.0591591398869826e-06,0.8000000012483803,9.670028696043956e-12,0.0,0.0,0.0,8.849716407926978e-12,3.2361332479977636e-11,3.2833993634583254,-3.286386756544098,0.002987393085739688,3.3009186032961055e-14,4.1210782434377185e-11
97.02,1.067505391875585e-18,-1.5699999999950398,1.5700000000125558,-1.5699999999842706,-1.5700000000000145,2.765615951350593e-19,-1.579648235312631e-16,1.0362034548311253e-13,-8.295641176168008e-14,-6.642607378018276e-14,7.466093940369131e-14,2.2814128564985608e-17,-0.007732714459317155,0.007827226020266182,-9.799972776434782,3.431614070210732e-07,6.736810133182714e-06,6.62909135131865e-06,0.7999999984111817,8.74391459845567e-12,0.0,0.0,0.0,3.722156561164421e-12,2.926294466455568e-11,3.283399351812328,-3.286386744887507,0.0029873930751527777,2.6458643914315758e-14,3.2984834772193844e-11
97.04,6.879701837008634e-19,-1.5699999999950398,1.5700000000125558,-1.5699999999842706,-1.5700000000000145,1.869057402892383e-19,-4.981501126468031e-17,1.0379342851039687e-13,-8.292907623240942e-14,-6.653159088391858e-14,7.468828438205918e-14,-4.2379292449644886e-18,-0.007720780921121779,0.007842007082039486,-9.79997059489862,4.594345224163624e-07,9.172801554569241e-06,9.803609986153908e-06,0.7999999942002433,8.055982739365765e-12,0.0,0.0,0.0,1.347750447353239e-13,2.6961365991995793e-11,3.2833993345285264,-3.286386727587982,0.0029873930594337184,2.176910742058969e-14,2.7095874583206416e-11
97.06,1.3532295501526996e-19,-1.5699999999950398,1.5700000000125558,-1.5699999999842706,-1.5700000000000145,2.873351859704433e-19,-2.343241631989322e-16,1.0367967538542217e-13,-8.294496547945093e-14,-6.647827567675386e-14,7.465445375236715e-14,-6.857238369073447e-18,-0.007708075170019125,0.007855806737939109,-9.799970244936219,5.818331543155854e-07,1.1820847399558898e-05,1.3523773128419894e-05,0.7999999883703025,7.57620959147221e-12,0.0,0.0,0.0,-2.175951633180512e-12,2.535661570785252e-11,3.283399310600256,-3.2863867036379415,0.0029873930376670063,1.7918007573164602e-14,2.3180219985468003e-11
97.08,2.1843011139692315e-19,-1.5699999999950398,1.5700000000125558,-1.5699999999842706,-1.5700000000000145,1.5522345781403793e-19,-1.1801367955780387e-16,1.0365516333185575e-13,-8.290136418069688e-14,-6.657909213577319e-14,7.466089274433854e-14,4.5292542207752594e-18,-0.007695753534516239,0.00786632159365739,-9.799972706564914,6.983401594781178e-07,1.4467980447859252e-05,1.762955589699893e-05,0.7999999807425939,7.268542465620559e-12,0.0,0.0,0.0,-3.481980718983688e-12,2.43272043077681e-11,3.2833992792937647,-3.286386672302967,0.002987393009185474,1.6058233860443705e-14,2.0844779499584702e-11
97.1,-3.140001372575152e-19,-1.5699999999950398,1.5700000000125558,-1.5699999999842706,-1.5700000000000145,1.0708940511920988e-19,-1.5198886442724176e-18,1.0393798216441093e-13,-8.29393929473129e-14,-6.649992338267785e-14,7.467374383434059e-14,9.238621462314203e-18,-0.00768557155099609,0.007870375810571,-9.79997916907173,7.910608821430852e-07,1.6782264019907624e-05,2.1823321473620254e-05,0.799999971264411,7.095905022593389e-12,0.0,0.0,0.0,-4.0390837554078814e-12,2.3749545082898808e-11,3.283399240392674,-3.2863866333664826,0.0029873929737926747,1.5154592330132114e-14,1.9710017238296507e-11
97.12,-4.0424540939887915e-19,-1.5699999999950398,1.5700000000125558,-1.5699999999842706,-1.5700000000000145,9.578539804946676e-20,3.4370058899267465e-17,1.0388679858354657e-13,-8.293366980619831e-14,-6.654618762276825e-14,7.473299452770078e-14,-3.460406486628282e-17,-0.007679999310285905,0.007863831160654687,-9.799990999211072,8.351505617242548e-07,1.828783097576157e-05,2.5630094372772214e-05,0.7999999600861254,7.0236079417741596e-12,0.0,0.0,0.0,-4.071763541013693e-12,2.350847743227397e-11,3.2833991945140926,-3.2863865874461595,0.0029873929320511734,1.5377206283207232e-14,1.9436180984234524e-11
97.14,-4.1774509199549924e-19,-1.5699999999950398,1.5700000000125558,-1.5699999999842706,-1.5700000000000145,2.470409300929171e-19,1.3332966620845383e-16,1.0395737657136608e-13,-8.292606405287493e-14,-6.655385709572064e-14,7.466615607160255e-14,3.622833644341085e-17,-0.007682311725003123,0.007841567086945106,-9.800009668450741,7.980142882143749e-07,1.8343995127136486e-05,2.8357828567188188e-05,0.7999999476558012,7.021394109136446e-12,0.0,0.0,0.0,-3.765864318354233e-12,2.3501001434957537e-11,3.2833991434969407,-3.2863865363825897,0.0029873928856330068,1.5614848680137975e-14,1.9734604209585826e-11
97.16,2.239769957968847e-19,-1.5699999999950398,1.5700000000125558,-1.5699999999842706,-1.5700000000000145,4.230677065899373e-19,6.135630275263285e-18,1.0390227592592823e-13,-8.29436853031481e-14,-6.647852307910314e-14,7.467546213016307e-14,-4.374142640321941e-18,-0.007696628441401204,0.0077975723590560115,-9.800036625940926,6.390341644589886e-07,1.6133328839530072e-05,2.9062646682336472e-05,0.7999999348294196,7.064321810422049e-12,0.0,0.0,0.0,-3.2673079311654163e-12,2.364367432596645e-11,3.28339909085434,-3.286386483692091,0.002987392837735191,1.5698748155515645e-14,2.0375922305626825e-11
97.18,4.135938773249304e-19,-1.5699999999950398,1.5700000000125558,-1.5699999999842706,-1.5700000000000145,3.9199516657078983e-19,2.7167878899380867e-17,1.0389209981558829e-13,-8.297900310818355e-14,-6.644895849786776e-14,7.462017705055331e-14,2.077935532228955e-17,-0.007727870336541029,0.007725199151539826,-9.800073103161244,3.1015440301990066e-07,1.0665214395147803e-05,2.6526182316126907e-05,0.799999922991649,7.132825216294471e-12,0.0,0.0,0.0,-2.684874099363579e-12,2.387236944478102e-11,3.2833990422692847,-3.2863864350628313,0.0029873927935303557,1.7555168459945375e-14,2.1186962438416346e-11
97.2,3.398874818385447e-19,-1.5699999999950398,1.5700000000125558,-1.5699999999842706,-1.5700000000000145,2.9000906231578784e-19,8.151863863960231e-18,1.038982305779024e-13,-8.300513376564045e-14,-6.635878034004402e-14,7.465028940432734e-14,2.6367234260265586e-17,-0.007781591361184968,0.007617639041042071,-9.800119836571646,-2.4226858392550643e-07,8.030772106183318e-07,1.9254629718522494e-05,0.7999999141779424,7.212293593431192e-12,0.0,0.0,0.0,-2.0951061337105113e-12,2.4138204480040217e-11,3.2833990060957587,-3.2863863988563926,0.002987392760617005,1.8236508004275425e-14,2.2042565439334464e-11
97.22,2.9641439060298965e-19,-1.5699999999950398,1.5700000000125558,-1.5699999999842706,-1.5700000000000145,3.3200349794452e-19,1.9523763769650804e-17,1.0389404239329051e-13,-8.296680378107072e-14,-6.648384222969528e-14,7.46424168250709e-14,1.6812097480920204e-17,-0.007863636882251975,0.007468686052955263,-9.800176697007528,-1.0738770997095536e-06,-1.4674868372750316e-05,5.511763593309146e-06,0.79999991118341,7.292412746644506e-12,0.0,0.0,0.0,-1.5480046445646333e-12,2.4406670926666575e-11,3.283398993805575,-3.286386386555026,0.0029873927494328354,1.767546995794e-14,2.285822219294079e-11
97.24,2.436597173106551e-19,-1.5699999999950398,1.5700000000125558,-1.5699999999842706,-1.5700000000000145,3.3196792544617393e-19,-9.271534991812385e-18,1.0388524506036452e-13,-8.289413494981419e-14,-6.659467848402891e-14,7.468395931846315e-14,-2.6953396440155076e-17,-0.007979574228909285,0.007273851411646636,-9.80024222021367,-2.236463598696061e-06,-3.6970230543379194e-05,-1.6599201171970393e-05,0.7999999176374443,7.366504553690913e-12,0.0,0.0,0.0,-1.0722740155882846e-12,2.4654536616119807e-11,3.2833990202946546,-3.2863864130682066,0.002987392773533055,1.825168905389434e-14,2.3581818511366768e-11
97.26,1.2440743385174056e-19,-1.5699999999950398,1.5700000000125558,-1.5699999999842706,-1.5700000000000145,2.7536526208903e-19,5.789659709316297e-18,1.0392136935190921e-13,-8.29378115530563e-14,-6.655150677335553e-14,7.466521748401581e-14,9.96977064181929e-18,-0.0081338395040037,0.007031886361723663,-9.800313042314153,-3.769332884806467e-06,-6.710264540483767e-05,-4.898784512175874e-05,0.7999999380155925,7.430843403701799e-12,0.0,0.0,0.0,-6.802466994000652e-13,2.486977950175612e-11,3.283399103931753,-3.2863864967814016,0.002987392849629036,1.8721396756259113e-14,2.418908871317997e-11
97.28,1.5376365030385447e-19,-1.5699999999950398,1.5700000000125558,-1.5699999999842706,-1.5700000000000145,3.788525917418894e-19,-2.0382832689187414e-18,1.0388956734966989e-13,-8.293946825179994e-14,-6.653097237801868e-14,7.466469850662305e-14,2.2324448899765365e-17,-0.008328548975030173,0.0067467503670559465,-9.800383257857765,-5.687397386375226e-06,-0.00010568029938366481,-9.334452780439927e-05,0.7999999775520965,7.483888388090839e-12,0.0,0.0,0.0,-3.7282630189427553e-13,2.5047242687305206e-11,3.283399266199499,-3.286386659196787,0.0029873929972674186,1.910752249440679e-14,2.467397229621289e-11
97.3,3.1578206123281637e-20,-1.5699999999950398,1.5700000000125558,-1.5699999999842706,-1.5700000000000145,2.9518328889197784e-19,-2.082439960410484e-17,1.0388207796876209e-13,-8.28921770331169e-14,-6.65807002510561e-14,7.47157267835091e-14,-1.588124536011377e-17,-0.008561936408265884,0.0064300273493772585,-9.80044373751529,-7.965669718521785e-06,-0.00015259366321382188,-0.00015080606824326167,0.8000000420085059,7.52559914593123e-12,0.0,0.0,0.0,-1.4364591973935483e-13,2.5186789703592136e-11,3.2833995307447306,-3.2863869239827137,0.002987393237962855,1.940114993940482e-14,2.5042699694618947e-11
97.32,1.6110441347248082e-20,-1.5699999999950398,1.5700000000125558,-1.5699999999842706,-1.5700000000000145,3.441570623664973e-19,4.826239081376612e-18,1.0389841545695918e-13,-8.29532489731677e-14,-6.654111587450726e-14,7.461791763579049e-14,1.3496255460922558e-17,-0.008826402927331152,0.0061037379636095295,-9.80048146828245,-1.0520080283531919e-05,-0.00020662785848894605,-0.00022150379258127146,0.800000137246865,7.556898821944085e-12,0.0,0.0,0.0,1.7806473621340943e-14,2.5291507825269407e-11,3.2833999216267378,-3.286387315220364,0.002987393593605621,1.9613108574538514e-14,2.530887020960404e-11
97.34,-9.862231272968024e-20,-1.5699999999950398,1.5700000000125558,-1.5699999999842706,-1.5700000000000145,4.1717642073879865e-19,-1.8287184841010864e-17,1.038998249577125e-13,-8.29129610719012e-14,-6.660605899228084e-14,7.468003453167416e-14,5.4190526173404666e-18,-0.009106206989124732,0.005803417192643346,-9.800479011370323,-1.3184967584500413e-05,-0.0002649967089735164,-0.00030398478138579383,0.8000002685516411,7.579205205291417e-12,0.0,0.0,0.0,1.2361086984244915e-13,2.536613945454545e-11,3.2834004605342937,-3.2863878546182437,0.0029873940839291752,1.975679451836267e-14,2.5489306235028295e-11
97.36,-2.546369617226889e-19,-1.5699999999950398,1.5700000000125558,-1.5699999999842706,-1.5700000000000145,3.1840570824768044e-19,-6.600136283431457e-19,1.0385769797167541e-13,-8.29258381394089e-14,-6.647765717085499e-14,7.46648826598928e-14,-2.2487429934869838e-17,-0.009374882567610023,0.005581220190959767,-9.800414211455633,-1.5688200090260756e-05,-0.000322813045166804,-0.00039450790492985896,0.800000439644821,7.594065884594727e-12,0.0,0.0,0.0,1.8551167755309843e-13,2.541586147807852e-11,3.2834011627433632,-3.2863885574662164,0.002987394722832299,1.984568264833865e-14,2.5600929066177038e-11
97.38,-2.6810531387779386e-19,-1.5699999999950398,1.5700000000125558,-1.5699999999842706,-1.5700000000000145,3.445071143914325e-19,-5.3930439263067834e-18,1.0388452548731637e-13,-8.29119068090644e-14,-6.649076949558689e-14,7.46567937410371e-14,1.0102439836439416e-17,-0.00959255693571547,0.005508683179720425,-9.800260334241313,-1.762572126944658e-05,-0.0003725259620916025,-0.00048623280604893166,0.8000006513459582,7.603013284947774e-12,0.0,0.0,0.0,2.1423038228426582e-13,2.544580025670017e-11,3.2834020316176,-3.286389427130996,0.002987395513375387,1.9892393027804806e-14,2.5659586549412337e-11
97.4,-2.160988709379849e-19,-1.5699999999950398,1.5700000000125558,-1.5699999999842706,-1.5700000000000145,4.456878274527095e-19,2.2481917683239345e-18,1.0390313111286733e-13,-8.293276615233711e-14,-6.647988379203879e-14,7.464845521619712e-14,9.996262193073201e-18,-0.009703447853527952,0.005678600696893011,-9.799986854601562,-1.8438383395142977e-05,-0.0004033770371730366,-0.000568343553479056,0.80000089984646,7.607494702052524e-12,0.0,0.0,0.0,2.1922512350952523e-13,2.5460797517017874e-11,3.2834030515255916,-3.2863904479669483,0.00298739644133622,1.9908313025134123e-14,2.567957855081735e-11
97.42,-2.7291792951258604e-19,-1.5699999999950398,1.5700000000125558,-1.5699999999842706,-1.5700000000000145,5.078331652708563e-19,1.5524954897730296e-17,1.0392449127480157e-13,-8.29085934115772e-14,-6.655991845337358e-14,7.464116501488557e-14,3.1752408262593146e-17,-0.00963395397264242,0.0062052899404751736,-9.799561160433642,-1.739525117714494e-05,-0.00040095422261776425,-0.0006251802025399778,0.8000011745985519,7.608728732807413e-12,0.0,0.0,0.0,2.0813594230576652e-13,2.5464929976198706e-11,3.2834041791766464,-3.2863915766439944,0.0029873974673268536,1.9902773015406887e-14,2.5672621828641906e-11
97.44,-1.7799765554533322e-19,-1.5699999999950398,1.5700000000125558,-1.5699999999842706,-1.5700000000000145,5.870725916397022e-19,2.2648674532076042e-17,1.0392884374844972e-13,-8.293630546328964e-14,-6.640170464836485e-14,7.467994121293448e-14,2.216005477602616e-17,-0.009291909375801002,0.007222307169453494,-9.798951471003685,-1.3589083183638632e-05,-0.0003469539094926464,-0.0006354914633537936,0.800001455867861,7.607606049001901e-12,0.0,0.0,0.0,1.8647789353094628e-13,2.5461177319601637e-11,3.2834053335759807,-3.286392732093656,0.002987398517654365,1.9882537600795614e-14,2.5647211123113884e-11
97.46,-3.153365821464513e-19,-1.5699999999950398,1.5700000000125558,-1.5699999999842706,-1.5700000000000145,5.4347809229129e-19,-2.5467305429590466e-17,1.0391809790875649e-13,-8.285685922808207e-14,-6.643250624136366e-14,7.472478701633223e-14,-3.385742657148014e-17,-0.008567746686075442,0.008876477340286999,-9.798131285302741,-5.9513624273477575e-06,-0.00021929737229679278,-0.0005719698085442231,0.8000017120680674,7.604672499042265e-12,0.0,0.0,0.0,1.577248813404233e-13,2.5451365627545877e-11,3.283406385085468,-3.2863937845598565,0.002987399474367808,1.9851827322055132e-14,2.5608646418725382e-11
97.48,-6.320347965674979e-19,-1.5699999999950398,1.5700000000125558,-1.5699999999842706,-1.5700000000000145,2.587593637723661e-19,-4.875845671398088e-17,1.042468281964479e-13,-8.219839678196154e-14,-6.560024472445065e-14,7.470752834474236e-14,-4.689550247806223e-17,-0.007338490352739995,0.011316923585796607,-9.797085665257674,6.7041048901729926e-06,7.214833854392093e-06,-0.0004012851851166679,0.8000018970896069,7.600098384075148e-12,0.0,0.0,0.0,1.2329191990550684e-13,2.543748564173989e-11,3.2834071444599653,-3.28639454462527,0.0029874001652832965,2.0786445668170354e-14,2.5560422289434362e-11
97.5,-1.9656513331097185e-19,-1.5699999999950398,1.5700000000125558,-1.5699999999842706,-1.5700000000000145,3.042029260150697e-19,-3.874774509409188e-17,1.03886781227546e-13,-8.286228115124392e-14,-6.652181849095276e-14,7.470299536610855e-14,-3.476183217148505e-17,-0.005475661880341935,0.01467767430468637,-9.79581958855512,2.5598464402553154e-05,0.00035949164197463917,-8.489192687050518e-05,0.8000019479536933,7.593666099475128e-12,0.0,0.0,0.0,8.259914428535844e-14,2.541454594578752e-11,3.283407353218842,-3.286394753574084,0.0029874003552217763,1.9762682031559834e-14,2.549670099978102e-11
97.52,-1.6150200486651442e-19,-1.5699999999950398,1.5700000000125558,-1.5699999999842706,-1.5700000000000145,2.7522181223777374e-19,9.456657534687961e-19,1.038967446461007e-13,-8.292832318752589e-14,-6.643559877078635e-14,7.465596348518353e-14,9.950452533315581e-19,-0.0028582936692298434,0.019052431981004665,-9.794368455581616,5.185425301736934e-05,0.0008637368669767009,0.00041905980532444575,0.8000017832674319,7.584904532169649e-12,0.0,0.0,0.0,3.385758452105181e-14,2.5385233481366807e-11,3.283406677305372,-3.286394077045636,0.002987399740243604,1.970052563607247e-14,2.5418646975687425e-11
97.54,-1.8761597143202072e-19,-1.5699999999950398,1.5700000000125558,-1.5699999999842706,-1.5700000000000145,2.325617757706716e-19,9.879786913637829e-19,1.03854510290065e-13,-8.28744804783567e-14,-6.649435682972592e-14,7.465543338298215e-14,-8.464645203695814e-18,0.0006077204747807811,0.02446028047403971,-9.792810634436158,8.629935152646742e-05,0.001541772581177616,0.001152329819474276,0.8000013031215107,7.573243430843403e-12,0.0,0.0,0.0,-2.507598902212752e-14,2.5346219117485975e-11,3.2834047066668424,-3.2863921046141256,0.002987397947262943,1.9622527398908042e-14,2.5320699038529946e-11
97.56,-9.664428668143274e-20,-1.5699999999950398,1.5700000000125558,-1.5699999999842706,-1.5700000000000145,2.77856847886094e-19,-3.502635361324166e-17,1.0390580264234133e-13,-8.293186249847864e-14,-6.651452012153277e-14,7.471758268119244e-14,-3.552312676257368e-17,0.004962816430387224,0.030801564074088156,-9.791281647258282,0.00012919841598282316,0.0024058553844620166,0.0021513069267171674,0.8000003912499798,7.55805992539515e-12,0.0,0.0,0.0,-9.641602218021063e-14,2.529541872364377e-11,3.2834009641188193,-3.286388358660955,0.0029873945421146804,1.952526432744751e-14,2.5198558612035852e-11
97.58,-2.1587680397944824e-19,-1.5699999999950398,1.5700000000125558,-1.5699999999842706,-1.5700000000000145,-7.587068231220281e-20,3.377691936043821e-18,1.0392820739795053e-13,-8.295001088017081e-14,-6.648767696618846e-14,7.465487217453267e-14,1.115239352624035e-18,0.010158680193365792,0.03780397093708176,-9.789989154709048,0.00017990493261611898,0.00345179211960863,0.0034394475724490105,0.799998920446569,7.538756232608482e-12,0.0,0.0,0.0,-1.820622202188664e-13,2.5230832061107756e-11,3.2833949275750705,-3.2863823166248705,0.0029873890497799037,1.940563087806807e-14,2.504832575227765e-11
97.6,-8.611274133007146e-20,-1.5699999999950398,1.5700000000125558,-1.5699999999842706,-1.5700000000000145,-5.378302065632463e-20,-4.1839121343792274e-18,1.039129436097537e-13,-8.293939294731363e-14,-6.652775614744438e-14,7.470775915734469e-14,-2.1263932759776978e-17,0.01601466827260385,0.044960093790045765,-9.789227293167292,0.00023643285643444226,0.0046502663104594465,0.005017105909057704,0.7999967623801971,7.514918935578803e-12,0.0,0.0,0.0,-2.8287214603960045e-13,2.515107569852911e-11,3.283386070332858,-3.2863734513239176,0.002987380991039387,1.926184257395915e-14,2.486775946507624e-11
97.62,-8.611391315419379e-20,-1.5699999999950398,1.5700000000125558,-1.5699999999842706,-1.5700000000000145,-1.2931661453699257e-19,-9.037439148069185e-18,1.0386431750467897e-13,-8.294745052756693e-14,-6.648631625324636e-14,7.465652015727597e-14,-2.78763535978051e-17,0.022166433887084794,0.05145952117849038,-9.789388197500658,0.0002949564194803166,0.005936461133332387,0.00684857043541328,0.7999938030402757,7.486472537566211e-12,0.0,0.0,0.0,-3.9801329990892665e-13,2.505589678262796e-11,3.283373924464315,-3.2863612944044855,0.0029873699401500742,1.9094361080246952e-14,2.4657439396948538e-11
97.64,7.62726627853361e-20,-1.5699999999950398,1.5700000000125558,-1.5699999999842706,-1.5700000000000145,-7.690047383969544e-20,2.257415740921664e-18,1.0392220060701797e-13,-8.294797765898535e-14,-6.64772860673474e-14,7.46950984850725e-14,4.4257994249566114e-18,0.028008835106556086,0.05612090659461776,-9.790967691719036,0.0003492606110547388,0.007198326120682285,0.0088463688631872,0.7999899650254008,7.45387344310545e-12,0.0,0.0,0.0,-5.241711203115071e-13,2.494682207886782e-11,3.2833581722947933,-3.2863455279028893,0.002987355608076438,1.8907041727460072e-14,2.442220687491634e-11
97.66,6.5953624334674e-20,-1.5699999999950398,1.5700000000125558,-1.5699999999842706,-1.5700000000000145,-3.590546202531399e-20,-1.7725371087978458e-17,1.0387188773649037e-13,-8.295972515916778e-14,-6.645093771670892e-14,7.471682576264488e-14,-4.621118527681149e-17,0.032637078324956874,0.05733251185164119,-9.794561173079247,0.00039018359193112315,0.008264198834425193,0.010853279516580907,0.7999852377105074,7.418479428598577e-12,0.0,0.0,0.0,-6.539706940438267e-13,2.4828394166501276e-11,3.2833387702163797,-3.286326108171541,0.0029873379551419096,1.870937474075266e-14,2.4173979391441675e-11
97.68,1.0285493383781472e-19,-1.5699999999950398,1.5700000000125558,-1.5699999999842706,-1.5700000000000145,-4.6355651605148495e-20,-1.4994073283803845e-18,1.0387447787603935e-13,-8.293969416526703e-14,-6.650920097094023e-14,7.46368654410362e-14,5.760514074749999e-19,0.034792482286447844,0.05301341088960347,-9.800844721204298,0.00040511638617493975,0.008890971270235736,0.012623019942432909,0.7999797159195448,7.382958109140019e-12,0.0,0.0,0.0,-7.743080416326074e-13,2.4709538125981145e-11,3.283316107410195,-3.2863034247456566,0.0029873173354419795,1.85189023855194e-14,2.3934786006397982e-11
97.7,1.423576514591217e-19,-1.5699999999950398,1.5700000000125558,-1.5699999999842706,-1.5700000000000145,-8.964663188391598e-20,9.744675278427652e-18,1.0389609115520285e-13,-8.29733552715589e-14,-6.6454896154363e-14,7.467394040850312e-14,2.10770973778844e-17,0.032822239820796274,0.04061176697764917,-9.810535536185931,0.00037765455765939506,0.008754587846467099,0.01380129190102568,0.7999736470160165,7.351585151204764e-12,0.0,0.0,0.0,-8.653281555379458e-13,2.4604559370382397e-11,3.2832911991177087,-3.2862784937904195,0.0029872946726916413,1.8362827350885904e-14,2.3738787140262817e-11
97.72,1.7755656872344554e-19,-1.5699999999950398,1.5700000000125558,-1.5699999999842706,-1.5700000000000145,-1.2384352869520077e-19,1.6717168029354974e-17,1.0386812515103757e-13,-8.296657786760759e-14,-6.643361955196899e-14,7.464893649882114e-14,1.5904888682949416e-17,0.02466604494180021,0.017161130859713842,-9.824325101792683,0.00028753049963873835,0.007445369006829931,0.013909756269977345,0.7999674852203212,7.330492910514129e-12,0.0,0.0,0.0,-8.997504065540954e-13,2.453397563625429e-11,3.2832659095726364,-3.286253181235715,0.0029872716630594447,1.8279212446441783e-14,2.3633781158539047e-11
97.74,6.730080490326008e-20,-1.5699999999950398,1.5700000000125558,-1.5699999999842706,-1.5700000000000145,-1.5029030520458596e-19,2.13277819960014e-17,1.0389795309761331e-13,-8.2960402899563e-14,-6.645749387907479e-14,7.466272412429884e-14,1.635933275870995e-17,0.007886283609217249,-0.020579846082385073,-9.842778193366314,0.00011099174482508001,0.0044714447056180655,0.012336583538698416,0.7999619503915707,7.327867986612118e-12,0.0,0.0,0.0,-8.425263080963862e-13,2.4525178082107314e-11,3.2832431932561725,-3.2862304442508643,0.0029872509946729936,1.831777954431853e-14,2.368220770592223e-11
97.76,1.543374190911315e-19,-1.5699999999950398,1.5700000000125558,-1.5699999999842706,-1.5700000000000145,-6.010863873918459e-20,-3.646679287961305e-18,1.0386538947986267e-13,-8.296672847658438e-14,-6.644648447434759e-14,7.465873312872415e-14,5.189149905603077e-18,-0.020237632348324913,-0.0758751372969122,-9.866191280596926,-0.0001781726683439299,-0.0007255971844491087,0.008338440623260493,0.7999580864076512,7.35411878008026e-12,0.0,0.0,0.0,-6.506694835473402e-13,2.4612992029694706e-11,3.2832273345033105,-3.286214571068954,0.0029872365656241854,1.8540491474511165e-14,2.3961878480203596e-11
97.78,1.5787795966087522e-19,-1.5699999999950398,1.5700000000125558,-1.5699999999842706,-1.5700000000000145,-4.452761920035902e-20,1.1244482791780068e-17,1.0390572653469497e-13,-8.293848929345373e-14,-6.651761265095698e-14,7.468477067288027e-14,2.9645888262234043e-18,-0.06252673478172363,-0.15161515900596362,-9.894405354635587,-0.0006067239324345746,-0.008737976932194297,0.0010600604125518942,0.7999573116063738,7.421977835496965e-12,0.0,0.0,0.0,-2.733931690232307e-13,2.4840019514168166e-11,3.283224154525894,-3.2862113881982427,0.002987233672328638,1.9021715275463536e-14,2.456618227963125e-11
97.8,2.0896166934402384e-19,-1.5699999999950398,1.5700000000125558,-1.5699999999842706,-1.5700000000000145,1.1380270930177586e-19,8.52028419816582e-18,1.0389091766758289e-13,-8.295942394121465e-14,-6.651959186978461e-14,7.463669500474906e-14,1.6940699181283576e-17,-0.12160531521711028,-0.24974583102625653,-9.926571138141046,-0.0011989291687767446,-0.020136449260265674,-0.010421224777511442,0.7999614505301371,7.54630717203695e-12,0.0,0.0,0.0,3.463583254486408e-13,2.5255988101258826e-11,3.2832411417006213,-3.2862283908287098,0.0029872491280679243,1.9846484074799252e-14,2.5601902358896194e-11
97.82,3.458135161324169e-19,-1.5699999999950398,1.5700000000125558,-1.5699999999842706,-1.5700000000000145,1.4869228554929166e-19,-1.2774903337910613e-17,1.0393060284853001e-13,-8.300671515989767e-14,-6.637943843657105e-14,7.465881618670817e-14,-7.809913564215209e-18,-0.1994621964075922,-0.37049666907568296,-9.960869459649532,-0.0019721271227749254,-0.03538680890773401,-0.027017603948483553,0.799972732542665,7.743344184062335e-12,0.0,0.0,0.0,1.2678262967998882e-12,2.5914783894056852e-11,3.2832874458917924,-3.286274737149639,0.0029872912578255677,2.2329215530768015e-14,2.7182077301967963e-11
97.84,3.405917639842018e-19,-1.5699999999950398,1.5700000000125558,-1.5699999999842706,-1.5700000000000145,2.6384716282492443e-19,1.8611310683754933e-17,1.0391839791952081e-13,-8.294278164928957e-14,-6.649386202502937e-14,7.464058090875035e-14,2.2368570050844318e-17,-0.2968462603995549,-0.5113922113829769,-9.994196744697607,-0.002930681982087049,-0.05473285241629867,-0.04951067003232236,0.7999937389657048,8.029281634146126e-12,0.0,0.0,0.0,2.5454670958442406e-12,2.6871476877610586e-11,3.283373661487145,-3.2863610311880445,0.0029873697008770375,2.4108493211042097e-14,2.94164110705729e-11
97.86,4.687762090063558e-19,-1.5699999999950398,1.5700000000125558,-1.5699999999842706,-1.5700000000000145,3.9426627752833133e-19,3.712261251161127e-17,1.0388422288935959e-13,-8.294443834803328e-14,-6.647431723910907e-14,7.462336014789403e-14,5.1330035333683405e-17,-0.4124792622647826,-0.6660494429372014,-10.02183551078036,-0.004058181268760254,-0.07804169801465513,-0.07838048999044124,0.8000272765691402,8.418116264929831e-12,0.0,0.0,0.0,4.218969689274871e-12,2.8172458442580113e-11,3.283511308169746,-3.28649880310815,0.00298749493837842,2.5985892689893912e-14,3.2391161669243285e-11
97.88,4.207047869376401e-19,-1.5699999999950398,1.5700000000125558,-1.5699999999842706,-1.5700000000000145,3.4716341100588594e-19,7.533681757020895e-18,1.0388268510517269e-13,-8.294654687370704e-14,-6.646936919204065e-14,7.467874157044787e-14,-1.481840314381424e-18,-0.5420823544796222,-0.822792176473307,-10.03714275293302,-0.005307873146140079,-0.10460978866746942,-0.1135768577599453,0.8000761520770041,8.918658428479414e-12,0.0,0.0,0.0,6.299981795368653e-12,2.984721242128182e-11,3.283711905434463,-3.2866995828858094,0.0029876774513188913,2.946804183349322e-14,3.61466612588702e-11
97.9,1.786355073813075e-19,-1.5699999999950398,1.5700000000125558,-1.5699999999842706,-1.5700000000000145,1.3686271957434857e-19,-3.192119210681764e-17,1.0386594972272777e-13,-8.2953023059705e-14,-6.648136820618194e-14,7.467799016030412e-14,-2.4499942671906906e-17,-0.6772340816684761,-0.9631535897710842,-10.031305256538195,-0.006591556400107411,-0.13293189141051784,-0.15422905033570386,0.8001428205813521,9.530662469768812e-12,0.0,0.0,0.0,8.75564839650764e-12,3.1895367997648683e-11,3.2839855295909026,-3.286973455998534,0.0029879264075990783,3.183001969463136e-14,4.065057222566404e-11
97.92,1.5680704014867882e-19,-1.5699999999950398,1.5700000000125558,-1.5699999999842706,-1.5700000000000145,-1.2979056190356386e-20,1.774187002803358e-17,1.0390991719873552e-13,-8.291348820332193e-14,-6.659999763464825e-14,7.467317808956619e-14,5.745191148236571e-18,-0.8041086462927848,-1.0603919426633925,-9.9932299123299,-0.007767449421535306,-0.16044133456471346,-0.19829605243542014,0.8002288813908056,1.0239878638659988e-11,0.0,0.0,0.0,1.1488273672529365e-11,3.426836732164402e-11,3.284338744600166,-3.2873269923796307,0.0029882477794277752,3.5895706869357263e-14,4.575619677790762e-11
97.94,-2.316672482945635e-13,-1.5688676589809505,1.5714858967180505,-1.5699999999819965,-1.5699999999998395,3.755532213048105e-13,-1.4024299028938396e-11,-0.0125815668254427,-0.0165099634302554,-7.816083468382279e-11,-1.515871587596477e-11,-3.527505436189127e-12,-0.9050588106564663,-1.0848775596922053,-9.915000584863439,-0.008629179989208523,-0.18355675930823206,-0.2424271806320344,0.8003343991463727,1.1014043799915021e-11,0.0,0.0,0.0,1.4321139685245275e-11,3.743480022691568e-11,3.284760296408725,-3.291998648605986,0.007238352197218447,1.7681974483799959e-13,5.17557468796511e-11
97.96,-4.297669418447185e-13,-1.5690828037736926,1.5712035763434369,-1.569999999983265,-1.5700000000000742,3.0956190754581805e-13,-7.558664035390433e-12,-0.0101910691291564,-0.0133730703713325,-5.244952946758348e-11,-9.665118342163171e-12,-3.3069013564805687e-12,-0.9669203534653131,-1.0225682803663847,-9.806833964219141,-0.008885692849433276,-0.1986245806580127,-0.2825776542668648,0.8004570375274034,1.1805613429324839e-11,0.0,0.0,0.0,1.7017937333175873e-11,4.061568701817098e-11,3.2852669969749795,-3.291698889138291,0.006431892163266078,1.6845694384294253e-13,5.7635357038061503e-11
97.98,-5.21213701351952e-13,-1.5692570710558071,1.5709748968401516,-1.569999999984065,-1.5700000000002114,2.4909505173955683e-13,-3.243714812809634e-12,-0.008254765996409,-0.0108321869970521,-3.5883332255277987e-11,-6.092980517368764e-12,-3.3861753461969517e-12,-0.9891033670904725,-0.8856504002016277,-9.702855539021739,-0.008109914975966177,-0.20326732426300706,-0.31516095276393524,0.800591009255688,1.2562377536508412e-11,0.0,0.0,0.0,1.9338580959357763e-11,4.3400292974493473e-11,3.285819170051218,-3.291597898485871,0.005778728434602429,1.579084579413887e-13,6.273923280972807e-11
98.0,-5.39573007885763e-13,-1.569398227554331,1.570789666442588,-1.5699999999845575,-1.5700000000002827,1.9120374036596925e-13,8.875535939881218e-13,-0.0066863604545879,-0.0087740714576908,-1.5189618077335494e-11,-1.5767628359659308e-12,-2.648072028581944e-12,-0.9815245678935806,-0.6968245452498086,-9.643941959121394,-0.005682537037075007,-0.19681651557528337,-0.33772997380193587,0.8007258711891203,1.3237801871743898e-11,0.0,0.0,0.0,2.1089210811496326e-11,4.57149284939229e-11,3.2863742912726774,-3.291623969433188,0.0052496781604558585,1.4662102353955807e-13,6.680524819219788e-11
98.02,-4.826218020901955e-13,-1.5695613078859016,1.5705756668397004,-1.569999999984942,-1.5700000000003134,1.0767967775397233e-13,2.7946420405686877e-12,-0.0048743567756939,-0.0063962980935265,-1.0164878324909338e-11,-5.60737782975048e-13,-3.028430669215973e-12,-0.9572486364238452,-0.47040142728362283,-9.659749807759168,-0.0007972864673608743,-0.17975249164135823,-0.3489152219753498,0.8008452288002618,1.3795529955745277e-11,0.0,0.0,0.0,2.2140182749018067e-11,4.743566576307845e-11,3.286865734857568,-3.2915037595862726,0.004638024728649425,1.2637379818515296e-13,6.957771428314521e-11
98.04,-4.515469620691334e-13,-1.5696051770968835,1.5705181001568689,-1.5699999999850187,-1.5700000000003145,8.015700714222012e-14,3.699502699626087e-12,-0.0043869210977438,-0.0057566682813894,-5.077082133072945e-12,4.988992752990098e-13,-2.770261098425028e-12,-0.9280749934040006,-0.21025462913135898,-9.766012368625976,0.00746474010077087,-0.15302270226792114,-0.3481136786254392,0.8009254616396938,1.4210331310770332e-11,0.0,0.0,0.0,2.2425687682436793e-11,4.874125294434705e-11,3.2871953986782945,-3.291669124038621,0.004473725360270332,1.2185849239592057e-13,7.116801658252643e-11
98.06,-3.5129535665787494e-13,-1.569680193447602,1.5704196611293884,-1.5699999999849348,-1.570000000000262,4.0533399876929184e-14,6.158470245267236e-12,-0.0035534060818445,-0.004662901292905,1.509167647079611e-11,4.602412120033664e-12,-1.06970297420253e-12,-0.9027521316831607,0.08451640052470821,-9.966917682875966,0.02003248443952197,-0.11762391431779914,-0.3352045179923514,0.8009346411630204,1.4467069221745419e-11,0.0,0.0,0.0,2.1933943866289806e-11,4.933831912867902e-11,3.287233650749653,-3.291425677665556,0.0041920269158473925,1.0954954660942132e-13,7.127202450843621e-11
98.08,-2.6161640229119623e-13,-1.569740956691579,1.5703399255172927,-1.5699999999846703,-1.5700000000001997,2.982125020377212e-14,3.5321881866872545e-12,-0.0028782589239818,-0.003776950045783,1.3299064540589488e-11,2.3296054213299555e-12,-2.0499975415116947e-13,-0.8859997387421632,0.41452301260392427,-10.255701138908941,0.037726451681520654,-0.07446221305994062,-0.31033722985232454,0.8008318840419036,1.455761719214051e-11,0.0,0.0,0.0,2.0688237197515998e-11,4.940385587220882e-11,3.2868123283408783,-3.290775629439753,0.0039633010988187976,9.87607043889626e-14,7.009124733247161e-11
98.099,-2.212890371731305e-13,-1.5697901749191776,1.5702753396714833,-1.5699999999844851,-1.570000000000181,2.88643948948097e-14,-2.9230853306437547e-12,-0.002331389737909,-0.0030593295572512,-1.517033415934007e-11,-6.235425560217542e-12,-1.3859068786255953e-12,-0.877464092218971,0.7765948396709221,-10.615923030570595,0.06110735230087314,-0.0245093176185379,-0.2738500220728973,0.8005939451974766,1.4478200793947185e-11,0.0,0.0,0.0,1.872970334140779e-11,4.903185936712167e-11,3.2858360748236697,-3.289613421004495,0.0037773461807716923,8.64170285524805e-14,6.776366206265533e-11
98.12,-2.792920802968721e-13,-1.5698300416837598,1.570223025135976,-1.569999999984832,-1.570000000000318,-4.575045178473357e-15,-2.9057824126477866e-12,-0.0018884256928213,-0.0024780569472082,-1.8583573034905952e-11,-7.464966917726003e-12,-1.933889382183321e-12,-0.8706647513674515,1.1617291180192622,-11.02339274978788,0.0902752507382856,0.03076733151655242,-0.22637946388125682,0.8002718500198217,1.4229058821974903e-11,0.0,0.0,0.0,1.6110742254568583e-11,4.835815991610549e-11,3.284514343297622,-3.288140560321205,0.0036262170235320185,7.704677648134355e-14,6.446914385345573e-11
98.14,-3.056610850142549e-13,-1.5698623337630988,1.5701806503622344,-1.5699999999850691,-1.5700000000004268,-3.720466439988639e-14,-3.040974996771848e-13,-0.0015296248118056,-0.0020072261240172,-9.804414082632742e-12,-4.6176310218831295e-12,-1.8104734562669061e-12,-0.8540090051457289,1.5521730058906968,-11.443626860174167,0.12461464691312839,0.08888909677546311,-0.16913580642681958,0.7999741177825709,1.381491436937412e-11,0.0,0.0,0.0,1.2897731714477647e-11,4.7043377756373064e-11,3.2832925461813396,-3.286796275534714,0.0035037293533243152,6.636587748501357e-14,5.993993689382577e-11
98.16,-3.1312887214511946e-13,-1.5698884903474053,1.5701463267954885,-1.5699999999852638,-1.5700000000005188,-7.160459442083731e-14,1.43626972294586e-15,-0.0012389961008034,-0.0016258531632735,-1.057245126677691e-11,-4.688173645207351e-12,-2.0147887400340583e-12,-0.8143566439241993,1.9159349477141079,-11.823118208896124,0.1624914294163903,0.14602298529570854,-0.10422503744522922,0.7997685815942236,1.3245766673768083e-11,0.0,0.0,0.0,9.180257969356813e-12,4.516361640201553e-11,3.282449103083408,-3.2858538351892888,0.0034047321058380616,5.676024711041685e-14,5.43432400622262e-11
98.18,-3.094767648216912e-13,-1.5699096771807446,1.5701185247063874,-1.569999999985451,-1.5700000000006018,-1.085179614101083e-13,2.55836062783895e-13,-0.001003586844217,-0.0013169410642807,-1.033024401154818e-11,-4.5734355648475335e-12,-2.0288074470192416e-12,-0.7407718236808681,2.199920529874985,-12.079506507977039,0.2009133707510979,0.19688055342161076,-0.03493653930482723,0.7996535195231924,1.2539773553157482e-11,0.0,0.0,0.0,5.08493023777217e-12,4.279035891117744e-11,3.281976957830288,-3.2853017529276385,0.003324795097310896,4.832389449750285e-14,4.787625687134902e-11
98.2,-0.0005421085713352,-1.5672506695250843,1.5701132282140984,-1.5699999999836618,-1.570000000001014,-4.802642212330477e-13,0.006023428534307,-0.0305481162701648,-0.0010667222685653,-2.6308631271773627e-11,-3.826305591814183e-13,3.92964865291931e-12,-0.6282526227463818,2.333891302727186,-12.116136746621732,0.23534466436653714,0.2351797385330434,0.034255328073529025,0.7996051252152354,1.1725980635150999e-11,0.0,0.0,0.0,7.823939972707644e-13,0.0014475029468451403,3.282431949313369,-3.2957290103543198,0.013295908363040742,5.296235729026776e-06,0.0014474937174099828
98.22,-0.0004391079433653,-1.5677730423134373,1.5700917148555673,-1.569999999984299,-1.5700000000010053,-4.240595824709344e-13,0.0048789771219598,-0.0247439741552044,-0.0010190537798251,2.8001069345140458e-11,1.6471136358043453e-11,4.244378720014153e-12,-0.48431482350391447,2.2600003549676035,-11.880955981554328,0.26028102034300793,0.2553967494208261,0.0984542074403313,0.7996027432879216,1.0841458327998246e-11,0.0,0.0,0.0,-3.5315528801874175e-12,0.0011729706551308955,3.28230042327993,-3.293638017394424,0.01133666005086963,3.653796911186015e-06,0.0011729653327155558
98.24,0.0023838483019214,-1.5694778298008818,1.5703047363371447,-1.5699999999842755,-1.5700000000020995,1.063297701034901e-12,1.3042653553757553,-0.2060152725855612,-0.0008254336002339,2.1046655374447679e-10,3.480074479728524e-10,-1.0925845428041979e-10,-0.33498328136082034,1.9664625842484926,-11.406794258262458,0.2710661926550812,0.2553367706808437,0.1536043757440101,0.7996294602084433,9.923860365909545e-12,0.0,0.0,0.0,-7.673727994287555e-12,-0.006376912603874496,3.2789270091478375,-3.2838686018787806,0.004946670831694859,-1.0351212655380792e-05,-0.006376906232243765
98.26,0.0044558272392608,-1.569599207381529,1.5707754107428256,-1.5699999999830805,-1.5699999999986085,-3.8195400965838726e-13,-0.0495091915357938,-0.0044532512406696,-0.0086156747666457,3.991314467518062e-12,1.3417219565199298e-11,1.0861261705557429e-12,-0.21904960609613733,1.4912328747143229,-10.778406033855562,0.2659255408455315,0.2374398888011999,0.19718281938852103,0.7996722133556982,9.006432284445126e-12,0.0,0.0,0.0,-1.1496535189086351e-11,-0.011921352885484543,3.2765210731151937,-3.2810064202280076,0.00449484038911004,-2.3515213044412957e-05,-0.011921333484616643
98.28,0.0036092200640001,-1.5696753579780576,1.5706280827040051,-1.5699999999833785,-1.569999999998523,-3.336040295244326e-13,-0.0401024451459157,-0.0036071335224346,-0.0069786965740103,-1.133450691431174e-11,-1.283029143540372e-12,2.3438006635338737e-12,-0.16998504337852724,0.9024542060287752,-10.087288588861254,0.24614557989158786,0.2074980976254015,0.2279685533848186,0.799721587906803,8.118054654447529e-12,0.0,0.0,0.0,-1.4884992620689695e-11,-0.009657499754122474,3.2777796364204894,-3.281980794967791,0.004208849063015678,-1.6891456207168157e-05,-0.009657488059073219
98.3,0.0029234682520072,-1.5697370399613328,1.5705087469925376,-1.5699999999836305,-1.5699999999985708,-2.749451792592431e-13,-0.032482980569851,-0.002921778150492,-0.0056527442200279,-2.6357970168457145e-12,-3.794742000013188e-12,2.6527731834119495e-12,-0.20091319739301072,0.277608866898618,-9.420435364886584,0.21442854598578173,0.17190141892345798,0.24553522486004026,0.7997714340098425,7.285658667772552e-12,0.0,0.0,0.0,-1.774262788655314e-11,-0.007823460075889532,3.2788378664449986,-3.2828087187875217,0.003977082367093474,-1.2267445165051223e-05,-0.007823452956314385
98.32,0.0023680092842146,-1.5698020845282044,1.5704120850653849,-1.5699999999848593,-1.56999999999909,-2.296240105392025e-13,-0.0263112142639059,-0.0021990607713419,-0.0045787228348621,-2.0278096228103212e-11,-1.721802163194043e-11,4.210748123876368e-12,-0.303407604667354,-0.3132297635991136,-8.853315696249032,0.17357079071395648,0.13564613815294696,0.25000796077407555,0.7998184009036,6.537369005126454e-12,0.0,0.0,0.0,-1.9974886659241095e-11,-0.006337713048366111,3.279721022062918,-3.2834487302341593,0.003732755058057525,-8.912896267927316e-06,-0.006337708810600822
98.34,0.0019180875202747,-1.5698396884673511,1.5703337889049755,-1.5699999999851224,-1.569999999999423,-1.4709973818429957e-13,-0.0213120835560694,-0.0017812392174235,-0.0037087654855781,-3.0759766758239907e-12,-1.5790956826096554e-11,3.797712686860744e-12,-0.4564299818186788,-0.8225714344340833,-8.429001002269713,0.12614167999958886,0.10191366489590178,0.2420557501305936,0.7998614522097671,5.903988185621697e-12,0.0,0.0,0.0,-2.148180039703234e-11,-0.005133982476584299,3.2804562533185635,-3.2840434693856193,0.0035913043923464557,-6.625029063828382e-06,-0.005133979851328135
98.36,0.0015536508914835,-1.5698701476580508,1.570270369015079,-1.5699999999852845,-1.569999999999698,-7.991650470700112e-14,-0.0172627876831349,-0.001442803756581,-0.0030041000305424,1.3173730382832564e-11,-1.422637275181899e-11,3.349513754465766e-12,-0.6365962884953454,-1.2328088369232368,-8.146562820723851,0.07435272239296556,0.072453281382766,0.22288522870063976,0.7999013985525895,5.414391536436022e-12,0.0,0.0,0.0,-2.218053865623602e-11,-0.004158837383926634,3.2810721712831827,-3.284545564004569,0.003476704513378897,-4.976248086230371e-06,-0.004158835747582014
98.38,0.0012584572221053,-1.5698948196022362,1.5702189989045965,-1.5699999999850214,-1.5699999999999024,-3.121081865693581e-14,-0.0139828580234743,-0.0011686710421312,-0.0024333210243461,1.0973609272381089e-11,-1.1270140142037154e-11,2.658572865435645e-12,-0.823621037548164,-1.546579859195759,-7.980043764048332,0.01993218409932096,0.04803116222884876,0.19414302368211372,0.7999404602857552,5.0881967813120075e-12,0.0,0.0,0.0,-2.203931944286329e-11,-0.00336889086625508,3.2815982900748595,-3.2849794825056042,0.0033838751677091362,-3.7748620414818164e-06,-0.0033688898415845823
98.4,0.0010193503498955,-1.5699148038770303,1.570177389115105,-1.5699999999848078,-1.5700000000000969,1.5525820980122266e-14,-0.0113261149995858,-0.0009466235408686,-0.0019709900261846,1.293875239070187e-11,-8.594021212715835e-12,2.0256421797630424e-12,-1.0007223576797384,-1.771265035148196,-7.905896393020965,-0.0357821671677249,0.02875056448118389,0.1577735806627204,0.7999818543697862,4.93393435654697e-12,0.0,0.0,0.0,-2.1082320526654323e-11,-0.0027289874328926705,3.2820642838534924,-3.2853708124305787,0.0033087017421623258,-2.889757155492834e-06,-0.0027289867892494497
98.42,0.0008256737834141,-1.5699309911396284,1.5701436851855854,-1.5699999999846763,-1.5700000000002383,4.9674243242768477e-14,-0.0091741531469232,-0.0007667650821119,-0.001596501938715,-1.0533159569981864e-11,-7.723527617838804e-12,1.843315112365091e-12,-1.1531730203612842,-1.9113064169110145,-7.913813998314567,-0.09151998716002477,0.014281996948458296,0.11590834149018846,0.800029385136564,4.950335257853186e-12,0.0,0.0,0.0,-1.937919646669482e-11,-0.00221064041107384,3.2824990738369384,-3.2857451657817975,0.0032478523365416347,-2.2305819214856203e-06,-0.0022106400060244976
98.44,0.0006687957646489,-1.5699441028228251,1.5701163850020825,-1.5699999999852727,-1.570000000000411,9.157743166446688e-14,-0.0074310640474931,-0.0006210797041361,-0.0012931665626912,5.681101951176236e-13,8.163184348321599e-13,2.5834309904271706e-12,-1.2668710506271763,-1.9666679474966775,-8.005878937880276,-0.14563076973983774,0.004043310769255858,0.07081312584907,0.8000870086299116,5.1255881780809815e-12,0.0,0.0,0.0,-1.7044975551110853e-11,-0.0017907668869791395,3.282929653862896,-3.2861268566858723,0.0031986288582770838,-1.7345526492608836e-06,-0.0017907666317677332
98.46,0.0005417245694581,-1.5699547232863142,1.5700942718533388,-1.5699999999858751,-1.5700000000005856,1.33147110645091e-13,-0.0060191618747737,-0.0005030745727851,-0.0010474649258644,-9.833081519709276e-12,2.547755470407465e-13,1.905574402504161e-12,-1.3278974147154392,-1.935004429947241,-8.18951267129445,-0.19570580479817315,-0.0026690902652758593,0.024864475028595935,0.8001583344338109,5.437652827968514e-12,0.0,0.0,0.0,-1.4234799287921055e-11,-0.0014506630665610527,3.283379538145758,-3.2865372285540797,0.0031588456099385875,-1.3576396576259003e-06,-0.0014506629054643143
98.48,0.0004387969013556,-1.5699633258618928,1.570076360202686,-1.5699999999865617,-1.570000000000794,1.7883226451943353e-13,-0.0048755211436498,-0.0004074903469371,-0.000848446516435,7.923344830717756e-11,-2.1165356442912693e-11,4.670646758571118e-12,-1.3244723231978657,-1.814410838940387,-8.470817232633399,-0.2384661239851984,-0.006593983103754414,-0.01949877336822789,0.8002460276877689,5.85779596347714e-12,0.0,0.0,0.0,-1.112364582010945e-11,-0.0011751741095464552,3.283866702886478,-3.2869924970710502,0.0031267300070225686,-1.0686575414084715e-06,-0.0011751740073832875
98.5,0.0003554254902212,-1.569970293948284,1.5700618517654543,-1.5699999999873555,-1.5700000000009882,2.196284677185824e-13,-0.0039491721050087,-0.0003300672570777,-0.0006872417716754,-4.7023447147850194e-11,-9.840615217089404e-12,1.9934414633316494e-12,-1.2514510390910867,-1.601573231948222,-8.858478636487071,-0.26999635917055403,-0.008457252817473528,-0.05990388223932953,0.8003510779771956,6.354414771203035e-12,0.0,0.0,0.0,-7.886378917774295e-12,-0.0009520213938584545,3.28440090443336,-3.2875009874064487,0.003100841093099274,-8.452850540662985e-07,-0.0009520213283421707
98.52,0.0002878946472411,-1.5699759380984522,1.5700500999310627,-1.5699999999882768,-1.5700000000011547,2.503001142427174e-13,-0.0031988294024315,-0.0002673544891756,-0.0005566658489351,-5.4706185653556616e-11,-7.552776959895372e-12,1.3007724780113306e-12,-1.1142262049358052,-1.292669723618683,-9.362927090216226,-0.28631037883376553,-0.00895324955326431,-0.09428240541592549,0.8004719119597078,6.895271370105892e-12,0.0,0.0,0.0,-4.68715360847907e-12,-0.0007712572980537448,3.28498029435338,-3.288059682502041,0.003080002321412803,-6.713706349818118e-07,-0.000771257255072683
98.54,0.0002331946644931,-1.5699805098603334,1.570040580944883,-1.5699999999894123,-1.570000000001263,2.638575182214732e-13,-0.0025910517947983,-0.0002165571903286,-0.0004508994086155,-1.3020629669943662e-10,1.2110761232839856e-11,-3.429099913092662e-12,-0.928234212661021,-0.8974890675557294,-9.969026091807951,-0.28425936003011254,-0.00874366130302196,-0.12121104598825798,0.8006033442343669,7.44967403658774e-12,0.0,0.0,0.0,-1.6699264836557834e-12,-0.0006248233101728071,3.285587321032727,-3.2886500692625074,0.0030632457932467474,-5.350973012981895e-07,-0.0006248232808260188
98.56,0.0001888876778264,-1.5594927690954965,1.5718325809553375,-1.5699999999887753,-1.5700000000010093,1.8782095686975826e-13,-0.0020987520359971,1.436915301036219,0.3173527200093253,5.652266731916156e-10,3.9710476037015455e-11,-9.76334285770694e-12,-0.7159217350186831,-0.45893373848282315,-10.59739037726002,-0.26284182410682305,-0.008457750417001138,-0.14031915586766125,0.8007353875636152,7.992371718717169e-12,0.0,0.0,0.0,1.0587336578015646e-12,-0.0005019374483024177,3.2859365942595478,-3.328376769157183,0.04244057456947342,-6.593330282050848e-06,-0.0005018943003047412
98.58,0.0001529990184353,-1.553449379822408,1.5772525001712432,-1.569999999979138,-1.5700000000004832,6.474497973004763e-14,-0.0016999890904167,-0.1799641702634244,-0.0550749733949764,-1.0127970637919723e-11,1.2852916837389691e-11,-2.753748536707748e-12,-0.5053660305410449,-0.04971813297444553,-11.111621938719498,-0.22465580398710233,-0.00867834171886486,-0.15261451676386778,0.8008519806108757,8.509032147780513e-12,0.0,0.0,0.0,3.453278585978381e-12,-0.00040473509149411706,3.2858458088704485,-3.3509861052087038,0.06514061854220438,-9.95525530183105e-06,-0.0004046127632677646
98.6,0.0001239292050248,-1.5565939976552925,1.575874525141017,-1.569999999980198,-1.570000000000289,2.3992296614472436e-14,-0.001376991162677,-0.1489555815540132,-0.0652725014287856,-4.645540660255776e-11,8.890671578391969e-12,-1.860970646788869e-12,-0.3259534513263974,0.26962523881509537,-11.403331742726685,-0.1762126348724162,-0.009909573877060473,-0.1604248499951205,0.8009297400892295,9.00066740172536e-12,0.0,0.0,0.0,5.545809647855163e-12,-0.00032866703478121723,3.2864940542896015,-3.3398320607601266,0.05333826814419387,-6.598156774164826e-06,-0.0003286008960840864
98.62,0.0001003826561465,-1.559141138099945,1.574758365366478,-1.5699999999811551,-1.5700000000001508,-4.346145696061402e-15,-0.0011153628425871,-0.1206540210576317,-0.052870726155865,-3.557506507159355e-11,6.302924362175475e-12,-1.2854709159106081e-12,-0.19902109444928448,0.4873491474423518,-11.463578012562493,-0.12587744269573353,-0.012541207576273259,-0.1668867189876518,0.8009369052130924,9.48348507836371e-12,0.0,0.0,0.0,7.439276945986116e-12,-0.00026675372244283293,3.286745533244502,-3.330518576453115,0.04377325560317555,-4.3781799379453305e-06,-0.0002667178680180513
98.64,8.130995154101299e-05,-1.5612043218600935,1.5738542759491256,-1.5699999999818954,-1.5700000000000542,-2.3430170001018693e-14,-0.0009034439031723,-0.097729757055774,-0.0428252881850743,-2.7161691032936432e-11,4.363211601374727e-12,-8.549394035057245e-13,-0.13368962859368977,0.6274494736674104,-11.352290926316401,-0.08079967835854754,-0.016824019755562598,-0.17533844598711412,0.8008327150529176,9.984723812993095e-12,0.0,0.0,0.0,9.281978286861046e-12,-0.00021639415823850025,3.2864685905518987,-3.322488712292235,0.03602029404525348,-2.909608833577001e-06,-0.00021637465555968588
98.659,6.586106079977678e-05,-1.5628755007057995,1.573121963521089,-1.569999999982468,-1.5699999999999876,-3.623488684189696e-14,-0.0007317895617454,-0.0791611032144774,-0.0346884834289449,-2.0605670925579887e-11,3.5814951773337125e-12,-7.897953395886309e-13,-0.13003920492991503,0.719018363594245,-11.13509954450638,-0.0454096242898355,-0.02284812940685936,-0.18887794824041007,0.8005940212222743,1.0537608421536525e-11,0.0,0.0,0.0,1.1238516042305323e-11,-0.0001754595469520977,3.2855918149537526,-3.3153276771803695,0.02973600194125575,-1.937523362579947e-06,-0.00017544889340190446
98.68,5.33474593000644e-05,-1.56422915557081,1.572528790454396,-1.5699999999829064,-1.569999999999927,-4.941078501280507e-14,-0.0005927495447331,-0.0641204936034514,-0.0280976715766374,-1.5373029635744166e-11,3.446256189356669e-12,-8.061183217797883e-13,-0.1819933762891915,0.7846542213031412,-10.862535986259264,-0.021666827275987524,-0.03050776740502928,-0.21001863267534285,0.8002719340305068,1.1175407724820684e-11,0.0,0.0,0.0,1.3457146539488514e-11,-0.00014221851629652235,3.284340625210223,-3.308984928394793,0.024644416432312462,-1.2935962163643866e-06,-0.00014221266463829176
98.7,4.321144207840027e-05,-1.565325616011459,1.5720483202703874,-1.5699999999832424,-1.5699999999998857,-5.834567832128883e-14,-0.0004801271328521,-0.0519375998175686,-0.0227591139764987,-1.2077386781159389e-11,7.719390803792105e-13,-6.314233532735136e-14,-0.27802701047310985,0.8394559579760387,-10.571966770244295,-0.009712040398054872,-0.039447055099614284,-0.24033164491275147,0.7999750530669841,1.1923280583445634e-11,0.0,0.0,0.0,1.603275946385434e-11,-0.00011525542388326178,3.28317116090503,-3.303693321461751,0.020522252335114708,-8.666008269872742e-07,-0.00011525218637884666
98.72,3.5001268103026385e-05,-1.5662137489683676,1.5716591394213515,-1.569999999983506,-1.5699999999998866,-5.4762629173921936e-14,-0.0003889029781206,-0.0420694558518857,-0.0184348823204484,-9.060065205274119e-12,-1.604813727924554e-13,2.0348208456199245e-13,-0.401094375881103,0.8902959527277607,-10.290148586592675,-0.008353016863811681,-0.04898888761296905,-0.2800275721824961,0.7997712866679784,1.2789379712412972e-11,0.0,0.0,0.0,1.8973212877081627e-11,-9.339974000824672e-05,3.2823691076223462,-3.299555325488496,0.017186292241415504,-5.829708660572369e-07,-9.339793127326625e-05
98.74,2.8351026890051756e-05,-1.566933136663135,1.5716405172397707,-1.5699999999829757,-1.5700000000005854,3.72675109722913e-13,-0.0003150114434096,-0.0340762592312048,-0.0149322547067111,-5.1791158076189324e-11,-3.4478266216445696e-11,5.2191168053994375e-12,-0.5283561231000508,0.9353558122202429,-10.036017907310049,-0.015391340849480828,-0.058051318470495696,-0.3274710119877263,0.7996589740974593,1.3758015593705919e-11,0.0,0.0,0.0,2.2174605331650378e-11,-7.56871213511839e-05,3.281928567140456,-3.2964148525646584,0.014486345694967864,-4.1655754382007194e-07,-7.568597686599728e-05
98.76,2.2964331282320087e-05,-1.56751584069603,1.5713288189661692,-1.569999999983943,-1.5700000000010153,3.806167716451809e-13,-0.000255159262412,-0.0276017699780396,-0.0147646550595799,-3.751109369138934e-11,-1.6357744314892536e-11,-7.190366466298947e-14,-0.6331929941971283,0.9653008763132428,-9.822400268221555,-0.027943615066428295,-0.06518670283546367,-0.3789485600362051,0.7996143380484869,1.478821623172777e-11,0.0,0.0,0.0,2.542071849300967e-11,-6.133195747193331e-05,3.2817637919047478,-3.294064382529058,0.012300639464060757,-2.8269658407276855e-07,-6.133129997886846e-05
98.78,1.860110796563636e-05,-1.5679878309626594,1.571076343364716,-1.569999999984488,-1.570000000001207,3.65807345065162e-13,-0.0002066789964337,-0.0223574336817286,-0.0119593705912277,-1.964701396906833e-11,-5.240642612930205e-12,-1.5024061096775845e-12,-0.6930096252527078,0.9685499540109896,-9.654826091246553,-0.04303937003452258,-0.06896674518434871,-0.429351384996196,0.7996166922252163,1.5820958219309375e-11,0.0,0.0,0.0,2.842537008776605e-11,-4.9697975158114335e-05,3.2817866864956566,-3.292317542201529,0.010530895281387865,-1.930680464421158e-07,-4.969758747164405e-05
98.8,1.5066897183419846e-05,-1.5683701430786252,1.570871838127658,-1.5699999999847485,-1.570000000001229,3.309619256008077e-13,-0.0001674099819756,-0.0181095212820847,-0.009687090173139,-7.115444355682704e-12,2.257881534327823e-12,-2.2999184750693152e-12,-0.6988453097070915,0.9385986114861637,-9.529523812233869,-0.05835346097500783,-0.06848448305734454,-0.47361974420742725,0.7996489945594926,1.6792175155245906e-11,0.0,0.0,0.0,3.090024917073078e-11,-4.026943445101085e-05,3.2819288742142594,-3.291026577527482,0.009097735380658235,-1.3280913311680464e-07,-4.026919731575562e-05
98.82,1.2204186538208334e-05,-1.5686798158925597,1.5707061888857274,-1.569999999984822,-1.570000000001132,2.8069842165696274e-13,-0.0001356020812724,-0.0146687122387908,-0.0078465430363158,5.197048303859364e-13,7.076060549136842e-12,-2.8605664657756907e-12,-0.6574565422682821,0.8775310396192079,-9.43501164612083,-0.07254120077266041,-0.06344854714426602,-0.5078307866130215,0.7996979092635401,1.7643707010538424e-11,0.0,0.0,0.0,3.2607518276134905e-11,-3.2628413049516445e-05,3.282136691178074,-3.290073678495907,0.007937013300590458,-9.210000094888749e-08,-3.2628260802377964e-05
98.84,9.885390985643871e-06,-1.568930650871856,1.5705720129998209,-1.5699999999847851,-1.570000000000962,2.206176128122435e-13,-0.0001098376825816,-0.0118816569140219,-0.0063556998567523,4.90172336856283e-12,9.755991851781007e-12,-3.132172174619488e-12,-0.5856010981376822,0.7949005203750285,-9.356956974320795,-0.08509263627788313,-0.05391510494759522,-0.5294915567605674,0.7997535488887786,1.8329089961753108e-11,0.0,0.0,0.0,3.338367272843921e-11,-2.6436220166177836e-05,3.282370291691082,-3.2893671328067344,0.006996862167437324,-6.444313590419044e-08,-2.6436116617677418e-05
98.86,8.00716664882992e-06,-1.5691338272051,1.5704633305322846,-1.5699999999846732,-1.570000000000752,1.5738312929910889e-13,-8.896851972204056e-05,-0.0096241421011855,-0.0051481168817502,7.936932686601617e-12,1.1819217432291074e-11,-3.380050471284146e-12,-0.5031053291041502,0.7054707391818361,-9.283005943873423,-0.09602457349074224,-0.04006655714361731,-0.5374693882729457,0.7998090318770672,1.8816154045334e-11,0.0,0.0,0.0,3.3146312481365964e-11,-2.141834453901157e-05,3.2826019412468237,-3.288837247712193,0.006235323521307237,-4.5531657687668794e-08,-2.1418269787841465e-05
98.88,6.485804986543094e-06,-1.5692984000350465,1.570375297733606,-1.56999999998453,-1.5700000000005183,9.037504201493209e-14,-7.206449835489161e-05,-0.0077955551030141,-0.0041699746729808,9.064206606427748e-12,1.2816754293754106e-11,-3.552614094830958e-12,-0.427516156579515,0.6273693733289875,-9.206425919850252,-0.10555785884699027,-0.022166178299568195,-0.5318309827109852,0.7998599573207757,1.9088358940984242e-11,0.0,0.0,0.0,3.1894383482970167e-11,-1.7352271620846186e-05,3.282813933386652,-3.288432360357036,0.0056184407884177145,-3.250462167659662e-08,-1.7352214783190317e-05
98.9,5.253502078209198e-06,-1.569431704027325,1.5703039911666816,-1.5699999999843892,-1.570000000000281,2.109690729947555e-14,-5.837224117744854e-05,-0.0063143996346559,-0.0033776794836171,1.0234955542592558e-11,1.3053368242301573e-11,-3.398761307116249e-12,-0.3700451301359802,0.5805071718831822,-9.128731493406422,-0.11377934432623707,-0.000639828357534112,-0.5136224879987432,0.799903868818473,1.9145807148210028e-11,0.0,0.0,0.0,2.9706862117099686e-11,-1.4057623189217994e-05,3.282996437772863,-3.288115151137215,0.0051187245587776264,-2.3456685359131986e-08,-1.4057578368453324e-05
98.92,4.2553367614097975e-06,-1.5695396802612256,1.570246232847434,-1.5699999999843122,-1.570000000000143,-8.720311761090705e-15,-4.728151582387253e-05,-0.0051146637191491,-0.0027359203937067,-6.54929639709069e-12,2.088782560138352e-12,-1.139125333773569e-12,-0.33266333681423327,0.5847814970905199,-9.06128724028883,-0.12030120476329322,0.02374342534728452,-0.4846230623661287,0.7999397544068596,1.9005777333033926e-11,0.0,0.0,0.0,2.6739245372786517e-11,-1.1388174458190407e-05,3.283145480400535,-3.287859386957234,0.004713915625377071,-1.7115005235295796e-08,-1.1388138468803903e-05
98.94,3.446822765530526e-06,-1.569627141010911,1.5701994486084734,-1.5699999999847196,-1.5700000000001997,-4.513621593452098e-14,-3.8298032345628974e-05,-0.0041428776167935,-0.0022160955324484,-2.2470545728487702e-11,-2.940293004019968e-12,-2.528382098956547e-12,-0.3076014764651418,0.6570761681971146,-9.024616587256277,-0.12398975564840857,0.049616673629815394,-0.44712990951561465,0.7999676098018863,1.8701980787192705e-11,0.0,0.0,0.0,2.3214233232027568e-11,-9.225388059951334e-06,3.2832611730590555,-3.2876471525466244,0.004385986833967149,-1.2626147007688156e-08,-9.225359131285029e-06
98.96,2.7919264262744178e-06,-1.5696979842181658,1.57016155337487,-1.5699999999850935,-1.570000000000232,-9.488221193973712e-14,-3.1021367765083225e-05,-0.003355730892187,-0.0017950373374606,4.619728650865533e-11,2.219920305386721e-11,2.790058684304722e-12,-0.2807771149245476,0.8067540503205944,-9.043391503137379,-0.12289029517469383,0.07477857053848541,-0.40383743412592465,0.7999880773291181,1.8283236660149826e-11,0.0,0.0,0.0,1.941032208561535e-11,-7.473175972054067e-06,3.283346246379101,-3.2874665772222746,0.004120336794247154,-9.415396976223725e-09,-7.473153002004332e-06
98.98,2.261460559615792e-06,-1.5705594821366282,1.570130858233484,-1.5699999999880367,-1.5700000000006926,-2.256849898816224e-13,-2.512733171622162e-05,-0.0027181420877763,-0.0014539804122386,-1.7918564071753296e-10,-1.0047027012433096e-11,-2.2146048897172567e-12,-0.23683662840309364,1.0310269799930765,-9.138960022867419,-0.11437304383298492,0.09614775811363402,-0.35777892910782333,0.8000021624030434,1.7811108610900985e-11,0.0,0.0,0.0,1.5645907502265682e-11,-6.057622615448557e-06,3.2834048244597387,-3.284293342769119,0.0008885231332163747,-2.227399914454535e-09,-6.0576084803178505e-06
99.0,3.236552544838037e-05,-1.5704507327343329,1.5701171843319803,-1.5699999999888128,-1.570000000000943,-2.6233053767037443e-13,-2.035313893481848e-05,0.0050081415342076,-0.0011777239930226,3.1951921577316744e-11,1.569007890191848e-11,-2.7547714543524338e-12,-0.16478982569626144,1.3144634162413513,-9.322372288856254,-0.09559315992069642,0.11025563749369154,-0.31214786882690987,0.8000110225184914,1.734967068444603e-11,0.0,0.0,0.0,1.2226281835618636e-11,-8.668942391018337e-05,3.283404155713608,-3.2847006698609627,0.0012965831804642406,-4.011798600498235e-08,-8.668942988762075e-05
99.02,0.0003843121981363,-1.5668925925376538,1.5710253565372971,-1.5699999999864591,-1.5699999999992982,-1.470116990788645e-13,-0.0002912897932266,0.4725641333124655,0.1962254887492543,5.524420266405683e-10,2.576687731996145e-11,-1.6670490061618769e-12,-0.06665005160890129,1.6349613471876998,-9.587232215919855,-0.06465291465111174,0.11468423580215832,-0.26981127022177376,0.8000158196990095,1.694823347244368e-11,0.0,0.0,0.0,9.361280908823185e-12,-0.0010263981789402654,3.2829617680414898,-3.297604959973269,0.014644009270388211,-5.059189296358077e-06,-0.001026386026385622
99.04,0.0003112928800989,-1.5667352343548913,1.5717519787330412,-1.569999999982581,-1.5699999999993874,-1.745278456062435e-13,-0.0034588097151204,-0.0379344081954265,-0.0194664306814044,-6.676508250101079e-10,-2.088136553181656e-11,2.662002766113357e-12,0.03930069887084221,1.9712181662795345,-9.909418756237725,-0.021999565971887798,0.10964297503369272,-0.23271998895064697,0.80001762549751,1.6635427433744666e-11,0.0,0.0,0.0,7.144744355274663e-12,-0.0008312815175717236,3.283047368998281,-3.298281203192743,0.015234496155158638,-4.832271384229922e-06,-0.0008312677287862743
99.06,0.0002521472329045,-1.5673555398263492,1.571419102776093,-1.5699999999829943,-1.5699999999993468,-1.564535145661559e-13,-0.0028016359293629,-0.0293828907378537,-0.0157678084700368,1.210418789125093e-13,-5.864673066028215e-12,2.0554876702626182e-13,0.12986966229247515,2.308024267507775,-10.260179411881946,0.029465979579014246,0.09779672057010766,-0.2017540975434258,0.800017367334525,1.6428361870938356e-11,0.0,0.0,0.0,5.607963948267499e-12,-0.000673674613260002,3.283132383324487,-3.29603962698263,0.012907780117065636,-3.273971439768157e-06,-0.0006736668656632584
99.08,0.0002042392586282,-1.5678579872583251,1.571149473251037,-1.569999999983234,-1.5699999999994645,-1.3947458800066064e-13,-0.002269325104127,-0.0238001414932986,-0.0127719248594048,1.1821015866197212e-12,-4.4429471562847266e-12,5.255155035091552e-13,0.19186066403726423,2.634570718239313,-10.615648036850702,0.08552580498656953,0.08243235237538647,-0.17706756390301467,0.8000158056617616,1.63371796961572e-11,0.0,0.0,0.0,4.746411614908493e-12,-0.0005458969055271989,3.2831938192843526,-3.294216429724639,0.011023045149078505,-2.2315181265609286e-06,-0.0005458925128459109
99.1,0.000165433799307,-1.5682649696777868,1.5709310733359632,-1.5699999999832033,-1.56999999999956,-1.2522700071914271e-13,-0.0018381533371798,-0.0192781146041945,-0.0103452591334941,3.548006222045368e-12,-5.196066274189108e-12,8.07148483250239e-13,0.22553913243449147,2.932593605630988,-10.951463712825863,0.14143395882953516,0.06608539023743115,-0.15843063244036773,0.800013532733875,1.636016544054969e-11,0.0,0.0,0.0,4.499006019489368e-12,-0.00044232088066306434,3.2832382155075317,-3.292734215721255,0.009496352443653624,-1.5315022186000352e-06,-0.0004423183650471912
99.12,0.0001340013772023,-1.5685946254374463,1.5707541694047988,-1.5699999999831378,-1.5699999999996654,-1.0489403191710017e-13,-0.001488904219351,-0.0156152727748259,-0.0083796598721901,2.8000631679828483e-11,2.7155706916264736e-12,-5.435306881223373e-13,0.23822919493992736,3.1711691931157793,-11.240012523287046,0.19207336120673776,0.05038636265245672,-0.14532575520403868,0.8000109853427604,1.6480681107092515e-11,0.0,0.0,0.0,4.737888242233742e-12,-0.0003583744841315231,3.2832704704865354,-3.291529882184554,0.008259697080033138,-1.0593071094077e-06,-0.00035837302743483743
99.14,0.0001085411152829,-1.5688616466027798,1.5706108772205425,-1.5699999999831016,-1.569999999999781,-8.077865461948782e-14,-0.0012060124071806,-0.0126483709843731,-0.0067875245147888,4.563775735360459e-12,-3.0136747996211896e-12,4.306758400428323e-13,0.23791516663994955,3.3165976999713993,-11.45741419166993,0.232219162210887,0.036311559295561895,-0.13695873796830396,0.8000084654908657,1.666967790307256e-11,0.0,0.0,0.0,5.285736946566368e-12,-0.00029034529462189775,3.283294194010119,-3.290551948793503,0.007257985992417879,-7.390898088499099e-07,-0.00029034444069703745
99.16,8.791830305911534e-05,-1.569077933746501,1.5704948105513707,-1.569999999983009,-1.569999999999861,-6.184974415134458e-14,-0.0009768700626401,-0.010245180452657,-0.005497894837502,2.1483951011432023e-11,4.787573752696416e-12,-8.884251299044743e-13,0.22982106265951696,3.3386455642318573,-11.586313940518057,0.25714583338342867,0.02436472435320876,-0.13230877000565236,0.8000061645043844,1.6891583912989346e-11,0.0,0.0,0.0,5.9478582407884665e-12,-0.00023522030625583375,3.2833119958638206,-3.289758396742959,0.00644658819094728,-5.205899945197546e-07,-0.00023521979880096087
99.18,7.121382512650384e-05,-1.569253126332802,1.570400796549356,-1.5699999999829404,-1.5699999999998948,-5.32767783548826e-14,-0.0007912647517665,-0.0082985961617128,-0.004453294819138,1.481154305107979e-11,6.506671815383579e-12,-1.3226511086459477e-12,0.21565753940972718,3.212318334854057,-11.614559074893323,0.2635652184437233,0.014710943764715701,-0.1302061576648288,0.8000041874261705,1.7111626657072065e-11,0.0,0.0,0.0,6.54867253179341e-12,-0.00019055508975961177,3.283325722439941,-3.289114919852934,0.005789349156854396,-3.704382815337173e-07,-0.0001905547835640959
99.2,0.0001364469246907,-1.5760108070984444,1.5722175398927951,-1.5699999999814018,-1.570000000000129,6.977103579984251e-15,-0.0006409243410657,-0.8559273081255718,-0.0036071693258925,-7.077035899579615e-10,-1.4119742972485557e-11,3.437417126113396e-12,0.1972405812823896,2.931116910068049,-11.540024520650158,0.2509616037482736,0.007288191658111256,-0.12939658988034924,0.8000025756404621,1.7303434039132286e-11,0.0,0.0,0.0,6.966737176904742e-12,-0.0003671299968199001,3.2832192644665312,-3.2636584536379583,-0.01956051847437495,1.1002650491768861e-06,-0.00036712845754355197
99.22,0.0001105220094907,-1.5768780928773116,1.5717962073129126,-1.5699999999856231,-1.5700000000001453,1.0152230096401618e-14,-0.0012280223252559,0.0764232542440197,-0.0199578588936971,1.5590787240057653e-11,3.5577716835289877e-12,-9.080206476042713e-13,0.1797177545661991,2.520876708997024,-11.376641090078415,0.22263679298470285,0.0018923656174954957,-0.12860448056467957,0.8000013265585988,1.7454621003689908e-11,0.0,0.0,0.0,7.15724037685071e-12,-0.00029758794035703224,3.2832257655631394,-3.260411370345523,-0.022814158242495403,1.275326668746905e-06,-0.0002975852948056062
99.24,8.952282771736779e-05,-1.575571255229692,1.5714549279258754,-1.5699999999852992,-1.570000000000086,-5.010038601662169e-15,-0.00099469808374,0.061902835938224,-0.016165865703461,1.3110327398897259e-11,2.614698952482981e-12,-6.723860563381119e-13,0.16848792329487686,2.034119057742204,-11.152585339405965,0.184801827428059,-0.0017616852159782718,-0.12668196287621059,0.8000004098502742,1.7565799826603087e-11,0.0,0.0,0.0,7.141037826468733e-12,-0.0002407868807806882,3.2832618523357415,-3.265349611003606,-0.017912049588113165,7.994110715715387e-07,-0.00024078562296121468
99.26,7.251349047807977e-05,-1.5745127167351207,1.5711784916223703,-1.5699999999850458,-1.5700000000000434,-1.600974364794116e-14,-0.0008057054479592,0.0501412971098489,-0.0130943512200765,1.0144006074448144e-11,1.856383126510935e-12,-4.804785313106824e-13,0.16467999485125562,1.5292327120553542,-10.90136337312156,0.14388565482261317,-0.00399513153435769,-0.12281475698938064,0.799999780164731,1.7643285901212556e-11,0.0,0.0,0.0,6.964447439923688e-12,-0.00019486770020875227,3.283289539947188,-3.269348110207442,-0.013941274561847943,4.945538578721792e-07,-0.00019486712746753858
99.28,5.873592731187348e-05,-1.5736553005545209,1.5709545782165266,-1.5699999999848502,-1.5700000000000134,-2.376980821830703e-14,-0.0006526214129677,0.0406144506588995,-0.0106064244884969,7.819914295503728e-12,1.273328227661399e-12,-3.324420884518072e-13,0.16558485759255906,1.0528826334729096,-10.65182792936647,0.10461433073505381,-0.0051298367839459685,-0.11661862388754975,0.7999993865831052,1.769223675278653e-11,0.0,0.0,0.0,6.6644869631420144e-12,-0.00015773177912495787,3.283311128962119,-3.2725860983495707,-0.010724905006712951,3.003835010103867e-07,-0.0001577315364483855
99.3,4.7576101172722665e-05,-1.5729607934482577,1.5707732083577906,-1.5699999999846843,-1.569999999999963,-3.930435884713102e-14,-0.0005286233429443,0.0328977050322978,-0.0085912038357655,6.8651430840029745e-12,2.620944153508141e-12,-8.421542949761315e-13,0.16745777958864935,0.6350009598703,-10.423415774191863,0.0698318321063786,-0.005462570339130501,-0.10809928799124499,0.7999991792106854,1.771434873897225e-11,0.0,0.0,0.0,6.258682314647911e-12,-0.0001276900200555228,3.283328210046687,-3.275208489237376,-0.008119619126410177,1.7764973173851612e-07,-0.00012768993070476868
99.32,3.8536641995760113e-05,-1.5723982426921903,1.570626298772212,-1.5699999999845529,-1.569999999999934,-4.993919782419443e-14,-0.0004281849085343,0.0266471410762842,-0.006958875107136,5.1813480213275115e-12,8.898420923584206e-13,-3.79883882055225e-13,0.16689139187244417,0.2913912391137556,-10.226894399631743,0.04094870256713651,-0.005249743005758965,-0.09757707545699587,0.7999991133882721,1.7709189635794832e-11,0.0,0.0,0.0,5.753016095491904e-12,-0.00010338128239412437,3.283341898552137,-3.2773324958111827,-0.006009320415695879,1.0086052612850008e-07,-0.00010338126021987247
99.34,3.12146801054949e-05,-1.571942576579816,1.5705073020078923,-1.569999999984426,-1.5699999999998695,-7.38275270424403e-14,-0.0003468297738452,0.0215841842698954,-0.005636688836775,5.141843183937883e-12,2.768637461626018e-12,-1.0527188489147226e-12,0.16141317856368304,0.02707299174080488,-10.06660793362339,0.018352795509898073,-0.004700924045967077,-0.08560569723914052,0.799999152003501,1.7677041718532147e-11,0.0,0.0,0.0,5.156453988363183e-12,-8.370762877881912e-05,3.2833529919365003,-3.2790529580622163,-0.004299967215658512,5.3484794928551894e-08,-8.370763307762886e-05
99.36,2.528389092998792e-05,-1.5715734870287543,1.5704109146287883,-1.5699999999843508,-1.5699999999998615,-7.666284629531277e-14,-0.0002809321194838,0.0174831892609736,-0.0045657179580494,2.5040678657396818e-12,-4.110942577290836e-13,1.4017672927361252e-13,0.15013225710645542,-0.16121308572761128,-9.942431621584642,0.0017529939005009034,-0.0039784762694969585,-0.07286445241016544,0.7999992663398766,1.762109401810284e-11,0.0,0.0,0.0,4.491224397270371e-12,-6.778272515257637e-05,3.283362074659935,-3.2804466370281666,-0.0029153836545634223,2.4825121641529716e-08,-6.77827376058108e-05
99.38,2.047995168098137e-05,-1.5712745244923814,1.5703328408517128,-1.5699999999843013,-1.5699999999998728,-7.283315232437592e-14,-0.000227555017154,0.0141613833016487,-0.0036982315461148,1.710388372291638e-12,-7.504726371525512e-13,2.469209766395395e-13,0.1338535984469029,-0.2825582245789533,-9.85138464948847,-0.009547301671948337,-0.003201152550326859,-0.060031611984020766,0.7999994358326878,1.7547332576808478e-11,0.0,0.0,0.0,3.791290895603906e-12,-5.489059927214992e-05,3.283369587243066,-3.281575677583578,-0.0017938659486306568,7.978723624718595e-09,-5.489061230372662e-05
99.4,1.658876088443654e-05,-1.571032364837914,1.5702696010922788,-1.5699999999842678,-1.5699999999998866,-6.799932831795769e-14,-0.0001843195638289,0.0114707204746028,-0.0029955675524332,1.1083079009191065e-12,-2.0858744012629618e-13,1.7280591223917642e-13,0.11426210304839123,-0.34904269616737116,-9.788894103273748,-0.016443426261678856,-0.0024499718733678342,-0.0476813425010831,0.7999996470219903,1.746248903789058e-11,0.0,0.0,0.0,3.0916379840003535e-12,-4.4452594262788325e-05,3.283375870793087,-3.2824904022097665,-0.0008854331845250796,-1.4919657901579934e-09,-4.445260524004844e-05
99.42,1.343689633897303e-05,-1.570836215517791,1.5702183768871352,-1.569999999984245,-1.569999999999893,-6.401727842576611e-14,-0.0001492988469799,0.0092912835846216,-0.0024264097175285,6.761120699933052e-13,-4.789630131851914e-13,2.4262045822918965e-13,0.09295834583434262,-0.373289273817466,-9.749733444696442,-0.019881908837935818,-0.0017750949110450197,-0.036240178100536875,0.7999998919148461,1.7372615077386525e-11,0.0,0.0,0.0,2.421391970717282e-12,-3.60008360622625e-05,3.283381194628976,-3.283231565690481,-0.0001496002700598466,-6.42572370307813e-09,-3.6000844482844785e-05
99.44,1.0883886052047036e-05,-1.5706773345684877,1.5701768852809683,-1.569999999984231,-1.5699999999999046,-5.889993265862545e-14,-0.0001209320662943,0.007525939703708,-0.0019653918712435,3.69121498579829e-13,-6.610935104941065e-13,2.862114604834047e-13,0.07117125631047061,-0.367062509842214,-9.728676883712115,-0.02076256711405396,-0.0012027687797232173,-0.025990845618831127,0.8000001659004946,1.7283427402597934e-11,0.0,0.0,0.0,1.805914338507456e-12,-2.9156895248541125e-05,3.2833857721347357,-3.2838321749989854,0.00044642608266777853,-8.626869392243337e-09,-2.9156901410016643e-05
99.46,8.815947715546671e-06,-1.5705486409995493,1.570143277079974,-1.569999999984222,-1.5699999999999177,-5.3220766275142504e-14,-9.795497389102744e-05,0.0060960111601422,-0.0015919674157553,1.4356848350490777e-13,-7.455695138807778e-13,3.0452662096782393e-13,0.049883929747360764,-0.3405867579793803,-9.720919025061113,-0.019880134670751008,-0.000741733294858532,-0.01709074516205383,0.8000004653093736,1.720041965939386e-11,0.0,0.0,0.0,1.2675271964713834e-12,-2.361460325819037e-05,3.2833897682750965,-3.2843189581443277,0.0009292086741760719,-9.232432018462871e-09,-2.361460767330666e-05
99.48,7.140917659713682e-06,-1.5704443992087065,1.570116054437168,-1.5699999999842182,-1.569999999999931,-4.7379015390057396e-14,-7.93435290053235e-05,0.0049377690398356,-0.0012894936068148,-1.0866126747286683e-14,-7.755743911523734e-13,3.053978803279191e-13,0.029912054899057173,-0.3022368961832166,-9.722310180061964,-0.01789580087056853,-0.0003887549706378683,-0.009592117685451235,0.8000007846746653,1.7127776359810502e-11,0.0,0.0,0.0,8.20466340909386e-13,-1.9126198878216578e-05,3.28339330109058,-3.2847135493819573,0.0013202635220810816,-8.950716323963024e-09,-1.912620202754432e-05
99.5,5.784143311889257e-06,-1.5703599633581211,1.5700940040964926,-1.569999999984216,-1.5699999999999443,-4.1645499747860655e-14,-6.426825861620899e-05,0.0039995929223636,-0.0010444898215443,-1.2156482535450154e-13,-7.654290463503989e-13,2.946907541056285e-13,0.01188031296182546,-0.25849608560473025,-9.729454517295125,-0.015330121594692462,-0.00013315175436592715,-0.0034639446297711936,0.8000011137470632,1.706762482863359e-11,0.0,0.0,0.0,4.679357774506743e-13,-1.549114972651809e-05,3.283396438796987,-3.285033445145638,0.0016370186846714502,-8.216001802058981e-09,-1.549115199212268e-05
99.52,4.68515608809382e-06,-1.5702915703191471,1.570076143320545,-1.569999999984218,-1.5699999999999577,-3.61949539385996e-14,-5.2057289575364846e-05,0.0032396702672003,-0.0008460367554786,-1.844642760488705e-13,-7.232800820076216e-13,2.767382471776861e-13,-0.0038037471063919422,-0.2140869140928076,-9.739712419897591,-0.012570124237485523,3.969728734067968e-05,0.001385422407773286,0.8000014343327915,1.702032954937275e-11,0.0,0.0,0.0,2.0440814587366235e-13,-1.2547125648705008e-05,3.2833991937506597,-3.2852927746810274,0.001893590921981908,-7.288622371379239e-09,-1.2547127306180138e-05
99.54,3.794976435200565e-06,-1.570236171957576,1.5700616760920267,-1.5699999999842205,-1.569999999999971,-3.113349625573984e-14,-4.216640463154373e-05,0.0026241329165108,-0.0006852897719529,-2.172546125383637e-13,-6.556742498135061e-13,2.545840578788443e-13,-0.016940919226054584,-0.17220154566490664,-9.75114125067351,-0.009884878527760287,0.0001457783669362559,0.005087023228664271,0.8000017170739184,1.6985093847112766e-11,0.0,0.0,0.0,1.9199793814715587e-14,-1.0162705481398493e-05,3.283401514443169,-3.28550292115043,0.002101414800096562,-6.319484168087921e-09,-1.0162706718878004e-05
99.56,3.0739309150920046e-06,-1.5701912992847022,1.5700499576369282,-1.5699999999842231,-1.5699999999999836,-2.6517448314294682e-14,-3.4154787810284394e-05,0.0021255476624305,-0.0005550847152984,-2.36991877072598e-13,-5.680008257999576e-13,2.304975431171013e-13,-0.02751141607654659,-0.1347761183401164,-9.762401376423073,-0.007445191628958649,0.00020067857591762864,0.007792969223749987,0.8000019183702338,1.696043979551546e-11,0.0,0.0,0.0,-1.0082378077980706e-13,-8.231481560075858e-06,3.283403276815292,-3.2856730225317667,0.002269752271424707,-5.391498010899388e-09,-8.231482504398894e-06
99.58,2.489884042824221e-06,-1.570154952419673,1.5700404656882976,-1.5699999999842265,-1.5699999999999923,-2.236803506077424e-14,-2.7665378171628385e-05,0.0017216936066244,-0.0004496186194122,-2.453299547382841e-13,-4.93310816610822e-13,2.0591418932168506e-13,-0.035636609292999576,-0.10277084178089091,-9.772647461887516,-0.0053443220880571,0.0002184835933385579,0.009661729202920348,0.8000019777535845,1.694457020433533e-11,0.0,0.0,0.0,-1.693182279232827e-13,-6.667292207643851e-06,3.283404276499498,-3.2858103766297297,0.0024061054395750577,-4.546027931110259e-09,-6.667292939086805e-06
99.6,2.0168060755363074e-06,-1.5701255114589985,1.5700327772099067,-1.56999999998423,-1.5700000000000014,-1.8682903378782248e-14,-2.2408956353536554e-05,0.0013945718214108,-0.000364191081736,-2.453346550299876e-13,-4.2176901543432797e-13,1.8193489495502081e-13,-0.04153885051880591,-0.07643071785671962,-9.781419049393675,-0.003617647504995796,0.0002111895055483974,0.010847125384410829,0.8000018161665977,1.6935625737560737e-11,0.0,0.0,0.0,-1.9918393002105168e-13,-5.400365199187431e-06,3.283404224083593,-3.285920770687378,0.0025165509042424854,-3.799657368612024e-09,-5.400365774689483e-06
99.62,1.633612921464981e-06,-1.57010166428085,1.57002654954241,-1.5699999999842336,-1.57000000000001,-1.5443776736771855e-14,-1.815125467227643e-05,0.0011296031753824,-0.0002949947762155,-2.384505603461194e-13,-3.4078482384579113e-13,1.5918474746229273e-13,-0.04550405075835394,-0.05551244248922346,-9.788539470295923,-0.0022600523089330474,0.0001884922071910991,0.011490772430624583,0.800001335762898,1.6931853952431387e-11,0.0,0.0,0.0,-2.0181188718656802e-13,-4.374197368202552e-06,3.2834027460998043,-3.286008753204186,0.002606010587673686,-3.1547240552310696e-09,-4.374197819589773e-06
99.64,1.3232264662451916e-06,-1.5700823480665504,1.5700215051317368,-1.5699999999842371,-1.5700000000000145,-1.2622169714882484e-14,-1.4702516303594036e-05,0.0009149785720841,-0.0002389457687426,-2.2727910728516558e-13,-2.7693590972746617e-13,1.3811743886587386e-13,-0.04784957958401442,-0.03947101023581409,-9.794028220380358,-0.001240433136767377,0.00015783627933679242,0.011717484891522733,0.8000004220253208,1.693170811805038e-11,0.0,0.0,0.0,-1.867258901131106e-13,-3.543029251322289e-06,3.2833993951333533,-3.286077863426536,0.0026784711145942937,-2.6058407538153073e-09,-3.5430296038685456e-06
99.66,1.0718134372103344e-06,-1.5700667019329655,1.5700174191590903,-1.5699999999842411,-1.570000000000019,-1.0185073307869532e-14,-1.190903821957041e-05,0.0007411326434174,-0.00019354607268,-2.0817284195669158e-13,-2.275360982460328e-13,1.1886295611239928e-13,-0.048898492276965175,-0.02760515390765638,-9.798029009080249,-0.0005131714302995027,0.00012462661272018725,0.01163309212603422,0.7999989491760262,1.693389295000733e-11,0.0,0.0,0.0,-1.6150816123486058e-13,-2.8698010214751675e-06,3.2833936731399502,-3.2861308323798775,0.0027371615252249066,-2.1438680473324093e-09,-2.8698012923157994e-06
99.68,8.681688834764854e-07,-1.5700540285647635,1.570014109521247,-1.569999999984245,-1.5700000000000234,-8.095941289889231e-15,-9.64632096726686e-06,0.0006003174411889,-0.0001567723188663,-1.8646353257295605e-13,-1.7412376252093137e-13,1.0153304148233669e-13,-0.04896002040349225,-0.01916440413240601,-9.800753640702483,-2.6724068330707178e-05,9.252756479776459e-05,0.01132409765770326,0.7999967900035976,1.6937372594569883e-11,0.0,0.0,0.0,-1.31913007143734e-13,-2.324497754838552e-06,3.2833850726584672,-3.2861697680516753,0.002784697244269354,-1.7582680091661767e-09,-2.3244979580702473e-06
99.7,7.03216794807699e-07,-1.5700437631365185,1.570011428714595,-1.569999999984249,-1.5700000000000278,-6.318390572796418e-15,-7.81351998961097e-06,0.0004862571273946,-0.0001269855782849,-1.6196884375123865e-13,-1.1789468183369032e-13,8.608977204008802e-14,-0.0483155819998392,-0.013422658215745295,-9.802440557388904,0.0002703367850977323,6.379431072084404e-05,0.010858671498809256,0.7999938313232966,1.6941353855801302e-11,0.0,0.0,0.0,-1.0209161593931944e-13,-1.8828096708210556e-06,3.283373140962149,-3.2861963361873676,0.0028231967245511973,-1.4384527606424147e-09,-1.8828098210501432e-06
99.72,5.696056028969816e-07,-1.5700354481396404,1.570009257261207,-1.569999999984253,-1.5700000000000278,-4.816707133841741e-15,-6.3289511951122666e-06,0.000393868273206,-0.0001028583184119,-1.3568506496146231e-13,-8.181871089454483e-14,7.246366101430888e-14,-0.04720919775083829,-0.009724091502821412,-9.803326115557573,0.0004254149344935559,3.9598255279327736e-05,0.010288545271891637,0.7999899962727328,1.6945255173051607e-11,0.0,0.0,0.0,-7.486896702226986e-14,-1.5250473951341777e-06,3.2833575721219854,-3.2862119468730775,0.002854375965528577,-1.1744942648017041e-09,-1.525047500377305e-06
99.74,4.613805374028526e-07,-1.5700287129921673,1.5700074983839631,-1.569999999984255,-1.5700000000000278,-3.557212765165445e-15,-5.126450469610442e-06,0.0003190333013157,-8.331523792595803e-05,-1.0746226967789705e-13,-6.678338628397925e-14,6.056102825509877e-14,-0.0458410658363872,-0.007507369970164682,-9.803626336344474,0.00047967025674253665,2.0322482306052324e-05,0.009651472905903444,0.7999852744696678,1.6948669486268522e-11,0.0,0.0,0.0,-5.202968969938805e-14,-1.2352635241202423e-06,3.2833383312264153,-3.286217955361652,0.0028796251189086275,-9.574680609130912e-10,-1.2352635971096122e-06
99.76,3.737182343381928e-07,-1.570023257522715,1.5700060736933954,-1.5699999999842562,-1.5700000000000278,-2.509028061594518e-15,-4.152424880513783e-06,0.0002584169740846,-6.748534273241681e-05,-1.0891217080794221e-13,-5.097418823236313e-14,5.0209499169559704e-14,-0.044363090580499163,-0.006313716036632213,-9.803526839626658,0.00046706685580644045,5.814203851028411e-06,0.008974011245970609,0.7999797606536421,1.6951371538781326e-11,0.0,0.0,0.0,-3.43648155091505e-14,-1.0005413206441139e-06,3.283315813332271,-3.286215883127994,0.002900070592482003,-7.795639475425865e-10,-1.0005413686857635e-06
99.78,3.0271176886574464e-07,-1.5700188385924578,1.5700049196940349,-1.5699999999842578,-1.5700000000000278,-1.6435395534861108e-15,-3.363464152239951e-06,0.0002093177490346,-5.466312762144023e-05,-1.0273317345442284e-13,-3.4881075324739244e-14,4.127464242918233e-14,-0.04287533333701333,-0.005783667931727104,-9.80317883531845,0.0004143163754616103,-4.410729939261652e-06,0.00827445607062489,0.799973701721477,1.695337542230153e-11,0.0,0.0,0.0,-2.146123159234108e-14,-8.104186227580587e-07,3.283291036795983,-3.2862076615638927,0.002916625413266704,-6.340780923384495e-10,-8.104186535442339e-07
99.8,2.2067687820447007e-07,-1.5700137333325583,1.5700035864603537,-1.5699999999842598,-1.5700000000000278,-6.32955457713014e-16,-2.4519653642451264e-06,0.0001525926390457,-3.984942005093808e-05,-1.1453080186850245e-13,-1.0936001300902331e-14,3.02247007973142e-14,-0.041422045843601304,-0.005645994030174617,-9.802699321019972,0.00034141364947619217,-1.1010394530853369e-05,0.007565702607608394,0.7999675509667167,1.6954868042785516e-11,0.0,0.0,0.0,-1.2099699342627859e-14,-5.907727885241967e-07,3.283265897463448,-3.2862016512570733,0.0029357542640721527,-4.644540613409606e-10,-5.907728049753384e-07
99.82,1.98609189174584e-07,-1.5700123599988072,1.570003227815573,-1.5699999999842598,-1.5700000000000296,-7.29674395037552e-17,-2.206768913330086e-06,0.0001373333751346,-3.586447805196054e-05,-9.102460949595586e-14,-1.8190272040851938e-13,6.053609372271397e-14,-0.03998630157564036,-0.005701371306870173,-9.802173960655407,0.0002625262556526933,-1.4702018530262847e-05,0.006857844839082273,0.799962026765776,1.69560134635199e-11,0.0,0.0,0.0,-5.2635927089280164e-15,-5.316855613241668e-07,3.283243252977877,-3.2861841382741104,0.0029408857196281126,-4.185397494862968e-10,-5.316855704951488e-07
99.84,1.6087344099824198e-07,-1.570010011598093,1.5700026145329995,-1.5699999999842598,-1.5700000000000318,8.761482808154298e-16,-1.7874827954056265e-06,0.0001112400338767,-2.905022722216176e-05,-9.58489551037444e-14,-8.436016189025555e-14,4.0788030047797736e-14,-0.03849637382751258,-0.0058058909560610335,-9.801661444303212,0.0001870241393493625,-1.618405538364635e-05,0.006160501769732859,0.7999581708543623,1.695688905846592e-11,0.0,0.0,0.0,-4.564025739080304e-16,-4.306516101908841e-07,3.283227475589241,-3.2861771562039666,0.0029496809576645393,-3.397541704437558e-10,-4.3065161313372346e-07
99.86,1.3030748541976638e-07,-1.5700081093935123,1.5700021177741144,-1.5699999999842598,-1.5700000000000318,1.492372104306498e-15,-1.4478610432669884e-06,9.010442744375756e-05,-2.3530684066816613e-05,-1.0064460196473056e-13,-3.599340089689772e-14,2.5753875825007023e-14,-0.03686608490933212,-0.005860061735789129,-9.801198431843892,0.00012048918327675913,-1.60879698511653e-05,0.005484176796465838,0.7999573986724644,1.6957557382819385e-11,0.0,0.0,0.0,2.663360615812091e-15,-3.488161396590716e-07,3.2832243454234784,-3.286181158874303,0.002956813728597566,-2.7568099020971437e-10,-3.488161377059461e-07
99.88,1.0554906176019713e-07,-1.5700065686078046,1.5700017153994164,-1.5699999999842598,-1.5700000000000318,1.865878718924042e-15,-1.1727674280614089e-06,7.298458624215116e-05,-1.9059854094415105e-05,-1.0583300021566662e-13,4.757183094851328e-15,1.4859962744220813e-14,-0.03504909129749378,-0.005802214106764742,-9.80080447633516,6.564500497776578e-05,-1.4951876592372816e-05,0.00483974722013283,0.7999615310423663,1.6958099813258252e-11,0.0,0.0,0.0,4.450268558286778e-15,-2.825313898458145e-07,3.2832413373337728,-3.286203945992216,0.0029626088834305607,-2.2361568806834478e-10,-2.825313848624458e-07
99.9,8.549473888579057e-08,-1.570005320571379,1.5700013894759104,-1.5699999999842598,-1.5700000000000318,2.0647912451770207e-15,-9.499416030170892e-07,5.91175148714737e-05,-1.5438481804076714e-05,-1.1070509465887869e-13,3.9256801896354926e-14,7.0931841316231506e-15,-0.03305726607987939,-0.0056010727390387515,-9.800486565401583,2.318467222798891e-05,-1.3210067210636905e-05,0.004236838415858824,0.7999727927777445,1.695860941365131e-11,0.0,0.0,0.0,5.238799232722712e-15,-2.2884262675920233e-07,3.28328758392244,-3.2862549161001504,0.002967332359944777,-1.813347037931545e-10,-2.2884262187548514e-07
99.92,6.925073759156167e-08,-1.5700043096618743,1.5700011254778714,-1.5699999999842618,-1.5700000000000318,2.1404038506991184e-15,-7.694526873852492e-07,4.788518705713608e-05,-1.2505170255417044e-05,-9.556085436972996e-14,6.845681951468392e-14,1.6315946735497545e-15,-0.030941223039592375,-0.005246570024871658,-9.800243061689859,-7.534855196065051e-06,-1.1194342035160914e-05,0.0036825703750065957,0.7999937599092036,1.6959185008748013e-11,0.0,0.0,0.0,5.323673706375237e-15,-1.853564434602706e-07,3.283373659004726,-3.286344861322895,0.0029712024657748463,-1.47014627593827e-10,-1.853564375147332e-07
99.94,5.6093096731787294e-08,-1.5700034908251748,1.57000091163946,-1.5699999999842618,-1.5700000000000318,2.1306569254727584e-15,-6.232566678680269e-07,3.8787001516321865e-05,-1.01291879117289e-05,-1.002612515287644e-13,9.321037134596113e-14,-2.071912045685693e-15,-0.028765799549085137,-0.0047411609528692925,-9.800066928231454,-2.7944075401655394e-05,-9.143209012993245e-06,0.0031810901045100375,0.8000272334050457,1.6959925559229868e-11,0.0,0.0,0.0,4.950438925818532e-15,-1.5013411667373385e-07,3.283511059378649,-3.2864854579645018,0.002974398705408162,-1.191686670720569e-10,-1.5013411216728286e-07
99.96,4.5435407847489535e-08,-1.5700028275674482,1.5700007384303465,-1.5699999999842618,-1.5700000000000318,2.0343530427373295e-15,-5.048378881774078e-07,3.1417471209647955e-05,-8.204642210395596e-06,-9.401124960026845e-14,1.0783412264745585e-13,-7.279128192336204e-15,-0.026593554659188324,-0.0040927833439228295,-9.799948228865365,-3.984904129503242e-05,-7.2153743981631225e-06,0.002733647486612778,0.8000760141018359,1.6960923872020153e-11,0.0,0.0,0.0,4.3133783030887496e-15,-1.2160519408229685e-07,3.2837112811254237,-3.28668834949969,0.0029770684711003764,-9.658257222840622e-11,-1.2160519083473957e-07
99.98,3.6802680132141844e-08,-1.5700022903286923,1.5700005981309653,-1.5699999999842618,-1.5700000000000305,1.8960311696109002e-15,-4.0891867084745485e-07,2.5448151656356335e-05,-6.645760185138989e-06,-7.892725175016634e-14,1.0181233805001824e-13,-7.812767525315005e-15,-0.024475012336017368,-0.003310900402729564,-9.799875963859083,-4.513954884009115e-05,-5.504918464112482e-06,0.0023390309433856376,0.8001425517929671,1.696225868172515e-11,0.0,0.0,0.0,3.5582898442628376e-15,-9.849757188638531e-08,3.2839843794149814,-3.2869637111691428,0.002979331832596914,-7.826997390143745e-11,-9.849756823918536e-08
100.0,2.981017061646986e-08,-1.5700018551652983,1.5700004844884654,-1.5699999999842629,-1.5700000000000305,1.8142043498581934e-15,-3.312241499701312e-07,2.06130028973746e-05,-5.383065751132959e-06,-1.1180083940227597e-13,1.0541980139743043e-13,-1.358147662462359e-15,-0.02244569030129828,-0.0024104006886916333,-9.79983933458457,-4.559720872846484e-05,-4.056449817641376e-06,0.0019942953582816328,0.8002284420578762,1.6963984209196127e-11,0.0,0.0,0.0,2.7881629072741967e-15,-7.978077810907886e-08,3.2843369033948573,-3.287318187930225,0.0029812845988981375,-6.34229389041269e-11,-7.978077514316764e-08
100.02,2.4146237703570172e-08,-1.5700015026829484,1.5700003924380403,-1.5699999999842635,-1.5700000000000285,1.7680472731487329e-15,-2.682915615137702e-07,1.6696532369862418e-05,-4.3602832493447484e-06,-1.125901764885698e-13,1.1249545697630353e-13,-1.011571320719935e-15,-0.020530120377191572,-0.001423066785278322,-9.799828537263956,-4.2782858974654776e-05,-2.8790699232314005e-06,0.0016956268381157036,0.8003337487129093,1.696611645749401e-11,0.0,0.0,0.0,2.0702579665571706e-15,-6.462012825660738e-08,3.2847691153816125,-3.287752115120054,0.0029829997899010166,-5.1387467661912655e-11,-6.462012734141287e-08
100.04,1.9558452216283213e-08,-1.5700012171722444,1.5700003178771962,-1.5699999999842638,-1.5700000000000252,1.658510909044762e-15,-2.1731614059517894e-07,1.3524191235317236e-05,-3.531829433158302e-06,-1.1113186322286257e-13,1.4886227917720144e-13,-1.1155611215499595e-14,-0.01875004037070777,-0.0004014649163294951,-9.799835179182093,-3.7984303615960235e-05,-1.9582343681387507e-06,0.0014389351249923196,0.8004561392375,1.6968615768617898e-11,0.0,0.0,0.0,1.4435174564130405e-15,-5.233950543026017e-08,3.2852714424522538,-3.288255970059649,0.0029845276490744225,-4.163258703688575e-11,-5.2339504342176004e-08
100.06,1.584234621772181e-08,-1.570000985908574,1.5700002574829133,-1.5699999999842638,-1.5700000000000207,1.46170650941349e-15,-1.7602607370041701e-07,1.0954594903477934e-05,-2.860781838154384e-06,-1.1075939897344857e-13,1.1216108717342445e-13,-9.353845505264086e-15,-0.01712854130387827,0.0005940416391870527,-9.799852423443692,-3.220707625365453e-05,-1.2651511375247808e-06,0.0012199538177119118,0.8005898368833181,1.697136556772951e-11,0.0,0.0,0.0,9.25593613671754e-16,-4.239128208134391e-08,3.2858201756533987,-3.2888060699754167,0.002985894355774918,-3.372559917165561e-11,-4.239128044465075e-08
100.08,1.283230018975032e-08,-1.5700007985849995,1.5700002085635447,-1.5699999999842658,-1.5700000000000207,1.353486068167802e-15,-1.4258112352368576e-07,8.873221856066338e-06,-2.3172332990524028e-06,-9.36958111955187e-14,8.623664064452944e-14,-6.204460646221468e-15,-0.015684395500773152,0.0015126589876062095,-9.799874984093787,-2.6192706918105744e-05,-7.641968363279669e-07,0.0010342205135674101,0.8007244182089776,1.69741478008648e-11,0.0,0.0,0.0,5.190661114873266e-16,-3.433190798617924e-08,3.2863725347957304,-3.2893596344298754,0.0029870996614839163,-2.731971804369003e-11,-3.4331908533865666e-08
100.1,1.0394163016071071e-08,-1.570000646852906,1.5700001689388543,-1.5699999999842658,-1.5700000000000207,1.23070708492852e-15,-1.1549070714453205e-07,7.187309693173533e-06,-1.8769589711093648e-06,-9.506171953266249e-14,9.277565328512301e-14,-6.356301731109965e-15,-0.014425023577787473,0.0023231938647354147,-9.799899043685404,-2.0451735906126694e-05,-4.1874270158882407e-07,0.0008773049183164062,0.8008435202174006,1.6976616362719025e-11,0.0,0.0,0.0,2.1664058052390481e-16,-2.7802184754085248e-08,3.2868613622330125,-3.2898494759954136,0.0029881137845417494,-2.212601822273962e-11,-2.780218560436095e-08
100.12,8.419271943336258e-09,-1.5700005239499093,1.570000136842855,-1.5699999999842658,-1.5700000000000207,1.111631009450301e-15,-9.354747097185604e-08,5.82172085367493e-06,-1.5203367506318936e-06,-9.646919147212557e-14,9.850518983700838e-14,-6.0650528932679215e-15,-0.013347294053217391,0.0030152933609733784,-9.799922076678792,-1.5302589572333242e-05,-1.9477266716119048e-07,0.0007450999857053836,0.8009235684841032,1.697827084231614e-11,0.0,0.0,0.0,5.275905599324544e-18,-2.25112247269096e-08,3.2871899027912317,-3.290178776829598,0.002988874056291796,-1.7917342067494327e-11,-2.2511223832412398e-08
100.14,6.819610204900987e-09,-1.5700004243984822,1.570000110845098,-1.5699999999842658,-1.5700000000000207,9.982592902196783e-16,-7.577345006173952e-08,4.715593888189461e-06,-1.2314727735963705e-06,-9.773378856087609e-14,1.0344075650883448e-13,-5.7668560559177875e-15,-0.012441132061506753,0.0035932200333041956,-9.799942581414385,-1.0911560598520563e-05,-6.218507550758554e-08,0.0006339254528260846,0.8009326973245959,1.6978434201263706e-11,0.0,0.0,0.0,-1.3070706918216474e-16,-1.8223500167760044e-08,3.287227371872746,-3.290216653877618,0.002989282019384497,-1.450698453359341e-11,-1.8223499853845968e-08
100.16,5.523884221631841e-09,-1.570000343761827,1.570000089786914,-1.5699999999842658,-1.5700000000000207,8.920800311937454e-16,-6.137649336640228e-08,3.819631053127207e-06,-9.974929604655112e-07,-9.885662412446157e-14,1.0774114200118607e-13,-5.366138294629155e-15,-0.011691314333134932,0.004068196804100176,-9.799959807347198,-7.331451256183631e-06,4.864482322869472e-09,0.0005405150873087198,0.8008301046463902,1.6976239532177723e-11,0.0,0.0,0.0,-2.074198436715826e-16,-1.4748347859701571e-08,3.2868063076131513,-3.2897955095362867,0.0029892019348784003,-1.1740877737531836e-11,-1.4748348867299945e-08
100.179,4.474346195148583e-09,-1.5700002784461364,1.570000072729785,-1.5699999999842658,-1.57000000000002,7.939472680058289e-16,-4.9714958681394336e-08,3.093901156778044e-06,-8.079692971315434e-07,-1.0000333404620177e-13,1.1147853451170445e-13,-4.907844156965181e-15,-0.011079445109900277,0.0044540781428005745,-9.799973536770219,-4.536487146995854e-06,2.7693254860791277e-08,0.0004620006359269942,0.800592645083687,1.697119410182804e-11,0.0,0.0,0.0,-2.399569022581662e-16,-1.1931827719013675e-08,3.285831715736857,-3.2888202765228662,0.002988560795512303,-9.498789805450723e-12,-1.1931827958961274e-08
100.2,3.624220409460171e-09,-1.5700002255404255,1.57000005891351,-1.5699999999842658,-1.57000000000002,7.040948578499876e-16,-4.02691157922437e-08,2.5060599385453407e-06,-6.544551402648704e-07,-1.0112233486664187e-13,1.0804707839033349e-13,-4.4953363323254776e-15,-0.010586175352239834,0.004765189346484185,-9.799983911469884,-2.4515070692455314e-06,2.3085964450360057e-08,0.0003958954082327545,0.8002714600605098,1.6964380023854345e-11,0.0,0.0,0.0,-2.415478651473661e-16,-9.650114414766673e-09,3.2845134934514633,-3.2875010538160194,0.0029875603722405693,-7.684068981118293e-12,-9.650113323587305e-09
100.22,2.9356185356821333e-09,-1.5700001826868004,1.5700000477223266,-1.5699999999842658,-1.57000000000002,6.226917641056829e-16,-3.261798324607334e-08,2.029908533184816e-06,-5.301086517376184e-07,-1.0223193440553466e-13,1.1088611538029049e-13,-4.068713630062069e-15,-0.010192749499731788,0.005014923081035522,-9.799991292655593,-9.748567414182884e-07,3.643735950859413e-09,0.00034006769566954594,0.7999751957988446,1.6958098636383287e-11,0.0,0.0,0.0,-2.231635309046455e-16,-7.802914394940902e-09,3.283297551974254,-3.2862841670890233,0.0029866151209826377,-6.21250681109811e-12,-7.802915683879391e-09
100.24,2.3778510274726413e-09,-1.5700001479753645,1.5700000386574688,-1.5699999999842658,-1.5700000000000178,5.491139963677462e-16,-2.6420565941746023e-08,1.644225915723886e-06,-4.293880200033863e-07,-1.0322896587962813e-13,9.113912427407861e-14,-3.662625150492252e-15,-0.009881967833701783,0.0052149550012852985,-9.799996153481608,4.634477428942193e-09,-2.1666428672617072e-08,0.0002927080999236957,0.7997718134730196,1.695378910651502e-11,0.0,0.0,0.0,-1.9344467204726818e-16,-6.307974354577501e-09,3.2824628209396933,-3.285448806931783,0.0029859859971128277,-5.022657371686667e-12,-6.3079732161296115e-09
100.26,1.9260593531228046e-09,-1.5700001198590996,1.5700000313149334,-1.5699999999842658,-1.5700000000000178,4.830006897618221e-16,-2.1400658080384473e-08,1.3318229915585847e-06,-3.478042803746483e-07,-1.0403401311429653e-13,9.332589260436599e-14,-3.2420813389934906e-15,-0.00963866375731897,0.0053749484782119,-9.799999001103975,5.95867991538352e-07,-4.687683344359979e-08,0.000252294478757472,0.7996597049192324,1.6951416150314563e-11,0.0,0.0,0.0,-1.588435505672465e-16,-5.097965695399636e-09,3.2820027000748953,-3.2849883729368563,0.0029856728660234526,-4.059248858287556e-12,-5.097965321558818e-09
100.28,1.5601081025955246e-09,-1.570000097084926,1.5700000253674795,-1.5699999999842658,-1.5700000000000178,4.242088035577068e-16,-1.7334532789830138e-08,1.078776609184488e-06,-2.8172147461476255e-07,-1.0476187082212553e-13,9.522764624606824e-14,-2.896921236338876e-15,-0.009449794273638481,0.005502634778163855,-9.800000323936484,8.97993017453195e-07,-6.838015334282574e-08,0.00021755768035781837,0.7996151410078004,1.6950475846138907e-11,0.0,0.0,0.0,-1.2389049544157242e-16,-4.1183396446410235e-09,3.281819799144413,-3.284805391014557,0.0029855918734239995,-3.2798951831536132e-12,-4.118341011379877e-09
100.3,1.263687593640334e-09,-1.5700000786378463,1.5700000205500422,-1.5699999999842658,-1.5700000000000178,3.717090457510352e-16,-1.4040971387630137e-08,8.738090565324424e-07,-2.281943808275065e-07,-1.0571102993626024e-13,9.68455743474165e-14,-2.5992138649182468e-15,-0.00930423381014896,0.005604174538180968,-9.800000559297239,9.96306072601464e-07,-8.433927911634652e-08,0.0001874506283914517,0.7996174769299269,1.6950529913127604e-11,0.0,0.0,0.0,-9.151927640840433e-17,-3.3250864399654425e-09,3.2818293867292936,-3.2848150564918552,0.002985669765208602,-2.6468634121409926e-12,-3.325088306989563e-09
100.32,1.023586984159252e-09,-1.57000006369571,1.5700000166479169,-1.5699999999842658,-1.5700000000000178,3.2524049938322954e-16,-1.1373186722925964e-08,7.077853296936778e-07,-1.8483744064389466e-07,-1.0640808605196849e-13,9.829208920517464e-14,-2.291651132807417e-15,-0.009192350512648407,0.005684725252589822,-9.800000076720012,9.606672146628664e-07,-9.417639971228393e-08,0.00016112269679602638,0.7996497044797286,1.6951217377870626e-11,0.0,0.0,0.0,-6.340405152267134e-17,-2.6826482441589976e-09,3.281961656931152,-3.284947503057714,0.0029858461286989086,-2.136201929065957e-12,-2.6826499055820493e-09
100.34,8.291054922372374e-10,-1.5700000515925805,1.5700000134871983,-1.5699999999842658,-1.5700000000000178,2.844722433195854e-16,-9.212281138132568e-09,5.733061031633276e-07,-1.4971833313683773e-07,-1.0699690364892157e-13,9.958213967369485e-14,-1.9520814873093498e-15,-0.009105433481306132,0.005749154858529474,-9.799999172636575,8.456725837482424e-07,-9.815488980532877e-08,0.00013790069796959297,0.7996985141202596,1.6952255846480216e-11,0.0,0.0,0.0,-4.027667281723381e-17,-2.1622992235884957e-09,3.282161984107357,-3.285148057873732,0.002986073768096046,-1.7205545786285374e-12,-2.162301305903965e-09
100.36,6.71575484775608e-10,-1.570000041789047,1.5700000109270154,-1.5699999999842658,-1.5700000000000178,2.4836131026836143e-16,-7.461947726616901e-09,4.643779488486679e-07,-1.2127186580678638e-07,-1.0758881377143685e-13,1.007837029296298e-13,-1.8107516180751358e-15,-0.009035031584521014,0.005802851277285378,-9.799998072758092,6.919519320976161e-07,-9.705555273474008e-08,0.00011727719496743173,0.7997540376627688,1.6953436007885884e-11,0.0,0.0,0.0,-2.220590779498291e-17,-1.74080502533921e-09,3.2823898667632085,-3.28537618462082,0.002986317858997853,-1.3863356207542714e-12,-1.740805580286932e-09
100.38,5.439761633559516e-10,-1.5700000338481834,1.5700000088532653,-1.5699999999842658,-1.5700000000000178,2.2517171322183914e-16,-6.0441794414405504e-09,3.7614614527038206e-07,-9.823020802792649e-08,-1.0541204415223983e-13,9.356584600704249e-14,-2.653957974876207e-16,-0.008972261166148127,0.005852580452882713,-9.799996939177475,5.280937367673706e-07,-9.194078210381213e-08,9.890621195446406e-05,0.7998094067782319,1.6954612237536442e-11,0.0,0.0,0.0,-8.829807840686611e-18,-1.3993701666879163e-09,3.282617115573796,-3.2856036699650164,0.0029865543923343163,-1.1150325170980813e-12,-1.3993695539398223e-09
100.4,4.4062074196849424e-10,-1.5700000274160864,1.570000007173529,-1.5699999999842658,-1.5700000000000178,2.085495404913355e-16,-4.895780851911505e-09,3.046783758870085e-07,-7.956644829318515e-08,-1.0288495280930377e-13,9.787781005266251e-14,-1.4712069468141232e-15,-0.008908039545417778,0.00590684479492481,-9.799995879663818,3.7281772587933696e-07,-8.398471832817662e-08,8.259240744656427e-05,0.7998602288589243,1.6955691454931953e-11,0.0,0.0,0.0,4.606374851451021e-19,-1.1227774124347306e-09,3.2828257021896428,-3.285812470480315,0.0029867682915666674,-8.942683574904287e-13,-1.1227777671824761e-09
100.42,3.56902883472962e-10,-1.570000022206085,1.5700000058129415,-1.5699999999842658,-1.5700000000000178,1.8183584336284274e-16,-3.965583046509166e-09,2.467894855015033e-07,-6.444883024572463e-08,-1.0471065847559815e-13,9.993851711307928e-14,-1.3147758234716802e-15,-0.008835502738087045,0.005974468126527009,-9.799994957637908,2.3711540099941895e-07,-7.433322342876383e-08,6.824418721887527e-05,0.7999040519781723,1.695662175636138e-11,0.0,0.0,0.0,6.383842229830632e-18,-8.987173736013215e-10,3.283005563298538,-3.285992514772501,0.002986951474678352,-7.167249491747816e-13,-8.987185217102039e-10
100.44,2.8909140773441564e-10,-1.5700000179859852,1.5700000047108655,-1.5699999999842658,-1.5700000000000178,1.5751269989538543e-16,-3.2121228097684124e-09,1.9989948529964415e-07,-5.2203536822019124e-08,-1.0628722997078515e-13,1.0172873434467905e-13,-1.2517233526225601e-15,-0.008752483427314757,0.006061564640031498,-9.79999420312093,1.2619607192209785e-07,-6.398724459091995e-08,5.5798422832321324e-05,0.7999398658398365,1.695738181663929e-11,0.0,0.0,0.0,9.670526448323099e-18,-7.172109784429495e-10,3.283152552398123,-3.2861396534363485,0.0029871010387967174,-5.7123698674762e-13,-7.172110575829896e-10
100.46,2.3416410284728027e-10,-1.570000014567704,1.5700000038181865,-1.5699999999842658,-1.5700000000000178,1.357490719861171e-16,-2.601819919558576e-09,1.619185803786207e-07,-4.2284871071366926e-08,-1.0771869998691205e-13,1.0311086263153509e-13,-1.0691774127316017e-15,-0.008660860164986421,0.006169513196168253,-9.79999362407934,4.117853734126505e-08,-5.3738862502900366e-08,4.5168143095763115e-05,0.7999676659003256,1.695797163543321e-11,0.0,0.0,0.0,1.1000438840884261e-17,-5.7017832896143e-10,3.283266650844219,-3.2862538685152964,0.0029872176715317043,-4.5341960864846847e-13,-5.701773410037322e-10
100.48,1.8967297754131987e-10,-1.5700000117988966,1.5700000030951136,-1.5699999999842658,-1.5700000000000178,1.1661425041089922e-16,-2.1074746040495402e-09,1.311540581210016e-07,-3.425074228978935e-08,-1.0892317834106302e-13,1.0432550627399456e-13,-9.960101227582626e-16,-0.00856418782203163,0.006295490456839846,-9.799993215433782,-1.9497729176626126e-08,-4.4164041638080726e-08,3.623163780567213e-05,0.7999880930219954,1.6958404889318393e-11,0.0,0.0,0.0,1.096586526911994e-17,-4.510689737163436e-10,3.283350488898763,-3.286337793235188,0.0029873043367826314,-3.588664559029587e-13,-4.5107056144744617e-10
100.5,1.5363515855517848e-10,-1.5700000095561617,1.5700000025094265,-1.5699999999842658,-1.5700000000000178,9.96705664481151e-17,-1.7070547392507746e-09,1.0623479325675129e-07,-2.7743103526302144e-08,-1.0996350523672058e-13,1.0529481661296436e-13,-8.210412151809325e-16,-0.008466246496601415,0.006434271018087746,-9.799992964710922,-5.895734914899797e-08,-3.564478421551375e-08,2.8840176982557087e-05,0.8000021505166062,1.6958702928041235e-11,0.0,0.0,0.0,1.0055266915784915e-17,-3.5459301946248534e-10,3.2834081844057588,-3.286395549649063,0.002987365243587701,-2.820561310262653e-13,-3.5459070013680174e-10
100.52,1.2444451857748459e-10,-1.570000007739546,1.570000002035019,-1.5699999999842658,-1.5700000000000178,8.500925206436734e-17,-1.382714682003531e-09,8.605018517717678e-08,-2.247192016566877e-08,-1.1062481172635685e-13,1.0604515100427479e-13,-7.13163408384174e-16,-0.008370458824276436,0.006579791061690284,-9.799992855628842,-8.105627435278023e-08,-2.840159773972066e-08,2.2829210434211314e-05,0.8000109935538934,1.6958890307579357e-11,0.0,0.0,0.0,8.651170655054203e-18,-2.76438917787126e-10,3.2834444784717274,-3.286431883551744,0.002987405080237725,-2.197831332302173e-13,-2.7643819858319825e-10
100.54,1.0080009444008431e-10,-1.5700000062680874,1.570000001650749,-1.5699999999842662,-1.5700000000000178,7.214077198677323e-17,-1.1199991681136455e-09,6.970064245758212e-08,-1.8202246664450812e-08,-1.0706605257364769e-13,1.0670649270202665e-13,-6.075396828186929e-16,-0.008279588625269032,0.0067261639746084975,-9.79999287042223,-8.979604134799628e-08,-2.2528712066036042e-08,1.8029994292977596e-05,0.800015781899154,1.695899166764487e-11,0.0,0.0,0.0,7.03740720904658e-18,-2.1313254200765553e-10,3.2834641310641213,-3.28645155954504,0.0029874284810899963,-1.704228992991147e-13,-2.1313182441328747e-10
100.56,8.164810611094418e-11,-1.5700000050762075,1.5700000013394912,-1.5699999999842662,-1.5700000000000178,6.116447171366802e-17,-9.071995713095816e-10,5.6457525748161755e-08,-1.4743813180985976e-08,-1.0759104036752433e-13,1.0733286180525365e-13,-5.488657560573211e-16,-0.008195619405777134,0.0068683061778583385,-9.799992991072507,-8.893983189361331e-08,-1.8026312596174233e-08,1.4278944384776206e-05,0.8000175850970941,1.6959029722251176e-11,0.0,0.0,0.0,5.411811578050426e-18,-1.6185300359875885e-10,3.283471531862279,-3.2864589715481225,0.0029874396859715345,-1.2886112273439437e-13,-1.6185433048369373e-10
100.58,6.613499114180995e-11,-1.5700000041107842,1.570000001087373,-1.5699999999842662,-1.5700000000000178,5.1670426287738804e-17,-7.34831861027779e-10,4.5730596219554564e-08,-1.1942498534604622e-08,-1.0824937802984153e-13,1.0775174892908185e-13,-4.470928747078101e-16,-0.008119726654701611,0.007002322590926709,-9.799993199629517,-8.178374519904756e-08,-1.4825984503411473e-08,1.1422870074699785e-05,0.8000173289090747,1.695902412552106e-11,0.0,0.0,0.0,3.901465859713405e-18,-1.203171882396619e-10,3.283470480422621,-3.2864579227736366,0.002987442351110849,-9.521500510702546e-14,-1.2031700669852833e-10
100.6,5.3569364450861847e-11,-1.570000003328792,1.5700000008831565,-1.5699999999842662,-1.5700000000000178,4.37377819737502e-17,-5.952139738510028e-10,3.7041791719362336e-08,-9.673424756863146e-09,-1.08602915991965e-13,1.0815877204664323e-13,-3.7650761330012383e-16,-0.008052350723777761,0.007125628303810475,-9.799993477723973,-7.104925920017849e-08,-1.2809656780435106e-08,9.322306652136806e-06,0.8000157725111731,1.69589909898875e-11,0.0,0.0,0.0,2.5784170952204477e-18,-8.667262574359036e-11,3.283464092593829,-3.28645153206659,0.0029874394728294437,-6.904076470626514e-14,-8.667146851035354e-11
100.62,4.339120367827363e-11,-1.5700000026953786,1.5700000007177397,-1.5699999999842662,-1.5700000000000178,3.686116598117421e-17,-4.821234753324599e-10,3.0003866561615096e-08,-7.835472888182384e-09,-1.0880801254243329e-13,1.0850942989687854e-13,-3.181589314740661e-16,-0.007993390678386069,0.007236765647274411,-9.799993805383103,-5.886762808423764e-08,-1.1823443896692719e-08,7.855526558624216e-06,0.8000135072524958,1.695894286134561e-11,0.0,0.0,0.0,1.4745123267785863e-18,-5.942420547448271e-11,3.283454795420714,-3.286442228810763,0.002987433390095001,-4.711326889431256e-14,-5.94226052517333e-11
100.64,3.5146890705155456e-11,-1.5700000021823113,1.5700000005837536,-1.5699999999842662,-1.5700000000000178,3.100923529219681e-17,-3.9052011974770803e-10,2.4303138308676518e-08,-6.346730412021081e-09,-1.0922525661135457e-13,1.087526648278222e-13,-2.380143883366837e-16,-0.00794243419229681,0.007335095644836854,-9.799994159439184,-4.681762925045031e-08,-1.1684696205111769e-08,6.920779410715518e-06,0.8000109693409427,1.695888898975228e-11,0.0,0.0,0.0,5.945512708624674e-19,-3.7348039909749534e-11,3.2834443792097914,-3.286431805047477,0.002987425837715543,-3.005428815605739e-14,-3.734723994358842e-11
100.66,2.8468994964182832e-11,-1.5700000017667282,1.5700000004752248,-1.5699999999842662,-1.5700000000000178,2.6057684243011534e-17,-3.16321401808367e-10,1.968554355542527e-08,-5.140850601477539e-09,-1.0940252039691777e-13,1.0900288743089013e-13,-2.2227631269026813e-16,-0.007898947496038037,0.0074205271030038395,-9.79999451188647,-3.598385046858413e-08,-1.2181268176354023e-08,6.434415439463985e-06,0.8000084604422708,1.6958835766572112e-11,0.0,0.0,0.0,-7.263001995942177e-20,-1.9465149511583663e-11,3.2834340820729597,-3.2864215001009014,0.0029874180279551906,-1.550455051904696e-14,-1.9465060765374792e-11
100.68,2.3059897458935738e-11,-1.5700000014301063,1.5700000003873174,-1.5699999999842662,-1.5700000000000178,2.1655233091627756e-17,-2.562204203840818e-10,1.5945291385350524e-08,-4.164098571361025e-09,-1.0977362392646933e-13,1.0919477200559791e-13,-1.9265680757339127e-16,-0.007862433322556957,0.007493275645844907,-9.79999482860308,-2.7017692177967825e-08,-1.3065335795731842e-08,6.326083057410191e-06,0.800006171699572,1.695878723479265e-11,0.0,0.0,0.0,-5.452485662665237e-19,-4.981456662023291e-12,3.2834246885094815,-3.286412099253563,0.0029874107440815935,-3.583380779339763e-15,-4.981723662806947e-12
100.7,1.867852507045884e-11,-1.5700000011574422,1.570000000316112,-1.5699999999842662,-1.5700000000000178,1.7582857196331397e-17,-2.0753880803391838e-10,1.2915693785978612e-08,-3.3729314762194072e-09,-1.1019643454847503e-13,1.0991404605400659e-13,-2.2865041387577875e-16,-0.007832528936792127,0.0075537099611101,-9.79999506978434,-2.0186294985488957e-08,-1.404625352063875e-08,6.5322497164375385e-06,0.8000042080168706,1.6958745604130593e-11,0.0,0.0,0.0,-8.417694376936223e-19,6.747190900191181e-12,3.2834166290719238,-3.2864040335060487,0.0029874044341181554,4.698946522720083e-15,6.747012421840709e-12
100.72,1.5129612104416782e-11,-1.5700000009365855,1.570000000258436,-1.5699999999842662,-1.5700000000000178,1.382815322454679e-17,-1.6810635720096191e-10,1.0461723653584614e-08,-2.732088238490646e-09,-1.099108085311276e-13,1.1004996542480997e-13,-2.0931179969393212e-16,-0.0078089644329476515,0.007602432172793054,-9.799995198243844,-1.5373160824787122e-08,-1.4789441186512814e-08,6.9890083389811e-06,0.8000026105613283,1.69587117282552e-11,0.0,0.0,0.0,-9.760572276230489e-19,1.624991811478398e-11,3.2834100727208284,-3.2863974720182156,0.0029873992973751566,1.3033972809291931e-14,1.625000595688852e-11
100.74,1.2254996181274644e-11,-1.5700000007576886,1.5700000002117178,-1.5699999999842662,-1.5700000000000178,9.133408542603264e-18,-1.3616599785823575e-10,8.474002493113618e-09,-2.212992753048825e-09,-1.1036182302093624e-13,1.1025411428406645e-13,-2.0513990724348571e-16,-0.007791408393587511,0.007640471031128092,-9.799995197832446,-1.2050903564539785e-08,-1.4934725661210697e-08,7.626683034858995e-06,0.8000013763152717,1.6958685519393184e-11,0.0,0.0,0.0,-9.543226194102517e-19,2.3944906316784295e-11,3.28340500707111,-3.2863924024306597,0.002987395359530213,1.8754394069279585e-14,2.394508299847518e-11
100.76,9.926555651664986e-12,-1.5700000006127846,1.5700000001738748,-1.5699999999842662,-1.5700000000000178,5.81314943788869e-18,-1.1029450808023796e-10,6.863934914527384e-09,-1.792529041853986e-09,-1.1037345093114127e-13,1.1023121814742935e-13,-1.642905046591798e-16,-0.007779331612007855,0.007669261522151714,-9.79999508327674,-9.393072631899602e-09,-1.4146315304890812e-08,8.36953730350052e-06,0.8000004741654362,1.6958666289639215e-11,0.0,0.0,0.0,-7.7373989685163645e-19,3.0179628702133985e-11,3.2834013044263477,-3.2863886969606573,0.002987392534287129,2.3805896609554464e-14,3.01800720178863e-11
100.78,8.040517034008321e-12,-1.5700000004954118,1.5700000001432215,-1.5699999999842662,-1.5700000000000178,3.645773304888865e-18,-8.93386589397094e-11,5.5598003627488e-09,-1.451934849082651e-09,-1.1055294133833117e-13,1.1015180823580169e-13,-1.2327944327263052e-16,-0.007771970969867362,0.0076904083509735455,-9.7999948875735,-6.551539903277262e-09,-1.217382069106299e-08,9.141363765404723e-06,0.7999998574788425,1.695865301813802e-11,0.0,0.0,0.0,-4.2267986070303853e-19,3.5229164637080465e-11,3.2833987733932952,-3.2863861640650733,0.002987390671751328,2.8429960999699626e-14,3.522872012528509e-11
100.8,6.512824786307236e-12,-1.570000000400339,1.5700000001183925,-1.5699999999842662,-1.5700000000000178,2.3040597219023946e-18,-7.236432938092769e-11,4.5034455623353305e-09,-1.1760666698486666e-09,-1.1055108581939557e-13,1.1006980202881076e-13,-3.1750059744968924e-17,-0.007768403072477941,0.00770547465033355,-9.799994644634092,-2.8528605560590696e-09,-8.886004556587992e-09,9.873551381368804e-06,0.7999994734151066,1.6958644549715792e-11,0.0,0.0,0.0,1.1741458741209297e-19,3.932133718295276e-11,3.283397197101968,-3.2863845866962227,0.0029873895942236577,3.0816928824860225e-14,3.9321514935946405e-11
100.82,5.275392431339833e-12,-1.5700000003233294,1.570000000098282,-1.5699999999842662,-1.5700000000000178,1.4853269874857238e-18,-5.861512539852326e-11,3.6477746337227407e-09,-9.52600991127629e-10,-1.1042293140000417e-13,1.1006764554620638e-13,-2.892332137562105e-17,-0.0077676729651199785,0.007715872502347763,-9.799994382700122,2.183956098042263e-09,-4.27908015824476e-09,1.0511200682182577e-05,0.7999992693975675,1.695863973423376e-11,0.0,0.0,0.0,8.684026136643013e-19,4.2632895722852034e-11,3.2833963597647293,-3.2863837488860295,0.0029873891212665823,3.468049607996279e-14,4.263209723141632e-11
100.84,4.273072483314882e-12,-1.5700000002609529,1.5700000000819927,-1.5699999999842662,-1.5700000000000178,1.1544715011437229e-18,-4.747816211266271e-11,2.9547070547895274e-09,-7.716123713265985e-10,-1.1059598934645177e-13,1.1004956558452022e-13,2.8536316654231993e-18,-0.0077688992746868185,0.007722810917249928,-9.79999412342331,8.877236380938685e-09,1.5117004770971529e-09,1.1015580573619986e-05,0.7999991972423691,1.6958637517586436e-11,0.0,0.0,0.0,1.8499008884275564e-18,4.531713970152343e-11,3.283396063623089,-3.2863834527089493,0.002987389085825638,3.643464513443676e-14,4.531625337390317e-11
100.86,3.461190781302908e-12,-1.5700000002104264,1.5700000000687966,-1.5699999999842662,-1.5700000000000178,1.057472153377802e-18,-3.845756606261286e-11,2.393311310968345e-09,-6.249963568381866e-10,-1.1068641490708281e-13,1.0999545584516431e-13,1.386271988577619e-20,-0.007771332461043948,0.007727277117800231,-9.799993881506873,1.7385468725034994e-08,8.18557179982515e-09,1.1363691992498087e-05,0.7999992154537633,1.6958636995459716e-11,0.0,0.0,0.0,3.0716282326710266e-18,4.7490419334914766e-11,3.2833961383682246,-3.286383527711642,0.0029873893433805246,3.7900139588331543e-14,4.749095531307793e-11
100.88,2.8035677171687752e-12,-1.5700000001694991,1.5700000000581096,-1.5699999999842662,-1.5700000000000178,1.161507465519694e-18,-3.115058934000643e-11,1.9385639843964727e-09,-5.06246890783619e-10,-1.1070237235826553e-13,1.1003353604144523e-13,-3.58025358526938e-18,-0.00777437852693722,0.007730041391761638,-9.799993664655522,2.7682673345447547e-08,1.523670531495847e-08,1.154614602104741e-05,0.7999992901589263,1.6958637440185165e-11,0.0,0.0,0.0,4.523480600901317e-18,4.9249189301912795e-11,3.283396444977675,-3.2863838347535936,0.002987389775879009,3.8885465022976635e-14,4.924928264316087e-11
100.9,2.2708916006924685e-12,-1.57000000013635,1.570000000049452,-1.5699999999842662,-1.5700000000000178,1.1588103670318486e-18,-2.5231932918339564e-11,1.5702363127881844e-09,-4.100572071314605e-10,-1.1067206556904361e-13,1.1004123084028985e-13,-1.043216365750237e-17,-0.007777598665442603,0.007731677495739747,-9.799993473658402,3.9507064410221105e-08,2.1905075731195085e-08,1.1564259343321108e-05,0.7999993950951305,1.6958638309654818e-11,0.0,0.0,0.0,6.1632885412601475e-18,5.067906858185433e-11,3.2833968756626875,-3.28638426595482,0.002987390292092645,4.0192755829725377e-14,5.067845302072241e-11
100.92,1.8394233276321224e-12,-1.5700000001094985,1.57000000004244,-1.5699999999842662,-1.5700000000000178,1.5561336702541397e-18,-2.0438126778647396e-11,1.2718747768985095e-09,-3.3214175591488276e-10,-1.1071956682062437e-13,1.0997587187763225e-13,2.1028360539196452e-17,-0.00778069329327102,0.007732592373539531,-9.799993302506078,5.2285333054979325e-08,2.712330161904586e-08,1.142701003585778e-05,0.7999995109901706,1.695863924557364e-11,0.0,0.0,0.0,7.90242039660656e-18,5.1831925716130093e-11,3.283397351325364,-3.286384742151008,0.002987390825601583,4.202740253550507e-14,5.183104544067601e-11
100.94,1.4899347445005392e-12,-1.570000000087749,1.57000000003676,-1.5699999999842662,-1.5700000000000178,1.710420514801357e-18,-1.6554719704599167e-11,1.0302240985590175e-09,-2.6903665755790795e-10,-1.1071115514011841e-13,1.1004949948741261e-13,-1.5852089258966222e-20,-0.007783476955720882,0.007733060613745166,-9.799993138517472,6.503703877956032e-08,2.946756239058242e-08,1.1148285842012954e-05,0.7999996246034266,1.6958640066513308e-11,0.0,0.0,0.0,9.589728000219548e-18,5.276735683551079e-11,3.283397817622923,-3.2863852089544214,0.0029873913314563323,4.1683237551744517e-14,5.27667447006383e-11
100.96,1.2068478885667169e-12,-1.570000000070132,1.5700000000321614,-1.5699999999842662,-1.5700000000000178,1.9580283920947893e-18,-1.3409197880286411e-11,8.344695568798705e-10,-2.1792201975131964e-10,-1.1066934414131277e-13,1.0997008104258974e-13,7.764344799081345e-17,-0.007785848600254528,0.0077332615444167295,-9.79999296249321,7.62667548500402e-08,2.7124013926520375e-08,1.0744537224422595e-05,0.79999972762631,1.6958640759407533e-11,0.0,0.0,0.0,1.0994807475089761e-17,5.352453048458453e-11,3.2833982404548685,-3.2863856322371716,0.0029873917822625514,4.218839210701665e-14,5.35244526615813e-11
100.98,9.77547086342946e-13,-1.5700000000558634,1.5700000000284355,-1.5699999999842662,-1.5700000000000178,2.0248678819038137e-18,-1.0861563464017775e-11,6.759296980720251e-10,-1.7653294260833304e-10,-1.1066550940457809e-13,1.1003798164837397e-13,-1.0490610585224143e-17,-0.0077877602712904176,0.007733317996307705,-9.799992748982032,8.385554741921678e-08,1.788561010704611e-08,1.0232826783184374e-05,0.7999998155808572,1.6958641471357278e-11,0.0,0.0,0.0,1.1792180250830347e-17,5.414092819228825e-11,3.2833986014425447,-3.286385993606815,0.002987392164228357,4.290726414907061e-14,5.414005180625404e-11
101.0,7.918142822947726e-13,-1.5700000000443035,1.5700000000254155,-1.5699999999842662,-1.5700000000000178,1.9964140798244056e-18,-8.797791925716263e-12,5.474991372903924e-10,-1.4298195504872836e-10,-1.1079638524932217e-13,1.1007658265783447e-13,-3.53134768960504e-17,-0.007789187146613026,0.007733332395874862,-9.799992466941575,8.496757816176127e-08,-8.031192946870028e-10,9.629808124258138e-06,0.7999998868056111,1.695864250191854e-11,0.0,0.0,0.0,1.154879227642857e-17,5.463591317122985e-11,3.283398893766918,-3.2863862862405275,0.0029873924735663725,4.407022543604277e-14,5.463565826653405e-11
101.02,6.413704008779234e-13,-1.5700000000349423,1.5700000000229688,-1.5699999999842662,-1.5700000000000178,2.0852393768424063e-18,-7.126296872512629e-12,4.4347122692445167e-10,-1.1580373820978632e-10,-1.108033125151346e-13,1.1003925063235553e-13,3.100002654583596e-17,-0.007790101083494249,0.007733416303498744,-9.799992081137137,7.599366850998452e-08,-3.173208481299168e-08,8.952110490876472e-06,0.7999999415789555,1.6958644294431383e-11,0.0,0.0,0.0,9.718169381870486e-18,5.5040395447927866e-11,3.2833991185705678,-3.2863865112838324,0.0029873927132228854,4.401471792363797e-14,5.503960580557769e-11
101.04,5.195106802550762e-13,-1.5700000000273573,1.5700000000209904,-1.5699999999842662,-1.5700000000000178,2.641308650566987e-18,-5.772349886342485e-12,3.5920503574725005e-10,-9.379909198607636e-11,-1.1053822089315474e-13,1.0989203408162727e-13,3.9420595314269605e-17,-0.007790458740064669,0.0077337006393380665,-9.799991554553316,5.2561725095825274e-08,-7.771624014592675e-08,8.217495521198726e-06,0.7999999814010309,1.6958647423419654e-11,0.0,0.0,0.0,5.645615709302156e-18,5.536325868313217e-11,3.2833992820104436,-3.286386674900867,0.002987392890378605,4.4544854761460404e-14,5.5363441964427285e-11
101.06,4.208044347081706e-13,-1.5700000000212155,1.5700000000193872,-1.5699999999842662,-1.5700000000000178,3.051316929369408e-18,-4.675620586545044e-12,2.9094861382962587e-10,-7.599112671866463e-11,-1.1074616257063097e-13,1.0989434804122232e-13,2.1310829483493516e-17,-0.007790224074791456,0.007734301933979975,-9.799990852195824,9.651467063927818e-09,-1.4126199847438446e-07,7.445660099570229e-06,0.8000000084350423,1.6958652573663664e-11,0.0,0.0,0.0,-1.4100721587655781e-18,5.562981822062478e-11,3.283399392964886,-3.286386785979306,0.002987393014376222,4.5197119139334464e-14,5.562928390349455e-11
101.08,3.4085237495740885e-13,-1.5700000000162415,1.5700000000180885,-1.5699999999842662,-1.5700000000000178,3.319414173833355e-18,-3.787187161529044e-12,2.356818293651319e-10,-6.155810868562576e-11,-1.1091785980383354e-13,1.1000251222042869e-13,-8.143057944728237e-18,-0.00778940997084643,0.00773526769657767,-9.799989946584871,-5.814225333096171e-08,-2.2408158573642266e-07,6.657939585245766e-06,0.8000000250956734,1.6958660505270172e-11,0.0,0.0,0.0,-1.2231896881562521e-17,5.58432740256324e-11,3.2833994613443744,-3.286386854439665,0.0029873930952445614,4.4816880472859015e-14,5.5843617065113744e-11
101.1,2.760909523483793e-13,-1.5700000000122116,1.5700000000170335,-1.5699999999842662,-1.5700000000000178,3.458694009509024e-18,-3.067647453377811e-12,1.9091764649903049e-10,-4.985646291227159e-11,-1.107259992786266e-13,1.0999272001932095e-13,1.475665604171378e-17,-0.007788093478457195,0.007736564668666294,-9.799988825011308,-1.561476084972419e-07,-3.2643248084595133e-07,5.876003539017823e-06,0.8000000337649147,1.6958671998024936e-11,0.0,0.0,0.0,-2.756972458277992e-17,5.601828363876488e-11,3.2833994969251843,-3.286386890067968,0.002987393142738661,4.446162767308322e-14,5.601852252257652e-11
101.12,2.2363404175287125e-13,-1.5700000000089476,1.570000000016181,-1.5699999999842664,-1.5700000000000178,3.3223340184116803e-18,-2.484804169416136e-12,1.5463565132856245e-10,-4.0375159284641945e-11,-1.1077943818686177e-13,1.1007106929680613e-13,-4.3591921973177034e-18,-0.007786398684276683,0.00773811490429413,-9.799987498734318,-2.8890345054815146e-07,-4.462695287666273e-07,5.120466508705227e-06,0.8000000366124361,1.6958687767659394e-11,0.0,0.0,0.0,-4.8027619826851155e-17,5.61586686147992e-11,3.2833995086121885,-3.2863869017778553,0.0029873931656221055,4.4514389143868826e-14,5.615755477302591e-11
101.14,1.8114398598392006e-13,-1.570000000006303,1.5700000000154903,-1.5699999999842664,-1.5700000000000178,3.2291949871137193e-18,-2.0126875232281668e-12,1.2525915325514863e-10,-3.2692408628174974e-11,-1.0856283680128897e-13,1.1004175479727275e-13,-1.05073748479036e-17,-0.0077844747173959295,0.0077398379452946,-9.799986014350981,-4.5914691723844143e-07,-5.78212874544353e-07,4.410141278129081e-06,0.800000035497438,1.695870834660627e-11,0.0,0.0,0.0,-7.390647281247578e-17,5.6273934240667165e-11,3.2833995040360078,-3.286386897207427,0.0029873931713754786,4.445058567108269e-14,5.627332742711775e-11
101.16,1.467270927332639e-13,-1.5700000000041603,1.5700000000149308,-1.5699999999842664,-1.5700000000000178,3.215920434209294e-18,-1.6302959272435082e-12,1.0145606027721646e-10,-2.6475167806609927e-11,-1.0860823513320855e-13,1.1005788716417116e-13,-1.018292607392917e-17,-0.007782480911663972,0.007741682083641816,-9.799984467237861,-6.664604906287896e-07,-7.123578348366065e-07,3.761960378403902e-06,0.8000000319306441,1.6958733922642184e-11,0.0,0.0,0.0,-1.0499663227597732e-16,5.63655910457907e-11,3.2833994893970453,-3.2863868825631823,0.0029873931660931584,4.5152845266385846e-14,5.636397614578343e-11
101.18,1.1884923239496994e-13,-1.570000000002426,1.5700000000144778,-1.5699999999842664,-1.5700000000000178,3.0025440977007163e-18,-1.3205496186160961e-12,8.218251782711588e-11,-2.1456964432780526e-11,-1.0859747313071311e-13,1.1010599523482893e-13,-2.7756527700513956e-17,-0.007780577801847251,0.007743646871159371,-9.799983016525466,-9.055576250443108e-07,-8.329866886728529e-07,3.191328334249024e-06,0.8000000270779206,1.6958764130871592e-11,0.0,0.0,0.0,-1.403185597539917e-16,5.6439677421184266e-11,3.2833994694802904,-3.2863868626348154,0.0029873931544812,4.568858035422994e-14,5.643802719925864e-11
101.2,9.626812332496877e-14,-1.5700000000010206,1.5700000000141114,-1.5699999999842664,-1.5700000000000178,2.844607292024033e-18,-1.069655776441655e-12,6.6572820647038e-11,-1.7371296374247586e-11,-1.0858027866726859e-13,1.1008823961965657e-13,-4.071716494208984e-17,-0.007778922271942702,0.007745798462351043,-9.799981900568065,-1.1642196159625571e-06,-9.172883592970045e-07,2.7126646985267054e-06,0.8000000217903008,1.6958797798209137e-11,0.0,0.0,0.0,-1.7781491958330479e-16,5.650178496420973e-11,3.2833994477786153,-3.286386840918664,0.00298739314000285,4.463115282534487e-14,5.650098542437813e-11
101.22,7.797734020505669e-14,-1.5699999999998815,1.570000000013816,-1.5699999999842664,-1.5700000000000178,2.6465673197895752e-18,-8.664222462773969e-13,5.391633645680197e-11,-1.4085110088464468e-11,-1.0844532068343567e-13,1.1013122693319295e-13,-1.6483487594261368e-17,-0.0077776650175628405,0.007748278651597655,-9.799981451228406,-1.4209471004121086e-06,-9.342503778145629e-07,2.33990425736688e-06,0.8000000166485324,1.695883264531765e-11,0.0,0.0,0.0,-2.140055101777641e-16,5.654897505678891e-11,3.2833994266755395,-3.2863868198006565,0.002987393125071187,4.606895578268739e-14,5.654911632265267e-11
101.24,6.31618458769161e-14,-1.5699999999989578,1.5700000000135763,-1.5699999999842664,-1.5700000000000178,2.442980128473356e-18,-7.017791360318495e-13,4.3657848598258125e-11,-1.1420534566643788e-11,-1.086003182576952e-13,1.1008586031651545e-13,2.4483526631464648e-18,-0.007776948451862394,0.00775130764329679,-9.799982104508633,-1.6424607095043997e-06,-8.439579835500639e-07,2.0867296599227373e-06,0.8000000120133615,1.69588649593053e-11,0.0,0.0,0.0,-2.436274741810824e-16,5.6588074245679106e-11,3.2833994076516593,-3.2863868007629375,0.0029873931112344076,4.564435804070316e-14,5.65870312576138e-11
101.26,5.1161169433462165e-14,-1.5699999999982115,1.570000000013381,-1.5699999999842664,-1.5700000000000178,2.1462480475592825e-18,-5.684616519207262e-13,3.535342052771106e-11,-9.266740503362812e-12,-1.0859128807175629e-13,1.1016858412522845e-13,-5.6647274290022374e-18,-0.007776903227962168,0.007755179723730141,-9.799984404142505,-1.7812794323191272e-06,-5.976156223671998e-07,1.966320731894591e-06,0.8000000080754563,1.695888926176403e-11,0.0,0.0,0.0,-2.592976164479867e-16,5.6620840551238596e-11,3.283399391489531,-3.286386784588908,0.0029873930993313444,4.56999215150657e-14,5.662031480009214e-11
101.28,4.1440528317889056e-14,-1.5699999999976078,1.570000000013221,-1.5699999999842664,-1.5700000000000178,1.7758549857105916e-18,-4.604558533005741e-13,2.8647643843085498e-11,-7.490318994194371e-12,-1.0866402436362707e-13,1.1015558657680977e-13,-1.67905266978834e-18,-0.007777641649653417,0.007760250142591881,-9.799988993764606,-1.7737232066725517e-06,-1.3869192403029403e-07,1.990414698427237e-06,0.8000000049010885,1.695889975670852e-11,0.0,0.0,0.0,-2.5125148517777924e-16,5.6648142751998115e-11,3.2833993784611466,-3.286386771550926,0.002987393089732396,4.6218985181835585e-14,5.6647269775613915e-11
101.3,3.3566835493886077e-14,-1.569999999997117,1.5700000000130945,-1.5699999999842664,-1.5700000000000178,1.629138896778816e-18,-3.729735126653455e-13,2.3207581575547885e-11,-6.069234891584806e-12,-1.0870892789074789e-13,1.1016415947864285e-13,-1.5463510361172686e-17,-0.007779246400411895,0.007766910729234523,-9.79999659227535,-1.5388266674025014e-06,5.943272867540735e-07,2.167486112738017e-06,0.8000000024714233,1.6958895351785465e-11,0.0,0.0,0.0,-2.0723482077152471e-16,5.666793437918011e-11,3.2833993684892038,-3.2863867615717557,0.0029873930825061405,4.5211481105696875e-14,5.666701660161997e-11
101.32,2.7189176597569234e-14,-1.5699999999967196,1.57000000001299,-1.5699999999842664,-1.5700000000000178,1.4955330281395904e-18,-3.020895272338579e-13,1.878890785263709e-11,-4.914609470724633e-12,-1.0862184226229836e-13,1.1016339143531777e-13,-1.7508128213149688e-17,-0.00778175326580237,0.007775551154797512,-9.80000794617475,-9.788086655149374e-07,1.6630241382547895e-06,2.4998805782647796e-06,0.8000000007145569,1.6958883049224313e-11,0.0,0.0,0.0,-1.1264617129496425e-16,5.6685923206591685e-11,3.283399361278593,-3.2863867543560774,0.002987393077439493,4.5575121682207215e-14,5.6684744746314354e-11
101.34,2.2023179143944547e-14,-1.5699999999963976,1.5700000000129055,-1.5699999999842664,-1.5700000000000178,1.2865517937032743e-18,-2.447194857373944e-13,1.5214058026826147e-11,-3.982020915154905e-12,-1.0855566213269589e-13,1.1021215543716947e-13,-8.167459617702185e-18,-0.0077851269106421535,0.007786502435992844,-9.800023752228205,1.8093522388758274e-08,3.1213801755972134e-06,2.9797806291472615e-06,0.7999999995303263,1.6958874463873535e-11,0.0,0.0,0.0,4.8946737058281e-17,5.6699394750038874e-11,3.2833993564182276,-3.28638674949249,0.0029873930742188182,4.582502764705567e-14,5.6699976603825996e-11
101.36,1.7838583785255018e-14,-1.5699999999961378,1.570000000012837,-1.5699999999842664,-1.5700000000000178,1.0966584209356392e-18,-1.9821578134045402e-13,1.2305339722977438e-11,-3.226926695321838e-12,-1.0861961564103357e-13,1.1017670641905277e-13,9.833364458449149e-18,-0.007789228691634057,0.0077999607833112,-9.800044546504418,1.5714719025057935e-06,5.004783276898161e-06,3.583983069923411e-06,0.7999999988084904,1.6958880651969372e-11,0.0,0.0,0.0,2.947725483943252e-16,5.671087290826048e-11,3.2833993534556356,-3.2863867465281804,0.0029873930724995936,4.567535975629004e-14,5.671099004512372e-11
101.38,1.4449285118330464e-14,-1.5699999999959269,1.5700000000127814,-1.5699999999842664,-1.5700000000000178,8.715858891183135e-19,-1.605807552665137e-13,9.973772163017148e-12,-2.605392365415074e-12,-1.0860736922451671e-13,1.1019083718544606e-13,-3.997699711253249e-17,-0.0077937759370073295,0.007815896294894589,-9.800070589466257,3.7982794299336577e-06,7.3152524256000176e-06,4.26764295006263e-06,0.7999999984411998,1.6958910396369488e-11,0.0,0.0,0.0,6.411436026091495e-16,5.6718521897405744e-11,3.2833993519481894,-3.2863867450201574,0.0029873930719213626,4.517333888440246e-14,5.671863013395606e-11
101.4,1.1703929200463398e-14,-1.569999999995758,1.570000000012737,-1.5699999999842664,-1.5700000000000178,8.700475313404206e-19,-1.3006079569720033e-13,8.086386736438837e-12,-2.0946835004021355e-12,-1.0869655777291825e-13,1.1020262159061029e-13,-2.965808081399019e-17,-0.007798295541049092,0.007833946796405453,-9.800101766217699,6.796892605913552e-06,1.0002584134121968e-05,4.957233793608365e-06,0.7999999983308034,1.695897010009876e-11,0.0,0.0,0.0,1.1009002950419926e-15,5.6724850043824676e-11,3.2833993514950985,-3.286386744567286,0.0029873930721422085,4.545974647494872e-14,5.6726483851168986e-11
101.42,9.48026133257012e-15,-1.5699999999956182,1.5700000000126992,-1.5699999999842664,-1.5700000000000178,9.204594944691238e-19,-1.0535392166297812e-13,6.554274154400168e-12,-1.6949449108141193e-12,-1.0881407389076508e-13,1.101894453972226e-13,-2.824640473878318e-17,-0.007802077080525907,0.007853275924028798,-9.800137388354067,1.0624227678410896e-05,1.2941373989502365e-05,5.542992151964115e-06,0.7999999983940349,1.6959063454837933e-11,0.0,0.0,0.0,1.6798611885947674e-15,5.673315596167304e-11,3.2833993517546167,-3.2863867448275643,0.0029873930729002237,4.5912872106887135e-14,5.673448055149298e-11
101.44,7.679074325260556e-15,-1.569999999995505,1.5700000000126704,-1.5699999999842664,-1.5700000000000178,8.957307051929717e-19,-8.531419516441782e-14,5.288616880143596e-12,-1.3618770746811485e-12,-1.0872006099643849e-13,1.1019105168903069e-13,-3.510731200284012e-18,-0.00780412912808456,0.007872385348303364,-9.800175806130671,1.5264864941956293e-05,1.5904489559373928e-05,5.871460238909737e-06,0.7999999985635426,1.6959190821594006e-11,0.0,0.0,0.0,2.3721675345367135e-15,5.673757888289078e-11,3.2833993524503224,-3.286386745524331,0.0029873930739620176,4.4673088515513943e-14,5.673977341474022e-11
101.46,6.220177699164776e-15,-1.5699999999954162,1.570000000012646,-1.5699999999842664,-1.5700000000000178,7.673840115197311e-19,-6.909628134361787e-14,4.289434150147306e-12,-1.0954743441665976e-12,-1.0863693380567456e-13,1.101864784235248e-13,-4.8937126126861076e-18,-0.007803143781788776,0.007888911077476808,-9.800213950920897,2.0592228285061504e-05,1.8534524027445283e-05,5.739365210055441e-06,0.799999998787593,1.6959348289521516e-11,0.0,0.0,0.0,3.154487076317915e-15,5.674228016236878e-11,3.283399353369883,-3.286386746445056,0.002987393075128011,4.542908269409803e-14,5.674614519217834e-11
101.48,5.0383682847811425e-15,-1.569999999995343,1.5700000000126282,-1.5699999999842664,-1.5700000000000178,6.63381008483879e-19,-5.5966574104492836e-14,3.490036909149591e-12,-8.956345310797777e-13,-1.0873737916115701e-13,1.101861869105625e-13,-1.7864584766776252e-17,-0.007797479674838637,0.007899437092397975,-9.800246926963725,2.6322449459892928e-05,2.0315739842110286e-05,4.890515048740539e-06,0.7999999990286258,1.6959526413997347e-11,0.0,0.0,0.0,3.979165250323773e-15,5.674660647647093e-11,3.283399354359141,-3.286386747435496,0.0029873930763094593,4.507216706829214e-14,5.674978628114304e-11
101.5,4.08105215448158e-15,-1.569999999995283,1.5700000000126126,-1.5699999999842664,-1.5700000000000178,4.367659633400581e-19,-4.5351072725564947e-14,2.8238879281354257e-12,-7.179543438658685e-13,-1.0875989277530272e-13,1.1026171156859197e-13,-2.9774799785357665e-17,-0.007785177523125646,0.007899345635769495,-9.800267649193355,3.196223408056127e-05,2.0550193982069856e-05,3.0177436209409432e-06,0.799999999261188,1.6959708679650028e-11,0.0,0.0,0.0,4.76659301680388e-15,5.674766039819569e-11,3.2833993553136356,-3.2863867483910814,0.0029873930773988804,4.519817983664252e-14,5.675278226257855e-11
101.52,3.3058395076452378e-15,-1.5699999999952363,1.570000000012599,-1.5699999999842664,-1.5700000000000178,4.3993448615984215e-19,-3.670353294550604e-14,2.2910211018518416e-12,-5.847516231278023e-13,-1.0867243604336076e-13,1.101737978779169e-13,2.7017865016554032e-17,-0.007764024782917671,0.007882734090552242,-9.800266544398692,3.675371970717859e-05,1.834332196355751e-05,-2.2756834612631914e-07,0.7999999994696354,1.695986979111081e-11,0.0,0.0,0.0,5.397309233562673e-15,5.675157454432723e-11,3.2833993561691632,-3.2863867492475585,0.002987393078350289,4.5490544912866173e-14,5.675679421787547e-11
101.54,2.677849281580856e-15,-1.5699999999951986,1.5700000000125904,-1.5699999999842664,-1.5700000000000178,4.169863296332957e-19,-2.974633147029101e-14,1.869140903074457e-12,-4.737808205714625e-13,-1.086641480645117e-13,1.1017530123826469e-13,-5.696265951677808e-18,-0.0077316887391096194,0.007842445317978916,-9.800231388478315,3.962156855379212e-05,1.2606075842451913e-05,-5.215370095988455e-06,0.7999999996458714,1.69599739662685e-11,0.0,0.0,0.0,5.704678355758335e-15,5.675583111438695e-11,3.2833993568924806,-3.286386749971677,0.0029873930791512156,4.509693809483266e-14,5.676073643216379e-11
101.56,2.1691786586436725e-15,-1.5699999999951653,1.5700000000125816,-1.5699999999842664,-1.5700000000000178,3.606129299844037e-19,-2.4105977773613823e-14,1.5138270563465826e-12,-3.8492468710848994e-13,-1.0872439053756965e-13,1.1020382695772716e-13,5.875809691234294e-19,-0.007685939559382506,0.007770270685665379,-9.800147376915797,3.9130188013499395e-05,2.082606674392573e-06,-1.230282286346302e-05,0.7999999997872912,1.69599734951442e-11,0.0,0.0,0.0,5.4693823540185964e-15,5.675609604251655e-11,3.2833993574728995,-3.2863867505527513,0.0029873930798079195,4.522997627191041e-14,5.6761743060552914e-11
101.58,1.7570380341606796e-15,-1.5699999999951386,1.570000000012575,-1.5699999999842664,-1.5700000000000178,1.968804404294116e-19,-1.951133200716828e-14,1.225203177417627e-12,-2.9610018153062377e-13,-1.0872575125051337e-13,1.101562675668006e-13,-5.639023366616171e-18,-0.0076249856153477276,0.007657396772544179,-9.79999755110689,3.3462115553842305e-05,-1.4585689645721986e-05,-2.178264805854126e-05,0.7999999998950205,1.69598079316865e-11,0.0,0.0,0.0,4.417431298006044e-15,5.6757584976792745e-11,3.2833993579150507,-3.2863867509954066,0.002987393080309329,4.417398563669102e-14,5.676058132261792e-11
101.6,1.4232364789267694e-15,-1.5699999999951186,1.5700000000125705,-1.5699999999842664,-1.5700000000000178,3.002252403530251e-20,-1.581508774143033e-14,9.809819883347945e-13,-2.5168386229931985e-13,-1.087579135564535e-13,1.1017543322380747e-13,9.367711252553357e-18,-0.007547941779457745,0.007495176092986579,-9.79976372734897,2.0432122867557403e-05,-3.874744877070402e-05,-3.381061763378035e-05,0.7999999999724876,1.6959448913616088e-11,0.0,0.0,0.0,2.4421005893212494e-15,5.67582490254679e-11,3.283399358232995,-3.286386751313712,0.002987393080669312,4.545098817588699e-14,5.67594476762682e-11
101.62,1.1529386955429893e-15,-1.5699999999951009,1.570000000012566,-1.5699999999842664,-1.5700000000000178,7.948679166764127e-20,-1.2811649013119775e-14,8.033243178546058e-13,-2.0731867481560457e-13,-1.0862728511384221e-13,1.1022220729015999e-13,9.898236085063922e-18,-0.007455446334670924,0.007276306638597339,-9.799428094452448,-2.4447432026879363e-06,-7.156683305496332e-05,-4.8309614446281406e-05,0.8000000000243233,1.6958992738579467e-11,0.0,0.0,0.0,5.143521147792221e-17,5.675858800108611e-11,3.283399358445739,-3.286386751526714,0.002987393080931805,4.5589422508401266e-14,5.6755708447510964e-11
101.64,9.34010254832166e-16,-1.5699999999950875,1.5700000000125616,-1.5699999999842664,-1.5700000000000178,8.933063853847566e-20,-1.0368476023650966e-14,6.478794211117136e-13,-1.6289603000727934e-13,-1.0868616687395601e-13,1.1020719582849524e-13,1.3997591529556597e-17,-0.007350432270243852,0.006996501310100853,-9.798975654899657,-3.780953636229658e-05,-0.00011377455313674185,-6.484918501292389e-05,0.8000000000555564,1.6958624217801456e-11,0.0,0.0,0.0,-1.832621100899926e-15,5.67549569698819e-11,3.283399358573927,-3.286386751655072,0.0029873930811024417,4.546481582114072e-14,5.6751347991939946e-11
101.66,7.565753152717246e-16,-1.5699999999950764,1.5700000000125571,-1.5699999999842664,-1.5700000000000178,-8.357814850438157e-21,-8.408079900690973e-15,5.146733564601604e-13,-1.185216553759858e-13,-1.0857100107843591e-13,1.1014136875727213e-13,2.4285289647271403e-18,-0.007239042635972216,0.006656712308724005,-9.79839767648613,-8.821592103068903e-05,-0.00016533395450925406,-8.25019726446562e-05,0.8000000000710672,1.6958445783532036e-11,0.0,0.0,0.0,-2.7275732593342263e-15,5.675622515833613e-11,3.2833993586375905,-3.286386751718829,0.002987393081193404,4.473920722744206e-14,5.675340876723331e-11
101.68,6.129540063153176e-16,-1.5699999999950676,1.5700000000125571,-1.5699999999842664,-1.5700000000000178,-7.760317692345431e-20,-6.794275490574102e-15,4.258615058927986e-13,-9.629666520718801e-14,-1.0873082299874593e-13,1.1015666978780057e-13,-1.508343068035744e-17,-0.007131655816379127,0.00626594242760603,-9.797696287984383,-0.00015576146660779404,-0.00022501649646873865,-9.968208969869555e-05,0.8000000000752485,1.695843267980846e-11,0.0,0.0,0.0,-2.7920355365138307e-15,5.675662540623864e-11,3.2833993586547514,-3.286386751736044,0.002987393081248098,4.624624873896763e-14,5.6752234649544986e-11
101.7,4.965945565173617e-16,-1.569999999995059,1.5700000000125571,-1.5699999999842664,-1.5700000000000178,-1.3515498797350944e-19,-5.505182236061984e-15,3.3700604089837454e-13,-9.624410267432053e-14,-1.087820352859042e-13,1.1019204082448929e-13,1.4037013212312873e-17,-0.007043953712021363,0.0058446189530636326,-9.796890283640327,-0.00024156988452808293,-0.0002898891281803549,-0.00011397558088700848,0.8000000000718279,1.6958518667858634e-11,0.0,0.0,0.0,-2.3795460202797574e-15,5.675691309992866e-11,3.2833993586407084,-3.286386751722018,0.0029873930812665877,4.6357828616538005e-14,5.675257956138335e-11
101.72,4.023744551536777e-16,-1.5699999999950542,1.5700000000125571,-1.5699999999842664,-1.5700000000000178,-8.963579363643013e-20,-4.463036857032722e-15,2.704114595941528e-13,-9.62913185885152e-14,-1.0877238659412064e-13,1.101842861897231e-13,-2.855238869896445e-17,-0.006997922949140796,0.005428421631708837,-9.796022086009996,-0.00034510570534788704,-0.0003547285030730795,-0.00012197979853990055,0.8000000000638062,1.6958639256673548e-11,0.0,0.0,0.0,-1.8179481408836495e-15,5.6755895477005625e-11,3.283399358607785,-3.286386751689084,0.002987393081252975,4.5573114330240515e-14,5.6753011714759514e-11
101.74,3.2589628090078563e-16,-1.5699999999950498,1.5700000000125571,-1.5699999999842664,-1.5700000000000178,-2.8440731772933978e-19,-3.610874763020754e-15,2.2607391390832483e-13,-9.636466516016685e-14,-1.0859821533731093e-13,1.1017535221797829e-13,1.8347523634595018e-17,-0.007022626269766057,0.0050723408614110534,-9.795165642911305,-0.0004633135354965711,-0.0004113944921069811,-0.0001191767881422702,0.8000000000534775,1.695873116223422e-11,0.0,0.0,0.0,-1.4118918322834242e-15,5.6757801697905566e-11,3.283399358565394,-3.286386751646674,0.0029873930812342993,4.5629193705491286e-14,5.67557680811779e-11
101.76,2.6420698956468733e-16,-1.5699999999950454,1.5700000000125571,-1.5699999999842664,-1.5700000000000178,-7.910214504305589e-20,-2.9548065381745493e-15,1.815611549356048e-13,-9.630969288367229e-14,-1.0864584029034462e-13,1.101825495325859e-13,-2.5199382664372003e-17,-0.00715451907739793,0.00485458911254395,-9.794434791608765,-0.0005895916125723456,-0.0004482187066267529,-9.987554769498641e-05,0.800000000042499,1.6958731412503142e-11,0.0,0.0,0.0,-1.446951754870964e-15,5.675842426804875e-11,3.2833993585203394,-3.2863867516015906,0.0029873930812060927,4.564859536260336e-14,5.675644440924052e-11
101.78,2.141528549668313e-16,-1.569999999995041,1.5700000000125571,-1.5699999999842664,-1.5700000000000178,1.672705118278188e-20,-2.371512375459824e-15,1.3716859883394618e-13,-9.6264510190663e-14,-1.0874344051877006e-13,1.1020355348204255e-13,-8.911134812610207e-19,-0.007437017180187545,0.004879792740347634,-9.793991304001585,-0.0007126355688480767,-0.0004494930154011048,-5.7268907843793496e-05,0.800000000031986,1.695857673946533e-11,0.0,0.0,0.0,-2.192276384276838e-15,5.6757729137269415e-11,3.28339935847719,-3.2863867515584175,0.002987393081179981,4.509802934852639e-14,5.6755270407357684e-11
101.8,1.735345700298338e-16,-1.5699999999950387,1.5700000000125571,-1.5699999999842664,-1.5700000000000178,-1.4468810163049668e-20,-1.8976537462812826e-15,9.278843706801449e-14,-9.629478259497925e-14,-1.0864757210681855e-13,1.1022917735639157e-13,-1.0536494378620784e-18,-0.00791895106477555,0.005280659529070109,-9.794051427020916,-0.0008152246496862788,-0.0003951780398224734,1.6337981593855914e-05,0.8000000000226154,1.6958203894920584e-11,0.0,0.0,0.0,-3.898881103256991e-15,5.6755238228550026e-11,3.283399358438727,-3.286386751519931,0.0029873930811595575,4.476538559892477e-14,5.6750451169025524e-11
101.82,1.406176040221376e-16,-1.5699999999950387,1.5700000000125571,-1.5699999999842664,-1.5700000000000178,-6.1186307133509715e-21,-1.561970296726338e-15,9.279654662925225e-14,-9.631616906967035e-14,-1.0868826979395709e-13,1.101625892623312e-13,-1.7459477934389205e-19,-0.008651477573785482,0.006217060094750607,-9.794889257605519,-0.0008730702413978898,-0.00026099115364423977,0.0001290602053689232,0.80000000001473,1.6957551525059318e-11,0.0,0.0,0.0,-6.7908856343528266e-15,5.6755187144749434e-11,3.283399358406365,-3.286386751487542,0.0029873930811304718,4.5138820294821196e-14,5.674741926285188e-11
101.84,1.1392704813948832e-16,-1.5699999999950387,1.5700000000125571,-1.5699999999842664,-1.5700000000000178,-1.4985446497533711e-19,-1.2515459650722497e-15,9.277295261075187e-14,-9.630750905351029e-14,-1.0869927919868471e-13,1.1016650432843373e-13,1.4927987522455318e-18,-0.00968297315002165,0.007871192439055914,-9.796834759335267,-0.0008539057818204758,-1.9075186577251326e-05,0.0002886515967858682,0.8000000000084313,1.6956564230812442e-11,0.0,0.0,0.0,-1.1047214109499528e-14,5.675188380981099e-11,3.2833993583805117,-3.2863867514616647,0.0029873930811069576,4.513280033267009e-14,5.673985959943829e-11
101.86,9.229439778937632e-17,-1.5699999999950387,1.5700000000125571,-1.5699999999842664,-1.5700000000000178,-1.6133410532908441e-19,-1.0206768771893797e-15,9.286295378846093e-14,-9.634019120145365e-14,-1.0860947214439257e-13,1.1019111022943153e-13,1.257649142561655e-17,-0.011051419566102732,0.010437245329693928,-9.80026367265736,-0.0007170670312767739,0.0003605111937425637,0.0005013314845596043,0.8000000000036573,1.6955199410906793e-11,0.0,0.0,0.0,-1.6771594688546223e-14,5.6747406115019277e-11,3.2833993583609193,-3.2863867514420524,0.0029873930810884295,4.4855376335717394e-14,5.6729568706225575e-11
101.88,7.481493822079825e-17,-1.5699999999950387,1.5700000000125571,-1.5699999999842664,-1.5700000000000178,-1.1586846589351803e-19,-8.280004490942109e-16,9.273949036215713e-14,-9.625276269048081e-14,-1.087167210646016e-13,1.1019325537200081e-13,1.1040434976874738e-17,-0.012773833657509217,0.014103779193042372,-9.805576049280356,-0.00041388949088268045,0.0009072086127780196,0.0007701475520531133,0.8000000000002461,1.695343741063933e-11,0.0,0.0,0.0,-2.3949209276456246e-14,5.674088891644879e-11,3.283399358346912,-3.2863867514280356,0.0029873930810792562,4.5499997470428387e-14,5.67152521681734e-11
101.9,6.048593801468889e-17,-1.5699999999950387,1.5700000000125571,-1.5699999999842664,-1.5700000000000178,-2.28835629450348e-19,-6.9449477341774135e-16,9.274649560785209e-14,-9.626104618419913e-14,-1.0870633016575793e-13,1.101963663201623e-13,-3.9031748986520266e-17,-0.014832412047673115,0.019026959187515555,-9.813159737929421,0.00011066985622681812,0.0016459893595325513,0.00109282046348874,0.7999999999979839,1.6951295353976454e-11,0.0,0.0,0.0,-3.2389167697921695e-14,5.673345529681248e-11,3.283399358337625,-3.2863867514187395,0.002987393081069757,4.514895107726376e-14,5.669937859011561e-11
101.92,4.914644113322609e-17,-1.5699999999950387,1.5700000000125571,-1.5699999999842664,-1.5700000000000178,-7.70190882231241e-20,-5.502308737703127e-16,9.279276065093881e-14,-9.632121447038976e-14,-1.0856964036549185e-13,1.1019710984573753e-13,-4.5623515348209816e-18,-0.0171572893393443,0.025292877783446376,-9.823334979751445,0.0009147049641411269,0.0025917307179374356,0.0014590504334268178,0.7999999999966415,1.6948844787158498e-11,0.0,0.0,0.0,-4.1653244854129926e-14,5.672463406777975e-11,3.283399358332111,-3.2863867514132235,0.0029873930810683127,4.4657648459832174e-14,5.6680760376874846e-11
101.94,3.980212118961203e-17,-1.5699999999950387,1.5700000000125571,-1.5699999999842664,-1.5700000000000178,-1.0147945718138548e-19,-4.451788210619908e-16,9.275575562354778e-14,-9.628642379677264e-14,-1.0860650331615187e-13,1.101997358389555e-13,-2.873496446648141e-17,-0.019606175657547527,0.032867585039554885,-9.836276489511583,0.0020537901873551746,0.0037417062892266748,0.0018473222250956643,0.7999999999959976,1.6946232872735523e-11,0.0,0.0,0.0,-5.097316018767803e-14,5.671687157595231e-11,3.283399358329464,-3.2863867514105713,0.0029873930810627274,4.573406139560164e-14,5.666438851244961e-11
101.96,3.2243237797306943e-17,-1.5699999999950387,1.5700000000125571,-1.5699999999842664,-1.5700000000000178,1.2184720611244672e-21,-3.540126686499165e-16,9.28125519819391e-14,-9.62619498380593e-14,-1.0875667654467959e-13,1.1017410678023249e-13,-8.68970651131846e-19,-0.021941678993785924,0.04153421170861013,-9.851910192336693,0.0035726102570828107,0.005066083382773448,0.0022213282908426866,0.7999999999958539,1.6943706307485156e-11,0.0,0.0,0.0,-5.916122518266412e-14,5.670779576145428e-11,3.2833993583288708,-3.2863867514099754,0.00298739308106114,4.424421218007618e-14,5.664721345079857e-11
101.98,2.6068184220554687e-17,-1.5699999999950387,1.5700000000125571,-1.5699999999842664,-1.5700000000000178,-6.260369054149252e-22,-2.8902903559088843e-16,9.281032351543261e-14,-9.630690661760349e-14,-1.085841134031672e-13,1.1016086167784559e-13,3.27574796858975e-17,-0.02380785820398326,0.05081784316548847,-9.86978337775394,0.005493273678611715,0.00649650171775583,0.0025262445422737853,0.7999999999960441,1.6941636363085682e-11,0.0,0.0,0.0,-6.452253910709615e-14,5.670220153540107e-11,3.283399358329648,-3.286386751410753,0.00298739308106044,4.5611103620779055e-14,5.6635725003769125e-11
102.0,2.0984786833242448e-17,-1.5699999999950387,1.5700000000125571,-1.5699999999842664,-1.5700000000000178,-4.212028451808816e-20,-2.5575359184421126e-16,9.281517834269324e-14,-9.622218906821118e-14,-1.0851051120302389e-13,1.10199497357771e-13,-2.9257869095508247e-17,-0.024708513318881974,0.059900704377172515,-9.88890967201149,0.007799918723258276,0.007913091080822221,0.002685242823376506,0.7999999999964346,1.6940542441226606e-11,0.0,0.0,0.0,-6.478112561982788e-14,5.669676411106428e-11,3.2833993583312484,-3.2863867514123553,0.002987393081061546,4.5283242060762245e-14,5.663056189997141e-11
102.02,1.6719345016280808e-17,-1.5699999999950387,1.5700000000125571,-1.5699999999842664,-1.5700000000000178,-5.590988447806831e-20,-2.609485994246773e-16,9.387806717579613e-14,-9.407744193555145e-14,-1.0576385027532245e-13,1.101973889378469e-13,-1.766357540234561e-18,-0.023990903942655257,0.06753286204392212,-9.907594172672901,0.010419467039797964,0.009130681112392774,0.002596809287961126,0.7999999999969228,1.6941110288804233e-11,0.0,0.0,0.0,-5.703743644212305e-14,5.6698041161061515e-11,3.2833993583332526,-3.2863867514143625,0.00298739308106407,4.5243736134230345e-14,5.6639671456988326e-11
102.04,1.3867792089529382e-17,-1.5699999999950387,1.5700000000125571,-1.5699999999842664,-1.5700000000000178,-9.338821978523132e-20,-9.930107605774063e-17,9.289472323473713e-14,-9.626247696947772e-14,-1.0870422724575433e-13,1.102052293307912e-13,-1.2353789949978726e-17,-0.020839970730992228,0.07194712195890951,-9.923249550150294,0.013198781294016911,0.00988547876299257,0.002133655223805111,0.799999999997434,1.6944199555188572e-11,0.0,0.0,0.0,-3.778033743298095e-14,5.6708376075665464e-11,3.283399358335355,-3.2863867514164666,0.0029873930810659496,4.526174993095573e-14,5.6669263470601414e-11
102.06,1.1846585071877389e-17,-1.5699999999950387,1.5700000000125571,-1.5699999999842664,-1.5700000000000178,-2.3169557639584483e-19,3.8230982640581376e-17,9.302267011315253e-14,-9.631232854076457e-14,-1.0861108025969225e-13,1.1025301100173477e-13,-1.430087894581687e-17,-0.014289657418466,0.07079112353294506,-9.932221067860509,0.015879076892768865,0.009824143679906468,0.0011442472307030894,0.7999999999979164,1.695083375335572e-11,0.0,0.0,0.0,-2.9826928601463864e-15,5.673119345622964e-11,3.283399358337346,-3.286386751418459,0.0029873930810673417,4.451610131511903e-14,5.672723376710629e-11
102.08,9.188963987389977e-18,-1.5699999999950387,1.5700000000125571,-1.5699999999842664,-1.5700000000000178,-1.9086074896980785e-19,-1.3269927776052023e-16,9.249967935928473e-14,-9.626021783482729e-14,-1.0869457855397285e-13,1.1021134321932847e-13,-2.850350862418924e-17,-0.0032594774454388384,0.06109475295756188,-9.929647420514257,0.018069257406088418,0.008497970872608769,-0.0005417701152935483,0.7999999999983365,1.696216402535146e-11,0.0,0.0,0.0,5.168460298161999e-14,5.6769101535775196e-11,3.2833993583390884,-3.2863867514202023,0.002987393081068823,4.462035269555166e-14,5.681980914249362e-11
102.1,7.807168781049079e-18,-1.5699999999950387,1.5700000000125571,-1.5699999999842664,-1.5700000000000178,-1.2598504260493292e-19,-1.3459766633300442e-16,9.28713965632263e-14,-9.625735626427001e-14,-1.0866872500804022e-13,1.102456959586417e-13,-2.08315825578165e-17,0.013374138880517078,0.03929671294809562,-9.909394892942123,0.019220912097443067,0.005365765373113136,-0.00310276154522944,0.7999999999986752,1.6979396595502994e-11,0.0,0.0,0.0,1.3048070142156907e-13,5.682675808596166e-11,3.2833993583405054,-3.2863867514216203,0.0029873930810699594,4.474566693430972e-14,5.695626179112001e-11
102.12,6.02699020353401e-18,-1.5699999999950387,1.5700000000125571,-1.5699999999842664,-1.5700000000000178,-1.4356448510972716e-19,-2.552805848596904e-16,9.258490365000473e-14,-9.626714584775532e-14,-1.0863173835620353e-13,1.10253930039951e-13,-2.397047442954489e-17,0.036661203432013845,0.001360004749615079,-9.864114106450742,0.01860903680929041,-0.00019009057581336676,-0.0067072385271043115,0.7999999999989243,1.7003672693247014e-11,0.0,0.0,0.0,2.37023292821633e-13,5.6908958765747724e-11,3.283399358341566,-3.2863867514226826,0.002987393081071781,4.459820558155083e-14,5.714420570172842e-11
102.14,5.951599662298366e-18,-1.5699999999950387,1.5700000000125571,-1.5699999999842664,-1.5700000000000178,-1.9875796466301985e-19,1.5863314175811162e-17,9.284481019888129e-14,-9.631323219462469e-14,-1.0864361366916865e-13,1.1017369246236621e-13,4.1494426178066537e-17,0.06740551602324042,-0.05698842477337058,-9.78548077838097,0.015324093332930734,-0.008829013008015824,-0.011487241976933788,0.7999999999990824,1.703588941232089e-11,0.0,0.0,0.0,3.734775362594983e-13,5.7015152770909706e-11,3.2833993583422623,-3.2863867514233798,0.0029873930810714335,4.583354006130625e-14,5.738729803953813e-11
102.16,4.348249535182389e-18,-1.5699999999950387,1.5700000000125571,-1.5699999999842664,-1.5700000000000178,-1.4972054265944237e-19,1.0149068466012072e-16,9.297316456584901e-14,-9.629335180970057e-14,-1.0872364833050109e-13,1.10205670110542e-13,-4.043405920079536e-17,0.1059262997616034,-0.13985445619811565,-9.664693228454494,0.008282742336485894,-0.021192993959631822,-0.017501408576427024,0.7999999999991514,1.707645092421879e-11,0.0,0.0,0.0,5.394731038489482e-13,5.715148902182822e-11,3.283399358342609,-3.2863867514237257,0.002987393081071056,4.528276597273185e-14,5.7689985129413946e-11
102.18,2.90839824052926e-18,-1.5699999999950387,1.5700000000125571,-1.5699999999842664,-1.5700000000000178,-2.1987039683544144e-19,-2.7341173719801924e-16,9.253725907489869e-14,-9.62879298865394e-14,-1.087417087023011e-13,1.101597288922114e-13,-9.841594361091186e-19,0.15174723720435856,-0.2505690227687368,-9.493307890197748,-0.0037336521089782826,-0.03781644415264178,-0.024686577890598516,0.7999999999991356,1.71249422707766e-11,0.0,0.0,0.0,7.307330017460163e-13,5.731311577945295e-11,3.2833993583426175,-3.286386751423736,0.0029873930810710263,4.632755247971366e-14,5.8042516513567865e-11
102.2,2.6451523273733047e-18,-1.5699999999950387,1.5700000000125571,-1.5699999999842664,-1.5700000000000178,-2.555795537478541e-19,8.147757436638489e-17,9.285308803779676e-14,-9.629365302765397e-14,-1.086269140103122e-13,1.102110464139394e-13,1.0059124586670974e-17,0.20321125973799964,-0.39083753104418617,-9.264497188900279,-0.022002039251119297,-0.05899909432001547,-0.032797593744850494,0.7999999999990405,1.717972331019168e-11,0.0,0.0,0.0,9.374247927878605e-13,5.749703288354254e-11,3.283399358342313,-3.2863867514234295,0.002987393081069958,4.591646472717504e-14,5.843348068006715e-11
102.22,4.310716449429644e-14,-1.5699999999951113,1.5700000000125014,-1.569999999984325,-1.569999999999993,4.895721089617395e-15,1.0698055429044206e-11,-1.254760514933454e-11,-3.1022090265848577e-13,2.475644799150738e-12,6.246129573170235e-12,1.2002859171479646e-12,0.25702782109978584,-0.5596172395559509,-8.974808419138451,-0.047730344670553364,-0.08463721722803158,-0.04133623827419047,0.7999999999988725,1.7237449034823258e-11,0.0,0.0,0.0,1.1422855523546436e-12,5.7576763513716554e-11,3.2833993583416636,-3.2863867514225062,0.002987393080795764,4.671913470945079e-14,5.871700625570435e-11
102.24,2.17715142328947e-13,-1.569999999995399,1.5700000000122802,-1.5699999999845553,-1.5699999999998866,2.3132567113407297e-14,8.240973214842769e-12,-1.3418408476314174e-11,-1.0244985798433949e-11,-1.0584857365332056e-11,5.073497486252033e-12,8.019814315001233e-13,0.30823070797899615,-0.7524228013287032,-8.6258187799655,-0.08189616768762391,-0.1140373644423708,-0.04948175080927901,0.7999999999986409,1.7292535177706603e-11,0.0,0.0,0.0,1.3186289279073349e-12,5.7292394881595477e-11,3.2833993583405836,-3.286386751420343,0.0029873930797117074,4.626526917272427e-14,5.860978035971369e-11
102.26,3.5807436337720813e-13,-1.5699999999956256,1.570000000012107,-1.5699999999847336,-1.5699999999997978,3.565252329861047e-14,6.6250482137482185e-12,-1.0624529293523058e-11,-8.122597741438108e-12,-8.338332438797072e-12,4.2229186015825095e-12,5.418447571322541e-13,0.35150720533440116,-0.9624872094756576,-8.224403641659158,-0.12513528898835746,-0.14580222375498342,-0.056059463956737554,0.7999999999983591,1.7336924013883512e-11,0.0,0.0,0.0,1.4299453714600205e-12,5.7064875840627614e-11,3.2833993583393206,-3.2863867514182328,0.0029873930788663025,4.535642221131395e-14,5.849384421582447e-11
102.28,4.709373014480635e-13,-1.5699999999958076,1.5700000000119672,-1.569999999984878,-1.5699999999997245,4.3935774116583845e-14,5.328679615883725e-12,-8.553194676973771e-12,-6.708855801625113e-12,-6.922445391433288e-12,3.4832899639767458e-12,3.503485445277479e-13,0.38350644785524113,-1.1830772921985275,-7.782309114012849,-0.1777546812068198,-0.17787325391719006,-0.05958073029216908,0.7999999999980449,1.7360643234851974e-11,0.0,0.0,0.0,1.4333298022921177e-12,5.684005718402158e-11,3.2833993583379275,-3.286386751416156,0.002987393078181173,4.728195523210275e-14,5.82734758041542e-11
102.3,5.617578586927817e-13,-1.5699999999959553,1.5700000000118484,-1.5699999999850016,-1.5699999999996646,4.9123683041033215e-14,4.290120586255067e-12,-7.034791941817409e-12,-5.8690522602468376e-12,-6.174922064557803e-12,2.820685105300348e-12,2.1141183231364186e-13,0.40433466098932974,-1.40816101470779,-7.317595904371247,-0.2398208172457034,-0.20770386833806964,-0.058345888092495315,0.7999999999977184,1.7352654902342858e-11,0.0,0.0,0.0,1.2840321486261626e-12,5.657150353730832e-11,3.2833993583364673,-3.286386751414135,0.0029873930776223626,4.5887249432329537e-14,5.7856512682194706e-11
102.32,6.145093113806768e-13,-1.5699999999961674,1.57000000001159,-1.5699999999853065,-1.5699999999996623,4.8445492749842843e-14,-1.6963214510899542e-11,-9.469372510374556e-11,-1.562206139731244e-10,-1.95465705470424e-10,-4.222828434586462e-11,-3.5260962647442294e-12,0.41776324562840356,-1.6308102232936632,-6.858360348412634,-0.3112111659729714,-0.2324820319190933,-0.05058429907304172,0.7999999999974011,1.730136266885365e-11,0.0,0.0,0.0,9.380485390684703e-13,5.626073729548166e-11,3.2833993583350187,-3.2863867514118925,0.0029873930768276515,4.500047238602916e-14,5.719780883828701e-11
102.34,6.953689717990614e-13,-1.5699999999961785,1.570000000011649,-1.5699999999852172,-1.5699999999995775,5.4555591931824616e-14,2.780705095979837e-12,-5.3683390808319416e-12,-5.60753852206497e-12,-6.330262486073379e-12,1.7091615259591866e-12,2.4401985830200743e-14,0.4310270923103192,-1.8408654639670452,-6.4470872387002,-0.39157358595876873,-0.24937594162052532,-0.034628944648154,0.799999999997117,1.7195472277740967e-11,0.0,0.0,0.0,3.5624507121718104e-13,5.568718040539298e-11,3.2833993583335865,-3.286386751410422,0.0029873930767923143,4.4260606648599363e-14,5.60433366587668e-11
102.36,7.316836064615938e-13,-1.56999999999633,1.5700000000114496,-1.569999999985456,-1.5699999999995735,5.09940595660054e-14,-1.8401433670009112e-12,-2.4987601966947395e-11,-3.9459259536071816e-11,-4.8752162354857847e-11,-7.663278079597309e-12,-1.4151903797053264e-12,0.45462913158891954,-2.0226623435683697,-6.144638180022266,-0.48019388730261875,-0.2558282810533512,-0.009142941880874276,0.7999999999968906,1.7025920779674776e-11,0.0,0.0,0.0,-4.867273253936117e-13,5.502301131480427e-11,3.283399358332353,-3.286386751408618,0.0029873930762215274,4.345400738129076e-14,5.4536106353725385e-11
102.38,7.235237957777388e-13,-1.5699999999967968,1.5700000000107426,-1.5699999999863163,-1.569999999999677,9.730957689678872e-15,1.016144335558647e-12,-2.2591309573917476e-11,-3.2944155216318993e-11,-3.935328050843484e-11,-2.6044821681281416e-12,-2.9625884671912253e-12,0.49863551966577074,-2.154940342411407,-6.025614900196631,-0.5757952329509043,-0.24988838267697244,0.02659877608518807,0.7999999999967472,1.678843816412619e-11,0.0,0.0,0.0,-1.5912144920395605e-12,5.42497648430232e-11,3.283399358331412,-3.286386751405926,0.0029873930744737753,4.25162834524366e-14,5.26587279866664e-11
102.4,7.871469347479746e-13,-1.569999999997165,1.570000000010251,-1.569999999986885,-1.569999999999654,-5.3820977685236906e-14,7.842302511323809e-12,-1.1974692721780644e-11,-1.0636864219287778e-11,-1.004773933326042e-11,8.49604989226066e-12,-3.4164509329220882e-12,0.5615808532983578,-2.2158815766273667,-6.154943021448145,-0.676309638804083,-0.23046366087016523,0.07242579311944683,0.7999999999967112,1.6485581259101468e-11,0.0,0.0,0.0,-2.9247296415242345e-12,5.30668161509558e-11,3.2833993583307186,-3.286386751403854,0.002987393073097735,3.9065378647359444e-14,5.0142974687850186e-11
102.42,9.856610535061477e-13,-1.5699999999974694,1.5700000000099792,-1.569999999987156,-1.5699999999994598,-1.1081023443696219e-13,1.5465534655332257e-11,-6.613370766815618e-11,-1.3726909366129636e-11,-8.005809990635493e-12,-1.1075698545153292e-11,-8.046477092754026e-12,0.6225181688567188,-2.1891111126129164,-6.565829571258246,-0.7786345177755034,-0.19739421648703698,0.12708803849989567,0.7999999999968049,1.6127489762575882e-11,0.0,0.0,0.0,-4.420821734756081e-12,5.1338799341083375e-11,3.2833993583303074,-3.286386751402299,0.0029873930719534155,3.7466682703592243e-14,4.6917355881432516e-11
102.44,1.2364543826169185e-12,-1.569999999997904,1.5700000000095446,-1.5699999999876266,-1.56999999999924,-1.5842506105750484e-13,1.3736807847361358e-11,-2.5283036731924e-11,-2.661546894336397e-11,-2.9539887896889994e-11,1.160069205275024e-11,-2.3256799598971666e-12,0.6532151661891824,-2.0639469700789794,-7.271118830804795,-0.878363557956643,-0.15148161437062094,0.18822816846388457,0.7999999999970475,1.5731652560668846e-11,0.0,0.0,0.0,-5.982792306686795e-12,4.934324968932729e-11,3.2833993583303864,-3.28638675140075,0.002987393070328776,3.3880296399951577e-14,4.335894747932615e-11
102.46,1.3535286949655098e-12,-1.5699999999985697,1.570000000008603,-1.5699999999887613,-1.569999999999221,-2.1303862973192893e-13,3.302757869169497e-11,1.926241501373771e-12,3.0652941556547075e-11,4.619967559557625e-11,4.369262221821837e-11,-4.7390293458123706e-12,0.6447411760500535,-1.8331642266660853,-8.294028119465512,-0.9695668911025642,-0.09470626152753382,0.25246544274381505,0.7999999999974536,1.5322071355039973e-11,0.0,0.0,0.0,-7.49007420661396e-12,4.7657405298459284e-11,3.2833993583312773,-3.286386751399142,0.0029873930678332374,3.217709785657399e-14,4.016830808810623e-11
102.48,1.4005939812854608e-12,-1.5699999999992418,1.5700000000075498,-1.569999999990055,-1.5699999999992649,-2.802311375288209e-13,2.533185027844484e-11,-6.995347009985942e-12,7.761973355724372e-12,1.6055105595685903e-11,3.424473261925444e-11,-6.112662025853366e-12,0.6206226417217948,-1.495479512570562,-9.671181807509257,-1.0447770866862076,-0.030641100903699245,0.31553131304391624,0.7999999999980295,1.492744472950904e-11,0.0,0.0,0.0,-8.808867741876738e-12,4.6212794379995127e-11,3.283399358332978,-3.286386751398327,0.0029873930653192583,2.932877768495698e-14,3.7402150281278413e-11
102.5,1.316937335709759e-12,-1.5699999999999756,1.5700000000062402,-1.5699999999917096,-1.5699999999994665,-3.415759950537207e-13,-2.3956287908272197e-11,-5.6042786297089136e-11,-1.1440480854330025e-10,-1.4913199798335938e-10,-3.972737118657435e-11,-5.981099946913981e-13,0.627227109426355,-1.0627425220201108,-11.41693361718624,-1.095268261308293,0.03522037754427787,0.3724917691060137,0.7999999999987679,1.4577645422551503e-11,0.0,0.0,0.0,-9.810157614795633e-12,4.526479770260455e-11,3.2833993583355765,-3.2863867513981715,0.0029873930625684618,2.7255165726672045e-14,3.545526181270224e-11
102.52,1.0829921564002826e-12,-1.5700000000007737,1.5700000000046517,-1.5699999999937653,-1.5699999999998642,-3.7612284914643033e-13,1.4655728020063208e-11,-1.660483296000992e-11,-2.089345189915104e-11,-2.3127218889973374e-11,2.0693439258152868e-11,-5.647062461741626e-12,0.7204966454288496,-0.5670494903088528,-13.480707627940568,-1.1116302321987759,0.09554961984984321,0.41813715950408364,0.7999999999996426,1.4298553151601535e-11,0.0,0.0,0.0,-1.0394184427009388e-11,4.495560737372705e-11,3.2833993583390284,-3.286386751398636,0.002987393059581999,2.830567583300602e-14,3.4562932850030877e-11
102.54,7.032213333213012e-13,-1.5700000000015943,1.570000000002842,-1.5699999999961527,-1.5700000000004428,-3.747959647975069e-13,-1.720065539653759e-11,-3.8846683682314254e-11,-8.794276938617339e-11,-1.1634194389126272e-10,-2.5198613595039943e-11,-2.1032221103611803e-14,0.9526146680377113,-0.0652274453707585,-15.706612468216456,-1.084684341060236,0.14188427634404216,0.4475356144779547,0.8000000000005998,1.4106393622297745e-11,0.0,0.0,0.0,-1.0515345513463479e-11,4.532823756139744e-11,3.2833993583431345,-3.2863867513996623,0.0029873930565024005,2.794965730531579e-14,3.4813957862037464e-11
102.56,-0.0083566790435415,-1.5584727177423063,1.570033386992109,-1.569999999991731,-1.5700000000034784,-7.67317149190126e-13,0.07741742434044,-0.0799094251481036,-0.0003709665067337,-6.817827552518807e-12,-1.3879898749444286e-11,1.6889285976706692e-11,1.3194323587369123,0.3787698850517482,-17.807408209429074,-1.0068696306046827,0.16690915339255133,0.457458775291978,0.8000000000015526,1.4003820845579116e-11,0.0,0.0,0.0,-1.0196839504277486e-11,0.02216733678214241,3.2932861709742847,-3.339651849734939,0.04634802766046335,0.00027391472195433724,0.022165651396863845
102.58,-0.0022084626924214,-1.5133307699987872,1.5804878068077597,-1.5712768319008283,-1.5699999999990406,1.6163620001589173e-13,0.0287295647989143,3.141592653858467,0.1369722071170812,0.0141870219443295,-1.7807430877092578e-12,-6.929986098858088e-12,1.6956268757109296,0.7405214388472848,-19.419742908816513,-0.8753853883037206,0.1685142853554554,0.44879025604317246,0.8000000000023977,1.3979953051252292e-11,0.0,0.0,0.0,-9.52518481955507e-12,0.005664110538305506,3.2787488171742716,-3.494389424256151,0.2156361066204883,0.0003773834740882592,0.0056515263469140336
102.6,-0.0015985084486886,-1.4938443406651505,1.593045934096072,-1.5710342338269625,-1.5699999999991692,1.165822025432707e-13,0.0177612049198107,-0.4837060514077919,0.6973198390954818,0.0114914877078425,-2.992098281921936e-12,-2.685440628549807e-12,1.906831641199802,1.0458616025142562,-20.248013577517266,-0.6979622225742372,0.15136518448194533,0.4265894355552182,0.8000000000030657,1.4014376331849347e-11,0.0,0.0,0.0,-8.625933581973113e-12,0.004048587194073276,3.269918518536635,-3.5585501696457,0.28862844288465983,0.00040000942961519384,0.004028779088892443
102.62,-0.0012947918437262,-1.508103723856129,1.5935731271030866,-1.5708377293918152,-1.5699999999994143,1.132599861263724e-13,0.0143865760281704,-0.6877364015194977,-0.2619236343518767,0.0093081044995928,-1.0966736253923554e-11,-1.9256444312373838e-13,1.8897370421849435,1.3262062799007381,-20.193240683899514,-0.49543436523485923,0.12324078625467022,0.39666494159865556,0.8000000000035437,1.4083613446881261e-11,0.0,0.0,0.0,-7.629432970407254e-12,0.0033117479307775382,3.2737808973285674,-3.508985068483494,0.23520154353809977,0.000282572011785335,0.00329967184262419
102.64,-0.0010487813935989,-1.519864016322513,1.5890942329551354,-1.57067856080568,-1.569999999999616,1.1280422786538032e-13,0.0116531265827107,-0.5570664852287248,-0.212158143820752,0.0075395646508068,-8.208537799134219e-12,-2.525499611955723e-13,1.7024133672671442,1.5907490916038591,-19.380078477126386,-0.2945017235782922,0.09085665316115343,0.36316081452196597,0.800000000003848,1.4166954294594513e-11,0.0,0.0,0.0,-6.642561840713882e-12,0.0027040173180596047,3.2773237838934066,-3.4684155378464383,0.19108960584678292,0.00018736788140445975,0.002697518769501935
102.66,-0.0008495129289923,-1.5293898532202284,1.5854663286954245,-1.570549634250708,-1.5699999999997634,1.0990117571774833e-13,0.0094390325319781,-0.4512238530325372,-0.1718480964886461,0.0061070473766627,-6.012855740655104e-12,-3.057518973247076e-13,1.4236853928067532,1.831473684400431,-18.07207102200065,-0.11674746999997068,0.058799907138148276,0.32881406439806726,0.8000000000040005,1.424825305285748e-11,0.0,0.0,0.0,-5.742073936973934e-12,0.0022049858091736214,3.2796040886789672,-3.434958705884729,0.1553528641004801,0.00012412613404909695,0.0022014899885218725
102.68,-0.0006881054726562,-1.5371057811073334,1.5825277262451631,-1.570445203741017,-1.5699999999998664,1.0454786767024628e-13,0.0076456163508057,-0.3654913209541081,-0.1391969581508746,0.0049467083826586,-4.427395434861495e-12,-3.1618745165509776e-13,1.1105950768067279,2.0352040913859395,-16.54267855527834,0.026019941234057334,0.029919228139325696,0.2955114482984078,0.8000000000040302,1.4315148119477542e-11,0.0,0.0,0.0,-4.9806508576306194e-12,0.0017960466167112547,3.2810641479189666,-3.4074691264108865,0.12640354974961537,8.218185947173389e-05,0.0017941659942106948
102.7,-0.0005573654330247,-1.5433556826958508,1.5801474582605348,-1.5703606150280396,-1.569999999999942,9.87517502322436e-14,0.0061929492440676,-0.296047969971012,-0.1127495360982436,0.004006833796026,-3.224333777404609e-12,-3.094965961032009e-13,0.8019711600290008,2.1955775876818193,-14.999706369537668,0.13032867050133445,0.00573466468774283,0.26444516982544564,0.8000000000039733,1.435909610543537e-11,0.0,0.0,0.0,-4.388497669747743e-12,0.0014615509557319912,3.281992773728675,-3.384947629316035,0.1029536925213344,5.43973027521736e-05,0.0014605387600293358
102.72,-0.000451466000924,-1.548418102982519,1.5782194411930528,-1.5702920981704247,-1.569999999999997,9.307343707944797e-14,0.0050162888876448,-0.239798855675071,-0.0913271242363775,0.0032455353796824,-2.2777534524308367e-12,-3.014231117308419e-13,0.5221301436303326,2.31607272777249,-13.57879547204003,0.19835654801116634,-0.013194963711410226,0.2362602461305842,0.8000000000038717,1.4376029028040941e-11,0.0,0.0,0.0,-3.971906766300669e-12,0.0011883885154373459,3.282578241198974,-3.3665383030398384,0.08395911592959301,3.600927488575839e-05,0.0011878432055837404
102.74,-0.0003656874609228,-1.552518663414696,1.5766577473684469,-1.570236599515673,-1.5700000000000354,8.754309731637859e-14,0.004063193998971,-0.1942370730956496,-0.0739749706288773,0.0026288836615087,-1.546142933735867e-12,-2.918050864960872e-13,0.28427240622249705,2.4067976400925044,-12.358660773407435,0.23578440357437586,-0.026963694663858687,0.21120379663690525,0.8000000000037687,1.4366159478943842e-11,0.0,0.0,0.0,-3.7161299494615585e-12,0.0009656231863374348,3.282943059200245,-3.3515174272385724,0.06857359932107902,2.3847319934721515e-05,0.000965328973498639
102.76,-0.0002962068435219,-1.55584011736474,1.5753927753705597,-1.570191645605257,-1.570000000000062,8.219269516109177e-14,0.0032911871391679,-0.1573320292065556,-0.0599197262072995,0.0021293957690403,-9.943283853621268e-13,-2.8058188639244063e-13,0.09359760152422576,2.4819629507893946,-11.375304002352188,0.25020318181377055,-0.036071600045853434,0.18926261909584988,0.8000000000037066,1.4332403146913628e-11,0.0,0.0,0.0,-3.594662885460972e-12,0.0007841713662850748,3.283166765106525,-3.3392788949516783,0.05611150551521388,1.5805737733920315e-05,0.0007840123050741642
102.78,-0.0002399275434268,-1.5585304950642596,1.5743681480523073,-1.5701552329377646,-1.5700000000000789,7.705019995321393e-14,0.0026658615827452,-0.1274389436565833,-0.0485349782262127,0.0017248105755374,-5.708337313036979e-13,-2.6818894056489934e-13,-0.049999757305098036,2.5578728354519136,-10.634358713066598,0.24998649162627812,-0.04123653538073648,0.17028146701211977,0.800000000003721,1.4278007499456093e-11,0.0,0.0,0.0,-3.5815525620987824e-12,0.0006365178037503342,3.283300855167915,-3.329318747477524,0.04601738550213883,1.0488540983733346e-05,0.0006364315810009961
102.8,-0.0001943413103492,-1.5607097010008577,1.573538199924551,-1.5701257386770515,-1.570000000000087,7.21382453075625e-14,0.0021593478820561,-0.1032255443612626,-0.0393133323618601,0.0013970965683147,-2.55661038671938e-13,-2.549350162396602e-13,-0.14971710219858353,2.651246705691097,-10.121157736896519,0.24352612624697256,-0.04325848743496518,0.1540602288020437,0.8000000000038379,1.4205073724339048e-11,0.0,0.0,0.0,-3.658423068397242e-12,0.0005164664783131796,3.2833785552418204,-3.3212202628917273,0.03784129641120054,6.971614156810978e-06,0.0005164195824681328
102.82,-0.0001574164615556,-1.562474857809493,1.5728659419410933,-1.570101848325837,-1.5700000000000909,6.747167805829459e-14,0.0017490717845077,-0.0836126909321812,-0.0318437992119855,0.0011316482220764,-3.080214306273171e-14,-2.411023041371668e-13,-0.21012062349205493,2.77767574140536,-9.808426548220103,0.23872442176500835,-0.04292866615095894,0.14043044696912574,0.8000000000040729,1.4114963461075216e-11,0.0,0.0,0.0,-3.811863481616887e-12,0.00041892442203995966,3.283421208953986,-3.314640321342425,0.03121877880812757,4.643917746208444e-06,0.00041889881056271234
102.84,-0.0001275073340547,-1.5639046348244048,1.5723214129745535,-1.5700824971412777,-1.5700000000000855,6.176640242377248e-14,0.0014167481241751,-0.0677262795811687,-0.025793477316998,0.0009166351093829,6.168768268552047e-12,-1.7150469412696714e-12,-0.2358891620732377,2.950031616550885,-9.661717595024884,0.2426407851480058,-0.04097471955866092,0.12931213734285094,0.8000000000044286,1.4009713569563269e-11,0.0,0.0,0.0,-4.026176112230614e-12,0.0003397160825191234,3.283442449857865,-3.3092973443292646,0.025854623957601974,3.101771178878367e-06,0.0003397020255740423
102.86,-0.0001032809407958,-1.565062754206586,1.5718803445115723,-1.5700668226818932,-1.5700000000001595,7.724370004925994e-14,0.0011475659952166,-0.0548582865184012,-0.0208927166621607,0.000742474398958,-2.8147112597501707e-12,5.893022682790412e-13,-0.23127246914438035,3.176855844536591,-9.642797322090079,0.2611976943048834,-0.03803228230615878,0.12074557194782544,0.800000000004892,1.389269956981964e-11,0.0,0.0,0.0,-4.280384181409867e-12,0.00027542544452983724,3.2834509228662014,-3.3049608610133574,0.0215097188246972,2.0786420689547442e-06,0.00027541768368558804
102.88,-8.365756226463108e-05,-1.5660008309060858,1.571523079056614,-1.570054126369721,-1.5700000000001986,8.491126087651638e-14,0.0009295284568128,-0.0444352120800401,-0.016923100495581,0.0006014042645487,-1.4049515267540794e-12,2.56265860853859e-13,-0.20071771761455795,3.460913176951957,-9.711254800098994,0.2988625330132574,-0.0346301572592734,0.11487467654149727,0.8000000000054384,1.3768018588800147e-11,0.0,0.0,0.0,-4.551635660734629e-12,0.00022326288999405095,3.283452056680248,-3.3014426223092355,0.01799038784221948,1.398609716781458e-06,0.0002232585754565364
102.9,-6.776262563706381e-05,-1.566760673032686,1.5712336940381122,-1.5700438423568337,-1.570000000000209,8.5574767655875e-14,0.0007529180523759,-0.0359925217860606,-0.013707711400289,0.0004871374567782,1.5704966149711517e-12,-5.333417965624511e-13,-0.15014491841956887,3.7974934629398844,-9.82478010279214,0.3582362184073436,-0.031177216896075,0.11185595812802365,0.8000000000060372,1.3639925084299183e-11,0.0,0.0,0.0,-4.817996915950847e-12,0.0001809537241760949,3.2834492159713755,-3.2985891188752006,0.01513975880746702,9.455703423850505e-07,0.00018095130618442696
102.92,-5.48877270621238e-05,-1.5673761451548758,1.570999292173351,-1.5700355123061387,-1.570000000000174,7.494042949890011e-14,0.000609863600601,-0.0291539425732837,-0.0111032461909876,0.0003945813869953,6.951872586570323e-12,-1.7463222166079484e-12,-0.08747327021317232,4.17153969270624,-9.938703098742966,0.4394975343272798,-0.02794881608572393,0.11170692220359502,0.8000000000066524,1.351317554204784e-11,0.0,0.0,0.0,-5.056706411753735e-12,0.00014664540288702234,3.2834444486070726,-3.296275334480315,0.012830769096680126,6.428857200377831e-07,0.00014664403513234427
102.94,-4.445905931636617e-05,-1.5678746775734012,1.5708094266631818,-1.570028764964747,-1.570000000000061,4.6805132435030186e-14,0.0004939895450996,-0.0236146935606498,-0.0089936294556228,0.0003196108818999,8.630728449358482e-12,-1.941195929043918e-12,-0.022012940754135728,4.554275148825825,-10.005826416738984,0.5397777050102935,-0.02508081616155773,0.11415306241876012,0.8000000000072365,1.3393295889270871e-11,0.0,0.0,0.0,-5.2431363621140654e-12,0.00011883070591846419,3.283438968819793,-3.2943995642674917,0.010960500820256751,4.399471950585585e-07,0.00011882992394065942
102.96,-3.601183846632804e-05,-1.5682784888322951,1.570655635599998,-1.570023299618164,-1.5699999999999394,1.6577265499709914e-14,0.0004001315295653,-0.0191279017740268,-0.0072848398534146,0.0002588848206623,9.671382347319762e-12,-2.1568501243915757e-12,0.03665177564018294,4.901017044933521,-9.977501459147529,0.6527971129097252,-0.02258059777233169,0.11853664987018994,0.8000000000077268,1.3285716120660977e-11,0.0,0.0,0.0,-5.355278597201917e-12,9.628437779764996e-05,3.2834334684640365,-3.2928791376467474,0.009445592509250398,3.033120182943513e-07,9.628392522783555e-05
102.98,-2.9169589650875244e-05,-1.5686055759517925,1.570531064838898,-1.5700188726873634,-1.5699999999998302,-1.3159988527780268e-14,0.0003241065177074,-0.0154936003863795,-0.0059007202586098,0.0002096967253617,3.5501776486038944e-12,-1.1510021722619529e-12,0.08016225110558872,5.152230844203089,-9.807127246432986,0.7690853885743288,-0.02035923553801084,0.12382706829842136,0.8000000000080493,1.319431436699293e-11,0.0,0.0,0.0,-5.3804888316539e-12,7.80110503896797e-05,3.2834283165694256,-3.2916469014806014,0.008218522789105443,2.10859150303916e-07,7.801078477358404e-05
103.0,-2.3627368188636835e-05,-1.5688705165184755,1.5704301625223838,-1.57001528687348,-1.5699999999997825,-3.0619943613243293e-14,0.0002625262776833,-0.0125498163139556,-0.0047795834146728,0.0001698543400098,9.026650412378988e-13,-6.138373229852556e-13,0.10319859708916763,5.243075529559135,-9.459277398139157,0.8767600056755086,-0.018280829019255353,0.12873647697254265,0.8000000000081269,1.3120912397412669e-11,0.0,0.0,0.0,-5.3170401657159645e-12,6.320255433569719e-05,3.2834236864874717,-3.290648337136231,0.007224600319001293,1.4793718220598508e-07,6.320239591943027e-05
103.02,-1.913816884420972e-05,-1.5690851183774788,1.5703484316459126,-1.5700123823643763,-1.5699999999997754,-4.053494174349162e-14,0.0002126462845128,-0.0101653512169312,-0.0038714625725533,0.0001375820063232,3.0561057157152405e-14,-4.612391198144383e-13,0.10458396520578057,5.120745316420387,-8.923161512746336,0.9627158644120815,-0.016215691460723325,0.13189940893799396,0.800000000007892,1.3066128562344198e-11,0.0,0.0,0.0,-5.169077895905618e-12,5.120300619754949e-05,3.2834196362498487,-3.289839202799967,0.0064195257758734026,1.048256642454596e-07,5.120290996000579e-05
103.04,-1.550191738206818e-05,-1.5692589458833233,1.570282229635836,-1.5700100297121855,-1.569999999999781,-4.852121945251903e-14,0.0001722434901262,-0.0082339344884945,-0.0031358846911546,0.0001114414151262,-4.931159647281191e-13,-3.972330277213221e-13,0.08692287764269932,4.758220304707879,-8.222178709555092,1.0142030062385605,-0.014081649455457926,0.13205995156876874,0.800000000007303,1.3030548783884568e-11,0.0,0.0,0.0,-4.940473173169644e-12,4.1480306627316646e-05,3.283416158810103,-3.2891836089979996,0.00576741715606924,7.506191788095399e-08,4.148024692286572e-05
103.06,-1.255655369658855e-05,-1.5693997461631133,1.5702286060075272,-1.5700081240641075,-1.5699999999997825,-5.864350234720717e-14,0.0001395172280563,-0.0066694869388577,-0.0025400666075715,9.026753614772148e-05,1.2675775143064505e-12,-9.055729256746137e-13,0.05547056491990146,4.1604264249105976,-7.417127515779383,1.0207865134907994,-0.011864924571482874,0.1282459074902309,0.8000000000063654,1.3015245184785955e-11,0.0,0.0,0.0,-4.632364925429808e-12,3.360290655082e-05,3.2834132129967197,-3.2886524500932186,0.0052392103376364225,5.4337972140069005e-08,3.3602868638904066e-05
103.08,-1.0170809114327876e-05,-1.5695137943898518,1.5701851708683725,-1.5700065804894543,-1.5699999999997938,-8.226125539127535e-14,0.0001130089396438,-0.0054022844719002,-0.0020574540288783,7.311660891383062e-05,-2.9385882616139725e-11,-6.939581613345236e-12,0.0174527680604108,3.3692881313427665,-6.607831222671583,0.9766670496494647,-0.00961998924677299,0.11995512371083049,0.8000000000051526,1.3021216669562471e-11,0.0,0.0,0.0,-4.246108987883135e-12,2.7220890399838377e-05,3.2834107421929195,-3.288222127452201,0.00481136358258165,3.9773042603388044e-08,2.7220865730037124e-05
103.1,0.0024642812916676,-1.589400534010847,1.5761281011634345,-1.5699049771353544,-1.5700000000004704,9.996736780466695e-14,9.153748702572796e-05,-1.954489239780036,-0.0016665381504827,5.922395026615153e-05,1.7708947361912836e-10,-7.960355383760179e-11,-0.017732921433186475,2.471128261804399,-5.935293120935155,0.8833937214542942,-0.007449453835486399,0.10739874884898716,0.8000000000038134,1.3048145828678548e-11,0.0,0.0,0.0,-3.789208040865992e-12,-0.006704562190961933,3.2800544957926046,-3.21033255076235,-0.0697166064158113,8.300762151035399e-05,-0.006704050451694041
103.12,0.001996067847587,-1.5993654533344068,1.5749637619369905,-1.5699230314873442,-1.570000000000682,1.543331838289645e-13,-0.0221785316050085,0.3070129681281928,-0.0551529104651008,-0.0008552057569757,-4.081926853818918e-13,5.7998378099949e-13,-0.03972045902419415,1.588377367309637,-5.554424116313394,0.7517722917403069,-0.00546690861938765,0.09167901176963832,0.8000000000025351,1.3093632636633828e-11,0.0,0.0,0.0,-3.2785059086337586e-12,-0.00547706032294252,3.279917984761022,-3.1728399291763254,-0.10707369526106804,0.00012885455532801827,-0.005475546121900648
103.14,0.0016168149564255,-1.593461440736328,1.574243263503384,-1.5699376555007676,-1.570000000000506,1.2037817461448246e-13,-0.0179646106257867,0.2606826749003812,-0.0471473721200039,-0.0006927164804996,6.472194331988207e-12,-1.1941539625220281e-12,-0.0421970153134974,0.8309959959070664,-5.547558207421056,0.5997985411211876,-0.0037580779559360693,0.07454962726623696,0.8000000000014834,1.3153990730150435e-11,0.0,0.0,0.0,-2.7357544489993624e-12,-0.004414142954360178,3.2807721542821233,-3.195805760757262,-0.0849628790162105,8.10369311163658e-05,-0.004413400436540118
103.16,0.0013096201146986,-1.589003766995421,1.5734370434402365,-1.5699495009524471,-1.5700000000003955,1.010333585635928e-13,-0.01455133460661,0.2111529666683104,-0.0381893714185778,-0.0005611003514008,5.2299496918739556e-12,-9.99035589701442e-13,-0.02672788850000944,0.2471696023140691,-5.865869501614413,0.4462997683395911,-0.002362591394991498,0.0577768100016957,0.8000000000007765,1.3225414140088946e-11,0.0,0.0,0.0,-2.18173339287141e-12,-0.0035620291391831047,3.2813668343572404,-3.2131011486834504,-0.06826284944124152,5.2430811151540804e-05,-0.003561644375591375
103.18,0.0010607922929123,-1.5853930512653065,1.572784005189068,-1.5699590957683358,-1.5700000000002985,8.372175677653248e-14,-0.0117865810305613,0.1710339030001555,-0.0309333908499564,-0.0004544912858452,4.828505475530968e-12,-9.146505532063825e-13,7.505124610032872e-05,-0.16891834340608824,-6.385887758798243,0.3053759859553034,-0.0012799580662919167,0.042654701870979396,0.8000000000004948,1.3303098468601577e-11,0.0,0.0,0.0,-1.6405161653254533e-12,-0.0028765217620781817,3.2818156526472557,-3.2270814498719735,-0.054731912282154946,3.38611001226619e-05,-0.002876323370103005
103.2,0.0008592417572714,-1.582468371523928,1.5722550442056036,-1.5699668675692309,-1.570000000000219,6.890546648186595e-14,-0.0095471306346937,0.1385374614296365,-0.0250560465892663,-0.000368137942873,3.802797043631252e-12,-7.525044286356571e-13,0.03132968219263812,-0.44170811992334297,-6.993578511970756,0.18509867333515284,-0.0004841134056355824,0.029927992953724853,0.8000000000006869,1.3379849911594572e-11,0.0,0.0,0.0,-1.145796253769384e-12,-0.0023243061723828176,3.2821576401041264,-3.238386365261082,-0.04376942401686001,2.1810662440114647e-05,-0.002324204575519115
103.22,0.0006959858234251,-1.5800993809334367,1.571826585808985,-1.5699731627279698,-1.5700000000001324,5.3468066403653416e-14,-0.0077331758119685,0.1122153437558546,-0.0202953977378635,-0.0002981917337991,5.157784411344329e-12,-8.818889612034709e-13,0.06155933055757348,-0.5981204303331771,-7.6087296585868085,0.08874534340090613,6.465241627396466e-05,0.01989396894186192,0.8000000000013682,1.3447181302723297e-11,0.0,0.0,0.0,-7.348176368831175e-13,-0.0018789878830998562,3.282420514004764,-3.2475307296512788,-0.034888288106289966,1.3997637023525862e-05,-0.0018789363407285163
103.24,0.0005637485170174,-1.5781804985551515,1.571479534507714,-1.5699782618065632,-1.5700000000000562,3.985059794133223e-14,-0.0062638724093113,0.0908944284435848,-0.0164392721682897,-0.0002415353062054,2.6635444965204336e-12,-6.715982699573861e-13,0.08683532845893747,-0.6646511726366964,-8.179280129924262,0.016303072937136055,0.00041142290832764676,0.012514632032167286,0.8000000000025141,1.3497888550331264e-11,0.0,0.0,0.0,-4.357101293142921e-13,-0.0015195653118914838,3.2826241707355392,-3.2549293512805475,-0.02769360940510029,8.939397783928796e-06,-0.0015195394992608086
103.26,0.0004566362988052,-1.576626203828723,1.5711984229536748,-1.5699823920602525,-1.5700000000000156,2.941527464034304e-14,-0.0050737366517512,0.073624487039212,-0.0133158104567732,-0.0001956435988497,1.8169289727141333e-12,-4.952070326356652e-13,0.10499433410706224,-0.6657580094679727,-8.67541153202699,-0.03431372779210526,0.0006010526046851496,0.007522947175995184,0.8000000000040526,1.3527271853810436e-11,0.0,0.0,0.0,-2.623192149269721e-13,-0.0012292702527368462,3.282783051735487,-3.2609167614683447,-0.02186531137651102,5.671643689224619e-06,-0.0012292575586899408
103.28,0.0003698754020507,-1.57536722510032,1.570970722594894,-1.5699857375657529,-1.5699999999999867,2.180392447676535e-14,-0.0041097266880409,0.0596358345016348,-0.0107858064703571,-0.0001584713157092,1.234206415844131e-12,-3.620594034161063e-13,0.115574946383268,-0.6229367371371424,-9.083968513480572,-0.06632268250115982,0.0006747080149786425,0.004522641343336677,0.8000000000058516,1.3532397761764266e-11,0.0,0.0,0.0,-2.1889162370852683e-13,-0.000994677377461763,3.282907756606703,-3.265762962670339,-0.017144001853039263,3.566819169822576e-06,-0.000994671297899897
103.3,0.0002995990756775,-1.574347452330315,1.5707862853042764,-1.5699884474252206,-1.5699999999999672,1.6290108045543072e-14,-0.0033288786174165,0.048305025946237,-0.0087365032412899,-0.000128361766251,7.957394698465907e-13,-2.631599780550755e-13,0.11927449800914257,-0.5539937150483715,-9.403542600619225,-0.0833849374938132,0.000667985342441595,0.0030715668651460477,0.8000000000077044,1.3511093872744342e-11,0.0,0.0,0.0,-3.0572611591486246e-13,-0.0008050137790439237,3.283006151057547,-3.269686017685582,-0.013319492320215676,2.2164317020691853e-06,-0.0008050109833531278
103.32,0.0002426752513134,-1.5735214363866128,1.5706368910988713,-1.5699906424113972,-1.569999999999956,1.2324656371487362e-14,-0.0026963916801953,0.0391270710163819,-0.0070765676256932,-0.0001039730310957,4.775069845129267e-13,-1.9004712346142017e-13,0.11733059620791753,-0.47271660155395345,-9.640375475107026,-0.08913261178331443,0.0006101243525496072,0.002740309324815086,0.8000000000093138,1.3461747597870736e-11,0.0,0.0,0.0,-5.20481724513382e-13,-0.0006516193605594777,3.2830841341540125,-3.2728621358096537,-0.010221479443412862,1.3546250391122969e-06,-0.0006516181596473995
103.34,0.000196566953577,-1.572852363472215,1.5705158817924885,-1.5699924203502085,-1.5699999999999494,9.494810780198278e-15,-0.0021840772610334,0.0316929275232271,-0.0057320197770175,-8.421815554226205e-05,2.5473149243364335e-13,-1.3638982961962105e-13,0.11114767537996681,-0.38910541202307414,-9.805115524926762,-0.08687187053325963,0.0005239804296656702,0.0031475692588232547,0.8000000000102755,1.3383567914313598e-11,0.0,0.0,0.0,-8.570975879530452e-13,-0.0005275223452685749,3.2831461744702666,-3.27543376881122,-0.007711985579273061,8.084673680763631e-07,-0.0005275218938674794
103.36,0.0001592192324091,-1.5723104144115527,1.5704178642543138,-1.5699938604806514,-1.569999999999946,7.492165766028785e-15,-0.0017691025815017,0.025671271293776,-0.0046429360195425,-6.821670627762167e-05,9.981791347831989e-14,-9.728015935790745e-14,0.10209584984285723,-0.30990050566510485,-9.91038274792476,-0.0794218053684383,0.0004264985707588611,0.003977879474878842,0.8000000000100644,1.327708064498395e-11,0.0,0.0,0.0,-1.3036625100280175e-12,-0.0004271035448850088,3.283195688437314,-3.2775161197638343,-0.005679228559613756,4.655785829463275e-07,-0.0004271034278508104
103.38,0.000128967578262,-1.5718714356724184,1.5703384700483902,-1.5699950269863154,-1.569999999999946,6.086135609731982e-15,-0.0014329730910725,0.0207937297479319,-0.0037607781759528,-5.525553232534511e-05,-5.2168877806004966e-15,-6.899562310166301e-14,0.09139088239130197,-0.2391888417954928,-9.969048311225599,-0.06905280607972103,0.0003294801412095141,0.004986756879544175,0.8000000000080267,1.3144910734160177e-11,0.0,0.0,0.0,-1.83908776040138e-12,-0.00034582965134025785,3.2832353101327296,-3.2792023828536134,-0.004032651885712352,2.530317135707475e-07,-0.0003458296702637219
103.4,0.0001044637384018,-1.5715158628937185,1.5702741607415895,-1.5699959718559084,-1.569999999999946,5.106006495062471e-15,-0.0011607082038176,0.0168429210958114,-0.0030462303226221,-4.475698136781199e-05,-8.154156425530208e-14,-4.8729766492024325e-14,0.08003472358896582,-0.1790108248771526,-9.993110775504187,-0.057493241509517685,0.0002404814041085537,0.005997583712238798,0.8000000000033852,1.2992885057787637e-11,0.0,0.0,0.0,-2.4285015181889408e-12,-0.00028004059359115877,3.283267085762766,-3.280567966265028,-0.002698896493879716,1.2359513265138347e-07,-0.0002800406575382637
103.42,7.615406530717589e-05,-1.5711050640481807,1.5701998631840306,-1.569997063478672,-1.569999999999951,4.16907521028185e-15,-0.0008461562806422,0.0122784894788328,-0.0022207019053042,-3.2627839624813325e-05,-1.445446812474427e-13,-2.894097535542173e-14,0.06879654797328366,-0.1299151409610376,-9.993045328696551,-0.04597825083771634,0.0001637271993222844,0.006893491848060604,0.7999999999952638,1.2831423807102338e-11,0.0,0.0,0.0,-3.0176003307453087e-12,-0.00020408107515967446,3.2833034423770786,-3.2821453233039004,-0.0011579565579143115,2.1619849653778227e-08,-0.00020408114174072793
103.44,6.853865878057667e-05,-1.5709945576428688,1.5701798768668858,-1.569997357129225,-1.5699999999999532,3.954968878706841e-15,-0.0007615406525974,0.01105064053095,-0.0019986317148141,-2.936505573554595e-05,-1.4810513977199646e-13,-2.4426350732928512e-14,0.05821732191961512,-0.09143086489730103,-9.97750869389305,-0.03532016950190514,0.00010096213392807414,0.007606671614107056,0.7999999999827401,1.2676166844159183e-11,0.0,0.0,0.0,-3.531137101587289e-12,-0.00018365638885732127,3.2833131575769383,-3.2825695789867675,-0.0007434323396333705,2.885445639717188e-09,-0.00018365645059894914
103.46,5.551631361958283e-05,-1.5708055916897827,1.5701457002645651,-1.569997859271672,-1.5699999999999577,3.625899401012325e-15,-0.0006168479286376,0.0089510188300673,-0.0016188916890496,-2.3785695252572422e-05,-1.4923027587044918e-13,-1.7569774031934302e-14,0.048632982479185224,-0.062453829237067424,-9.953295906435383,-0.02598850871077152,5.2195259543141086e-05,0.008107197985381225,0.799999999964936,1.2545622791704525e-11,0.0,0.0,0.0,-3.885918232689876e-12,-0.00014873871773262695,3.2833297069100076,-3.2832949981016184,-3.459036373526973e-05,-2.0611631576456542e-08,-0.0001487387673519061
103.48,4.496821403857195e-05,-1.5706525292677838,1.5701180172166869,-1.5699982660070562,-1.569999999999962,3.391627434189512e-15,-0.0004996468222265,0.0072503252523499,-0.0013113022681672,-1.9266413241579304e-05,-1.43525436125858e-13,-1.2995026587328496e-14,0.04021425774780665,-0.041555615986157576,-9.925462152860462,-0.018191929398998608,1.631858995817625e-05,0.008392853584179138,0.7999999999411567,1.2455723240800481e-11,0.0,0.0,0.0,-4.0176925419533795e-12,-0.00012046330275650517,3.283343052927985,-3.2838825337670983,0.0005395767672904435,-3.1747951954113815e-08,-0.00012046334078511448
103.5,3.642425337741013e-05,-1.5705285487059653,1.5700955939479042,-1.5699985954627205,-1.5699999999999663,3.2183390680772047e-15,-0.0004047139260304,0.0058727634544107,-0.0010621548372547,-1.560579480033611e-05,-1.3235135313348204e-13,-9.903887843024702e-15,0.03301040702458464,-0.02721366920188303,-9.89754068139999,-0.01195362020558028,-8.405410945717473e-06,0.008480324042879347,0.7999999999110794,1.2414658804765575e-11,0.0,0.0,0.0,-3.904523927848891e-12,-9.756539588635604e-05,3.283353824512585,-3.284358402317747,0.001004655499115253,-3.5589571264285445e-08,-9.756542423469526e-05
103.52,2.9503645241380547e-05,-1.5704281244508929,1.57007743110019,-1.569998862321809,-1.56999999999997,3.082823161736298e-15,-0.000327818280109,0.0047569383980861,-0.0008603454182192,-1.264069383759789e-05,-1.1650783944783206e-13,-8.022806814641245e-15,0.026985280837553482,-0.017963701288303432,-9.871804797204366,-0.007174079347839084,-2.3980604098126514e-05,0.008397621670240918,0.7999999998749971,1.2420756778895126e-11,0.0,0.0,0.0,-3.5736488537429817e-12,-7.902148780864154e-05,3.2833625240931696,-3.284743832634225,0.0013813714679936815,-3.530451907633473e-08,-7.902150855201444e-05
103.54,2.389795265075474e-05,-1.570346780804283,1.5700627191935417,-1.5699990784776725,-1.5699999999999723,2.969082659395277e-15,-0.0002655328069104,0.0038531201024661,-0.0006968797887896,-1.0238962056857884e-05,-1.1469049531938889e-13,-6.9237159205253786e-15,0.02204463733523987,-0.012488720508338652,-9.849537082657825,-0.003680548655203504,-3.242270582500164e-05,0.008177750506142778,0.7999999998341246,1.2463856689979169e-11,0.0,0.0,0.0,-3.0909139226522644e-12,-6.40031498170337e-05,3.2833695540706223,-3.2850560159438738,0.0016865128406792968,-3.2845565484362283e-08,-6.400316477551405e-05
103.56,1.9357341651946894e-05,-1.5702808924505285,1.5700508025491564,-1.5699992535639218,-1.5699999999999743,2.8667188031055265e-15,-0.0002150815736174,0.003121027282999,-0.0005644726289516,-8.29355930854784e-06,-1.1192223473490837e-13,-6.234974372871594e-15,0.018058878440054053,-0.009664772495887472,-9.831281647524053,-0.0012648845792803446,-3.5594715819790193e-05,0.007854087698131696,0.7999999997909626,1.2529807884345101e-11,0.0,0.0,0.0,-2.5360636804598926e-12,-5.1839757082404116e-05,3.2833752373969936,-3.285308874409982,0.0019336782943771829,-2.939227787813799e-08,-5.1839767721402173e-05
103.58,1.567944674254725e-05,-1.5702275228839877,1.570041150067204,-1.5699993953837843,-1.569999999999976,2.7690380560323567e-15,-0.0001742160746484,0.0025280320992315,-0.0004572228294821,-6.717783060927764e-06,-1.0879574041186969e-13,-5.927311254121624e-15,0.014884004054262436,-0.00857960254022032,-9.817065254453865,0.00028823135777705116,-3.5113206808351396e-05,0.007457756414877567,0.7999999997497038,1.2605552215965536e-11,0.0,0.0,0.0,-1.9773046431520875e-12,-4.198836730967872e-05,3.283379833704843,-3.2855136831973426,0.002133882928964382,-2.5636357170090152e-08,-4.1988374774322014e-05
103.6,1.2700351865599873e-05,-1.57018429353509,1.5700333315568216,-1.5699995102578732,-1.569999999999978,2.6719999617501148e-15,-0.000141115020482,0.0020477060003917,-0.0003703504919059,-5.4414043120204055e-06,-1.0567847260696725e-13,-5.783140317268312e-15,0.012378128391644119,-0.00853023140003647,-9.806580709697,0.0011819948003261944,-3.2307687371261764e-05,0.007016278008032954,0.7999999997166511,1.2681512724073553e-11,0.0,0.0,0.0,-1.4608354423889473e-12,-3.400937023721145e-05,3.2833835520176424,-3.2856795740224847,0.0022960490874182862,-2.1965106196456728e-08,-3.40093753900225e-05
103.62,1.028728501496654e-05,-1.570149277762483,1.5700269985634108,-1.5699996033058856,-1.5699999999999794,2.573482467674287e-15,-0.0001143031666058,0.0016586418603394,-0.0002999838984546,-4.407537523091307e-06,-1.1174696561867133e-13,-5.763125352241166e-15,0.010411230505127909,-0.00900357290156643,-9.79933130368851,0.001596156324917323,-2.8217383374941254e-05,0.006552784519872779,0.7999999997006023,1.2751512409097832e-11,0.0,0.0,0.0,-1.0129639219566335e-12,-2.7546795002077045e-05,3.283386560812635,-3.2858139428173017,0.0024274039409203567,-1.8578777922126526e-08,-2.754679848364033e-05
103.64,8.332700865672694e-06,-1.5701209149866695,1.5700218688387486,-1.5699996786747756,-1.5699999999999803,2.472552486968857e-15,-9.258556496479086e-05,0.0013434999068836,-0.0002429869577637,-3.5701054239527035e-06,-1.0957178437484757e-13,-5.760751118890012e-15,0.008869965726476501,-0.009648067081144391,-9.794738669925316,0.0016816619605209816,-2.361231519210915e-05,0.00608571792249918,0.7999999997131384,1.2812128249836423e-11,0.0,0.0,0.0,-6.447352597907035e-13,-2.231237959833458e-05,3.2833889960190428,-3.28592277979725,0.0025338015461528604,-1.556515891376525e-08,-2.2312381890637693e-05
103.66,6.7494877044863415e-06,-1.570097941138261,1.5700177137617712,-1.5699997397235783,-1.5699999999999827,2.3693882040257094e-15,-7.499430763450273e-05,0.001088234924585,-0.0001968194358079,-2.8917854202440163e-06,-9.943687867161285e-14,-5.7987473228379455e-15,0.007659373930341067,-0.01024254309429124,-9.792218521585358,0.0015594021927524074,-1.9028286339615384e-05,0.005628970454690303,0.7999999997687254,1.2861964793639165e-11,0.0,0.0,0.0,-3.5660120233223483e-13,-1.8072680612211727e-05,3.283390967395834,-3.286010936724608,0.0026199837205342093,-1.2946538229601785e-08,-1.8072682062157983e-05
103.68,5.4670850436868825e-06,-1.570079332321049,1.5700143481494186,-1.5699997891731083,-1.5699999999999827,2.2639588402086403e-15,-6.074538919593252e-05,0.0008814702889169,-0.0001594237430063,-2.34234620846222e-06,-1.1027175694410723e-13,-5.803940058321088e-15,0.006702248543752341,-0.010665567316283457,-9.791229701880367,0.0013217206845841738,-1.4808012933745764e-05,0.005192297434827705,0.7999999998845159,1.2900965712040889e-11,0.0,0.0,0.0,-1.425593975719019e-13,-1.463864087858397e-05,3.2833925636309287,-3.2860823433305604,0.0026897913567715333,-1.0708948742144728e-08,-1.4638641746960642e-05
103.7,4.428338888219343e-06,-1.5700642591791094,1.5700116220034124,-1.5699998292272297,-1.569999999999985,2.1573317777333837e-15,-4.920376525979221e-05,0.0007139909340312,-0.0001291332318254,-1.8973004319921244e-06,-9.793086319699888e-14,-5.808252514813797e-15,0.005936824084957947,-0.010867288444198245,-9.791302178223956,0.001035591378598501,-1.1142909533961922e-05,0.0047818702960067865,0.8000000000797038,1.2929912614402501e-11,0.0,0.0,0.0,6.917117806107786e-15,-1.185714509755703e-05,3.2833938564263474,-3.286140182575694,0.002746335591506827,-8.82005978070732e-09,-1.185714556945515e-05
103.72,3.5869545020873685e-06,-1.5700520499341364,1.570009413825148,-1.5699998616710658,-1.569999999999985,2.0504662888242437e-15,-3.985504987065946e-05,0.000578332656584,-0.0001045979177833,-1.536813361388262e-06,-1.0688323467290135e-13,-5.751864896240367e-15,0.005313323844475394,-0.010844833347319132,-9.792049282512789,0.0007466262963944149,-8.111955357869679e-06,0.00440087244416298,0.800000000374262,1.2950025185912201e-11,0.0,0.0,0.0,1.0267823618193329e-13,-9.604183643489834e-06,3.2833949037759393,-3.2861870325821703,0.0027921364542966443,-7.2399115775390385e-09,-9.604183857445776e-06
103.74,2.9054331491323e-06,-1.570042160445708,1.570007625200755,-1.569999887950575,-1.5699999999999863,1.943814633170879e-15,-3.2282590404726004e-05,0.0004684494518362,-8.472431340403138e-05,-1.2448188330575175e-06,-1.128247688807568e-13,-5.676272923170315e-15,0.004789803211677756,-0.01062161699082581,-9.793168863677558,0.00048330703329889824,-5.715577876191248e-06,0.0040500718698562675,0.8000000007868782,1.2962747564441888e-11,0.0,0.0,0.0,1.5577449784113378e-13,-7.779317757639728e-06,3.2833957525974764,-3.286224981577488,0.0028292351748912497,-5.927089643944946e-09,-7.779317811296532e-06
103.76,2.353400853064285e-06,-1.5700341499600816,1.5700061764149955,-1.5699999092369763,-1.5699999999999863,1.8382513979140786e-15,-2.614889823664776e-05,0.0003794440559914,-6.862669385838473e-05,-1.0083032587507197e-06,-1.0924476062402221e-13,-5.58645079658639e-15,0.004327642184568772,-0.010230476668762938,-9.794437235869133,0.0002610302327069404,-3.903628858196421e-06,0.0037283313227331996,0.8000000013318986,1.296962946386472e-11,0.0,0.0,0.0,1.768743002283651e-13,-6.301197977810508e-06,3.2833964408467793,-3.2862557209821515,0.0028592851531831285,-4.84211810095954e-09,-6.301197937892368e-06
103.78,1.9062546930875503e-06,-1.5700276614667252,1.5700050028985295,-1.5699999264789617,-1.5699999999999874,1.7346181498857285e-15,-2.11806075798276e-05,0.0003073496853679,-5.55876220188028e-05,-8.167256463022076e-07,-1.0499821144730225e-13,-5.4554622334911955e-15,0.0038869919464733825,-0.009700289510912178,-9.795698991683599,8.571723433627692e-05,-2.5973342631232344e-06,0.0034330391152541783,0.8000000020151026,1.2972193852015962e-11,0.0,0.0,0.0,1.7567595371107125e-13,-5.1039351125692034e-06,3.2833969992150296,-3.286280620796205,0.0028836256455756675,-3.949126749246861e-09,-5.103935028286036e-06
103.8,1.5440663035530276e-06,-1.5700224057871048,1.570004052350194,-1.5699999404449698,-1.5699999999999874,1.6700805926873302e-15,-1.7156292126090228e-05,0.0002489532451267,-4.502597384122696e-05,-6.615477651379911e-07,-1.0276432965556347e-13,-1.3952419880797033e-15,0.0034224701600899026,-0.009045646818636718,-9.796854981296864,-4.3138904831402424e-05,-1.7056283595638017e-06,0.0031604615630265245,0.8000000028281884,1.2971860040753351e-11,0.0,0.0,0.0,1.6064657564360025e-13,-4.134161489781161e-06,3.2833974524896954,-3.2863007906489003,0.002903341451346592,-3.2165125346619655e-09,-4.134161387842551e-06
103.82,1.25069370832052e-06,-1.5700181486866127,1.5700032824060413,-1.5699999517574372,-1.5699999999999874,1.5624461935266948e-15,-1.38965965529912e-05,0.0002016521285177,-3.64710388117669e-05,-5.358536702581442e-07,-4.610157762844887e-15,-2.3674395328179376e-14,0.0028800151298902722,-0.00826143530845282,-9.797850083248973,-0.00013002646253469137,-1.136547286683745e-06,0.002905986068229076,0.8000000037419421,1.2969821719593783e-11,0.0,0.0,0.0,1.3855516691581553e-13,-3.3486509507892627e-06,3.2833978206438412,-3.2863171292361093,0.0029193112588879635,-2.6170007969803534e-09,-3.348650853356248e-06
103.84,1.0130619069732925e-06,-1.570014700435215,1.570002658751278,-1.5699999609205342,-1.5699999999999874,1.192986394011139e-15,-1.1256243236791842e-05,0.0001633382241167,-2.95415414376971e-05,-4.3404149373573605e-07,-4.4162308189446126e-14,-1.493992964246343e-14,0.0022027281450460183,-0.0073292788790490886,-9.798661837603245,-0.0001815449581823858,-8.045517132583729e-07,0.002664311031875385,0.8000000046982029,1.2966951795953523e-11,0.0,0.0,0.0,1.1415340382210196e-13,-2.7123914183915944e-06,3.283398119705806,-3.2863303643522292,0.0029322468063731396,-2.1273940128702132e-09,-2.7123913304390415e-06
103.86,8.205801473057341e-07,-1.5700119073515817,1.570002153590918,-1.5699999683426438,-1.5699999999999874,9.831424088831952e-16,-9.117557048714164e-06,0.0001323039615559,-2.3928648557466634e-05,-3.515736297218765e-07,-7.443315470645203e-14,-8.216793029672004e-15,0.0013559611305353175,-0.006237643550274409,-9.799290562035058,-0.00020505118691074652,-6.350158107974108e-07,0.00243005016804077,0.8000000056009603,1.2963815022544872e-11,0.0,0.0,0.0,9.037402184976542e-14,-2.1970238241105347e-06,3.283398362452493,-3.2863410853049575,0.0029427246020134806,-1.7281889351191152e-09,-2.1970237501674794e-06
103.88,6.6466992096088e-07,-1.5700096449538392,1.570001744411028,-1.5699999743545523,-1.5699999999999916,1.4106584054335477e-15,-7.385221248828481e-06,0.0001071662088606,-1.9382205336317805e-05,-2.847746476864924e-07,-1.287286884563424e-13,1.753701291511687e-14,0.0003526364560279278,-0.005000452566561226,-9.79975119607408,-0.00020774171761991578,-5.669467953013498e-07,0.002199036244262307,0.8000000063072152,1.2960694034027283e-11,0.0,0.0,0.0,6.85615982779629e-14,-1.7795777850621359e-06,3.283398558961934,-3.2863497691623156,0.0029512116175077732,-1.4031115697470458e-09,-1.7795777260925934e-06
103.9,5.383826377108551e-07,-1.570007812411666,1.570001412975318,-1.5699999792241994,-1.5699999999999918,1.337191784564856e-15,-5.982029209081828e-06,8.680462920005128e-05,-1.5699586327897824e-05,-2.3066747372054335e-07,-7.520381423980288e-14,-7.737994527225829e-15,-0.0007542015456123578,-0.003659809935591593,-9.80006686888649,-0.0001960873005169063,-5.539091831766656e-07,0.0019693902571054664,0.8000000066186156,1.2957708510137431e-11,0.0,0.0,0.0,4.9141444717994455e-14,-1.441447627898269e-06,3.283398717056287,-3.286356802008265,0.0029580860998436047,-1.138668531103344e-09,-1.441447586039668e-06
103.92,4.3608993795119165e-07,-1.570006328052506,1.5700011445123927,-1.5699999831686136,-1.5699999999999923,1.242576623581313e-15,-4.845443725190762e-06,7.03117496991741e-05,-1.2716664932617534e-05,-1.8684067506826825e-07,-1.4922464495423454e-13,3.806632027651593e-15,-0.0018956850990718248,-0.0022780340181898936,-9.800264089781324,-0.00017553770719524973,-5.629233464949285e-07,0.0017413522519319244,0.8000000062753477,1.2954938490895094e-11,0.0,0.0,0.0,3.227333250664261e-14,-1.1675629385503915e-06,3.283398842663095,-3.2863624961621305,0.002963654428796535,-9.237286311234342e-10,-1.167562909563141e-06
103.94,3.532328501773379e-07,-1.5700051257215866,1.570000927057421,-1.569999986363589,-1.569999999999997,1.296443858244858e-15,-3.924809419979396e-06,5.6952517247564265e-05,-1.0300498598911808e-05,-1.513409549561545e-07,-1.1625978293755288e-13,1.504859804036553e-15,-0.0029965943938838804,-0.0009272607154350639,-9.800369395395531,-0.00015042240881649448,-5.722900186174626e-07,0.0015164982506867385,0.8000000049543097,1.295245750617548e-11,0.0,0.0,0.0,1.8046100090082476e-14,-9.457168222957415e-07,3.28339894012028,-3.2863671041388725,0.0029681647716906312,-7.491416450216274e-10,-9.457168072693038e-07
103.96,2.861186090857539e-07,-1.5700041518335408,1.5700007509188951,-1.5699999889515188,-1.569999999999997,1.3056206391357956e-15,-3.1790956312766017e-06,4.613153897905455e-05,-8.343403868107324e-06,-1.225861795746625e-07,-9.379413650057167e-14,-9.801865265626765e-18,-0.003983516528942012,0.0003251046897914707,-9.800407206465012,-0.00012398289701594472,-5.694773163884856e-07,0.0012973274889210708,0.8000000022741911,1.295036007850664e-11,0.0,0.0,0.0,6.646937901345673e-15,-7.660217885067826e-07,3.2833990124500567,-3.2863708299837002,0.0029718181436468993,-6.074077365161125e-10,-7.660217838137203e-07
103.98,2.3175607373094814e-07,-1.5700033629842238,1.57000060824669,-1.569999991047742,-1.569999999999997,1.3101936381985198e-15,-2.575067463395402e-06,3.7366546560939785e-05,-6.75815713691051e-06,-9.929481285775499e-08,-9.539061030292229e-14,-7.636581707670796e-16,-0.0048030720856268245,0.0014316103573959423,-9.800398627903633,-9.848494824864666e-05,-5.491417399452947e-07,0.0010870376448416548,0.7999999978106863,1.2948697189918289e-11,0.0,0.0,0.0,-1.932777150103397e-15,-6.204690154116449e-07,3.2833990616261697,-3.2863738384986068,0.0029747773665321914,-4.92393568562061e-10,-6.204690179660523e-07
104.0,1.877224201240573e-07,-1.5700027240162764,1.570000492682203,-1.5699999927456838,-1.569999999999997,1.2723587668690446e-15,-2.0858046435178887e-06,3.026690271188072e-05,-5.47410727054385e-06,-8.04287936159588e-08,-9.052921195354015e-14,-2.8855469073462304e-15,-0.005432192391709985,0.0023701920771449295,-9.800360944580587,-7.537136617794844e-05,-5.110440397898987e-07,0.0008890797805098999,0.7999999911255952,1.2947449128319921e-11,0.0,0.0,0.0,-8.000927752057197e-15,-5.025714071677848e-07,3.2833990888591833,-3.286376262784673,0.00297717432569997,-3.990943410023157e-10,-5.02571418010807e-07
104.02,1.5205516073033276e-07,-1.57000220645224,1.5700003990749678,-1.5699999941210148,-1.569999999999997,1.202706983077346e-15,-1.6895017601090103e-06,2.4516191184298997e-05,-4.434026893224543e-06,-6.514732943496273e-08,-8.682945403007567e-14,-4.249456670250964e-15,-0.005874348375224296,0.0031395009887656053,-9.8003075946948,-5.5427869332847574e-05,-4.580532002065757e-07,0.0007066211361105106,0.7999999818139409,1.2946629595595661e-11,0.0,0.0,0.0,-1.1640393339816552e-14,-4.070744361836992e-07,3.283399094924091,-3.286378210448073,0.0029791158481457984,-3.2343101312616973e-10,-4.0707444746875914e-07
104.04,1.2316468063738428e-07,-1.570001787225369,1.570000323253108,-1.5699999952350348,-1.569999999999997,1.1137218585588769e-15,-1.3684964250828682e-06,1.9858114859062208e-05,-3.5915617734517224e-06,-5.276934272770997e-08,-8.422856825446844e-14,-4.958115297686928e-15,-0.006150664406478892,0.003751717024619588,-9.800248459092318,-3.8944875036154536e-05,-3.945433761188994e-07,0.0005421307837155759,0.799999969573275,1.2946258922621845e-11,0.0,0.0,0.0,-1.28657647599413e-14,-3.2972194369417174e-07,3.2833990805535422,-3.2863797687548124,0.0029806884638371805,-2.6208571879761846e-10,-3.2972195815860737e-07
104.06,9.97633917685817e-08,-1.5700014476516044,1.5700002618373998,-1.5699999961373907,-1.569999999999997,1.0146969345332149e-15,-1.1084821041706006e-06,1.608507302629655e-05,-2.9091650344491465e-06,-4.274316361916169e-08,-8.237597076696179e-14,-5.302941550246316e-15,-0.006291202957021014,0.004226477300526976,-9.800190340288827,-2.5863716920859348e-05,-3.2527731357359764e-07,0.00039716298682201153,0.7999999542988956,1.2946286682431133e-11,0.0,0.0,0.0,-1.2023031769922432e-14,-2.67066465155499e-07,3.2833990469166268,-3.286381008966505,0.0029819622625482014,-2.1235701605575193e-10,-2.67066478866029e-07
104.08,8.080834778404602e-08,-1.5700011725968566,1.5700002120906775,-1.5699999968682972,-1.569999999999997,9.12186706463552e-16,-8.978705045756552e-07,1.302890915040775e-05,-2.356423670749487e-06,-3.462197189211015e-08,-8.112101041175685e-14,-5.383233523852226e-15,-0.006328260924696303,0.004586290264667341,-9.800137520897122,-1.5900245698964084e-05,-2.547026725293795e-07,0.00027232812283600256,0.7999999362075424,1.2946595673736835e-11,0.0,0.0,0.0,-9.775512270977964e-15,-2.163155496876837e-07,3.283398996197901,-3.2863819900438007,0.0029829940181566868,-1.7205110740389093e-10,-2.1631555964079864e-07
104.1,6.545476215001375e-08,-1.5700009498025114,1.5700001717958325,-1.5699999974603325,-1.569999999999997,8.104829017824726e-16,-7.27275109159424e-07,1.0553416430146524e-05,-1.908703165791665e-06,-2.8043812528805163e-08,-8.047632463918526e-14,-5.2017666278354516e-15,-0.006292080506301892,0.0048534199853555735,-9.800092324061598,-8.643415083385102e-06,-1.8655794293729608e-07,0.0001673910632238686,0.7999999159900032,1.2946998740204203e-11,0.0,0.0,0.0,-7.108994883240898e-15,-1.752073277011265e-07,3.2833989322814414,-3.286382761861343,0.0029838297194253083,-1.3938589154208856e-10,-1.7520733356664496e-07
104.12,5.301835777565168e-08,-1.5700007693390894,1.5700001391570095,-1.569999997939882,-1.569999999999997,7.131325756660894e-16,-5.89092839071453e-07,8.548267318348047e-06,-1.5460495698291184e-06,-2.271549786351821e-08,-8.013443782421776e-14,-4.958217593458921e-15,-0.0062084664372930075,0.005047985445603479,-9.800055630123694,-3.6296762593815482e-06,-1.237029966659154e-07,8.143604036026664e-05,0.7999998949896786,1.2947320388296154e-11,0.0,0.0,0.0,-4.913012226753128e-15,-1.419096766976694e-07,3.2833988615304963,-3.2863833680376726,0.0029845066201835734,-1.129163807841455e-10,-1.4190968223238483e-07
104.14,4.294487021806561e-08,-1.5700006231637176,1.5700001127195615,-1.5699999983283155,-1.569999999999997,6.214292651555633e-16,-4.771652004664844e-07,6.924096521955341e-06,-1.2523001672618244e-06,-1.8399553315226533e-08,-8.009732543214867e-14,-4.657226870871829e-15,-0.00609784759613037,0.005187025162578384,-9.80002732365483,-3.956965508824464e-07,-6.810202346391335e-08,1.3054001204439788e-05,0.7999998753992574,1.2947484381946424e-11,0.0,0.0,0.0,-3.566814558612262e-15,-1.1493859035917434e-07,3.283398793632563,-3.2863838484411825,0.0029850549001474037,-9.147059897273274e-11,-1.1493859303779309e-07
104.16,3.478534528027848e-08,-1.5700005047616672,1.5700000913052292,-1.5699999986429485,-1.569999999999997,5.370213716931435e-16,-3.865038132490393e-07,5.608518166119436e-06,-1.0143631195556855e-06,-1.4903639458032967e-08,-8.042473235040456e-14,-4.206093662240505e-15,-0.005975387752106153,0.005284301703301347,-9.800006659850405,1.4872070655357687e-06,-2.0900349268370138e-08,-3.9477407417974915e-05,0.7999998604609964,1.294751438065602e-11,0.0,0.0,0.0,-2.9595583242307425e-15,-9.309201653344452e-08,3.2833987424520656,-3.2863842413883115,0.0029854990103809404,-7.409254654686268e-11,-9.309201878244602e-08
104.18,2.8176130062496263e-08,-1.570000408856006,1.5700000739596198,-1.5699999988978002,-1.569999999999997,4.60284868371896e-16,-3.130680897035989e-07,4.542899729505709e-06,-8.216341312541315e-07,-1.2071949787280084e-08,-8.086511384392721e-14,-3.825624948166203e-15,-0.005851823645919901,0.005350654133711203,-9.799992549684633,2.393246787603596e-06,1.745001392446382e-08,-7.803984010490048e-05,0.7999998546475318,1.2947532170307187e-11,0.0,0.0,0.0,-2.504409658644387e-15,-7.539629315333153e-08,3.283398726797317,-3.2863845855003886,0.0029858587631104764,-6.001545804749955e-11,-7.539629583536531e-08
104.2,2.2822665717120785e-08,-1.570000331172422,1.5700000599096764,-1.5699999991042306,-1.569999999999997,3.9113354947736783e-16,-2.5358515370107845e-07,3.679748780169301e-06,-6.655236513189428e-07,-9.778274036159998e-09,-8.139894522177448e-14,-3.460485528660121e-15,-0.0057347784679511425,0.005394741730694603,-9.79998376994142,2.633401824251873e-06,4.704916216481832e-08,-0.00010455632900593763,0.7999998637896903,1.2947667726602892e-11,0.0,0.0,0.0,-1.5839894875696628e-15,-6.106276075756747e-08,3.2833987709651775,-3.2863849211310696,0.0029861502145163555,-4.86084564917974e-11,-6.106276278563676e-08
104.22,1.848635957793174e-08,-1.570000268248718,1.570000048529222,-1.569999999271439,-1.569999999999997,3.296771785648139e-16,-2.0540397551228414e-07,2.9805965120742293e-06,-5.390741561356951e-07,-7.920405423842799e-09,-8.213558893435883e-14,-3.054105008011958e-15,-0.005630358114492474,0.0054240539089362525,-9.799979108070612,2.4545284102236733e-06,6.841517271279487e-08,-0.0001209133271253898,0.7999998951056506,1.2947965869095099e-11,0.0,0.0,0.0,5.558244628390036e-18,-4.945260364324247e-08,3.2833989048770618,-3.2863852912171128,0.0029863863794299867,-3.936939025479623e-11,-4.945260310476968e-08
104.24,1.4973951585595477e-08,-1.5700002172805172,1.5700000393110536,-1.5699999994068774,-1.569999999999997,2.7556732973649413e-16,-1.6637722121653245e-07,2.414283183704402e-06,-4.3665006470334323e-07,-6.4155432323424635e-09,-8.286439544151147e-14,-2.6858764461123503e-15,-0.005544881817124043,0.005446085308077865,-9.799977453495986,2.0436499040437077e-06,8.237131057112319e-08,-0.00012892228671365028,0.799999957072636,1.2948381180626217e-11,0.0,0.0,0.0,2.044279410893094e-15,-4.0048373113208685e-08,3.2833991635655444,-3.2863857413433197,0.00298657780966766,-3.188591700197061e-11,-4.004837373345827e-08
104.26,1.2128901092281792e-08,-1.5700001759962745,1.5700000318443377,-1.569999999516583,-1.569999999999997,2.281160647496265e-16,-1.3476555014159438e-07,1.955569384542828e-06,-3.5368656203603777e-07,-5.196585546822833e-09,-8.366972772923643e-14,-2.300837337469288e-15,-0.005486625240830836,0.005469588678603875,-9.799977847154889,1.5352715637211251e-06,8.996208010326133e-08,-0.00013031739693734957,0.8000000590691554,1.2948775235833217e-11,0.0,0.0,0.0,3.873521832354266e-15,-3.243095240925422e-08,3.2833995857167024,-3.2863863187524585,0.002986733061581913,-2.582086541908369e-11,-3.243094862454527e-08
104.28,9.824410395167706e-09,-1.5700001425560397,1.5700000257962976,-1.5699999996054452,-1.569999999999997,1.4588072133733088e-16,-1.091600836812187e-07,1.5840111923657966e-06,-2.864861162851588e-07,-4.2092371608046035e-09,-6.76963308849572e-14,-4.353313523965962e-15,-0.005466039942057319,0.005504966137521475,-9.799979502124806,1.0200929454331048e-06,9.239274768722649e-08,-0.00012677440282875737,0.800000210704288,1.2949002140582982e-11,0.0,0.0,0.0,4.815117115836552e-15,-2.6260841717656332e-08,3.2834002109260116,-3.286387069978431,0.002986859073330077,-2.090903443733865e-11,-2.6260836014356547e-08
104.3,7.95777291033959e-09,-1.5700001154694487,1.5700000208973852,-1.5699999996774232,-1.569999999999997,8.979414802746968e-17,-8.841967318476365e-08,1.2830490707130594e-06,-2.3205374650572541e-07,-3.409477632400181e-09,-7.766717162177135e-14,-1.9565073072506474e-16,-0.005491859900733782,0.00556219657868389,-9.79998180824522,5.539937714260045e-07,9.095039277393907e-08,-0.00011989293512672064,0.8000004207430195,1.2948997813929566e-11,0.0,0.0,0.0,4.592768516147831e-15,-2.126305556252421e-08,3.283401075294663,-3.286388036746259,0.002986961468530611,-1.6930122653987202e-11,-2.126305034802722e-08
104.32,6.445796467964619e-09,-1.57000009352931,1.570000016929266,-1.5699999997357257,-1.569999999999997,8.337242042595752e-17,-7.161993799132911e-08,1.0392697659527863e-06,-1.879635486302288e-07,-2.761686158913224e-09,-7.955707678959077e-14,-5.277029025679684e-16,-0.005565678569743918,0.00564743443193739,-9.799984325386536,1.665677956925068e-07,8.6859221167851e-08,-0.00011108109352148933,0.800000695536348,1.2948781518391471e-11,0.0,0.0,0.0,3.32396642027474e-15,-1.7214847298672297e-08,3.283402204992018,-3.286389249777771,0.0029870447994641974,-1.3706813206492092e-11,-1.7214844418792838e-08
104.34,5.221095501036874e-09,-1.570000075757797,1.5700000137150905,-1.56999999978295,-1.569999999999997,7.069948856245924e-17,-5.801215226994773e-08,8.418085212746516e-07,-1.5225047191696078e-07,-2.2369518197543634e-09,-8.152549092831648e-14,-7.337739351805515e-16,-0.005681371998878051,0.0057615292211207,-9.799986763337191,-1.3131462900140077e-07,8.11229348447193e-08,-0.00010140927487866896,0.8000010368758615,1.2948455806575184e-11,0.0,0.0,0.0,1.5216345722989478e-15,-1.3935802914444296e-08,3.2834036074548636,-3.2863907201847473,0.002987112740983304,-1.109679682813883e-11,-1.3935800238174148e-08
104.36,4.229087672244707e-09,-1.5700000613628715,1.5700000111116064,-1.5699999998212015,-1.569999999999997,5.590739653012889e-17,-4.69898456359527e-08,6.818648875918628e-07,-1.233228784209937e-07,-1.8119376694805413e-09,-8.35302844604561e-14,-7.92811416920127e-16,-0.005828998646378619,0.005900931385509305,-9.799988952665661,-3.4125985069844993e-07,7.44661029064142e-08,-9.157554289033728e-05,0.8000014392196734,1.2948119159664204e-11,0.0,0.0,0.0,-3.320657321773962e-16,-1.1279770724216954e-08,3.283405260005667,-3.286392428240297,0.0029871682436147045,-8.98226416242077e-12,-1.127977265500499e-08
104.38,3.425561289331481e-09,-1.570000049702981,1.5700000090027866,-1.5699999998521856,-1.569999999999997,4.130398734028487e-17,-3.80617770161387e-08,5.523105667974173e-07,-9.98915327984879e-08,-1.4676808809133476e-09,-8.538637023478035e-14,-7.17152964998605e-16,-0.0059980509238167085,0.0060593657281100615,-9.799990815335065,-4.724757489726112e-07,6.737980594934748e-08,-8.199054585654644e-05,0.8000018862856462,1.2947820767303336e-11,0.0,0.0,0.0,-1.9882170169513393e-15,-9.128389906285715e-09,3.2834070958733697,-3.2863943095193218,0.002987213653220556,-7.268626521497943e-12,-9.128391894501333e-09
104.4,2.7747048816874317e-09,-1.5700000402584713,1.5700000072946418,-1.5699999998772831,-1.569999999999997,2.796627950876551e-17,-3.083004122903282e-08,4.47371555551952e-07,-8.091215923598242e-08,-1.1888162024668264e-09,-8.711955854625832e-14,-6.188982647740169e-16,-0.006178748872816427,0.006229438110331974,-9.799992338829261,-5.38113215094761e-07,6.019088164320641e-08,-7.288201840232499e-05,0.8000023470848101,1.294765094401061e-11,0.0,0.0,0.0,-2.9773632286538287e-15,-7.385767710210258e-09,3.2834089879159816,-3.2863962387135954,0.0029872508034943556,-5.882017295107683e-12,-7.385768911210303e-09
104.42,2.2475111584447235e-09,-1.5700000326084174,1.5700000059110442,-1.5699999998976135,-1.569999999999997,1.6708704161141334e-17,-2.4972335038715544e-08,3.6237097273005273e-07,-6.553885676653792e-08,-9.629311129434681e-10,-8.865149163425403e-14,-5.389337620464499e-16,-0.006362599266042707,0.0064038675023336,-9.799993554017504,-5.526409624225605e-07,5.311228289549018e-08,-6.436727601987913e-05,0.8000027715787654,1.2947704402898324e-11,0.0,0.0,0.0,-2.8133980969709448e-15,-5.974240398579995e-09,3.283410730799446,-3.2863980118813014,0.0029872810866108544,-4.757115820872957e-12,-5.974242945522724e-09
104.44,1.8204842133771566e-09,-1.570000026411874,1.5700000047903295,-1.5699999999140806,-1.569999999999997,7.345578308135501e-18,-2.022759281206435e-08,2.935204931462142e-07,-5.308646213414557e-08,-7.79967142104147e-10,-9.006206766822741e-14,-4.315402182131432e-16,-0.006542696964937871,0.0065762468628639435,-9.799994516786509,-5.300846463765876e-07,4.6276033263582635e-08,-5.649742949981194e-05,0.8000030862947373,1.2947995957044623e-11,0.0,0.0,0.0,-1.4224399962225604e-15,-4.8309039518446016e-09,3.28341202300236,-3.286399328505722,0.0029873055072066586,-3.846626514063901e-12,-4.830904663738378e-09
104.46,1.474592362487635e-09,-1.5700000213926737,1.5700000038825512,-1.5699999999274166,-1.569999999999997,7.702477289783825e-20,-1.6384351422550064e-08,2.3775159373457715e-07,-4.300004167688581e-08,-6.317751613505108e-10,-9.123568715006813e-14,-3.3310232064393163e-16,-0.006713811074731235,0.006741434769509533,-9.799995293229436,-4.829590488247993e-07,3.975574665714942e-08,-4.928366511776791e-05,0.8000031904238476,1.2948459907047946e-11,0.0,0.0,0.0,8.551464807638774e-16,-3.904797034934837e-09,3.283412450803591,-3.286399775525305,0.0029873247248220444,-3.1095992979037886e-12,-3.904796090969559e-09
104.48,1.194419941355098e-09,-1.5700000173271211,1.5700000031472503,-1.5699999999382213,-1.569999999999997,-5.415322363931938e-18,-1.3271325715704351e-08,1.9257879585792626e-07,-3.4830043705468885e-08,-5.117385677982103e-10,-9.234042633946333e-14,-2.4810244527295434e-16,-0.0068723081514589,0.006895674099019867,-9.799995947888732,-4.21728001716019e-07,3.358324328112123e-08,-4.271253933690022e-05,0.8000029531615371,1.2948943946809741e-11,0.0,0.0,0.0,3.25246672250301e-15,-3.1546517918918758e-09,3.2834114773677627,-3.286398816455426,0.002987339090175397,-2.5116183679568923e-12,-3.1546478288793073e-09
104.5,9.674802611222223e-10,-1.5700000140340242,1.570000002551658,-1.569999999946972,-1.569999999999997,-9.604617195615188e-18,-1.0749774756330925e-08,1.5598882117327673e-07,-2.8212337398907873e-08,-4.1450563142234143e-10,-9.323789108245797e-14,-1.6770251301657835e-16,-0.0070159641575570034,0.007036521972182389,-9.79999653443001,-3.5464364418729914e-07,2.7762140651477818e-08,-3.6754856433803705e-05,0.8000022133178831,1.2949289046804221e-11,0.0,0.0,0.0,4.9934189877089176e-15,-2.5470285758017527e-09,3.2834084411467797,-3.286395789825784,0.0029873486810326104,-2.0281489840920387e-12,-2.547022516565318e-09
104.52,7.836591040720375e-10,-1.5700000113666157,1.5700000020692284,-1.5699999999540597,-1.569999999999997,-1.2164634685345498e-17,-8.707318352887707e-09,1.2635095193026068e-07,-2.2852002999526908e-08,-3.3574689045415794e-10,-9.398687159251822e-14,-1.162678302667125e-16,-0.007143710621046125,0.0071626602745893855,-9.799997088139246,-2.8783906997072e-07,2.228017984346262e-08,-3.1371056555153215e-05,0.8000007825159715,1.2949416151141928e-11,0.0,0.0,0.0,5.708858820695852e-15,-2.0548522877811693e-09,3.283402569007392,-3.2863899223502777,0.002987353344523254,-1.6375563480162802e-12,-2.054847467101318e-09
104.54,6.347639528596325e-10,-1.570000009206013,1.5700000016784588,-1.5699999999598018,-1.569999999999997,-1.3954238216759572e-17,-7.052928527382554e-09,1.02344267020308e-07,-1.851012069918852e-08,-2.719536060434655e-10,-9.47199746370727e-14,-7.29773064389702e-17,-0.007255351703040426,0.007273640860847486,-9.799997619759846,-2.2557247256898892e-07,1.7121260158487225e-08,-2.6514930532158245e-05,0.7999984535841694,1.2949326593873296e-11,0.0,0.0,0.0,5.420938304115952e-15,-1.6561952940608234e-09,3.2833930106757556,-3.2863803634274267,0.002987352752989373,-1.3188324375865685e-12,-1.6561898731222607e-09
104.56,5.14158868523585e-10,-1.5700000074559262,1.5700000013619364,-1.5699999999644514,-1.569999999999997,-1.4982686573000597e-17,-5.7128726964392914e-09,8.289884451352693e-08,-1.4993200619144445e-08,-2.202841446945345e-10,-9.52524931866436e-14,-5.518162067319018e-17,-0.007351279654838987,0.0073696056578276825,-9.799998110436498,-1.7054372725033933e-07,1.2277512141589585e-08,-2.213673582488362e-05,0.7999950159955802,1.2949100813316137e-11,0.0,0.0,0.0,4.535795645553767e-15,-1.333278483729775e-09,3.2833789021052775,-3.2863662485856904,0.002987346481475547,-1.0614742219082236e-12,-1.333274569654941e-09
104.58,4.164687391666071e-10,-1.5700000060383557,1.5700000011055526,-1.5699999999682197,-1.569999999999997,-1.5466097650436513e-17,-4.627428405646429e-09,6.714806739914198e-08,-1.2144501608238911e-08,-1.7842958757590028e-10,-9.675206956766417e-14,4.543389272429378e-17,-0.007432207498229439,0.007451010171595518,-9.799998508004789,-1.2422376946112844e-07,7.761010773911636e-09,-1.8186287156442418e-05,0.7999902803616212,1.2948809826527654e-11,0.0,0.0,0.0,3.40802671057679e-15,-1.071714468161952e-09,3.2833594660046828,-3.286346800119187,0.002987334115356102,-8.538157657784782e-13,-1.0717105272344952e-09
104.6,3.3733970579489025e-10,-1.570000004890123,1.570000000897881,-1.5699999999712704,-1.569999999999997,-1.4842259466353058e-17,-3.74821737086134e-09,5.438993985968907e-08,-9.837036247617685e-09,-1.4452336037831114e-10,-9.706380346844241e-14,5.38840853120048e-17,-0.007499011250680621,0.007518451883492497,-9.799998727712866,-8.71452771528989e-08,3.612578427162308e-09,-1.4616567721831662e-05,0.7999841139748791,1.2948469141827466e-11,0.0,0.0,0.0,2.1296164283951437e-15,-8.598502914553756e-10,3.2833341577150783,-3.2863214731104753,0.002987315396083467,-6.848992757960053e-13,-8.598472736780279e-10
104.62,2.7324519069806267e-10,-1.570000003960056,1.5700000007296666,-1.5699999999737415,-1.569999999999997,-1.531962089303179e-17,-3.036055908692804e-09,4.405585045862608e-08,-7.967998047268652e-09,-1.1705659053716994e-10,-9.678144369172027e-14,-8.246275774950255e-17,-0.007552819060331649,0.0075727589915745505,-9.799998678887329,-5.9061180973335075e-08,-9.585045155396639e-11,-1.1388734584982686e-05,0.799976489128103,1.2948128885219756e-11,0.0,0.0,0.0,9.77206206876126e-16,-6.882390932154428e-10,3.2833028635233847,-3.2862901539349676,0.0029872904121318053,-5.465561604913339e-13,-6.882370502263444e-10
104.64,2.2132863255155164e-10,-1.5700000032067007,1.5700000005934134,-1.5699999999757424,-1.569999999999997,-1.6415414235358034e-17,-2.459205506423105e-09,3.5685235424369664e-08,-6.454075764752725e-09,-9.483002136890839e-11,-9.695870730729787e-14,-3.122046149368491e-17,-0.007595178526310427,0.007615198244380476,-9.799998327981635,-3.8971939770313855e-08,-3.2716420633500932e-09,-8.477498007398063e-06,0.7999675453015745,1.2947837701866328e-11,0.0,0.0,0.0,2.0537471125437129e-16,-5.49231299033053e-10,3.2832661558949807,-3.286253415734408,0.002987259839865103,-4.3705694883178193e-13,-5.492307384012973e-10
104.66,1.7927621698692184e-10,-1.5700000025964822,1.5700000004830483,-1.5699999999773633,-1.569999999999997,-1.6272452866723278e-17,-1.9919566706164056e-09,2.89050368299656e-08,-5.2277899644415765e-09,-7.682231163398379e-11,-9.722038840167705e-14,3.589238400403416e-17,-0.007627950506791347,0.007647443751886977,-9.799997732396179,-2.5312731270661113e-08,-5.833413274508764e-09,-5.872326852835801e-06,0.7999576651847812,1.2947560404182159e-11,0.0,0.0,0.0,-3.794293386848859e-16,-4.366404850764552e-10,3.2832256054857667,-3.286212830719707,0.0029872252342884225,-3.4777844772044025e-13,-4.3664184145028225e-10
104.68,1.4521375738910878e-10,-1.5700000021022065,1.5700000003936532,-1.5699999999786756,-1.569999999999997,-1.5439739144618388e-17,-1.613485082781221e-09,2.341307467480033e-08,-4.234517862113231e-09,-6.223406697073221e-11,-9.738745662205337e-14,3.649630133142877e-17,-0.0076529992163680265,0.007671314866185973,-9.79999699573828,-1.6411943706392775e-08,-7.749362945523718e-09,-3.5721078344850648e-06,0.7999475627464262,1.294722558983177e-11,0.0,0.0,0.0,-1.1919558584882923e-15,-3.4544202943465705e-10,3.2831841426035338,-3.286171331966805,0.002987189363545996,-2.75157438249974e-13,-3.4544499763086264e-10
104.7,1.176231629267118e-10,-1.5700000017018425,1.5700000003212444,-1.5699999999797392,-1.569999999999997,-1.4331001321232108e-17,-1.3069229123195336e-09,1.8964588771099715e-08,-3.429961504993014e-09,-5.042136510962152e-11,-9.753597871829169e-14,8.618238012689824e-17,-0.007671987221368484,0.007688552036154159,-9.799996210145661,-1.08523124182442e-08,-9.048206663936518e-09,-1.5773598218196066e-06,0.799938379058949,1.2946816067667725e-11,0.0,0.0,0.0,-2.423799997669072e-15,-2.715706531261588e-10,3.2831464504958245,-3.2861336070669194,0.002987156571311728,-2.1665169453181564e-13,-2.715747643351223e-10
104.72,9.52747785063714e-11,-1.5700000013775484,1.5700000002625936,-1.5699999999806007,-1.569999999999997,-1.290526776828971e-17,-1.058607641065888e-09,1.5361315576147766e-08,-2.778282789455175e-09,-4.0851238788583606e-11,-9.77138998843565e-14,9.60267163348417e-17,-0.007686320813230495,0.007700707922403006,-9.799995440661846,-7.541598904104813e-09,-9.80147819762991e-09,1.1522230012810185e-07,0.7999317782112878,1.2946415078682991e-11,0.0,0.0,0.0,-3.816071186032436e-15,-2.117392511094e-10,3.2831193589998477,-3.28610649213832,0.0029871331386387323,-1.6881635725432838e-13,-2.1174448814483353e-10
104.74,7.717258558085048e-11,-1.5700000011148696,1.570000000215085,-1.5699999999813,-1.569999999999997,-1.1479300358292192e-17,-8.574720799956868e-10,1.2442672830125145e-08,-2.2504161456581043e-09,-3.3079742173669197e-11,-9.778974224691085e-14,6.529265503251629e-17,-0.007697149652799954,0.00770909999446684,-9.799994729617888,-5.66709138284442e-09,-1.0101572317065252e-08,1.5150824368369578e-06,0.7999300313455343,1.2946120975961851e-11,0.0,0.0,0.0,-5.084682743197219e-15,-1.632793955929332e-10,3.2831121894499518,-3.28609931705057,0.002987127600745393,-1.3070985015982718e-13,-1.632851907562371e-10
104.76,6.250980687313754e-11,-1.5700000009020998,1.5700000001766046,-1.5699999999818663,-1.569999999999997,-1.0035467648145916e-17,-6.945525028511622e-10,1.0078563616750394e-08,-1.8228470464820359e-09,-2.6795840531350297e-11,-9.788579270415645e-14,5.2064374197966994e-17,-0.007705383710856216,0.00771479742590073,-9.799994101301435,-4.646701223651862e-09,-1.0045884189042769e-08,2.6379918550252303e-06,0.7999360716501327,1.2946002762669419e-11,0.0,0.0,0.0,-6.125962856675305e-15,-1.240226503139052e-10,3.283136980383456,-3.286124131338134,0.0029871509547765855,-9.87681195494078e-14,-1.2403064130237196e-10
104.78,5.063295478918896e-11,-1.5700000007297554,1.570000000145434,-1.569999999982326,-1.569999999999997,-8.611544946835145e-18,-5.62587803999046e-10,8.163628767608865e-09,-1.4765241236478654e-09,-2.1688995788323412e-11,-9.797156044167406e-14,7.659887252595777e-17,-0.007711720997309398,0.00771863187317372,-9.79999356643277,-4.081220699975367e-09,-9.726109064609169e-09,3.505004253549221e-06,0.7999534971800523,1.2946189980686863e-11,0.0,0.0,0.0,-6.568028765954678e-15,-9.222850970078059e-11,3.283208499115393,-3.2861957157876405,0.002987216672322828,-7.347035750660346e-14,-9.223481129148966e-11
104.8,4.101270339939663e-11,-1.5700000005901582,1.5700000001201853,-1.5699999999826968,-1.569999999999997,-7.260659965926566e-18,-4.5569616226828573e-10,6.612536357808983e-09,-1.1959707206947499e-09,-1.7558900855760737e-11,-9.799547206803773e-14,8.825184785449424e-18,-0.007716681043793643,0.007721223640381295,-9.799993126151273,-3.7106989049773816e-09,-9.221714195274922e-09,4.1408325868051265e-06,0.7999864919751544,1.294683397395985e-11,0.0,0.0,0.0,-5.980371229365815e-15,-6.647742682848879e-11,3.283343917988666,-3.2863312583950166,0.002987340406401399,-5.327245478771988e-14,-6.648225258725291e-11
104.82,3.3220298622019994e-11,-1.5700000004770842,1.5700000000997327,-1.5699999999829966,-1.569999999999997,-5.999624252224988e-18,-3.691139733999217e-10,5.3561634919397405e-09,-9.68730249518674e-10,-1.4228315203256218e-11,-9.806796078897756e-14,5.991838731932353e-17,-0.007720640478554322,0.007723016665653411,-9.799992775358852,-3.3766113556812237e-09,-8.596632400491618e-09,4.57210465445063e-06,0.800039629668946,1.2948019712299013e-11,0.0,0.0,0.0,-4.307954549596229e-15,-4.5615608581813056e-11,3.2835620083354606,-3.2865495475948583,0.002987539259432016,-3.6280984165672273e-14,-4.561938360289973e-11
104.84,2.690845066445706e-11,-1.570000000385493,1.5700000000831682,-1.5699999999832408,-1.569999999999997,-5.00428814063166e-18,-2.989824722658609e-10,4.338488599084799e-09,-7.846774976172351e-10,-1.1519470343781116e-11,-9.815288644453409e-14,3.7323399225920536e-17,-0.007723868214648239,0.007724317538020027,-9.799992505377249,-2.9905377972625235e-09,-7.898335885359577e-09,4.825796651817901e-06,0.8001175184747713,1.2949758883837473e-11,0.0,0.0,0.0,-1.877406646808348e-15,-2.8717039176435652e-11,3.283881683412131,-3.2868695138706028,0.0029878304584967023,-2.293168508763167e-14,-2.8718650090405172e-11
104.86,2.1795852760599735e-11,-1.5700000003113057,1.5700000000697525,-1.5699999999834384,-1.569999999999997,-3.92187129977278e-18,-2.421757728284625e-10,3.5141704047836647e-09,-6.355967478719495e-10,-9.321269508323788e-12,-9.820820560073452e-14,7.359526577764835e-17,-0.007726558712439864,0.007725335249587317,-9.799992305951656,-2.509390656109306e-09,-7.158606856476039e-09,4.928023839114083e-06,0.8002242433143375,1.2951974413924972e-11,0.0,0.0,0.0,5.877959121780297e-16,-1.502377282359119e-11,3.284319708755664,-3.2873079380286403,0.0029882292729902556,-1.1748397580759528e-14,-1.5024873039692887e-11
104.88,1.7654647014323113e-11,-1.5700000002512138,1.5700000000588832,-1.5699999999835983,-1.569999999999997,-3.0574184999863257e-18,-1.9616235893654583e-10,2.846482296872809e-09,-5.148489549998862e-10,-7.544756706687836e-12,-9.823107830086333e-14,4.1986146442120186e-17,-0.007728862460825261,0.0077262195462904516,-9.799992166674057,-1.91681614005468e-09,-6.395486997555871e-09,4.903280218653634e-06,0.8003625615261295,1.2954567138248424e-11,0.0,0.0,0.0,2.3828932180428035e-15,-3.933118291677104e-12,3.2848874011706077,-3.2878761471824998,0.0029887460118955744,-3.076059001620055e-15,-3.930202249886692e-12
104.9,1.4300270591348899e-11,-1.5700000002025372,1.5700000000500791,-1.569999999983727,-1.569999999999997,-2.2090599242492856e-18,-1.5889148238167923e-10,2.305648237224372e-09,-4.170160701805623e-10,-6.1015455925949465e-12,-9.827006273728228e-14,5.325474479527853e-17,-0.00773091324367149,0.00772709654458525,-9.799992077916611,-1.2101728268902657e-09,-5.616048454029583e-09,4.77415829113955e-06,0.8005328150965566,1.2957484775947168e-11,0.0,0.0,0.0,3.23696445170482e-15,5.054184203795884e-12,3.2855861642546476,-3.2885755462169852,0.002989381962334045,3.779037867726347e-15,5.056710152281649e-12
104.92,1.1583225995221663e-11,-1.570000000163111,1.5700000000429493,-1.5699999999838314,-1.569999999999997,-1.5621228408810848e-18,-1.2870197801852287e-10,1.8675761811253782e-09,-3.377905996439421e-10,-4.946716434044736e-12,-9.806664141873653e-14,3.742657222295336e-17,-0.007732851930050333,0.0077281007361293345,-9.79999203136535,-3.924174086267813e-10,-4.819771124228693e-09,4.561538777203274e-06,0.8007315371414122,1.2960699594959694e-11,0.0,0.0,0.0,3.296228136601021e-15,1.2334932538427125e-11,3.286401769051224,-3.289391893237491,0.002990124186256995,9.391772437535404e-15,1.2337962069390567e-11
104.94,9.382421568415035e-12,-1.5700000001311742,1.570000000037174,-1.5699999999839158,-1.569999999999997,-1.0230267584946964e-18,-1.0424870208468303e-10,1.512726764944746e-09,-2.736196358357445e-10,-4.0142288838262555e-12,-9.811733800315933e-14,1.28367663244606e-17,-0.007734832803698834,0.007729386284345742,-9.799992020328371,5.319692933526904e-10,-4.002104262133818e-09,4.285061659128403e-06,0.8009497562074734,1.2964179193431068e-11,0.0,0.0,0.0,3.11471257967331e-15,1.8238711977422253e-11,3.2872973944808104,-3.290288333669514,0.0029909391886887935,1.521574426443232e-14,1.824102638042979e-11
104.96,7.599768926538575e-12,-1.5700000001053085,1.5700000000324954,-1.5699999999839849,-1.569999999999997,-2.7116173211967294e-19,-8.444152588761468e-11,1.2253122867359755e-09,-2.2163904596350324e-10,-3.259255862120709e-12,-9.824130469145273e-14,3.796306750618484e-17,-0.0077369886279949705,0.007731088145960285,-9.79999204006454,1.5583989965512317e-09,-3.1571589800198684e-09,3.96338019325114e-06,0.8011710418103427,1.2967765292307869e-11,0.0,0.0,0.0,3.214489879773012e-15,2.3019731606086416e-11,3.2882056057411084,-3.2911973713607026,0.0029917656195753146,1.9042017455953042e-14,2.3023301887383103e-11
104.98,6.155819004457247e-12,-1.570000000084354,1.570000000028705,-1.5699999999840402,-1.569999999999997,2.816043480299098e-19,-6.839769189852977e-11,9.924986505065816e-10,-1.7953933715687318e-10,-2.6378183843766884e-12,-9.824755337334241e-14,5.9874717973245024e-18,-0.00773937864862488,0.007733259840945648,-9.79999208808059,2.6823620951895957e-09,-2.2786888245606597e-09,3.613861210104325e-06,0.8013693913150743,1.297109151688489e-11,0.0,0.0,0.0,3.866684636170735e-15,2.690205741947033e-11,3.2890196815386092,-3.2920121879217605,0.0029925063831315467,2.078247214465611e-14,2.6905835134232922e-11
105.0,4.9862186033024186e-12,-1.5700000000673808,1.5700000000256342,-1.5699999999840868,-1.569999999999997,9.026393650827582e-19,-5.540212763934917e-11,8.039162520134397e-10,-1.4541115070957434e-10,-2.12701973388776e-12,-9.83213288448626e-14,4.511902539014971e-17,-0.007741978179244157,0.007735857586273977,-9.799992164076684,3.898722317918833e-09,-1.3599156684467076e-09,3.251995106982097e-06,0.801507134119295,1.2973636432175882e-11,0.0,0.0,0.0,5.52548815972978e-15,3.0041349308586413e-11,3.2895850123338044,-3.2925780331455665,0.0029930208117405588,2.3930494337829088e-14,3.004874348526393e-11
105.02,4.0388413691553e-12,-1.570000000053634,1.5700000000231495,-1.5699999999841243,-1.569999999999997,1.097349338540878e-18,-4.487576827677478e-11,6.511717623506097e-10,-1.1778876638596443e-10,-1.7050658662377816e-12,-9.836300375539686e-14,1.758156261959516e-17,-0.007744710659927929,0.0077387747641096535,-9.799992269503633,5.199502791032677e-09,-3.934537480751815e-10,2.890918504539379e-06,0.8015331253292304,1.297465342248833e-11,0.0,0.0,0.0,8.60111966456605e-15,3.258999967956239e-11,3.2896916867375126,-3.292684804658391,0.0029931179208530284,2.5492599473513493e-14,3.2598066870909016e-11
105.04,3.271464917376432e-12,-1.5700000000425007,1.5700000000211356,-1.5699999999841534,-1.569999999999997,1.0715721134254993e-18,-3.6349413516141134e-11,5.274485039322822e-10,-9.542892056290994e-11,-1.3718708091088337e-12,-9.838990935780005e-14,2.3549672393526478e-17,-0.007747481748622042,0.007741880822576413,-9.799992406941312,6.569802842293693e-09,6.279615070695297e-10,2.541167548423627e-06,0.8013816170690428,1.2973063309155386e-11,0.0,0.0,0.0,1.3004688767150634e-14,3.4642227089660325e-11,3.289069859083115,-3.2920624112774663,0.002992552194323286,2.751768232303571e-14,3.465514280719537e-11
105.059,2.649889656476496e-12,-1.5700000000334813,1.5700000000195036,-1.5699999999841778,-1.569999999999997,1.2374498538098714e-18,-2.9443048167921806e-11,4.2723986362472955e-10,-7.728781147713697e-11,-1.105773620550604e-12,-9.839797915902708e-14,6.526637116175727e-18,-0.007750200510094668,0.007745046557601303,-9.79999257937965,7.982095874663027e-09,1.7097686972064146e-09,2.210642793048698e-06,0.8009988074473225,1.2967878028213626e-11,0.0,0.0,0.0,1.811769481063001e-14,3.6299323494700946e-11,3.2874987130009887,-3.2904898357257806,0.0029911227247623033,2.9131480356743976e-14,3.631761904697523e-11
105.079,2.1464130923828808e-12,-1.5700000000261738,1.5700000000181824,-1.5699999999841956,-1.569999999999997,1.1852623802475057e-18,-2.3848905079518483e-11,3.4606040307930263e-10,-6.261075878228045e-11,-9.05775289859852e-13,-9.841630883552828e-14,-8.423671626308914e-18,-0.007752791142916954,0.007748158935124111,-9.79999278937399,9.389390458197289e-09,2.8528906387518006e-09,1.9047506282300016e-06,0.8004240748937133,1.2959503554893992e-11,0.0,0.0,0.0,2.2750828642030298e-14,3.762180524478217e-11,3.2851398673794434,-3.2881288439416987,0.002988976562225514,3.047472355606726e-14,3.7645622452508786e-11
105.1,1.7385966242355374e-12,-1.5700000000202563,1.5700000000171122,-1.5699999999842111,-1.569999999999997,1.1224040173586861e-18,-1.9317620059066008e-11,2.802907677052161e-10,-5.070911686372184e-11,-7.281827059045394e-13,-9.847101326501189e-14,-9.311518388769617e-19,-0.007755198038147337,0.007751128218315657,-9.79999303804363,1.0717852053647741e-08,4.050131948987041e-09,1.6266701187279533e-06,0.7998226335694218,1.2950343402398306e-11,0.0,0.0,0.0,2.5545279969976913e-14,3.8689018013341453e-11,3.2826714023071317,-3.2856581329646093,0.0029867306574467892,3.117986283820294e-14,3.871234333955245e-11
105.12,1.4082651150763225e-12,-1.5700000000154624,1.570000000016244,-1.5699999999842245,-1.569999999999997,1.1478608288939136e-18,-1.5647282387402815e-11,2.2704448017186083e-10,-4.107237596151541e-11,-5.949494876191472e-13,-9.848712964597289e-14,2.738972820975501e-17,-0.0077573863686868525,0.007753889715907938,-9.799993323889336,1.1859703062711685e-08,5.281835407915283e-09,1.3776929468660459e-06,0.799365652355572,1.2942942452270848e-11,0.0,0.0,0.0,2.540050622849847e-14,3.955012143381939e-11,3.280795837527134,-3.283780861724491,0.002985024197324853,3.204109412283611e-14,3.957472321331022e-11
105.14,1.140696358807401e-12,-1.570000000011581,1.5700000000155423,-1.5699999999842331,-1.569999999999997,1.2628851978368541e-18,-1.2674305743056878e-11,1.8390127149929327e-10,-3.327859561438231e-11,-4.839568749982989e-13,-9.849764204335807e-14,9.033235702155113e-19,-0.007759339882857504,0.007756402016751777,-9.799993641427823,1.2667548815243036e-08,6.511118609339464e-09,1.1575910892386385e-06,0.7991080907567032,1.293800960412742e-11,0.0,0.0,0.0,2.1472431094562786e-14,4.024936827839778e-11,3.279738740541893,-3.2827228029566435,0.0029840624147196523,3.23610853256562e-14,4.027013095893045e-11
105.16,9.23965305552533e-13,-1.5700000000084369,1.570000000014974,-1.5699999999842422,-1.569999999999997,1.1798464166860793e-18,-1.0266231689373572e-11,1.4897364410175884e-10,-2.6950338280436535e-11,-3.951903950041998e-13,-9.848986191879117e-14,-1.6550684335105152e-17,-0.007761057129780688,0.00775864315637735,-9.799993979679721,1.2951729584252184e-08,7.679242565129677e-09,9.649774372924026e-07,0.7990144566251338,1.2934834963657264e-11,0.0,0.0,0.0,1.3158367805884097e-14,4.081872363503815e-11,3.279354442732766,-3.2823381555068574,0.0029837127740585637,3.294226551577539e-14,4.083134975229521e-11
105.18,7.484128983779883e-13,-1.57000000000589,1.5700000000145142,-1.5699999999842489,-1.569999999999997,1.0247202416389774e-18,-8.315624333832347e-12,1.2066294476427308e-10,-2.1843365599219255e-11,-3.06142000028453e-13,-9.85163352742688e-14,1.438578656384712e-17,-0.0077625469808688275,0.007760605793657634,-9.799994320605414,1.2482923848559754e-08,8.70201625370594e-09,7.976359752572311e-07,0.7990334498864916,1.2932417921745225e-11,0.0,0.0,0.0,-3.2797563187233814e-16,4.128047820061447e-11,3.279432395810677,-3.282416179519732,0.0029837837090231855,3.3263258938095966e-14,4.1280327646048454e-11
105.2,6.062153184901977e-13,-1.5700000000038272,1.570000000014139,-1.569999999984253,-1.569999999999997,9.33117712907892e-19,-6.735685488649843e-12,9.774799590989279e-11,-1.769102851923452e-11,-2.619994825213134e-13,-9.850046515068887e-14,-5.085508732421487e-18,-0.007763824031690648,0.0077622921783435835,-9.799994637685016,1.1003125603764957e-08,9.468698050176725e-09,6.528087153214184e-07,0.7991231206449076,1.2929804239129594e-11,0.0,0.0,0.0,-2.0315654300731538e-14,4.165362964356251e-11,3.2798004269491514,-3.282784545518186,0.002984118569000293,3.2680196835274826e-14,4.1632692945839225e-11
105.22,4.91035074207544e-13,-1.5700000000021552,1.570000000013837,-1.5699999999842578,-1.569999999999997,7.838161395015629e-19,-5.4559046905577374e-12,7.918503513366822e-11,-1.4315987606078211e-11,-2.174721306533989e-13,-9.84523599964373e-14,-1.1688274227201401e-17,-0.007764904274641354,0.007763709472199695,-9.799994895036072,8.249576528673609e-09,9.845857820973666e-09,5.274355105452519e-07,0.799250889123321,1.2926115168294801e-11,0.0,0.0,0.0,-4.853409620308223e-14,4.1951069253621464e-11,3.2803248206243323,-3.2833094163179664,0.002984595693601265,3.397863700213865e-14,4.190164781067786e-11
105.24,3.977388118240154e-13,-1.5700000000008008,1.5700000000135927,-1.5699999999842622,-1.569999999999997,5.701194752328219e-19,-4.419318721793463e-12,6.413050455360365e-11,-1.1607001036340414e-11,-1.72995001463258e-13,-9.849246598626593e-14,-2.9432543997068767e-17,-0.0077658026664920035,0.007764867328379495,-9.799995049247308,4.000223194081229e-09,9.693761578432366e-09,4.183549504423829e-07,0.7993928072838875,1.2920574683151873e-11,0.0,0.0,0.0,-8.690327943975224e-14,4.218035966317914e-11,3.2809072881211114,-3.283892413776482,0.002985125655337165,3.365312780862287e-14,4.209310138201823e-11
105.26,3.2216853735422754e-13,-1.569999999999704,1.5700000000133951,-1.5699999999842666,-1.569999999999997,6.345637186664966e-19,-3.5796611036668306e-12,5.19405832284293e-11,-9.408163367440198e-12,-1.2777405709754238e-13,-9.854555364749216e-14,2.6311373790609945e-17,-0.007766535134653656,0.00776578123527676,-9.799995061494162,-1.8230442932099052e-09,8.914673654101319e-09,3.225064620508713e-07,0.7995323936705504,1.2912634289233898e-11,0.0,0.0,0.0,-1.3680374810998722e-13,4.235359992354937e-11,3.28148018543669,-3.284465832345427,0.0029856469087026294,3.335632825478161e-14,4.221652987765663e-11
105.28,2.6095701610358273e-13,-1.5699999999988157,1.5700000000132353,-1.5699999999842666,-1.569999999999997,5.960755519702289e-19,-2.8995094435652042e-12,4.20592347340343e-11,-7.63246666397212e-12,-1.063821652064625e-13,-9.854564815427949e-14,2.3204987059456238e-17,-0.0077671230138564125,0.0077664794645547945,-9.799994920348482,-9.017432992654285e-09,7.522925032287579e-09,2.3716830567538716e-07,0.7996592883079489,1.290212230073078e-11,0.0,0.0,0.0,-1.9824720247923792e-13,4.248085129995984e-11,3.282000992650511,-3.284987113417775,0.002986120767228954,3.3334730960483485e-14,4.228304799755643e-11
105.3,2.113753923720101e-13,-1.5699999999980965,1.5700000000131042,-1.5699999999842666,-1.569999999999997,6.31035640480641e-19,-2.3485993985459037e-12,3.4065619802662517e-11,-6.189196503614233e-12,-1.0631672728396768e-13,-9.849637824406057e-14,-2.083146994331533e-18,-0.00776759433202543,0.0077670043452733725,-9.799994652461145,-1.7116957721128468e-08,5.660799387021729e-09,1.6016486489853714e-07,0.799767900265255,1.2889328093869766e-11,0.0,0.0,0.0,-2.693743271272876e-13,4.257318260663918e-11,3.2824467631892076,-3.285433289542435,0.0029865263531900677,3.37599872032622e-14,4.230247639840499e-11
105.32,1.7121430307444577e-13,-1.5699999999975145,1.5700000000129977,-1.5699999999842666,-1.569999999999997,6.958010920789934e-19,-1.902364408664099e-12,2.76041617243736e-11,-5.012353397120634e-12,-1.0638129929819233e-13,-9.85677923418605e-14,1.4724867490773366e-17,-0.007767980801460806,0.0077674051379442695,-9.799994307938096,-2.5601601758276006e-08,3.534360699625465e-09,8.996048451131079e-08,0.7998561589343192,1.2875106425698349e-11,0.0,0.0,0.0,-3.4584588357818307e-13,4.263112550465827e-11,3.2828089987609532,-3.2857958546955275,0.0029868559345404668,3.338087893153452e-14,4.228590123418588e-11
